timestamp,42945,85295,87579,87587,87588
0,0.18421052631578946,0.95,0.9423076923076923,0.6666666666666666,0.5555555555555556
300,0.0,0.95,0.9038461538461539,0.6333333333333333,0.4166666666666667
600,0.13157894736842105,0.95,0.9038461538461539,0.6333333333333333,0.3333333333333333
900,0.13157894736842105,0.95,0.9038461538461539,0.6333333333333333,0.3333333333333333
1200,0.11842105263157894,0.95,0.8846153846153846,0.6,0.3055555555555556
1500,0.11842105263157894,0.9,0.9038461538461539,0.6,0.3333333333333333
1800,0.09210526315789473,0.9,0.9423076923076923,0.5666666666666667,0.3055555555555556
2100,0.10526315789473684,0.9,0.9423076923076923,0.5333333333333333,0.2777777777777778
2400,0.10526315789473684,0.9,0.9423076923076923,0.5666666666666667,0.2777777777777778
2700,0.11842105263157894,0.9,0.9423076923076923,0.5666666666666667,0.3333333333333333
3000,0.09210526315789473,0.9,0.9423076923076923,0.5333333333333333,0.25
3300,0.10526315789473684,0.95,0.9230769230769231,0.5,0.25
3600,0.10526315789473684,0.95,0.9230769230769231,0.5,0.19444444444444445
3900,0.07894736842105263,0.95,0.9038461538461539,0.5666666666666667,0.25
4200,0.09210526315789473,0.95,0.9038461538461539,0.5,0.2777777777777778
4500,0.07894736842105263,0.95,0.9038461538461539,0.4666666666666667,0.2222222222222222
4800,0.07894736842105263,0.95,0.9230769230769231,0.4666666666666667,0.2777777777777778
5100,0.09210526315789473,0.95,0.9038461538461539,0.5,0.2222222222222222
5400,0.11842105263157894,0.95,0.9038461538461539,0.5333333333333333,0.2777777777777778
5700,0.18421052631578946,0.9,0.9423076923076923,0.5333333333333333,0.3333333333333333
6000,0.2236842105263158,0.9,0.9423076923076923,0.5333333333333333,0.3055555555555556
6300,0.23684210526315788,0.9,0.9038461538461539,0.5666666666666667,0.3055555555555556
6600,0.2631578947368421,0.9,0.8846153846153846,0.5666666666666667,0.3055555555555556
6900,0.27631578947368424,0.9,0.8846153846153846,0.5666666666666667,0.25
7200,0.2631578947368421,0.9,0.8846153846153846,0.5333333333333333,0.3055555555555556
7500,0.23684210526315788,0.9,0.8846153846153846,0.5333333333333333,0.3333333333333333
7800,0.25,0.95,0.8653846153846154,0.5333333333333333,0.4444444444444444
8100,0.25,0.9,0.8653846153846154,0.5333333333333333,0.4444444444444444
8400,0.23684210526315788,0.85,0.8653846153846154,0.5333333333333333,0.4722222222222222
8700,0.19736842105263158,0.85,0.8653846153846154,0.5,0.5
9000,0.17105263157894737,0.85,0.8653846153846154,0.5,0.4444444444444444
9300,0.18421052631578946,0.85,0.8653846153846154,0.43333333333333335,0.5277777777777778
9600,0.15789473684210525,0.85,0.9038461538461539,0.43333333333333335,0.5277777777777778
9900,0.13157894736842105,0.85,0.9038461538461539,0.43333333333333335,0.5555555555555556
10200,0.15789473684210525,0.85,0.9038461538461539,0.43333333333333335,0.5555555555555556
10500,0.14473684210526316,0.85,0.9038461538461539,0.4,0.5833333333333334
10800,0.15789473684210525,0.85,0.8846153846153846,0.4,0.5555555555555556
11100,0.15789473684210525,0.9,0.8846153846153846,0.3333333333333333,0.5277777777777778
11400,0.15789473684210525,0.9,0.8846153846153846,0.43333333333333335,0.5
11700,0.15789473684210525,0.95,0.8846153846153846,0.4,0.4166666666666667
12000,0.14473684210526316,0.95,0.8846153846153846,0.36666666666666664,0.4166666666666667
12300,0.14473684210526316,0.95,0.8846153846153846,0.5,0.4166666666666667
12600,0.14473684210526316,0.95,0.8846153846153846,0.43333333333333335,0.4166666666666667
12900,0.14473684210526316,0.95,0.8846153846153846,0.43333333333333335,0.4166666666666667
13200,0.14473684210526316,0.95,0.8846153846153846,0.43333333333333335,0.3055555555555556
13500,0.15789473684210525,0.95,0.8846153846153846,0.4666666666666667,0.3055555555555556
13800,0.14473684210526316,0.95,0.9038461538461539,0.43333333333333335,0.2777777777777778
14100,0.14473684210526316,0.95,0.9038461538461539,0.43333333333333335,0.2777777777777778
14400,0.11842105263157894,0.95,0.9038461538461539,0.4666666666666667,0.2777777777777778
14700,0.11842105263157894,0.95,0.9038461538461539,0.43333333333333335,0.2222222222222222
15000,0.11842105263157894,0.95,0.9038461538461539,0.43333333333333335,0.25
15300,0.11842105263157894,0.95,0.9230769230769231,0.43333333333333335,0.25
15600,0.11842105263157894,0.95,0.9230769230769231,0.4666666666666667,0.2777777777777778
15900,0.09210526315789473,0.95,0.9230769230769231,0.4666666666666667,0.3333333333333333
16200,0.10526315789473684,0.95,0.9038461538461539,0.5,0.3333333333333333
16500,0.10526315789473684,0.95,0.9038461538461539,0.5333333333333333,0.3611111111111111
16800,0.13157894736842105,0.95,0.9038461538461539,0.5,0.3611111111111111
17100,0.13157894736842105,0.95,0.9038461538461539,0.5,0.3333333333333333
17400,0.13157894736842105,0.95,0.9038461538461539,0.5,0.3333333333333333
17700,0.14473684210526316,0.95,0.8846153846153846,0.5,0.3611111111111111
18000,0.14473684210526316,0.95,0.8461538461538461,0.5,0.3888888888888889
18300,0.13157894736842105,0.95,0.8461538461538461,0.5,0.4722222222222222
18600,0.13157894736842105,0.95,0.8461538461538461,0.5,0.4444444444444444
18900,0.13157894736842105,0.95,0.8461538461538461,0.5333333333333333,0.4444444444444444
19200,0.13157894736842105,0.95,0.8269230769230769,0.5333333333333333,0.4444444444444444
19500,0.13157894736842105,0.95,0.8269230769230769,0.5333333333333333,0.3888888888888889
19800,0.14473684210526316,0.95,0.8269230769230769,0.5333333333333333,0.3611111111111111
20100,0.15789473684210525,0.95,0.8269230769230769,0.5333333333333333,0.3888888888888889
20400,0.15789473684210525,0.95,0.8461538461538461,0.5,0.3888888888888889
20700,0.17105263157894737,0.95,0.8269230769230769,0.5,0.4166666666666667
21000,0.17105263157894737,0.95,0.8461538461538461,0.5333333333333333,0.3888888888888889
21300,0.17105263157894737,0.95,0.8461538461538461,0.5333333333333333,0.4166666666666667
21600,0.15789473684210525,0.95,0.8461538461538461,0.5,0.4166666666666667
21900,0.17105263157894737,0.95,0.8461538461538461,0.5,0.4444444444444444
22200,0.15789473684210525,0.95,0.8269230769230769,0.5,0.5
22500,0.17105263157894737,0.95,0.8076923076923077,0.5,0.4722222222222222
22800,0.15789473684210525,0.95,0.7884615384615384,0.5,0.3888888888888889
23100,0.17105263157894737,0.95,0.8076923076923077,0.43333333333333335,0.3333333333333333
23400,0.19736842105263158,0.95,0.8269230769230769,0.4666666666666667,0.3333333333333333
23700,0.19736842105263158,0.95,0.8076923076923077,0.43333333333333335,0.2777777777777778
24000,0.18421052631578946,0.95,0.7884615384615384,0.43333333333333335,0.4166666666666667
24300,0.21052631578947367,0.9,0.8076923076923077,0.43333333333333335,0.3333333333333333
24600,0.17105263157894737,0.9,0.8076923076923077,0.4,0.2777777777777778
24900,0.17105263157894737,0.9,0.7884615384615384,0.43333333333333335,0.2777777777777778
25200,0.17105263157894737,0.9,0.7884615384615384,0.43333333333333335,0.2222222222222222
25500,0.17105263157894737,0.9,0.7692307692307693,0.43333333333333335,0.25
25800,0.19736842105263158,0.9,0.7692307692307693,0.4666666666666667,0.16666666666666666
26100,0.19736842105263158,0.8,0.7692307692307693,0.43333333333333335,0.2222222222222222
26400,0.19736842105263158,0.8,0.8269230769230769,0.4666666666666667,0.16666666666666666
26700,0.19736842105263158,0.75,0.8269230769230769,0.5333333333333333,0.16666666666666666
27000,0.23684210526315788,0.7,0.8269230769230769,0.5333333333333333,0.16666666666666666
27300,0.23684210526315788,0.75,0.8269230769230769,0.5,0.2222222222222222
27600,0.25,0.8,0.8269230769230769,0.4666666666666667,0.19444444444444445
27900,0.2894736842105263,0.8,0.8269230769230769,0.4666666666666667,0.2222222222222222
28200,0.2631578947368421,0.8,0.8461538461538461,0.5,0.3333333333333333
28500,0.2631578947368421,0.8,0.8461538461538461,0.5,0.3888888888888889
28800,0.3157894736842105,0.9,0.8461538461538461,0.5333333333333333,0.4722222222222222
29100,0.3026315789473684,0.9,0.8269230769230769,0.5333333333333333,0.5
29400,0.32894736842105265,0.9,0.8269230769230769,0.5666666666666667,0.5833333333333334
29700,0.32894736842105265,0.9,0.8461538461538461,0.5666666666666667,0.6111111111111112
30000,0.35526315789473684,0.9,0.8461538461538461,0.5666666666666667,0.6388888888888888
30300,0.35526315789473684,0.85,0.8461538461538461,0.5666666666666667,0.7222222222222222
30600,0.35526315789473684,0.85,0.8461538461538461,0.5666666666666667,0.6944444444444444
30900,0.35526315789473684,0.75,0.8461538461538461,0.5333333333333333,0.6944444444444444
31200,0.3684210526315789,0.75,0.8269230769230769,0.6,0.7222222222222222
31500,0.35526315789473684,0.75,0.8653846153846154,0.6333333333333333,0.75
31800,0.34210526315789475,0.75,0.8846153846153846,0.6333333333333333,0.75
32100,0.3684210526315789,0.8,0.8846153846153846,0.6333333333333333,0.75
32400,0.3815789473684211,0.85,0.9038461538461539,0.6333333333333333,0.75
32700,0.32894736842105265,0.8,0.8846153846153846,0.6333333333333333,0.8333333333333334
33000,0.3684210526315789,0.8,0.8846153846153846,0.6333333333333333,0.8333333333333334
33300,0.3815789473684211,0.75,0.8653846153846154,0.6333333333333333,0.8333333333333334
33600,0.35526315789473684,0.75,0.8461538461538461,0.6333333333333333,0.8333333333333334
33900,0.3815789473684211,0.7,0.8461538461538461,0.7,0.8333333333333334
34200,0.3684210526315789,0.7,0.8269230769230769,0.7,0.8611111111111112
34500,0.4342105263157895,0.7,0.8269230769230769,0.7,0.8611111111111112
34800,0.4473684210526316,0.7,0.8461538461538461,0.7,0.8611111111111112
35100,0.4342105263157895,0.7,0.8461538461538461,0.7,0.8611111111111112
35400,0.4473684210526316,0.65,0.8269230769230769,0.7,0.8611111111111112
35700,0.4473684210526316,0.65,0.8269230769230769,0.7333333333333333,0.8888888888888888
36000,0.4605263157894737,0.65,0.8269230769230769,0.7666666666666667,0.8888888888888888
36300,0.47368421052631576,0.65,0.8076923076923077,0.7666666666666667,0.8888888888888888
36600,0.47368421052631576,0.6,0.8076923076923077,0.7333333333333333,0.8888888888888888
36900,0.4868421052631579,0.7,0.8076923076923077,0.7333333333333333,0.8888888888888888
37200,0.4605263157894737,0.7,0.8461538461538461,0.7333333333333333,0.8888888888888888
37500,0.4342105263157895,0.7,0.8269230769230769,0.7333333333333333,0.8888888888888888
37800,0.5131578947368421,0.7,0.8269230769230769,0.7666666666666667,0.8888888888888888
38100,0.5,0.7,0.8269230769230769,0.7666666666666667,0.8888888888888888
38400,0.5131578947368421,0.65,0.8269230769230769,0.7666666666666667,0.8888888888888888
38700,0.4868421052631579,0.65,0.8269230769230769,0.7666666666666667,0.8888888888888888
39000,0.0,0.0,0.8269230769230769,0.7666666666666667,0.9166666666666666
39300,0.5,0.75,0.8269230769230769,0.7,0.9166666666666666
39600,0.5,0.8,0.8269230769230769,0.7,0.8888888888888888
39900,0.5394736842105263,0.85,0.8461538461538461,0.7333333333333333,0.8888888888888888
40200,0.5394736842105263,0.85,0.8269230769230769,0.7333333333333333,0.8888888888888888
40500,0.5526315789473685,0.8,0.8653846153846154,0.7333333333333333,0.8888888888888888
40800,0.5394736842105263,0.8,0.8653846153846154,0.7333333333333333,0.8888888888888888
41100,0.5526315789473685,0.8,0.8653846153846154,0.7333333333333333,0.8888888888888888
41400,0.6052631578947368,0.8,0.8653846153846154,0.7333333333333333,0.8611111111111112
41700,0.5921052631578947,0.75,0.8846153846153846,0.7666666666666667,0.8611111111111112
42000,0.5789473684210527,0.75,0.8461538461538461,0.7666666666666667,0.8888888888888888
42300,0.5921052631578947,0.65,0.8461538461538461,0.7666666666666667,0.8888888888888888
42600,0.5921052631578947,0.65,0.8461538461538461,0.7666666666666667,0.8888888888888888
42900,0.5,0.7,0.8076923076923077,0.7666666666666667,0.8888888888888888
43200,0.5526315789473685,0.85,0.8076923076923077,0.7333333333333333,0.8888888888888888
43500,0.5,0.9,0.8076923076923077,0.7666666666666667,0.8611111111111112
43800,0.5263157894736842,0.9,0.8269230769230769,0.7333333333333333,0.8333333333333334
44100,0.5,0.95,0.8269230769230769,0.7,0.8333333333333334
44400,0.4605263157894737,0.95,0.8461538461538461,0.7666666666666667,0.8333333333333334
44700,0.5,0.95,0.8653846153846154,0.7666666666666667,0.8055555555555556
45000,0.4868421052631579,0.9,0.8653846153846154,0.7666666666666667,0.7777777777777778
45300,0.4868421052631579,0.9,0.8846153846153846,0.7666666666666667,0.7777777777777778
45600,0.5,0.85,0.8461538461538461,0.7666666666666667,0.7777777777777778
45900,0.5131578947368421,0.8,0.8461538461538461,0.7666666666666667,0.7222222222222222
46200,0.4868421052631579,0.8,0.8269230769230769,0.8,0.75
46500,0.5,0.8,0.7884615384615384,0.7666666666666667,0.7777777777777778
46800,0.5131578947368421,0.8,0.7884615384615384,0.7333333333333333,0.75
47100,0.4473684210526316,0.8,0.7884615384615384,0.7333333333333333,0.75
47400,0.5263157894736842,0.75,0.7692307692307693,0.7333333333333333,0.75
47700,0.5657894736842105,0.75,0.7884615384615384,0.8,0.75
48000,0.5526315789473685,0.9,0.7884615384615384,0.8,0.7222222222222222
48300,0.5921052631578947,0.85,0.7692307692307693,0.7333333333333333,0.75
48600,0.5921052631578947,0.85,0.7884615384615384,0.8,0.75
48900,0.5526315789473685,0.8,0.8076923076923077,0.8,0.7222222222222222
49200,0.5263157894736842,0.85,0.8269230769230769,0.8333333333333334,0.75
49500,0.5526315789473685,0.85,0.8461538461538461,0.8333333333333334,0.75
49800,0.631578947368421,0.85,0.8269230769230769,0.8333333333333334,0.7777777777777778
50100,0.5921052631578947,0.85,0.8269230769230769,0.8666666666666667,0.7777777777777778
50400,0.6447368421052632,0.85,0.8269230769230769,0.8666666666666667,0.8333333333333334
50700,0.631578947368421,0.85,0.8461538461538461,0.8666666666666667,0.8611111111111112
51000,0.631578947368421,0.95,0.8461538461538461,0.8666666666666667,0.8888888888888888
51300,0.6710526315789473,0.95,0.8461538461538461,0.8,0.8888888888888888
51600,0.6710526315789473,0.95,0.8269230769230769,0.7666666666666667,0.8888888888888888
51900,0.6447368421052632,0.95,0.8461538461538461,0.7666666666666667,0.9166666666666666
52200,0.6578947368421053,0.9,0.8461538461538461,0.7666666666666667,0.9166666666666666
52500,0.6842105263157895,0.85,0.8461538461538461,0.7666666666666667,0.9166666666666666
52800,0.6578947368421053,0.85,0.8846153846153846,0.8,0.9166666666666666
53100,0.6578947368421053,0.8,0.9038461538461539,0.8,0.9166666666666666
53400,0.6710526315789473,0.7,0.8846153846153846,0.8666666666666667,0.9166666666666666
53700,0.6973684210526315,0.7,0.8846153846153846,0.8666666666666667,0.9166666666666666
54000,0.6842105263157895,0.65,0.8653846153846154,0.7666666666666667,0.9166666666666666
54300,0.6710526315789473,0.65,0.8653846153846154,0.7666666666666667,0.9166666666666666
54600,0.6842105263157895,0.7,0.9038461538461539,0.7666666666666667,0.9166666666666666
54900,0.6578947368421053,0.75,0.8846153846153846,0.7666666666666667,0.9166666666666666
55200,0.6578947368421053,0.8,0.8846153846153846,0.8,0.9166666666666666
55500,0.6578947368421053,0.8,0.9038461538461539,0.8333333333333334,0.9166666666666666
55800,0.6842105263157895,0.85,0.8846153846153846,0.8333333333333334,0.9166666666666666
56100,0.6578947368421053,0.85,0.8846153846153846,0.8333333333333334,0.9166666666666666
56400,0.6447368421052632,0.9,0.9038461538461539,0.8,0.8888888888888888
56700,0.6447368421052632,0.85,0.8846153846153846,0.8,0.8888888888888888
57000,0.6578947368421053,0.9,0.8653846153846154,0.8,0.8888888888888888
57300,0.6973684210526315,0.85,0.8653846153846154,0.8333333333333334,0.8888888888888888
57600,0.7236842105263158,0.8,0.8653846153846154,0.8333333333333334,0.8611111111111112
57900,0.6842105263157895,0.65,0.8653846153846154,0.8,0.8611111111111112
58200,0.75,0.65,0.8653846153846154,0.8,0.8611111111111112
58500,0.7368421052631579,0.65,0.8461538461538461,0.8333333333333334,0.8611111111111112
58800,0.75,0.65,0.8653846153846154,0.8333333333333334,0.8611111111111112
59100,0.7236842105263158,0.65,0.9038461538461539,0.8333333333333334,0.8611111111111112
59400,0.7236842105263158,0.65,0.9038461538461539,0.8333333333333334,0.8611111111111112
59700,0.7105263157894737,0.6,0.9038461538461539,0.8333333333333334,0.9166666666666666
60000,0.6973684210526315,0.65,0.9038461538461539,0.8333333333333334,0.9166666666666666
60300,0.7236842105263158,0.65,0.8846153846153846,0.8,0.9166666666666666
60600,0.0,0.0,0.8846153846153846,0.8,0.9166666666666666
60900,0.7105263157894737,0.75,0.8653846153846154,0.8,0.9166666666666666
61200,0.6973684210526315,0.75,0.8846153846153846,0.8333333333333334,0.8888888888888888
61500,0.6710526315789473,0.8,0.8846153846153846,0.8333333333333334,0.8888888888888888
61800,0.75,0.65,0.9038461538461539,0.8333333333333334,0.8888888888888888
62100,0.6578947368421053,0.7,0.9423076923076923,0.8333333333333334,0.8888888888888888
62400,0.6710526315789473,0.8,0.9615384615384616,0.8333333333333334,0.9166666666666666
62700,0.6973684210526315,0.75,0.9615384615384616,0.8,0.9166666666666666
63000,0.7368421052631579,0.7,0.9615384615384616,0.8,0.8611111111111112
63300,0.6710526315789473,0.7,0.9615384615384616,0.8,0.8055555555555556
63600,0.6842105263157895,0.7,0.9615384615384616,0.7666666666666667,0.8055555555555556
63900,0.6710526315789473,0.65,0.9615384615384616,0.8,0.8055555555555556
64200,0.6578947368421053,0.65,0.9615384615384616,0.8333333333333334,0.7777777777777778
64500,0.6710526315789473,0.65,0.9615384615384616,0.8333333333333334,0.7777777777777778
64800,0.6578947368421053,0.65,0.9230769230769231,0.8333333333333334,0.75
65100,0.6447368421052632,0.65,0.9230769230769231,0.8666666666666667,0.75
65400,0.618421052631579,0.65,0.9038461538461539,0.8666666666666667,0.75
65700,0.618421052631579,0.8,0.9038461538461539,0.9,0.75
66000,0.5789473684210527,0.75,0.9230769230769231,0.8666666666666667,0.75
66300,0.6578947368421053,0.7,0.9423076923076923,0.8666666666666667,0.8055555555555556
66600,0.6973684210526315,0.75,0.9423076923076923,0.8333333333333334,0.8333333333333334
66900,0.6578947368421053,0.7,0.9423076923076923,0.8333333333333334,0.8333333333333334
67200,0.6973684210526315,0.7,0.9423076923076923,0.8333333333333334,0.8611111111111112
67500,0.631578947368421,0.65,0.9423076923076923,0.8333333333333334,0.8611111111111112
67800,0.0,0.0,0.9230769230769231,0.8666666666666667,0.8611111111111112
68100,0.631578947368421,0.7,0.9423076923076923,0.9,0.8611111111111112
68400,0.631578947368421,0.8,0.9615384615384616,0.9,0.9166666666666666
68700,0.5394736842105263,0.7,0.8846153846153846,0.9,0.8888888888888888
69000,0.618421052631579,0.75,0.8846153846153846,0.9,0.8888888888888888
69300,0.618421052631579,0.75,0.8846153846153846,0.9,0.8888888888888888
69600,0.5789473684210527,0.85,0.8846153846153846,0.9,0.8888888888888888
69900,0.6052631578947368,0.8,0.9038461538461539,0.8333333333333334,0.8888888888888888
70200,0.618421052631579,0.8,0.8846153846153846,0.8333333333333334,0.8888888888888888
70500,0.6447368421052632,0.85,0.9038461538461539,0.7666666666666667,0.8611111111111112
70800,0.6447368421052632,0.85,0.9038461538461539,0.7333333333333333,0.8333333333333334
71100,0.6052631578947368,0.85,0.9038461538461539,0.7333333333333333,0.8333333333333334
71400,0.6052631578947368,0.9,0.9038461538461539,0.7333333333333333,0.8333333333333334
71700,0.5657894736842105,0.9,0.9230769230769231,0.7333333333333333,0.8333333333333334
72000,0.631578947368421,0.95,0.9230769230769231,0.7333333333333333,0.8055555555555556
72300,0.5526315789473685,0.95,0.9423076923076923,0.7333333333333333,0.8055555555555556
72600,0.5921052631578947,0.95,0.9230769230769231,0.7333333333333333,0.8611111111111112
72900,0.5921052631578947,0.9,0.9230769230769231,0.7,0.8611111111111112
73200,0.5789473684210527,0.95,0.9230769230769231,0.7333333333333333,0.8888888888888888
73500,0.5789473684210527,0.95,0.9230769230769231,0.7333333333333333,0.8333333333333334
73800,0.5394736842105263,0.95,0.9230769230769231,0.7333333333333333,0.7777777777777778
74100,0.5657894736842105,0.95,0.9038461538461539,0.7666666666666667,0.75
74400,0.5526315789473685,0.95,0.8846153846153846,0.7666666666666667,0.7222222222222222
74700,0.5131578947368421,0.9,0.8846153846153846,0.8,0.75
75000,0.5263157894736842,0.9,0.8653846153846154,0.7333333333333333,0.75
75300,0.42105263157894735,0.9,0.8653846153846154,0.7,0.75
75600,0.47368421052631576,0.85,0.8846153846153846,0.6333333333333333,0.75
75900,0.47368421052631576,0.8,0.8846153846153846,0.6333333333333333,0.7777777777777778
76200,0.47368421052631576,0.8,0.9038461538461539,0.6666666666666666,0.6944444444444444
76500,0.4868421052631579,0.8,0.8846153846153846,0.7333333333333333,0.6111111111111112
76800,0.47368421052631576,0.8,0.8846153846153846,0.7333333333333333,0.6111111111111112
77100,0.5131578947368421,0.8,0.8461538461538461,0.7,0.6111111111111112
77400,0.5,0.7,0.8653846153846154,0.7,0.6388888888888888
77700,0.5263157894736842,0.75,0.9038461538461539,0.7,0.6111111111111112
78000,0.4473684210526316,0.8,0.8846153846153846,0.7,0.6388888888888888
78300,0.39473684210526316,0.75,0.8653846153846154,0.7333333333333333,0.6944444444444444
78600,0.3815789473684211,0.8,0.8846153846153846,0.7333333333333333,0.7222222222222222
78900,0.3815789473684211,0.7,0.8846153846153846,0.7666666666666667,0.7222222222222222
79200,0.39473684210526316,0.7,0.8846153846153846,0.7666666666666667,0.6944444444444444
79500,0.4342105263157895,0.65,0.9038461538461539,0.7666666666666667,0.6944444444444444
79800,0.40789473684210525,0.65,0.8846153846153846,0.8,0.7222222222222222
80100,0.4473684210526316,0.65,0.9038461538461539,0.8,0.7777777777777778
80400,0.42105263157894735,0.65,0.8846153846153846,0.8,0.7777777777777778
80700,0.35526315789473684,0.8,0.9038461538461539,0.8,0.7222222222222222
81000,0.3684210526315789,0.85,0.8846153846153846,0.7666666666666667,0.7222222222222222
81300,0.3684210526315789,0.85,0.8461538461538461,0.7666666666666667,0.7222222222222222
81600,0.35526315789473684,0.8,0.8653846153846154,0.7666666666666667,0.7222222222222222
81900,0.3815789473684211,0.85,0.8653846153846154,0.8,0.6944444444444444
82200,0.39473684210526316,0.9,0.8846153846153846,0.7666666666666667,0.7222222222222222
82500,0.34210526315789475,0.9,0.8653846153846154,0.7666666666666667,0.6944444444444444
82800,0.3157894736842105,0.85,0.8461538461538461,0.7666666666666667,0.6666666666666666
83100,0.3026315789473684,0.9,0.8461538461538461,0.7666666666666667,0.6666666666666666
83400,0.27631578947368424,0.9,0.8461538461538461,0.7666666666666667,0.6944444444444444
83700,0.3026315789473684,0.95,0.8461538461538461,0.7333333333333333,0.6944444444444444
84000,0.3157894736842105,0.95,0.8653846153846154,0.7333333333333333,0.6666666666666666
84300,0.3157894736842105,0.95,0.8653846153846154,0.7333333333333333,0.6388888888888888
84600,0.2631578947368421,1.0,0.8846153846153846,0.7333333333333333,0.6388888888888888
84900,0.2894736842105263,1.0,0.9038461538461539,0.7666666666666667,0.5555555555555556
85200,0.2631578947368421,1.0,0.9230769230769231,0.7666666666666667,0.5555555555555556
85500,0.2894736842105263,1.0,0.9038461538461539,0.8,0.4722222222222222
85800,0.2894736842105263,1.0,0.9038461538461539,0.7666666666666667,0.4722222222222222
86100,0.27631578947368424,1.0,0.9038461538461539,0.7666666666666667,0.5
86400,0.2631578947368421,1.0,0.8846153846153846,0.7666666666666667,0.4444444444444444
86700,0.2236842105263158,0.0,0.8461538461538461,0.7333333333333333,0.3888888888888889
87000,0.19736842105263158,1.0,0.8461538461538461,0.7,0.3055555555555556
87300,0.19736842105263158,1.0,0.8653846153846154,0.6666666666666666,0.3055555555555556
87600,0.18421052631578946,1.0,0.8653846153846154,0.7,0.3055555555555556
87900,0.14473684210526316,1.0,0.8653846153846154,0.7,0.3333333333333333
88200,0.14473684210526316,1.0,0.9038461538461539,0.7,0.2777777777777778
88500,0.17105263157894737,1.0,0.9230769230769231,0.6666666666666666,0.25
88800,0.14473684210526316,1.0,0.9423076923076923,0.6333333333333333,0.2222222222222222
89100,0.19736842105263158,1.0,0.9423076923076923,0.6333333333333333,0.2222222222222222
89400,0.13157894736842105,1.0,0.9038461538461539,0.6333333333333333,0.19444444444444445
89700,0.07894736842105263,1.0,0.9038461538461539,0.6666666666666666,0.19444444444444445
90000,0.06578947368421052,1.0,0.9038461538461539,0.6666666666666666,0.2222222222222222
90300,0.06578947368421052,1.0,0.9230769230769231,0.6666666666666666,0.3333333333333333
90600,0.039473684210526314,1.0,0.9038461538461539,0.6333333333333333,0.3333333333333333
90900,0.02631578947368421,1.0,0.9038461538461539,0.6333333333333333,0.2777777777777778
91200,0.039473684210526314,1.0,0.9038461538461539,0.6,0.25
91500,0.05263157894736842,1.0,0.8846153846153846,0.6333333333333333,0.3055555555555556
91800,0.06578947368421052,1.0,0.9038461538461539,0.6,0.25
92100,0.05263157894736842,1.0,0.9038461538461539,0.5666666666666667,0.16666666666666666
92400,0.05263157894736842,1.0,0.9230769230769231,0.5666666666666667,0.16666666666666666
92700,0.09210526315789473,1.0,0.9038461538461539,0.5333333333333333,0.25
93000,0.14473684210526316,1.0,0.8846153846153846,0.5333333333333333,0.25
93300,0.13157894736842105,1.0,0.8653846153846154,0.5,0.2777777777777778
93600,0.10526315789473684,1.0,0.8461538461538461,0.4666666666666667,0.2777777777777778
93900,0.10526315789473684,1.0,0.8461538461538461,0.4666666666666667,0.3055555555555556
94200,0.17105263157894737,1.0,0.8461538461538461,0.4666666666666667,0.3055555555555556
94500,0.18421052631578946,1.0,0.8461538461538461,0.4666666666666667,0.3333333333333333
94800,0.21052631578947367,1.0,0.8461538461538461,0.4666666666666667,0.3055555555555556
95100,0.2236842105263158,1.0,0.8461538461538461,0.4666666666666667,0.2777777777777778
95400,0.19736842105263158,1.0,0.8269230769230769,0.4666666666666667,0.2777777777777778
95700,0.19736842105263158,1.0,0.8269230769230769,0.43333333333333335,0.3333333333333333
96000,0.19736842105263158,1.0,0.8076923076923077,0.43333333333333335,0.3888888888888889
96300,0.18421052631578946,1.0,0.8076923076923077,0.43333333333333335,0.3888888888888889
96600,0.19736842105263158,1.0,0.8269230769230769,0.4666666666666667,0.3055555555555556
96900,0.19736842105263158,1.0,0.8269230769230769,0.43333333333333335,0.3055555555555556
97200,0.19736842105263158,1.0,0.8076923076923077,0.4666666666666667,0.2777777777777778
97500,0.18421052631578946,1.0,0.8461538461538461,0.43333333333333335,0.25
97800,0.13157894736842105,1.0,0.8269230769230769,0.5,0.25
98100,0.14473684210526316,1.0,0.8461538461538461,0.43333333333333335,0.25
98400,0.13157894736842105,1.0,0.8653846153846154,0.4666666666666667,0.2777777777777778
98700,0.10526315789473684,1.0,0.8653846153846154,0.4,0.25
99000,0.14473684210526316,1.0,0.8846153846153846,0.4,0.2777777777777778
99300,0.17105263157894737,1.0,0.9038461538461539,0.4666666666666667,0.3055555555555556
99600,0.14473684210526316,1.0,0.9038461538461539,0.4666666666666667,0.2777777777777778
99900,0.17105263157894737,1.0,0.9038461538461539,0.4666666666666667,0.3055555555555556
100200,0.14473684210526316,0.95,0.9038461538461539,0.5,0.19444444444444445
100500,0.17105263157894737,0.95,0.9038461538461539,0.4666666666666667,0.1388888888888889
100800,0.15789473684210525,0.95,0.8846153846153846,0.4,0.1388888888888889
101100,0.13157894736842105,0.95,0.8846153846153846,0.43333333333333335,0.1111111111111111
101400,0.15789473684210525,0.95,0.8846153846153846,0.43333333333333335,0.16666666666666666
101700,0.14473684210526316,0.95,0.8846153846153846,0.43333333333333335,0.19444444444444445
102000,0.11842105263157894,0.95,0.9038461538461539,0.4666666666666667,0.16666666666666666
102300,0.14473684210526316,1.0,0.9038461538461539,0.4666666666666667,0.19444444444444445
102600,0.11842105263157894,1.0,0.9038461538461539,0.4666666666666667,0.2222222222222222
102900,0.15789473684210525,1.0,0.9038461538461539,0.4666666666666667,0.2222222222222222
103200,0.11842105263157894,1.0,0.9038461538461539,0.4666666666666667,0.19444444444444445
103500,0.14473684210526316,1.0,0.9038461538461539,0.4666666666666667,0.2222222222222222
103800,0.14473684210526316,0.95,0.9038461538461539,0.4666666666666667,0.2777777777777778
104100,0.11842105263157894,0.95,0.9038461538461539,0.43333333333333335,0.3055555555555556
104400,0.14473684210526316,0.95,0.8846153846153846,0.4666666666666667,0.25
104700,0.14473684210526316,0.95,0.8846153846153846,0.4666666666666667,0.2222222222222222
105000,0.13157894736842105,0.95,0.8653846153846154,0.4666666666666667,0.25
105300,0.09210526315789473,0.95,0.8461538461538461,0.43333333333333335,0.2777777777777778
105600,0.10526315789473684,0.95,0.8461538461538461,0.43333333333333335,0.2777777777777778
105900,0.11842105263157894,0.95,0.8076923076923077,0.4,0.3333333333333333
106200,0.11842105263157894,0.95,0.8076923076923077,0.4,0.3333333333333333
106500,0.11842105263157894,0.95,0.7884615384615384,0.36666666666666664,0.3333333333333333
106800,0.13157894736842105,0.95,0.7884615384615384,0.36666666666666664,0.3333333333333333
107100,0.13157894736842105,0.95,0.7884615384615384,0.36666666666666664,0.3055555555555556
107400,0.13157894736842105,0.95,0.8076923076923077,0.36666666666666664,0.3888888888888889
107700,0.13157894736842105,0.95,0.7884615384615384,0.36666666666666664,0.3611111111111111
108000,0.13157894736842105,0.95,0.75,0.36666666666666664,0.3333333333333333
108300,0.14473684210526316,1.0,0.75,0.36666666666666664,0.3055555555555556
108600,0.11842105263157894,1.0,0.75,0.3333333333333333,0.3055555555555556
108900,0.07894736842105263,1.0,0.75,0.4,0.3055555555555556
109200,0.07894736842105263,1.0,0.75,0.4,0.3055555555555556
109500,0.09210526315789473,1.0,0.8076923076923077,0.4,0.3611111111111111
109800,0.07894736842105263,1.0,0.7884615384615384,0.4,0.3055555555555556
110100,0.09210526315789473,1.0,0.8076923076923077,0.43333333333333335,0.3055555555555556
110400,0.09210526315789473,1.0,0.7692307692307693,0.4666666666666667,0.3333333333333333
110700,0.07894736842105263,1.0,0.7692307692307693,0.4666666666666667,0.3333333333333333
111000,0.07894736842105263,1.0,0.7692307692307693,0.4666666666666667,0.3055555555555556
111300,0.06578947368421052,1.0,0.7692307692307693,0.43333333333333335,0.3333333333333333
111600,0.06578947368421052,1.0,0.7692307692307693,0.4,0.3611111111111111
111900,0.06578947368421052,1.0,0.7884615384615384,0.36666666666666664,0.3333333333333333
112200,0.05263157894736842,1.0,0.8076923076923077,0.4,0.2777777777777778
112500,0.09210526315789473,1.0,0.7884615384615384,0.36666666666666664,0.3333333333333333
112800,0.09210526315789473,1.0,0.7884615384615384,0.3333333333333333,0.3333333333333333
113100,0.14473684210526316,1.0,0.8076923076923077,0.3333333333333333,0.3333333333333333
113400,0.10526315789473684,1.0,0.8076923076923077,0.3333333333333333,0.3888888888888889
113700,0.13157894736842105,1.0,0.7884615384615384,0.3,0.3611111111111111
114000,0.11842105263157894,1.0,0.8076923076923077,0.26666666666666666,0.3888888888888889
114300,0.15789473684210525,1.0,0.8269230769230769,0.26666666666666666,0.4722222222222222
114600,0.15789473684210525,1.0,0.8269230769230769,0.26666666666666666,0.4722222222222222
114900,0.15789473684210525,1.0,0.8461538461538461,0.23333333333333334,0.4722222222222222
115200,0.15789473684210525,1.0,0.8461538461538461,0.3,0.4722222222222222
115500,0.17105263157894737,1.0,0.8269230769230769,0.3,0.5
115800,0.15789473684210525,0.95,0.8269230769230769,0.3333333333333333,0.5555555555555556
116100,0.15789473684210525,0.95,0.8461538461538461,0.4,0.5833333333333334
116400,0.14473684210526316,0.95,0.8461538461538461,0.4,0.6666666666666666
116700,0.13157894736842105,0.9,0.8269230769230769,0.43333333333333335,0.6666666666666666
117000,0.17105263157894737,0.85,0.7884615384615384,0.43333333333333335,0.6944444444444444
117300,0.18421052631578946,0.8,0.7884615384615384,0.43333333333333335,0.7222222222222222
117600,0.18421052631578946,0.75,0.7884615384615384,0.43333333333333335,0.7222222222222222
117900,0.17105263157894737,0.8,0.7884615384615384,0.5,0.75
118200,0.17105263157894737,0.8,0.7884615384615384,0.5,0.8055555555555556
118500,0.18421052631578946,0.75,0.8076923076923077,0.5,0.8333333333333334
118800,0.17105263157894737,0.8,0.8076923076923077,0.5333333333333333,0.8611111111111112
119100,0.17105263157894737,0.75,0.8076923076923077,0.5333333333333333,0.8888888888888888
119400,0.18421052631578946,0.7,0.8076923076923077,0.5,0.8888888888888888
119700,0.19736842105263158,0.7,0.8461538461538461,0.5,0.8888888888888888
120000,0.19736842105263158,0.65,0.8461538461538461,0.5,0.8888888888888888
120300,0.2236842105263158,0.75,0.8076923076923077,0.5,0.8888888888888888
120600,0.2631578947368421,0.85,0.8076923076923077,0.5,0.8888888888888888
120900,0.2631578947368421,0.9,0.8076923076923077,0.5,0.8611111111111112
121200,0.2631578947368421,0.85,0.8269230769230769,0.5,0.8611111111111112
121500,0.27631578947368424,0.85,0.8653846153846154,0.5,0.8611111111111112
121800,0.27631578947368424,0.85,0.8653846153846154,0.5,0.8888888888888888
122100,0.27631578947368424,0.85,0.8269230769230769,0.5333333333333333,0.8888888888888888
122400,0.27631578947368424,0.85,0.8269230769230769,0.5,0.8888888888888888
122700,0.2894736842105263,0.85,0.8269230769230769,0.5,0.8888888888888888
123000,0.2894736842105263,0.85,0.8269230769230769,0.5,0.9166666666666666
123300,0.3026315789473684,0.9,0.8269230769230769,0.5,0.9722222222222222
123600,0.3026315789473684,0.9,0.8269230769230769,0.5333333333333333,0.9722222222222222
123900,0.34210526315789475,0.85,0.8653846153846154,0.5333333333333333,0.9722222222222222
124200,0.3026315789473684,0.85,0.8653846153846154,0.5333333333333333,0.9722222222222222
124500,0.3815789473684211,0.85,0.8653846153846154,0.5,0.9722222222222222
124800,0.35526315789473684,0.85,0.8653846153846154,0.5,0.9722222222222222
125100,0.3684210526315789,0.85,0.8461538461538461,0.5333333333333333,0.9722222222222222
125400,0.0,0.0,0.8653846153846154,0.5666666666666667,0.9444444444444444
125700,0.40789473684210525,0.7,0.8653846153846154,0.5666666666666667,0.9166666666666666
126000,0.40789473684210525,0.7,0.8461538461538461,0.5666666666666667,0.8888888888888888
126300,0.42105263157894735,0.7,0.8461538461538461,0.5666666666666667,0.9166666666666666
126600,0.40789473684210525,0.7,0.8461538461538461,0.5666666666666667,0.9166666666666666
126900,0.3815789473684211,0.75,0.8461538461538461,0.5666666666666667,0.9166666666666666
127200,0.39473684210526316,0.75,0.8461538461538461,0.5333333333333333,0.9166666666666666
127500,0.3815789473684211,0.75,0.8269230769230769,0.5333333333333333,0.9166666666666666
127800,0.3684210526315789,0.75,0.8461538461538461,0.5333333333333333,0.8888888888888888
128100,0.35526315789473684,0.8,0.7884615384615384,0.5333333333333333,0.8611111111111112
128400,0.32894736842105265,0.8,0.8269230769230769,0.5666666666666667,0.8888888888888888
128700,0.34210526315789475,0.8,0.8269230769230769,0.6,0.8888888888888888
129000,0.32894736842105265,0.8,0.8076923076923077,0.6,0.9166666666666666
129300,0.35526315789473684,0.85,0.8076923076923077,0.6666666666666666,0.9166666666666666
129600,0.4473684210526316,0.85,0.8269230769230769,0.6666666666666666,0.9166666666666666
129900,0.4342105263157895,0.85,0.8461538461538461,0.6666666666666666,0.9166666666666666
130200,0.4342105263157895,0.75,0.8461538461538461,0.6666666666666666,0.9166666666666666
130500,0.4342105263157895,0.75,0.8461538461538461,0.6666666666666666,0.9444444444444444
130800,0.4342105263157895,0.75,0.8461538461538461,0.6666666666666666,0.9444444444444444
131100,0.4473684210526316,0.75,0.7884615384615384,0.6666666666666666,0.9166666666666666
131400,0.4605263157894737,0.75,0.75,0.6666666666666666,0.8888888888888888
131700,0.5,0.7,0.75,0.6666666666666666,0.8888888888888888
132000,0.4605263157894737,0.75,0.7692307692307693,0.6666666666666666,0.8888888888888888
132300,0.47368421052631576,0.75,0.75,0.6666666666666666,0.8611111111111112
132600,0.5,0.75,0.75,0.6666666666666666,0.8611111111111112
132900,0.5131578947368421,0.8,0.75,0.7,0.8333333333333334
133200,0.5263157894736842,0.8,0.7692307692307693,0.7,0.8611111111111112
133500,0.5526315789473685,0.8,0.7692307692307693,0.7,0.8888888888888888
133800,0.5263157894736842,0.75,0.8269230769230769,0.7,0.8888888888888888
134100,0.5657894736842105,0.75,0.8076923076923077,0.7,0.8888888888888888
134400,0.5657894736842105,0.75,0.8076923076923077,0.7333333333333333,0.8888888888888888
134700,0.5394736842105263,0.75,0.8269230769230769,0.8333333333333334,0.8333333333333334
135000,0.5921052631578947,0.8,0.8076923076923077,0.8333333333333334,0.8333333333333334
135300,0.5789473684210527,0.8,0.8269230769230769,0.8666666666666667,0.8333333333333334
135600,0.5921052631578947,0.8,0.8653846153846154,0.8666666666666667,0.8333333333333334
135900,0.5789473684210527,0.8,0.8461538461538461,0.8666666666666667,0.8611111111111112
136200,0.5789473684210527,0.85,0.8653846153846154,0.8666666666666667,0.8611111111111112
136500,0.5921052631578947,0.85,0.8846153846153846,0.8666666666666667,0.8333333333333334
136800,0.5921052631578947,0.85,0.8653846153846154,0.8666666666666667,0.8333333333333334
137100,0.5526315789473685,0.9,0.8653846153846154,0.9,0.8611111111111112
137400,0.5921052631578947,0.85,0.8461538461538461,0.9,0.8611111111111112
137700,0.5921052631578947,0.85,0.8461538461538461,0.9,0.8611111111111112
138000,0.6052631578947368,0.85,0.8461538461538461,0.9,0.8888888888888888
138300,0.6052631578947368,0.85,0.8653846153846154,0.9,0.8888888888888888
138600,0.6052631578947368,0.8,0.8653846153846154,0.9,0.9166666666666666
138900,0.5657894736842105,0.75,0.8846153846153846,0.9,0.9166666666666666
139200,0.6052631578947368,0.75,0.8653846153846154,0.9,0.8888888888888888
139500,0.5657894736842105,0.75,0.8653846153846154,0.8666666666666667,0.9166666666666666
139800,0.5921052631578947,0.75,0.8461538461538461,0.8666666666666667,0.9166666666666666
140100,0.5789473684210527,0.7,0.8461538461538461,0.8666666666666667,0.9166666666666666
140400,0.5526315789473685,0.55,0.8461538461538461,0.8666666666666667,0.9166666666666666
140700,0.5657894736842105,0.5,0.8461538461538461,0.8666666666666667,0.9444444444444444
141000,0.618421052631579,0.55,0.8653846153846154,0.8666666666666667,0.9166666666666666
141300,0.6052631578947368,0.5,0.8653846153846154,0.8666666666666667,0.9166666666666666
141600,0.5921052631578947,0.5,0.8653846153846154,0.8666666666666667,0.9166666666666666
141900,0.5921052631578947,0.5,0.8076923076923077,0.8666666666666667,0.9166666666666666
142200,0.5921052631578947,0.55,0.7884615384615384,0.8666666666666667,0.9166666666666666
142500,0.6052631578947368,0.6,0.7692307692307693,0.8,0.9166666666666666
142800,0.618421052631579,0.5,0.75,0.8,0.9444444444444444
143100,0.5921052631578947,0.55,0.7692307692307693,0.7666666666666667,0.9444444444444444
143400,0.618421052631579,0.5,0.75,0.8,0.9444444444444444
143700,0.5921052631578947,0.5,0.7884615384615384,0.8,0.9444444444444444
144000,0.6052631578947368,0.6,0.8076923076923077,0.7666666666666667,0.9444444444444444
144300,0.618421052631579,0.6,0.8653846153846154,0.7,0.9444444444444444
144600,0.631578947368421,0.65,0.8461538461538461,0.7,0.9444444444444444
144900,0.618421052631579,0.75,0.8076923076923077,0.7,0.9444444444444444
145200,0.6052631578947368,0.7,0.8076923076923077,0.7,0.9444444444444444
145500,0.6052631578947368,0.7,0.8269230769230769,0.7666666666666667,0.9722222222222222
145800,0.631578947368421,0.7,0.8269230769230769,0.7666666666666667,0.9722222222222222
146100,0.618421052631579,0.7,0.8269230769230769,0.8,0.9722222222222222
146400,0.631578947368421,0.75,0.8269230769230769,0.8333333333333334,0.9722222222222222
146700,0.6578947368421053,0.8,0.8269230769230769,0.8333333333333334,0.9722222222222222
147000,0.6578947368421053,0.85,0.8461538461538461,0.8,0.9722222222222222
147300,0.6447368421052632,0.85,0.8846153846153846,0.8,0.9722222222222222
147600,0.5921052631578947,0.95,0.9038461538461539,0.8,0.9722222222222222
147900,0.6447368421052632,0.95,0.9038461538461539,0.8,0.9722222222222222
148200,0.618421052631579,1.0,0.9038461538461539,0.8,0.9444444444444444
148500,0.5394736842105263,1.0,0.9423076923076923,0.8,0.8888888888888888
148800,0.618421052631579,1.0,0.9807692307692307,0.9,0.8888888888888888
149100,0.631578947368421,1.0,0.9807692307692307,0.9333333333333333,0.8888888888888888
149400,0.5789473684210527,1.0,0.9615384615384616,0.9333333333333333,0.8888888888888888
149700,0.6578947368421053,0.95,0.9615384615384616,0.9333333333333333,0.8611111111111112
150000,0.6578947368421053,0.95,0.9423076923076923,0.9333333333333333,0.8611111111111112
150300,0.6710526315789473,0.85,0.9423076923076923,0.9333333333333333,0.8611111111111112
150600,0.6578947368421053,0.75,0.9423076923076923,1.0,0.8611111111111112
150900,0.6710526315789473,0.7,0.9423076923076923,1.0,0.8611111111111112
151200,0.6842105263157895,0.7,0.9423076923076923,1.0,0.8611111111111112
151500,0.6973684210526315,0.7,0.9615384615384616,1.0,0.8888888888888888
151800,0.631578947368421,0.7,0.9615384615384616,1.0,0.9166666666666666
152100,0.618421052631579,0.85,0.9615384615384616,1.0,0.9166666666666666
152400,0.618421052631579,0.85,0.9615384615384616,1.0,0.9166666666666666
152700,0.5657894736842105,0.9,0.9615384615384616,1.0,0.9166666666666666
153000,0.6052631578947368,0.9,0.9615384615384616,1.0,0.9166666666666666
153300,0.6578947368421053,0.95,0.9615384615384616,1.0,0.9444444444444444
153600,0.5657894736842105,0.95,0.9807692307692307,1.0,0.9444444444444444
153900,0.6842105263157895,0.95,0.9807692307692307,1.0,0.9722222222222222
154200,0.6710526315789473,1.0,0.9807692307692307,1.0,0.9722222222222222
154500,0.6842105263157895,0.95,0.9807692307692307,1.0,0.9722222222222222
154800,0.631578947368421,0.95,0.9807692307692307,1.0,0.9722222222222222
155100,0.618421052631579,0.95,0.9615384615384616,1.0,0.9722222222222222
155400,0.5921052631578947,0.95,0.9615384615384616,0.9666666666666667,0.9444444444444444
155700,0.6710526315789473,0.95,0.9423076923076923,0.9666666666666667,0.9166666666666666
156000,0.6447368421052632,0.9,0.9038461538461539,0.9666666666666667,0.9166666666666666
156300,0.618421052631579,0.85,0.9038461538461539,0.9666666666666667,0.9166666666666666
156600,0.5526315789473685,0.85,0.8846153846153846,0.9,0.9166666666666666
156900,0.6842105263157895,0.85,0.8846153846153846,0.9,0.9166666666666666
157200,0.618421052631579,0.9,0.9038461538461539,0.9,0.9166666666666666
157500,0.5263157894736842,0.85,0.8846153846153846,0.9,0.9166666666666666
157800,0.5789473684210527,0.85,0.8846153846153846,0.9,0.9166666666666666
158100,0.5789473684210527,0.85,0.9038461538461539,0.9,0.9166666666666666
158400,0.618421052631579,0.9,0.9038461538461539,0.8666666666666667,0.9166666666666666
158700,0.5789473684210527,0.9,0.9038461538461539,0.8666666666666667,0.9166666666666666
159000,0.5263157894736842,0.9,0.8846153846153846,0.8666666666666667,0.9166666666666666
159300,0.5131578947368421,0.95,0.9038461538461539,0.8666666666666667,0.8888888888888888
159600,0.5263157894736842,0.95,0.9038461538461539,0.8666666666666667,0.8611111111111112
159900,0.5131578947368421,0.95,0.9038461538461539,0.9,0.8611111111111112
160200,0.47368421052631576,0.95,0.8846153846153846,0.9,0.8333333333333334
160500,0.47368421052631576,0.95,0.8269230769230769,0.9,0.8333333333333334
160800,0.42105263157894735,1.0,0.8076923076923077,0.9,0.8333333333333334
161100,0.4473684210526316,1.0,0.8076923076923077,0.9,0.8333333333333334
161400,0.4342105263157895,1.0,0.7884615384615384,0.9333333333333333,0.8333333333333334
161700,0.35526315789473684,1.0,0.7692307692307693,0.9333333333333333,0.7777777777777778
162000,0.4473684210526316,1.0,0.7884615384615384,0.9333333333333333,0.7777777777777778
162300,0.3815789473684211,1.0,0.8076923076923077,0.9333333333333333,0.7777777777777778
162600,0.3815789473684211,1.0,0.8846153846153846,0.9333333333333333,0.7777777777777778
162900,0.40789473684210525,1.0,0.9038461538461539,0.9666666666666667,0.8333333333333334
163200,0.42105263157894735,0.9,0.9038461538461539,0.9333333333333333,0.7777777777777778
163500,0.4342105263157895,0.95,0.9230769230769231,0.9333333333333333,0.7777777777777778
163800,0.40789473684210525,0.95,0.9423076923076923,0.9,0.8055555555555556
164100,0.4342105263157895,0.9,0.9423076923076923,0.8666666666666667,0.7777777777777778
164400,0.3815789473684211,0.9,0.9038461538461539,0.8666666666666667,0.7777777777777778
164700,0.3684210526315789,0.9,0.9230769230769231,0.8333333333333334,0.8333333333333334
165000,0.39473684210526316,0.9,0.9230769230769231,0.6666666666666666,0.7777777777777778
165300,0.42105263157894735,0.9,0.9230769230769231,0.7,0.75
165600,0.3684210526315789,0.8,0.9230769230769231,0.6666666666666666,0.75
165900,0.3684210526315789,0.8,0.9230769230769231,0.6666666666666666,0.7777777777777778
166200,0.32894736842105265,0.85,0.9038461538461539,0.7,0.75
166500,0.3026315789473684,0.9,0.9038461538461539,0.7333333333333333,0.75
166800,0.3157894736842105,0.8,0.8653846153846154,0.7333333333333333,0.75
167100,0.2894736842105263,0.85,0.8653846153846154,0.7,0.75
167400,0.3026315789473684,0.9,0.8461538461538461,0.7333333333333333,0.7777777777777778
167700,0.2894736842105263,0.85,0.8846153846153846,0.8,0.75
168000,0.25,0.85,0.9615384615384616,0.8,0.75
168300,0.23684210526315788,0.9,0.9230769230769231,0.7333333333333333,0.7222222222222222
168600,0.0,0.0,0.9423076923076923,0.7333333333333333,0.6944444444444444
168900,0.27631578947368424,0.9,0.9423076923076923,0.7333333333333333,0.6944444444444444
169200,0.27631578947368424,0.9,0.9230769230769231,0.7666666666666667,0.7222222222222222
169500,0.2236842105263158,0.9,0.9230769230769231,0.7333333333333333,0.6944444444444444
169800,0.25,0.95,0.9230769230769231,0.8333333333333334,0.6666666666666666
170100,0.2631578947368421,0.95,0.9230769230769231,0.8333333333333334,0.6388888888888888
170400,0.2236842105263158,0.95,0.9230769230769231,0.8333333333333334,0.6388888888888888
170700,0.25,0.95,0.9230769230769231,0.8333333333333334,0.6388888888888888
171000,0.2631578947368421,0.9,0.9230769230769231,0.8333333333333334,0.6111111111111112
171300,0.23684210526315788,0.75,0.9230769230769231,0.7666666666666667,0.6111111111111112
171600,0.23684210526315788,0.75,0.9230769230769231,0.7666666666666667,0.6388888888888888
171900,0.2236842105263158,0.8,0.9423076923076923,0.7333333333333333,0.6388888888888888
172200,0.21052631578947367,0.8,0.9423076923076923,0.6666666666666666,0.6388888888888888
172500,0.2236842105263158,0.8,0.9423076923076923,0.6666666666666666,0.6388888888888888
172800,0.21052631578947367,0.8,0.9423076923076923,0.6666666666666666,0.5833333333333334
173100,0.2631578947368421,0.8,0.9423076923076923,0.6333333333333333,0.4722222222222222
173400,0.23684210526315788,0.9,0.9423076923076923,0.6666666666666666,0.4444444444444444
173700,0.2236842105263158,0.9,0.9423076923076923,0.6333333333333333,0.3888888888888889
174000,0.2236842105263158,1.0,0.8846153846153846,0.6333333333333333,0.3888888888888889
174300,0.17105263157894737,1.0,0.8846153846153846,0.6,0.3055555555555556
174600,0.17105263157894737,1.0,0.8846153846153846,0.5666666666666667,0.3333333333333333
174900,0.14473684210526316,1.0,0.9038461538461539,0.5333333333333333,0.25
175200,0.14473684210526316,1.0,0.9038461538461539,0.5333333333333333,0.25
175500,0.14473684210526316,0.9,0.9038461538461539,0.5666666666666667,0.2222222222222222
175800,0.13157894736842105,0.9,0.9038461538461539,0.6,0.16666666666666666
176100,0.10526315789473684,0.9,0.9038461538461539,0.6333333333333333,0.1388888888888889
176400,0.07894736842105263,0.9,0.8846153846153846,0.6,0.1388888888888889
176700,0.06578947368421052,0.9,0.8846153846153846,0.5666666666666667,0.19444444444444445
177000,0.07894736842105263,0.9,0.8846153846153846,0.5666666666666667,0.25
177300,0.10526315789473684,0.9,0.8846153846153846,0.5333333333333333,0.16666666666666666
177600,0.10526315789473684,0.9,0.8653846153846154,0.5333333333333333,0.1388888888888889
177900,0.11842105263157894,0.85,0.9230769230769231,0.5333333333333333,0.16666666666666666
178200,0.10526315789473684,0.85,0.9038461538461539,0.5333333333333333,0.19444444444444445
178500,0.10526315789473684,0.85,0.9230769230769231,0.5333333333333333,0.2222222222222222
178800,0.09210526315789473,0.85,0.9230769230769231,0.5,0.19444444444444445
179100,0.15789473684210525,0.85,0.9038461538461539,0.5,0.25
179400,0.14473684210526316,0.85,0.9038461538461539,0.5,0.19444444444444445
179700,0.13157894736842105,0.85,0.8846153846153846,0.5,0.2222222222222222
180000,0.10526315789473684,0.85,0.8653846153846154,0.5,0.2777777777777778
180300,0.10526315789473684,0.85,0.8653846153846154,0.5,0.2777777777777778
180600,0.11842105263157894,0.9,0.8653846153846154,0.43333333333333335,0.2777777777777778
180900,0.10526315789473684,0.9,0.8653846153846154,0.43333333333333335,0.2222222222222222
181200,0.10526315789473684,0.9,0.8653846153846154,0.4,0.2777777777777778
181500,0.13157894736842105,0.95,0.8653846153846154,0.4,0.2777777777777778
181800,0.10526315789473684,0.95,0.8846153846153846,0.4,0.3055555555555556
182100,0.10526315789473684,0.95,0.8846153846153846,0.4,0.3611111111111111
182400,0.07894736842105263,0.95,0.8653846153846154,0.4,0.5
182700,0.11842105263157894,0.95,0.8653846153846154,0.4,0.5277777777777778
183000,0.11842105263157894,0.95,0.8653846153846154,0.43333333333333335,0.5277777777777778
183300,0.0,0.0,0.8653846153846154,0.36666666666666664,0.5555555555555556
183600,0.17105263157894737,0.95,0.8461538461538461,0.3333333333333333,0.5555555555555556
183900,0.18421052631578946,0.95,0.8269230769230769,0.3,0.5833333333333334
184200,0.18421052631578946,0.95,0.8269230769230769,0.3,0.5555555555555556
184500,0.17105263157894737,0.95,0.8269230769230769,0.3333333333333333,0.5277777777777778
184800,0.19736842105263158,0.95,0.8269230769230769,0.3,0.5277777777777778
185100,0.13157894736842105,0.95,0.8269230769230769,0.3333333333333333,0.5
185400,0.15789473684210525,0.95,0.7884615384615384,0.3,0.4722222222222222
185700,0.14473684210526316,0.95,0.7884615384615384,0.36666666666666664,0.4722222222222222
186000,0.11842105263157894,0.95,0.7692307692307693,0.3333333333333333,0.4444444444444444
186300,0.13157894736842105,0.95,0.7884615384615384,0.3,0.4444444444444444
186600,0.13157894736842105,0.95,0.8076923076923077,0.3,0.4444444444444444
186900,0.11842105263157894,0.95,0.7884615384615384,0.3333333333333333,0.4444444444444444
187200,0.11842105263157894,1.0,0.7884615384615384,0.36666666666666664,0.4166666666666667
187500,0.13157894736842105,1.0,0.7884615384615384,0.36666666666666664,0.3611111111111111
187800,0.07894736842105263,1.0,0.8269230769230769,0.4,0.3333333333333333
188100,0.11842105263157894,1.0,0.8461538461538461,0.4,0.3611111111111111
188400,0.09210526315789473,1.0,0.8461538461538461,0.3333333333333333,0.3611111111111111
188700,0.10526315789473684,1.0,0.8269230769230769,0.3333333333333333,0.3333333333333333
189000,0.09210526315789473,1.0,0.8461538461538461,0.3333333333333333,0.3333333333333333
189300,0.09210526315789473,0.95,0.8461538461538461,0.3333333333333333,0.3611111111111111
189600,0.10526315789473684,0.95,0.8461538461538461,0.3333333333333333,0.3055555555555556
189900,0.14473684210526316,0.95,0.8461538461538461,0.3333333333333333,0.3055555555555556
190200,0.10526315789473684,0.95,0.8269230769230769,0.3333333333333333,0.25
190500,0.0,0.0,0.8269230769230769,0.3333333333333333,0.2222222222222222
190800,0.09210526315789473,0.95,0.8076923076923077,0.3333333333333333,0.25
191100,0.10526315789473684,0.95,0.7884615384615384,0.3333333333333333,0.3055555555555556
191400,0.14473684210526316,0.95,0.8076923076923077,0.36666666666666664,0.2777777777777778
191700,0.11842105263157894,1.0,0.7692307692307693,0.4,0.2777777777777778
192000,0.11842105263157894,1.0,0.75,0.36666666666666664,0.3055555555555556
192300,0.10526315789473684,1.0,0.75,0.3333333333333333,0.3055555555555556
192600,0.10526315789473684,1.0,0.7115384615384616,0.3333333333333333,0.3055555555555556
192900,0.13157894736842105,1.0,0.7115384615384616,0.3333333333333333,0.3055555555555556
193200,0.10526315789473684,1.0,0.7115384615384616,0.3333333333333333,0.3333333333333333
193500,0.11842105263157894,1.0,0.6923076923076923,0.3333333333333333,0.3055555555555556
193800,0.14473684210526316,1.0,0.6923076923076923,0.3333333333333333,0.2777777777777778
194100,0.10526315789473684,1.0,0.6923076923076923,0.3333333333333333,0.3055555555555556
194400,0.09210526315789473,1.0,0.7307692307692307,0.3333333333333333,0.3611111111111111
194700,0.10526315789473684,1.0,0.7307692307692307,0.3333333333333333,0.3055555555555556
195000,0.09210526315789473,1.0,0.75,0.26666666666666666,0.3055555555555556
195300,0.10526315789473684,1.0,0.7692307692307693,0.3333333333333333,0.25
195600,0.10526315789473684,1.0,0.7692307692307693,0.3,0.25
195900,0.13157894736842105,1.0,0.7692307692307693,0.3,0.3055555555555556
196200,0.14473684210526316,1.0,0.7692307692307693,0.3,0.3888888888888889
196500,0.13157894736842105,1.0,0.7884615384615384,0.3333333333333333,0.3055555555555556
196800,0.11842105263157894,1.0,0.7692307692307693,0.3333333333333333,0.2777777777777778
197100,0.14473684210526316,1.0,0.75,0.3333333333333333,0.2777777777777778
197400,0.15789473684210525,1.0,0.75,0.3,0.2222222222222222
197700,0.14473684210526316,1.0,0.75,0.3333333333333333,0.2777777777777778
198000,0.17105263157894737,1.0,0.75,0.3333333333333333,0.2777777777777778
198300,0.17105263157894737,1.0,0.75,0.36666666666666664,0.3055555555555556
198600,0.18421052631578946,1.0,0.7307692307692307,0.3333333333333333,0.3055555555555556
198900,0.17105263157894737,1.0,0.7307692307692307,0.3,0.25
199200,0.17105263157894737,1.0,0.75,0.3,0.2222222222222222
199500,0.18421052631578946,1.0,0.8076923076923077,0.2,0.2222222222222222
199800,0.17105263157894737,1.0,0.8076923076923077,0.2,0.2222222222222222
200100,0.15789473684210525,1.0,0.8076923076923077,0.16666666666666666,0.25
200400,0.18421052631578946,1.0,0.8269230769230769,0.16666666666666666,0.25
200700,0.13157894736842105,1.0,0.8269230769230769,0.16666666666666666,0.25
201000,0.17105263157894737,1.0,0.8461538461538461,0.16666666666666666,0.25
201300,0.15789473684210525,1.0,0.8461538461538461,0.2,0.2777777777777778
201600,0.15789473684210525,1.0,0.8269230769230769,0.2,0.2777777777777778
201900,0.15789473684210525,1.0,0.8269230769230769,0.2,0.4166666666666667
202200,0.14473684210526316,1.0,0.8269230769230769,0.23333333333333334,0.4722222222222222
202500,0.19736842105263158,0.95,0.8269230769230769,0.3,0.5
202800,0.19736842105263158,0.95,0.8269230769230769,0.3,0.5
203100,0.17105263157894737,0.95,0.8269230769230769,0.4,0.5555555555555556
203400,0.17105263157894737,0.95,0.8269230769230769,0.4,0.6111111111111112
203700,0.23684210526315788,0.95,0.8269230769230769,0.4,0.6111111111111112
204000,0.23684210526315788,0.95,0.8269230769230769,0.43333333333333335,0.7222222222222222
204300,0.27631578947368424,0.9,0.8269230769230769,0.4,0.75
204600,0.2631578947368421,0.8,0.8269230769230769,0.4,0.7777777777777778
204900,0.34210526315789475,0.8,0.7884615384615384,0.43333333333333335,0.7777777777777778
205200,0.34210526315789475,0.75,0.7884615384615384,0.43333333333333335,0.7777777777777778
205500,0.35526315789473684,0.75,0.8076923076923077,0.43333333333333335,0.7777777777777778
205800,0.3157894736842105,0.75,0.8076923076923077,0.43333333333333335,0.75
206100,0.35526315789473684,0.75,0.8269230769230769,0.43333333333333335,0.75
206400,0.3157894736842105,0.75,0.8653846153846154,0.43333333333333335,0.75
206700,0.3026315789473684,0.8,0.8653846153846154,0.43333333333333335,0.75
207000,0.3026315789473684,0.85,0.8461538461538461,0.43333333333333335,0.8333333333333334
207300,0.3026315789473684,0.8,0.8461538461538461,0.43333333333333335,0.8055555555555556
207600,0.35526315789473684,0.75,0.8653846153846154,0.43333333333333335,0.8333333333333334
207900,0.35526315789473684,0.7,0.8653846153846154,0.4,0.8055555555555556
208200,0.3157894736842105,0.75,0.8653846153846154,0.4,0.8333333333333334
208500,0.3684210526315789,0.75,0.8653846153846154,0.4,0.8333333333333334
208800,0.3815789473684211,0.7,0.8846153846153846,0.36666666666666664,0.8333333333333334
209100,0.39473684210526316,0.65,0.8846153846153846,0.3333333333333333,0.8611111111111112
209400,0.35526315789473684,0.65,0.8846153846153846,0.3333333333333333,0.8611111111111112
209700,0.40789473684210525,0.7,0.8846153846153846,0.3333333333333333,0.8611111111111112
210000,0.39473684210526316,0.65,0.9230769230769231,0.3333333333333333,0.8333333333333334
210300,0.4342105263157895,0.6,0.9230769230769231,0.3333333333333333,0.8333333333333334
210600,0.4473684210526316,0.65,0.9230769230769231,0.36666666666666664,0.8055555555555556
210900,0.4342105263157895,0.65,0.9423076923076923,0.36666666666666664,0.7777777777777778
211200,0.4605263157894737,0.7,0.9423076923076923,0.4,0.75
211500,0.42105263157894735,0.75,0.9230769230769231,0.4,0.7777777777777778
211800,0.4342105263157895,0.75,0.9230769230769231,0.4,0.7777777777777778
212100,0.3815789473684211,0.8,0.9038461538461539,0.4,0.8055555555555556
212400,0.4473684210526316,0.85,0.9038461538461539,0.4,0.8055555555555556
212700,0.4473684210526316,0.85,0.9038461538461539,0.4,0.8333333333333334
213000,0.40789473684210525,0.9,0.9038461538461539,0.4666666666666667,0.8333333333333334
213300,0.47368421052631576,0.95,0.9230769230769231,0.4666666666666667,0.8611111111111112
213600,0.4342105263157895,0.95,0.9230769230769231,0.43333333333333335,0.8888888888888888
213900,0.47368421052631576,0.95,0.9423076923076923,0.43333333333333335,0.8611111111111112
214200,0.4605263157894737,0.95,0.9423076923076923,0.4666666666666667,0.8333333333333334
214500,0.47368421052631576,0.95,0.9423076923076923,0.43333333333333335,0.8333333333333334
214800,0.4342105263157895,0.9,0.9423076923076923,0.43333333333333335,0.8333333333333334
215100,0.47368421052631576,0.9,0.9423076923076923,0.43333333333333335,0.8333333333333334
215400,0.5131578947368421,0.9,0.9423076923076923,0.43333333333333335,0.8888888888888888
215700,0.5394736842105263,0.95,0.9423076923076923,0.4,0.8888888888888888
216000,0.5263157894736842,0.95,0.9230769230769231,0.43333333333333335,0.8888888888888888
216300,0.5921052631578947,0.95,0.9423076923076923,0.43333333333333335,0.8611111111111112
216600,0.5921052631578947,0.95,0.9230769230769231,0.5,0.8611111111111112
216900,0.5921052631578947,0.95,0.9230769230769231,0.4666666666666667,0.8333333333333334
217200,0.5789473684210527,0.95,0.9038461538461539,0.4666666666666667,0.8611111111111112
217500,0.5394736842105263,0.95,0.9038461538461539,0.4666666666666667,0.8611111111111112
217800,0.5789473684210527,0.95,0.8461538461538461,0.4666666666666667,0.8611111111111112
218100,0.5921052631578947,0.9,0.8653846153846154,0.5,0.8611111111111112
218400,0.5789473684210527,0.85,0.8269230769230769,0.5333333333333333,0.8333333333333334
218700,0.631578947368421,0.85,0.8461538461538461,0.5333333333333333,0.8333333333333334
219000,0.5526315789473685,0.85,0.8269230769230769,0.5333333333333333,0.8055555555555556
219300,0.6578947368421053,0.8,0.8269230769230769,0.5333333333333333,0.8055555555555556
219600,0.631578947368421,0.8,0.8461538461538461,0.5,0.8055555555555556
219900,0.6578947368421053,0.8,0.8461538461538461,0.4666666666666667,0.7777777777777778
220200,0.7105263157894737,0.85,0.8461538461538461,0.5,0.7777777777777778
220500,0.7105263157894737,0.9,0.8461538461538461,0.5333333333333333,0.8055555555555556
220800,0.6578947368421053,0.9,0.8653846153846154,0.5333333333333333,0.8055555555555556
221100,0.618421052631579,0.9,0.8846153846153846,0.6,0.8055555555555556
221400,0.6447368421052632,0.9,0.8653846153846154,0.6333333333333333,0.8055555555555556
221700,0.7105263157894737,0.9,0.8653846153846154,0.6333333333333333,0.8055555555555556
222000,0.7105263157894737,0.85,0.8846153846153846,0.6333333333333333,0.8333333333333334
222300,0.6578947368421053,0.9,0.8846153846153846,0.6333333333333333,0.8333333333333334
222600,0.631578947368421,0.95,0.8653846153846154,0.6666666666666666,0.8333333333333334
222900,0.631578947368421,0.9,0.8653846153846154,0.7,0.8333333333333334
223200,0.631578947368421,0.9,0.8461538461538461,0.7,0.8611111111111112
223500,0.618421052631579,0.85,0.8653846153846154,0.7333333333333333,0.8611111111111112
223800,0.6578947368421053,0.85,0.8653846153846154,0.7333333333333333,0.8611111111111112
224100,0.6710526315789473,0.85,0.9038461538461539,0.7666666666666667,0.8611111111111112
224400,0.618421052631579,0.85,0.9038461538461539,0.8,0.8611111111111112
224700,0.6973684210526315,0.85,0.9038461538461539,0.7666666666666667,0.8611111111111112
225000,0.6578947368421053,0.8,0.9038461538461539,0.7666666666666667,0.8611111111111112
225300,0.618421052631579,0.75,0.9230769230769231,0.7666666666666667,0.8611111111111112
225600,0.6710526315789473,0.75,0.9230769230769231,0.7666666666666667,0.8611111111111112
225900,0.6447368421052632,0.8,0.9230769230769231,0.7666666666666667,0.8611111111111112
226200,0.6973684210526315,0.8,0.9230769230769231,0.7666666666666667,0.8888888888888888
226500,0.631578947368421,0.75,0.9230769230769231,0.7666666666666667,0.9166666666666666
226800,0.6710526315789473,0.75,0.9423076923076923,0.7333333333333333,0.9166666666666666
227100,0.6842105263157895,0.8,0.9038461538461539,0.7666666666666667,0.9166666666666666
227400,0.6710526315789473,0.8,0.9230769230769231,0.7666666666666667,0.9166666666666666
227700,0.6973684210526315,0.85,0.9423076923076923,0.7666666666666667,0.9166666666666666
228000,0.6710526315789473,0.85,0.9615384615384616,0.7333333333333333,0.9166666666666666
228300,0.6578947368421053,0.75,0.9615384615384616,0.7666666666666667,0.9166666666666666
228600,0.7105263157894737,0.75,0.9615384615384616,0.7666666666666667,0.9166666666666666
228900,0.6710526315789473,0.75,0.9615384615384616,0.7666666666666667,0.9166666666666666
229200,0.6447368421052632,0.7,0.9615384615384616,0.7666666666666667,0.9166666666666666
229500,0.6842105263157895,0.75,0.9615384615384616,0.7666666666666667,0.9166666666666666
229800,0.6710526315789473,0.8,0.9615384615384616,0.7666666666666667,0.9166666666666666
230100,0.6710526315789473,0.8,0.9615384615384616,0.7666666666666667,0.9166666666666666
230400,0.6842105263157895,0.8,0.9615384615384616,0.8,0.9166666666666666
230700,0.75,0.75,0.9423076923076923,0.8,0.9166666666666666
231000,0.7368421052631579,0.75,0.9423076923076923,0.8,0.9166666666666666
231300,0.6973684210526315,0.75,0.9423076923076923,0.8333333333333334,0.9166666666666666
231600,0.6973684210526315,0.75,0.9230769230769231,0.8333333333333334,0.9166666666666666
231900,0.6842105263157895,0.7,0.9038461538461539,0.8333333333333334,0.9166666666666666
232200,0.7368421052631579,0.7,0.8461538461538461,0.8333333333333334,0.9166666666666666
232500,0.7368421052631579,0.55,0.8461538461538461,0.8333333333333334,0.9166666666666666
232800,0.6710526315789473,0.5,0.8653846153846154,0.8666666666666667,0.9166666666666666
233100,0.7105263157894737,0.5,0.8846153846153846,0.8666666666666667,0.9166666666666666
233400,0.7236842105263158,0.45,0.8653846153846154,0.8666666666666667,0.9166666666666666
233700,0.7368421052631579,0.5,0.8653846153846154,0.8666666666666667,0.9166666666666666
234000,0.6710526315789473,0.5,0.8653846153846154,0.8666666666666667,0.8888888888888888
234300,0.6842105263157895,0.5,0.8846153846153846,0.8666666666666667,0.8888888888888888
234600,0.7763157894736842,0.55,0.9038461538461539,0.8666666666666667,0.8333333333333334
234900,0.7236842105263158,0.55,0.9038461538461539,0.8666666666666667,0.7777777777777778
235200,0.7368421052631579,0.5,0.9423076923076923,0.9,0.8055555555555556
235500,0.6842105263157895,0.6,0.9615384615384616,0.9333333333333333,0.8055555555555556
235800,0.7631578947368421,0.7,0.9807692307692307,0.9333333333333333,0.7777777777777778
236100,0.7105263157894737,0.65,0.9807692307692307,0.9333333333333333,0.7777777777777778
236400,0.7105263157894737,0.7,0.9615384615384616,0.9333333333333333,0.8055555555555556
236700,0.7368421052631579,0.75,0.9615384615384616,0.9,0.8055555555555556
237000,0.7105263157894737,0.7,0.9615384615384616,0.9,0.8055555555555556
237300,0.7105263157894737,0.7,0.9423076923076923,0.9,0.8055555555555556
237600,0.7236842105263158,0.7,0.9423076923076923,0.9,0.8333333333333334
237900,0.6842105263157895,0.7,0.9230769230769231,0.9,0.8333333333333334
238200,0.6578947368421053,0.7,0.9230769230769231,0.9,0.8333333333333334
238500,0.6578947368421053,0.75,0.9423076923076923,0.9,0.8055555555555556
238800,0.6578947368421053,0.75,0.9615384615384616,0.9,0.8611111111111112
239100,0.6842105263157895,0.7,0.9615384615384616,0.9,0.8888888888888888
239400,0.7105263157894737,0.75,0.9615384615384616,0.9,0.8888888888888888
239700,0.7236842105263158,0.85,0.9615384615384616,0.9,0.8611111111111112
240000,0.618421052631579,0.85,0.9615384615384616,0.9,0.8333333333333334
240300,0.6578947368421053,0.85,0.9423076923076923,0.9333333333333333,0.8333333333333334
240600,0.7105263157894737,0.85,0.9423076923076923,0.9333333333333333,0.8611111111111112
240900,0.7105263157894737,0.85,0.9615384615384616,0.9333333333333333,0.8611111111111112
241200,0.6447368421052632,0.8,0.9615384615384616,0.9333333333333333,0.8333333333333334
241500,0.631578947368421,0.8,0.9615384615384616,0.9,0.8333333333333334
241800,0.6447368421052632,0.75,0.9423076923076923,0.8666666666666667,0.8333333333333334
242100,0.6710526315789473,0.7,0.9423076923076923,0.8333333333333334,0.7777777777777778
242400,0.6710526315789473,0.7,0.9230769230769231,0.8666666666666667,0.7777777777777778
242700,0.6710526315789473,0.7,0.8653846153846154,0.8666666666666667,0.8055555555555556
243000,0.6052631578947368,0.75,0.8653846153846154,0.8666666666666667,0.7777777777777778
243300,0.5789473684210527,0.75,0.8653846153846154,0.8666666666666667,0.7777777777777778
243600,0.618421052631579,0.75,0.8846153846153846,0.8666666666666667,0.75
243900,0.618421052631579,0.7,0.8846153846153846,0.8333333333333334,0.7777777777777778
244200,0.5789473684210527,0.7,0.8653846153846154,0.8,0.8055555555555556
244500,0.5657894736842105,0.75,0.8653846153846154,0.7666666666666667,0.75
244800,0.5131578947368421,0.8,0.8269230769230769,0.8,0.75
245100,0.5263157894736842,0.8,0.8076923076923077,0.8333333333333334,0.75
245400,0.5263157894736842,0.8,0.8076923076923077,0.8333333333333334,0.75
245700,0.618421052631579,0.8,0.8269230769230769,0.8333333333333334,0.75
246000,0.5526315789473685,0.8,0.8846153846153846,0.8333333333333334,0.7777777777777778
246300,0.5263157894736842,0.75,0.8846153846153846,0.8333333333333334,0.7777777777777778
246600,0.5,0.8,0.8846153846153846,0.8333333333333334,0.7777777777777778
246900,0.5,0.8,0.8846153846153846,0.8333333333333334,0.7777777777777778
247200,0.5,0.85,0.8846153846153846,0.8333333333333334,0.7777777777777778
247500,0.4473684210526316,0.8,0.9038461538461539,0.8,0.7777777777777778
247800,0.40789473684210525,0.8,0.9230769230769231,0.8,0.75
248100,0.3815789473684211,0.8,0.9230769230769231,0.8,0.75
248400,0.40789473684210525,0.8,0.9423076923076923,0.8,0.7222222222222222
248700,0.3815789473684211,0.8,0.9038461538461539,0.7666666666666667,0.7222222222222222
249000,0.34210526315789475,0.85,0.8846153846153846,0.7333333333333333,0.7222222222222222
249300,0.3157894736842105,0.9,0.9038461538461539,0.7333333333333333,0.6944444444444444
249600,0.3815789473684211,0.9,0.9230769230769231,0.7333333333333333,0.6944444444444444
249900,0.42105263157894735,0.95,0.9230769230769231,0.7666666666666667,0.6666666666666666
250200,0.40789473684210525,0.95,0.9038461538461539,0.7666666666666667,0.6666666666666666
250500,0.42105263157894735,0.95,0.8846153846153846,0.7666666666666667,0.6111111111111112
250800,0.39473684210526316,0.95,0.8846153846153846,0.7666666666666667,0.6111111111111112
251100,0.4473684210526316,0.95,0.9038461538461539,0.7333333333333333,0.6111111111111112
251400,0.39473684210526316,0.95,0.9038461538461539,0.7333333333333333,0.6111111111111112
251700,0.34210526315789475,0.9,0.9038461538461539,0.7666666666666667,0.6388888888888888
252000,0.35526315789473684,0.85,0.9038461538461539,0.7666666666666667,0.6666666666666666
252300,0.34210526315789475,0.85,0.9230769230769231,0.7666666666666667,0.6666666666666666
252600,0.40789473684210525,0.85,0.9230769230769231,0.7666666666666667,0.7222222222222222
252900,0.40789473684210525,0.85,0.9038461538461539,0.7333333333333333,0.75
253200,0.3684210526315789,0.85,0.8846153846153846,0.7333333333333333,0.75
253500,0.35526315789473684,0.85,0.9038461538461539,0.7666666666666667,0.7222222222222222
253800,0.42105263157894735,0.85,0.9230769230769231,0.7666666666666667,0.6944444444444444
254100,0.2894736842105263,0.85,0.9230769230769231,0.7333333333333333,0.6944444444444444
254400,0.2894736842105263,0.85,0.9038461538461539,0.7,0.6944444444444444
254700,0.27631578947368424,0.9,0.9038461538461539,0.7333333333333333,0.6944444444444444
255000,0.23684210526315788,0.95,0.8653846153846154,0.7333333333333333,0.7222222222222222
255300,0.23684210526315788,0.95,0.8846153846153846,0.7333333333333333,0.6666666666666666
255600,0.21052631578947367,0.9,0.9038461538461539,0.7,0.6666666666666666
255900,0.2631578947368421,0.85,0.9230769230769231,0.6666666666666666,0.6666666666666666
256200,0.21052631578947367,0.9,0.9038461538461539,0.7,0.6666666666666666
256500,0.2631578947368421,0.9,0.9038461538461539,0.6666666666666666,0.6388888888888888
256800,0.19736842105263158,0.9,0.9230769230769231,0.6333333333333333,0.5833333333333334
257100,0.25,0.9,0.9230769230769231,0.6333333333333333,0.5833333333333334
257400,0.19736842105263158,0.9,0.8846153846153846,0.5666666666666667,0.5833333333333334
257700,0.19736842105263158,0.9,0.9230769230769231,0.6,0.6111111111111112
258000,0.2236842105263158,0.9,0.9230769230769231,0.6,0.6111111111111112
258300,0.18421052631578946,0.9,0.8846153846153846,0.6333333333333333,0.6111111111111112
258600,0.19736842105263158,0.9,0.8846153846153846,0.6333333333333333,0.5833333333333334
258900,0.21052631578947367,0.85,0.8846153846153846,0.6666666666666666,0.5833333333333334
259200,0.18421052631578946,0.85,0.8846153846153846,0.7,0.5555555555555556
259500,0.17105263157894737,0.85,0.8846153846153846,0.6666666666666666,0.5277777777777778
259800,0.14473684210526316,0.85,0.8653846153846154,0.6333333333333333,0.5277777777777778
260100,0.13157894736842105,0.85,0.9038461538461539,0.6666666666666666,0.4722222222222222
260400,0.05263157894736842,0.9,0.9038461538461539,0.6666666666666666,0.3888888888888889
260700,0.05263157894736842,0.9,0.9038461538461539,0.6666666666666666,0.3611111111111111
261000,0.06578947368421052,0.9,0.9230769230769231,0.6,0.2777777777777778
261300,0.06578947368421052,0.9,0.9230769230769231,0.6,0.2222222222222222
261600,0.06578947368421052,0.9,0.9038461538461539,0.6,0.2222222222222222
261900,0.06578947368421052,0.95,0.8653846153846154,0.6,0.19444444444444445
262200,0.06578947368421052,0.95,0.8653846153846154,0.5333333333333333,0.16666666666666666
262500,0.06578947368421052,0.95,0.8846153846153846,0.5333333333333333,0.1388888888888889
262800,0.09210526315789473,0.95,0.9038461538461539,0.5333333333333333,0.1111111111111111
263100,0.07894736842105263,0.95,0.8846153846153846,0.5666666666666667,0.08333333333333333
263400,0.06578947368421052,0.9,0.9038461538461539,0.6,0.16666666666666666
263700,0.07894736842105263,0.9,0.9038461538461539,0.5333333333333333,0.1388888888888889
264000,0.09210526315789473,0.9,0.8653846153846154,0.5333333333333333,0.2222222222222222
264300,0.06578947368421052,0.9,0.8653846153846154,0.5333333333333333,0.3055555555555556
264600,0.07894736842105263,0.9,0.8461538461538461,0.5333333333333333,0.4166666666666667
264900,0.07894736842105263,0.9,0.8846153846153846,0.5,0.4166666666666667
265200,0.06578947368421052,0.9,0.8846153846153846,0.4666666666666667,0.5
265500,0.07894736842105263,0.9,0.8846153846153846,0.4666666666666667,0.5
265800,0.09210526315789473,0.9,0.8846153846153846,0.4666666666666667,0.4722222222222222
266100,0.09210526315789473,0.9,0.8846153846153846,0.4666666666666667,0.4722222222222222
266400,0.10526315789473684,0.9,0.8846153846153846,0.5,0.4722222222222222
266700,0.13157894736842105,0.95,0.8653846153846154,0.5,0.4722222222222222
267000,0.10526315789473684,0.95,0.8461538461538461,0.5333333333333333,0.4722222222222222
267300,0.14473684210526316,1.0,0.8461538461538461,0.5,0.4444444444444444
267600,0.10526315789473684,1.0,0.8461538461538461,0.5,0.4722222222222222
267900,0.11842105263157894,1.0,0.8461538461538461,0.5,0.5277777777777778
268200,0.13157894736842105,1.0,0.8461538461538461,0.5,0.4722222222222222
268500,0.15789473684210525,1.0,0.8269230769230769,0.5333333333333333,0.4444444444444444
268800,0.13157894736842105,1.0,0.8076923076923077,0.5,0.4166666666666667
269100,0.14473684210526316,1.0,0.7884615384615384,0.5,0.3888888888888889
269400,0.11842105263157894,1.0,0.7884615384615384,0.4666666666666667,0.3888888888888889
269700,0.10526315789473684,1.0,0.7884615384615384,0.4666666666666667,0.3611111111111111
270000,0.13157894736842105,1.0,0.7884615384615384,0.5333333333333333,0.3611111111111111
270300,0.11842105263157894,1.0,0.7884615384615384,0.5333333333333333,0.3333333333333333
270600,0.11842105263157894,1.0,0.8076923076923077,0.5333333333333333,0.3888888888888889
270900,0.10526315789473684,0.95,0.8269230769230769,0.5333333333333333,0.3888888888888889
271200,0.13157894736842105,0.95,0.8076923076923077,0.5,0.3888888888888889
271500,0.13157894736842105,0.95,0.8076923076923077,0.5,0.3611111111111111
271800,0.10526315789473684,0.95,0.8269230769230769,0.5,0.3611111111111111
272100,0.13157894736842105,1.0,0.8269230769230769,0.4666666666666667,0.3611111111111111
272400,0.11842105263157894,1.0,0.8461538461538461,0.4666666666666667,0.4444444444444444
272700,0.10526315789473684,1.0,0.8461538461538461,0.4666666666666667,0.4444444444444444
273000,0.09210526315789473,1.0,0.8269230769230769,0.4666666666666667,0.4722222222222222
273300,0.10526315789473684,1.0,0.8269230769230769,0.4666666666666667,0.5
273600,0.09210526315789473,1.0,0.8269230769230769,0.4666666666666667,0.5
273900,0.07894736842105263,1.0,0.8269230769230769,0.4666666666666667,0.5277777777777778
274200,0.07894736842105263,1.0,0.8653846153846154,0.4666666666666667,0.4722222222222222
274500,0.07894736842105263,1.0,0.8846153846153846,0.4666666666666667,0.4722222222222222
274800,0.09210526315789473,1.0,0.8653846153846154,0.4666666666666667,0.4444444444444444
275100,0.07894736842105263,1.0,0.8653846153846154,0.43333333333333335,0.4444444444444444
275400,0.07894736842105263,1.0,0.8653846153846154,0.43333333333333335,0.4166666666666667
275700,0.09210526315789473,1.0,0.8653846153846154,0.43333333333333335,0.3888888888888889
276000,0.06578947368421052,1.0,0.8653846153846154,0.43333333333333335,0.4166666666666667
276300,0.06578947368421052,1.0,0.8269230769230769,0.4666666666666667,0.3888888888888889
276600,0.07894736842105263,1.0,0.8269230769230769,0.4666666666666667,0.3888888888888889
276900,0.07894736842105263,1.0,0.8269230769230769,0.5,0.4166666666666667
277200,0.06578947368421052,1.0,0.8076923076923077,0.5,0.4722222222222222
277500,0.06578947368421052,1.0,0.8076923076923077,0.5,0.4722222222222222
277800,0.06578947368421052,1.0,0.8461538461538461,0.5,0.4722222222222222
278100,0.06578947368421052,1.0,0.8269230769230769,0.5,0.4722222222222222
278400,0.06578947368421052,1.0,0.8269230769230769,0.4666666666666667,0.4444444444444444
278700,0.06578947368421052,1.0,0.8076923076923077,0.4666666666666667,0.4166666666666667
279000,0.06578947368421052,1.0,0.7884615384615384,0.4666666666666667,0.3888888888888889
279300,0.06578947368421052,0.9,0.7884615384615384,0.4666666666666667,0.3888888888888889
279600,0.06578947368421052,1.0,0.7692307692307693,0.4666666666666667,0.3888888888888889
279900,0.07894736842105263,1.0,0.75,0.43333333333333335,0.3888888888888889
280200,0.07894736842105263,1.0,0.75,0.43333333333333335,0.3611111111111111
280500,0.06578947368421052,1.0,0.75,0.43333333333333335,0.2777777777777778
280800,0.09210526315789473,1.0,0.7692307692307693,0.43333333333333335,0.2777777777777778
281100,0.09210526315789473,1.0,0.75,0.4666666666666667,0.3333333333333333
281400,0.07894736842105263,1.0,0.75,0.4666666666666667,0.3333333333333333
281700,0.09210526315789473,1.0,0.75,0.4666666666666667,0.3055555555555556
282000,0.09210526315789473,1.0,0.7307692307692307,0.4666666666666667,0.3333333333333333
282300,0.09210526315789473,1.0,0.7307692307692307,0.4666666666666667,0.2777777777777778
282600,0.09210526315789473,1.0,0.75,0.4666666666666667,0.3333333333333333
282900,0.10526315789473684,1.0,0.75,0.4666666666666667,0.2777777777777778
283200,0.09210526315789473,0.95,0.7884615384615384,0.4666666666666667,0.2777777777777778
283500,0.10526315789473684,0.95,0.7884615384615384,0.4666666666666667,0.3888888888888889
283800,0.10526315789473684,0.95,0.7884615384615384,0.4666666666666667,0.3888888888888889
284100,0.10526315789473684,0.95,0.7884615384615384,0.43333333333333335,0.3333333333333333
284400,0.11842105263157894,0.95,0.7692307692307693,0.43333333333333335,0.3611111111111111
284700,0.14473684210526316,0.95,0.8076923076923077,0.5,0.3611111111111111
285000,0.15789473684210525,0.95,0.7884615384615384,0.5,0.3888888888888889
285300,0.15789473684210525,0.9,0.7884615384615384,0.4666666666666667,0.4166666666666667
285600,0.17105263157894737,0.9,0.7692307692307693,0.43333333333333335,0.4722222222222222
285900,0.15789473684210525,0.9,0.7692307692307693,0.43333333333333335,0.5
286200,0.17105263157894737,0.9,0.7692307692307693,0.4,0.4444444444444444
286500,0.15789473684210525,0.9,0.75,0.4,0.4444444444444444
286800,0.18421052631578946,0.8,0.75,0.43333333333333335,0.4444444444444444
287100,0.17105263157894737,0.9,0.75,0.43333333333333335,0.4166666666666667
287400,0.18421052631578946,0.9,0.75,0.43333333333333335,0.4722222222222222
287700,0.19736842105263158,0.9,0.7692307692307693,0.43333333333333335,0.5
288000,0.19736842105263158,0.9,0.75,0.4666666666666667,0.5555555555555556
288300,0.21052631578947367,0.9,0.75,0.5,0.6388888888888888
288600,0.19736842105263158,0.85,0.75,0.5,0.6944444444444444
288900,0.2236842105263158,0.95,0.7884615384615384,0.5,0.7222222222222222
289200,0.2236842105263158,1.0,0.8269230769230769,0.5,0.75
289500,0.25,0.95,0.8076923076923077,0.5,0.7222222222222222
289800,0.2631578947368421,0.95,0.8076923076923077,0.5,0.7222222222222222
290100,0.25,0.95,0.8076923076923077,0.5,0.75
290400,0.27631578947368424,0.95,0.8076923076923077,0.5333333333333333,0.75
290700,0.3026315789473684,0.95,0.8076923076923077,0.5333333333333333,0.75
291000,0.3157894736842105,0.95,0.8076923076923077,0.5333333333333333,0.75
291300,0.0,0.0,0.8076923076923077,0.5333333333333333,0.75
291600,0.2894736842105263,0.95,0.8076923076923077,0.5333333333333333,0.75
291900,0.3026315789473684,0.95,0.7692307692307693,0.5333333333333333,0.75
292200,0.32894736842105265,0.95,0.7884615384615384,0.5333333333333333,0.75
292500,0.35526315789473684,0.95,0.7884615384615384,0.5,0.75
292800,0.32894736842105265,0.95,0.8076923076923077,0.5,0.8611111111111112
293100,0.35526315789473684,0.95,0.8076923076923077,0.5,0.8611111111111112
293400,0.35526315789473684,0.95,0.8269230769230769,0.5333333333333333,0.8888888888888888
293700,0.39473684210526316,0.9,0.8076923076923077,0.5333333333333333,0.8888888888888888
294000,0.3815789473684211,0.9,0.8076923076923077,0.5333333333333333,0.9166666666666666
294300,0.39473684210526316,0.85,0.75,0.5333333333333333,0.9166666666666666
294600,0.42105263157894735,0.9,0.75,0.5333333333333333,0.9166666666666666
294900,0.39473684210526316,0.9,0.7884615384615384,0.5333333333333333,0.9166666666666666
295200,0.3815789473684211,0.9,0.8269230769230769,0.5333333333333333,0.9166666666666666
295500,0.42105263157894735,0.85,0.8269230769230769,0.5666666666666667,0.9166666666666666
295800,0.42105263157894735,0.8,0.8653846153846154,0.6,0.9166666666666666
296100,0.4342105263157895,0.8,0.8653846153846154,0.6,0.9166666666666666
296400,0.4473684210526316,0.8,0.8269230769230769,0.5666666666666667,0.9166666666666666
296700,0.4605263157894737,0.85,0.8076923076923077,0.5666666666666667,0.9166666666666666
297000,0.47368421052631576,0.9,0.8076923076923077,0.5666666666666667,0.9166666666666666
297300,0.4605263157894737,0.9,0.7884615384615384,0.5333333333333333,0.9166666666666666
297600,0.4342105263157895,0.9,0.8076923076923077,0.5333333333333333,0.9166666666666666
297900,0.4605263157894737,0.9,0.8076923076923077,0.5333333333333333,0.9166666666666666
298200,0.4605263157894737,0.8,0.8269230769230769,0.5333333333333333,0.9166666666666666
298500,0.0,0.0,0.8846153846153846,0.5666666666666667,0.8888888888888888
298800,0.5,0.8,0.8846153846153846,0.5666666666666667,0.8611111111111112
299100,0.5131578947368421,0.75,0.8846153846153846,0.5666666666666667,0.8611111111111112
299400,0.5131578947368421,0.8,0.8846153846153846,0.5666666666666667,0.8611111111111112
299700,0.5263157894736842,0.8,0.8846153846153846,0.5666666666666667,0.8611111111111112
300000,0.5263157894736842,0.8,0.9038461538461539,0.5666666666666667,0.8888888888888888
300300,0.5,0.75,0.9038461538461539,0.6333333333333333,0.8888888888888888
300600,0.5657894736842105,0.75,0.9038461538461539,0.6333333333333333,0.8888888888888888
300900,0.5526315789473685,0.75,0.9038461538461539,0.6333333333333333,0.8888888888888888
301200,0.5526315789473685,0.85,0.9230769230769231,0.6,0.8888888888888888
301500,0.5131578947368421,0.85,0.9230769230769231,0.6,0.8888888888888888
301800,0.5131578947368421,0.8,0.9230769230769231,0.6,0.8611111111111112
302100,0.5,0.85,0.9230769230769231,0.6,0.8333333333333334
302400,0.5,0.8,0.9038461538461539,0.6,0.8333333333333334
302700,0.5,0.85,0.8846153846153846,0.6333333333333333,0.8055555555555556
303000,0.4605263157894737,0.85,0.8076923076923077,0.6,0.7777777777777778
303300,0.47368421052631576,0.85,0.7692307692307693,0.6,0.7777777777777778
303600,0.4868421052631579,0.8,0.7692307692307693,0.6333333333333333,0.75
303900,0.4473684210526316,0.8,0.7692307692307693,0.6333333333333333,0.75
304200,0.4473684210526316,0.8,0.8076923076923077,0.6333333333333333,0.7222222222222222
304500,0.4473684210526316,0.8,0.8076923076923077,0.6333333333333333,0.7222222222222222
304800,0.39473684210526316,0.85,0.8076923076923077,0.6333333333333333,0.75
305100,0.40789473684210525,0.85,0.8076923076923077,0.6666666666666666,0.7777777777777778
305400,0.42105263157894735,0.9,0.8269230769230769,0.6666666666666666,0.8055555555555556
305700,0.0,0.0,0.8653846153846154,0.6666666666666666,0.8333333333333334
306000,0.42105263157894735,0.95,0.8653846153846154,0.6666666666666666,0.8333333333333334
306300,0.4342105263157895,0.95,0.8653846153846154,0.6333333333333333,0.8333333333333334
306600,0.47368421052631576,1.0,0.8846153846153846,0.6333333333333333,0.8333333333333334
306900,0.3684210526315789,1.0,0.8653846153846154,0.6666666666666666,0.8611111111111112
307200,0.4342105263157895,1.0,0.8269230769230769,0.6666666666666666,0.8333333333333334
307500,0.42105263157894735,1.0,0.8269230769230769,0.7,0.8888888888888888
307800,0.5,0.95,0.8269230769230769,0.7,0.8333333333333334
308100,0.5131578947368421,0.95,0.8269230769230769,0.7,0.8333333333333334
308400,0.5131578947368421,0.95,0.8461538461538461,0.7,0.8611111111111112
308700,0.5263157894736842,0.95,0.8653846153846154,0.7,0.8611111111111112
309000,0.5526315789473685,0.95,0.8846153846153846,0.7,0.8611111111111112
309300,0.5921052631578947,0.9,0.8846153846153846,0.6666666666666666,0.8611111111111112
309600,0.5789473684210527,0.9,0.8653846153846154,0.7,0.8611111111111112
309900,0.5789473684210527,0.85,0.8653846153846154,0.7,0.8611111111111112
310200,0.5921052631578947,0.85,0.8653846153846154,0.7333333333333333,0.8611111111111112
310500,0.5526315789473685,0.85,0.8846153846153846,0.8,0.8611111111111112
310800,0.5657894736842105,0.75,0.9038461538461539,0.7666666666666667,0.8888888888888888
311100,0.5921052631578947,0.75,0.8846153846153846,0.7666666666666667,0.9166666666666666
311400,0.5789473684210527,0.75,0.8653846153846154,0.7666666666666667,0.9166666666666666
311700,0.5921052631578947,0.8,0.8846153846153846,0.7666666666666667,0.9166666666666666
312000,0.5657894736842105,0.75,0.8846153846153846,0.8,0.9166666666666666
312300,0.5921052631578947,0.7,0.8846153846153846,0.8333333333333334,0.9166666666666666
312600,0.618421052631579,0.7,0.8846153846153846,0.4666666666666667,0.9166666666666666
312900,0.5657894736842105,0.7,0.9038461538461539,0.8,0.9166666666666666
313200,0.6052631578947368,0.7,0.9038461538461539,0.8,0.9166666666666666
313500,0.4868421052631579,0.65,0.9038461538461539,0.8,0.9166666666666666
313800,0.5526315789473685,0.65,0.8846153846153846,0.8,0.9166666666666666
314100,0.631578947368421,0.6,0.8846153846153846,0.8,0.9166666666666666
314400,0.5921052631578947,0.7,0.9038461538461539,0.8,0.9166666666666666
314700,0.6447368421052632,0.75,0.9423076923076923,0.8,0.8888888888888888
315000,0.618421052631579,0.75,0.9230769230769231,0.7333333333333333,0.8888888888888888
315300,0.618421052631579,0.75,0.9423076923076923,0.7,0.8888888888888888
315600,0.5921052631578947,0.8,0.9038461538461539,0.7,0.8888888888888888
315900,0.6447368421052632,0.8,0.9038461538461539,0.7,0.9166666666666666
316200,0.5921052631578947,0.8,0.9038461538461539,0.6666666666666666,0.8888888888888888
316500,0.6052631578947368,0.8,0.9038461538461539,0.7,0.8611111111111112
316800,0.618421052631579,0.75,0.9038461538461539,0.7,0.8611111111111112
317100,0.5657894736842105,0.7,0.9038461538461539,0.7,0.8611111111111112
317400,0.618421052631579,0.7,0.9230769230769231,0.7,0.8611111111111112
317700,0.5657894736842105,0.65,0.9038461538461539,0.7,0.8611111111111112
318000,0.5789473684210527,0.65,0.9230769230769231,0.7666666666666667,0.8888888888888888
318300,0.618421052631579,0.7,0.9230769230769231,0.7666666666666667,0.8888888888888888
318600,0.6578947368421053,0.65,0.9230769230769231,0.8333333333333334,0.8611111111111112
318900,0.6052631578947368,0.65,0.9230769230769231,0.8666666666666667,0.8888888888888888
319200,0.5789473684210527,0.7,0.9230769230769231,0.8666666666666667,0.8888888888888888
319500,0.5657894736842105,0.7,0.9423076923076923,0.8333333333333334,0.9166666666666666
319800,0.618421052631579,0.75,0.9230769230769231,0.8333333333333334,0.9166666666666666
320100,0.0,0.0,0.9615384615384616,0.8333333333333334,0.9166666666666666
320400,0.618421052631579,0.75,0.9615384615384616,0.8333333333333334,0.9444444444444444
320700,0.6578947368421053,0.7,0.9807692307692307,0.8,0.9444444444444444
321000,0.6710526315789473,0.75,0.9807692307692307,0.7666666666666667,0.9444444444444444
321300,0.6447368421052632,0.7,0.9807692307692307,0.8,0.9166666666666666
321600,0.7105263157894737,0.7,0.9807692307692307,0.8333333333333334,0.9166666666666666
321900,0.6578947368421053,0.65,0.9615384615384616,0.8,0.9166666666666666
322200,0.6710526315789473,0.7,0.9423076923076923,0.8,0.9166666666666666
322500,0.6710526315789473,0.75,0.9423076923076923,0.8,0.8888888888888888
322800,0.6447368421052632,0.7,0.9615384615384616,0.7666666666666667,0.8888888888888888
323100,0.631578947368421,0.7,0.9423076923076923,0.8,0.8888888888888888
323400,0.6447368421052632,0.7,0.9423076923076923,0.8,0.9166666666666666
323700,0.631578947368421,0.8,0.9423076923076923,0.8,0.9166666666666666
324000,0.5921052631578947,0.85,0.9230769230769231,0.8,0.8888888888888888
324300,0.631578947368421,0.8,0.9038461538461539,0.8,0.8888888888888888
324600,0.618421052631579,0.85,0.9230769230769231,0.8,0.8888888888888888
324900,0.631578947368421,0.85,0.9230769230769231,0.7666666666666667,0.8888888888888888
325200,0.6052631578947368,0.85,0.9230769230769231,0.7666666666666667,0.8888888888888888
325500,0.6973684210526315,0.85,0.9230769230769231,0.7333333333333333,0.8888888888888888
325800,0.631578947368421,0.9,0.9038461538461539,0.7333333333333333,0.8888888888888888
326100,0.6578947368421053,0.9,0.8846153846153846,0.7333333333333333,0.8888888888888888
326400,0.6973684210526315,0.9,0.8846153846153846,0.7333333333333333,0.8333333333333334
326700,0.631578947368421,0.9,0.8846153846153846,0.7333333333333333,0.8333333333333334
327000,0.7236842105263158,0.9,0.8846153846153846,0.7333333333333333,0.8611111111111112
327300,0.6842105263157895,0.85,0.9038461538461539,0.7666666666666667,0.8611111111111112
327600,0.6578947368421053,0.85,0.9423076923076923,0.7333333333333333,0.8333333333333334
327900,0.5921052631578947,0.85,0.9423076923076923,0.7666666666666667,0.8333333333333334
328200,0.6578947368421053,0.75,0.9423076923076923,0.7666666666666667,0.8055555555555556
328500,0.5921052631578947,0.7,0.9615384615384616,0.7333333333333333,0.7777777777777778
328800,0.5657894736842105,0.7,0.9615384615384616,0.6666666666666666,0.8055555555555556
329100,0.631578947368421,0.7,0.9423076923076923,0.6333333333333333,0.8333333333333334
329400,0.5789473684210527,0.7,0.9038461538461539,0.6,0.8333333333333334
329700,0.6578947368421053,0.7,0.8846153846153846,0.5666666666666667,0.8611111111111112
330000,0.618421052631579,0.65,0.8653846153846154,0.5333333333333333,0.8611111111111112
330300,0.5921052631578947,0.7,0.8846153846153846,0.5,0.8333333333333334
330600,0.5921052631578947,0.75,0.8461538461538461,0.5,0.8333333333333334
330900,0.6052631578947368,0.75,0.8461538461538461,0.5,0.8055555555555556
331200,0.5131578947368421,0.75,0.8461538461538461,0.5333333333333333,0.7777777777777778
331500,0.5789473684210527,0.75,0.8269230769230769,0.5333333333333333,0.8055555555555556
331800,0.5,0.85,0.8461538461538461,0.5666666666666667,0.8055555555555556
332100,0.5526315789473685,0.85,0.8653846153846154,0.5666666666666667,0.75
332400,0.5526315789473685,0.75,0.8653846153846154,0.5666666666666667,0.7222222222222222
332700,0.5,0.8,0.8846153846153846,0.5666666666666667,0.6944444444444444
333000,0.5657894736842105,0.75,0.8653846153846154,0.5666666666666667,0.6944444444444444
333300,0.5,0.85,0.8653846153846154,0.6,0.6666666666666666
333600,0.47368421052631576,0.85,0.8846153846153846,0.6,0.6666666666666666
333900,0.5394736842105263,0.8,0.9038461538461539,0.6,0.6666666666666666
334200,0.4868421052631579,0.8,0.9230769230769231,0.6333333333333333,0.6388888888888888
334500,0.4473684210526316,0.8,0.9230769230769231,0.6,0.6388888888888888
334800,0.42105263157894735,0.8,0.8846153846153846,0.6,0.6666666666666666
335100,0.4473684210526316,0.8,0.9230769230769231,0.6,0.6388888888888888
335400,0.39473684210526316,0.8,0.9038461538461539,0.6,0.6388888888888888
335700,0.32894736842105265,0.9,0.8846153846153846,0.6333333333333333,0.6388888888888888
336000,0.3815789473684211,0.9,0.8846153846153846,0.6,0.6388888888888888
336300,0.39473684210526316,0.9,0.8846153846153846,0.5666666666666667,0.6388888888888888
336600,0.39473684210526316,0.9,0.8846153846153846,0.5666666666666667,0.6666666666666666
336900,0.3815789473684211,0.85,0.8846153846153846,0.6,0.6388888888888888
337200,0.34210526315789475,0.85,0.8653846153846154,0.6,0.6388888888888888
337500,0.3815789473684211,0.9,0.8846153846153846,0.6333333333333333,0.6666666666666666
337800,0.39473684210526316,0.95,0.8653846153846154,0.6333333333333333,0.6666666666666666
338100,0.3157894736842105,0.95,0.8653846153846154,0.6,0.6944444444444444
338400,0.34210526315789475,0.95,0.8461538461538461,0.6,0.6944444444444444
338700,0.34210526315789475,0.95,0.8269230769230769,0.5666666666666667,0.6944444444444444
339000,0.3684210526315789,0.95,0.8461538461538461,0.5666666666666667,0.7222222222222222
339300,0.35526315789473684,1.0,0.8846153846153846,0.5666666666666667,0.6944444444444444
339600,0.3157894736842105,1.0,0.9038461538461539,0.6,0.6944444444444444
339900,0.3026315789473684,1.0,0.8653846153846154,0.6333333333333333,0.6666666666666666
340200,0.3026315789473684,1.0,0.8846153846153846,0.6666666666666666,0.6666666666666666
340500,0.2894736842105263,1.0,0.8461538461538461,0.6666666666666666,0.6944444444444444
340800,0.21052631578947367,1.0,0.8653846153846154,0.7,0.6388888888888888
341100,0.2631578947368421,1.0,0.8846153846153846,0.6666666666666666,0.5833333333333334
341400,0.25,1.0,0.9230769230769231,0.7,0.5833333333333334
341700,0.2236842105263158,1.0,0.9038461538461539,0.7333333333333333,0.5833333333333334
342000,0.23684210526315788,1.0,0.9230769230769231,0.7333333333333333,0.5555555555555556
342300,0.2236842105263158,1.0,0.9230769230769231,0.7666666666666667,0.5555555555555556
342600,0.23684210526315788,0.95,0.9423076923076923,0.7666666666666667,0.5555555555555556
342900,0.2236842105263158,0.9,0.9423076923076923,0.7666666666666667,0.5833333333333334
343200,0.23684210526315788,0.9,0.9423076923076923,0.7666666666666667,0.5833333333333334
343500,0.2236842105263158,0.9,0.9423076923076923,0.7333333333333333,0.5833333333333334
343800,0.19736842105263158,0.9,0.9423076923076923,0.7333333333333333,0.5833333333333334
344100,0.17105263157894737,0.9,0.9423076923076923,0.7,0.6111111111111112
344400,0.17105263157894737,0.95,0.9423076923076923,0.7,0.5833333333333334
344700,0.18421052631578946,1.0,0.9807692307692307,0.7333333333333333,0.5833333333333334
345000,0.13157894736842105,1.0,0.9807692307692307,0.7333333333333333,0.5555555555555556
345300,0.13157894736842105,0.95,0.9807692307692307,0.7333333333333333,0.5277777777777778
345600,0.11842105263157894,0.95,0.9807692307692307,0.7,0.5277777777777778
345900,0.09210526315789473,0.95,0.9807692307692307,0.6666666666666666,0.4444444444444444
346200,0.14473684210526316,0.95,0.9807692307692307,0.6666666666666666,0.3611111111111111
346500,0.14473684210526316,0.95,0.9615384615384616,0.6666666666666666,0.3611111111111111
346800,0.11842105263157894,0.95,0.9615384615384616,0.6666666666666666,0.3611111111111111
347100,0.09210526315789473,0.95,0.9615384615384616,0.6,0.3611111111111111
347400,0.06578947368421052,0.95,0.9615384615384616,0.6,0.4166666666666667
347700,0.06578947368421052,1.0,0.9615384615384616,0.6,0.3611111111111111
348000,0.10526315789473684,1.0,0.9038461538461539,0.6333333333333333,0.3611111111111111
348300,0.07894736842105263,1.0,0.8846153846153846,0.6333333333333333,0.2777777777777778
348600,0.07894736842105263,1.0,0.8653846153846154,0.6333333333333333,0.2777777777777778
348900,0.0,0.0,0.8461538461538461,0.6333333333333333,0.3055555555555556
349200,0.07894736842105263,0.95,0.8461538461538461,0.6666666666666666,0.3333333333333333
349500,0.07894736842105263,0.95,0.8461538461538461,0.6333333333333333,0.3333333333333333
349800,0.06578947368421052,0.95,0.8461538461538461,0.6,0.3055555555555556
350100,0.09210526315789473,0.95,0.8653846153846154,0.6,0.4166666666666667
350400,0.10526315789473684,0.95,0.8653846153846154,0.6333333333333333,0.3888888888888889
350700,0.13157894736842105,0.95,0.8653846153846154,0.6,0.3888888888888889
351000,0.13157894736842105,0.95,0.8653846153846154,0.5333333333333333,0.3888888888888889
351300,0.13157894736842105,0.95,0.8653846153846154,0.5,0.3611111111111111
351600,0.14473684210526316,0.95,0.8846153846153846,0.4666666666666667,0.3611111111111111
351900,0.11842105263157894,0.95,0.8846153846153846,0.4666666666666667,0.4166666666666667
352200,0.14473684210526316,0.9,0.8653846153846154,0.4666666666666667,0.4444444444444444
352500,0.15789473684210525,0.9,0.8846153846153846,0.5,0.4722222222222222
352800,0.17105263157894737,0.9,0.8846153846153846,0.5,0.4722222222222222
353100,0.18421052631578946,0.9,0.8846153846153846,0.5,0.5
353400,0.14473684210526316,0.9,0.8846153846153846,0.5,0.5
353700,0.11842105263157894,0.9,0.8846153846153846,0.5333333333333333,0.5
354000,0.11842105263157894,0.9,0.8653846153846154,0.5333333333333333,0.5833333333333334
354300,0.14473684210526316,0.9,0.8653846153846154,0.5333333333333333,0.5833333333333334
354600,0.13157894736842105,0.9,0.8653846153846154,0.4666666666666667,0.5555555555555556
354900,0.09210526315789473,0.9,0.8653846153846154,0.4666666666666667,0.4722222222222222
355200,0.09210526315789473,0.95,0.8846153846153846,0.4666666666666667,0.4722222222222222
355500,0.06578947368421052,0.95,0.8846153846153846,0.5,0.5
355800,0.05263157894736842,0.95,0.8846153846153846,0.5,0.5
356100,0.07894736842105263,0.95,0.8846153846153846,0.4666666666666667,0.4444444444444444
356400,0.07894736842105263,0.95,0.8653846153846154,0.4666666666666667,0.4444444444444444
356700,0.06578947368421052,0.95,0.8653846153846154,0.4666666666666667,0.4444444444444444
357000,0.06578947368421052,1.0,0.8846153846153846,0.4666666666666667,0.4166666666666667
357300,0.06578947368421052,1.0,0.8846153846153846,0.5,0.4166666666666667
357600,0.039473684210526314,1.0,0.8846153846153846,0.5,0.4166666666666667
357900,0.06578947368421052,1.0,0.8846153846153846,0.5,0.4166666666666667
358200,0.07894736842105263,1.0,0.8846153846153846,0.5,0.3888888888888889
358500,0.09210526315789473,1.0,0.8461538461538461,0.4666666666666667,0.4444444444444444
358800,0.09210526315789473,1.0,0.8461538461538461,0.43333333333333335,0.4444444444444444
359100,0.06578947368421052,1.0,0.8461538461538461,0.5,0.5
359400,0.09210526315789473,1.0,0.8653846153846154,0.5,0.5
359700,0.13157894736842105,1.0,0.8653846153846154,0.5333333333333333,0.5
360000,0.13157894736842105,1.0,0.8653846153846154,0.5333333333333333,0.5277777777777778
360300,0.09210526315789473,1.0,0.8653846153846154,0.5333333333333333,0.5
360600,0.09210526315789473,1.0,0.8653846153846154,0.5333333333333333,0.5
360900,0.06578947368421052,1.0,0.8269230769230769,0.5333333333333333,0.5
361200,0.09210526315789473,1.0,0.8269230769230769,0.5333333333333333,0.4722222222222222
361500,0.09210526315789473,1.0,0.7884615384615384,0.5333333333333333,0.4722222222222222
361800,0.09210526315789473,1.0,0.7692307692307693,0.5333333333333333,0.4722222222222222
362100,0.06578947368421052,1.0,0.7692307692307693,0.5333333333333333,0.4444444444444444
362400,0.06578947368421052,1.0,0.7692307692307693,0.5666666666666667,0.4444444444444444
362700,0.10526315789473684,1.0,0.7692307692307693,0.5666666666666667,0.4722222222222222
363000,0.10526315789473684,1.0,0.7884615384615384,0.5333333333333333,0.5
363300,0.10526315789473684,1.0,0.7884615384615384,0.5333333333333333,0.5
363600,0.06578947368421052,1.0,0.7884615384615384,0.5333333333333333,0.4722222222222222
363900,0.07894736842105263,1.0,0.7692307692307693,0.5333333333333333,0.4444444444444444
364200,0.11842105263157894,1.0,0.75,0.5333333333333333,0.4722222222222222
364500,0.07894736842105263,1.0,0.7692307692307693,0.5333333333333333,0.4444444444444444
364800,0.06578947368421052,1.0,0.7692307692307693,0.5333333333333333,0.5
365100,0.10526315789473684,1.0,0.7692307692307693,0.5,0.4722222222222222
365400,0.10526315789473684,1.0,0.75,0.5,0.4444444444444444
365700,0.07894736842105263,1.0,0.7692307692307693,0.5,0.4444444444444444
366000,0.10526315789473684,0.95,0.7692307692307693,0.5,0.3611111111111111
366300,0.10526315789473684,0.95,0.7692307692307693,0.5333333333333333,0.3611111111111111
366600,0.11842105263157894,0.95,0.7884615384615384,0.5333333333333333,0.4166666666666667
366900,0.11842105263157894,0.95,0.7884615384615384,0.5333333333333333,0.3888888888888889
367200,0.10526315789473684,0.95,0.7884615384615384,0.5,0.3888888888888889
367500,0.10526315789473684,0.95,0.8076923076923077,0.5666666666666667,0.3611111111111111
367800,0.10526315789473684,0.95,0.7692307692307693,0.5666666666666667,0.4166666666666667
368100,0.09210526315789473,1.0,0.75,0.5333333333333333,0.3888888888888889
368400,0.10526315789473684,1.0,0.75,0.5,0.3888888888888889
368700,0.11842105263157894,1.0,0.75,0.5,0.3611111111111111
369000,0.09210526315789473,1.0,0.75,0.4666666666666667,0.3611111111111111
369300,0.06578947368421052,1.0,0.75,0.4666666666666667,0.3333333333333333
369600,0.11842105263157894,1.0,0.7307692307692307,0.4666666666666667,0.3055555555555556
369900,0.11842105263157894,1.0,0.7692307692307693,0.4666666666666667,0.3055555555555556
370200,0.13157894736842105,1.0,0.7884615384615384,0.5,0.2777777777777778
370500,0.13157894736842105,1.0,0.7884615384615384,0.5333333333333333,0.3333333333333333
370800,0.13157894736842105,1.0,0.7884615384615384,0.5333333333333333,0.3888888888888889
371100,0.14473684210526316,1.0,0.7884615384615384,0.5333333333333333,0.4444444444444444
371400,0.15789473684210525,1.0,0.7692307692307693,0.5333333333333333,0.4444444444444444
371700,0.15789473684210525,1.0,0.7884615384615384,0.5666666666666667,0.4444444444444444
372000,0.17105263157894737,1.0,0.7884615384615384,0.6,0.4166666666666667
372300,0.19736842105263158,0.95,0.8076923076923077,0.5333333333333333,0.3888888888888889
372600,0.19736842105263158,0.95,0.8076923076923077,0.5,0.3611111111111111
372900,0.23684210526315788,0.95,0.8269230769230769,0.5,0.3888888888888889
373200,0.21052631578947367,0.95,0.8269230769230769,0.43333333333333335,0.4722222222222222
373500,0.21052631578947367,0.95,0.8269230769230769,0.43333333333333335,0.4444444444444444
373800,0.23684210526315788,0.95,0.8461538461538461,0.4,0.4444444444444444
374100,0.2236842105263158,0.95,0.8269230769230769,0.4666666666666667,0.5
374400,0.2631578947368421,1.0,0.8269230769230769,0.5333333333333333,0.5277777777777778
374700,0.25,1.0,0.8076923076923077,0.6,0.6111111111111112
375000,0.25,1.0,0.7884615384615384,0.5666666666666667,0.5833333333333334
375300,0.27631578947368424,1.0,0.7884615384615384,0.5666666666666667,0.6388888888888888
375600,0.27631578947368424,0.95,0.7692307692307693,0.5666666666666667,0.6666666666666666
375900,0.3026315789473684,0.95,0.7307692307692307,0.6,0.7222222222222222
376200,0.2894736842105263,0.9,0.7307692307692307,0.6,0.7222222222222222
376500,0.3026315789473684,0.9,0.7307692307692307,0.6333333333333333,0.8055555555555556
376800,0.3026315789473684,0.9,0.75,0.7,0.7777777777777778
377100,0.34210526315789475,0.9,0.7692307692307693,0.6666666666666666,0.8055555555555556
377400,0.3157894736842105,0.85,0.7884615384615384,0.6666666666666666,0.8055555555555556
377700,0.3026315789473684,0.85,0.7884615384615384,0.6666666666666666,0.8055555555555556
378000,0.32894736842105265,0.85,0.7884615384615384,0.7,0.8055555555555556
378300,0.35526315789473684,0.85,0.7692307692307693,0.7333333333333333,0.8055555555555556
378600,0.3684210526315789,0.75,0.75,0.7333333333333333,0.8333333333333334
378900,0.3815789473684211,0.8,0.75,0.7333333333333333,0.8333333333333334
379200,0.40789473684210525,0.85,0.7884615384615384,0.7333333333333333,0.8611111111111112
379500,0.40789473684210525,0.85,0.7884615384615384,0.7666666666666667,0.8611111111111112
379800,0.40789473684210525,0.8,0.8269230769230769,0.7666666666666667,0.8611111111111112
380100,0.39473684210526316,0.9,0.8269230769230769,0.7666666666666667,0.8611111111111112
380400,0.39473684210526316,0.95,0.8269230769230769,0.7666666666666667,0.8611111111111112
380700,0.39473684210526316,0.95,0.34615384615384615,0.7666666666666667,0.8611111111111112
381000,0.5,1.0,0.8269230769230769,0.8,0.8611111111111112
381300,0.5263157894736842,1.0,0.8076923076923077,0.8,0.8611111111111112
381600,0.5263157894736842,1.0,0.7884615384615384,0.8,0.9166666666666666
381900,0.4868421052631579,1.0,0.8076923076923077,0.8,0.9166666666666666
382200,0.4868421052631579,0.95,0.8076923076923077,0.8,0.9166666666666666
382500,0.5131578947368421,0.95,0.8461538461538461,0.8,0.8611111111111112
382800,0.5131578947368421,0.95,0.8461538461538461,0.8,0.8611111111111112
383100,0.5131578947368421,0.9,0.8653846153846154,0.8,0.8611111111111112
383400,0.4868421052631579,0.9,0.8653846153846154,0.8,0.8611111111111112
383700,0.4473684210526316,0.9,0.8653846153846154,0.8333333333333334,0.8611111111111112
384000,0.5,0.85,0.8653846153846154,0.8333333333333334,0.8611111111111112
384300,0.5263157894736842,0.8,0.8653846153846154,0.8,0.8611111111111112
384600,0.4868421052631579,0.85,0.8653846153846154,0.8,0.8888888888888888
384900,0.5131578947368421,0.85,0.8653846153846154,0.8,0.8888888888888888
385200,0.5,0.85,0.8846153846153846,0.8,0.8888888888888888
385500,0.47368421052631576,0.95,0.8653846153846154,0.8,0.8888888888888888
385800,0.5657894736842105,0.9,0.8846153846153846,0.8333333333333334,0.8333333333333334
386100,0.5657894736842105,0.9,0.8846153846153846,0.8,0.8333333333333334
386400,0.6052631578947368,0.9,0.8846153846153846,0.8,0.8611111111111112
386700,0.6052631578947368,0.9,0.8846153846153846,0.8,0.8333333333333334
387000,0.5789473684210527,0.9,0.8846153846153846,0.8,0.8333333333333334
387300,0.6052631578947368,0.9,0.8846153846153846,0.8,0.8333333333333334
387600,0.5789473684210527,0.9,0.8846153846153846,0.8,0.8333333333333334
387900,0.6052631578947368,0.9,0.9038461538461539,0.8333333333333334,0.8333333333333334
388200,0.5921052631578947,0.9,0.9230769230769231,0.8,0.8333333333333334
388500,0.6052631578947368,0.8,0.9230769230769231,0.8,0.8333333333333334
388800,0.5789473684210527,0.8,0.9230769230769231,0.8,0.8611111111111112
389100,0.5789473684210527,0.8,0.9230769230769231,0.8,0.8333333333333334
389400,0.5789473684210527,0.8,0.8846153846153846,0.7666666666666667,0.8333333333333334
389700,0.5921052631578947,0.8,0.8653846153846154,0.7333333333333333,0.8055555555555556
390000,0.5526315789473685,0.8,0.8653846153846154,0.7333333333333333,0.7777777777777778
390300,0.5526315789473685,0.85,0.8461538461538461,0.7666666666666667,0.8055555555555556
390600,0.5,0.85,0.8461538461538461,0.8,0.8055555555555556
390900,0.5131578947368421,0.85,0.8461538461538461,0.8,0.8055555555555556
391200,0.5,0.85,0.8653846153846154,0.8,0.7777777777777778
391500,0.5131578947368421,0.9,0.8461538461538461,0.8,0.7777777777777778
391800,0.5657894736842105,0.95,0.8269230769230769,0.7666666666666667,0.75
392100,0.0,0.0,0.8076923076923077,0.7666666666666667,0.75
392400,0.5,0.9,0.8269230769230769,0.7666666666666667,0.75
392700,0.5394736842105263,0.9,0.8269230769230769,0.7666666666666667,0.7777777777777778
393000,0.5263157894736842,0.9,0.8653846153846154,0.7666666666666667,0.7777777777777778
393300,0.5,0.9,0.8846153846153846,0.7666666666666667,0.8055555555555556
393600,0.5131578947368421,0.85,0.8269230769230769,0.7666666666666667,0.8055555555555556
393900,0.5131578947368421,0.85,0.8076923076923077,0.7666666666666667,0.8055555555555556
394200,0.5263157894736842,0.85,0.8076923076923077,0.7333333333333333,0.8055555555555556
394500,0.5657894736842105,0.85,0.8076923076923077,0.7666666666666667,0.8333333333333334
394800,0.5,0.85,0.8076923076923077,0.7666666666666667,0.8333333333333334
395100,0.5657894736842105,0.85,0.75,0.7333333333333333,0.8611111111111112
395400,0.5,0.9,0.75,0.7333333333333333,0.8611111111111112
395700,0.5263157894736842,0.85,0.75,0.7333333333333333,0.8611111111111112
396000,0.5657894736842105,0.8,0.7884615384615384,0.7666666666666667,0.8611111111111112
396300,0.5394736842105263,0.75,0.8269230769230769,0.7666666666666667,0.8611111111111112
396600,0.5921052631578947,0.8,0.8653846153846154,0.7666666666666667,0.9166666666666666
396900,0.618421052631579,0.75,0.8653846153846154,0.8,0.9166666666666666
397200,0.5657894736842105,0.7,0.8846153846153846,0.8333333333333334,0.9166666666666666
397500,0.5921052631578947,0.65,0.8846153846153846,0.8333333333333334,0.9166666666666666
397800,0.618421052631579,0.65,0.9230769230769231,0.8,0.9166666666666666
398100,0.5394736842105263,0.6,0.9423076923076923,0.8,0.9166666666666666
398400,0.5921052631578947,0.6,0.9423076923076923,0.8,0.9166666666666666
398700,0.5789473684210527,0.55,0.9230769230769231,0.8,0.9166666666666666
399000,0.6052631578947368,0.5,0.9423076923076923,0.8,0.9166666666666666
399300,0.0,0.0,0.9423076923076923,0.8333333333333334,0.9166666666666666
399600,0.6578947368421053,0.4,0.9230769230769231,0.8333333333333334,0.9166666666666666
399900,0.5789473684210527,0.35,0.9230769230769231,0.8333333333333334,0.9166666666666666
400200,0.6710526315789473,0.4,0.9423076923076923,0.8666666666666667,0.9166666666666666
400500,0.631578947368421,0.4,0.9615384615384616,0.8666666666666667,0.9166666666666666
400800,0.6578947368421053,0.5,0.9615384615384616,0.8666666666666667,0.9166666666666666
401100,0.6447368421052632,0.5,0.9615384615384616,0.8666666666666667,0.9166666666666666
401400,0.631578947368421,0.45,0.9615384615384616,0.8666666666666667,0.9166666666666666
401700,0.631578947368421,0.4,0.9423076923076923,0.9,0.8888888888888888
402000,0.631578947368421,0.35,0.9423076923076923,0.9,0.8888888888888888
402300,0.6052631578947368,0.4,0.9423076923076923,0.9,0.8888888888888888
402600,0.6447368421052632,0.5,0.9615384615384616,0.9,0.8888888888888888
402900,0.6973684210526315,0.55,0.9423076923076923,0.9,0.8888888888888888
403200,0.6447368421052632,0.6,0.9230769230769231,0.9,0.8888888888888888
403500,0.6710526315789473,0.55,0.8653846153846154,0.9,0.8888888888888888
403800,0.75,0.55,0.8846153846153846,0.9,0.8888888888888888
404100,0.8026315789473685,0.6,0.8846153846153846,0.9,0.8888888888888888
404400,0.6842105263157895,0.7,0.9230769230769231,0.9,0.8611111111111112
404700,0.7631578947368421,0.7,0.9423076923076923,0.9,0.8611111111111112
405000,0.7368421052631579,0.7,0.9230769230769231,0.8333333333333334,0.8888888888888888
405300,0.8026315789473685,0.7,0.9230769230769231,0.8,0.8888888888888888
405600,0.7763157894736842,0.75,0.9423076923076923,0.8,0.9166666666666666
405900,0.7631578947368421,0.85,0.9423076923076923,0.8,0.9166666666666666
406200,0.7631578947368421,0.8,0.9423076923076923,0.8333333333333334,0.8611111111111112
406500,0.7631578947368421,0.75,0.9423076923076923,0.8333333333333334,0.8611111111111112
406800,0.7894736842105263,0.7,0.9423076923076923,0.8333333333333334,0.8611111111111112
407100,0.8157894736842105,0.7,0.9423076923076923,0.8333333333333334,0.8888888888888888
407400,0.7894736842105263,0.65,0.9423076923076923,0.8,0.8888888888888888
407700,0.7236842105263158,0.65,0.9615384615384616,0.8333333333333334,0.9166666666666666
408000,0.8157894736842105,0.65,0.9615384615384616,0.8333333333333334,0.9166666666666666
408300,0.75,0.65,0.9615384615384616,0.8333333333333334,0.9166666666666666
408600,0.7368421052631579,0.65,0.9615384615384616,0.8333333333333334,0.8611111111111112
408900,0.75,0.7,0.9230769230769231,0.8333333333333334,0.8611111111111112
409200,0.75,0.75,0.8846153846153846,0.8,0.8888888888888888
409500,0.7631578947368421,0.75,0.8846153846153846,0.8,0.8888888888888888
409800,0.6578947368421053,0.75,0.8653846153846154,0.8,0.8888888888888888
410100,0.6973684210526315,0.8,0.9038461538461539,0.7666666666666667,0.8611111111111112
410400,0.7105263157894737,0.8,0.9038461538461539,0.7666666666666667,0.8888888888888888
410700,0.75,0.8,0.9423076923076923,0.7333333333333333,0.8888888888888888
411000,0.7368421052631579,0.7,0.9423076923076923,0.7333333333333333,0.8888888888888888
411300,0.7631578947368421,0.75,0.9423076923076923,0.7333333333333333,0.8888888888888888
411600,0.6973684210526315,0.75,0.9423076923076923,0.7666666666666667,0.9166666666666666
411900,0.7368421052631579,0.75,0.9423076923076923,0.8,0.9166666666666666
412200,0.6447368421052632,0.7,0.9423076923076923,0.8,0.9166666666666666
412500,0.6710526315789473,0.75,0.9423076923076923,0.8333333333333334,0.8888888888888888
412800,0.618421052631579,0.8,0.9423076923076923,0.8666666666666667,0.8888888888888888
413100,0.6447368421052632,0.8,0.9423076923076923,0.8666666666666667,0.9166666666666666
413400,0.6842105263157895,0.75,0.9423076923076923,0.8333333333333334,0.9166666666666666
413700,0.0,0.0,0.9423076923076923,0.8333333333333334,0.9166666666666666
414000,0.6973684210526315,0.7,0.9230769230769231,0.8,0.9166666666666666
414300,0.7105263157894737,0.7,0.8846153846153846,0.8,0.9166666666666666
414600,0.6578947368421053,0.7,0.8846153846153846,0.8,0.9166666666666666
414900,0.6842105263157895,0.75,0.8846153846153846,0.8,0.9166666666666666
415200,0.5789473684210527,0.75,0.8653846153846154,0.7,0.9444444444444444
415500,0.6447368421052632,0.8,0.8846153846153846,0.7,0.9722222222222222
415800,0.6578947368421053,0.85,0.8653846153846154,0.7,0.9722222222222222
416100,0.7105263157894737,0.9,0.8653846153846154,0.7,0.9444444444444444
416400,0.5526315789473685,0.9,0.8653846153846154,0.6666666666666666,0.9444444444444444
416700,0.5921052631578947,0.9,0.8653846153846154,0.6333333333333333,0.9444444444444444
417000,0.6578947368421053,0.9,0.8653846153846154,0.6666666666666666,0.9444444444444444
417300,0.5526315789473685,0.95,0.8653846153846154,0.6333333333333333,0.9444444444444444
417600,0.5657894736842105,0.9,0.8653846153846154,0.6333333333333333,0.9444444444444444
417900,0.5,0.9,0.9038461538461539,0.5666666666666667,0.9444444444444444
418200,0.47368421052631576,0.9,0.9230769230769231,0.5666666666666667,0.8333333333333334
418500,0.5131578947368421,0.95,0.9230769230769231,0.6,0.8333333333333334
418800,0.5,0.95,0.9038461538461539,0.6333333333333333,0.75
419100,0.4868421052631579,0.9,0.8461538461538461,0.6333333333333333,0.75
419400,0.4342105263157895,0.9,0.8461538461538461,0.6666666666666666,0.7222222222222222
419700,0.4605263157894737,0.9,0.8461538461538461,0.6666666666666666,0.75
420000,0.4605263157894737,0.9,0.8653846153846154,0.6666666666666666,0.7777777777777778
420300,0.39473684210526316,0.9,0.8461538461538461,0.7,0.75
420600,0.40789473684210525,0.9,0.8653846153846154,0.7333333333333333,0.75
420900,0.42105263157894735,0.9,0.8461538461538461,0.7333333333333333,0.75
421200,0.34210526315789475,0.9,0.8269230769230769,0.7333333333333333,0.75
421500,0.3684210526315789,0.9,0.8653846153846154,0.7666666666666667,0.75
421800,0.3684210526315789,0.9,0.8846153846153846,0.7666666666666667,0.75
422100,0.32894736842105265,0.9,0.9038461538461539,0.8,0.7222222222222222
422400,0.27631578947368424,0.95,0.8846153846153846,0.8,0.7222222222222222
422700,0.34210526315789475,0.95,0.8846153846153846,0.8333333333333334,0.7777777777777778
423000,0.39473684210526316,0.95,0.8653846153846154,0.8333333333333334,0.8055555555555556
423300,0.34210526315789475,0.95,0.8461538461538461,0.8,0.8055555555555556
423600,0.34210526315789475,0.85,0.8461538461538461,0.8,0.8055555555555556
423900,0.35526315789473684,0.9,0.8461538461538461,0.8,0.8055555555555556
424200,0.3026315789473684,0.9,0.8269230769230769,0.8,0.75
424500,0.2894736842105263,0.85,0.8269230769230769,0.7666666666666667,0.7222222222222222
424800,0.3684210526315789,0.8,0.8653846153846154,0.7333333333333333,0.7222222222222222
425100,0.3157894736842105,0.8,0.8653846153846154,0.7333333333333333,0.7222222222222222
425400,0.3026315789473684,0.8,0.8846153846153846,0.7333333333333333,0.7222222222222222
425700,0.2894736842105263,0.85,0.8653846153846154,0.7,0.7222222222222222
426000,0.25,0.85,0.8846153846153846,0.7,0.7222222222222222
426300,0.25,0.85,0.8846153846153846,0.6666666666666666,0.6944444444444444
426600,0.23684210526315788,0.85,0.8269230769230769,0.6666666666666666,0.7222222222222222
426900,0.21052631578947367,0.9,0.8461538461538461,0.6666666666666666,0.6666666666666666
427200,0.2236842105263158,0.9,0.8461538461538461,0.6666666666666666,0.6666666666666666
427500,0.19736842105263158,0.85,0.8653846153846154,0.6333333333333333,0.6388888888888888
427800,0.18421052631578946,0.8,0.8653846153846154,0.6333333333333333,0.6111111111111112
428100,0.0,0.0,0.8846153846153846,0.6333333333333333,0.6111111111111112
428400,0.2236842105263158,0.8,0.8846153846153846,0.6333333333333333,0.5833333333333334
428700,0.25,0.8,0.8846153846153846,0.6333333333333333,0.5555555555555556
429000,0.2631578947368421,0.8,0.8846153846153846,0.6666666666666666,0.5277777777777778
429300,0.25,0.8,0.8846153846153846,0.6666666666666666,0.5277777777777778
429600,0.2894736842105263,0.8,0.8846153846153846,0.7,0.5833333333333334
429900,0.23684210526315788,0.8,0.8846153846153846,0.7333333333333333,0.5555555555555556
430200,0.23684210526315788,0.85,0.8846153846153846,0.7,0.5277777777777778
430500,0.2631578947368421,0.8,0.8846153846153846,0.6666666666666666,0.5555555555555556
430800,0.23684210526315788,0.8,0.8846153846153846,0.6666666666666666,0.5555555555555556
431100,0.27631578947368424,0.8,0.8846153846153846,0.6666666666666666,0.5833333333333334
431400,0.2631578947368421,0.75,0.9038461538461539,0.6666666666666666,0.6111111111111112
431700,0.2631578947368421,0.85,0.9038461538461539,0.6666666666666666,0.6111111111111112
432000,0.2236842105263158,0.85,0.9038461538461539,0.6,0.6111111111111112
432300,0.14473684210526316,0.85,0.9038461538461539,0.5666666666666667,0.5
432600,0.13157894736842105,0.85,0.9038461538461539,0.5666666666666667,0.4444444444444444
432900,0.09210526315789473,0.85,0.8846153846153846,0.5666666666666667,0.4166666666666667
433200,0.06578947368421052,0.9,0.8653846153846154,0.5333333333333333,0.3888888888888889
433500,0.039473684210526314,0.9,0.8269230769230769,0.5333333333333333,0.3888888888888889
433800,0.02631578947368421,0.9,0.8269230769230769,0.5333333333333333,0.3611111111111111
434100,0.06578947368421052,0.95,0.8461538461538461,0.4666666666666667,0.3333333333333333
434400,0.07894736842105263,0.95,0.8461538461538461,0.5,0.3055555555555556
434700,0.06578947368421052,0.95,0.8653846153846154,0.5333333333333333,0.3333333333333333
435000,0.05263157894736842,0.95,0.8653846153846154,0.5666666666666667,0.3611111111111111
435300,0.06578947368421052,0.95,0.8461538461538461,0.5,0.4444444444444444
435600,0.06578947368421052,0.95,0.8269230769230769,0.4666666666666667,0.4166666666666667
435900,0.09210526315789473,0.95,0.8269230769230769,0.4666666666666667,0.3888888888888889
436200,0.13157894736842105,0.95,0.8269230769230769,0.4666666666666667,0.4444444444444444
436500,0.14473684210526316,0.95,0.8461538461538461,0.5,0.4444444444444444
436800,0.15789473684210525,0.95,0.8653846153846154,0.4666666666666667,0.4166666666666667
437100,0.13157894736842105,0.9,0.8653846153846154,0.4666666666666667,0.3611111111111111
437400,0.14473684210526316,0.95,0.8653846153846154,0.4666666666666667,0.4722222222222222
437700,0.13157894736842105,0.95,0.8461538461538461,0.4666666666666667,0.4722222222222222
438000,0.14473684210526316,0.95,0.8461538461538461,0.4666666666666667,0.5
438300,0.14473684210526316,0.95,0.8653846153846154,0.4666666666666667,0.5
438600,0.17105263157894737,0.95,0.8653846153846154,0.43333333333333335,0.5277777777777778
438900,0.17105263157894737,1.0,0.8653846153846154,0.43333333333333335,0.5
439200,0.15789473684210525,1.0,0.8461538461538461,0.43333333333333335,0.5277777777777778
439500,0.17105263157894737,1.0,0.8461538461538461,0.4666666666666667,0.5277777777777778
439800,0.13157894736842105,1.0,0.8461538461538461,0.4666666666666667,0.5555555555555556
440100,0.13157894736842105,1.0,0.8461538461538461,0.4666666666666667,0.5555555555555556
440400,0.10526315789473684,1.0,0.8269230769230769,0.4666666666666667,0.6111111111111112
440700,0.11842105263157894,1.0,0.8269230769230769,0.4666666666666667,0.5833333333333334
441000,0.11842105263157894,1.0,0.8269230769230769,0.43333333333333335,0.5833333333333334
441300,0.10526315789473684,1.0,0.8269230769230769,0.4666666666666667,0.5555555555555556
441600,0.10526315789473684,1.0,0.7692307692307693,0.5,0.5277777777777778
441900,0.10526315789473684,1.0,0.7692307692307693,0.5666666666666667,0.5277777777777778
442200,0.09210526315789473,1.0,0.7692307692307693,0.5333333333333333,0.5555555555555556
442500,0.09210526315789473,1.0,0.7692307692307693,0.5,0.5555555555555556
442800,0.10526315789473684,1.0,0.75,0.5,0.4722222222222222
443100,0.09210526315789473,1.0,0.7307692307692307,0.5,0.4444444444444444
443400,0.09210526315789473,1.0,0.7307692307692307,0.5,0.4166666666666667
443700,0.09210526315789473,1.0,0.7307692307692307,0.5,0.4166666666666667
444000,0.09210526315789473,1.0,0.75,0.5,0.4166666666666667
444300,0.10526315789473684,1.0,0.75,0.5,0.4166666666666667
444600,0.10526315789473684,1.0,0.7307692307692307,0.5,0.4166666666666667
444900,0.11842105263157894,1.0,0.75,0.5,0.4444444444444444
445200,0.10526315789473684,1.0,0.75,0.5,0.4444444444444444
445500,0.10526315789473684,1.0,0.75,0.5333333333333333,0.5
445800,0.11842105263157894,1.0,0.8461538461538461,0.6,0.4166666666666667
446100,0.11842105263157894,1.0,0.8653846153846154,0.6,0.4444444444444444
446400,0.13157894736842105,1.0,0.8653846153846154,0.6,0.5
446700,0.10526315789473684,1.0,0.8653846153846154,0.5666666666666667,0.4722222222222222
447000,0.10526315789473684,1.0,0.8653846153846154,0.5666666666666667,0.5
447300,0.11842105263157894,1.0,0.8653846153846154,0.5333333333333333,0.5
447600,0.11842105263157894,1.0,0.8653846153846154,0.5,0.4722222222222222
447900,0.11842105263157894,1.0,0.8269230769230769,0.4666666666666667,0.4444444444444444
448200,0.11842105263157894,1.0,0.8461538461538461,0.4666666666666667,0.4444444444444444
448500,0.13157894736842105,1.0,0.8461538461538461,0.4666666666666667,0.4444444444444444
448800,0.11842105263157894,1.0,0.8269230769230769,0.4666666666666667,0.4444444444444444
449100,0.11842105263157894,1.0,0.8269230769230769,0.4666666666666667,0.4444444444444444
449400,0.14473684210526316,1.0,0.8076923076923077,0.4666666666666667,0.3611111111111111
449700,0.11842105263157894,1.0,0.8076923076923077,0.4666666666666667,0.3888888888888889
450000,0.13157894736842105,1.0,0.8076923076923077,0.4666666666666667,0.3888888888888889
450300,0.15789473684210525,1.0,0.8076923076923077,0.4666666666666667,0.3888888888888889
450600,0.17105263157894737,1.0,0.8076923076923077,0.43333333333333335,0.3611111111111111
450900,0.17105263157894737,1.0,0.8076923076923077,0.43333333333333335,0.3888888888888889
451200,0.14473684210526316,1.0,0.7884615384615384,0.4,0.4166666666666667
451500,0.11842105263157894,1.0,0.7692307692307693,0.4,0.4166666666666667
451800,0.11842105263157894,1.0,0.75,0.3333333333333333,0.4444444444444444
452100,0.14473684210526316,1.0,0.7115384615384616,0.3333333333333333,0.4444444444444444
452400,0.14473684210526316,1.0,0.7115384615384616,0.3,0.3888888888888889
452700,0.15789473684210525,1.0,0.6923076923076923,0.26666666666666666,0.3611111111111111
453000,0.13157894736842105,1.0,0.6923076923076923,0.26666666666666666,0.3333333333333333
453300,0.17105263157894737,1.0,0.6923076923076923,0.26666666666666666,0.3055555555555556
453600,0.15789473684210525,1.0,0.7307692307692307,0.2,0.3055555555555556
453900,0.13157894736842105,1.0,0.7307692307692307,0.26666666666666666,0.3333333333333333
454200,0.14473684210526316,1.0,0.7307692307692307,0.2,0.3333333333333333
454500,0.15789473684210525,1.0,0.75,0.2,0.3333333333333333
454800,0.14473684210526316,1.0,0.7692307692307693,0.16666666666666666,0.2777777777777778
455100,0.15789473684210525,1.0,0.75,0.2,0.2777777777777778
455400,0.18421052631578946,1.0,0.7692307692307693,0.3,0.2777777777777778
455700,0.14473684210526316,1.0,0.7692307692307693,0.3333333333333333,0.25
456000,0.17105263157894737,1.0,0.7115384615384616,0.36666666666666664,0.25
456300,0.21052631578947367,1.0,0.7115384615384616,0.3333333333333333,0.2777777777777778
456600,0.18421052631578946,1.0,0.7115384615384616,0.3333333333333333,0.3055555555555556
456900,0.18421052631578946,1.0,0.7115384615384616,0.3333333333333333,0.3055555555555556
457200,0.17105263157894737,1.0,0.6923076923076923,0.36666666666666664,0.2777777777777778
457500,0.19736842105263158,1.0,0.6730769230769231,0.3333333333333333,0.3888888888888889
457800,0.21052631578947367,1.0,0.7307692307692307,0.3,0.3888888888888889
458100,0.17105263157894737,1.0,0.7115384615384616,0.3,0.3888888888888889
458400,0.23684210526315788,1.0,0.6923076923076923,0.3,0.3888888888888889
458700,0.2631578947368421,1.0,0.7115384615384616,0.3333333333333333,0.3611111111111111
459000,0.2236842105263158,0.95,0.6923076923076923,0.3333333333333333,0.3888888888888889
459300,0.25,0.95,0.6923076923076923,0.3,0.3611111111111111
459600,0.27631578947368424,0.9,0.6923076923076923,0.26666666666666666,0.3888888888888889
459900,0.27631578947368424,0.9,0.6730769230769231,0.23333333333333334,0.3888888888888889
460200,0.2236842105263158,0.9,0.6538461538461539,0.2,0.3611111111111111
460500,0.23684210526315788,0.9,0.6538461538461539,0.16666666666666666,0.3611111111111111
460800,0.17105263157894737,0.9,0.6730769230769231,0.23333333333333334,0.4166666666666667
461100,0.2236842105263158,0.9,0.6730769230769231,0.3333333333333333,0.4722222222222222
461400,0.27631578947368424,0.9,0.6730769230769231,0.43333333333333335,0.5833333333333334
461700,0.2894736842105263,0.9,0.6923076923076923,0.43333333333333335,0.6666666666666666
462000,0.3157894736842105,0.9,0.7115384615384616,0.43333333333333335,0.6666666666666666
462300,0.3815789473684211,0.9,0.75,0.43333333333333335,0.6666666666666666
462600,0.4342105263157895,0.9,0.75,0.4666666666666667,0.7777777777777778
462900,0.4473684210526316,0.9,0.75,0.4666666666666667,0.75
463200,0.4605263157894737,0.9,0.75,0.4666666666666667,0.75
463500,0.47368421052631576,0.9,0.7692307692307693,0.5,0.75
463800,0.4605263157894737,0.9,0.7692307692307693,0.5333333333333333,0.7777777777777778
464100,0.0,0.0,0.7884615384615384,0.5333333333333333,0.7777777777777778
464400,0.4473684210526316,0.9,0.7692307692307693,0.5333333333333333,0.7777777777777778
464700,0.47368421052631576,0.9,0.7692307692307693,0.5333333333333333,0.7777777777777778
465000,0.47368421052631576,0.9,0.7884615384615384,0.5333333333333333,0.7777777777777778
465300,0.5,0.9,0.7884615384615384,0.5333333333333333,0.8055555555555556
465600,0.5263157894736842,0.85,0.7884615384615384,0.5333333333333333,0.8333333333333334
465900,0.5657894736842105,0.85,0.7884615384615384,0.5333333333333333,0.8055555555555556
466200,0.5657894736842105,0.85,0.7884615384615384,0.5,0.8055555555555556
466500,0.6052631578947368,0.85,0.7692307692307693,0.5333333333333333,0.8055555555555556
466800,0.6052631578947368,0.85,0.75,0.5666666666666667,0.8333333333333334
467100,0.6052631578947368,0.85,0.75,0.6,0.8333333333333334
467400,0.618421052631579,0.85,0.7884615384615384,0.6333333333333333,0.8333333333333334
467700,0.5657894736842105,0.85,0.8076923076923077,0.6666666666666666,0.8333333333333334
468000,0.5394736842105263,0.9,0.8076923076923077,0.6666666666666666,0.8333333333333334
468300,0.5657894736842105,0.95,0.8269230769230769,0.6666666666666666,0.8611111111111112
468600,0.6052631578947368,1.0,0.8461538461538461,0.6666666666666666,0.8611111111111112
468900,0.6052631578947368,0.95,0.8461538461538461,0.7,0.8611111111111112
469200,0.618421052631579,0.95,0.8461538461538461,0.7,0.8888888888888888
469500,0.6447368421052632,0.9,0.8461538461538461,0.7,0.8888888888888888
469800,0.6578947368421053,0.9,0.8461538461538461,0.7,0.8888888888888888
470100,0.631578947368421,0.9,0.8461538461538461,0.7,0.8888888888888888
470400,0.6447368421052632,0.9,0.8846153846153846,0.7,0.8888888888888888
470700,0.5921052631578947,0.9,0.8846153846153846,0.7333333333333333,0.8888888888888888
471000,0.631578947368421,0.9,0.8846153846153846,0.7333333333333333,0.8888888888888888
471300,0.631578947368421,0.9,0.8846153846153846,0.7333333333333333,0.8888888888888888
471600,0.6052631578947368,0.9,0.8846153846153846,0.7333333333333333,0.9166666666666666
471900,0.6447368421052632,0.95,0.8846153846153846,0.7333333333333333,0.9166666666666666
472200,0.631578947368421,0.95,0.8846153846153846,0.7333333333333333,0.9166666666666666
472500,0.6052631578947368,0.9,0.8653846153846154,0.7333333333333333,0.9166666666666666
472800,0.6052631578947368,0.85,0.8846153846153846,0.7333333333333333,0.9166666666666666
473100,0.631578947368421,0.75,0.8846153846153846,0.7333333333333333,0.9166666666666666
473400,0.6578947368421053,0.75,0.8653846153846154,0.7,0.9166666666666666
473700,0.6973684210526315,0.8,0.8653846153846154,0.7,0.9444444444444444
474000,0.6578947368421053,0.8,0.8653846153846154,0.7,0.9166666666666666
474300,0.6578947368421053,0.8,0.8461538461538461,0.7,0.8888888888888888
474600,0.6710526315789473,0.8,0.8461538461538461,0.7,0.8888888888888888
474900,0.6842105263157895,0.85,0.8461538461538461,0.7,0.8611111111111112
475200,0.6973684210526315,0.85,0.8653846153846154,0.7,0.8611111111111112
475500,0.6578947368421053,0.85,0.8269230769230769,0.7,0.8333333333333334
475800,0.6710526315789473,0.85,0.7307692307692307,0.6666666666666666,0.8333333333333334
476100,0.6973684210526315,0.95,0.7307692307692307,0.6333333333333333,0.8333333333333334
476400,0.6842105263157895,0.95,0.7115384615384616,0.6333333333333333,0.8611111111111112
476700,0.6710526315789473,0.9,0.6730769230769231,0.6333333333333333,0.8055555555555556
477000,0.631578947368421,0.9,0.6923076923076923,0.6666666666666666,0.7777777777777778
477300,0.6447368421052632,0.9,0.6538461538461539,0.7,0.75
477600,0.618421052631579,0.85,0.6730769230769231,0.7,0.75
477900,0.6052631578947368,0.85,0.6538461538461539,0.6333333333333333,0.8055555555555556
478200,0.5789473684210527,0.85,0.6730769230769231,0.7,0.7777777777777778
478500,0.618421052631579,0.85,0.6730769230769231,0.6666666666666666,0.7777777777777778
478800,0.6052631578947368,0.85,0.6730769230769231,0.6666666666666666,0.7777777777777778
479100,0.6052631578947368,0.8,0.6923076923076923,0.6333333333333333,0.75
479400,0.618421052631579,0.8,0.6730769230769231,0.6,0.75
479700,0.618421052631579,0.8,0.6346153846153846,0.6,0.7777777777777778
480000,0.6578947368421053,0.85,0.6538461538461539,0.6333333333333333,0.7777777777777778
480300,0.6052631578947368,0.8,0.6346153846153846,0.6666666666666666,0.8333333333333334
480600,0.631578947368421,0.7,0.6346153846153846,0.6666666666666666,0.8611111111111112
480900,0.6710526315789473,0.7,0.6538461538461539,0.6666666666666666,0.8611111111111112
481200,0.6447368421052632,0.7,0.7115384615384616,0.7,0.8611111111111112
481500,0.631578947368421,0.7,0.7115384615384616,0.7333333333333333,0.8333333333333334
481800,0.6842105263157895,0.75,0.7307692307692307,0.7666666666666667,0.8611111111111112
482100,0.6710526315789473,0.75,0.75,0.7666666666666667,0.8888888888888888
482400,0.6973684210526315,0.75,0.7692307692307693,0.7666666666666667,0.8888888888888888
482700,0.7105263157894737,0.75,0.8076923076923077,0.7666666666666667,0.8888888888888888
483000,0.6578947368421053,0.75,0.8461538461538461,0.7666666666666667,0.8611111111111112
483300,0.75,0.7,0.8653846153846154,0.8333333333333334,0.8611111111111112
483600,0.6973684210526315,0.65,0.8653846153846154,0.8333333333333334,0.8611111111111112
483900,0.7236842105263158,0.65,0.8653846153846154,0.8333333333333334,0.8888888888888888
484200,0.7105263157894737,0.65,0.8653846153846154,0.8333333333333334,0.8888888888888888
484500,0.75,0.65,0.9038461538461539,0.8333333333333334,0.8888888888888888
484800,0.75,0.65,0.9038461538461539,0.8333333333333334,0.8888888888888888
485100,0.7368421052631579,0.55,0.9230769230769231,0.8333333333333334,0.9166666666666666
485400,0.6578947368421053,0.6,0.9230769230769231,0.8333333333333334,0.9166666666666666
485700,0.0,0.0,0.9230769230769231,0.8333333333333334,0.9444444444444444
486000,0.6973684210526315,0.55,0.9038461538461539,0.8333333333333334,0.9444444444444444
486300,0.6710526315789473,0.55,0.9230769230769231,0.8333333333333334,0.9444444444444444
486600,0.6710526315789473,0.45,0.9230769230769231,0.8333333333333334,0.9722222222222222
486900,0.7105263157894737,0.5,0.9038461538461539,0.8666666666666667,0.9166666666666666
487200,0.5921052631578947,0.5,0.8653846153846154,0.8666666666666667,0.9166666666666666
487500,0.6710526315789473,0.5,0.8269230769230769,0.8666666666666667,0.9166666666666666
487800,0.6578947368421053,0.5,0.8076923076923077,0.8666666666666667,0.9166666666666666
488100,0.6578947368421053,0.5,0.8076923076923077,0.8666666666666667,0.9166666666666666
488400,0.6973684210526315,0.55,0.8076923076923077,0.8666666666666667,0.9166666666666666
488700,0.6842105263157895,0.65,0.8269230769230769,0.8666666666666667,0.9166666666666666
489000,0.6447368421052632,0.65,0.8269230769230769,0.8666666666666667,0.9166666666666666
489300,0.618421052631579,0.65,0.8461538461538461,0.8666666666666667,0.8888888888888888
489600,0.5921052631578947,0.7,0.8461538461538461,0.8666666666666667,0.9166666666666666
489900,0.6578947368421053,0.7,0.8461538461538461,0.8666666666666667,0.9166666666666666
490200,0.6842105263157895,0.65,0.8269230769230769,0.8666666666666667,0.9166666666666666
490500,0.6973684210526315,0.7,0.7884615384615384,0.9,0.9444444444444444
490800,0.6973684210526315,0.7,0.7884615384615384,0.9,0.9444444444444444
491100,0.7236842105263158,0.8,0.7692307692307693,0.9,0.9444444444444444
491400,0.6842105263157895,0.8,0.75,0.9,0.9444444444444444
491700,0.6842105263157895,0.8,0.75,0.9,0.9722222222222222
492000,0.6842105263157895,0.85,0.75,0.9,0.9722222222222222
492300,0.6842105263157895,0.8,0.7692307692307693,0.8666666666666667,0.9444444444444444
492600,0.6842105263157895,0.85,0.8076923076923077,0.8666666666666667,0.9444444444444444
492900,0.0,0.0,0.8846153846153846,0.8666666666666667,0.9444444444444444
493200,0.6842105263157895,0.75,0.9230769230769231,0.8666666666666667,0.9444444444444444
493500,0.6842105263157895,0.75,0.9230769230769231,0.8666666666666667,0.9444444444444444
493800,0.6973684210526315,0.75,0.9230769230769231,0.8333333333333334,0.9444444444444444
494100,0.6710526315789473,0.8,0.9423076923076923,0.8333333333333334,0.9444444444444444
494400,0.7236842105263158,0.8,0.9423076923076923,0.8333333333333334,0.9444444444444444
494700,0.6973684210526315,0.8,0.9615384615384616,0.8666666666666667,0.9166666666666666
495000,0.7105263157894737,0.8,0.9615384615384616,0.8666666666666667,0.9166666666666666
495300,0.7236842105263158,0.8,0.9615384615384616,0.9,0.9166666666666666
495600,0.7236842105263158,0.8,0.9615384615384616,0.9,0.9166666666666666
495900,0.7236842105263158,0.8,0.9615384615384616,0.9,0.9166666666666666
496200,0.7236842105263158,0.8,0.9615384615384616,0.9,0.9166666666666666
496500,0.7236842105263158,0.8,0.9615384615384616,0.9,0.9166666666666666
496800,0.7236842105263158,0.8,0.9615384615384616,0.9,0.9166666666666666
497100,0.7236842105263158,0.8,0.9615384615384616,0.9,0.9166666666666666
497400,0.7236842105263158,0.8,0.9615384615384616,0.9,0.9166666666666666
497700,0.7236842105263158,0.8,0.9615384615384616,0.9,0.9166666666666666
498000,0.7236842105263158,0.8,0.9615384615384616,0.9,0.9166666666666666
498300,0.7236842105263158,0.8,0.9615384615384616,0.9,0.9166666666666666
498600,0.7236842105263158,0.8,0.9615384615384616,0.9,0.9166666666666666
498900,0.7236842105263158,0.8,0.9615384615384616,0.9,0.9166666666666666
499200,0.7236842105263158,0.8,0.9615384615384616,0.9,0.9166666666666666
499500,0.7236842105263158,0.8,0.9615384615384616,0.9,0.9166666666666666
499800,0.7236842105263158,0.8,0.9615384615384616,0.9,0.9166666666666666
500100,0.7236842105263158,0.8,0.9615384615384616,0.9,0.9166666666666666
500400,0.7236842105263158,0.8,0.9615384615384616,0.9,0.9166666666666666
500700,0.7236842105263158,0.8,0.9615384615384616,0.9,0.9166666666666666
501000,0.7236842105263158,0.8,0.9615384615384616,0.9,0.9166666666666666
501300,0.7236842105263158,0.8,0.9615384615384616,0.9,0.9166666666666666
501600,0.7236842105263158,0.8,0.9615384615384616,0.9,0.9166666666666666
501900,0.7236842105263158,0.8,0.9615384615384616,0.9,0.9166666666666666
502200,0.7236842105263158,0.8,0.9615384615384616,0.9,0.9166666666666666
502500,0.7236842105263158,0.8,0.9615384615384616,0.9,0.9166666666666666
502800,0.7236842105263158,0.8,0.9615384615384616,0.9,0.9166666666666666
503100,0.7236842105263158,0.8,0.9615384615384616,0.9,0.9166666666666666
503400,0.7236842105263158,0.8,0.9615384615384616,0.9,0.9166666666666666
503700,0.7236842105263158,0.8,0.9615384615384616,0.9,0.9166666666666666
504000,0.7236842105263158,0.8,0.9615384615384616,0.9,0.9166666666666666
504300,0.7236842105263158,0.8,0.9615384615384616,0.9,0.9166666666666666
504600,0.7236842105263158,0.8,0.9615384615384616,0.9,0.9166666666666666
504900,0.7236842105263158,0.8,0.9615384615384616,0.9,0.9166666666666666
505200,0.7236842105263158,0.8,0.9615384615384616,0.9,0.9166666666666666
505500,0.7236842105263158,0.8,0.9615384615384616,0.9,0.9166666666666666
505800,0.7236842105263158,0.8,0.9615384615384616,0.9,0.9166666666666666
506100,0.7236842105263158,0.8,0.9615384615384616,0.9,0.9166666666666666
506400,0.7236842105263158,0.8,0.9615384615384616,0.9,0.9166666666666666
506700,0.7236842105263158,0.8,0.9615384615384616,0.9,0.9166666666666666
507000,0.7236842105263158,0.8,0.9615384615384616,0.9,0.9166666666666666
507300,0.7236842105263158,0.8,0.9615384615384616,0.9,0.9166666666666666
507600,0.7236842105263158,0.8,0.9615384615384616,0.9,0.9166666666666666
507900,0.7236842105263158,0.8,0.9615384615384616,0.9,0.9166666666666666
508200,0.7236842105263158,0.8,0.9615384615384616,0.9,0.9166666666666666
508500,0.7236842105263158,0.8,0.9615384615384616,0.9,0.9166666666666666
508800,0.7236842105263158,0.8,0.9615384615384616,0.9,0.9166666666666666
509100,0.7236842105263158,0.8,0.9615384615384616,0.9,0.9166666666666666
509400,0.7236842105263158,0.8,0.9615384615384616,0.9,0.9166666666666666
509700,0.7236842105263158,0.8,0.9615384615384616,0.9,0.9166666666666666
510000,0.7236842105263158,0.8,0.9615384615384616,0.9,0.9166666666666666
510300,0.7236842105263158,0.8,0.9615384615384616,0.9,0.9166666666666666
510600,0.7236842105263158,0.8,0.9615384615384616,0.9,0.9166666666666666
510900,0.7236842105263158,0.8,0.9615384615384616,0.9,0.9166666666666666
511200,0.7236842105263158,0.8,0.9615384615384616,0.9,0.9166666666666666
511500,0.7236842105263158,0.8,0.9615384615384616,0.9,0.9166666666666666
511800,0.7236842105263158,0.8,0.9615384615384616,0.9,0.9166666666666666
512100,0.7236842105263158,0.8,0.9615384615384616,0.9,0.9166666666666666
512400,0.7236842105263158,0.8,0.9615384615384616,0.9,0.9166666666666666
512700,0.7236842105263158,0.8,0.9615384615384616,0.9,0.9166666666666666
513000,0.7236842105263158,0.8,0.9615384615384616,0.9,0.9166666666666666
513300,0.7236842105263158,0.8,0.9615384615384616,0.9,0.9166666666666666
513600,0.7236842105263158,0.8,0.9615384615384616,0.9,0.9166666666666666
513900,0.7236842105263158,0.8,0.9615384615384616,0.9,0.9166666666666666
514200,0.7236842105263158,0.8,0.9615384615384616,0.9,0.9166666666666666
514500,0.7236842105263158,0.8,0.9615384615384616,0.9,0.9166666666666666
514800,0.7236842105263158,0.8,0.9615384615384616,0.9,0.9166666666666666
515100,0.7236842105263158,0.8,0.9615384615384616,0.9,0.9166666666666666
515400,0.7236842105263158,0.8,0.9615384615384616,0.9,0.9166666666666666
515700,0.7236842105263158,0.8,0.9615384615384616,0.9,0.9166666666666666
516000,0.7236842105263158,0.8,0.9615384615384616,0.9,0.9166666666666666
516300,0.7236842105263158,0.8,0.9615384615384616,0.9,0.9166666666666666
516600,0.7236842105263158,0.8,0.9615384615384616,0.9,0.9166666666666666
516900,0.7236842105263158,0.8,0.9615384615384616,0.9,0.9166666666666666
517200,0.7236842105263158,0.8,0.9615384615384616,0.9,0.9166666666666666
517500,0.7236842105263158,0.8,0.9615384615384616,0.9,0.9166666666666666
517800,0.7236842105263158,0.8,0.9615384615384616,0.9,0.9166666666666666
518100,0.7236842105263158,0.8,0.9615384615384616,0.9,0.9166666666666666
518400,0.7236842105263158,0.8,0.9615384615384616,0.9,0.9166666666666666
518700,0.7236842105263158,0.8,0.9615384615384616,0.9,0.9166666666666666
519000,0.7236842105263158,0.8,0.9615384615384616,0.9,0.9166666666666666
519300,0.7236842105263158,0.8,0.9615384615384616,0.9,0.9166666666666666
519600,0.7236842105263158,0.8,0.9615384615384616,0.9,0.9166666666666666
519900,0.7236842105263158,0.8,0.9615384615384616,0.9,0.9166666666666666
520200,0.7236842105263158,0.8,0.9615384615384616,0.9,0.9166666666666666
520500,0.7236842105263158,0.8,0.9615384615384616,0.9,0.9166666666666666
520800,0.7236842105263158,0.8,0.9615384615384616,0.9,0.9166666666666666
521100,0.7236842105263158,0.8,0.9615384615384616,0.9,0.9166666666666666
521400,0.7236842105263158,0.8,0.9615384615384616,0.9,0.9166666666666666
521700,0.7236842105263158,0.8,0.9615384615384616,0.9,0.9166666666666666
522000,0.7236842105263158,0.8,0.9615384615384616,0.9,0.9166666666666666
522300,0.7236842105263158,0.8,0.9615384615384616,0.9,0.9166666666666666
522600,0.7236842105263158,0.8,0.9615384615384616,0.9,0.9166666666666666
522900,0.7236842105263158,0.8,0.9615384615384616,0.9,0.9166666666666666
523200,0.7236842105263158,0.8,0.9615384615384616,0.9,0.9166666666666666
523500,0.7236842105263158,0.8,0.9615384615384616,0.9,0.9166666666666666
523800,0.7236842105263158,0.8,0.9615384615384616,0.9,0.9166666666666666
524100,0.7236842105263158,0.8,0.9615384615384616,0.9,0.9166666666666666
524400,0.7236842105263158,0.8,0.9615384615384616,0.9,0.9166666666666666
524700,0.7236842105263158,0.8,0.9615384615384616,0.9,0.9166666666666666
525000,0.7236842105263158,0.8,0.9615384615384616,0.9,0.9166666666666666
525300,0.7236842105263158,0.8,0.9615384615384616,0.9,0.9166666666666666
525600,0.7236842105263158,0.8,0.9615384615384616,0.9,0.9166666666666666
525900,0.7236842105263158,0.8,0.9615384615384616,0.9,0.9166666666666666
526200,0.7236842105263158,0.8,0.9615384615384616,0.9,0.9166666666666666
526500,0.7236842105263158,0.8,0.9615384615384616,0.9,0.9166666666666666
526800,0.7236842105263158,0.8,0.9615384615384616,0.9,0.9166666666666666
527100,0.7236842105263158,0.8,0.9615384615384616,0.9,0.9166666666666666
527400,0.7236842105263158,0.8,0.9615384615384616,0.9,0.9166666666666666
527700,0.7236842105263158,0.8,0.9615384615384616,0.9,0.9166666666666666
528000,0.7236842105263158,0.8,0.9615384615384616,0.9,0.9166666666666666
528300,0.7236842105263158,0.8,0.9615384615384616,0.9,0.9166666666666666
528600,0.7236842105263158,0.8,0.9615384615384616,0.9,0.9166666666666666
528900,0.7236842105263158,0.8,0.9615384615384616,0.9,0.9166666666666666
529200,0.7236842105263158,0.8,0.9615384615384616,0.9,0.9166666666666666
529500,0.7236842105263158,0.8,0.9615384615384616,0.9,0.9166666666666666
529800,0.7236842105263158,0.8,0.9615384615384616,0.9,0.9166666666666666
530100,0.7236842105263158,0.8,0.9615384615384616,0.9,0.9166666666666666
530400,0.7236842105263158,0.8,0.9615384615384616,0.9,0.9166666666666666
530700,0.7236842105263158,0.8,0.9615384615384616,0.9,0.9166666666666666
531000,0.7236842105263158,0.8,0.9615384615384616,0.9,0.9166666666666666
531300,0.7236842105263158,0.8,0.9615384615384616,0.9,0.9166666666666666
531600,0.7236842105263158,0.8,0.9615384615384616,0.9,0.9166666666666666
531900,0.7236842105263158,0.8,0.9615384615384616,0.9,0.9166666666666666
532200,0.7236842105263158,0.8,0.9615384615384616,0.9,0.9166666666666666
532500,0.7236842105263158,0.8,0.9615384615384616,0.9,0.9166666666666666
532800,0.7236842105263158,0.8,0.9615384615384616,0.9,0.9166666666666666
533100,0.7236842105263158,0.8,0.9615384615384616,0.9,0.9166666666666666
533400,0.7236842105263158,0.8,0.9615384615384616,0.9,0.9166666666666666
533700,0.7236842105263158,0.8,0.9615384615384616,0.9,0.9166666666666666
534000,0.7236842105263158,0.8,0.9615384615384616,0.9,0.9166666666666666
534300,0.7236842105263158,0.8,0.9615384615384616,0.9,0.9166666666666666
534600,0.7236842105263158,0.8,0.9615384615384616,0.9,0.9166666666666666
534900,0.7236842105263158,0.8,0.9615384615384616,0.9,0.9166666666666666
535200,0.7236842105263158,0.8,0.9615384615384616,0.9,0.9166666666666666
535500,0.7236842105263158,0.8,0.9615384615384616,0.9,0.9166666666666666
535800,0.7236842105263158,0.8,0.9615384615384616,0.9,0.9166666666666666
536100,0.7236842105263158,0.8,0.9615384615384616,0.9,0.9166666666666666
536400,0.7236842105263158,0.8,0.9615384615384616,0.9,0.9166666666666666
536700,0.7236842105263158,0.8,0.9615384615384616,0.9,0.9166666666666666
537000,0.7236842105263158,0.8,0.9615384615384616,0.9,0.9166666666666666
537300,0.7236842105263158,0.8,0.9615384615384616,0.9,0.9166666666666666
537600,0.7236842105263158,0.8,0.9615384615384616,0.9,0.9166666666666666
537900,0.7236842105263158,0.8,0.9615384615384616,0.9,0.9166666666666666
538200,0.7236842105263158,0.8,0.9615384615384616,0.9,0.9166666666666666
538500,0.7236842105263158,0.8,0.9615384615384616,0.9,0.9166666666666666
538800,0.7236842105263158,0.8,0.9615384615384616,0.9,0.9166666666666666
539100,0.7236842105263158,0.8,0.9615384615384616,0.9,0.9166666666666666
539400,0.7236842105263158,0.8,0.9615384615384616,0.9,0.9166666666666666
539700,0.7236842105263158,0.8,0.9615384615384616,0.9,0.9166666666666666
540000,0.7236842105263158,0.8,0.9615384615384616,0.9,0.9166666666666666
540300,0.7236842105263158,0.8,0.9615384615384616,0.9,0.9166666666666666
540600,0.7236842105263158,0.8,0.9615384615384616,0.9,0.9166666666666666
540900,0.7236842105263158,0.8,0.9615384615384616,0.9,0.9166666666666666
541200,0.7236842105263158,0.8,0.9615384615384616,0.9,0.9166666666666666
541500,0.7236842105263158,0.8,0.9615384615384616,0.9,0.9166666666666666
541800,0.7236842105263158,0.8,0.9615384615384616,0.9,0.9166666666666666
542100,0.7236842105263158,0.8,0.9615384615384616,0.9,0.9166666666666666
542400,0.7236842105263158,0.8,0.9615384615384616,0.9,0.9166666666666666
542700,0.7236842105263158,0.8,0.9615384615384616,0.9,0.9166666666666666
543000,0.7236842105263158,0.8,0.9615384615384616,0.9,0.9166666666666666
543300,0.7236842105263158,0.8,0.9615384615384616,0.9,0.9166666666666666
543600,0.7236842105263158,0.8,0.9615384615384616,0.9,0.9166666666666666
543900,0.7236842105263158,0.8,0.9615384615384616,0.9,0.9166666666666666
544200,0.7236842105263158,0.8,0.9615384615384616,0.9,0.9166666666666666
544500,0.7236842105263158,0.8,0.9615384615384616,0.9,0.9166666666666666
544800,0.7236842105263158,0.8,0.9615384615384616,0.9,0.9166666666666666
545100,0.7236842105263158,0.8,0.9615384615384616,0.9,0.9166666666666666
545400,0.7236842105263158,0.8,0.9615384615384616,0.9,0.9166666666666666
545700,0.7236842105263158,0.8,0.9615384615384616,0.9,0.9166666666666666
546000,0.7236842105263158,0.8,0.9615384615384616,0.9,0.9166666666666666
546300,0.7236842105263158,0.8,0.9615384615384616,0.9,0.9166666666666666
546600,0.7236842105263158,0.8,0.9615384615384616,0.9,0.9166666666666666
546900,0.7236842105263158,0.8,0.9615384615384616,0.9,0.9166666666666666
547200,0.7236842105263158,0.8,0.9615384615384616,0.9,0.9166666666666666
547500,0.7236842105263158,0.8,0.9615384615384616,0.9,0.9166666666666666
547800,0.7236842105263158,0.8,0.9615384615384616,0.9,0.9166666666666666
548100,0.7236842105263158,0.8,0.9615384615384616,0.9,0.9166666666666666
548400,0.7236842105263158,0.8,0.9615384615384616,0.9,0.9166666666666666
548700,0.7236842105263158,0.8,0.9615384615384616,0.9,0.9166666666666666
549000,0.7236842105263158,0.8,0.9615384615384616,0.9,0.9166666666666666
549300,0.7236842105263158,0.8,0.9615384615384616,0.9,0.9166666666666666
549600,0.7236842105263158,0.8,0.9615384615384616,0.9,0.9166666666666666
549900,0.7236842105263158,0.8,0.9615384615384616,0.9,0.9166666666666666
550200,0.7236842105263158,0.8,0.9615384615384616,0.9,0.9166666666666666
550500,0.7236842105263158,0.8,0.9615384615384616,0.9,0.9166666666666666
550800,0.7236842105263158,0.8,0.9615384615384616,0.9,0.9166666666666666
551100,0.7236842105263158,0.8,0.9615384615384616,0.9,0.9166666666666666
551400,0.7236842105263158,0.8,0.9615384615384616,0.9,0.9166666666666666
551700,0.7236842105263158,0.8,0.9615384615384616,0.9,0.9166666666666666
552000,0.7236842105263158,0.8,0.9615384615384616,0.9,0.9166666666666666
552300,0.7236842105263158,0.8,0.9615384615384616,0.9,0.9166666666666666
552600,0.7236842105263158,0.8,0.9615384615384616,0.9,0.9166666666666666
552900,0.7236842105263158,0.8,0.9615384615384616,0.9,0.9166666666666666
553200,0.7236842105263158,0.8,0.9615384615384616,0.9,0.9166666666666666
553500,0.7236842105263158,0.8,0.9615384615384616,0.9,0.9166666666666666
553800,0.7236842105263158,0.8,0.9615384615384616,0.9,0.9166666666666666
554100,0.7236842105263158,0.8,0.9615384615384616,0.9,0.9166666666666666
554400,0.7236842105263158,0.8,0.9615384615384616,0.9,0.9166666666666666
554700,0.7236842105263158,0.8,0.9615384615384616,0.9,0.9166666666666666
555000,0.7236842105263158,0.8,0.9615384615384616,0.9,0.9166666666666666
555300,0.7236842105263158,0.8,0.9615384615384616,0.9,0.9166666666666666
555600,0.7236842105263158,0.8,0.9615384615384616,0.9,0.9166666666666666
555900,0.7236842105263158,0.8,0.9615384615384616,0.9,0.9166666666666666
556200,0.7236842105263158,0.8,0.9615384615384616,0.9,0.9166666666666666
556500,0.7236842105263158,0.8,0.9615384615384616,0.9,0.9166666666666666
556800,0.5263157894736842,1.0,0.8076923076923077,0.6666666666666666,0.8888888888888888
557100,0.5394736842105263,1.0,0.8076923076923077,0.7,0.8888888888888888
557400,0.5789473684210527,1.0,0.8076923076923077,0.7,0.8888888888888888
557700,0.5789473684210527,1.0,0.8461538461538461,0.7,0.8888888888888888
558000,0.5921052631578947,0.95,0.8653846153846154,0.7,0.8611111111111112
558300,0.5789473684210527,0.9,0.8846153846153846,0.6666666666666666,0.8611111111111112
558600,0.5526315789473685,0.9,0.8846153846153846,0.7,0.8611111111111112
558900,0.5789473684210527,0.9,0.8846153846153846,0.7,0.8611111111111112
559200,0.618421052631579,0.85,0.9038461538461539,0.7,0.8611111111111112
559500,0.5263157894736842,0.8,0.8846153846153846,0.7333333333333333,0.8611111111111112
559800,0.5394736842105263,0.8,0.8846153846153846,0.7333333333333333,0.8611111111111112
560100,0.5526315789473685,0.85,0.8846153846153846,0.7333333333333333,0.8611111111111112
560400,0.5657894736842105,0.85,0.8846153846153846,0.7333333333333333,0.8611111111111112
560700,0.5657894736842105,0.8,0.8653846153846154,0.7333333333333333,0.8611111111111112
561000,0.5263157894736842,0.85,0.8846153846153846,0.7333333333333333,0.8611111111111112
561300,0.5657894736842105,0.8,0.8461538461538461,0.7666666666666667,0.8888888888888888
561600,0.5394736842105263,0.75,0.8269230769230769,0.7666666666666667,0.8333333333333334
561900,0.5394736842105263,0.7,0.7884615384615384,0.7333333333333333,0.8333333333333334
562200,0.5263157894736842,0.7,0.75,0.7333333333333333,0.8333333333333334
562500,0.4605263157894737,0.75,0.6923076923076923,0.7333333333333333,0.8333333333333334
562800,0.5394736842105263,0.8,0.7307692307692307,0.7,0.7777777777777778
563100,0.5263157894736842,0.85,0.7307692307692307,0.7,0.8055555555555556
563400,0.47368421052631576,0.85,0.6923076923076923,0.6666666666666666,0.8333333333333334
563700,0.5394736842105263,0.85,0.7115384615384616,0.6666666666666666,0.7777777777777778
564000,0.5131578947368421,0.85,0.7692307692307693,0.6666666666666666,0.75
564300,0.5263157894736842,0.85,0.7884615384615384,0.6666666666666666,0.75
564600,0.5526315789473685,0.85,0.75,0.7,0.7777777777777778
564900,0.5789473684210527,0.85,0.7307692307692307,0.7,0.75
565200,0.5921052631578947,0.85,0.6923076923076923,0.7,0.75
565500,0.5921052631578947,0.85,0.6730769230769231,0.7,0.8055555555555556
565800,0.5789473684210527,0.85,0.6923076923076923,0.7,0.8055555555555556
566100,0.6052631578947368,0.9,0.6923076923076923,0.7,0.8333333333333334
566400,0.5921052631578947,0.9,0.6730769230769231,0.6666666666666666,0.8611111111111112
566700,0.5921052631578947,0.9,0.6538461538461539,0.7333333333333333,0.8055555555555556
567000,0.618421052631579,0.95,0.6730769230769231,0.7666666666666667,0.8055555555555556
567300,0.6052631578947368,0.9,0.6538461538461539,0.7666666666666667,0.7777777777777778
567600,0.6052631578947368,0.9,0.6730769230769231,0.8,0.7777777777777778
567900,0.6447368421052632,0.9,0.6730769230769231,0.7666666666666667,0.7777777777777778
568200,0.618421052631579,0.85,0.7115384615384616,0.7666666666666667,0.7777777777777778
568500,0.6052631578947368,0.85,0.75,0.7666666666666667,0.8055555555555556
568800,0.5394736842105263,0.75,0.7884615384615384,0.7666666666666667,0.8333333333333334
569100,0.6052631578947368,0.7,0.8076923076923077,0.7666666666666667,0.8055555555555556
569400,0.631578947368421,0.75,0.8269230769230769,0.7666666666666667,0.8055555555555556
569700,0.6710526315789473,0.7,0.8653846153846154,0.7666666666666667,0.8333333333333334
570000,0.6842105263157895,0.7,0.8846153846153846,0.8,0.8611111111111112
570300,0.6973684210526315,0.65,0.8269230769230769,0.8,0.8611111111111112
570600,0.6710526315789473,0.65,0.8269230769230769,0.8,0.8888888888888888
570900,0.6842105263157895,0.7,0.8461538461538461,0.8,0.8888888888888888
571200,0.6710526315789473,0.7,0.8846153846153846,0.8,0.8888888888888888
571500,0.7105263157894737,0.7,0.9038461538461539,0.8333333333333334,0.9166666666666666
571800,0.7236842105263158,0.7,0.9230769230769231,0.8333333333333334,0.9166666666666666
572100,0.0,0.0,0.9423076923076923,0.8333333333333334,0.9444444444444444
572400,0.631578947368421,0.65,0.9423076923076923,0.8333333333333334,0.9444444444444444
572700,0.6578947368421053,0.65,0.9423076923076923,0.8333333333333334,0.9444444444444444
573000,0.6710526315789473,0.6,0.9230769230769231,0.8333333333333334,0.9444444444444444
573300,0.618421052631579,0.6,0.9038461538461539,0.8333333333333334,0.9444444444444444
573600,0.6710526315789473,0.6,0.9038461538461539,0.8666666666666667,0.9444444444444444
573900,0.7105263157894737,0.6,0.9038461538461539,0.8333333333333334,0.9444444444444444
574200,0.6973684210526315,0.55,0.9230769230769231,0.8333333333333334,0.9444444444444444
574500,0.6578947368421053,0.55,0.9230769230769231,0.8666666666666667,0.9444444444444444
574800,0.7236842105263158,0.55,0.9423076923076923,0.8666666666666667,0.9444444444444444
575100,0.75,0.55,0.9423076923076923,0.8666666666666667,0.9444444444444444
575400,0.75,0.7,0.9423076923076923,0.8666666666666667,0.9444444444444444
575700,0.75,0.7,0.9230769230769231,0.8666666666666667,0.9444444444444444
576000,0.7631578947368421,0.7,0.9230769230769231,0.9,0.9444444444444444
576300,0.6973684210526315,0.7,0.9230769230769231,0.9,0.9166666666666666
576600,0.7894736842105263,0.65,0.9038461538461539,0.9,0.9166666666666666
576900,0.7894736842105263,0.65,0.8846153846153846,0.9,0.9166666666666666
577200,0.6973684210526315,0.55,0.8846153846153846,0.9,0.9166666666666666
577500,0.7763157894736842,0.55,0.8653846153846154,0.9333333333333333,0.8888888888888888
577800,0.7368421052631579,0.5,0.8461538461538461,0.9333333333333333,0.8888888888888888
578100,0.7236842105263158,0.55,0.8461538461538461,0.9666666666666667,0.8611111111111112
578400,0.6842105263157895,0.55,0.8653846153846154,0.9666666666666667,0.8611111111111112
578700,0.7368421052631579,0.7,0.8653846153846154,0.9666666666666667,0.8611111111111112
579000,0.7236842105263158,0.8,0.8846153846153846,0.9666666666666667,0.8611111111111112
579300,0.0,0.0,0.9038461538461539,0.9666666666666667,0.8611111111111112
579600,0.6842105263157895,0.85,0.8846153846153846,0.9666666666666667,0.8888888888888888
579900,0.7631578947368421,0.85,0.9038461538461539,0.9666666666666667,0.8888888888888888
580200,0.7368421052631579,0.85,0.9038461538461539,0.9666666666666667,0.8888888888888888
580500,0.7763157894736842,0.95,0.9230769230769231,0.9333333333333333,0.9166666666666666
580800,0.7368421052631579,0.95,0.9615384615384616,0.9,0.9166666666666666
581100,0.7894736842105263,0.95,0.9615384615384616,0.8666666666666667,0.9166666666666666
581400,0.7368421052631579,0.95,0.9230769230769231,0.8666666666666667,0.8888888888888888
581700,0.7894736842105263,0.9,0.9423076923076923,0.9,0.8611111111111112
582000,0.7763157894736842,0.9,0.9423076923076923,0.9,0.8611111111111112
582300,0.75,0.85,0.9423076923076923,0.9,0.8611111111111112
582600,0.8157894736842105,0.8,0.9423076923076923,0.9,0.8888888888888888
582900,0.8026315789473685,0.8,0.9423076923076923,0.9,0.8888888888888888
583200,0.7236842105263158,0.8,0.9423076923076923,0.9,0.8611111111111112
583500,0.7368421052631579,0.8,0.9615384615384616,0.9666666666666667,0.8611111111111112
583800,0.7236842105263158,0.8,0.9423076923076923,0.9666666666666667,0.8611111111111112
584100,0.7368421052631579,0.85,0.9615384615384616,0.9666666666666667,0.8333333333333334
584400,0.7368421052631579,0.85,0.9423076923076923,0.9666666666666667,0.8888888888888888
584700,0.8026315789473685,0.9,0.9423076923076923,0.9666666666666667,0.9166666666666666
585000,0.7368421052631579,0.9,0.9423076923076923,0.9666666666666667,0.8888888888888888
585300,0.6710526315789473,0.95,0.9423076923076923,0.9666666666666667,0.8888888888888888
585600,0.7105263157894737,0.8,0.9423076923076923,0.9666666666666667,0.8888888888888888
585900,0.7368421052631579,0.8,0.9615384615384616,0.9666666666666667,0.8611111111111112
586200,0.75,0.8,0.9615384615384616,0.9333333333333333,0.8611111111111112
586500,0.0,0.0,0.9230769230769231,0.9333333333333333,0.8611111111111112
586800,0.75,0.8,0.9038461538461539,0.9,0.8611111111111112
587100,0.6710526315789473,0.8,0.9038461538461539,0.9,0.8611111111111112
587400,0.7631578947368421,0.8,0.9038461538461539,0.8666666666666667,0.8611111111111112
587700,0.6842105263157895,0.8,0.9038461538461539,0.8666666666666667,0.8888888888888888
588000,0.6052631578947368,0.85,0.8653846153846154,0.8666666666666667,0.8888888888888888
588300,0.631578947368421,0.8,0.8653846153846154,0.8333333333333334,0.8888888888888888
588600,0.631578947368421,0.8,0.8846153846153846,0.8333333333333334,0.9166666666666666
588900,0.618421052631579,0.8,0.8846153846153846,0.8333333333333334,0.9166666666666666
589200,0.618421052631579,0.75,0.8846153846153846,0.8333333333333334,0.9166666666666666
589500,0.5,0.75,0.8653846153846154,0.8333333333333334,0.9166666666666666
589800,0.6447368421052632,0.75,0.8653846153846154,0.9,0.8888888888888888
590100,0.6447368421052632,0.75,0.8653846153846154,0.8666666666666667,0.8888888888888888
590400,0.6052631578947368,0.8,0.9038461538461539,0.8666666666666667,0.9166666666666666
590700,0.5394736842105263,0.9,0.9230769230769231,0.8666666666666667,0.8888888888888888
591000,0.5526315789473685,0.95,0.9038461538461539,0.8333333333333334,0.8888888888888888
591300,0.5789473684210527,0.95,0.8846153846153846,0.7666666666666667,0.8611111111111112
591600,0.5789473684210527,0.95,0.8846153846153846,0.7666666666666667,0.8611111111111112
591900,0.5789473684210527,0.95,0.8846153846153846,0.7666666666666667,0.8611111111111112
592200,0.5789473684210527,0.95,0.8846153846153846,0.7666666666666667,0.8611111111111112
592500,0.5789473684210527,0.95,0.8846153846153846,0.7666666666666667,0.8611111111111112
592800,0.5789473684210527,0.95,0.8846153846153846,0.7666666666666667,0.8611111111111112
593100,0.5789473684210527,0.95,0.8846153846153846,0.7666666666666667,0.8611111111111112
593400,0.5789473684210527,0.95,0.8846153846153846,0.7666666666666667,0.8611111111111112
593700,0.5789473684210527,0.95,0.8846153846153846,0.7666666666666667,0.8611111111111112
594000,0.5789473684210527,0.95,0.8846153846153846,0.7666666666666667,0.8611111111111112
594300,0.5789473684210527,0.95,0.8846153846153846,0.7666666666666667,0.8611111111111112
594600,0.5789473684210527,0.95,0.8846153846153846,0.7666666666666667,0.8611111111111112
594900,0.5789473684210527,0.95,0.8846153846153846,0.7666666666666667,0.8611111111111112
595200,0.5526315789473685,0.8,0.8269230769230769,0.7666666666666667,0.7222222222222222
595500,0.5921052631578947,0.8,0.8076923076923077,0.7666666666666667,0.7222222222222222
595800,0.5789473684210527,0.85,0.8269230769230769,0.7666666666666667,0.75
596100,0.4473684210526316,0.85,0.8269230769230769,0.8,0.6944444444444444
596400,0.4868421052631579,0.8,0.8461538461538461,0.8,0.6944444444444444
596700,0.4868421052631579,0.85,0.8461538461538461,0.8,0.6944444444444444
597000,0.4868421052631579,0.85,0.8461538461538461,0.8,0.7222222222222222
597300,0.4605263157894737,0.85,0.8653846153846154,0.8333333333333334,0.7222222222222222
597600,0.47368421052631576,0.85,0.9038461538461539,0.8333333333333334,0.7222222222222222
597900,0.4473684210526316,0.9,0.8846153846153846,0.8333333333333334,0.6944444444444444
598200,0.3815789473684211,0.9,0.8653846153846154,0.8666666666666667,0.6944444444444444
598500,0.39473684210526316,0.9,0.8653846153846154,0.8666666666666667,0.6944444444444444
598800,0.3684210526315789,0.9,0.8653846153846154,0.8666666666666667,0.75
599100,0.3815789473684211,0.9,0.8846153846153846,0.8666666666666667,0.75
599400,0.3815789473684211,0.9,0.9038461538461539,0.9,0.7222222222222222
599700,0.40789473684210525,0.95,0.9038461538461539,0.8666666666666667,0.7222222222222222
600000,0.39473684210526316,0.9,0.9038461538461539,0.8,0.7222222222222222
600300,0.3815789473684211,0.9,0.8653846153846154,0.8,0.6944444444444444
600600,0.3815789473684211,0.85,0.8461538461538461,0.8,0.6666666666666666
600900,0.3684210526315789,0.85,0.8461538461538461,0.8,0.6388888888888888
601200,0.3815789473684211,0.85,0.8461538461538461,0.8,0.6111111111111112
601500,0.3684210526315789,0.8,0.8653846153846154,0.8,0.6388888888888888
601800,0.3815789473684211,0.8,0.8846153846153846,0.8,0.6388888888888888
602100,0.35526315789473684,0.8,0.8846153846153846,0.7333333333333333,0.6666666666666666
602400,0.2894736842105263,0.8,0.8846153846153846,0.7,0.6111111111111112
602700,0.2631578947368421,0.8,0.8846153846153846,0.6666666666666666,0.6111111111111112
603000,0.23684210526315788,0.8,0.8846153846153846,0.7,0.5833333333333334
603300,0.23684210526315788,0.9,0.8846153846153846,0.7,0.5277777777777778
603600,0.2236842105263158,0.9,0.8461538461538461,0.6666666666666666,0.5555555555555556
603900,0.19736842105263158,0.95,0.8076923076923077,0.6666666666666666,0.6388888888888888
604200,0.18421052631578946,1.0,0.8269230769230769,0.6666666666666666,0.5555555555555556
604500,0.21052631578947367,1.0,0.8269230769230769,0.6333333333333333,0.5
604800,0.18421052631578946,1.0,0.8269230769230769,0.6666666666666666,0.4444444444444444
605100,0.15789473684210525,1.0,0.8076923076923077,0.7,0.3333333333333333
605400,0.14473684210526316,1.0,0.8076923076923077,0.7666666666666667,0.3055555555555556
605700,0.15789473684210525,1.0,0.7884615384615384,0.7333333333333333,0.3055555555555556
606000,0.11842105263157894,0.95,0.75,0.6666666666666666,0.3055555555555556
606300,0.06578947368421052,0.95,0.75,0.6666666666666666,0.25
606600,0.06578947368421052,0.95,0.75,0.6666666666666666,0.25
606900,0.09210526315789473,0.95,0.7692307692307693,0.6666666666666666,0.25
607200,0.09210526315789473,0.95,0.75,0.6666666666666666,0.16666666666666666
607500,0.09210526315789473,0.95,0.75,0.6333333333333333,0.16666666666666666
607800,0.10526315789473684,0.95,0.7692307692307693,0.6333333333333333,0.2222222222222222
608100,0.10526315789473684,0.95,0.7692307692307693,0.6333333333333333,0.2222222222222222
608400,0.10526315789473684,0.95,0.7692307692307693,0.6666666666666666,0.2222222222222222
608700,0.11842105263157894,0.95,0.7692307692307693,0.6666666666666666,0.19444444444444445
609000,0.11842105263157894,0.95,0.7692307692307693,0.6666666666666666,0.2777777777777778
609300,0.11842105263157894,0.95,0.7692307692307693,0.6666666666666666,0.3333333333333333
609600,0.14473684210526316,1.0,0.7884615384615384,0.6666666666666666,0.3333333333333333
609900,0.10526315789473684,0.95,0.8269230769230769,0.6666666666666666,0.2777777777777778
610200,0.11842105263157894,0.95,0.8269230769230769,0.6666666666666666,0.3055555555555556
610500,0.13157894736842105,0.95,0.8269230769230769,0.6666666666666666,0.3055555555555556
610800,0.14473684210526316,0.95,0.8076923076923077,0.6666666666666666,0.3055555555555556
611100,0.15789473684210525,0.95,0.8076923076923077,0.6666666666666666,0.2777777777777778
611400,0.13157894736842105,0.95,0.8461538461538461,0.6666666666666666,0.3333333333333333
611700,0.14473684210526316,1.0,0.8461538461538461,0.6666666666666666,0.2777777777777778
612000,0.13157894736842105,1.0,0.8653846153846154,0.6666666666666666,0.25
612300,0.14473684210526316,1.0,0.8846153846153846,0.6666666666666666,0.3055555555555556
612600,0.17105263157894737,1.0,0.8846153846153846,0.6666666666666666,0.3611111111111111
612900,0.15789473684210525,1.0,0.8846153846153846,0.6666666666666666,0.3611111111111111
613200,0.11842105263157894,1.0,0.8846153846153846,0.6333333333333333,0.3611111111111111
613500,0.11842105263157894,1.0,0.8653846153846154,0.6333333333333333,0.3888888888888889
613800,0.14473684210526316,1.0,0.8653846153846154,0.6333333333333333,0.4444444444444444
614100,0.13157894736842105,1.0,0.8461538461538461,0.6,0.4722222222222222
614400,0.11842105263157894,1.0,0.8461538461538461,0.6,0.4166666666666667
614700,0.13157894736842105,1.0,0.8461538461538461,0.5666666666666667,0.3888888888888889
615000,0.11842105263157894,1.0,0.8269230769230769,0.5666666666666667,0.4444444444444444
615300,0.13157894736842105,1.0,0.8269230769230769,0.5666666666666667,0.3888888888888889
615600,0.11842105263157894,1.0,0.8269230769230769,0.5333333333333333,0.3055555555555556
615900,0.13157894736842105,1.0,0.7884615384615384,0.5666666666666667,0.2777777777777778
616200,0.14473684210526316,1.0,0.7692307692307693,0.5666666666666667,0.3055555555555556
616500,0.13157894736842105,1.0,0.7692307692307693,0.5666666666666667,0.3055555555555556
616800,0.11842105263157894,1.0,0.7692307692307693,0.5666666666666667,0.3888888888888889
617100,0.13157894736842105,1.0,0.7692307692307693,0.5666666666666667,0.4166666666666667
617400,0.13157894736842105,1.0,0.7884615384615384,0.5666666666666667,0.4166666666666667
617700,0.11842105263157894,1.0,0.8076923076923077,0.5333333333333333,0.4166666666666667
618000,0.11842105263157894,1.0,0.8269230769230769,0.5333333333333333,0.3888888888888889
618300,0.10526315789473684,1.0,0.8269230769230769,0.5333333333333333,0.4444444444444444
618600,0.09210526315789473,1.0,0.8461538461538461,0.5666666666666667,0.4444444444444444
618900,0.09210526315789473,1.0,0.8461538461538461,0.5666666666666667,0.4444444444444444
619200,0.09210526315789473,1.0,0.8461538461538461,0.5666666666666667,0.4444444444444444
619500,0.10526315789473684,1.0,0.8076923076923077,0.5666666666666667,0.4166666666666667
619800,0.11842105263157894,1.0,0.7884615384615384,0.5666666666666667,0.4722222222222222
620100,0.11842105263157894,1.0,0.7884615384615384,0.5666666666666667,0.4166666666666667
620400,0.10526315789473684,1.0,0.8076923076923077,0.5666666666666667,0.3888888888888889
620700,0.13157894736842105,1.0,0.8076923076923077,0.5666666666666667,0.3888888888888889
621000,0.13157894736842105,1.0,0.7884615384615384,0.5666666666666667,0.3611111111111111
621300,0.13157894736842105,1.0,0.7884615384615384,0.5666666666666667,0.3888888888888889
621600,0.13157894736842105,1.0,0.7884615384615384,0.5666666666666667,0.4166666666666667
621900,0.13157894736842105,1.0,0.7692307692307693,0.5333333333333333,0.3611111111111111
622200,0.13157894736842105,1.0,0.7692307692307693,0.5333333333333333,0.3611111111111111
622500,0.11842105263157894,1.0,0.7692307692307693,0.5333333333333333,0.3611111111111111
622800,0.13157894736842105,1.0,0.75,0.5,0.3611111111111111
623100,0.13157894736842105,1.0,0.7692307692307693,0.5,0.3888888888888889
623400,0.14473684210526316,1.0,0.75,0.4666666666666667,0.4166666666666667
623700,0.14473684210526316,1.0,0.7692307692307693,0.43333333333333335,0.4722222222222222
624000,0.14473684210526316,1.0,0.6923076923076923,0.43333333333333335,0.4444444444444444
624300,0.14473684210526316,1.0,0.6923076923076923,0.43333333333333335,0.4722222222222222
624600,0.15789473684210525,1.0,0.6923076923076923,0.43333333333333335,0.5
624900,0.13157894736842105,1.0,0.6730769230769231,0.4,0.5277777777777778
625200,0.14473684210526316,1.0,0.6730769230769231,0.4,0.5
625500,0.17105263157894737,1.0,0.6730769230769231,0.4,0.5
625800,0.17105263157894737,1.0,0.6538461538461539,0.36666666666666664,0.4722222222222222
626100,0.15789473684210525,1.0,0.6730769230769231,0.36666666666666664,0.4444444444444444
626400,0.13157894736842105,1.0,0.6730769230769231,0.36666666666666664,0.3611111111111111
626700,0.13157894736842105,1.0,0.6730769230769231,0.36666666666666664,0.3333333333333333
627000,0.14473684210526316,1.0,0.6346153846153846,0.4,0.3611111111111111
627300,0.14473684210526316,1.0,0.6153846153846154,0.4,0.3611111111111111
627600,0.15789473684210525,1.0,0.6346153846153846,0.4,0.3333333333333333
627900,0.15789473684210525,0.95,0.6346153846153846,0.36666666666666664,0.3055555555555556
628200,0.17105263157894737,0.95,0.6538461538461539,0.3333333333333333,0.3055555555555556
628500,0.15789473684210525,0.95,0.6346153846153846,0.36666666666666664,0.2777777777777778
628800,0.15789473684210525,0.95,0.6153846153846154,0.3333333333333333,0.25
629100,0.18421052631578946,0.95,0.5961538461538461,0.4,0.2222222222222222
629400,0.18421052631578946,0.95,0.6153846153846154,0.3333333333333333,0.25
629700,0.2236842105263158,0.95,0.6153846153846154,0.36666666666666664,0.25
630000,0.23684210526315788,0.95,0.6346153846153846,0.4,0.25
630300,0.2236842105263158,0.9,0.6538461538461539,0.36666666666666664,0.3333333333333333
630600,0.18421052631578946,0.9,0.6730769230769231,0.3333333333333333,0.4166666666666667
630900,0.19736842105263158,0.9,0.6730769230769231,0.4,0.3888888888888889
631200,0.19736842105263158,0.9,0.6730769230769231,0.4,0.3888888888888889
631500,0.21052631578947367,0.85,0.6730769230769231,0.43333333333333335,0.4166666666666667
631800,0.19736842105263158,0.8,0.6923076923076923,0.43333333333333335,0.4722222222222222
632100,0.19736842105263158,0.8,0.6923076923076923,0.4666666666666667,0.5
632400,0.18421052631578946,0.85,0.7307692307692307,0.43333333333333335,0.5
632700,0.19736842105263158,0.9,0.7115384615384616,0.4666666666666667,0.5555555555555556
633000,0.18421052631578946,0.95,0.7307692307692307,0.4666666666666667,0.5555555555555556
633300,0.19736842105263158,0.9,0.75,0.43333333333333335,0.6111111111111112
633600,0.19736842105263158,0.95,0.7307692307692307,0.43333333333333335,0.6111111111111112
633900,0.21052631578947367,0.9,0.7307692307692307,0.43333333333333335,0.6666666666666666
634200,0.23684210526315788,0.9,0.7307692307692307,0.4666666666666667,0.75
634500,0.25,0.9,0.7307692307692307,0.4666666666666667,0.75
634800,0.25,0.95,0.7307692307692307,0.5,0.8055555555555556
635100,0.23684210526315788,0.9,0.75,0.5,0.8055555555555556
635400,0.2894736842105263,0.9,0.7692307692307693,0.5,0.7777777777777778
635700,0.2894736842105263,0.9,0.7692307692307693,0.43333333333333335,0.8333333333333334
636000,0.3026315789473684,0.9,0.7884615384615384,0.4,0.8055555555555556
636300,0.3157894736842105,0.9,0.7884615384615384,0.4,0.8333333333333334
636600,0.3684210526315789,0.9,0.8076923076923077,0.43333333333333335,0.8055555555555556
636900,0.0,0.0,0.7884615384615384,0.43333333333333335,0.8333333333333334
637200,0.42105263157894735,0.9,0.7884615384615384,0.43333333333333335,0.8611111111111112
637500,0.42105263157894735,0.9,0.7884615384615384,0.4666666666666667,0.8888888888888888
637800,0.4342105263157895,0.95,0.7884615384615384,0.4666666666666667,0.8888888888888888
638100,0.4605263157894737,0.95,0.7692307692307693,0.43333333333333335,0.8888888888888888
638400,0.4473684210526316,0.95,0.7884615384615384,0.4666666666666667,0.8888888888888888
638700,0.4605263157894737,0.8,0.7884615384615384,0.4666666666666667,0.8888888888888888
639000,0.4868421052631579,0.8,0.7884615384615384,0.4666666666666667,0.9166666666666666
639300,0.5,0.8,0.7692307692307693,0.4666666666666667,0.9166666666666666
639600,0.4868421052631579,0.85,0.7692307692307693,0.4666666666666667,0.8888888888888888
639900,0.4868421052631579,0.8,0.7692307692307693,0.4666666666666667,0.8611111111111112
640200,0.4868421052631579,0.8,0.7692307692307693,0.4666666666666667,0.8611111111111112
640500,0.4868421052631579,0.8,0.7692307692307693,0.4666666666666667,0.8611111111111112
640800,0.4605263157894737,0.75,0.75,0.5,0.8333333333333334
641100,0.4868421052631579,0.8,0.75,0.5,0.8333333333333334
641400,0.4868421052631579,0.75,0.75,0.5,0.8333333333333334
641700,0.4868421052631579,0.75,0.75,0.6,0.8333333333333334
642000,0.4868421052631579,0.8,0.7307692307692307,0.6,0.8333333333333334
642300,0.47368421052631576,0.75,0.8076923076923077,0.6,0.8333333333333334
642600,0.5131578947368421,0.8,0.75,0.6,0.8611111111111112
642900,0.4868421052631579,0.8,0.7884615384615384,0.6,0.8611111111111112
643200,0.5394736842105263,0.85,0.8269230769230769,0.6333333333333333,0.8611111111111112
643500,0.5394736842105263,0.85,0.8269230769230769,0.6333333333333333,0.8611111111111112
643800,0.5657894736842105,0.85,0.8076923076923077,0.6333333333333333,0.8888888888888888
644100,0.0,0.0,0.7884615384615384,0.6333333333333333,0.8888888888888888
644400,0.5657894736842105,0.65,0.7884615384615384,0.6333333333333333,0.8888888888888888
644700,0.5789473684210527,0.65,0.8076923076923077,0.6333333333333333,0.8888888888888888
645000,0.5921052631578947,0.7,0.8269230769230769,0.6333333333333333,0.8611111111111112
645300,0.5921052631578947,0.75,0.7884615384615384,0.6333333333333333,0.8611111111111112
645600,0.5789473684210527,0.8,0.7884615384615384,0.6333333333333333,0.8611111111111112
645900,0.5921052631578947,0.8,0.8076923076923077,0.6333333333333333,0.8333333333333334
646200,0.5526315789473685,0.8,0.8076923076923077,0.6333333333333333,0.8888888888888888
646500,0.5657894736842105,0.8,0.8269230769230769,0.6666666666666666,0.9166666666666666
646800,0.5263157894736842,0.85,0.8269230769230769,0.6666666666666666,0.9166666666666666
647100,0.5657894736842105,0.9,0.8269230769230769,0.6666666666666666,0.9166666666666666
647400,0.5526315789473685,0.9,0.8269230769230769,0.6666666666666666,0.9166666666666666
647700,0.5,0.9,0.8269230769230769,0.6666666666666666,0.9166666666666666
648000,0.5526315789473685,0.9,0.8461538461538461,0.6666666666666666,0.9166666666666666
648300,0.5131578947368421,0.9,0.7692307692307693,0.6666666666666666,0.9444444444444444
648600,0.5131578947368421,0.9,0.7692307692307693,0.6666666666666666,0.9444444444444444
648900,0.5131578947368421,0.9,0.75,0.6666666666666666,0.9166666666666666
649200,0.5263157894736842,0.9,0.75,0.6666666666666666,0.9166666666666666
649500,0.5131578947368421,0.9,0.7692307692307693,0.6,0.8888888888888888
649800,0.4868421052631579,0.9,0.7692307692307693,0.6,0.9166666666666666
650100,0.47368421052631576,0.9,0.7692307692307693,0.5666666666666667,0.9166666666666666
650400,0.5131578947368421,0.95,0.7692307692307693,0.5333333333333333,0.9444444444444444
650700,0.4868421052631579,0.85,0.7884615384615384,0.5666666666666667,0.9444444444444444
651000,0.5,0.8,0.7692307692307693,0.5666666666666667,0.9444444444444444
651300,0.5263157894736842,0.8,0.7692307692307693,0.5333333333333333,0.9166666666666666
651600,0.5657894736842105,0.75,0.7692307692307693,0.5333333333333333,0.9166666666666666
651900,0.5131578947368421,0.7,0.7307692307692307,0.5,0.9166666666666666
652200,0.5131578947368421,0.7,0.6923076923076923,0.5333333333333333,0.8888888888888888
652500,0.5394736842105263,0.7,0.7115384615384616,0.5333333333333333,0.8888888888888888
652800,0.5394736842105263,0.7,0.6923076923076923,0.5333333333333333,0.9166666666666666
653100,0.618421052631579,0.7,0.7115384615384616,0.5666666666666667,0.9444444444444444
653400,0.6052631578947368,0.75,0.7115384615384616,0.5666666666666667,0.9166666666666666
653700,0.6052631578947368,0.75,0.7692307692307693,0.5666666666666667,0.8888888888888888
654000,0.618421052631579,0.8,0.7884615384615384,0.6333333333333333,0.8611111111111112
654300,0.5921052631578947,0.8,0.8076923076923077,0.6333333333333333,0.8055555555555556
654600,0.5657894736842105,0.85,0.8461538461538461,0.6333333333333333,0.8055555555555556
654900,0.6447368421052632,0.8,0.8076923076923077,0.6333333333333333,0.8055555555555556
655200,0.6578947368421053,0.8,0.8269230769230769,0.6333333333333333,0.8055555555555556
655500,0.6842105263157895,0.8,0.9038461538461539,0.6333333333333333,0.8333333333333334
655800,0.6447368421052632,0.75,0.9038461538461539,0.6333333333333333,0.8611111111111112
656100,0.6973684210526315,0.75,0.8846153846153846,0.6333333333333333,0.8333333333333334
656400,0.6973684210526315,0.75,0.9038461538461539,0.6333333333333333,0.8611111111111112
656700,0.6578947368421053,0.75,0.8653846153846154,0.6333333333333333,0.8888888888888888
657000,0.7236842105263158,0.75,0.8653846153846154,0.7,0.8611111111111112
657300,0.7105263157894737,0.75,0.8846153846153846,0.7,0.8888888888888888
657600,0.7105263157894737,0.8,0.8846153846153846,0.7,0.8888888888888888
657900,0.7368421052631579,0.85,0.8846153846153846,0.6666666666666666,0.8888888888888888
658200,0.7368421052631579,0.85,0.9038461538461539,0.6666666666666666,0.8888888888888888
658500,0.7236842105263158,0.9,0.8846153846153846,0.7,0.9166666666666666
658800,0.6973684210526315,0.85,0.8846153846153846,0.6666666666666666,0.9444444444444444
659100,0.6710526315789473,0.9,0.8846153846153846,0.7,0.9444444444444444
659400,0.6710526315789473,0.9,0.8846153846153846,0.7,0.9444444444444444
659700,0.6447368421052632,0.9,0.8653846153846154,0.7,0.9444444444444444
660000,0.6447368421052632,0.9,0.8846153846153846,0.7,0.9722222222222222
660300,0.6578947368421053,0.85,0.8653846153846154,0.7666666666666667,0.9722222222222222
660600,0.6447368421052632,0.85,0.8653846153846154,0.7666666666666667,0.9722222222222222
660900,0.6578947368421053,0.75,0.8846153846153846,0.7333333333333333,0.9722222222222222
661200,0.6973684210526315,0.75,0.8653846153846154,0.7333333333333333,0.9444444444444444
661500,0.6842105263157895,0.75,0.8653846153846154,0.7333333333333333,0.9444444444444444
661800,0.6578947368421053,0.65,0.8846153846153846,0.7333333333333333,0.9444444444444444
662100,0.7368421052631579,0.65,0.8846153846153846,0.7666666666666667,0.9444444444444444
662400,0.6842105263157895,0.55,0.8653846153846154,0.8,0.9444444444444444
662700,0.75,0.5,0.8846153846153846,0.8333333333333334,0.8888888888888888
663000,0.7368421052631579,0.5,0.9038461538461539,0.8666666666666667,0.8888888888888888
663300,0.7368421052631579,0.45,0.8846153846153846,0.9,0.8888888888888888
663600,0.75,0.45,0.9038461538461539,0.9,0.8888888888888888
663900,0.7105263157894737,0.5,0.9038461538461539,0.9333333333333333,0.8888888888888888
664200,0.7105263157894737,0.4,0.9038461538461539,0.9333333333333333,0.9166666666666666
664500,0.75,0.45,0.9230769230769231,0.9333333333333333,0.9166666666666666
664800,0.6973684210526315,0.6,0.9423076923076923,0.9333333333333333,0.8611111111111112
665100,0.7368421052631579,0.45,0.9230769230769231,0.9,0.8611111111111112
665400,0.7105263157894737,0.4,0.9615384615384616,0.9333333333333333,0.8611111111111112
665700,0.0,0.0,0.9615384615384616,0.9333333333333333,0.8333333333333334
666000,0.6973684210526315,0.5,0.9423076923076923,0.9,0.8611111111111112
666300,0.7368421052631579,0.55,0.9423076923076923,0.9333333333333333,0.8611111111111112
666600,0.7368421052631579,0.65,0.9423076923076923,0.9333333333333333,0.8611111111111112
666900,0.7368421052631579,0.65,0.9423076923076923,0.9333333333333333,0.8333333333333334
667200,0.7236842105263158,0.75,0.9423076923076923,0.9333333333333333,0.8055555555555556
667500,0.7236842105263158,0.75,0.9423076923076923,0.9333333333333333,0.8055555555555556
667800,0.7368421052631579,0.75,0.9423076923076923,0.9333333333333333,0.8055555555555556
668100,0.7368421052631579,0.7,0.9423076923076923,0.9333333333333333,0.7777777777777778
668400,0.7631578947368421,0.65,0.9423076923076923,0.9333333333333333,0.75
668700,0.6973684210526315,0.65,0.9230769230769231,0.9333333333333333,0.75
669000,0.6973684210526315,0.7,0.9230769230769231,0.9333333333333333,0.8055555555555556
669300,0.7236842105263158,0.7,0.9230769230769231,0.9,0.7777777777777778
669600,0.6578947368421053,0.7,0.9038461538461539,0.9333333333333333,0.8333333333333334
669900,0.7105263157894737,0.7,0.9038461538461539,0.9333333333333333,0.8333333333333334
670200,0.6842105263157895,0.7,0.9038461538461539,0.9333333333333333,0.7777777777777778
670500,0.6842105263157895,0.75,0.9038461538461539,0.8333333333333334,0.75
670800,0.6710526315789473,0.75,0.9038461538461539,0.8333333333333334,0.75
671100,0.6973684210526315,0.75,0.8846153846153846,0.8333333333333334,0.7777777777777778
671400,0.6973684210526315,0.7,0.8846153846153846,0.9,0.8055555555555556
671700,0.7236842105263158,0.7,0.9038461538461539,0.9,0.8055555555555556
672000,0.7236842105263158,0.7,0.9230769230769231,0.9,0.8611111111111112
672300,0.6710526315789473,0.75,0.9230769230769231,0.9,0.8611111111111112
672600,0.631578947368421,0.75,0.9423076923076923,0.9,0.8611111111111112
672900,0.631578947368421,0.75,0.9230769230769231,0.9333333333333333,0.9166666666666666
673200,0.6447368421052632,0.7,0.9230769230769231,0.9333333333333333,0.9166666666666666
673500,0.6973684210526315,0.55,0.8846153846153846,0.9333333333333333,0.9444444444444444
673800,0.6710526315789473,0.55,0.8846153846153846,0.9333333333333333,0.9444444444444444
674100,0.6052631578947368,0.55,0.8653846153846154,0.9333333333333333,0.9166666666666666
674400,0.631578947368421,0.6,0.8461538461538461,0.9333333333333333,0.9166666666666666
674700,0.6973684210526315,0.6,0.8269230769230769,0.9333333333333333,0.9166666666666666
675000,0.618421052631579,0.6,0.8269230769230769,0.9333333333333333,0.9166666666666666
675300,0.6842105263157895,0.65,0.8461538461538461,0.9,0.8611111111111112
675600,0.6578947368421053,0.6,0.8653846153846154,0.8666666666666667,0.8611111111111112
675900,0.6052631578947368,0.65,0.8461538461538461,0.8666666666666667,0.8611111111111112
676200,0.6052631578947368,0.6,0.8461538461538461,0.8666666666666667,0.8333333333333334
676500,0.6052631578947368,0.6,0.7884615384615384,0.8666666666666667,0.7777777777777778
676800,0.5789473684210527,0.7,0.7884615384615384,0.8666666666666667,0.7777777777777778
677100,0.5921052631578947,0.7,0.8076923076923077,0.8666666666666667,0.8055555555555556
677400,0.5526315789473685,0.75,0.7884615384615384,0.9,0.8055555555555556
677700,0.5657894736842105,0.8,0.75,0.9,0.7777777777777778
678000,0.618421052631579,0.8,0.75,0.9333333333333333,0.7777777777777778
678300,0.5394736842105263,0.8,0.7692307692307693,0.9,0.75
678600,0.5263157894736842,0.8,0.7884615384615384,0.9,0.7222222222222222
678900,0.5,0.7,0.8269230769230769,0.9,0.75
679200,0.5394736842105263,0.7,0.8461538461538461,0.9,0.7222222222222222
679500,0.47368421052631576,0.75,0.8269230769230769,0.9,0.75
679800,0.42105263157894735,0.8,0.8269230769230769,0.8666666666666667,0.7777777777777778
680100,0.42105263157894735,0.8,0.8269230769230769,0.8666666666666667,0.7777777777777778
680400,0.4342105263157895,0.8,0.8269230769230769,0.8666666666666667,0.75
680700,0.47368421052631576,0.8,0.8461538461538461,0.8666666666666667,0.75
681000,0.47368421052631576,0.85,0.8653846153846154,0.8666666666666667,0.75
681300,0.39473684210526316,0.85,0.8076923076923077,0.9,0.75
681600,0.4473684210526316,0.85,0.8269230769230769,0.9,0.7222222222222222
681900,0.4473684210526316,0.9,0.8269230769230769,0.9,0.75
682200,0.4342105263157895,0.85,0.8653846153846154,0.9,0.7222222222222222
682500,0.40789473684210525,0.8,0.9038461538461539,0.9,0.75
682800,0.3815789473684211,0.8,0.8461538461538461,0.8333333333333334,0.75
683100,0.40789473684210525,0.8,0.8653846153846154,0.8,0.75
683400,0.39473684210526316,0.85,0.8461538461538461,0.7666666666666667,0.75
683700,0.3684210526315789,0.85,0.8461538461538461,0.8,0.7222222222222222
684000,0.40789473684210525,0.85,0.8653846153846154,0.8,0.7222222222222222
684300,0.40789473684210525,0.85,0.8846153846153846,0.7333333333333333,0.6666666666666666
684600,0.32894736842105265,0.85,0.8653846153846154,0.7333333333333333,0.6666666666666666
684900,0.3157894736842105,0.85,0.8269230769230769,0.7333333333333333,0.6666666666666666
685200,0.34210526315789475,0.95,0.8653846153846154,0.7333333333333333,0.6388888888888888
685500,0.32894736842105265,0.95,0.8653846153846154,0.7,0.6388888888888888
685800,0.2894736842105263,0.95,0.8653846153846154,0.7333333333333333,0.6388888888888888
686100,0.25,0.95,0.8461538461538461,0.7333333333333333,0.6388888888888888
686400,0.2631578947368421,0.95,0.7884615384615384,0.7333333333333333,0.6388888888888888
686700,0.25,0.95,0.7692307692307693,0.7333333333333333,0.6388888888888888
687000,0.23684210526315788,1.0,0.7692307692307693,0.7333333333333333,0.6111111111111112
687300,0.23684210526315788,1.0,0.8076923076923077,0.7666666666666667,0.6388888888888888
687600,0.2631578947368421,1.0,0.8269230769230769,0.7333333333333333,0.6388888888888888
687900,0.2631578947368421,1.0,0.8269230769230769,0.7333333333333333,0.6388888888888888
688200,0.2894736842105263,1.0,0.8269230769230769,0.7666666666666667,0.6388888888888888
688500,0.32894736842105265,1.0,0.8461538461538461,0.7333333333333333,0.6388888888888888
688800,0.34210526315789475,1.0,0.9038461538461539,0.7666666666666667,0.5833333333333334
689100,0.3684210526315789,1.0,0.8846153846153846,0.8666666666666667,0.5833333333333334
689400,0.32894736842105265,1.0,0.8461538461538461,0.8333333333333334,0.5833333333333334
689700,0.3157894736842105,1.0,0.8653846153846154,0.8333333333333334,0.6111111111111112
690000,0.3157894736842105,1.0,0.9038461538461539,0.8,0.5833333333333334
690300,0.2894736842105263,1.0,0.9038461538461539,0.8333333333333334,0.5833333333333334
690600,0.3157894736842105,1.0,0.9038461538461539,0.8333333333333334,0.5555555555555556
690900,0.3026315789473684,1.0,0.9038461538461539,0.8333333333333334,0.5277777777777778
691200,0.2631578947368421,1.0,0.8846153846153846,0.8333333333333334,0.4722222222222222
691500,0.0,0.95,0.8461538461538461,0.8333333333333334,0.3611111111111111
691800,0.23684210526315788,0.95,0.8461538461538461,0.8666666666666667,0.3611111111111111
692100,0.18421052631578946,0.95,0.8269230769230769,0.8666666666666667,0.3055555555555556
692400,0.17105263157894737,0.95,0.8076923076923077,0.8333333333333334,0.25
692700,0.14473684210526316,0.95,0.8076923076923077,0.8333333333333334,0.16666666666666666
693000,0.11842105263157894,0.95,0.8653846153846154,0.7333333333333333,0.19444444444444445
693300,0.10526315789473684,0.95,0.8653846153846154,0.6666666666666666,0.16666666666666666
693600,0.11842105263157894,1.0,0.8461538461538461,0.6333333333333333,0.1388888888888889
693900,0.11842105263157894,1.0,0.8461538461538461,0.6333333333333333,0.16666666666666666
694200,0.09210526315789473,1.0,0.8653846153846154,0.6333333333333333,0.1388888888888889
694500,0.10526315789473684,1.0,0.8269230769230769,0.6,0.1111111111111111
694800,0.14473684210526316,1.0,0.8269230769230769,0.6,0.1111111111111111
695100,0.15789473684210525,1.0,0.8269230769230769,0.6,0.1111111111111111
695400,0.17105263157894737,1.0,0.8269230769230769,0.6,0.08333333333333333
695700,0.13157894736842105,1.0,0.8269230769230769,0.5333333333333333,0.1388888888888889
696000,0.17105263157894737,1.0,0.8461538461538461,0.5333333333333333,0.1111111111111111
696300,0.14473684210526316,1.0,0.8461538461538461,0.6,0.1111111111111111
696600,0.17105263157894737,1.0,0.8653846153846154,0.5666666666666667,0.19444444444444445
696900,0.14473684210526316,1.0,0.8653846153846154,0.5666666666666667,0.1388888888888889
697200,0.17105263157894737,1.0,0.8461538461538461,0.5666666666666667,0.16666666666666666
697500,0.21052631578947367,1.0,0.8076923076923077,0.6,0.16666666666666666
697800,0.21052631578947367,1.0,0.8076923076923077,0.6333333333333333,0.1388888888888889
698100,0.21052631578947367,1.0,0.8076923076923077,0.6333333333333333,0.19444444444444445
698400,0.19736842105263158,1.0,0.8076923076923077,0.6,0.19444444444444445
698700,0.18421052631578946,1.0,0.8076923076923077,0.6333333333333333,0.2777777777777778
699000,0.15789473684210525,1.0,0.7884615384615384,0.6333333333333333,0.19444444444444445
699300,0.18421052631578946,1.0,0.8076923076923077,0.6,0.2222222222222222
699600,0.19736842105263158,1.0,0.8461538461538461,0.6,0.2222222222222222
699900,0.18421052631578946,0.95,0.8461538461538461,0.6,0.19444444444444445
700200,0.18421052631578946,0.95,0.8461538461538461,0.6333333333333333,0.19444444444444445
700500,0.19736842105263158,0.95,0.8461538461538461,0.6333333333333333,0.16666666666666666
700800,0.19736842105263158,0.95,0.8461538461538461,0.6333333333333333,0.19444444444444445
701100,0.18421052631578946,0.95,0.8461538461538461,0.6666666666666666,0.3055555555555556
701400,0.19736842105263158,0.95,0.8461538461538461,0.6666666666666666,0.3055555555555556
701700,0.17105263157894737,0.95,0.8269230769230769,0.7,0.3333333333333333
702000,0.15789473684210525,0.95,0.8269230769230769,0.7,0.3333333333333333
702300,0.15789473684210525,0.95,0.8076923076923077,0.7,0.3333333333333333
702600,0.17105263157894737,0.95,0.8076923076923077,0.7,0.3888888888888889
702900,0.17105263157894737,0.95,0.8076923076923077,0.7,0.3888888888888889
703200,0.13157894736842105,0.95,0.8076923076923077,0.7,0.3888888888888889
703500,0.13157894736842105,0.95,0.8076923076923077,0.7333333333333333,0.4444444444444444
703800,0.15789473684210525,0.95,0.8076923076923077,0.7333333333333333,0.3888888888888889
704100,0.15789473684210525,0.95,0.8076923076923077,0.7,0.3611111111111111
704400,0.11842105263157894,0.95,0.7884615384615384,0.6666666666666666,0.4166666666666667
704700,0.13157894736842105,0.95,0.8076923076923077,0.6666666666666666,0.4444444444444444
705000,0.13157894736842105,0.95,0.8076923076923077,0.6666666666666666,0.5
705300,0.13157894736842105,0.95,0.8076923076923077,0.6666666666666666,0.4722222222222222
705600,0.13157894736842105,0.95,0.8461538461538461,0.6,0.4722222222222222
705900,0.11842105263157894,0.95,0.8461538461538461,0.6,0.4722222222222222
706200,0.13157894736842105,0.95,0.8461538461538461,0.6,0.4722222222222222
706500,0.11842105263157894,0.95,0.8461538461538461,0.6,0.4722222222222222
706800,0.13157894736842105,0.95,0.8653846153846154,0.6,0.4722222222222222
707100,0.13157894736842105,0.95,0.8653846153846154,0.6,0.4722222222222222
707400,0.13157894736842105,0.95,0.8653846153846154,0.6333333333333333,0.4444444444444444
707700,0.13157894736842105,0.95,0.8269230769230769,0.6333333333333333,0.4444444444444444
708000,0.13157894736842105,0.95,0.8269230769230769,0.6333333333333333,0.4444444444444444
708300,0.10526315789473684,0.95,0.7884615384615384,0.6333333333333333,0.4722222222222222
708600,0.11842105263157894,0.95,0.7884615384615384,0.6333333333333333,0.5277777777777778
708900,0.10526315789473684,0.95,0.7884615384615384,0.6,0.5277777777777778
709200,0.10526315789473684,0.95,0.7692307692307693,0.6,0.5555555555555556
709500,0.10526315789473684,0.95,0.7692307692307693,0.6333333333333333,0.5277777777777778
709800,0.10526315789473684,0.95,0.7692307692307693,0.5333333333333333,0.5
710100,0.10526315789473684,0.95,0.7692307692307693,0.5333333333333333,0.5
710400,0.10526315789473684,0.95,0.7692307692307693,0.5,0.4166666666666667
710700,0.10526315789473684,0.95,0.7692307692307693,0.5,0.3611111111111111
711000,0.11842105263157894,0.95,0.7692307692307693,0.43333333333333335,0.3611111111111111
711300,0.11842105263157894,0.95,0.7692307692307693,0.43333333333333335,0.3888888888888889
711600,0.10526315789473684,0.95,0.75,0.36666666666666664,0.3888888888888889
711900,0.13157894736842105,0.95,0.7692307692307693,0.3333333333333333,0.3888888888888889
712200,0.11842105263157894,0.95,0.7692307692307693,0.3333333333333333,0.4166666666666667
712500,0.13157894736842105,0.95,0.7692307692307693,0.3333333333333333,0.3611111111111111
712800,0.13157894736842105,0.95,0.7884615384615384,0.3333333333333333,0.3611111111111111
713100,0.14473684210526316,0.95,0.7692307692307693,0.3,0.3055555555555556
713400,0.13157894736842105,0.95,0.7692307692307693,0.3333333333333333,0.3055555555555556
713700,0.13157894736842105,0.95,0.75,0.3333333333333333,0.2777777777777778
714000,0.19736842105263158,0.95,0.7692307692307693,0.3333333333333333,0.2777777777777778
714300,0.15789473684210525,0.95,0.7307692307692307,0.3333333333333333,0.2777777777777778
714600,0.15789473684210525,0.95,0.75,0.3,0.3055555555555556
714900,0.15789473684210525,0.95,0.7692307692307693,0.3,0.2222222222222222
715200,0.18421052631578946,0.95,0.7692307692307693,0.3333333333333333,0.19444444444444445
715500,0.18421052631578946,0.95,0.7884615384615384,0.3,0.16666666666666666
715800,0.17105263157894737,0.95,0.7884615384615384,0.26666666666666666,0.16666666666666666
716100,0.17105263157894737,0.95,0.7884615384615384,0.3,0.16666666666666666
716400,0.18421052631578946,0.95,0.8076923076923077,0.3,0.1388888888888889
716700,0.15789473684210525,0.95,0.7884615384615384,0.3,0.25
717000,0.18421052631578946,0.95,0.7884615384615384,0.3,0.2222222222222222
717300,0.18421052631578946,0.95,0.7884615384615384,0.26666666666666666,0.25
717600,0.15789473684210525,0.95,0.8076923076923077,0.23333333333333334,0.25
717900,0.13157894736842105,0.95,0.8076923076923077,0.26666666666666666,0.3055555555555556
718200,0.15789473684210525,0.95,0.8076923076923077,0.3,0.3333333333333333
718500,0.17105263157894737,0.95,0.8269230769230769,0.3,0.3611111111111111
718800,0.15789473684210525,0.95,0.8076923076923077,0.3,0.3611111111111111
719100,0.18421052631578946,0.95,0.8076923076923077,0.26666666666666666,0.3333333333333333
719400,0.15789473684210525,0.95,0.8076923076923077,0.26666666666666666,0.3888888888888889
719700,0.17105263157894737,0.95,0.7884615384615384,0.26666666666666666,0.4166666666666667
720000,0.15789473684210525,0.95,0.7884615384615384,0.26666666666666666,0.4444444444444444
720300,0.15789473684210525,0.95,0.8076923076923077,0.23333333333333334,0.4444444444444444
720600,0.15789473684210525,0.95,0.8269230769230769,0.26666666666666666,0.4444444444444444
720900,0.14473684210526316,0.95,0.8269230769230769,0.3,0.4444444444444444
721200,0.17105263157894737,0.95,0.8461538461538461,0.3333333333333333,0.4722222222222222
721500,0.19736842105263158,0.95,0.8461538461538461,0.3,0.5555555555555556
721800,0.19736842105263158,0.9,0.8461538461538461,0.3,0.5833333333333334
722100,0.21052631578947367,0.85,0.8269230769230769,0.3,0.5833333333333334
722400,0.2236842105263158,0.85,0.8269230769230769,0.36666666666666664,0.6111111111111112
722700,0.21052631578947367,0.85,0.8461538461538461,0.36666666666666664,0.5833333333333334
723000,0.19736842105263158,0.85,0.8461538461538461,0.36666666666666664,0.6111111111111112
723300,0.19736842105263158,0.85,0.8461538461538461,0.36666666666666664,0.6111111111111112
723600,0.19736842105263158,0.85,0.8461538461538461,0.36666666666666664,0.6111111111111112
723900,0.19736842105263158,0.85,0.8461538461538461,0.36666666666666664,0.6111111111111112
724200,0.19736842105263158,0.85,0.8461538461538461,0.36666666666666664,0.6111111111111112
724500,0.19736842105263158,0.85,0.8461538461538461,0.36666666666666664,0.6111111111111112
724800,0.19736842105263158,0.85,0.8461538461538461,0.36666666666666664,0.6111111111111112
725100,0.19736842105263158,0.85,0.8461538461538461,0.36666666666666664,0.6111111111111112
725400,0.19736842105263158,0.85,0.8461538461538461,0.36666666666666664,0.6111111111111112
725700,0.19736842105263158,0.85,0.8461538461538461,0.36666666666666664,0.6111111111111112
726000,0.19736842105263158,0.85,0.8461538461538461,0.36666666666666664,0.6111111111111112
726300,0.19736842105263158,0.85,0.8461538461538461,0.36666666666666664,0.6111111111111112
726600,0.19736842105263158,0.85,0.8461538461538461,0.36666666666666664,0.6111111111111112
726900,0.19736842105263158,0.85,0.8461538461538461,0.36666666666666664,0.6111111111111112
727200,0.19736842105263158,0.85,0.8461538461538461,0.36666666666666664,0.6111111111111112
727500,0.19736842105263158,0.85,0.8461538461538461,0.36666666666666664,0.6111111111111112
727800,0.19736842105263158,0.85,0.8461538461538461,0.36666666666666664,0.6111111111111112
728100,0.19736842105263158,0.85,0.8461538461538461,0.36666666666666664,0.6111111111111112
728400,0.19736842105263158,0.85,0.8461538461538461,0.36666666666666664,0.6111111111111112
728700,0.19736842105263158,0.85,0.8461538461538461,0.36666666666666664,0.6111111111111112
729000,0.19736842105263158,0.85,0.8461538461538461,0.36666666666666664,0.6111111111111112
729300,0.19736842105263158,0.85,0.8461538461538461,0.36666666666666664,0.6111111111111112
729600,0.19736842105263158,0.85,0.8461538461538461,0.36666666666666664,0.6111111111111112
729900,0.19736842105263158,0.85,0.8461538461538461,0.36666666666666664,0.6111111111111112
730200,0.19736842105263158,0.85,0.8461538461538461,0.36666666666666664,0.6111111111111112
730500,0.19736842105263158,0.85,0.8461538461538461,0.36666666666666664,0.6111111111111112
730800,0.19736842105263158,0.85,0.8461538461538461,0.36666666666666664,0.6111111111111112
731100,0.19736842105263158,0.85,0.8461538461538461,0.36666666666666664,0.6111111111111112
731400,0.19736842105263158,0.85,0.8461538461538461,0.36666666666666664,0.6111111111111112
731700,0.19736842105263158,0.85,0.8461538461538461,0.36666666666666664,0.6111111111111112
732000,0.19736842105263158,0.85,0.8461538461538461,0.36666666666666664,0.6111111111111112
732300,0.19736842105263158,0.85,0.8461538461538461,0.36666666666666664,0.6111111111111112
732600,0.19736842105263158,0.85,0.8461538461538461,0.36666666666666664,0.6111111111111112
732900,0.19736842105263158,0.85,0.8461538461538461,0.36666666666666664,0.6111111111111112
733200,0.19736842105263158,0.85,0.8461538461538461,0.36666666666666664,0.6111111111111112
733500,0.19736842105263158,0.85,0.8461538461538461,0.36666666666666664,0.6111111111111112
733800,0.0,0.85,0.0,0.0,0.0
734100,0.5394736842105263,0.75,0.8461538461538461,0.5333333333333333,0.8888888888888888
734400,0.5263157894736842,0.65,0.8461538461538461,0.5666666666666667,0.8888888888888888
734700,0.5526315789473685,0.55,0.8076923076923077,0.5666666666666667,0.8888888888888888
735000,0.5263157894736842,0.6,0.7884615384615384,0.6,0.8888888888888888
735300,0.4868421052631579,0.6,0.75,0.6,0.8611111111111112
735600,0.5263157894736842,0.55,0.7307692307692307,0.6,0.8611111111111112
735900,0.5263157894736842,0.55,0.75,0.6,0.8333333333333334
736200,0.5131578947368421,0.6,0.75,0.6,0.8055555555555556
736500,0.5131578947368421,0.75,0.7692307692307693,0.6,0.8055555555555556
736800,0.5131578947368421,0.75,0.7692307692307693,0.6333333333333333,0.7777777777777778
737100,0.5,0.75,0.7307692307692307,0.6333333333333333,0.75
737400,0.5657894736842105,0.75,0.7307692307692307,0.6333333333333333,0.7222222222222222
737700,0.5526315789473685,0.75,0.7307692307692307,0.6333333333333333,0.75
738000,0.5526315789473685,0.8,0.7884615384615384,0.6333333333333333,0.75
738300,0.5657894736842105,0.85,0.8076923076923077,0.6333333333333333,0.75
738600,0.5526315789473685,0.8,0.8076923076923077,0.6333333333333333,0.75
738900,0.5394736842105263,0.8,0.8461538461538461,0.6333333333333333,0.8055555555555556
739200,0.5394736842105263,0.75,0.8076923076923077,0.6333333333333333,0.8333333333333334
739500,0.5921052631578947,0.8,0.8076923076923077,0.6333333333333333,0.8333333333333334
739800,0.5526315789473685,0.8,0.8076923076923077,0.7,0.8333333333333334
740100,0.631578947368421,0.9,0.8269230769230769,0.7,0.8611111111111112
740400,0.6578947368421053,0.9,0.8461538461538461,0.7333333333333333,0.8611111111111112
740700,0.6710526315789473,0.85,0.8076923076923077,0.7,0.8611111111111112
741000,0.631578947368421,0.85,0.8269230769230769,0.7,0.8611111111111112
741300,0.0,0.85,0.8269230769230769,0.7,0.8611111111111112
741600,0.0,0.85,0.8269230769230769,0.7333333333333333,0.8611111111111112
741900,0.6578947368421053,0.85,0.8653846153846154,0.7333333333333333,0.8611111111111112
742200,0.6447368421052632,0.85,0.8653846153846154,0.7333333333333333,0.8611111111111112
742500,0.6710526315789473,0.85,0.8653846153846154,0.7333333333333333,0.8611111111111112
742800,0.6842105263157895,0.85,0.8653846153846154,0.7333333333333333,0.8611111111111112
743100,0.6973684210526315,0.85,0.8653846153846154,0.7333333333333333,0.8611111111111112
743400,0.6973684210526315,0.85,0.8461538461538461,0.7666666666666667,0.8611111111111112
743700,0.6710526315789473,0.85,0.8653846153846154,0.8,0.8888888888888888
744000,0.631578947368421,0.85,0.8461538461538461,0.8,0.8888888888888888
744300,0.6578947368421053,0.75,0.8653846153846154,0.8,0.8888888888888888
744600,0.6973684210526315,0.8,0.8653846153846154,0.8333333333333334,0.8611111111111112
744900,0.6710526315789473,0.75,0.8653846153846154,0.8333333333333334,0.8888888888888888
745200,0.7368421052631579,0.75,0.8653846153846154,0.8333333333333334,0.8888888888888888
745500,0.6710526315789473,0.7,0.8269230769230769,0.8333333333333334,0.8888888888888888
745800,0.6578947368421053,0.7,0.8269230769230769,0.8333333333333334,0.8888888888888888
746100,0.7105263157894737,0.65,0.8461538461538461,0.8666666666666667,0.8888888888888888
746400,0.7236842105263158,0.65,0.8461538461538461,0.8666666666666667,0.8888888888888888
746700,0.7105263157894737,0.7,0.8461538461538461,0.8666666666666667,0.8888888888888888
747000,0.6973684210526315,0.7,0.8653846153846154,0.8,0.8888888888888888
747300,0.6973684210526315,0.7,0.8461538461538461,0.8,0.8888888888888888
747600,0.6973684210526315,0.75,0.8461538461538461,0.8,0.8333333333333334
747900,0.6710526315789473,0.8,0.8269230769230769,0.8,0.8333333333333334
748200,0.75,0.8,0.8461538461538461,0.7666666666666667,0.8055555555555556
748500,0.75,0.75,0.8076923076923077,0.7666666666666667,0.8055555555555556
748800,0.75,0.8,0.7692307692307693,0.7666666666666667,0.8055555555555556
749100,0.7236842105263158,0.9,0.7307692307692307,0.8,0.8055555555555556
749400,0.7368421052631579,0.9,0.7692307692307693,0.8666666666666667,0.8055555555555556
749700,0.7105263157894737,0.8,0.7692307692307693,0.8666666666666667,0.8055555555555556
750000,0.6973684210526315,0.8,0.8461538461538461,0.8666666666666667,0.8055555555555556
750300,0.7105263157894737,0.8,0.8653846153846154,0.8666666666666667,0.75
750600,0.6842105263157895,0.8,0.8461538461538461,0.8666666666666667,0.7777777777777778
750900,0.7236842105263158,0.8,0.8269230769230769,0.8333333333333334,0.8055555555555556
751200,0.7105263157894737,0.8,0.8269230769230769,0.8333333333333334,0.8055555555555556
751500,0.7236842105263158,0.75,0.8846153846153846,0.8333333333333334,0.8055555555555556
751800,0.7368421052631579,0.65,0.8846153846153846,0.8666666666666667,0.8055555555555556
752100,0.7236842105263158,0.6,0.8846153846153846,0.9666666666666667,0.8055555555555556
752400,0.75,0.6,0.8846153846153846,0.9666666666666667,0.8333333333333334
752700,0.75,0.65,0.8846153846153846,0.9666666666666667,0.8055555555555556
753000,0.7368421052631579,0.6,0.8846153846153846,0.9666666666666667,0.8055555555555556
753300,0.7105263157894737,0.55,0.8846153846153846,0.9666666666666667,0.8333333333333334
753600,0.6578947368421053,0.6,0.8846153846153846,0.9666666666666667,0.8611111111111112
753900,0.7105263157894737,0.65,0.8653846153846154,0.9666666666666667,0.8055555555555556
754200,0.7105263157894737,0.65,0.8076923076923077,0.9333333333333333,0.7222222222222222
754500,0.7236842105263158,0.7,0.8076923076923077,0.9333333333333333,0.7222222222222222
754800,0.7368421052631579,0.85,0.7884615384615384,0.9333333333333333,0.6944444444444444
755100,0.7368421052631579,0.85,0.7884615384615384,0.9333333333333333,0.6944444444444444
755400,0.7631578947368421,0.85,0.8076923076923077,0.9333333333333333,0.6666666666666666
755700,0.6447368421052632,0.8,0.8461538461538461,0.9333333333333333,0.6666666666666666
756000,0.0,0.7,0.8846153846153846,0.9,0.6666666666666666
756300,0.7368421052631579,0.75,0.9038461538461539,0.9,0.6666666666666666
756600,0.6973684210526315,0.75,0.9230769230769231,0.9,0.6944444444444444
756900,0.5789473684210527,0.7,0.9615384615384616,0.9,0.7222222222222222
757200,0.5921052631578947,0.75,0.9615384615384616,0.9,0.75
757500,0.618421052631579,0.75,0.9807692307692307,0.9,0.75
757800,0.5657894736842105,0.75,0.9807692307692307,0.9,0.7777777777777778
758100,0.5921052631578947,0.8,0.9807692307692307,0.9,0.7777777777777778
758400,0.6052631578947368,0.85,0.9615384615384616,0.9,0.7777777777777778
758700,0.6578947368421053,0.85,0.9615384615384616,0.9,0.7777777777777778
759000,0.6447368421052632,0.85,0.9615384615384616,0.9,0.7777777777777778
759300,0.6052631578947368,0.85,0.9615384615384616,0.9,0.8333333333333334
759600,0.6710526315789473,0.9,0.9615384615384616,0.8666666666666667,0.7777777777777778
759900,0.6578947368421053,0.9,0.9423076923076923,0.8666666666666667,0.8055555555555556
760200,0.6842105263157895,0.9,0.8846153846153846,0.8666666666666667,0.8055555555555556
760500,0.7105263157894737,0.9,0.8846153846153846,0.8666666666666667,0.8055555555555556
760800,0.6578947368421053,0.95,0.8461538461538461,0.8666666666666667,0.7777777777777778
761100,0.6710526315789473,0.95,0.8461538461538461,0.8666666666666667,0.75
761400,0.6710526315789473,0.95,0.8461538461538461,0.8666666666666667,0.6944444444444444
761700,0.631578947368421,1.0,0.8461538461538461,0.9,0.6944444444444444
762000,0.6052631578947368,1.0,0.8653846153846154,0.9,0.6944444444444444
762300,0.6052631578947368,1.0,0.8653846153846154,0.9,0.7222222222222222
762600,0.5394736842105263,1.0,0.8653846153846154,0.9,0.6944444444444444
762900,0.5394736842105263,1.0,0.8653846153846154,0.9,0.7222222222222222
763200,0.5263157894736842,1.0,0.8653846153846154,0.8666666666666667,0.75
763500,0.47368421052631576,1.0,0.8846153846153846,0.8333333333333334,0.7222222222222222
763800,0.4868421052631579,1.0,0.8653846153846154,0.8,0.75
764100,0.4473684210526316,0.95,0.8846153846153846,0.8,0.75
764400,0.5263157894736842,0.95,0.8653846153846154,0.8,0.7777777777777778
764700,0.4605263157894737,0.95,0.8846153846153846,0.8,0.8055555555555556
765000,0.47368421052631576,0.95,0.8846153846153846,0.8,0.8333333333333334
765300,0.42105263157894735,0.9,0.8846153846153846,0.7,0.7777777777777778
765600,0.4473684210526316,0.9,0.8846153846153846,0.7333333333333333,0.75
765900,0.40789473684210525,0.9,0.9038461538461539,0.7333333333333333,0.75
766200,0.4342105263157895,0.9,0.8846153846153846,0.7333333333333333,0.75
766500,0.4342105263157895,0.9,0.8846153846153846,0.7666666666666667,0.75
766800,0.39473684210526316,0.9,0.8461538461538461,0.7333333333333333,0.7222222222222222
767100,0.4473684210526316,0.85,0.8653846153846154,0.7333333333333333,0.6944444444444444
767400,0.47368421052631576,0.8,0.8846153846153846,0.7333333333333333,0.7222222222222222
767700,0.4473684210526316,0.75,0.8846153846153846,0.7333333333333333,0.6944444444444444
768000,0.42105263157894735,0.75,0.9230769230769231,0.7333333333333333,0.6666666666666666
768300,0.40789473684210525,0.75,0.9423076923076923,0.6666666666666666,0.6111111111111112
768600,0.42105263157894735,0.7,0.9423076923076923,0.6666666666666666,0.5833333333333334
768900,0.40789473684210525,0.7,0.9230769230769231,0.6666666666666666,0.5833333333333334
769200,0.4605263157894737,0.8,0.9230769230769231,0.6666666666666666,0.5555555555555556
769500,0.42105263157894735,0.8,0.9230769230769231,0.7,0.5277777777777778
769800,0.4342105263157895,0.85,0.9230769230769231,0.7333333333333333,0.5277777777777778
770100,0.42105263157894735,0.8,0.9038461538461539,0.7333333333333333,0.5277777777777778
770400,0.3815789473684211,0.75,0.9230769230769231,0.7,0.6111111111111112
770700,0.3684210526315789,0.7,0.9230769230769231,0.7333333333333333,0.6111111111111112
771000,0.3684210526315789,0.7,0.9038461538461539,0.7333333333333333,0.5833333333333334
771300,0.32894736842105265,0.7,0.9230769230769231,0.7333333333333333,0.5833333333333334
771600,0.32894736842105265,0.8,0.9230769230769231,0.7333333333333333,0.5833333333333334
771900,0.3157894736842105,0.8,0.9230769230769231,0.7333333333333333,0.5833333333333334
772200,0.2894736842105263,0.8,0.8846153846153846,0.7666666666666667,0.6111111111111112
772500,0.27631578947368424,0.8,0.8846153846153846,0.7666666666666667,0.6111111111111112
772800,0.2631578947368421,0.85,0.8846153846153846,0.7666666666666667,0.5833333333333334
773100,0.25,0.85,0.8846153846153846,0.7666666666666667,0.5833333333333334
773400,0.19736842105263158,0.9,0.8846153846153846,0.8,0.5833333333333334
773700,0.2236842105263158,0.9,0.8846153846153846,0.8,0.5555555555555556
774000,0.19736842105263158,0.9,0.8653846153846154,0.7666666666666667,0.5555555555555556
774300,0.18421052631578946,0.9,0.8846153846153846,0.8,0.5277777777777778
774600,0.17105263157894737,0.9,0.8846153846153846,0.8,0.5277777777777778
774900,0.18421052631578946,0.9,0.9038461538461539,0.7666666666666667,0.5277777777777778
775200,0.17105263157894737,0.9,0.9230769230769231,0.7333333333333333,0.4722222222222222
775500,0.17105263157894737,0.85,0.9038461538461539,0.6666666666666666,0.4444444444444444
775800,0.15789473684210525,0.85,0.8846153846153846,0.6666666666666666,0.4722222222222222
776100,0.18421052631578946,0.85,0.8846153846153846,0.6333333333333333,0.4444444444444444
776400,0.13157894736842105,0.85,0.8846153846153846,0.6333333333333333,0.4444444444444444
776700,0.14473684210526316,0.85,0.9230769230769231,0.6666666666666666,0.4444444444444444
777000,0.14473684210526316,0.85,0.9230769230769231,0.6666666666666666,0.4444444444444444
777300,0.13157894736842105,0.9,0.9230769230769231,0.6666666666666666,0.4722222222222222
777600,0.13157894736842105,0.9,0.9230769230769231,0.6666666666666666,0.4722222222222222
777900,0.11842105263157894,0.85,0.8846153846153846,0.6333333333333333,0.2777777777777778
778200,0.09210526315789473,0.9,0.9038461538461539,0.6,0.25
778500,0.06578947368421052,0.95,0.8653846153846154,0.6,0.1388888888888889
778800,0.10526315789473684,0.95,0.8653846153846154,0.5333333333333333,0.16666666666666666
779100,0.11842105263157894,0.95,0.8269230769230769,0.5666666666666667,0.027777777777777776
779400,0.10526315789473684,0.95,0.8269230769230769,0.5666666666666667,0.05555555555555555
779700,0.14473684210526316,0.9,0.8269230769230769,0.5666666666666667,0.027777777777777776
780000,0.14473684210526316,0.85,0.8076923076923077,0.5333333333333333,0.08333333333333333
780300,0.13157894736842105,0.85,0.7884615384615384,0.5333333333333333,0.08333333333333333
780600,0.11842105263157894,0.85,0.7692307692307693,0.5333333333333333,0.05555555555555555
780900,0.11842105263157894,0.85,0.7884615384615384,0.5,0.08333333333333333
781200,0.09210526315789473,0.85,0.7884615384615384,0.4666666666666667,0.1111111111111111
781500,0.11842105263157894,0.85,0.8076923076923077,0.5,0.05555555555555555
781800,0.14473684210526316,0.85,0.75,0.5,0.027777777777777776
782100,0.10526315789473684,0.9,0.7884615384615384,0.4666666666666667,0.1388888888888889
782400,0.09210526315789473,0.9,0.7692307692307693,0.5333333333333333,0.16666666666666666
782700,0.10526315789473684,0.95,0.7692307692307693,0.5333333333333333,0.16666666666666666
783000,0.11842105263157894,0.95,0.7692307692307693,0.5,0.25
783300,0.11842105263157894,0.95,0.7884615384615384,0.5,0.2777777777777778
783600,0.14473684210526316,0.95,0.7884615384615384,0.5,0.25
783900,0.13157894736842105,0.95,0.7884615384615384,0.5,0.2777777777777778
784200,0.14473684210526316,0.95,0.7884615384615384,0.5,0.2777777777777778
784500,0.17105263157894737,0.95,0.8076923076923077,0.5,0.3055555555555556
784800,0.2236842105263158,0.95,0.8076923076923077,0.43333333333333335,0.3055555555555556
785100,0.2631578947368421,0.95,0.8076923076923077,0.4666666666666667,0.25
785400,0.3026315789473684,0.95,0.8269230769230769,0.4666666666666667,0.3333333333333333
785700,0.3026315789473684,0.95,0.8269230769230769,0.4666666666666667,0.3333333333333333
786000,0.2631578947368421,0.95,0.8461538461538461,0.5,0.4444444444444444
786300,0.2631578947368421,0.95,0.8461538461538461,0.5,0.5
786600,0.23684210526315788,0.95,0.8269230769230769,0.5,0.4444444444444444
786900,0.19736842105263158,0.95,0.8269230769230769,0.5333333333333333,0.4166666666666667
787200,0.18421052631578946,0.95,0.8269230769230769,0.5333333333333333,0.3611111111111111
787500,0.21052631578947367,0.95,0.8076923076923077,0.5333333333333333,0.3611111111111111
787800,0.21052631578947367,0.95,0.8076923076923077,0.4666666666666667,0.3333333333333333
788100,0.25,0.95,0.8076923076923077,0.4666666666666667,0.3055555555555556
788400,0.2236842105263158,0.95,0.8076923076923077,0.5,0.3055555555555556
788700,0.23684210526315788,0.95,0.7884615384615384,0.5,0.3611111111111111
789000,0.23684210526315788,0.95,0.7884615384615384,0.5,0.3333333333333333
789300,0.21052631578947367,0.95,0.7884615384615384,0.5,0.25
789600,0.25,0.95,0.7884615384615384,0.5,0.3055555555555556
789900,0.23684210526315788,0.95,0.7884615384615384,0.5,0.2777777777777778
790200,0.21052631578947367,0.95,0.7884615384615384,0.4666666666666667,0.2777777777777778
790500,0.19736842105263158,0.95,0.7692307692307693,0.43333333333333335,0.3611111111111111
790800,0.19736842105263158,0.95,0.75,0.43333333333333335,0.3888888888888889
791100,0.18421052631578946,0.95,0.75,0.43333333333333335,0.3888888888888889
791400,0.18421052631578946,0.9,0.75,0.4666666666666667,0.3611111111111111
791700,0.18421052631578946,0.95,0.7307692307692307,0.43333333333333335,0.3611111111111111
792000,0.19736842105263158,0.95,0.7307692307692307,0.4,0.3611111111111111
792300,0.18421052631578946,0.95,0.7115384615384616,0.4,0.4444444444444444
792600,0.18421052631578946,0.95,0.75,0.4,0.4166666666666667
792900,0.15789473684210525,0.95,0.75,0.4,0.4722222222222222
793200,0.17105263157894737,0.95,0.75,0.4,0.4444444444444444
793500,0.17105263157894737,0.95,0.7692307692307693,0.4,0.4444444444444444
793800,0.18421052631578946,0.95,0.7692307692307693,0.4,0.4444444444444444
794100,0.17105263157894737,0.95,0.75,0.4,0.4722222222222222
794400,0.15789473684210525,0.95,0.7307692307692307,0.4,0.4444444444444444
794700,0.17105263157894737,0.95,0.7307692307692307,0.4,0.4444444444444444
795000,0.19736842105263158,0.95,0.7307692307692307,0.4,0.4166666666666667
795300,0.17105263157894737,0.95,0.7307692307692307,0.43333333333333335,0.4166666666666667
795600,0.19736842105263158,0.95,0.75,0.43333333333333335,0.4444444444444444
795900,0.19736842105263158,0.95,0.75,0.43333333333333335,0.4722222222222222
796200,0.17105263157894737,0.9,0.75,0.4,0.5
796500,0.18421052631578946,0.9,0.7307692307692307,0.4,0.5
796800,0.18421052631578946,0.9,0.7307692307692307,0.4,0.5
797100,0.18421052631578946,0.9,0.7307692307692307,0.4,0.5
797400,0.19736842105263158,0.9,0.7115384615384616,0.4,0.4444444444444444
797700,0.17105263157894737,0.9,0.7115384615384616,0.4,0.5277777777777778
798000,0.19736842105263158,0.9,0.6923076923076923,0.4,0.5277777777777778
798300,0.19736842105263158,0.9,0.7115384615384616,0.4,0.5
798600,0.18421052631578946,0.95,0.7115384615384616,0.36666666666666664,0.4722222222222222
798900,0.19736842105263158,0.95,0.7115384615384616,0.36666666666666664,0.5277777777777778
799200,0.18421052631578946,0.95,0.7115384615384616,0.36666666666666664,0.4722222222222222
799500,0.18421052631578946,0.95,0.7115384615384616,0.3333333333333333,0.4444444444444444
799800,0.19736842105263158,0.95,0.7307692307692307,0.3,0.4444444444444444
800100,0.19736842105263158,0.95,0.7307692307692307,0.3,0.5
800400,0.17105263157894737,0.95,0.75,0.26666666666666666,0.5
800700,0.15789473684210525,0.95,0.7307692307692307,0.23333333333333334,0.4722222222222222
801000,0.17105263157894737,0.95,0.7115384615384616,0.16666666666666666,0.4722222222222222
801300,0.19736842105263158,0.95,0.6923076923076923,0.16666666666666666,0.4722222222222222
801600,0.18421052631578946,0.95,0.7115384615384616,0.16666666666666666,0.4444444444444444
801900,0.17105263157894737,0.95,0.7307692307692307,0.13333333333333333,0.3611111111111111
802200,0.19736842105263158,0.95,0.7307692307692307,0.13333333333333333,0.3333333333333333
802500,0.17105263157894737,0.95,0.7692307692307693,0.16666666666666666,0.3611111111111111
802800,0.19736842105263158,0.95,0.75,0.16666666666666666,0.3888888888888889
803100,0.18421052631578946,0.95,0.7692307692307693,0.2,0.3888888888888889
803400,0.18421052631578946,0.95,0.7692307692307693,0.16666666666666666,0.3611111111111111
803700,0.15789473684210525,0.95,0.7307692307692307,0.13333333333333333,0.3055555555555556
804000,0.19736842105263158,0.95,0.7307692307692307,0.16666666666666666,0.25
804300,0.19736842105263158,0.95,0.7307692307692307,0.1,0.19444444444444445
804600,0.2236842105263158,0.95,0.6923076923076923,0.13333333333333333,0.16666666666666666
804900,0.21052631578947367,0.95,0.7115384615384616,0.16666666666666666,0.2222222222222222
805200,0.2236842105263158,1.0,0.7307692307692307,0.2,0.25
805500,0.23684210526315788,1.0,0.7692307692307693,0.2,0.2777777777777778
805800,0.21052631578947367,1.0,0.7884615384615384,0.23333333333333334,0.3333333333333333
806100,0.19736842105263158,1.0,0.7692307692307693,0.26666666666666666,0.4166666666666667
806400,0.0,0.0,0.7307692307692307,0.3333333333333333,0.3888888888888889
806700,0.21052631578947367,1.0,0.7115384615384616,0.36666666666666664,0.4166666666666667
807000,0.2236842105263158,1.0,0.7307692307692307,0.36666666666666664,0.4444444444444444
807300,0.23684210526315788,1.0,0.7307692307692307,0.36666666666666664,0.4722222222222222
807600,0.21052631578947367,1.0,0.7307692307692307,0.36666666666666664,0.5555555555555556
807900,0.2236842105263158,1.0,0.7692307692307693,0.36666666666666664,0.6111111111111112
808200,0.23684210526315788,1.0,0.7692307692307693,0.36666666666666664,0.6388888888888888
808500,0.21052631578947367,1.0,0.7692307692307693,0.36666666666666664,0.6666666666666666
808800,0.25,1.0,0.7692307692307693,0.36666666666666664,0.6944444444444444
809100,0.2236842105263158,1.0,0.75,0.4,0.75
809400,0.2894736842105263,1.0,0.7692307692307693,0.4,0.7222222222222222
809700,0.3026315789473684,1.0,0.75,0.36666666666666664,0.75
810000,0.3026315789473684,1.0,0.8076923076923077,0.36666666666666664,0.75
810300,0.32894736842105265,1.0,0.8076923076923077,0.36666666666666664,0.7777777777777778
810600,0.39473684210526316,1.0,0.8076923076923077,0.36666666666666664,0.7777777777777778
810900,0.3684210526315789,1.0,0.8076923076923077,0.36666666666666664,0.8055555555555556
811200,0.35526315789473684,1.0,0.7884615384615384,0.36666666666666664,0.8333333333333334
811500,0.3684210526315789,0.9,0.8076923076923077,0.36666666666666664,0.8333333333333334
811800,0.34210526315789475,0.9,0.7884615384615384,0.4,0.8333333333333334
812100,0.35526315789473684,0.9,0.8076923076923077,0.4,0.8333333333333334
812400,0.39473684210526316,0.9,0.8076923076923077,0.4,0.8055555555555556
812700,0.42105263157894735,0.9,0.7884615384615384,0.4,0.8055555555555556
813000,0.40789473684210525,0.85,0.8076923076923077,0.4,0.8055555555555556
813300,0.42105263157894735,0.8,0.8076923076923077,0.4,0.8055555555555556
813600,0.0,0.0,0.8076923076923077,0.43333333333333335,0.8333333333333334
813900,0.4605263157894737,0.8,0.8269230769230769,0.43333333333333335,0.8333333333333334
814200,0.4605263157894737,0.85,0.8461538461538461,0.43333333333333335,0.8333333333333334
814500,0.4605263157894737,0.85,0.8461538461538461,0.4666666666666667,0.8333333333333334
814800,0.4868421052631579,0.85,0.8653846153846154,0.4666666666666667,0.8055555555555556
815100,0.4868421052631579,0.85,0.8846153846153846,0.4666666666666667,0.8055555555555556
815400,0.4605263157894737,0.8,0.8846153846153846,0.5,0.8333333333333334
815700,0.4868421052631579,0.85,0.8846153846153846,0.5,0.8611111111111112
816000,0.5131578947368421,0.85,0.8846153846153846,0.4666666666666667,0.8611111111111112
816300,0.5,0.85,0.8653846153846154,0.4666666666666667,0.8611111111111112
816600,0.47368421052631576,0.85,0.8653846153846154,0.4666666666666667,0.8611111111111112
816900,0.4868421052631579,0.85,0.8653846153846154,0.4666666666666667,0.8611111111111112
817200,0.4868421052631579,0.8,0.8653846153846154,0.5,0.8888888888888888
817500,0.4605263157894737,0.75,0.8653846153846154,0.5,0.8888888888888888
817800,0.47368421052631576,0.75,0.8653846153846154,0.5333333333333333,0.8888888888888888
818100,0.47368421052631576,0.75,0.8269230769230769,0.5333333333333333,0.8888888888888888
818400,0.4605263157894737,0.75,0.8653846153846154,0.5333333333333333,0.8888888888888888
818700,0.4605263157894737,0.75,0.8653846153846154,0.5333333333333333,0.8888888888888888
819000,0.4868421052631579,0.8,0.8846153846153846,0.5333333333333333,0.8888888888888888
819300,0.5131578947368421,0.75,0.8846153846153846,0.5333333333333333,0.8888888888888888
819600,0.5131578947368421,0.75,0.9230769230769231,0.5,0.8888888888888888
819900,0.5131578947368421,0.75,0.9230769230769231,0.5,0.8888888888888888
820200,0.5131578947368421,0.7,0.9423076923076923,0.5,0.8888888888888888
820500,0.5131578947368421,0.7,0.9423076923076923,0.5,0.9166666666666666
820800,0.5263157894736842,0.65,0.9423076923076923,0.5,0.9166666666666666
821100,0.4605263157894737,0.65,0.9230769230769231,0.5,0.9166666666666666
821400,0.42105263157894735,0.65,0.9230769230769231,0.5,0.9166666666666666
821700,0.4342105263157895,0.6,0.9038461538461539,0.5333333333333333,0.8888888888888888
822000,0.4473684210526316,0.6,0.8846153846153846,0.5333333333333333,0.9166666666666666
822300,0.4868421052631579,0.65,0.8653846153846154,0.5,0.8888888888888888
822600,0.4342105263157895,0.65,0.8846153846153846,0.5,0.8611111111111112
822900,0.42105263157894735,0.65,0.8846153846153846,0.5,0.8611111111111112
823200,0.4605263157894737,0.65,0.8846153846153846,0.5,0.8333333333333334
823500,0.5,0.75,0.8846153846153846,0.5333333333333333,0.8333333333333334
823800,0.5,0.7,0.8846153846153846,0.5,0.8611111111111112
824100,0.47368421052631576,0.8,0.9038461538461539,0.5,0.8611111111111112
824400,0.5131578947368421,0.8,0.9230769230769231,0.6333333333333333,0.8611111111111112
824700,0.5394736842105263,0.8,0.9230769230769231,0.6333333333333333,0.8611111111111112
825000,0.5526315789473685,0.9,0.9230769230769231,0.6333333333333333,0.8055555555555556
825300,0.5657894736842105,0.9,0.9230769230769231,0.6333333333333333,0.8611111111111112
825600,0.5394736842105263,0.9,0.9038461538461539,0.6,0.8611111111111112
825900,0.5657894736842105,0.9,0.9038461538461539,0.6666666666666666,0.8611111111111112
826200,0.5526315789473685,0.85,0.9038461538461539,0.6333333333333333,0.8333333333333334
826500,0.5526315789473685,0.85,0.9038461538461539,0.6333333333333333,0.8055555555555556
826800,0.5789473684210527,0.85,0.9230769230769231,0.6333333333333333,0.8055555555555556
827100,0.5789473684210527,0.75,0.9230769230769231,0.6333333333333333,0.8333333333333334
827400,0.618421052631579,0.75,0.9230769230769231,0.6333333333333333,0.8611111111111112
827700,0.5526315789473685,0.75,0.9038461538461539,0.6333333333333333,0.8611111111111112
828000,0.5789473684210527,0.75,0.9038461538461539,0.6333333333333333,0.8611111111111112
828300,0.5526315789473685,0.7,0.8846153846153846,0.7,0.8611111111111112
828600,0.5789473684210527,0.7,0.8846153846153846,0.7,0.8333333333333334
828900,0.5921052631578947,0.7,0.8653846153846154,0.7,0.8333333333333334
829200,0.6052631578947368,0.7,0.8653846153846154,0.7333333333333333,0.8611111111111112
829500,0.6052631578947368,0.65,0.8846153846153846,0.7333333333333333,0.8888888888888888
829800,0.6052631578947368,0.65,0.9038461538461539,0.7333333333333333,0.8888888888888888
830100,0.6447368421052632,0.7,0.8846153846153846,0.7,0.8888888888888888
830400,0.6447368421052632,0.7,0.8653846153846154,0.7,0.8611111111111112
830700,0.6973684210526315,0.7,0.8653846153846154,0.6666666666666666,0.8888888888888888
831000,0.7105263157894737,0.7,0.8653846153846154,0.6666666666666666,0.8888888888888888
831300,0.6973684210526315,0.7,0.8461538461538461,0.6666666666666666,0.8611111111111112
831600,0.6973684210526315,0.7,0.8461538461538461,0.6666666666666666,0.8611111111111112
831900,0.7236842105263158,0.6,0.8846153846153846,0.7,0.8611111111111112
832200,0.75,0.6,0.8846153846153846,0.7,0.8611111111111112
832500,0.75,0.55,0.8846153846153846,0.7,0.9166666666666666
832800,0.7236842105263158,0.65,0.8846153846153846,0.7333333333333333,0.9166666666666666
833100,0.7368421052631579,0.65,0.8846153846153846,0.7333333333333333,0.8888888888888888
833400,0.7368421052631579,0.65,0.8846153846153846,0.7333333333333333,0.8888888888888888
833700,0.7368421052631579,0.55,0.8846153846153846,0.7333333333333333,0.9166666666666666
834000,0.7368421052631579,0.55,0.9038461538461539,0.7333333333333333,0.9166666666666666
834300,0.7105263157894737,0.55,0.9038461538461539,0.7333333333333333,0.9166666666666666
834600,0.6710526315789473,0.5,0.9038461538461539,0.7666666666666667,0.9166666666666666
834900,0.7236842105263158,0.5,0.9038461538461539,0.7666666666666667,0.9166666666666666
835200,0.7236842105263158,0.55,0.8653846153846154,0.7333333333333333,0.9166666666666666
835500,0.7236842105263158,0.7,0.8653846153846154,0.7,0.8888888888888888
835800,0.7236842105263158,0.55,0.8653846153846154,0.7,0.8888888888888888
836100,0.6710526315789473,0.7,0.8653846153846154,0.7,0.8888888888888888
836400,0.8026315789473685,0.7,0.8461538461538461,0.7,0.8611111111111112
836700,0.7105263157894737,0.7,0.8846153846153846,0.7,0.8611111111111112
837000,0.7105263157894737,0.7,0.8846153846153846,0.7,0.8611111111111112
837300,0.8157894736842105,0.7,0.8846153846153846,0.7666666666666667,0.8611111111111112
837600,0.7236842105263158,0.7,0.8846153846153846,0.7666666666666667,0.8611111111111112
837900,0.7763157894736842,0.7,0.9423076923076923,0.7666666666666667,0.8611111111111112
838200,0.7763157894736842,0.7,0.9807692307692307,0.8,0.8888888888888888
838500,0.7631578947368421,0.75,0.9230769230769231,0.8,0.8888888888888888
838800,0.8026315789473685,0.7,0.9230769230769231,0.7666666666666667,0.8888888888888888
839100,0.8026315789473685,0.7,0.9038461538461539,0.7666666666666667,0.8888888888888888
839400,0.7894736842105263,0.75,0.9038461538461539,0.7666666666666667,0.8611111111111112
839700,0.7763157894736842,0.75,0.9038461538461539,0.8,0.8888888888888888
840000,0.7763157894736842,0.8,0.9038461538461539,0.8333333333333334,0.8611111111111112
840300,0.7763157894736842,0.75,0.9038461538461539,0.8333333333333334,0.8333333333333334
840600,0.7763157894736842,0.85,0.9038461538461539,0.8333333333333334,0.8333333333333334
840900,0.7236842105263158,0.9,0.9038461538461539,0.8333333333333334,0.8333333333333334
841200,0.7105263157894737,0.8,0.8846153846153846,0.8333333333333334,0.8333333333333334
841500,0.6447368421052632,0.7,0.8846153846153846,0.8333333333333334,0.8055555555555556
841800,0.7368421052631579,0.7,0.9038461538461539,0.8333333333333334,0.8055555555555556
842100,0.75,0.75,0.9230769230769231,0.8333333333333334,0.7777777777777778
842400,0.75,0.75,0.9423076923076923,0.8333333333333334,0.7777777777777778
842700,0.7763157894736842,0.7,0.9230769230769231,0.8333333333333334,0.7777777777777778
843000,0.6842105263157895,0.8,0.9423076923076923,0.8333333333333334,0.75
843300,0.631578947368421,0.8,0.9423076923076923,0.8333333333333334,0.75
843600,0.6842105263157895,0.8,0.9230769230769231,0.8333333333333334,0.8055555555555556
843900,0.7236842105263158,0.8,0.9230769230769231,0.8666666666666667,0.8333333333333334
844200,0.6973684210526315,0.8,0.9423076923076923,0.8666666666666667,0.8611111111111112
844500,0.6973684210526315,0.8,0.9423076923076923,0.8666666666666667,0.8611111111111112
844800,0.6973684210526315,0.95,0.9423076923076923,0.8333333333333334,0.8611111111111112
845100,0.6842105263157895,0.9,0.9423076923076923,0.8333333333333334,0.8611111111111112
845400,0.6973684210526315,0.85,0.9615384615384616,0.8666666666666667,0.8611111111111112
845700,0.7105263157894737,0.85,0.9423076923076923,0.8666666666666667,0.8611111111111112
846000,0.6052631578947368,0.85,0.9423076923076923,0.8666666666666667,0.8611111111111112
846300,0.6973684210526315,0.85,0.9230769230769231,0.8666666666666667,0.8611111111111112
846600,0.6973684210526315,0.85,0.9230769230769231,0.8333333333333334,0.8888888888888888
846900,0.7236842105263158,0.85,0.9230769230769231,0.8,0.9166666666666666
847200,0.6973684210526315,0.8,0.9230769230769231,0.7666666666666667,0.9166666666666666
847500,0.6710526315789473,0.8,0.9230769230769231,0.7666666666666667,0.8888888888888888
847800,0.6710526315789473,0.8,0.8846153846153846,0.7666666666666667,0.8888888888888888
848100,0.618421052631579,0.7,0.8846153846153846,0.7666666666666667,0.8888888888888888
848400,0.618421052631579,0.75,0.8653846153846154,0.7333333333333333,0.8888888888888888
848700,0.6447368421052632,0.75,0.8461538461538461,0.7333333333333333,0.8888888888888888
849000,0.631578947368421,0.75,0.8269230769230769,0.7333333333333333,0.8611111111111112
849300,0.6052631578947368,0.8,0.8076923076923077,0.7333333333333333,0.8333333333333334
849600,0.0,0.0,0.8076923076923077,0.7333333333333333,0.8611111111111112
849900,0.6052631578947368,0.7,0.8269230769230769,0.7333333333333333,0.8611111111111112
850200,0.5789473684210527,0.75,0.8461538461538461,0.7333333333333333,0.8611111111111112
850500,0.5921052631578947,0.75,0.8461538461538461,0.7333333333333333,0.8611111111111112
850800,0.5657894736842105,0.7,0.8653846153846154,0.7333333333333333,0.8611111111111112
851100,0.5,0.65,0.8653846153846154,0.7333333333333333,0.8611111111111112
851400,0.5394736842105263,0.65,0.8846153846153846,0.7333333333333333,0.8055555555555556
851700,0.47368421052631576,0.65,0.8846153846153846,0.7,0.7777777777777778
852000,0.4868421052631579,0.7,0.9038461538461539,0.7333333333333333,0.75
852300,0.4868421052631579,0.8,0.9230769230769231,0.7333333333333333,0.7777777777777778
852600,0.4868421052631579,0.8,0.9038461538461539,0.7333333333333333,0.7777777777777778
852900,0.5,0.85,0.9038461538461539,0.8,0.7777777777777778
853200,0.47368421052631576,0.9,0.8653846153846154,0.8,0.7777777777777778
853500,0.42105263157894735,0.9,0.8653846153846154,0.8,0.75
853800,0.42105263157894735,0.9,0.8846153846153846,0.7333333333333333,0.7222222222222222
854100,0.39473684210526316,0.9,0.8653846153846154,0.7333333333333333,0.7222222222222222
854400,0.3684210526315789,0.9,0.8846153846153846,0.7333333333333333,0.7222222222222222
854700,0.34210526315789475,0.95,0.9038461538461539,0.7333333333333333,0.6944444444444444
855000,0.3157894736842105,0.95,0.9038461538461539,0.7333333333333333,0.6944444444444444
855300,0.3684210526315789,0.95,0.8846153846153846,0.7,0.6666666666666666
855600,0.2894736842105263,0.95,0.8846153846153846,0.7333333333333333,0.6666666666666666
855900,0.32894736842105265,1.0,0.8653846153846154,0.7333333333333333,0.6944444444444444
856200,0.32894736842105265,1.0,0.9038461538461539,0.7333333333333333,0.6944444444444444
856500,0.3026315789473684,1.0,0.8461538461538461,0.7,0.6944444444444444
856800,0.3026315789473684,1.0,0.8461538461538461,0.7,0.6944444444444444
857100,0.23684210526315788,1.0,0.8461538461538461,0.7666666666666667,0.5555555555555556
857400,0.23684210526315788,1.0,0.8461538461538461,0.7333333333333333,0.5833333333333334
857700,0.23684210526315788,1.0,0.8653846153846154,0.7333333333333333,0.6111111111111112
858000,0.21052631578947367,1.0,0.8461538461538461,0.7333333333333333,0.6388888888888888
858300,0.2236842105263158,1.0,0.8653846153846154,0.7333333333333333,0.6111111111111112
858600,0.17105263157894737,1.0,0.8461538461538461,0.7333333333333333,0.6388888888888888
858900,0.15789473684210525,0.95,0.8461538461538461,0.7333333333333333,0.6666666666666666
859200,0.17105263157894737,0.95,0.8269230769230769,0.7333333333333333,0.6666666666666666
859500,0.13157894736842105,0.95,0.8076923076923077,0.7333333333333333,0.6666666666666666
859800,0.14473684210526316,0.9,0.7884615384615384,0.7,0.6388888888888888
860100,0.11842105263157894,0.9,0.8076923076923077,0.7,0.6388888888888888
860400,0.14473684210526316,0.9,0.7884615384615384,0.7,0.6388888888888888
860700,0.11842105263157894,0.9,0.8076923076923077,0.6666666666666666,0.6111111111111112
861000,0.11842105263157894,0.9,0.8269230769230769,0.7333333333333333,0.5833333333333334
861300,0.10526315789473684,0.9,0.8076923076923077,0.7,0.5555555555555556
861600,0.09210526315789473,0.9,0.8076923076923077,0.7,0.5555555555555556
861900,0.07894736842105263,0.9,0.8076923076923077,0.6666666666666666,0.5555555555555556
862200,0.07894736842105263,0.9,0.7884615384615384,0.6666666666666666,0.6111111111111112
862500,0.09210526315789473,0.9,0.8269230769230769,0.6666666666666666,0.6111111111111112
862800,0.07894736842105263,0.9,0.8461538461538461,0.6666666666666666,0.5555555555555556
863100,0.09210526315789473,0.9,0.8653846153846154,0.6333333333333333,0.5833333333333334
863400,0.09210526315789473,0.85,0.8653846153846154,0.6333333333333333,0.5833333333333334
863700,0.13157894736842105,0.9,0.8461538461538461,0.6666666666666666,0.5555555555555556
864000,0.09210526315789473,0.9,0.8653846153846154,0.6666666666666666,0.5277777777777778
864300,0.10526315789473684,0.9,0.8269230769230769,0.6,0.4722222222222222
864600,0.11842105263157894,0.95,0.8461538461538461,0.6,0.4166666666666667
864900,0.14473684210526316,0.95,0.8269230769230769,0.5333333333333333,0.4166666666666667
865200,0.11842105263157894,0.95,0.8076923076923077,0.5,0.3888888888888889
865500,0.11842105263157894,0.95,0.7884615384615384,0.5,0.4166666666666667
865800,0.14473684210526316,0.95,0.8076923076923077,0.43333333333333335,0.3611111111111111
866100,0.14473684210526316,1.0,0.8461538461538461,0.43333333333333335,0.2777777777777778
866400,0.14473684210526316,1.0,0.8461538461538461,0.4,0.3055555555555556
866700,0.13157894736842105,1.0,0.8461538461538461,0.36666666666666664,0.2222222222222222
867000,0.11842105263157894,1.0,0.8461538461538461,0.36666666666666664,0.25
867300,0.10526315789473684,1.0,0.8076923076923077,0.4,0.19444444444444445
867600,0.11842105263157894,1.0,0.8076923076923077,0.4666666666666667,0.2222222222222222
867900,0.11842105263157894,1.0,0.8076923076923077,0.4666666666666667,0.1388888888888889
868200,0.15789473684210525,1.0,0.7884615384615384,0.5333333333333333,0.08333333333333333
868500,0.19736842105263158,1.0,0.8076923076923077,0.5333333333333333,0.08333333333333333
868800,0.17105263157894737,0.9,0.8269230769230769,0.5333333333333333,0.08333333333333333
869100,0.25,1.0,0.8846153846153846,0.5333333333333333,0.1388888888888889
869400,0.25,1.0,0.8653846153846154,0.5333333333333333,0.2222222222222222
869700,0.23684210526315788,1.0,0.8653846153846154,0.5333333333333333,0.25
870000,0.21052631578947367,1.0,0.8846153846153846,0.5333333333333333,0.25
870300,0.21052631578947367,1.0,0.9038461538461539,0.5666666666666667,0.3055555555555556
870600,0.2236842105263158,1.0,0.9038461538461539,0.5666666666666667,0.3888888888888889
870900,0.23684210526315788,1.0,0.8846153846153846,0.6,0.3888888888888889
871200,0.25,1.0,0.8846153846153846,0.6333333333333333,0.4444444444444444
871500,0.25,1.0,0.8653846153846154,0.6333333333333333,0.5555555555555556
871800,0.25,1.0,0.8653846153846154,0.6,0.5555555555555556
872100,0.2236842105263158,1.0,0.8269230769230769,0.6,0.5277777777777778
872400,0.23684210526315788,1.0,0.8269230769230769,0.5666666666666667,0.5555555555555556
872700,0.2236842105263158,1.0,0.8269230769230769,0.5666666666666667,0.5277777777777778
873000,0.2236842105263158,1.0,0.8269230769230769,0.5666666666666667,0.5277777777777778
873300,0.2236842105263158,1.0,0.8269230769230769,0.5666666666666667,0.5277777777777778
873600,0.2236842105263158,1.0,0.8269230769230769,0.5666666666666667,0.5
873900,0.21052631578947367,1.0,0.8269230769230769,0.5,0.5
874200,0.19736842105263158,1.0,0.8076923076923077,0.5,0.5
874500,0.21052631578947367,1.0,0.8076923076923077,0.43333333333333335,0.4166666666666667
874800,0.21052631578947367,1.0,0.8076923076923077,0.43333333333333335,0.4166666666666667
875100,0.21052631578947367,1.0,0.7884615384615384,0.43333333333333335,0.4166666666666667
875400,0.2236842105263158,1.0,0.7884615384615384,0.4,0.4166666666666667
875700,0.19736842105263158,1.0,0.7884615384615384,0.43333333333333335,0.4166666666666667
876000,0.19736842105263158,1.0,0.7884615384615384,0.43333333333333335,0.4166666666666667
876300,0.19736842105263158,1.0,0.8269230769230769,0.4666666666666667,0.4722222222222222
876600,0.21052631578947367,1.0,0.8269230769230769,0.4666666666666667,0.4722222222222222
876900,0.21052631578947367,1.0,0.8269230769230769,0.4666666666666667,0.4722222222222222
877200,0.19736842105263158,1.0,0.8269230769230769,0.4666666666666667,0.4444444444444444
877500,0.21052631578947367,1.0,0.8269230769230769,0.4666666666666667,0.4722222222222222
877800,0.19736842105263158,1.0,0.8269230769230769,0.5,0.4444444444444444
878100,0.21052631578947367,1.0,0.8076923076923077,0.5,0.4166666666666667
878400,0.2236842105263158,1.0,0.8076923076923077,0.4666666666666667,0.4722222222222222
878700,0.2236842105263158,1.0,0.8076923076923077,0.4666666666666667,0.5
879000,0.21052631578947367,1.0,0.8269230769230769,0.4666666666666667,0.5277777777777778
879300,0.2236842105263158,1.0,0.8269230769230769,0.4666666666666667,0.5277777777777778
879600,0.18421052631578946,1.0,0.8461538461538461,0.5,0.5
879900,0.18421052631578946,1.0,0.8461538461538461,0.5,0.5
880200,0.18421052631578946,1.0,0.8076923076923077,0.5,0.5
880500,0.18421052631578946,1.0,0.8076923076923077,0.4666666666666667,0.5555555555555556
880800,0.18421052631578946,1.0,0.8076923076923077,0.4666666666666667,0.5555555555555556
881100,0.17105263157894737,1.0,0.7692307692307693,0.4666666666666667,0.5833333333333334
881400,0.17105263157894737,1.0,0.7884615384615384,0.4,0.5277777777777778
881700,0.15789473684210525,1.0,0.7884615384615384,0.4,0.5277777777777778
882000,0.17105263157894737,1.0,0.7692307692307693,0.4,0.5833333333333334
882300,0.19736842105263158,1.0,0.7692307692307693,0.4,0.6111111111111112
882600,0.21052631578947367,1.0,0.7692307692307693,0.4,0.6111111111111112
882900,0.17105263157894737,1.0,0.7884615384615384,0.36666666666666664,0.6111111111111112
883200,0.18421052631578946,1.0,0.7884615384615384,0.36666666666666664,0.6111111111111112
883500,0.17105263157894737,1.0,0.7307692307692307,0.36666666666666664,0.6111111111111112
883800,0.18421052631578946,1.0,0.7307692307692307,0.36666666666666664,0.5833333333333334
884100,0.18421052631578946,1.0,0.7307692307692307,0.36666666666666664,0.5555555555555556
884400,0.19736842105263158,1.0,0.6923076923076923,0.36666666666666664,0.5555555555555556
884700,0.18421052631578946,1.0,0.6923076923076923,0.36666666666666664,0.5833333333333334
885000,0.19736842105263158,1.0,0.6923076923076923,0.36666666666666664,0.5833333333333334
885300,0.21052631578947367,1.0,0.7115384615384616,0.36666666666666664,0.5277777777777778
885600,0.19736842105263158,1.0,0.7115384615384616,0.4,0.5
885900,0.19736842105263158,1.0,0.7115384615384616,0.43333333333333335,0.5277777777777778
886200,0.18421052631578946,1.0,0.75,0.4,0.5555555555555556
886500,0.19736842105263158,1.0,0.7692307692307693,0.3333333333333333,0.5277777777777778
886800,0.21052631578947367,1.0,0.7884615384615384,0.3333333333333333,0.4444444444444444
887100,0.19736842105263158,1.0,0.7884615384615384,0.3,0.4444444444444444
887400,0.21052631578947367,1.0,0.75,0.3333333333333333,0.4166666666666667
887700,0.19736842105263158,1.0,0.7692307692307693,0.3333333333333333,0.4166666666666667
888000,0.19736842105263158,1.0,0.75,0.4,0.3888888888888889
888300,0.21052631578947367,1.0,0.7884615384615384,0.4,0.3333333333333333
888600,0.21052631578947367,1.0,0.7692307692307693,0.4,0.3055555555555556
888900,0.21052631578947367,1.0,0.75,0.4,0.3333333333333333
889200,0.21052631578947367,1.0,0.7307692307692307,0.4,0.4166666666666667
889500,0.23684210526315788,1.0,0.7115384615384616,0.4,0.3888888888888889
889800,0.2236842105263158,1.0,0.7307692307692307,0.43333333333333335,0.4166666666666667
890100,0.23684210526315788,1.0,0.7115384615384616,0.4666666666666667,0.4444444444444444
890400,0.2236842105263158,1.0,0.6923076923076923,0.4666666666666667,0.4166666666666667
890700,0.2631578947368421,0.95,0.7115384615384616,0.43333333333333335,0.3888888888888889
891000,0.3026315789473684,0.95,0.7115384615384616,0.4,0.4166666666666667
891300,0.3026315789473684,0.95,0.7115384615384616,0.4,0.3888888888888889
891600,0.3157894736842105,0.95,0.7115384615384616,0.36666666666666664,0.4166666666666667
891900,0.3026315789473684,0.95,0.75,0.4,0.4444444444444444
892200,0.3026315789473684,0.95,0.7307692307692307,0.3333333333333333,0.4722222222222222
892500,0.3026315789473684,0.95,0.75,0.3333333333333333,0.5555555555555556
892800,0.3026315789473684,0.95,0.7307692307692307,0.36666666666666664,0.6111111111111112
893100,0.32894736842105265,0.95,0.75,0.4666666666666667,0.6111111111111112
893400,0.3157894736842105,0.85,0.7884615384615384,0.5,0.6111111111111112
893700,0.35526315789473684,0.8,0.7884615384615384,0.5333333333333333,0.6388888888888888
894000,0.35526315789473684,0.8,0.8076923076923077,0.5333333333333333,0.6944444444444444
894300,0.34210526315789475,0.8,0.8076923076923077,0.5333333333333333,0.6944444444444444
894600,0.3157894736842105,0.8,0.8076923076923077,0.5666666666666667,0.75
894900,0.32894736842105265,0.8,0.8461538461538461,0.5666666666666667,0.7777777777777778
895200,0.35526315789473684,0.8,0.8461538461538461,0.5666666666666667,0.7777777777777778
895500,0.3684210526315789,0.8,0.8461538461538461,0.6,0.75
895800,0.35526315789473684,0.8,0.8461538461538461,0.6333333333333333,0.7777777777777778
896100,0.3684210526315789,0.9,0.8461538461538461,0.6333333333333333,0.8055555555555556
896400,0.35526315789473684,0.85,0.8461538461538461,0.6666666666666666,0.8055555555555556
896700,0.35526315789473684,0.85,0.8269230769230769,0.6666666666666666,0.8055555555555556
897000,0.3815789473684211,0.85,0.8076923076923077,0.6333333333333333,0.8333333333333334
897300,0.39473684210526316,0.9,0.7692307692307693,0.6333333333333333,0.8333333333333334
897600,0.42105263157894735,0.9,0.7884615384615384,0.6333333333333333,0.8333333333333334
897900,0.4342105263157895,0.9,0.75,0.6333333333333333,0.8333333333333334
898200,0.4473684210526316,0.9,0.7692307692307693,0.6333333333333333,0.8333333333333334
898500,0.4473684210526316,0.9,0.75,0.6333333333333333,0.8333333333333334
898800,0.47368421052631576,0.9,0.7884615384615384,0.6,0.8333333333333334
899100,0.47368421052631576,0.9,0.8076923076923077,0.6,0.8611111111111112
899400,0.5131578947368421,0.95,0.8269230769230769,0.6,0.8611111111111112
899700,0.5263157894736842,0.95,0.8461538461538461,0.6,0.8611111111111112
900000,0.5263157894736842,0.9,0.8461538461538461,0.6,0.8611111111111112
900300,0.5,0.9,0.8653846153846154,0.6,0.8611111111111112
900600,0.5394736842105263,0.85,0.8653846153846154,0.6333333333333333,0.8611111111111112
900900,0.5,0.85,0.8461538461538461,0.6666666666666666,0.8333333333333334
901200,0.4868421052631579,0.85,0.8461538461538461,0.6666666666666666,0.8333333333333334
901500,0.4868421052631579,0.85,0.8461538461538461,0.7,0.8333333333333334
901800,0.5263157894736842,0.85,0.8269230769230769,0.7333333333333333,0.8611111111111112
902100,0.5,0.8,0.8461538461538461,0.7333333333333333,0.8611111111111112
902400,0.5131578947368421,0.65,0.8653846153846154,0.7333333333333333,0.8611111111111112
902700,0.5394736842105263,0.65,0.8653846153846154,0.7333333333333333,0.8611111111111112
903000,0.5657894736842105,0.65,0.8846153846153846,0.7,0.8611111111111112
903300,0.5526315789473685,0.65,0.8846153846153846,0.7,0.8611111111111112
903600,0.5657894736842105,0.65,0.8846153846153846,0.7333333333333333,0.8888888888888888
903900,0.5394736842105263,0.75,0.8653846153846154,0.7333333333333333,0.9166666666666666
904200,0.5131578947368421,0.8,0.8653846153846154,0.7333333333333333,0.9166666666666666
904500,0.5526315789473685,0.8,0.8653846153846154,0.7333333333333333,0.9166666666666666
904800,0.5394736842105263,0.8,0.8653846153846154,0.7,0.9444444444444444
905100,0.5263157894736842,0.75,0.8653846153846154,0.6666666666666666,0.9444444444444444
905400,0.47368421052631576,0.75,0.8653846153846154,0.7,0.9444444444444444
905700,0.4868421052631579,0.75,0.8653846153846154,0.7,0.9444444444444444
906000,0.5,0.75,0.8653846153846154,0.7,0.9444444444444444
906300,0.5,0.75,0.8653846153846154,0.7666666666666667,0.9444444444444444
906600,0.5394736842105263,0.75,0.8653846153846154,0.7666666666666667,0.9444444444444444
906900,0.5394736842105263,0.75,0.8461538461538461,0.7666666666666667,0.9166666666666666
907200,0.5526315789473685,0.8,0.8269230769230769,0.7666666666666667,0.9166666666666666
907500,0.4473684210526316,0.85,0.8269230769230769,0.7666666666666667,0.9166666666666666
907800,0.3815789473684211,0.95,0.7884615384615384,0.7666666666666667,0.9166666666666666
908100,0.4473684210526316,0.9,0.6730769230769231,0.7666666666666667,0.9166666666666666
908400,0.5131578947368421,0.9,0.6730769230769231,0.7666666666666667,0.9166666666666666
908700,0.5131578947368421,0.9,0.6538461538461539,0.7666666666666667,0.9166666666666666
909000,0.5131578947368421,0.9,0.6538461538461539,0.7666666666666667,0.8611111111111112
909300,0.5394736842105263,0.85,0.6538461538461539,0.7666666666666667,0.8611111111111112
909600,0.5131578947368421,0.85,0.6730769230769231,0.7666666666666667,0.8333333333333334
909900,0.5394736842105263,0.75,0.6346153846153846,0.7666666666666667,0.8333333333333334
910200,0.5789473684210527,0.75,0.6153846153846154,0.7666666666666667,0.8333333333333334
910500,0.5789473684210527,0.75,0.6923076923076923,0.7,0.8611111111111112
910800,0.631578947368421,0.7,0.6923076923076923,0.7,0.8333333333333334
911100,0.6052631578947368,0.75,0.7115384615384616,0.7,0.8333333333333334
911400,0.618421052631579,0.8,0.6923076923076923,0.6333333333333333,0.8611111111111112
911700,0.6052631578947368,0.8,0.6538461538461539,0.6,0.8611111111111112
912000,0.6052631578947368,0.8,0.6538461538461539,0.6,0.8611111111111112
912300,0.5921052631578947,0.85,0.7692307692307693,0.6333333333333333,0.8611111111111112
912600,0.5789473684210527,0.85,0.7692307692307693,0.6333333333333333,0.8888888888888888
912900,0.5789473684210527,0.8,0.7692307692307693,0.6666666666666666,0.8611111111111112
913200,0.6052631578947368,0.8,0.7884615384615384,0.7,0.8611111111111112
913500,0.5657894736842105,0.85,0.7884615384615384,0.7,0.8611111111111112
913800,0.5657894736842105,0.85,0.7884615384615384,0.7,0.8611111111111112
914100,0.6052631578947368,0.75,0.7884615384615384,0.7666666666666667,0.8611111111111112
914400,0.5657894736842105,0.75,0.8076923076923077,0.7666666666666667,0.8611111111111112
914700,0.5789473684210527,0.85,0.8076923076923077,0.9333333333333333,0.8333333333333334
915000,0.618421052631579,0.95,0.8076923076923077,0.9333333333333333,0.8888888888888888
915300,0.6578947368421053,0.95,0.8076923076923077,0.9333333333333333,0.8888888888888888
915600,0.6578947368421053,0.95,0.8076923076923077,0.9333333333333333,0.8888888888888888
915900,0.7105263157894737,0.65,0.7884615384615384,0.9333333333333333,0.8888888888888888
916200,0.7105263157894737,0.5,0.8076923076923077,0.9666666666666667,0.8888888888888888
916500,0.7236842105263158,0.55,0.8269230769230769,0.8333333333333334,0.8888888888888888
916800,0.7105263157894737,0.45,0.8461538461538461,0.8333333333333334,0.8611111111111112
917100,0.6973684210526315,0.55,0.8269230769230769,0.8333333333333334,0.8611111111111112
917400,0.6973684210526315,0.75,0.7884615384615384,0.8333333333333334,0.8611111111111112
917700,0.6973684210526315,0.7,0.7884615384615384,0.8333333333333334,0.8611111111111112
918000,0.6973684210526315,0.7,0.7884615384615384,0.8333333333333334,0.8333333333333334
918300,0.6842105263157895,0.7,0.8076923076923077,0.8,0.8611111111111112
918600,0.6842105263157895,0.75,0.8076923076923077,0.8666666666666667,0.8611111111111112
918900,0.6973684210526315,0.8,0.8076923076923077,0.8666666666666667,0.8611111111111112
919200,0.618421052631579,0.8,0.8076923076923077,0.8333333333333334,0.8888888888888888
919500,0.618421052631579,0.85,0.7692307692307693,0.8333333333333334,0.8888888888888888
919800,0.6578947368421053,0.95,0.7692307692307693,0.9,0.9166666666666666
920100,0.6578947368421053,0.95,0.7884615384615384,0.9,0.9166666666666666
920400,0.6842105263157895,0.95,0.7884615384615384,0.9333333333333333,0.9166666666666666
920700,0.6447368421052632,0.85,0.8461538461538461,0.9333333333333333,0.9166666666666666
921000,0.6973684210526315,0.9,0.8653846153846154,0.9,0.9166666666666666
921300,0.6710526315789473,0.85,0.8461538461538461,0.9,0.9166666666666666
921600,0.0,0.0,0.8461538461538461,0.9,0.8888888888888888
921900,0.6578947368421053,0.85,0.8461538461538461,0.9333333333333333,0.8888888888888888
922200,0.6710526315789473,0.85,0.8846153846153846,0.9333333333333333,0.8888888888888888
922500,0.6973684210526315,0.8,0.8653846153846154,0.9,0.8888888888888888
922800,0.7236842105263158,0.85,0.8461538461538461,0.9,0.9166666666666666
923100,0.6842105263157895,0.85,0.8461538461538461,0.9,0.8611111111111112
923400,0.75,0.85,0.8653846153846154,0.8666666666666667,0.8611111111111112
923700,0.7368421052631579,0.85,0.8846153846153846,0.8666666666666667,0.8611111111111112
924000,0.75,0.85,0.8846153846153846,0.8666666666666667,0.8611111111111112
924300,0.6842105263157895,0.8,0.8846153846153846,0.9,0.8333333333333334
924600,0.7368421052631579,0.85,0.8461538461538461,0.9,0.8611111111111112
924900,0.7368421052631579,0.85,0.8461538461538461,0.9333333333333333,0.8888888888888888
925200,0.7368421052631579,0.8,0.8461538461538461,0.9333333333333333,0.8888888888888888
925500,0.7236842105263158,0.75,0.8653846153846154,0.9666666666666667,0.9166666666666666
925800,0.75,0.75,0.8846153846153846,0.9666666666666667,0.9444444444444444
926100,0.7368421052631579,0.7,0.9038461538461539,0.9666666666666667,0.9166666666666666
926400,0.6578947368421053,0.75,0.9038461538461539,0.9666666666666667,0.8888888888888888
926700,0.7236842105263158,0.7,0.9038461538461539,0.9666666666666667,0.8611111111111112
927000,0.6973684210526315,0.7,0.9038461538461539,0.9666666666666667,0.8888888888888888
927300,0.6842105263157895,0.7,0.9038461538461539,0.9666666666666667,0.8888888888888888
927600,0.7236842105263158,0.55,0.9230769230769231,0.9333333333333333,0.8888888888888888
927900,0.6973684210526315,0.6,0.9230769230769231,0.9333333333333333,0.8611111111111112
928200,0.6973684210526315,0.6,0.9423076923076923,0.9333333333333333,0.8055555555555556
928500,0.6973684210526315,0.6,0.9423076923076923,0.9333333333333333,0.8055555555555556
928800,0.6973684210526315,0.65,0.9423076923076923,0.9333333333333333,0.8055555555555556
929100,0.6578947368421053,0.6,0.9423076923076923,0.9333333333333333,0.8333333333333334
929400,0.7236842105263158,0.75,0.9423076923076923,0.9333333333333333,0.8333333333333334
929700,0.7105263157894737,0.85,0.9038461538461539,0.9333333333333333,0.8611111111111112
930000,0.6842105263157895,0.9,0.9038461538461539,0.9333333333333333,0.8888888888888888
930300,0.7105263157894737,0.9,0.9038461538461539,0.9666666666666667,0.8888888888888888
930600,0.7236842105263158,0.9,0.9038461538461539,0.9666666666666667,0.8888888888888888
930900,0.6710526315789473,0.95,0.9038461538461539,0.9666666666666667,0.8888888888888888
931200,0.6973684210526315,0.95,0.9038461538461539,0.9666666666666667,0.9166666666666666
931500,0.6842105263157895,0.9,0.8846153846153846,0.9666666666666667,0.9166666666666666
931800,0.6842105263157895,0.8,0.8653846153846154,0.9666666666666667,0.8888888888888888
932100,0.6578947368421053,0.75,0.8653846153846154,0.9666666666666667,0.8611111111111112
932400,0.6052631578947368,0.75,0.8653846153846154,0.9333333333333333,0.8611111111111112
932700,0.6710526315789473,0.8,0.8653846153846154,0.9333333333333333,0.8888888888888888
933000,0.6710526315789473,0.75,0.8846153846153846,0.9333333333333333,0.8888888888888888
933300,0.6447368421052632,0.75,0.8653846153846154,0.9,0.9166666666666666
933600,0.618421052631579,0.75,0.8653846153846154,0.9,0.9166666666666666
933900,0.6052631578947368,0.7,0.8653846153846154,0.9,0.9166666666666666
934200,0.618421052631579,0.75,0.8461538461538461,0.8333333333333334,0.8611111111111112
934500,0.631578947368421,0.7,0.8269230769230769,0.8333333333333334,0.8611111111111112
934800,0.6578947368421053,0.65,0.8269230769230769,0.8333333333333334,0.8333333333333334
935100,0.631578947368421,0.7,0.8076923076923077,0.8333333333333334,0.8611111111111112
935400,0.618421052631579,0.8,0.8269230769230769,0.8,0.8055555555555556
935700,0.618421052631579,0.85,0.8076923076923077,0.7333333333333333,0.8333333333333334
936000,0.6710526315789473,0.8,0.8269230769230769,0.7666666666666667,0.8333333333333334
936300,0.6578947368421053,0.75,0.8269230769230769,0.7666666666666667,0.8333333333333334
936600,0.6842105263157895,0.75,0.8461538461538461,0.8,0.8333333333333334
936900,0.6578947368421053,0.75,0.8269230769230769,0.8,0.8333333333333334
937200,0.6052631578947368,0.8,0.8269230769230769,0.8333333333333334,0.7777777777777778
937500,0.5394736842105263,0.85,0.8269230769230769,0.8333333333333334,0.7777777777777778
937800,0.5657894736842105,0.9,0.8269230769230769,0.8333333333333334,0.7777777777777778
938100,0.6052631578947368,0.85,0.8269230769230769,0.8666666666666667,0.7777777777777778
938400,0.6052631578947368,0.85,0.8269230769230769,0.8666666666666667,0.7777777777777778
938700,0.6052631578947368,0.85,0.8269230769230769,0.8666666666666667,0.7777777777777778
939000,0.5657894736842105,0.8,0.8461538461538461,0.8666666666666667,0.7777777777777778
939300,0.5394736842105263,0.85,0.8269230769230769,0.9,0.7777777777777778
939600,0.5394736842105263,0.85,0.8653846153846154,0.9,0.8055555555555556
939900,0.5394736842105263,0.85,0.8653846153846154,0.9333333333333333,0.7777777777777778
940200,0.4868421052631579,0.85,0.8846153846153846,0.9333333333333333,0.7777777777777778
940500,0.5263157894736842,0.85,0.8846153846153846,0.9333333333333333,0.75
940800,0.5263157894736842,0.9,0.9038461538461539,0.9,0.7222222222222222
941100,0.5131578947368421,0.9,0.8653846153846154,0.8666666666666667,0.75
941400,0.5263157894736842,0.85,0.8269230769230769,0.8666666666666667,0.7222222222222222
941700,0.5131578947368421,0.9,0.8076923076923077,0.9,0.7222222222222222
942000,0.5,0.9,0.8269230769230769,0.9,0.6944444444444444
942300,0.47368421052631576,0.9,0.8461538461538461,0.9,0.6944444444444444
942600,0.5263157894736842,0.9,0.8461538461538461,0.8666666666666667,0.6666666666666666
942900,0.47368421052631576,0.9,0.8269230769230769,0.8666666666666667,0.6666666666666666
943200,0.4605263157894737,0.9,0.8269230769230769,0.8666666666666667,0.5833333333333334
943500,0.4473684210526316,0.9,0.8269230769230769,0.8666666666666667,0.5555555555555556
943800,0.4342105263157895,0.95,0.8269230769230769,0.8333333333333334,0.5555555555555556
944100,0.4868421052631579,0.95,0.8846153846153846,0.8333333333333334,0.5555555555555556
944400,0.42105263157894735,0.95,0.9038461538461539,0.8666666666666667,0.4722222222222222
944700,0.40789473684210525,0.95,0.8846153846153846,0.8666666666666667,0.4166666666666667
945000,0.39473684210526316,0.95,0.8846153846153846,0.8333333333333334,0.4444444444444444
945300,0.3815789473684211,1.0,0.8846153846153846,0.8333333333333334,0.4722222222222222
945600,0.3684210526315789,0.9,0.8846153846153846,0.8,0.4444444444444444
945900,0.3815789473684211,0.95,0.8461538461538461,0.8,0.4444444444444444
946200,0.3815789473684211,0.95,0.8461538461538461,0.8,0.4444444444444444
946500,0.32894736842105265,0.9,0.8653846153846154,0.8,0.3888888888888889
946800,0.3157894736842105,0.9,0.8653846153846154,0.8,0.3888888888888889
947100,0.27631578947368424,0.95,0.8269230769230769,0.8,0.3888888888888889
947400,0.3026315789473684,0.9,0.8461538461538461,0.8,0.4444444444444444
947700,0.3026315789473684,0.9,0.8653846153846154,0.8,0.4166666666666667
948000,0.3026315789473684,0.9,0.8461538461538461,0.7666666666666667,0.3888888888888889
948300,0.27631578947368424,0.9,0.8461538461538461,0.8,0.3888888888888889
948600,0.2631578947368421,0.9,0.8461538461538461,0.7666666666666667,0.3888888888888889
948900,0.2631578947368421,0.9,0.8461538461538461,0.7666666666666667,0.4166666666666667
949200,0.2236842105263158,0.9,0.8653846153846154,0.7666666666666667,0.4444444444444444
949500,0.2236842105263158,0.95,0.8653846153846154,0.8333333333333334,0.4722222222222222
949800,0.18421052631578946,0.95,0.8846153846153846,0.8,0.5
950100,0.15789473684210525,1.0,0.8846153846153846,0.8,0.5
950400,0.09210526315789473,1.0,0.8653846153846154,0.7333333333333333,0.4444444444444444
950700,0.07894736842105263,1.0,0.9038461538461539,0.6666666666666666,0.4444444444444444
951000,0.09210526315789473,1.0,0.8846153846153846,0.6666666666666666,0.3888888888888889
951300,0.09210526315789473,1.0,0.8846153846153846,0.6666666666666666,0.3888888888888889
951600,0.02631578947368421,1.0,0.8846153846153846,0.6333333333333333,0.3055555555555556
951900,0.05263157894736842,1.0,0.8653846153846154,0.6333333333333333,0.3055555555555556
952200,0.039473684210526314,1.0,0.8653846153846154,0.6,0.2777777777777778
952500,0.039473684210526314,1.0,0.8653846153846154,0.6,0.2777777777777778
952800,0.039473684210526314,1.0,0.8461538461538461,0.6,0.2777777777777778
953100,0.039473684210526314,1.0,0.8461538461538461,0.6,0.2777777777777778
953400,0.039473684210526314,1.0,0.8461538461538461,0.6,0.2777777777777778
953700,0.13157894736842105,1.0,0.8461538461538461,0.6,0.1111111111111111
954000,0.13157894736842105,1.0,0.8461538461538461,0.6,0.1111111111111111
954300,0.13157894736842105,1.0,0.8461538461538461,0.6,0.1111111111111111
954600,0.13157894736842105,1.0,0.8461538461538461,0.6333333333333333,0.08333333333333333
954900,0.13157894736842105,1.0,0.8461538461538461,0.6333333333333333,0.08333333333333333
955200,0.13157894736842105,1.0,0.8076923076923077,0.6333333333333333,0.1111111111111111
955500,0.13157894736842105,1.0,0.8076923076923077,0.6333333333333333,0.1111111111111111
955800,0.13157894736842105,1.0,0.8269230769230769,0.6,0.08333333333333333
956100,0.13157894736842105,0.95,0.8269230769230769,0.6,0.08333333333333333
956400,0.10526315789473684,0.95,0.8269230769230769,0.6,0.1111111111111111
956700,0.11842105263157894,0.95,0.8461538461538461,0.5666666666666667,0.1111111111111111
957000,0.10526315789473684,0.95,0.8461538461538461,0.5666666666666667,0.19444444444444445
957300,0.07894736842105263,1.0,0.8076923076923077,0.6,0.3333333333333333
957600,0.07894736842105263,1.0,0.8076923076923077,0.6,0.4166666666666667
957900,0.06578947368421052,1.0,0.8076923076923077,0.6333333333333333,0.3888888888888889
958200,0.06578947368421052,1.0,0.8461538461538461,0.6333333333333333,0.4444444444444444
958500,0.07894736842105263,0.95,0.8269230769230769,0.6333333333333333,0.3888888888888889
958800,0.07894736842105263,0.95,0.8269230769230769,0.6333333333333333,0.3611111111111111
959100,0.09210526315789473,0.95,0.8461538461538461,0.6333333333333333,0.3333333333333333
959400,0.13157894736842105,0.95,0.8653846153846154,0.6333333333333333,0.4166666666666667
959700,0.17105263157894737,0.95,0.8653846153846154,0.6333333333333333,0.4444444444444444
960000,0.18421052631578946,0.95,0.8653846153846154,0.6333333333333333,0.4166666666666667
960300,0.17105263157894737,0.95,0.8653846153846154,0.6,0.4166666666666667
960600,0.21052631578947367,0.95,0.8461538461538461,0.6,0.4444444444444444
960900,0.2236842105263158,0.95,0.8461538461538461,0.6333333333333333,0.4166666666666667
961200,0.23684210526315788,0.95,0.8461538461538461,0.6333333333333333,0.4166666666666667
961500,0.2236842105263158,0.95,0.8461538461538461,0.6333333333333333,0.3611111111111111
961800,0.2236842105263158,0.95,0.8461538461538461,0.6,0.3611111111111111
962100,0.2236842105263158,0.95,0.8653846153846154,0.6,0.3888888888888889
962400,0.25,0.95,0.8653846153846154,0.6,0.5
962700,0.25,0.95,0.8846153846153846,0.6,0.5
963000,0.25,1.0,0.8846153846153846,0.6333333333333333,0.4722222222222222
963300,0.25,1.0,0.8653846153846154,0.6,0.4444444444444444
963600,0.25,1.0,0.8653846153846154,0.5666666666666667,0.4444444444444444
963900,0.23684210526315788,1.0,0.8653846153846154,0.5666666666666667,0.4444444444444444
964200,0.23684210526315788,1.0,0.8653846153846154,0.5,0.5
964500,0.23684210526315788,1.0,0.8653846153846154,0.5,0.5277777777777778
964800,0.25,1.0,0.8461538461538461,0.5,0.5277777777777778
965100,0.25,1.0,0.8269230769230769,0.43333333333333335,0.5
965400,0.2236842105263158,1.0,0.8269230769230769,0.4,0.5
965700,0.21052631578947367,1.0,0.8076923076923077,0.4,0.5
966000,0.21052631578947367,1.0,0.8076923076923077,0.4,0.5
966300,0.21052631578947367,1.0,0.8076923076923077,0.4,0.5555555555555556
966600,0.21052631578947367,1.0,0.8076923076923077,0.4,0.5555555555555556
966900,0.21052631578947367,1.0,0.8076923076923077,0.4,0.5555555555555556
967200,0.21052631578947367,1.0,0.8076923076923077,0.4666666666666667,0.5833333333333334
967500,0.21052631578947367,1.0,0.7692307692307693,0.4,0.6111111111111112
967800,0.19736842105263158,1.0,0.75,0.4,0.6111111111111112
968100,0.19736842105263158,1.0,0.7692307692307693,0.4,0.5833333333333334
968400,0.19736842105263158,1.0,0.7884615384615384,0.36666666666666664,0.5833333333333334
968700,0.18421052631578946,0.95,0.7884615384615384,0.36666666666666664,0.5833333333333334
969000,0.17105263157894737,0.95,0.7884615384615384,0.3333333333333333,0.5833333333333334
969300,0.18421052631578946,0.95,0.7692307692307693,0.36666666666666664,0.6111111111111112
969600,0.17105263157894737,0.95,0.75,0.4,0.6111111111111112
969900,0.17105263157894737,0.95,0.75,0.4,0.5555555555555556
970200,0.17105263157894737,0.95,0.7884615384615384,0.4,0.5555555555555556
970500,0.17105263157894737,0.95,0.7884615384615384,0.4,0.5555555555555556
970800,0.18421052631578946,0.95,0.8269230769230769,0.4,0.5555555555555556
971100,0.18421052631578946,1.0,0.8461538461538461,0.4,0.5
971400,0.19736842105263158,1.0,0.8076923076923077,0.36666666666666664,0.5
971700,0.19736842105263158,1.0,0.8076923076923077,0.3,0.5
972000,0.17105263157894737,1.0,0.8076923076923077,0.3,0.5
972300,0.18421052631578946,1.0,0.7884615384615384,0.3333333333333333,0.5
972600,0.18421052631578946,1.0,0.75,0.3333333333333333,0.4444444444444444
972900,0.18421052631578946,1.0,0.7884615384615384,0.3,0.4444444444444444
973200,0.19736842105263158,1.0,0.7884615384615384,0.3,0.4444444444444444
973500,0.2236842105263158,1.0,0.8076923076923077,0.3,0.4722222222222222
973800,0.21052631578947367,0.95,0.8076923076923077,0.26666666666666666,0.5
974100,0.21052631578947367,0.95,0.7884615384615384,0.26666666666666666,0.4444444444444444
974400,0.2236842105263158,0.95,0.7884615384615384,0.3,0.4166666666666667
974700,0.2236842105263158,0.95,0.7692307692307693,0.3,0.4166666666666667
975000,0.23684210526315788,0.95,0.75,0.3,0.4722222222222222
975300,0.23684210526315788,0.95,0.75,0.3333333333333333,0.5277777777777778
975600,0.3026315789473684,0.95,0.7307692307692307,0.3333333333333333,0.5277777777777778
975900,0.3157894736842105,0.95,0.6923076923076923,0.36666666666666664,0.5
976200,0.32894736842105265,0.95,0.6923076923076923,0.3333333333333333,0.5
976500,0.3684210526315789,0.95,0.7115384615384616,0.36666666666666664,0.4444444444444444
976800,0.3815789473684211,0.95,0.7307692307692307,0.36666666666666664,0.4722222222222222
977100,0.35526315789473684,0.95,0.7115384615384616,0.4,0.5
977400,0.3684210526315789,0.95,0.7307692307692307,0.4,0.5
977700,0.3684210526315789,0.95,0.75,0.4,0.5
978000,0.35526315789473684,0.95,0.7115384615384616,0.36666666666666664,0.5
978300,0.3684210526315789,0.95,0.7307692307692307,0.36666666666666664,0.5
978600,0.3684210526315789,0.95,0.6923076923076923,0.36666666666666664,0.5
978900,0.3815789473684211,0.9,0.7115384615384616,0.36666666666666664,0.5
979200,0.3684210526315789,0.9,0.7692307692307693,0.4,0.5277777777777778
979500,0.35526315789473684,0.9,0.7692307692307693,0.4,0.5555555555555556
979800,0.35526315789473684,0.9,0.7692307692307693,0.43333333333333335,0.6111111111111112
980100,0.3684210526315789,0.95,0.7692307692307693,0.43333333333333335,0.6388888888888888
980400,0.3684210526315789,0.95,0.7692307692307693,0.5,0.6666666666666666
980700,0.35526315789473684,1.0,0.7884615384615384,0.5,0.6666666666666666
981000,0.3815789473684211,1.0,0.7884615384615384,0.5,0.6388888888888888
981300,0.3815789473684211,0.95,0.7884615384615384,0.5666666666666667,0.6388888888888888
981600,0.3815789473684211,0.95,0.8076923076923077,0.5333333333333333,0.6666666666666666
981900,0.3815789473684211,0.95,0.8076923076923077,0.5666666666666667,0.7222222222222222
982200,0.3815789473684211,0.95,0.8269230769230769,0.6,0.75
982500,0.3684210526315789,0.95,0.8269230769230769,0.6333333333333333,0.7222222222222222
982800,0.39473684210526316,0.95,0.8076923076923077,0.6333333333333333,0.7222222222222222
983100,0.3815789473684211,0.95,0.8076923076923077,0.6333333333333333,0.7222222222222222
983400,0.3815789473684211,0.95,0.8461538461538461,0.6333333333333333,0.7222222222222222
983700,0.39473684210526316,1.0,0.8076923076923077,0.6333333333333333,0.7222222222222222
984000,0.42105263157894735,1.0,0.7884615384615384,0.6,0.7222222222222222
984300,0.3815789473684211,0.95,0.7884615384615384,0.6,0.7222222222222222
984600,0.40789473684210525,0.95,0.7884615384615384,0.6,0.6944444444444444
984900,0.4605263157894737,0.95,0.8269230769230769,0.6,0.75
985200,0.42105263157894735,0.95,0.8269230769230769,0.6333333333333333,0.7222222222222222
985500,0.4473684210526316,0.95,0.8269230769230769,0.6,0.7222222222222222
985800,0.42105263157894735,0.95,0.8269230769230769,0.5666666666666667,0.75
986100,0.4473684210526316,0.95,0.8076923076923077,0.5333333333333333,0.8055555555555556
986400,0.0,0.0,0.8076923076923077,0.5333333333333333,0.8055555555555556
986700,0.47368421052631576,0.95,0.8076923076923077,0.5333333333333333,0.8333333333333334
987000,0.47368421052631576,0.9,0.8076923076923077,0.5333333333333333,0.8611111111111112
987300,0.4473684210526316,0.9,0.8269230769230769,0.5333333333333333,0.8888888888888888
987600,0.4868421052631579,0.9,0.8269230769230769,0.5333333333333333,0.8888888888888888
987900,0.5526315789473685,0.95,0.8461538461538461,0.5666666666666667,0.8888888888888888
988200,0.5131578947368421,0.95,0.8461538461538461,0.5666666666666667,0.8888888888888888
988500,0.5263157894736842,0.9,0.8461538461538461,0.6,0.8888888888888888
988800,0.5394736842105263,0.9,0.8653846153846154,0.6333333333333333,0.8888888888888888
989100,0.5789473684210527,0.9,0.8846153846153846,0.7,0.8888888888888888
989400,0.5789473684210527,0.9,0.8846153846153846,0.7333333333333333,0.8888888888888888
989700,0.631578947368421,0.8,0.8846153846153846,0.7,0.8888888888888888
990000,0.631578947368421,0.8,0.9038461538461539,0.7,0.8888888888888888
990300,0.6052631578947368,0.8,0.9038461538461539,0.7,0.8611111111111112
990600,0.5789473684210527,0.8,0.9038461538461539,0.7,0.8611111111111112
990900,0.5789473684210527,0.85,0.9038461538461539,0.7,0.8611111111111112
991200,0.5789473684210527,0.85,0.9038461538461539,0.7,0.8611111111111112
991500,0.5789473684210527,0.85,0.9230769230769231,0.7666666666666667,0.8611111111111112
991800,0.5789473684210527,0.85,0.9230769230769231,0.7666666666666667,0.8611111111111112
992100,0.5394736842105263,0.9,0.9423076923076923,0.7333333333333333,0.8611111111111112
992400,0.5789473684210527,0.9,0.9423076923076923,0.7333333333333333,0.8611111111111112
992700,0.5789473684210527,0.9,0.9423076923076923,0.7333333333333333,0.8611111111111112
993000,0.5526315789473685,0.9,0.9423076923076923,0.7,0.8611111111111112
993300,0.6052631578947368,0.9,0.9423076923076923,0.7,0.8611111111111112
993600,0.0,0.0,0.9038461538461539,0.6666666666666666,0.8611111111111112
993900,0.6578947368421053,0.95,0.8653846153846154,0.6666666666666666,0.8611111111111112
994200,0.6842105263157895,0.95,0.8653846153846154,0.6,0.8333333333333334
994500,0.6447368421052632,0.95,0.7692307692307693,0.6,0.8333333333333334
994800,0.6447368421052632,0.95,0.7692307692307693,0.5666666666666667,0.8333333333333334
995100,0.5921052631578947,0.95,0.75,0.5333333333333333,0.8333333333333334
995400,0.5921052631578947,0.95,0.7307692307692307,0.5333333333333333,0.8055555555555556
995700,0.5921052631578947,0.85,0.7307692307692307,0.5666666666666667,0.8055555555555556
996000,0.5394736842105263,0.8,0.75,0.6,0.8055555555555556
996300,0.5526315789473685,0.8,0.7692307692307693,0.6,0.8333333333333334
996600,0.5,0.75,0.7884615384615384,0.6,0.8333333333333334
996900,0.5526315789473685,0.7,0.7692307692307693,0.5666666666666667,0.8611111111111112
997200,0.47368421052631576,0.7,0.7884615384615384,0.6,0.8333333333333334
997500,0.5131578947368421,0.6,0.75,0.6666666666666666,0.8333333333333334
997800,0.47368421052631576,0.6,0.7307692307692307,0.5666666666666667,0.8333333333333334
998100,0.5,0.6,0.7307692307692307,0.5666666666666667,0.8333333333333334
998400,0.4868421052631579,0.6,0.7115384615384616,0.5333333333333333,0.8333333333333334
998700,0.5394736842105263,0.55,0.6923076923076923,0.5,0.8055555555555556
999000,0.5526315789473685,0.65,0.6730769230769231,0.5666666666666667,0.8055555555555556
999300,0.5263157894736842,0.65,0.6538461538461539,0.5666666666666667,0.8333333333333334
999600,0.5394736842105263,0.65,0.6538461538461539,0.6333333333333333,0.8611111111111112
999900,0.5657894736842105,0.75,0.6538461538461539,0.6666666666666666,0.8611111111111112
1000200,0.5921052631578947,0.7,0.6923076923076923,0.7,0.8611111111111112
1000500,0.6052631578947368,0.7,0.6923076923076923,0.7333333333333333,0.8611111111111112
1000800,0.6447368421052632,0.7,0.7115384615384616,0.7333333333333333,0.8611111111111112
1001100,0.6447368421052632,0.7,0.7115384615384616,0.7333333333333333,0.8611111111111112
1001400,0.618421052631579,0.75,0.7307692307692307,0.7333333333333333,0.8611111111111112
1001700,0.6052631578947368,0.75,0.75,0.7333333333333333,0.8333333333333334
1002000,0.6710526315789473,0.75,0.7307692307692307,0.7333333333333333,0.8333333333333334
1002300,0.631578947368421,0.75,0.6923076923076923,0.7333333333333333,0.8611111111111112
1002600,0.6578947368421053,0.7,0.7115384615384616,0.7333333333333333,0.8333333333333334
1002900,0.7105263157894737,0.75,0.7307692307692307,0.7333333333333333,0.8055555555555556
1003200,0.6973684210526315,0.75,0.7307692307692307,0.7333333333333333,0.8055555555555556
1003500,0.6710526315789473,0.7,0.7307692307692307,0.7333333333333333,0.8055555555555556
1003800,0.6842105263157895,0.55,0.75,0.6333333333333333,0.7777777777777778
1004100,0.6052631578947368,0.55,0.75,0.6333333333333333,0.8055555555555556
1004400,0.6578947368421053,0.55,0.7115384615384616,0.6333333333333333,0.8055555555555556
1004700,0.6578947368421053,0.45,0.6923076923076923,0.6333333333333333,0.8333333333333334
1005000,0.7236842105263158,0.6,0.7115384615384616,0.6333333333333333,0.8888888888888888
1005300,0.7236842105263158,0.6,0.7115384615384616,0.6333333333333333,0.8888888888888888
1005600,0.6842105263157895,0.6,0.7307692307692307,0.6333333333333333,0.8888888888888888
1005900,0.6842105263157895,0.6,0.7307692307692307,0.6333333333333333,0.8888888888888888
1006200,0.6973684210526315,0.6,0.7307692307692307,0.7,0.8888888888888888
1006500,0.6973684210526315,0.6,0.7307692307692307,0.7,0.8888888888888888
1006800,0.75,0.6,0.7307692307692307,0.7,0.8888888888888888
1007100,0.6842105263157895,0.6,0.7307692307692307,0.6666666666666666,0.8888888888888888
1007400,0.6842105263157895,0.6,0.7307692307692307,0.7666666666666667,0.8888888888888888
1007700,0.6842105263157895,0.6,0.7307692307692307,0.7666666666666667,0.8888888888888888
1008000,0.6842105263157895,0.8,0.6923076923076923,0.7666666666666667,0.8888888888888888
1008300,0.75,0.8,0.6923076923076923,0.7666666666666667,0.8888888888888888
1008600,0.7236842105263158,0.7,0.6923076923076923,0.7666666666666667,0.8333333333333334
1008900,0.7105263157894737,0.7,0.7884615384615384,0.7666666666666667,0.8333333333333334
1009200,0.7236842105263158,0.75,0.7884615384615384,0.7333333333333333,0.8333333333333334
1009500,0.6842105263157895,0.7,0.8076923076923077,0.7666666666666667,0.8611111111111112
1009800,0.7236842105263158,0.7,0.8269230769230769,0.7666666666666667,0.8611111111111112
1010100,0.7631578947368421,0.7,0.8076923076923077,0.8,0.8333333333333334
1010400,0.7631578947368421,0.7,0.7884615384615384,0.8,0.8333333333333334
1010700,0.7763157894736842,0.7,0.7884615384615384,0.8,0.8333333333333334
1011000,0.7631578947368421,0.7,0.7884615384615384,0.8333333333333334,0.8333333333333334
1011300,0.6710526315789473,0.7,0.8076923076923077,0.8333333333333334,0.8055555555555556
1011600,0.6973684210526315,0.7,0.8461538461538461,0.8666666666666667,0.8333333333333334
1011900,0.7236842105263158,0.75,0.8461538461538461,0.8666666666666667,0.8333333333333334
1012200,0.7105263157894737,0.75,0.8076923076923077,0.8666666666666667,0.2222222222222222
1012500,0.7236842105263158,0.8,0.8076923076923077,0.8666666666666667,0.3888888888888889
1012800,0.7763157894736842,0.8,0.8461538461538461,0.8666666666666667,0.8333333333333334
1013100,0.7368421052631579,0.85,0.8461538461538461,0.8666666666666667,0.8333333333333334
1013400,0.7368421052631579,0.85,0.8653846153846154,0.8666666666666667,0.8055555555555556
1013700,0.7368421052631579,0.9,0.8653846153846154,0.9,0.8333333333333334
1014000,0.6842105263157895,0.9,0.8461538461538461,0.9,0.8333333333333334
1014300,0.7368421052631579,0.9,0.8461538461538461,0.9333333333333333,0.8333333333333334
1014600,0.6842105263157895,0.9,0.8461538461538461,0.9,0.8055555555555556
1014900,0.6973684210526315,0.9,0.8846153846153846,0.9,0.8055555555555556
1015200,0.0,0.0,0.8846153846153846,0.9333333333333333,0.8055555555555556
1015500,0.6710526315789473,0.9,0.8846153846153846,0.9333333333333333,0.8333333333333334
1015800,0.7631578947368421,0.95,0.8846153846153846,0.9333333333333333,0.8333333333333334
1016100,0.7236842105263158,0.95,0.8846153846153846,0.9333333333333333,0.8333333333333334
1016400,0.6973684210526315,0.95,0.8846153846153846,0.9333333333333333,0.8611111111111112
1016700,0.75,0.9,0.9038461538461539,0.9333333333333333,0.8611111111111112
1017000,0.6578947368421053,0.9,0.9423076923076923,0.9333333333333333,0.8333333333333334
1017300,0.6710526315789473,0.85,0.9423076923076923,0.9333333333333333,0.8333333333333334
1017600,0.6710526315789473,0.85,0.9423076923076923,0.9333333333333333,0.8333333333333334
1017900,0.5921052631578947,0.85,0.9423076923076923,0.9333333333333333,0.8333333333333334
1018200,0.6842105263157895,0.85,0.9423076923076923,0.9333333333333333,0.8611111111111112
1018500,0.6842105263157895,0.8,0.9423076923076923,0.9333333333333333,0.8611111111111112
1018800,0.6842105263157895,0.75,0.9423076923076923,0.9333333333333333,0.8611111111111112
1019100,0.6842105263157895,0.75,0.9038461538461539,0.9333333333333333,0.8055555555555556
1019400,0.6447368421052632,0.75,0.9038461538461539,0.9,0.8055555555555556
1019700,0.631578947368421,0.75,0.9038461538461539,0.9,0.8055555555555556
1020000,0.6447368421052632,0.8,0.9038461538461539,0.9,0.8055555555555556
1020300,0.6447368421052632,0.8,0.9038461538461539,0.9,0.8055555555555556
1020600,0.6710526315789473,0.75,0.8846153846153846,0.8666666666666667,0.75
1020900,0.5789473684210527,0.75,0.9230769230769231,0.8333333333333334,0.7777777777777778
1021200,0.6052631578947368,0.75,0.9230769230769231,0.8666666666666667,0.7777777777777778
1021500,0.631578947368421,0.75,0.9038461538461539,0.8666666666666667,0.7777777777777778
1021800,0.6710526315789473,0.8,0.8846153846153846,0.8666666666666667,0.7777777777777778
1022100,0.6578947368421053,0.8,0.8846153846153846,0.8666666666666667,0.75
1022400,0.5789473684210527,0.8,0.8653846153846154,0.8333333333333334,0.7222222222222222
1022700,0.5921052631578947,0.85,0.8653846153846154,0.8666666666666667,0.7222222222222222
1023000,0.6447368421052632,0.9,0.8461538461538461,0.8666666666666667,0.7222222222222222
1023300,0.5789473684210527,0.9,0.8461538461538461,0.8666666666666667,0.75
1023600,0.6447368421052632,0.9,0.8461538461538461,0.8666666666666667,0.7777777777777778
1023900,0.631578947368421,0.9,0.8461538461538461,0.8666666666666667,0.75
1024200,0.618421052631579,0.9,0.8269230769230769,0.8333333333333334,0.75
1024500,0.5526315789473685,0.95,0.8076923076923077,0.8666666666666667,0.75
1024800,0.5,0.95,0.8076923076923077,0.8333333333333334,0.75
1025100,0.5131578947368421,0.95,0.7307692307692307,0.8,0.7222222222222222
1025400,0.5263157894736842,0.9,0.7307692307692307,0.8,0.7222222222222222
1025700,0.5131578947368421,0.8,0.6923076923076923,0.7666666666666667,0.6944444444444444
1026000,0.5131578947368421,0.8,0.6730769230769231,0.7333333333333333,0.6666666666666666
1026300,0.4473684210526316,0.8,0.6923076923076923,0.7666666666666667,0.6388888888888888
1026600,0.47368421052631576,0.85,0.7307692307692307,0.7333333333333333,0.6388888888888888
1026900,0.4473684210526316,0.85,0.7307692307692307,0.7333333333333333,0.6388888888888888
1027200,0.40789473684210525,0.8,0.7307692307692307,0.7333333333333333,0.6111111111111112
1027500,0.40789473684210525,0.8,0.7307692307692307,0.7666666666666667,0.6388888888888888
1027800,0.40789473684210525,0.8,0.7884615384615384,0.7666666666666667,0.6666666666666666
1028100,0.3684210526315789,0.8,0.7884615384615384,0.8,0.6388888888888888
1028400,0.3815789473684211,0.8,0.7884615384615384,0.8333333333333334,0.6666666666666666
1028700,0.3815789473684211,0.9,0.8076923076923077,0.8666666666666667,0.6666666666666666
1029000,0.3815789473684211,0.9,0.8269230769230769,0.8666666666666667,0.6944444444444444
1029300,0.3815789473684211,0.9,0.8461538461538461,0.8333333333333334,0.7222222222222222
1029600,0.3684210526315789,0.9,0.8653846153846154,0.8,0.6944444444444444
1029900,0.3815789473684211,0.95,0.9038461538461539,0.8,0.6944444444444444
1030200,0.35526315789473684,0.95,0.9038461538461539,0.8333333333333334,0.75
1030500,0.3815789473684211,0.85,0.9038461538461539,0.8333333333333334,0.75
1030800,0.3815789473684211,0.85,0.9038461538461539,0.8333333333333334,0.75
1031100,0.3815789473684211,0.85,0.9038461538461539,0.8333333333333334,0.75
1031400,0.3815789473684211,0.85,0.9038461538461539,0.8333333333333334,0.75
1031700,0.3815789473684211,0.85,0.9038461538461539,0.8333333333333334,0.75
1032000,0.3815789473684211,0.85,0.9038461538461539,0.8333333333333334,0.75
1032300,0.3815789473684211,0.85,0.9038461538461539,0.8333333333333334,0.75
1032600,0.3815789473684211,0.85,0.9038461538461539,0.8333333333333334,0.75
1032900,0.3815789473684211,0.85,0.9038461538461539,0.8333333333333334,0.75
1033200,0.3815789473684211,0.85,0.9038461538461539,0.8333333333333334,0.75
1033500,0.3815789473684211,0.85,0.9038461538461539,0.8333333333333334,0.75
1033800,0.3815789473684211,0.85,0.9038461538461539,0.8333333333333334,0.75
1034100,0.3815789473684211,0.85,0.9038461538461539,0.8333333333333334,0.75
1034400,0.3815789473684211,0.85,0.9038461538461539,0.8333333333333334,0.75
1034700,0.3815789473684211,0.85,0.9038461538461539,0.8333333333333334,0.75
1035000,0.3815789473684211,0.85,0.9038461538461539,0.8333333333333334,0.75
1035300,0.3815789473684211,0.85,0.9038461538461539,0.8333333333333334,0.75
1035600,0.3815789473684211,0.85,0.9038461538461539,0.8333333333333334,0.75
1035900,0.3815789473684211,0.85,0.9038461538461539,0.8333333333333334,0.75
1036200,0.3815789473684211,0.85,0.9038461538461539,0.8333333333333334,0.75
1036500,0.3815789473684211,0.85,0.9038461538461539,0.8333333333333334,0.75
1036800,0.3815789473684211,0.85,0.9038461538461539,0.8333333333333334,0.75
1037100,0.3815789473684211,0.85,0.9038461538461539,0.8333333333333334,0.75
1037400,0.3815789473684211,0.85,0.9038461538461539,0.8333333333333334,0.75
1037700,0.3815789473684211,0.85,0.9038461538461539,0.8333333333333334,0.75
1038000,0.3815789473684211,0.85,0.9038461538461539,0.8333333333333334,0.75
1038300,0.3815789473684211,0.85,0.9038461538461539,0.8333333333333334,0.75
1038600,0.3815789473684211,0.85,0.9038461538461539,0.8333333333333334,0.75
1038900,0.3815789473684211,0.85,0.9038461538461539,0.8333333333333334,0.75
1039200,0.3815789473684211,0.85,0.9038461538461539,0.8333333333333334,0.75
1039500,0.3815789473684211,0.85,0.9038461538461539,0.8333333333333334,0.75
1039800,0.3815789473684211,0.85,0.9038461538461539,0.8333333333333334,0.75
1040100,0.3815789473684211,0.85,0.9038461538461539,0.8333333333333334,0.75
1040400,0.3815789473684211,0.85,0.9038461538461539,0.8333333333333334,0.75
1040700,0.3815789473684211,0.85,0.9038461538461539,0.8333333333333334,0.75
1041000,0.3815789473684211,0.85,0.9038461538461539,0.8333333333333334,0.75
1041300,0.3815789473684211,0.85,0.9038461538461539,0.8333333333333334,0.75
1041600,0.3815789473684211,0.85,0.9038461538461539,0.8333333333333334,0.75
1041900,0.3815789473684211,0.85,0.9038461538461539,0.8333333333333334,0.75
1042200,0.3815789473684211,0.85,0.9038461538461539,0.8333333333333334,0.75
1042500,0.3815789473684211,0.85,0.9038461538461539,0.8333333333333334,0.75
1042800,0.3815789473684211,0.85,0.9038461538461539,0.8333333333333334,0.75
1043100,0.3815789473684211,0.85,0.9038461538461539,0.8333333333333334,0.75
1043400,0.3815789473684211,0.85,0.9038461538461539,0.8333333333333334,0.75
1043700,0.3815789473684211,0.85,0.9038461538461539,0.8333333333333334,0.75
1044000,0.3815789473684211,0.85,0.9038461538461539,0.8333333333333334,0.75
1044300,0.3815789473684211,0.85,0.9038461538461539,0.8333333333333334,0.75
1044600,0.3815789473684211,0.85,0.9038461538461539,0.8333333333333334,0.75
1044900,0.3815789473684211,0.85,0.9038461538461539,0.8333333333333334,0.75
1045200,0.3815789473684211,0.85,0.9038461538461539,0.8333333333333334,0.75
1045500,0.3815789473684211,0.85,0.9038461538461539,0.8333333333333334,0.75
1045800,0.3815789473684211,0.85,0.9038461538461539,0.8333333333333334,0.75
1046100,0.3815789473684211,0.85,0.9038461538461539,0.8333333333333334,0.75
1046400,0.3815789473684211,0.85,0.9038461538461539,0.8333333333333334,0.75
1046700,0.3815789473684211,0.85,0.9038461538461539,0.8333333333333334,0.75
1047000,0.3815789473684211,0.85,0.9038461538461539,0.8333333333333334,0.75
1047300,0.3815789473684211,0.85,0.9038461538461539,0.8333333333333334,0.75
1047600,0.3815789473684211,0.85,0.9038461538461539,0.8333333333333334,0.75
1047900,0.3815789473684211,0.85,0.9038461538461539,0.8333333333333334,0.75
1048200,0.3815789473684211,0.85,0.9038461538461539,0.8333333333333334,0.75
1048500,0.3815789473684211,0.85,0.9038461538461539,0.8333333333333334,0.75
1048800,0.3815789473684211,0.85,0.9038461538461539,0.8333333333333334,0.75
1049100,0.3815789473684211,0.85,0.9038461538461539,0.8333333333333334,0.75
1049400,0.3815789473684211,0.85,0.9038461538461539,0.8333333333333334,0.75
1049700,0.3815789473684211,0.85,0.9038461538461539,0.8333333333333334,0.75
1050000,0.3815789473684211,0.85,0.9038461538461539,0.8333333333333334,0.75
1050300,0.3815789473684211,0.85,0.9038461538461539,0.8333333333333334,0.75
1050600,0.3815789473684211,0.85,0.9038461538461539,0.8333333333333334,0.75
1050900,0.3815789473684211,0.85,0.9038461538461539,0.8333333333333334,0.75
1051200,0.3815789473684211,0.85,0.9038461538461539,0.8333333333333334,0.75
1051500,0.3815789473684211,0.85,0.9038461538461539,0.8333333333333334,0.75
1051800,0.3815789473684211,0.85,0.9038461538461539,0.8333333333333334,0.75
1052100,0.3815789473684211,0.85,0.9038461538461539,0.8333333333333334,0.75
1052400,0.3815789473684211,0.85,0.9038461538461539,0.8333333333333334,0.75
1052700,0.3815789473684211,0.85,0.9038461538461539,0.8333333333333334,0.75
1053000,0.3815789473684211,0.85,0.9038461538461539,0.8333333333333334,0.75
1053300,0.3815789473684211,0.85,0.9038461538461539,0.8333333333333334,0.75
1053600,0.3815789473684211,0.85,0.9038461538461539,0.8333333333333334,0.75
1053900,0.3815789473684211,0.85,0.9038461538461539,0.8333333333333334,0.75
1054200,0.3815789473684211,0.85,0.9038461538461539,0.8333333333333334,0.75
1054500,0.3815789473684211,0.85,0.9038461538461539,0.8333333333333334,0.75
1054800,0.3815789473684211,0.85,0.9038461538461539,0.8333333333333334,0.75
1055100,0.3815789473684211,0.85,0.9038461538461539,0.8333333333333334,0.75
1055400,0.3815789473684211,0.85,0.9038461538461539,0.8333333333333334,0.75
1055700,0.3815789473684211,0.85,0.9038461538461539,0.8333333333333334,0.75
1056000,0.3815789473684211,0.85,0.9038461538461539,0.8333333333333334,0.75
1056300,0.3815789473684211,0.85,0.9038461538461539,0.8333333333333334,0.75
1056600,0.3815789473684211,0.85,0.9038461538461539,0.8333333333333334,0.75
1056900,0.3815789473684211,0.85,0.9038461538461539,0.8333333333333334,0.75
1057200,0.3815789473684211,0.85,0.9038461538461539,0.8333333333333334,0.75
1057500,0.3815789473684211,0.85,0.9038461538461539,0.8333333333333334,0.75
1057800,0.3815789473684211,0.85,0.9038461538461539,0.8333333333333334,0.75
1058100,0.3815789473684211,0.85,0.9038461538461539,0.8333333333333334,0.75
1058400,0.3815789473684211,0.85,0.9038461538461539,0.8333333333333334,0.75
1058700,0.3815789473684211,0.85,0.9038461538461539,0.8333333333333334,0.75
1059000,0.3815789473684211,0.85,0.9038461538461539,0.8333333333333334,0.75
1059300,0.3815789473684211,0.85,0.9038461538461539,0.8333333333333334,0.75
1059600,0.3815789473684211,0.85,0.9038461538461539,0.8333333333333334,0.75
1059900,0.3815789473684211,0.85,0.9038461538461539,0.8333333333333334,0.75
1060200,0.3815789473684211,0.85,0.9038461538461539,0.8333333333333334,0.75
1060500,0.3815789473684211,0.85,0.9038461538461539,0.8333333333333334,0.75
1060800,0.3815789473684211,0.85,0.9038461538461539,0.8333333333333334,0.75
1061100,0.3815789473684211,0.85,0.9038461538461539,0.8333333333333334,0.75
1061400,0.3815789473684211,0.85,0.9038461538461539,0.8333333333333334,0.75
1061700,0.3815789473684211,0.85,0.9038461538461539,0.8333333333333334,0.75
1062000,0.3815789473684211,0.85,0.9038461538461539,0.8333333333333334,0.75
1062300,0.3815789473684211,0.85,0.9038461538461539,0.8333333333333334,0.75
1062600,0.3815789473684211,0.85,0.9038461538461539,0.8333333333333334,0.75
1062900,0.3815789473684211,0.85,0.9038461538461539,0.8333333333333334,0.75
1063200,0.3815789473684211,0.85,0.9038461538461539,0.8333333333333334,0.75
1063500,0.3815789473684211,0.85,0.9038461538461539,0.8333333333333334,0.75
1063800,0.3815789473684211,0.85,0.9038461538461539,0.8333333333333334,0.75
1064100,0.3815789473684211,0.85,0.9038461538461539,0.8333333333333334,0.75
1064400,0.3815789473684211,0.85,0.9038461538461539,0.8333333333333334,0.75
1064700,0.3815789473684211,0.85,0.9038461538461539,0.8333333333333334,0.75
1065000,0.3815789473684211,0.85,0.9038461538461539,0.8333333333333334,0.75
1065300,0.3815789473684211,0.85,0.9038461538461539,0.8333333333333334,0.75
1065600,0.3815789473684211,0.85,0.9038461538461539,0.8333333333333334,0.75
1065900,0.3815789473684211,0.85,0.9038461538461539,0.8333333333333334,0.75
1066200,0.3815789473684211,0.85,0.9038461538461539,0.8333333333333334,0.75
1066500,0.3815789473684211,0.85,0.9038461538461539,0.8333333333333334,0.75
1066800,0.3815789473684211,0.85,0.9038461538461539,0.8333333333333334,0.75
1067100,0.3815789473684211,0.85,0.9038461538461539,0.8333333333333334,0.75
1067400,0.3815789473684211,0.85,0.9038461538461539,0.8333333333333334,0.75
1067700,0.3815789473684211,0.85,0.9038461538461539,0.8333333333333334,0.75
1068000,0.3815789473684211,0.85,0.9038461538461539,0.8333333333333334,0.75
1068300,0.3815789473684211,0.85,0.9038461538461539,0.8333333333333334,0.75
1068600,0.3815789473684211,0.85,0.9038461538461539,0.8333333333333334,0.75
1068900,0.3815789473684211,0.85,0.9038461538461539,0.8333333333333334,0.75
1069200,0.3815789473684211,0.85,0.9038461538461539,0.8333333333333334,0.75
1069500,0.3815789473684211,0.85,0.9038461538461539,0.8333333333333334,0.75
1069800,0.3815789473684211,0.85,0.9038461538461539,0.8333333333333334,0.75
1070100,0.3815789473684211,0.85,0.9038461538461539,0.8333333333333334,0.75
1070400,0.3815789473684211,0.85,0.9038461538461539,0.8333333333333334,0.75
1070700,0.3815789473684211,0.85,0.9038461538461539,0.8333333333333334,0.75
1071000,0.3815789473684211,0.85,0.9038461538461539,0.8333333333333334,0.75
1071300,0.3815789473684211,0.85,0.9038461538461539,0.8333333333333334,0.75
1071600,0.3815789473684211,0.85,0.9038461538461539,0.8333333333333334,0.75
1071900,0.3815789473684211,0.85,0.9038461538461539,0.8333333333333334,0.75
1072200,0.3815789473684211,0.85,0.9038461538461539,0.8333333333333334,0.75
1072500,0.3815789473684211,0.85,0.9038461538461539,0.8333333333333334,0.75
1072800,0.3815789473684211,0.85,0.9038461538461539,0.8333333333333334,0.75
1073100,0.3815789473684211,0.85,0.9038461538461539,0.8333333333333334,0.75
1073400,0.3815789473684211,0.85,0.9038461538461539,0.8333333333333334,0.75
1073700,0.3815789473684211,0.85,0.9038461538461539,0.8333333333333334,0.75
1074000,0.3815789473684211,0.85,0.9038461538461539,0.8333333333333334,0.75
1074300,0.3815789473684211,0.85,0.9038461538461539,0.8333333333333334,0.75
1074600,0.3815789473684211,0.85,0.9038461538461539,0.8333333333333334,0.75
1074900,0.3815789473684211,0.85,0.9038461538461539,0.8333333333333334,0.75
1075200,0.3815789473684211,0.85,0.9038461538461539,0.8333333333333334,0.75
1075500,0.3815789473684211,0.85,0.9038461538461539,0.8333333333333334,0.75
1075800,0.3815789473684211,0.85,0.9038461538461539,0.8333333333333334,0.75
1076100,0.3815789473684211,0.85,0.9038461538461539,0.8333333333333334,0.75
1076400,0.3815789473684211,0.85,0.9038461538461539,0.8333333333333334,0.75
1076700,0.3815789473684211,0.85,0.9038461538461539,0.8333333333333334,0.75
1077000,0.3815789473684211,0.85,0.9038461538461539,0.8333333333333334,0.75
1077300,0.3815789473684211,0.85,0.9038461538461539,0.8333333333333334,0.75
1077600,0.3815789473684211,0.85,0.9038461538461539,0.8333333333333334,0.75
1077900,0.3815789473684211,0.85,0.9038461538461539,0.8333333333333334,0.75
1078200,0.3815789473684211,0.85,0.9038461538461539,0.8333333333333334,0.75
1078500,0.3815789473684211,0.85,0.9038461538461539,0.8333333333333334,0.75
1078800,0.3815789473684211,0.85,0.9038461538461539,0.8333333333333334,0.75
1079100,0.3815789473684211,0.85,0.9038461538461539,0.8333333333333334,0.75
1079400,0.3815789473684211,0.85,0.9038461538461539,0.8333333333333334,0.75
1079700,0.3815789473684211,0.85,0.9038461538461539,0.8333333333333334,0.75
1080000,0.3815789473684211,0.85,0.9038461538461539,0.8333333333333334,0.75
1080300,0.3815789473684211,0.85,0.9038461538461539,0.8333333333333334,0.75
1080600,0.3815789473684211,0.85,0.9038461538461539,0.8333333333333334,0.75
1080900,0.3815789473684211,0.85,0.9038461538461539,0.8333333333333334,0.75
1081200,0.3815789473684211,0.85,0.9038461538461539,0.8333333333333334,0.75
1081500,0.3815789473684211,0.85,0.9038461538461539,0.8333333333333334,0.75
1081800,0.3815789473684211,0.85,0.9038461538461539,0.8333333333333334,0.75
1082100,0.3815789473684211,0.85,0.9038461538461539,0.8333333333333334,0.75
1082400,0.3815789473684211,0.85,0.9038461538461539,0.8333333333333334,0.75
1082700,0.3815789473684211,0.85,0.9038461538461539,0.8333333333333334,0.75
1083000,0.3815789473684211,0.85,0.9038461538461539,0.8333333333333334,0.75
1083300,0.3815789473684211,0.85,0.9038461538461539,0.8333333333333334,0.75
1083600,0.3815789473684211,0.85,0.9038461538461539,0.8333333333333334,0.75
1083900,0.3815789473684211,0.85,0.9038461538461539,0.8333333333333334,0.75
1084200,0.3815789473684211,0.85,0.9038461538461539,0.8333333333333334,0.75
1084500,0.3815789473684211,0.85,0.9038461538461539,0.8333333333333334,0.75
1084800,0.3815789473684211,0.85,0.9038461538461539,0.8333333333333334,0.75
1085100,0.3815789473684211,0.85,0.9038461538461539,0.8333333333333334,0.75
1085400,0.3815789473684211,0.85,0.9038461538461539,0.8333333333333334,0.75
1085700,0.3815789473684211,0.85,0.9038461538461539,0.8333333333333334,0.75
1086000,0.3815789473684211,0.85,0.9038461538461539,0.8333333333333334,0.75
1086300,0.3815789473684211,0.85,0.9038461538461539,0.8333333333333334,0.75
1086600,0.3815789473684211,0.85,0.9038461538461539,0.8333333333333334,0.75
1086900,0.3815789473684211,0.85,0.9038461538461539,0.8333333333333334,0.75
1087200,0.3815789473684211,0.85,0.9038461538461539,0.8333333333333334,0.75
1087500,0.3815789473684211,0.85,0.9038461538461539,0.8333333333333334,0.75
1087800,0.3815789473684211,0.85,0.9038461538461539,0.8333333333333334,0.75
1088100,0.3815789473684211,0.85,0.9038461538461539,0.8333333333333334,0.75
1088400,0.3815789473684211,0.85,0.9038461538461539,0.8333333333333334,0.75
1088700,0.3815789473684211,0.85,0.9038461538461539,0.8333333333333334,0.75
1089000,0.3815789473684211,0.85,0.9038461538461539,0.8333333333333334,0.75
1089300,0.3815789473684211,0.85,0.9038461538461539,0.8333333333333334,0.75
1089600,0.3815789473684211,0.85,0.9038461538461539,0.8333333333333334,0.75
1089900,0.3815789473684211,0.85,0.9038461538461539,0.8333333333333334,0.75
1090200,0.3815789473684211,0.85,0.9038461538461539,0.8333333333333334,0.75
1090500,0.3815789473684211,0.85,0.9038461538461539,0.8333333333333334,0.75
1090800,0.3815789473684211,0.85,0.9038461538461539,0.8333333333333334,0.75
1091100,0.3815789473684211,0.85,0.9038461538461539,0.8333333333333334,0.75
1091400,0.3815789473684211,0.85,0.9038461538461539,0.8333333333333334,0.75
1091700,0.3815789473684211,0.85,0.9038461538461539,0.8333333333333334,0.75
1092000,0.3815789473684211,0.85,0.9038461538461539,0.8333333333333334,0.75
1092300,0.3815789473684211,0.85,0.9038461538461539,0.8333333333333334,0.75
1092600,0.3815789473684211,0.85,0.9038461538461539,0.8333333333333334,0.75
1092900,0.3815789473684211,0.85,0.9038461538461539,0.8333333333333334,0.75
1093200,0.3815789473684211,0.85,0.9038461538461539,0.8333333333333334,0.75
1093500,0.3815789473684211,0.85,0.9038461538461539,0.8333333333333334,0.75
1093800,0.3815789473684211,0.85,0.9038461538461539,0.8333333333333334,0.75
1094100,0.3815789473684211,0.85,0.9038461538461539,0.8333333333333334,0.75
1094400,0.3815789473684211,0.85,0.9038461538461539,0.8333333333333334,0.75
1094700,0.3815789473684211,0.85,0.9038461538461539,0.8333333333333334,0.75
1095000,0.3815789473684211,0.85,0.9038461538461539,0.8333333333333334,0.75
1095300,0.3815789473684211,0.85,0.9038461538461539,0.8333333333333334,0.75
1095600,0.3815789473684211,0.85,0.9038461538461539,0.8333333333333334,0.75
1095900,0.3815789473684211,0.85,0.9038461538461539,0.8333333333333334,0.75
1096200,0.3815789473684211,0.85,0.9038461538461539,0.8333333333333334,0.75
1096500,0.3815789473684211,0.85,0.9038461538461539,0.8333333333333334,0.75
1096800,0.3815789473684211,0.85,0.9038461538461539,0.8333333333333334,0.75
1097100,0.3815789473684211,0.85,0.9038461538461539,0.8333333333333334,0.75
1097400,0.3815789473684211,0.85,0.9038461538461539,0.8333333333333334,0.75
1097700,0.3815789473684211,0.85,0.9038461538461539,0.8333333333333334,0.75
1098000,0.3815789473684211,0.85,0.9038461538461539,0.8333333333333334,0.75
1098300,0.3815789473684211,0.85,0.9038461538461539,0.8333333333333334,0.75
1098600,0.3815789473684211,0.85,0.9038461538461539,0.8333333333333334,0.75
1098900,0.3815789473684211,0.85,0.9038461538461539,0.8333333333333334,0.75
1099200,0.3815789473684211,0.85,0.9038461538461539,0.8333333333333334,0.75
1099500,0.3815789473684211,0.85,0.9038461538461539,0.8333333333333334,0.75
1099800,0.3815789473684211,0.85,0.9038461538461539,0.8333333333333334,0.75
1100100,0.3815789473684211,0.85,0.9038461538461539,0.8333333333333334,0.75
1100400,0.3815789473684211,0.85,0.9038461538461539,0.8333333333333334,0.75
1100700,0.3815789473684211,0.85,0.9038461538461539,0.8333333333333334,0.75
1101000,0.3815789473684211,0.85,0.9038461538461539,0.8333333333333334,0.75
1101300,0.3815789473684211,0.85,0.9038461538461539,0.8333333333333334,0.75
1101600,0.3815789473684211,0.85,0.9038461538461539,0.8333333333333334,0.75
1101900,0.3815789473684211,0.85,0.9038461538461539,0.8333333333333334,0.75
1102200,0.3815789473684211,0.85,0.9038461538461539,0.8333333333333334,0.75
1102500,0.3815789473684211,0.85,0.9038461538461539,0.8333333333333334,0.75
1102800,0.3815789473684211,0.85,0.9038461538461539,0.8333333333333334,0.75
1103100,0.3815789473684211,0.85,0.9038461538461539,0.8333333333333334,0.75
1103400,0.3815789473684211,0.85,0.9038461538461539,0.8333333333333334,0.75
1103700,0.3815789473684211,0.85,0.9038461538461539,0.8333333333333334,0.75
1104000,0.3815789473684211,0.85,0.9038461538461539,0.8333333333333334,0.75
1104300,0.3815789473684211,0.85,0.9038461538461539,0.8333333333333334,0.75
1104600,0.3815789473684211,0.85,0.9038461538461539,0.8333333333333334,0.75
1104900,0.3815789473684211,0.85,0.9038461538461539,0.8333333333333334,0.75
1105200,0.3815789473684211,0.85,0.9038461538461539,0.8333333333333334,0.75
1105500,0.3815789473684211,0.85,0.9038461538461539,0.8333333333333334,0.75
1105800,0.3815789473684211,0.85,0.9038461538461539,0.8333333333333334,0.75
1106100,0.3815789473684211,0.85,0.9038461538461539,0.8333333333333334,0.75
1106400,0.3815789473684211,0.85,0.9038461538461539,0.8333333333333334,0.75
1106700,0.3815789473684211,0.85,0.9038461538461539,0.8333333333333334,0.75
1107000,0.3815789473684211,0.85,0.9038461538461539,0.8333333333333334,0.75
1107300,0.3815789473684211,0.85,0.9038461538461539,0.8333333333333334,0.75
1107600,0.3815789473684211,0.85,0.9038461538461539,0.8333333333333334,0.75
1107900,0.3815789473684211,0.85,0.9038461538461539,0.8333333333333334,0.75
1108200,0.3815789473684211,0.85,0.9038461538461539,0.8333333333333334,0.75
1108500,0.3815789473684211,0.85,0.9038461538461539,0.8333333333333334,0.75
1108800,0.3815789473684211,0.85,0.9038461538461539,0.8333333333333334,0.75
1109100,0.3815789473684211,0.85,0.9038461538461539,0.8333333333333334,0.75
1109400,0.3815789473684211,0.85,0.9038461538461539,0.8333333333333334,0.75
1109700,0.3815789473684211,0.85,0.9038461538461539,0.8333333333333334,0.75
1110000,0.3815789473684211,0.85,0.9038461538461539,0.8333333333333334,0.75
1110300,0.3815789473684211,0.85,0.9038461538461539,0.8333333333333334,0.75
1110600,0.3815789473684211,0.85,0.9038461538461539,0.8333333333333334,0.75
1110900,0.3815789473684211,0.85,0.9038461538461539,0.8333333333333334,0.75
1111200,0.3815789473684211,0.85,0.9038461538461539,0.8333333333333334,0.75
1111500,0.3815789473684211,0.85,0.9038461538461539,0.8333333333333334,0.75
1111800,0.3815789473684211,0.85,0.9038461538461539,0.8333333333333334,0.75
1112100,0.3815789473684211,0.85,0.9038461538461539,0.8333333333333334,0.75
1112400,0.3815789473684211,0.85,0.9038461538461539,0.8333333333333334,0.75
1112700,0.3815789473684211,0.85,0.9038461538461539,0.8333333333333334,0.75
1113000,0.3815789473684211,0.85,0.9038461538461539,0.8333333333333334,0.75
1113300,0.3815789473684211,0.85,0.9038461538461539,0.8333333333333334,0.75
1113600,0.3815789473684211,0.85,0.9038461538461539,0.8333333333333334,0.75
1113900,0.3815789473684211,0.85,0.9038461538461539,0.8333333333333334,0.75
1114200,0.3815789473684211,0.85,0.9038461538461539,0.8333333333333334,0.75
1114500,0.3815789473684211,0.85,0.9038461538461539,0.8333333333333334,0.75
1114800,0.3815789473684211,0.85,0.9038461538461539,0.8333333333333334,0.75
1115100,0.3815789473684211,0.85,0.9038461538461539,0.8333333333333334,0.75
1115400,0.3815789473684211,0.85,0.9038461538461539,0.8333333333333334,0.75
1115700,0.3815789473684211,0.85,0.9038461538461539,0.8333333333333334,0.75
1116000,0.3815789473684211,0.85,0.9038461538461539,0.8333333333333334,0.75
1116300,0.3815789473684211,0.85,0.9038461538461539,0.8333333333333334,0.75
1116600,0.3815789473684211,0.85,0.9038461538461539,0.8333333333333334,0.75
1116900,0.3815789473684211,0.85,0.9038461538461539,0.8333333333333334,0.75
1117200,0.3815789473684211,0.85,0.9038461538461539,0.8333333333333334,0.75
1117500,0.35526315789473684,0.85,0.8461538461538461,0.8,0.5833333333333334
1117800,0.3815789473684211,0.9,0.8653846153846154,0.7666666666666667,0.5833333333333334
1118100,0.39473684210526316,0.9,0.9230769230769231,0.8,0.6111111111111112
1118400,0.40789473684210525,0.9,0.9038461538461539,0.8,0.6111111111111112
1118700,0.39473684210526316,0.9,0.9038461538461539,0.8,0.6111111111111112
1119000,0.39473684210526316,0.95,0.8846153846153846,0.8,0.6111111111111112
1119300,0.3815789473684211,0.9,0.9038461538461539,0.8,0.5277777777777778
1119600,0.35526315789473684,0.9,0.9038461538461539,0.8,0.4722222222222222
1119900,0.3684210526315789,0.9,0.9038461538461539,0.8,0.4722222222222222
1120200,0.3684210526315789,0.9,0.8846153846153846,0.8,0.4722222222222222
1120500,0.3684210526315789,0.9,0.8846153846153846,0.8,0.4722222222222222
1120800,0.3684210526315789,0.9,0.8846153846153846,0.8,0.5
1121100,0.3684210526315789,0.9,0.8846153846153846,0.8,0.5
1121400,0.3684210526315789,0.9,0.8846153846153846,0.8,0.5
1121700,0.3684210526315789,0.85,0.8846153846153846,0.8,0.5
1122000,0.3684210526315789,0.85,0.8846153846153846,0.8,0.5
1122300,0.2236842105263158,0.95,0.8653846153846154,0.7333333333333333,0.5833333333333334
1122600,0.21052631578947367,0.95,0.8653846153846154,0.7333333333333333,0.5555555555555556
1122900,0.19736842105263158,0.0,0.8269230769230769,0.7666666666666667,0.5277777777777778
1123200,0.0,0.95,0.8269230769230769,0.7333333333333333,0.5277777777777778
1123500,0.14473684210526316,0.95,0.7884615384615384,0.7333333333333333,0.3888888888888889
1123800,0.10526315789473684,0.95,0.7884615384615384,0.7,0.3611111111111111
1124100,0.07894736842105263,0.95,0.75,0.6333333333333333,0.3611111111111111
1124400,0.10526315789473684,0.95,0.75,0.6333333333333333,0.3888888888888889
1124700,0.10526315789473684,1.0,0.7692307692307693,0.6333333333333333,0.3333333333333333
1125000,0.11842105263157894,1.0,0.7692307692307693,0.6333333333333333,0.2777777777777778
1125300,0.10526315789473684,1.0,0.7692307692307693,0.6333333333333333,0.2222222222222222
1125600,0.09210526315789473,1.0,0.7692307692307693,0.6,0.25
1125900,0.09210526315789473,1.0,0.7884615384615384,0.6,0.2777777777777778
1126200,0.09210526315789473,1.0,0.7884615384615384,0.6,0.25
1126500,0.11842105263157894,1.0,0.8076923076923077,0.6,0.25
1126800,0.15789473684210525,1.0,0.8653846153846154,0.6,0.2222222222222222
1127100,0.17105263157894737,1.0,0.8653846153846154,0.5666666666666667,0.2222222222222222
1127400,0.18421052631578946,1.0,0.8653846153846154,0.6,0.2222222222222222
1127700,0.19736842105263158,1.0,0.8653846153846154,0.6,0.16666666666666666
1128000,0.17105263157894737,1.0,0.8653846153846154,0.6,0.2222222222222222
1128300,0.17105263157894737,1.0,0.8461538461538461,0.6,0.25
1128600,0.13157894736842105,0.95,0.8461538461538461,0.6,0.25
1128900,0.15789473684210525,0.95,0.8461538461538461,0.6,0.3055555555555556
1129200,0.18421052631578946,0.95,0.8461538461538461,0.6,0.3611111111111111
1129500,0.21052631578947367,0.95,0.8269230769230769,0.6,0.3333333333333333
1129800,0.21052631578947367,0.95,0.8269230769230769,0.6333333333333333,0.3611111111111111
1130100,0.2236842105263158,0.95,0.8076923076923077,0.6333333333333333,0.3888888888888889
1130400,0.2236842105263158,0.95,0.7884615384615384,0.6333333333333333,0.3611111111111111
1130700,0.17105263157894737,0.95,0.7884615384615384,0.6,0.4444444444444444
1131000,0.17105263157894737,0.95,0.8076923076923077,0.6,0.4722222222222222
1131300,0.17105263157894737,0.95,0.8076923076923077,0.6666666666666666,0.5277777777777778
1131600,0.18421052631578946,1.0,0.8076923076923077,0.7,0.5277777777777778
1131900,0.17105263157894737,1.0,0.8076923076923077,0.6666666666666666,0.5277777777777778
1132200,0.15789473684210525,1.0,0.8076923076923077,0.6666666666666666,0.4166666666666667
1132500,0.15789473684210525,1.0,0.8076923076923077,0.7,0.3888888888888889
1132800,0.15789473684210525,1.0,0.8076923076923077,0.6666666666666666,0.3611111111111111
1133100,0.11842105263157894,1.0,0.7692307692307693,0.6,0.3333333333333333
1133400,0.10526315789473684,1.0,0.7692307692307693,0.5666666666666667,0.3611111111111111
1133700,0.10526315789473684,1.0,0.7884615384615384,0.5333333333333333,0.3611111111111111
1134000,0.10526315789473684,1.0,0.7884615384615384,0.5666666666666667,0.4166666666666667
1134300,0.11842105263157894,1.0,0.7692307692307693,0.5333333333333333,0.4166666666666667
1134600,0.11842105263157894,1.0,0.7884615384615384,0.5333333333333333,0.5277777777777778
1134900,0.10526315789473684,1.0,0.7884615384615384,0.5333333333333333,0.5277777777777778
1135200,0.11842105263157894,1.0,0.8076923076923077,0.5333333333333333,0.5277777777777778
1135500,0.13157894736842105,1.0,0.7884615384615384,0.5333333333333333,0.5277777777777778
1135800,0.13157894736842105,1.0,0.7884615384615384,0.5333333333333333,0.5555555555555556
1136100,0.13157894736842105,1.0,0.7884615384615384,0.5333333333333333,0.5555555555555556
1136400,0.13157894736842105,1.0,0.7692307692307693,0.5666666666666667,0.5833333333333334
1136700,0.13157894736842105,1.0,0.8076923076923077,0.5666666666666667,0.6111111111111112
1137000,0.13157894736842105,1.0,0.7884615384615384,0.5666666666666667,0.6111111111111112
1137300,0.11842105263157894,1.0,0.7884615384615384,0.6333333333333333,0.5833333333333334
1137600,0.11842105263157894,1.0,0.7884615384615384,0.6333333333333333,0.5833333333333334
1137900,0.11842105263157894,1.0,0.7884615384615384,0.6,0.5833333333333334
1138200,0.11842105263157894,1.0,0.7884615384615384,0.6,0.5833333333333334
1138500,0.11842105263157894,1.0,0.8076923076923077,0.6,0.6111111111111112
1138800,0.11842105263157894,1.0,0.7884615384615384,0.6,0.6111111111111112
1139100,0.11842105263157894,1.0,0.75,0.6,0.5833333333333334
1139400,0.11842105263157894,1.0,0.75,0.6,0.5833333333333334
1139700,0.11842105263157894,1.0,0.7884615384615384,0.6,0.6111111111111112
1140000,0.11842105263157894,1.0,0.7884615384615384,0.6,0.6388888888888888
1140300,0.10526315789473684,1.0,0.7884615384615384,0.6,0.6388888888888888
1140600,0.10526315789473684,1.0,0.7884615384615384,0.6333333333333333,0.6388888888888888
1140900,0.11842105263157894,1.0,0.7884615384615384,0.6333333333333333,0.6388888888888888
1141200,0.11842105263157894,1.0,0.7884615384615384,0.6333333333333333,0.6111111111111112
1141500,0.10526315789473684,1.0,0.7692307692307693,0.6333333333333333,0.6111111111111112
1141800,0.10526315789473684,1.0,0.7692307692307693,0.6333333333333333,0.6111111111111112
1142100,0.10526315789473684,1.0,0.7884615384615384,0.5333333333333333,0.5833333333333334
1142400,0.11842105263157894,1.0,0.7692307692307693,0.5,0.5555555555555556
1142700,0.11842105263157894,1.0,0.7692307692307693,0.4666666666666667,0.5555555555555556
1143000,0.11842105263157894,1.0,0.75,0.4666666666666667,0.6111111111111112
1143300,0.11842105263157894,1.0,0.7115384615384616,0.4666666666666667,0.6111111111111112
1143600,0.11842105263157894,1.0,0.7115384615384616,0.4666666666666667,0.6388888888888888
1143900,0.10526315789473684,1.0,0.6730769230769231,0.4666666666666667,0.6666666666666666
1144200,0.11842105263157894,1.0,0.6730769230769231,0.43333333333333335,0.5833333333333334
1144500,0.11842105263157894,1.0,0.6730769230769231,0.43333333333333335,0.5833333333333334
1144800,0.11842105263157894,1.0,0.6923076923076923,0.43333333333333335,0.5833333333333334
1145100,0.13157894736842105,1.0,0.7115384615384616,0.4666666666666667,0.5555555555555556
1145400,0.10526315789473684,1.0,0.7115384615384616,0.4666666666666667,0.5555555555555556
1145700,0.09210526315789473,1.0,0.7115384615384616,0.4666666666666667,0.5555555555555556
1146000,0.10526315789473684,1.0,0.7115384615384616,0.4666666666666667,0.4722222222222222
1146300,0.10526315789473684,1.0,0.6730769230769231,0.4,0.5
1146600,0.11842105263157894,1.0,0.6346153846153846,0.43333333333333335,0.4444444444444444
1146900,0.14473684210526316,1.0,0.6346153846153846,0.4,0.3055555555555556
1147200,0.14473684210526316,1.0,0.6346153846153846,0.4,0.2222222222222222
1147500,0.14473684210526316,1.0,0.6346153846153846,0.36666666666666664,0.25
1147800,0.13157894736842105,1.0,0.6538461538461539,0.36666666666666664,0.25
1148100,0.13157894736842105,1.0,0.6730769230769231,0.36666666666666664,0.25
1148400,0.15789473684210525,0.95,0.6346153846153846,0.36666666666666664,0.2777777777777778
1148700,0.17105263157894737,0.95,0.6346153846153846,0.36666666666666664,0.2777777777777778
1149000,0.19736842105263158,0.95,0.6538461538461539,0.36666666666666664,0.2777777777777778
1149300,0.21052631578947367,0.95,0.6730769230769231,0.43333333333333335,0.19444444444444445
1149600,0.19736842105263158,0.95,0.6923076923076923,0.4666666666666667,0.2222222222222222
1149900,0.19736842105263158,0.9,0.6923076923076923,0.43333333333333335,0.2777777777777778
1150200,0.21052631578947367,0.9,0.6538461538461539,0.43333333333333335,0.3611111111111111
1150500,0.2236842105263158,0.9,0.6346153846153846,0.4666666666666667,0.3888888888888889
1150800,0.21052631578947367,0.9,0.6346153846153846,0.43333333333333335,0.3888888888888889
1151100,0.23684210526315788,0.95,0.6538461538461539,0.4666666666666667,0.4444444444444444
1151400,0.2236842105263158,0.9,0.6346153846153846,0.5,0.4444444444444444
1151700,0.23684210526315788,0.9,0.6346153846153846,0.5,0.4722222222222222
1152000,0.21052631578947367,0.9,0.6346153846153846,0.5333333333333333,0.5277777777777778
1152300,0.2236842105263158,0.9,0.6346153846153846,0.5333333333333333,0.5555555555555556
1152600,0.23684210526315788,0.9,0.6538461538461539,0.6,0.6388888888888888
1152900,0.2631578947368421,0.9,0.6538461538461539,0.6,0.6666666666666666
1153200,0.2894736842105263,0.9,0.6538461538461539,0.6,0.6944444444444444
1153500,0.3157894736842105,0.9,0.6538461538461539,0.6,0.6944444444444444
1153800,0.3157894736842105,0.9,0.6346153846153846,0.6,0.6944444444444444
1154100,0.3157894736842105,0.95,0.6346153846153846,0.6,0.7222222222222222
1154400,0.3026315789473684,0.9,0.6346153846153846,0.6,0.7777777777777778
1154700,0.3157894736842105,0.95,0.6538461538461539,0.6,0.7777777777777778
1155000,0.3157894736842105,0.95,0.6346153846153846,0.6333333333333333,0.7777777777777778
1155300,0.34210526315789475,0.95,0.6538461538461539,0.6333333333333333,0.8611111111111112
1155600,0.3815789473684211,0.9,0.6923076923076923,0.6333333333333333,0.8611111111111112
1155900,0.40789473684210525,0.9,0.6730769230769231,0.6666666666666666,0.8611111111111112
1156200,0.3815789473684211,0.95,0.6346153846153846,0.6666666666666666,0.8611111111111112
1156500,0.3815789473684211,0.95,0.6538461538461539,0.6666666666666666,0.8611111111111112
1156800,0.3815789473684211,0.9,0.6538461538461539,0.6333333333333333,0.8611111111111112
1157100,0.40789473684210525,0.9,0.6538461538461539,0.6333333333333333,0.8888888888888888
1157400,0.3815789473684211,0.9,0.6346153846153846,0.6,0.8888888888888888
1157700,0.4342105263157895,0.9,0.6153846153846154,0.6,0.8888888888888888
1158000,0.39473684210526316,0.9,0.6153846153846154,0.6333333333333333,0.8888888888888888
1158300,0.4473684210526316,0.95,0.6346153846153846,0.6333333333333333,0.8888888888888888
1158600,0.42105263157894735,0.9,0.6153846153846154,0.6333333333333333,0.8888888888888888
1158900,0.42105263157894735,0.9,0.6923076923076923,0.6333333333333333,0.8888888888888888
1159200,0.40789473684210525,0.85,0.7307692307692307,0.6666666666666666,0.8611111111111112
1159500,0.4473684210526316,0.85,0.7307692307692307,0.6666666666666666,0.8611111111111112
1159800,0.47368421052631576,0.85,0.7884615384615384,0.6666666666666666,0.8611111111111112
1160100,0.47368421052631576,0.85,0.7884615384615384,0.6666666666666666,0.8611111111111112
1160400,0.4868421052631579,0.8,0.7884615384615384,0.6666666666666666,0.8888888888888888
1160700,0.5394736842105263,0.8,0.8076923076923077,0.6666666666666666,0.8888888888888888
1161000,0.5263157894736842,0.8,0.8269230769230769,0.7,0.8611111111111112
1161300,0.5657894736842105,0.75,0.8076923076923077,0.7,0.8888888888888888
1161600,0.5657894736842105,0.75,0.8269230769230769,0.7,0.8888888888888888
1161900,0.5526315789473685,0.75,0.8461538461538461,0.6666666666666666,0.8888888888888888
1162200,0.5263157894736842,0.75,0.8846153846153846,0.7333333333333333,0.8888888888888888
1162500,0.5789473684210527,0.7,0.8653846153846154,0.7333333333333333,0.8888888888888888
1162800,0.5789473684210527,0.7,0.8846153846153846,0.7333333333333333,0.8888888888888888
1163100,0.5657894736842105,0.7,0.8846153846153846,0.7666666666666667,0.8611111111111112
1163400,0.5657894736842105,0.7,0.8846153846153846,0.7666666666666667,0.8611111111111112
1163700,0.5526315789473685,0.75,0.8653846153846154,0.7333333333333333,0.8611111111111112
1164000,0.5921052631578947,0.75,0.8653846153846154,0.7333333333333333,0.8611111111111112
1164300,0.6052631578947368,0.8,0.8653846153846154,0.7333333333333333,0.8611111111111112
1164600,0.5657894736842105,0.8,0.8846153846153846,0.7333333333333333,0.8333333333333334
1164900,0.5921052631578947,0.8,0.8653846153846154,0.7333333333333333,0.8333333333333334
1165200,0.5921052631578947,0.95,0.8846153846153846,0.7333333333333333,0.8333333333333334
1165500,0.5921052631578947,0.95,0.8846153846153846,0.7333333333333333,0.8055555555555556
1165800,0.5657894736842105,1.0,0.8653846153846154,0.7333333333333333,0.8333333333333334
1166100,0.5789473684210527,1.0,0.8461538461538461,0.7333333333333333,0.8333333333333334
1166400,0.5789473684210527,0.95,0.8076923076923077,0.7,0.8333333333333334
1166700,0.5789473684210527,0.95,0.8076923076923077,0.7,0.8333333333333334
1167000,0.5789473684210527,0.95,0.7692307692307693,0.7333333333333333,0.8333333333333334
1167300,0.5526315789473685,0.95,0.7884615384615384,0.7333333333333333,0.8333333333333334
1167600,0.5,0.8,0.8269230769230769,0.7333333333333333,0.8611111111111112
1167900,0.5526315789473685,0.8,0.8269230769230769,0.7333333333333333,0.8888888888888888
1168200,0.5131578947368421,0.75,0.8269230769230769,0.7333333333333333,0.8611111111111112
1168500,0.5263157894736842,0.75,0.75,0.7333333333333333,0.8611111111111112
1168800,0.5131578947368421,0.7,0.7307692307692307,0.7666666666666667,0.8055555555555556
1169100,0.47368421052631576,0.75,0.7115384615384616,0.7666666666666667,0.8055555555555556
1169400,0.4605263157894737,0.75,0.6923076923076923,0.7666666666666667,0.7777777777777778
1169700,0.4473684210526316,0.8,0.6153846153846154,0.7666666666666667,0.7777777777777778
1170000,0.4605263157894737,0.85,0.6153846153846154,0.7666666666666667,0.5833333333333334
1170300,0.47368421052631576,0.9,0.6346153846153846,0.7333333333333333,0.6111111111111112
1170600,0.5,0.85,0.6538461538461539,0.8,0.7222222222222222
1170900,0.5,0.85,0.6923076923076923,0.8,0.7222222222222222
1171200,0.5131578947368421,0.85,0.6923076923076923,0.8,0.6944444444444444
1171500,0.5263157894736842,0.8,0.6538461538461539,0.8,0.6944444444444444
1171800,0.5394736842105263,0.75,0.6730769230769231,0.8,0.6944444444444444
1172100,0.5789473684210527,0.75,0.6923076923076923,0.8,0.6944444444444444
1172400,0.5394736842105263,0.75,0.7307692307692307,0.7666666666666667,0.6666666666666666
1172700,0.5526315789473685,0.75,0.7307692307692307,0.7666666666666667,0.7222222222222222
1173000,0.5394736842105263,0.85,0.7692307692307693,0.7666666666666667,0.6944444444444444
1173300,0.618421052631579,0.8,0.75,0.7666666666666667,0.75
1173600,0.5789473684210527,0.8,0.7884615384615384,0.7666666666666667,0.75
1173900,0.6052631578947368,0.7,0.8269230769230769,0.8,0.7777777777777778
1174200,0.631578947368421,0.65,0.8269230769230769,0.8,0.8055555555555556
1174500,0.6052631578947368,0.7,0.9038461538461539,0.8,0.8055555555555556
1174800,0.618421052631579,0.7,0.8653846153846154,0.8333333333333334,0.8333333333333334
1175100,0.6447368421052632,0.7,0.8653846153846154,0.8333333333333334,0.8333333333333334
1175400,0.6578947368421053,0.75,0.8846153846153846,0.8333333333333334,0.8333333333333334
1175700,0.6842105263157895,0.8,0.8653846153846154,0.8333333333333334,0.8333333333333334
1176000,0.7105263157894737,0.8,0.8653846153846154,0.8333333333333334,0.8333333333333334
1176300,0.6842105263157895,0.9,0.9038461538461539,0.8333333333333334,0.8888888888888888
1176600,0.6842105263157895,0.9,0.9038461538461539,0.8333333333333334,0.8888888888888888
1176900,0.6973684210526315,0.85,0.9230769230769231,0.8,0.8888888888888888
1177200,0.6710526315789473,0.9,0.9038461538461539,0.8,0.8888888888888888
1177500,0.6842105263157895,0.85,0.8846153846153846,0.7666666666666667,0.9166666666666666
1177800,0.6842105263157895,0.85,0.8846153846153846,0.7666666666666667,0.9166666666666666
1178100,0.7236842105263158,0.8,0.8846153846153846,0.7666666666666667,0.8888888888888888
1178400,0.7236842105263158,0.75,0.8846153846153846,0.7666666666666667,0.8333333333333334
1178700,0.7368421052631579,0.7,0.8653846153846154,0.7666666666666667,0.8333333333333334
1179000,0.7236842105263158,0.75,0.8653846153846154,0.7666666666666667,0.8611111111111112
1179300,0.75,0.75,0.8653846153846154,0.7666666666666667,0.8333333333333334
1179600,0.7763157894736842,0.75,0.8846153846153846,0.9333333333333333,0.8333333333333334
1179900,0.7368421052631579,0.8,0.8653846153846154,0.9333333333333333,0.8611111111111112
1180200,0.7763157894736842,0.8,0.8461538461538461,0.9333333333333333,0.8333333333333334
1180500,0.7894736842105263,0.9,0.8076923076923077,0.9333333333333333,0.8333333333333334
1180800,0.7894736842105263,0.8,0.8269230769230769,0.9333333333333333,0.8333333333333334
1181100,0.7763157894736842,0.75,0.8461538461538461,0.9,0.8333333333333334
1181400,0.7763157894736842,0.75,0.8461538461538461,0.8666666666666667,0.8611111111111112
1181700,0.7763157894736842,0.75,0.8461538461538461,0.8666666666666667,0.8333333333333334
1182000,0.7631578947368421,0.65,0.8269230769230769,0.8666666666666667,0.7777777777777778
1182300,0.7763157894736842,0.65,0.7884615384615384,0.9,0.8055555555555556
1182600,0.8026315789473685,0.6,0.7692307692307693,0.9,0.8055555555555556
1182900,0.8026315789473685,0.65,0.7884615384615384,0.9,0.8055555555555556
1183200,0.8157894736842105,0.75,0.7692307692307693,0.9,0.7777777777777778
1183500,0.7894736842105263,0.75,0.7884615384615384,0.9,0.8055555555555556
1183800,0.7763157894736842,0.7,0.8269230769230769,0.9,0.8333333333333334
1184100,0.7894736842105263,0.75,0.8076923076923077,0.9,0.8333333333333334
1184400,0.7105263157894737,0.75,0.8269230769230769,0.9333333333333333,0.8333333333333334
1184700,0.7894736842105263,0.7,0.8653846153846154,0.9333333333333333,0.8055555555555556
1185000,0.7631578947368421,0.7,0.8846153846153846,0.9333333333333333,0.8055555555555556
1185300,0.75,0.75,0.9038461538461539,0.9333333333333333,0.8333333333333334
1185600,0.75,0.75,0.9423076923076923,0.9333333333333333,0.8333333333333334
1185900,0.7236842105263158,0.75,0.9423076923076923,0.9,0.8055555555555556
1186200,0.7368421052631579,0.75,0.9230769230769231,0.9,0.75
1186500,0.7236842105263158,0.75,0.9423076923076923,0.9,0.6944444444444444
1186800,0.7368421052631579,0.75,0.9615384615384616,0.9,0.6666666666666666
1187100,0.6973684210526315,0.9,0.9423076923076923,0.9,0.6666666666666666
1187400,0.6842105263157895,0.9,0.9423076923076923,0.9,0.6388888888888888
1187700,0.6710526315789473,0.9,0.9423076923076923,0.9,0.6666666666666666
1188000,0.7105263157894737,0.95,0.9615384615384616,0.9,0.7222222222222222
1188300,0.0,0.0,0.9423076923076923,0.9,0.7222222222222222
1188600,0.6710526315789473,0.95,0.9230769230769231,0.9,0.75
1188900,0.6842105263157895,0.95,0.9230769230769231,0.8666666666666667,0.7222222222222222
1189200,0.6710526315789473,0.95,0.9230769230769231,0.8666666666666667,0.7222222222222222
1189500,0.6710526315789473,0.95,0.9230769230769231,0.9,0.75
1189800,0.6710526315789473,1.0,0.9230769230769231,0.8333333333333334,0.75
1190100,0.618421052631579,0.95,0.9038461538461539,0.8333333333333334,0.75
1190400,0.6973684210526315,0.95,0.9230769230769231,0.8333333333333334,0.75
1190700,0.6578947368421053,0.95,0.9423076923076923,0.8666666666666667,0.7777777777777778
1191000,0.7105263157894737,0.85,0.9230769230769231,0.8666666666666667,0.8333333333333334
1191300,0.6973684210526315,0.85,0.9230769230769231,0.9,0.8611111111111112
1191600,0.7105263157894737,0.8,0.9038461538461539,0.9,0.8611111111111112
1191900,0.7236842105263158,0.8,0.8653846153846154,0.8666666666666667,0.8333333333333334
1192200,0.6842105263157895,0.75,0.8461538461538461,0.8666666666666667,0.8333333333333334
1192500,0.6710526315789473,0.65,0.8461538461538461,0.8666666666666667,0.8333333333333334
1192800,0.6710526315789473,0.65,0.8461538461538461,0.9,0.8333333333333334
1193100,0.6578947368421053,0.65,0.8653846153846154,0.8666666666666667,0.8333333333333334
1193400,0.6447368421052632,0.7,0.8461538461538461,0.8666666666666667,0.8611111111111112
1193700,0.618421052631579,0.7,0.8269230769230769,0.8333333333333334,0.8055555555555556
1194000,0.618421052631579,0.7,0.8269230769230769,0.8333333333333334,0.7777777777777778
1194300,0.5657894736842105,0.8,0.8076923076923077,0.8333333333333334,0.7777777777777778
1194600,0.5921052631578947,0.85,0.8076923076923077,0.8666666666666667,0.7777777777777778
1194900,0.5789473684210527,0.8,0.8076923076923077,0.8,0.7222222222222222
1195200,0.5921052631578947,0.85,0.8269230769230769,0.8,0.7222222222222222
1195500,0.6052631578947368,0.85,0.8269230769230769,0.7666666666666667,0.7222222222222222
1195800,0.5526315789473685,0.85,0.8653846153846154,0.7,0.75
1196100,0.5263157894736842,0.85,0.8461538461538461,0.7333333333333333,0.75
1196400,0.4868421052631579,0.9,0.8653846153846154,0.7666666666666667,0.7777777777777778
1196700,0.5,0.95,0.8653846153846154,0.7333333333333333,0.7777777777777778
1197000,0.5,0.95,0.8846153846153846,0.7333333333333333,0.7777777777777778
1197300,0.5131578947368421,1.0,0.9038461538461539,0.7333333333333333,0.7777777777777778
1197600,0.47368421052631576,1.0,0.9038461538461539,0.7333333333333333,0.7777777777777778
1197900,0.5263157894736842,1.0,0.9038461538461539,0.7333333333333333,0.7777777777777778
1198200,0.4473684210526316,1.0,0.8846153846153846,0.7333333333333333,0.75
1198500,0.4868421052631579,1.0,0.8653846153846154,0.7666666666666667,0.7222222222222222
1198800,0.4868421052631579,1.0,0.8461538461538461,0.7666666666666667,0.6666666666666666
1199100,0.5,1.0,0.8461538461538461,0.7666666666666667,0.6944444444444444
1199400,0.47368421052631576,0.95,0.8269230769230769,0.7666666666666667,0.6944444444444444
1199700,0.5,0.95,0.8269230769230769,0.7333333333333333,0.6944444444444444
1200000,0.47368421052631576,0.95,0.7692307692307693,0.7333333333333333,0.6944444444444444
1200300,0.4473684210526316,0.95,0.7692307692307693,0.7,0.6666666666666666
1200600,0.4342105263157895,0.9,0.7692307692307693,0.7,0.6388888888888888
1200900,0.4342105263157895,0.9,0.7692307692307693,0.7,0.6111111111111112
1201200,0.4342105263157895,0.9,0.7884615384615384,0.7,0.6111111111111112
1201500,0.4342105263157895,0.9,0.8461538461538461,0.7,0.6111111111111112
1201800,0.4473684210526316,0.9,0.8461538461538461,0.7333333333333333,0.6111111111111112
1202100,0.40789473684210525,0.9,0.8461538461538461,0.7333333333333333,0.6666666666666666
1202400,0.3684210526315789,0.9,0.8461538461538461,0.7666666666666667,0.6944444444444444
1202700,0.34210526315789475,0.9,0.8461538461538461,0.7666666666666667,0.6666666666666666
1203000,0.3157894736842105,0.8,0.8653846153846154,0.7333333333333333,0.6944444444444444
1203300,0.2894736842105263,0.8,0.8653846153846154,0.7333333333333333,0.6666666666666666
1203600,0.3157894736842105,0.75,0.8653846153846154,0.7333333333333333,0.6388888888888888
1203900,0.32894736842105265,0.75,0.8461538461538461,0.8,0.5555555555555556
1204200,0.3026315789473684,0.75,0.8653846153846154,0.8,0.5555555555555556
1204500,0.3157894736842105,0.75,0.8653846153846154,0.8,0.5833333333333334
1204800,0.3157894736842105,0.75,0.8846153846153846,0.8333333333333334,0.5833333333333334
1205100,0.25,0.85,0.8846153846153846,0.8333333333333334,0.5833333333333334
1205400,0.2631578947368421,0.85,0.8461538461538461,0.8,0.6111111111111112
1205700,0.27631578947368424,0.8,0.8461538461538461,0.8,0.6111111111111112
1206000,0.25,0.85,0.8269230769230769,0.8,0.6388888888888888
1206300,0.25,0.85,0.8076923076923077,0.8,0.6388888888888888
1206600,0.23684210526315788,0.85,0.8269230769230769,0.8,0.6111111111111112
1206900,0.25,0.85,0.8269230769230769,0.8,0.5833333333333334
1207200,0.25,0.9,0.8076923076923077,0.8,0.5833333333333334
1207500,0.23684210526315788,0.9,0.8461538461538461,0.8,0.5833333333333334
1207800,0.2236842105263158,0.85,0.8269230769230769,0.8,0.5555555555555556
1208100,0.2236842105263158,0.85,0.8269230769230769,0.8,0.5555555555555556
1208400,0.18421052631578946,0.85,0.8269230769230769,0.8333333333333334,0.5
1208700,0.13157894736842105,0.9,0.8653846153846154,0.8,0.5277777777777778
1209000,0.13157894736842105,0.95,0.8653846153846154,0.8333333333333334,0.5277777777777778
1209300,0.10526315789473684,0.95,0.8653846153846154,0.8,0.5277777777777778
1209600,0.10526315789473684,0.95,0.8846153846153846,0.8,0.5
1209900,0.0,0.95,0.8846153846153846,0.8,0.3611111111111111
1210200,0.10526315789473684,0.95,0.8269230769230769,0.8,0.3611111111111111
1210500,0.13157894736842105,0.95,0.8269230769230769,0.7666666666666667,0.3333333333333333
1210800,0.13157894736842105,0.95,0.8269230769230769,0.7333333333333333,0.2777777777777778
1211100,0.10526315789473684,1.0,0.8461538461538461,0.7333333333333333,0.25
1211400,0.15789473684210525,0.95,0.8076923076923077,0.7333333333333333,0.2777777777777778
1211700,0.17105263157894737,1.0,0.8269230769230769,0.7,0.2777777777777778
1212000,0.18421052631578946,1.0,0.8269230769230769,0.7,0.2777777777777778
1212300,0.13157894736842105,1.0,0.8269230769230769,0.7,0.25
1212600,0.10526315789473684,1.0,0.8076923076923077,0.7,0.2222222222222222
1212900,0.09210526315789473,1.0,0.8076923076923077,0.7,0.19444444444444445
1213200,0.14473684210526316,1.0,0.7692307692307693,0.6666666666666666,0.19444444444444445
1213500,0.11842105263157894,1.0,0.7692307692307693,0.5333333333333333,0.19444444444444445
1213800,0.14473684210526316,1.0,0.75,0.5666666666666667,0.19444444444444445
1214100,0.10526315789473684,1.0,0.75,0.5666666666666667,0.19444444444444445
1214400,0.10526315789473684,1.0,0.7692307692307693,0.5666666666666667,0.1388888888888889
1214700,0.17105263157894737,1.0,0.7692307692307693,0.6,0.1111111111111111
1215000,0.13157894736842105,1.0,0.7692307692307693,0.6,0.1111111111111111
1215300,0.17105263157894737,1.0,0.75,0.5666666666666667,0.19444444444444445
1215600,0.21052631578947367,1.0,0.7692307692307693,0.4666666666666667,0.19444444444444445
1215900,0.21052631578947367,1.0,0.7692307692307693,0.4666666666666667,0.19444444444444445
1216200,0.2236842105263158,1.0,0.7884615384615384,0.4666666666666667,0.16666666666666666
1216500,0.23684210526315788,0.95,0.8076923076923077,0.5,0.1388888888888889
1216800,0.25,0.95,0.8076923076923077,0.4666666666666667,0.1388888888888889
1217100,0.2236842105263158,0.95,0.8076923076923077,0.4666666666666667,0.2777777777777778
1217400,0.2236842105263158,0.95,0.8269230769230769,0.4666666666666667,0.25
1217700,0.23684210526315788,0.95,0.8269230769230769,0.43333333333333335,0.25
1218000,0.25,0.95,0.8269230769230769,0.36666666666666664,0.19444444444444445
1218300,0.2631578947368421,0.95,0.7884615384615384,0.36666666666666664,0.19444444444444445
1218600,0.2631578947368421,0.95,0.7884615384615384,0.4,0.19444444444444445
1218900,0.23684210526315788,0.95,0.7884615384615384,0.4,0.2222222222222222
1219200,0.25,0.95,0.8076923076923077,0.36666666666666664,0.2777777777777778
1219500,0.23684210526315788,0.95,0.8269230769230769,0.36666666666666664,0.3055555555555556
1219800,0.21052631578947367,0.95,0.8269230769230769,0.4,0.3333333333333333
1220100,0.21052631578947367,0.9,0.8269230769230769,0.4,0.3055555555555556
1220400,0.21052631578947367,0.9,0.7884615384615384,0.4,0.3611111111111111
1220700,0.19736842105263158,0.9,0.7884615384615384,0.36666666666666664,0.4166666666666667
1221000,0.19736842105263158,0.9,0.7884615384615384,0.36666666666666664,0.5
1221300,0.19736842105263158,0.9,0.7692307692307693,0.36666666666666664,0.5
1221600,0.18421052631578946,0.9,0.7884615384615384,0.4,0.5555555555555556
1221900,0.18421052631578946,0.9,0.8076923076923077,0.4,0.5555555555555556
1222200,0.18421052631578946,0.95,0.8076923076923077,0.43333333333333335,0.5277777777777778
1222500,0.17105263157894737,0.95,0.7884615384615384,0.43333333333333335,0.5
1222800,0.17105263157894737,0.95,0.7692307692307693,0.43333333333333335,0.4722222222222222
1223100,0.17105263157894737,1.0,0.75,0.36666666666666664,0.5
1223400,0.14473684210526316,1.0,0.75,0.36666666666666664,0.5
1223700,0.15789473684210525,1.0,0.75,0.4666666666666667,0.4444444444444444
1224000,0.15789473684210525,1.0,0.75,0.4666666666666667,0.4444444444444444
1224300,0.13157894736842105,1.0,0.6923076923076923,0.5,0.4166666666666667
1224600,0.13157894736842105,1.0,0.7115384615384616,0.5666666666666667,0.4166666666666667
1224900,0.11842105263157894,1.0,0.7115384615384616,0.5666666666666667,0.4166666666666667
1225200,0.14473684210526316,1.0,0.7115384615384616,0.5666666666666667,0.4166666666666667
1225500,0.11842105263157894,1.0,0.6923076923076923,0.5666666666666667,0.4444444444444444
1225800,0.14473684210526316,1.0,0.7115384615384616,0.5666666666666667,0.4166666666666667
1226100,0.11842105263157894,1.0,0.6923076923076923,0.5666666666666667,0.4166666666666667
1226400,0.14473684210526316,1.0,0.6923076923076923,0.5666666666666667,0.4444444444444444
1226700,0.11842105263157894,1.0,0.7115384615384616,0.5666666666666667,0.4444444444444444
1227000,0.15789473684210525,1.0,0.7115384615384616,0.5666666666666667,0.4166666666666667
1227300,0.14473684210526316,1.0,0.7115384615384616,0.5666666666666667,0.3888888888888889
1227600,0.11842105263157894,1.0,0.6923076923076923,0.5666666666666667,0.3055555555555556
1227900,0.15789473684210525,1.0,0.6923076923076923,0.5333333333333333,0.3888888888888889
1228200,0.13157894736842105,1.0,0.6538461538461539,0.5333333333333333,0.4166666666666667
1228500,0.13157894736842105,1.0,0.6538461538461539,0.5,0.4444444444444444
1228800,0.15789473684210525,1.0,0.6153846153846154,0.4666666666666667,0.4444444444444444
1229100,0.15789473684210525,1.0,0.6346153846153846,0.4666666666666667,0.4722222222222222
1229400,0.14473684210526316,1.0,0.5961538461538461,0.4666666666666667,0.4722222222222222
1229700,0.14473684210526316,1.0,0.5769230769230769,0.4666666666666667,0.5277777777777778
1230000,0.11842105263157894,1.0,0.5576923076923077,0.4666666666666667,0.5277777777777778
1230300,0.15789473684210525,1.0,0.5576923076923077,0.4666666666666667,0.4444444444444444
1230600,0.14473684210526316,1.0,0.5961538461538461,0.43333333333333335,0.4722222222222222
1230900,0.15789473684210525,1.0,0.5769230769230769,0.4666666666666667,0.4444444444444444
1231200,0.11842105263157894,1.0,0.5961538461538461,0.4,0.4722222222222222
1231500,0.14473684210526316,1.0,0.5961538461538461,0.4,0.4166666666666667
1231800,0.15789473684210525,1.0,0.5961538461538461,0.36666666666666664,0.3611111111111111
1232100,0.15789473684210525,1.0,0.6346153846153846,0.36666666666666664,0.3888888888888889
1232400,0.14473684210526316,1.0,0.6153846153846154,0.4,0.3611111111111111
1232700,0.17105263157894737,1.0,0.5961538461538461,0.4,0.3611111111111111
1233000,0.15789473684210525,1.0,0.5769230769230769,0.36666666666666664,0.3055555555555556
1233300,0.2236842105263158,1.0,0.5576923076923077,0.36666666666666664,0.19444444444444445
1233600,0.2236842105263158,1.0,0.5961538461538461,0.36666666666666664,0.19444444444444445
1233900,0.21052631578947367,1.0,0.6153846153846154,0.4,0.19444444444444445
1234200,0.23684210526315788,1.0,0.6153846153846154,0.43333333333333335,0.19444444444444445
1234500,0.2631578947368421,1.0,0.6538461538461539,0.43333333333333335,0.2777777777777778
1234800,0.23684210526315788,1.0,0.6153846153846154,0.4,0.25
1235100,0.2631578947368421,1.0,0.6153846153846154,0.36666666666666664,0.25
1235400,0.2894736842105263,1.0,0.6153846153846154,0.4,0.3611111111111111
1235700,0.27631578947368424,1.0,0.5961538461538461,0.4,0.3888888888888889
1236000,0.25,1.0,0.5961538461538461,0.4,0.4166666666666667
1236300,0.25,0.95,0.6153846153846154,0.4666666666666667,0.5
1236600,0.3157894736842105,0.95,0.6346153846153846,0.4666666666666667,0.5
1236900,0.32894736842105265,0.95,0.6538461538461539,0.4666666666666667,0.5
1237200,0.3815789473684211,0.9,0.6730769230769231,0.5,0.5277777777777778
1237500,0.40789473684210525,0.9,0.6538461538461539,0.5333333333333333,0.5833333333333334
1237800,0.3815789473684211,0.9,0.6538461538461539,0.5333333333333333,0.5833333333333334
1238100,0.40789473684210525,0.9,0.6538461538461539,0.5333333333333333,0.6111111111111112
1238400,0.40789473684210525,0.9,0.6730769230769231,0.5333333333333333,0.6388888888888888
1238700,0.0,0.0,0.6923076923076923,0.5333333333333333,0.6666666666666666
1239000,0.4342105263157895,0.85,0.7307692307692307,0.5666666666666667,0.7777777777777778
1239300,0.42105263157894735,0.85,0.7115384615384616,0.5333333333333333,0.8055555555555556
1239600,0.4342105263157895,0.85,0.6923076923076923,0.5666666666666667,0.8333333333333334
1239900,0.4473684210526316,0.95,0.6923076923076923,0.5666666666666667,0.8611111111111112
1240200,0.4342105263157895,0.95,0.7115384615384616,0.6,0.8611111111111112
1240500,0.4473684210526316,0.95,0.7115384615384616,0.6666666666666666,0.8333333333333334
1240800,0.4868421052631579,0.95,0.7115384615384616,0.6666666666666666,0.8333333333333334
1241100,0.4605263157894737,1.0,0.7115384615384616,0.6666666666666666,0.8611111111111112
1241400,0.4868421052631579,1.0,0.7307692307692307,0.6333333333333333,0.8333333333333334
1241700,0.5,0.9,0.75,0.6333333333333333,0.8611111111111112
1242000,0.5,0.9,0.75,0.6333333333333333,0.8611111111111112
1242300,0.5131578947368421,0.8,0.6923076923076923,0.6333333333333333,0.8611111111111112
1242600,0.5657894736842105,0.8,0.6923076923076923,0.6333333333333333,0.8611111111111112
1242900,0.5789473684210527,0.8,0.7115384615384616,0.6333333333333333,0.8888888888888888
1243200,0.5789473684210527,0.8,0.75,0.6666666666666666,0.8888888888888888
1243500,0.5789473684210527,0.8,0.75,0.7,0.8888888888888888
1243800,0.5657894736842105,0.8,0.7884615384615384,0.7,0.8333333333333334
1244100,0.5789473684210527,0.8,0.8076923076923077,0.6666666666666666,0.8333333333333334
1244400,0.5789473684210527,0.85,0.8076923076923077,0.6666666666666666,0.8333333333333334
1244700,0.5526315789473685,0.85,0.8076923076923077,0.6666666666666666,0.8611111111111112
1245000,0.5789473684210527,0.85,0.8461538461538461,0.6666666666666666,0.8611111111111112
1245300,0.5921052631578947,0.85,0.8269230769230769,0.6666666666666666,0.8611111111111112
1245600,0.5789473684210527,0.75,0.8461538461538461,0.7,0.8888888888888888
1245900,0.0,0.0,0.8461538461538461,0.7,0.8888888888888888
1246200,0.6052631578947368,0.75,0.8461538461538461,0.7,0.8888888888888888
1246500,0.6052631578947368,0.75,0.8461538461538461,0.7,0.8888888888888888
1246800,0.6052631578947368,0.8,0.8269230769230769,0.7,0.8888888888888888
1247100,0.5789473684210527,0.8,0.8076923076923077,0.7,0.8888888888888888
1247400,0.5789473684210527,0.8,0.8076923076923077,0.7333333333333333,0.9166666666666666
1247700,0.5789473684210527,0.8,0.7884615384615384,0.7333333333333333,0.9444444444444444
1248000,0.5657894736842105,0.75,0.7884615384615384,0.7333333333333333,0.9444444444444444
1248300,0.5921052631578947,0.75,0.7884615384615384,0.7333333333333333,0.9444444444444444
1248600,0.5921052631578947,0.75,0.7884615384615384,0.7333333333333333,0.9444444444444444
1248900,0.5921052631578947,0.75,0.8269230769230769,0.7333333333333333,0.9444444444444444
1249200,0.5921052631578947,0.75,0.8269230769230769,0.7333333333333333,0.9444444444444444
1249500,0.6052631578947368,0.85,0.8269230769230769,0.7333333333333333,0.9444444444444444
1249800,0.6052631578947368,0.8,0.8269230769230769,0.7333333333333333,0.9444444444444444
1250100,0.6052631578947368,0.8,0.8269230769230769,0.7333333333333333,0.9444444444444444
1250400,0.5921052631578947,0.8,0.8461538461538461,0.6333333333333333,0.9444444444444444
1250700,0.6052631578947368,0.8,0.8461538461538461,0.6333333333333333,0.9166666666666666
1251000,0.5921052631578947,0.85,0.8461538461538461,0.6,0.9166666666666666
1251300,0.5921052631578947,0.85,0.8461538461538461,0.6,0.9166666666666666
1251600,0.5657894736842105,0.85,0.8461538461538461,0.6,0.9166666666666666
1251900,0.5921052631578947,0.85,0.8461538461538461,0.6,0.9166666666666666
1252200,0.5921052631578947,0.85,0.8461538461538461,0.6,0.9166666666666666
1252500,0.5657894736842105,0.75,0.8461538461538461,0.5666666666666667,0.9444444444444444
1252800,0.5789473684210527,0.75,0.8461538461538461,0.6,0.9444444444444444
1253100,0.6052631578947368,0.8,0.8076923076923077,0.5666666666666667,0.9444444444444444
1253400,0.5657894736842105,0.8,0.8076923076923077,0.6,0.9444444444444444
1253700,0.5263157894736842,0.75,0.8076923076923077,0.5666666666666667,0.9444444444444444
1254000,0.4868421052631579,0.75,0.8269230769230769,0.5666666666666667,0.9166666666666666
1254300,0.5131578947368421,0.7,0.8076923076923077,0.5666666666666667,0.9166666666666666
1254600,0.5263157894736842,0.7,0.8076923076923077,0.5666666666666667,0.9444444444444444
1254900,0.5,0.7,0.7884615384615384,0.5666666666666667,0.9444444444444444
1255200,0.4473684210526316,0.75,0.7884615384615384,0.5333333333333333,0.9166666666666666
1255500,0.5,0.75,0.7692307692307693,0.5333333333333333,0.8888888888888888
1255800,0.5,0.75,0.7307692307692307,0.5,0.8611111111111112
1256100,0.5,0.7,0.7307692307692307,0.5666666666666667,0.8611111111111112
1256400,0.5263157894736842,0.75,0.7884615384615384,0.6,0.8333333333333334
1256700,0.5263157894736842,0.75,0.7692307692307693,0.6333333333333333,0.8055555555555556
1257000,0.5526315789473685,0.75,0.7884615384615384,0.6333333333333333,0.8611111111111112
1257300,0.5526315789473685,0.75,0.6923076923076923,0.6333333333333333,0.8333333333333334
1257600,0.5789473684210527,0.7,0.6730769230769231,0.6333333333333333,0.8333333333333334
1257900,0.5921052631578947,0.75,0.7115384615384616,0.6666666666666666,0.8333333333333334
1258200,0.5921052631578947,0.8,0.7115384615384616,0.6666666666666666,0.8611111111111112
1258500,0.5921052631578947,0.8,0.7115384615384616,0.6666666666666666,0.8888888888888888
1258800,0.5921052631578947,0.8,0.7307692307692307,0.6666666666666666,0.8888888888888888
1259100,0.6052631578947368,0.75,0.8269230769230769,0.6333333333333333,0.9166666666666666
1259400,0.5789473684210527,0.75,0.8846153846153846,0.6333333333333333,0.9166666666666666
1259700,0.5657894736842105,0.75,0.8846153846153846,0.6666666666666666,0.9166666666666666
1260000,0.6052631578947368,0.8,0.9038461538461539,0.6666666666666666,0.9444444444444444
1260300,0.618421052631579,0.75,0.8846153846153846,0.6666666666666666,0.9444444444444444
1260600,0.6842105263157895,0.75,0.8846153846153846,0.6666666666666666,0.9444444444444444
1260900,0.7368421052631579,0.75,0.9230769230769231,0.6666666666666666,0.9166666666666666
1261200,0.6973684210526315,0.8,0.9230769230769231,0.6666666666666666,0.9166666666666666
1261500,0.7105263157894737,0.75,0.9230769230769231,0.7,0.8888888888888888
1261800,0.7236842105263158,0.7,0.9230769230769231,0.7,0.8888888888888888
1262100,0.7105263157894737,0.75,0.9038461538461539,0.7,0.8888888888888888
1262400,0.6973684210526315,0.7,0.9423076923076923,0.7333333333333333,0.9166666666666666
1262700,0.7236842105263158,0.65,0.9230769230769231,0.7333333333333333,0.9166666666666666
1263000,0.7368421052631579,0.65,0.9230769230769231,0.7333333333333333,0.9166666666666666
1263300,0.7105263157894737,0.5,0.9230769230769231,0.7333333333333333,0.9166666666666666
1263600,0.75,0.55,0.9230769230769231,0.7333333333333333,0.9166666666666666
1263900,0.7105263157894737,0.55,0.9230769230769231,0.7333333333333333,0.9166666666666666
1264200,0.75,0.55,0.9038461538461539,0.7,0.9166666666666666
1264500,0.7105263157894737,0.55,0.9038461538461539,0.7,0.9166666666666666
1264800,0.7368421052631579,0.55,0.9038461538461539,0.7,0.8888888888888888
1265100,0.75,0.6,0.8653846153846154,0.7,0.8888888888888888
1265400,0.7236842105263158,0.6,0.8846153846153846,0.7,0.8611111111111112
1265700,0.7368421052631579,0.6,0.8846153846153846,0.7,0.8333333333333334
1266000,0.7368421052631579,0.75,0.8846153846153846,0.7,0.8611111111111112
1266300,0.7368421052631579,0.75,0.8846153846153846,0.7,0.8611111111111112
1266600,0.75,0.75,0.8461538461538461,0.6666666666666666,0.8611111111111112
1266900,0.6973684210526315,0.75,0.8269230769230769,0.6666666666666666,0.8611111111111112
1267200,0.7763157894736842,0.7,0.8269230769230769,0.7,0.8611111111111112
1267500,0.0,0.6,0.7884615384615384,0.7666666666666667,0.8611111111111112
1267800,0.7368421052631579,0.65,0.7692307692307693,0.7666666666666667,0.8611111111111112
1268100,0.8026315789473685,0.65,0.7884615384615384,0.8,0.8333333333333334
1268400,0.8026315789473685,0.6,0.7884615384615384,0.8333333333333334,0.8611111111111112
1268700,0.7763157894736842,0.6,0.8269230769230769,0.8333333333333334,0.8888888888888888
1269000,0.8157894736842105,0.75,0.8269230769230769,0.8333333333333334,0.9166666666666666
1269300,0.8552631578947368,0.8,0.8269230769230769,0.8333333333333334,0.8888888888888888
1269600,0.8157894736842105,0.8,0.8461538461538461,0.8333333333333334,0.8888888888888888
1269900,0.8289473684210527,0.8,0.8846153846153846,0.8333333333333334,0.8888888888888888
1270200,0.8289473684210527,0.85,0.9038461538461539,0.8333333333333334,0.8888888888888888
1270500,0.7894736842105263,0.85,0.8846153846153846,0.8333333333333334,0.8888888888888888
1270800,0.8157894736842105,0.85,0.8076923076923077,0.8666666666666667,0.9166666666666666
1271100,0.7631578947368421,0.95,0.8269230769230769,0.8333333333333334,0.9444444444444444
1271400,0.8157894736842105,0.95,0.8269230769230769,0.8333333333333334,0.9166666666666666
1271700,0.7894736842105263,0.95,0.8269230769230769,0.8,0.9166666666666666
1272000,0.8157894736842105,0.9,0.8076923076923077,0.8333333333333334,0.9166666666666666
1272300,0.7894736842105263,0.9,0.8461538461538461,0.8333333333333334,0.9166666666666666
1272600,0.8289473684210527,0.9,0.8269230769230769,0.8333333333333334,0.8611111111111112
1272900,0.7894736842105263,0.9,0.8076923076923077,0.8333333333333334,0.8611111111111112
1273200,0.7894736842105263,0.8,0.8076923076923077,0.8,0.8333333333333334
1273500,0.7631578947368421,0.75,0.8461538461538461,0.8,0.8333333333333334
1273800,0.7763157894736842,0.7,0.9230769230769231,0.8333333333333334,0.8333333333333334
1274100,0.6842105263157895,0.75,0.9615384615384616,0.8666666666666667,0.8333333333333334
1274400,0.6973684210526315,0.75,0.9615384615384616,0.9,0.8055555555555556
1274700,0.6578947368421053,0.75,0.9615384615384616,0.9,0.8055555555555556
1275000,0.7105263157894737,0.75,0.9423076923076923,0.9333333333333333,0.8055555555555556
1275300,0.6842105263157895,0.7,0.9230769230769231,0.9333333333333333,0.8055555555555556
1275600,0.7105263157894737,0.75,0.9230769230769231,0.9333333333333333,0.8333333333333334
1275900,0.6842105263157895,0.75,0.9615384615384616,0.9333333333333333,0.8333333333333334
1276200,0.7105263157894737,0.75,0.9423076923076923,0.9333333333333333,0.8055555555555556
1276500,0.75,0.7,0.9615384615384616,0.9333333333333333,0.8055555555555556
1276800,0.7236842105263158,0.7,0.9615384615384616,0.9333333333333333,0.8055555555555556
1277100,0.7368421052631579,0.8,0.9615384615384616,0.9333333333333333,0.75
1277400,0.75,0.8,0.9615384615384616,0.9333333333333333,0.7777777777777778
1277700,0.7631578947368421,0.9,0.9615384615384616,0.9333333333333333,0.7777777777777778
1278000,0.7631578947368421,0.9,0.9615384615384616,0.9333333333333333,0.7777777777777778
1278300,0.7368421052631579,0.9,0.9230769230769231,0.9333333333333333,0.8055555555555556
1278600,0.7236842105263158,0.9,0.8461538461538461,0.9333333333333333,0.8055555555555556
1278900,0.7631578947368421,0.9,0.8269230769230769,0.9333333333333333,0.8333333333333334
1279200,0.6710526315789473,0.9,0.8461538461538461,0.9333333333333333,0.8055555555555556
1279500,0.7105263157894737,0.9,0.8461538461538461,0.9333333333333333,0.8611111111111112
1279800,0.7368421052631579,0.85,0.8653846153846154,0.9333333333333333,0.8611111111111112
1280100,0.6710526315789473,0.8,0.8653846153846154,0.9333333333333333,0.8611111111111112
1280400,0.7368421052631579,0.8,0.8653846153846154,0.9333333333333333,0.8611111111111112
1280700,0.75,0.8,0.8653846153846154,0.9333333333333333,0.8611111111111112
1281000,0.7236842105263158,0.8,0.8461538461538461,0.9,0.8611111111111112
1281300,0.6973684210526315,0.7,0.7884615384615384,0.9,0.8055555555555556
1281600,0.75,0.75,0.75,0.9,0.8055555555555556
1281900,0.618421052631579,0.75,0.75,0.9,0.8055555555555556
1282200,0.6842105263157895,0.8,0.7692307692307693,0.9,0.8055555555555556
1282500,0.7105263157894737,0.75,0.7692307692307693,0.8666666666666667,0.8055555555555556
1282800,0.75,0.8,0.7692307692307693,0.8666666666666667,0.8611111111111112
1283100,0.7105263157894737,0.8,0.7115384615384616,0.8333333333333334,0.8333333333333334
1283400,0.6578947368421053,0.75,0.75,0.8333333333333334,0.8333333333333334
1283700,0.6710526315789473,0.75,0.7307692307692307,0.8666666666666667,0.8611111111111112
1284000,0.6973684210526315,0.8,0.75,0.8666666666666667,0.8333333333333334
1284300,0.7236842105263158,0.8,0.75,0.8333333333333334,0.8055555555555556
1284600,0.6973684210526315,0.8,0.75,0.8333333333333334,0.8333333333333334
1284900,0.6973684210526315,0.8,0.75,0.8333333333333334,0.8333333333333334
1285200,0.6842105263157895,0.75,0.7692307692307693,0.8333333333333334,0.8055555555555556
1285500,0.6842105263157895,0.75,0.8076923076923077,0.8333333333333334,0.8055555555555556
1285800,0.7236842105263158,0.75,0.7884615384615384,0.8333333333333334,0.7777777777777778
1286100,0.7105263157894737,0.75,0.7692307692307693,0.8,0.8055555555555556
1286400,0.6842105263157895,0.85,0.7692307692307693,0.8666666666666667,0.8055555555555556
1286700,0.6842105263157895,0.9,0.7692307692307693,0.8333333333333334,0.7777777777777778
1287000,0.6447368421052632,0.85,0.8653846153846154,0.8333333333333334,0.7777777777777778
1287300,0.631578947368421,0.85,0.8653846153846154,0.8666666666666667,0.7777777777777778
1287600,0.5526315789473685,0.85,0.8461538461538461,0.8333333333333334,0.7777777777777778
1287900,0.5789473684210527,0.85,0.8653846153846154,0.8666666666666667,0.75
1288200,0.618421052631579,0.85,0.8653846153846154,0.9,0.75
1288500,0.5394736842105263,0.85,0.8653846153846154,0.8666666666666667,0.75
1288800,0.5394736842105263,0.85,0.8846153846153846,0.8666666666666667,0.7777777777777778
1289100,0.5,0.85,0.8846153846153846,0.8666666666666667,0.75
1289400,0.5,0.8,0.9038461538461539,0.8666666666666667,0.6944444444444444
1289700,0.5394736842105263,0.8,0.8846153846153846,0.9,0.6944444444444444
1290000,0.5394736842105263,0.85,0.8653846153846154,0.9,0.6388888888888888
1290300,0.5,0.85,0.8846153846153846,0.8666666666666667,0.6666666666666666
1290600,0.4868421052631579,0.9,0.8846153846153846,0.8666666666666667,0.6666666666666666
1290900,0.5131578947368421,0.95,0.8846153846153846,0.8666666666666667,0.6666666666666666
1291200,0.5,0.95,0.8846153846153846,0.8666666666666667,0.6666666666666666
1291500,0.42105263157894735,0.95,0.8653846153846154,0.8666666666666667,0.6388888888888888
1291800,0.3815789473684211,0.95,0.8846153846153846,0.8666666666666667,0.6388888888888888
1292100,0.39473684210526316,0.95,0.8653846153846154,0.8333333333333334,0.6666666666666666
1292400,0.3815789473684211,0.8,0.8461538461538461,0.8333333333333334,0.6388888888888888
1292700,0.35526315789473684,0.75,0.8076923076923077,0.8333333333333334,0.6388888888888888
1293000,0.3815789473684211,0.7,0.8076923076923077,0.8666666666666667,0.6388888888888888
1293300,0.3815789473684211,0.7,0.8076923076923077,0.8666666666666667,0.6666666666666666
1293600,0.3684210526315789,0.7,0.7884615384615384,0.8666666666666667,0.6388888888888888
1293900,0.32894736842105265,0.75,0.7884615384615384,0.9,0.6388888888888888
1294200,0.35526315789473684,0.75,0.8076923076923077,0.9,0.6388888888888888
1294500,0.3815789473684211,0.75,0.8269230769230769,0.8333333333333334,0.6388888888888888
1294800,0.35526315789473684,0.75,0.8269230769230769,0.8333333333333334,0.6666666666666666
1295100,0.3157894736842105,0.8,0.7884615384615384,0.8666666666666667,0.6388888888888888
1295400,0.32894736842105265,0.8,0.8076923076923077,0.8333333333333334,0.6388888888888888
1295700,0.34210526315789475,0.75,0.8076923076923077,0.8,0.6388888888888888
1296000,0.3157894736842105,0.8,0.8269230769230769,0.7666666666666667,0.6111111111111112
1296300,0.2894736842105263,0.8,0.8269230769230769,0.7666666666666667,0.4444444444444444
1296600,0.25,0.9,0.8461538461538461,0.7666666666666667,0.4166666666666667
1296900,0.23684210526315788,0.9,0.8653846153846154,0.7333333333333333,0.3611111111111111
1297200,0.2894736842105263,0.9,0.8846153846153846,0.7333333333333333,0.2777777777777778
1297500,0.3026315789473684,0.95,0.8846153846153846,0.7333333333333333,0.2777777777777778
1297800,0.3026315789473684,0.9,0.8846153846153846,0.7333333333333333,0.25
1298100,0.3684210526315789,0.9,0.8846153846153846,0.7,0.2222222222222222
1298400,0.35526315789473684,0.9,0.8846153846153846,0.7,0.2222222222222222
1298700,0.27631578947368424,0.9,0.8269230769230769,0.7,0.2222222222222222
1299000,0.2631578947368421,0.9,0.8461538461538461,0.7333333333333333,0.19444444444444445
1299300,0.2236842105263158,0.9,0.8653846153846154,0.7333333333333333,0.16666666666666666
1299600,0.21052631578947367,0.95,0.8846153846153846,0.7,0.16666666666666666
1299900,0.19736842105263158,0.95,0.8653846153846154,0.7,0.25
1300200,0.23684210526315788,1.0,0.8653846153846154,0.7,0.19444444444444445
1300500,0.17105263157894737,1.0,0.8653846153846154,0.6666666666666666,0.16666666666666666
1300800,0.19736842105263158,1.0,0.8461538461538461,0.6666666666666666,0.16666666666666666
1301100,0.21052631578947367,1.0,0.8653846153846154,0.6666666666666666,0.1388888888888889
1301400,0.2631578947368421,1.0,0.8461538461538461,0.6333333333333333,0.08333333333333333
1301700,0.25,1.0,0.8269230769230769,0.6,0.16666666666666666
1302000,0.2631578947368421,1.0,0.8461538461538461,0.6,0.1388888888888889
1302300,0.3026315789473684,1.0,0.8653846153846154,0.6,0.1388888888888889
1302600,0.23684210526315788,1.0,0.8269230769230769,0.5666666666666667,0.1111111111111111
1302900,0.21052631578947367,1.0,0.8461538461538461,0.5,0.1111111111111111
1303200,0.21052631578947367,1.0,0.8461538461538461,0.5,0.19444444444444445
1303500,0.2236842105263158,1.0,0.8653846153846154,0.4666666666666667,0.25
1303800,0.25,1.0,0.9038461538461539,0.4666666666666667,0.3611111111111111
1304100,0.23684210526315788,1.0,0.9038461538461539,0.43333333333333335,0.3055555555555556
1304400,0.21052631578947367,1.0,0.9038461538461539,0.43333333333333335,0.2222222222222222
1304700,0.18421052631578946,1.0,0.8846153846153846,0.43333333333333335,0.25
1305000,0.18421052631578946,1.0,0.8846153846153846,0.4,0.3055555555555556
1305300,0.18421052631578946,1.0,0.8846153846153846,0.43333333333333335,0.3055555555555556
1305600,0.19736842105263158,1.0,0.8653846153846154,0.43333333333333335,0.3055555555555556
1305900,0.21052631578947367,1.0,0.8653846153846154,0.43333333333333335,0.3055555555555556
1306200,0.21052631578947367,1.0,0.8846153846153846,0.43333333333333335,0.25
1306500,0.21052631578947367,1.0,0.8653846153846154,0.43333333333333335,0.19444444444444445
1306800,0.23684210526315788,1.0,0.8653846153846154,0.4666666666666667,0.2222222222222222
1307100,0.21052631578947367,1.0,0.8653846153846154,0.4666666666666667,0.25
1307400,0.17105263157894737,1.0,0.8653846153846154,0.4666666666666667,0.2777777777777778
1307700,0.15789473684210525,1.0,0.8653846153846154,0.4666666666666667,0.3055555555555556
1308000,0.15789473684210525,1.0,0.8461538461538461,0.4666666666666667,0.3055555555555556
1308300,0.15789473684210525,1.0,0.8461538461538461,0.43333333333333335,0.2777777777777778
1308600,0.15789473684210525,1.0,0.8269230769230769,0.43333333333333335,0.2222222222222222
1308900,0.15789473684210525,1.0,0.8269230769230769,0.4,0.2777777777777778
1309200,0.18421052631578946,1.0,0.8076923076923077,0.4,0.2777777777777778
1309500,0.17105263157894737,1.0,0.8269230769230769,0.4,0.19444444444444445
1309800,0.17105263157894737,1.0,0.8269230769230769,0.4,0.2222222222222222
1310100,0.17105263157894737,1.0,0.8076923076923077,0.4,0.2222222222222222
1310400,0.13157894736842105,1.0,0.8076923076923077,0.4,0.25
1310700,0.0,0.0,0.8076923076923077,0.4,0.3055555555555556
1311000,0.14473684210526316,1.0,0.8076923076923077,0.4,0.3055555555555556
1311300,0.13157894736842105,1.0,0.7692307692307693,0.36666666666666664,0.2777777777777778
1311600,0.11842105263157894,0.95,0.7692307692307693,0.36666666666666664,0.2777777777777778
1311900,0.10526315789473684,0.95,0.7692307692307693,0.36666666666666664,0.2777777777777778
1312200,0.11842105263157894,0.95,0.7307692307692307,0.36666666666666664,0.3611111111111111
1312500,0.11842105263157894,0.95,0.8076923076923077,0.36666666666666664,0.3888888888888889
1312800,0.11842105263157894,0.95,0.7884615384615384,0.36666666666666664,0.3888888888888889
1313100,0.10526315789473684,0.95,0.7884615384615384,0.36666666666666664,0.3055555555555556
1313400,0.13157894736842105,0.95,0.7884615384615384,0.4,0.2777777777777778
1313700,0.07894736842105263,0.95,0.7692307692307693,0.4,0.2777777777777778
1314000,0.14473684210526316,0.95,0.7884615384615384,0.4,0.2777777777777778
1314300,0.13157894736842105,0.95,0.7884615384615384,0.4,0.2777777777777778
1314600,0.13157894736842105,0.95,0.7884615384615384,0.4,0.25
1314900,0.11842105263157894,1.0,0.7692307692307693,0.4,0.19444444444444445
1315200,0.13157894736842105,0.95,0.75,0.36666666666666664,0.2222222222222222
1315500,0.14473684210526316,0.95,0.7115384615384616,0.36666666666666664,0.2222222222222222
1315800,0.13157894736842105,0.95,0.7115384615384616,0.36666666666666664,0.25
1316100,0.14473684210526316,0.95,0.7115384615384616,0.3333333333333333,0.2222222222222222
1316400,0.11842105263157894,1.0,0.7307692307692307,0.3333333333333333,0.19444444444444445
1316700,0.14473684210526316,1.0,0.75,0.3333333333333333,0.16666666666666666
1317000,0.13157894736842105,1.0,0.75,0.3333333333333333,0.19444444444444445
1317300,0.09210526315789473,1.0,0.7115384615384616,0.3333333333333333,0.2222222222222222
1317600,0.11842105263157894,1.0,0.7307692307692307,0.3333333333333333,0.2777777777777778
1317900,0.13157894736842105,1.0,0.7307692307692307,0.3333333333333333,0.19444444444444445
1318200,0.13157894736842105,1.0,0.75,0.4,0.25
1318500,0.11842105263157894,1.0,0.75,0.4,0.3333333333333333
1318800,0.13157894736842105,1.0,0.7307692307692307,0.43333333333333335,0.3055555555555556
1319100,0.09210526315789473,1.0,0.7307692307692307,0.4,0.3611111111111111
1319400,0.15789473684210525,1.0,0.7115384615384616,0.4,0.3333333333333333
1319700,0.14473684210526316,1.0,0.7307692307692307,0.4,0.25
1320000,0.15789473684210525,1.0,0.7307692307692307,0.4,0.25
1320300,0.17105263157894737,1.0,0.6923076923076923,0.4,0.2222222222222222
1320600,0.19736842105263158,1.0,0.6923076923076923,0.4,0.19444444444444445
1320900,0.17105263157894737,1.0,0.6923076923076923,0.43333333333333335,0.2222222222222222
1321200,0.19736842105263158,1.0,0.6923076923076923,0.43333333333333335,0.2777777777777778
1321500,0.21052631578947367,1.0,0.6923076923076923,0.43333333333333335,0.3333333333333333
1321800,0.2236842105263158,1.0,0.6730769230769231,0.4666666666666667,0.3333333333333333
1322100,0.2236842105263158,1.0,0.6730769230769231,0.4666666666666667,0.3611111111111111
1322400,0.21052631578947367,0.95,0.6923076923076923,0.4666666666666667,0.3888888888888889
1322700,0.21052631578947367,0.95,0.6923076923076923,0.43333333333333335,0.4166666666666667
1323000,0.23684210526315788,0.95,0.6923076923076923,0.43333333333333335,0.4722222222222222
1323300,0.21052631578947367,0.95,0.6538461538461539,0.43333333333333335,0.4166666666666667
1323600,0.2236842105263158,0.9,0.6538461538461539,0.43333333333333335,0.4722222222222222
1323900,0.2236842105263158,0.9,0.6730769230769231,0.36666666666666664,0.4722222222222222
1324200,0.19736842105263158,0.9,0.6730769230769231,0.3333333333333333,0.4722222222222222
1324500,0.2631578947368421,0.9,0.6730769230769231,0.3333333333333333,0.5277777777777778
1324800,0.2631578947368421,0.95,0.6730769230769231,0.3333333333333333,0.5555555555555556
1325100,0.0,0.0,0.6923076923076923,0.36666666666666664,0.5555555555555556
1325400,0.25,0.95,0.6538461538461539,0.36666666666666664,0.5555555555555556
1325700,0.2894736842105263,0.9,0.6538461538461539,0.36666666666666664,0.5555555555555556
1326000,0.3157894736842105,0.9,0.6346153846153846,0.4,0.6111111111111112
1326300,0.3026315789473684,0.95,0.6730769230769231,0.36666666666666664,0.6388888888888888
1326600,0.32894736842105265,0.95,0.6730769230769231,0.36666666666666664,0.6944444444444444
1326900,0.3026315789473684,1.0,0.6153846153846154,0.4,0.6666666666666666
1327200,0.3026315789473684,0.95,0.6153846153846154,0.4,0.6944444444444444
1327500,0.2894736842105263,0.95,0.6346153846153846,0.43333333333333335,0.6944444444444444
1327800,0.2894736842105263,0.95,0.6538461538461539,0.5,0.7222222222222222
1328100,0.3026315789473684,0.95,0.6730769230769231,0.5,0.6944444444444444
1328400,0.3157894736842105,0.95,0.6730769230769231,0.5,0.6944444444444444
1328700,0.3026315789473684,0.95,0.6538461538461539,0.5,0.7222222222222222
1329000,0.32894736842105265,0.95,0.6923076923076923,0.5,0.6944444444444444
1329300,0.35526315789473684,0.95,0.6730769230769231,0.5,0.6944444444444444
1329600,0.3684210526315789,0.95,0.6538461538461539,0.5,0.6944444444444444
1329900,0.35526315789473684,0.9,0.6346153846153846,0.5333333333333333,0.75
1330200,0.3815789473684211,0.9,0.6730769230769231,0.5333333333333333,0.7777777777777778
1330500,0.35526315789473684,0.9,0.6538461538461539,0.5333333333333333,0.8333333333333334
1330800,0.35526315789473684,0.9,0.6730769230769231,0.5333333333333333,0.8333333333333334
1331100,0.3815789473684211,0.95,0.6730769230769231,0.5333333333333333,0.8333333333333334
1331400,0.35526315789473684,0.9,0.6730769230769231,0.5333333333333333,0.8333333333333334
1331700,0.3815789473684211,0.9,0.6923076923076923,0.5333333333333333,0.8888888888888888
1332000,0.32894736842105265,0.95,0.6923076923076923,0.5666666666666667,0.8888888888888888
1332300,0.35526315789473684,0.85,0.6730769230769231,0.6,0.9166666666666666
1332600,0.35526315789473684,0.85,0.6923076923076923,0.6333333333333333,0.9166666666666666
1332900,0.34210526315789475,0.85,0.7307692307692307,0.6333333333333333,0.9166666666666666
1333200,0.32894736842105265,0.85,0.7307692307692307,0.7333333333333333,0.9166666666666666
1333500,0.3157894736842105,0.85,0.7115384615384616,0.7,0.9166666666666666
1333800,0.3684210526315789,0.85,0.7115384615384616,0.7333333333333333,0.9444444444444444
1334100,0.3684210526315789,0.85,0.75,0.7,0.9444444444444444
1334400,0.3815789473684211,0.9,0.7307692307692307,0.7,0.9444444444444444
1334700,0.39473684210526316,0.9,0.75,0.7,0.9722222222222222
1335000,0.40789473684210525,0.85,0.75,0.7,0.9722222222222222
1335300,0.40789473684210525,0.8,0.75,0.7,0.9722222222222222
1335600,0.3684210526315789,0.9,0.7692307692307693,0.7,0.9722222222222222
1335900,0.42105263157894735,0.9,0.7884615384615384,0.7,0.9722222222222222
1336200,0.4342105263157895,0.9,0.7692307692307693,0.7,0.9722222222222222
1336500,0.39473684210526316,0.9,0.7692307692307693,0.7,0.9722222222222222
1336800,0.47368421052631576,0.85,0.7692307692307693,0.7,0.9722222222222222
1337100,0.4605263157894737,0.9,0.7884615384615384,0.6666666666666666,0.9722222222222222
1337400,0.47368421052631576,0.85,0.8076923076923077,0.7,0.9722222222222222
1337700,0.47368421052631576,0.85,0.8076923076923077,0.7,0.9722222222222222
1338000,0.5131578947368421,0.85,0.8076923076923077,0.7,0.9722222222222222
1338300,0.5,0.8,0.8269230769230769,0.7,0.9722222222222222
1338600,0.5394736842105263,0.7,0.8076923076923077,0.7,0.9444444444444444
1338900,0.5526315789473685,0.75,0.7884615384615384,0.7,0.9444444444444444
1339200,0.5526315789473685,0.8,0.8269230769230769,0.6666666666666666,0.9444444444444444
1339500,0.0,0.0,0.8269230769230769,0.6666666666666666,0.9444444444444444
1339800,0.5526315789473685,0.8,0.7692307692307693,0.6666666666666666,0.9444444444444444
1340100,0.5263157894736842,0.8,0.7692307692307693,0.7,0.9166666666666666
1340400,0.5263157894736842,0.8,0.7692307692307693,0.7,0.9166666666666666
1340700,0.5263157894736842,0.8,0.7692307692307693,0.7,0.9166666666666666
1341000,0.5263157894736842,0.8,0.7692307692307693,0.7,0.9166666666666666
1341300,0.5263157894736842,0.8,0.7307692307692307,0.7,0.9166666666666666
1341600,0.5263157894736842,0.8,0.7307692307692307,0.7,0.9166666666666666
1341900,0.5263157894736842,0.75,0.7307692307692307,0.7,0.9166666666666666
1342200,0.5921052631578947,0.75,0.7307692307692307,0.7,0.9166666666666666
1342500,0.6052631578947368,0.75,0.7115384615384616,0.7,0.9166666666666666
1342800,0.6447368421052632,0.8,0.7307692307692307,0.6666666666666666,0.9166666666666666
1343100,0.6052631578947368,0.8,0.7115384615384616,0.6666666666666666,0.9166666666666666
1343400,0.5789473684210527,0.8,0.7115384615384616,0.6666666666666666,0.9166666666666666
1343700,0.6447368421052632,0.85,0.75,0.6666666666666666,0.9166666666666666
1344000,0.6052631578947368,0.8,0.7884615384615384,0.6666666666666666,0.8888888888888888
1344300,0.618421052631579,0.8,0.7884615384615384,0.6666666666666666,0.8611111111111112
1344600,0.6578947368421053,0.8,0.8461538461538461,0.6666666666666666,0.8611111111111112
1344900,0.6710526315789473,0.8,0.8653846153846154,0.7333333333333333,0.8888888888888888
1345200,0.6710526315789473,0.8,0.8653846153846154,0.7666666666666667,0.8888888888888888
1345500,0.6710526315789473,0.75,0.8653846153846154,0.7333333333333333,0.9166666666666666
1345800,0.6578947368421053,0.75,0.8461538461538461,0.7333333333333333,0.9166666666666666
1346100,0.6052631578947368,0.75,0.8653846153846154,0.7333333333333333,0.8888888888888888
1346400,0.6842105263157895,0.8,0.8653846153846154,0.8,0.8888888888888888
1346700,0.0,0.7,0.8461538461538461,0.8666666666666667,0.8888888888888888
1347000,0.7105263157894737,0.7,0.8461538461538461,0.9,0.8888888888888888
1347300,0.7105263157894737,0.65,0.8461538461538461,0.9,0.8888888888888888
1347600,0.7105263157894737,0.65,0.8461538461538461,0.8666666666666667,0.8888888888888888
1347900,0.6973684210526315,0.55,0.8461538461538461,0.8666666666666667,0.8888888888888888
1348200,0.6973684210526315,0.5,0.8461538461538461,0.8666666666666667,0.8888888888888888
1348500,0.7105263157894737,0.5,0.8461538461538461,0.8666666666666667,0.8888888888888888
1348800,0.7236842105263158,0.45,0.8461538461538461,0.8666666666666667,0.8888888888888888
1349100,0.6710526315789473,0.5,0.8269230769230769,0.8666666666666667,0.8888888888888888
1349400,0.7368421052631579,0.45,0.8269230769230769,0.9,0.9166666666666666
1349700,0.7894736842105263,0.5,0.8269230769230769,0.9,0.8888888888888888
1350000,0.8026315789473685,0.7,0.7884615384615384,0.9,0.8888888888888888
1350300,0.7368421052631579,0.65,0.7884615384615384,0.9,0.8611111111111112
1350600,0.7631578947368421,0.65,0.7692307692307693,0.9333333333333333,0.8611111111111112
1350900,0.75,0.65,0.7692307692307693,0.9333333333333333,0.8611111111111112
1351200,0.7763157894736842,0.65,0.7884615384615384,0.9333333333333333,0.8888888888888888
1351500,0.7763157894736842,0.65,0.7884615384615384,0.9333333333333333,0.9166666666666666
1351800,0.7763157894736842,0.65,0.7692307692307693,0.9333333333333333,0.9166666666666666
1352100,0.6973684210526315,0.65,0.7692307692307693,0.9333333333333333,0.9444444444444444
1352400,0.7894736842105263,0.65,0.7884615384615384,0.9333333333333333,0.9166666666666666
1352700,0.7763157894736842,0.65,0.8076923076923077,0.9333333333333333,0.9166666666666666
1353000,0.7763157894736842,0.6,0.8076923076923077,0.9333333333333333,0.8888888888888888
1353300,0.75,0.6,0.8076923076923077,0.9333333333333333,0.8888888888888888
1353600,0.7631578947368421,0.7,0.8653846153846154,0.9333333333333333,0.8611111111111112
1353900,0.75,0.65,0.8653846153846154,0.9333333333333333,0.8611111111111112
1354200,0.7763157894736842,0.6,0.8653846153846154,0.9333333333333333,0.8888888888888888
1354500,0.8157894736842105,0.6,0.8846153846153846,0.9,0.8888888888888888
1354800,0.7894736842105263,0.65,0.9038461538461539,0.9,0.9166666666666666
1355100,0.8157894736842105,0.65,0.9423076923076923,0.9,0.9166666666666666
1355400,0.7894736842105263,0.6,0.9423076923076923,0.9,0.9166666666666666
1355700,0.7368421052631579,0.5,0.9615384615384616,0.8666666666666667,0.9166666666666666
1356000,0.7763157894736842,0.45,0.9615384615384616,0.8666666666666667,0.9166666666666666
1356300,0.8026315789473685,0.4,0.9615384615384616,0.8666666666666667,0.9166666666666666
1356600,0.7631578947368421,0.5,0.9807692307692307,0.8333333333333334,0.9444444444444444
1356900,0.8026315789473685,0.55,0.9807692307692307,0.8333333333333334,0.9444444444444444
1357200,0.7763157894736842,0.6,0.9807692307692307,0.8666666666666667,0.9444444444444444
1357500,0.7763157894736842,0.65,0.9807692307692307,0.8666666666666667,0.9444444444444444
1357800,0.75,0.65,0.9615384615384616,0.8666666666666667,0.9444444444444444
1358100,0.7368421052631579,0.65,0.9615384615384616,0.8333333333333334,0.9166666666666666
1358400,0.7368421052631579,0.7,0.9423076923076923,0.8333333333333334,0.8888888888888888
1358700,0.7105263157894737,0.75,0.9230769230769231,0.8666666666666667,0.8888888888888888
1359000,0.75,0.8,0.9230769230769231,0.9,0.8888888888888888
1359300,0.6842105263157895,0.75,0.9423076923076923,0.9,0.8888888888888888
1359600,0.7368421052631579,0.85,0.9230769230769231,0.9,0.8888888888888888
1359900,0.7368421052631579,0.85,0.9230769230769231,0.9,0.8888888888888888
1360200,0.75,0.8,0.9423076923076923,0.9,0.8888888888888888
1360500,0.7368421052631579,0.7,0.9230769230769231,0.9,0.9166666666666666
1360800,0.7631578947368421,0.65,0.9230769230769231,0.9,0.9166666666666666
1361100,0.0,0.65,0.9230769230769231,0.9,0.9166666666666666
1361400,0.7894736842105263,0.7,0.8846153846153846,0.9,0.9166666666666666
1361700,0.8157894736842105,0.75,0.8846153846153846,0.9,0.9166666666666666
1362000,0.8157894736842105,0.8,0.9230769230769231,0.9,0.9444444444444444
1362300,0.7894736842105263,0.8,0.9230769230769231,0.9,0.9444444444444444
1362600,0.8157894736842105,0.75,0.9038461538461539,0.9666666666666667,0.9444444444444444
1362900,0.8026315789473685,0.75,0.9423076923076923,0.9666666666666667,0.9444444444444444
1363200,0.8289473684210527,0.75,0.9423076923076923,0.9666666666666667,0.9444444444444444
1363500,0.75,0.75,0.9423076923076923,0.9666666666666667,0.9444444444444444
1363800,0.7894736842105263,0.75,0.9615384615384616,0.9666666666666667,0.9722222222222222
1364100,0.7894736842105263,0.8,0.9615384615384616,0.9666666666666667,0.9722222222222222
1364400,0.7368421052631579,0.8,0.9615384615384616,0.9666666666666667,0.9722222222222222
1364700,0.7894736842105263,0.8,0.9615384615384616,0.9666666666666667,0.9166666666666666
1365000,0.8026315789473685,0.85,0.9423076923076923,0.9666666666666667,0.7777777777777778
1365300,0.7763157894736842,0.85,0.9423076923076923,0.9666666666666667,0.7777777777777778
1365600,0.7631578947368421,0.9,0.9423076923076923,0.9666666666666667,0.8055555555555556
1365900,0.8026315789473685,0.9,0.9230769230769231,0.9666666666666667,0.7777777777777778
1366200,0.8026315789473685,0.9,0.9230769230769231,0.9666666666666667,0.75
1366500,0.7763157894736842,0.9,0.5576923076923077,0.9666666666666667,0.75
1366800,0.75,0.9,0.8653846153846154,0.9666666666666667,0.6944444444444444
1367100,0.7105263157894737,0.9,0.8653846153846154,0.9333333333333333,0.5
1367400,0.7236842105263158,0.9,0.3076923076923077,0.9333333333333333,0.6666666666666666
1367700,0.6842105263157895,0.9,0.8461538461538461,0.9333333333333333,0.6388888888888888
1368000,0.6842105263157895,0.85,0.8653846153846154,0.9333333333333333,0.6388888888888888
1368300,0.7236842105263158,0.85,0.8653846153846154,0.9333333333333333,0.6388888888888888
1368600,0.6842105263157895,0.85,0.8846153846153846,0.9,0.6111111111111112
1368900,0.6447368421052632,0.85,0.8846153846153846,0.8666666666666667,0.5833333333333334
1369200,0.618421052631579,0.85,0.8846153846153846,0.8666666666666667,0.6111111111111112
1369500,0.631578947368421,0.8,0.9038461538461539,0.8333333333333334,0.6111111111111112
1369800,0.6052631578947368,0.8,0.9230769230769231,0.8666666666666667,0.6111111111111112
1370100,0.618421052631579,0.85,0.9038461538461539,0.8666666666666667,0.6388888888888888
1370400,0.6578947368421053,0.85,0.8846153846153846,0.8333333333333334,0.6944444444444444
1370700,0.6578947368421053,0.9,0.8846153846153846,0.8333333333333334,0.6944444444444444
1371000,0.5789473684210527,0.9,0.8846153846153846,0.8333333333333334,0.6944444444444444
1371300,0.631578947368421,0.95,0.8846153846153846,0.8333333333333334,0.6666666666666666
1371600,0.618421052631579,0.95,0.8653846153846154,0.8,0.6944444444444444
1371900,0.618421052631579,0.85,0.8653846153846154,0.8,0.7222222222222222
1372200,0.6052631578947368,0.85,0.8653846153846154,0.8333333333333334,0.6944444444444444
1372500,0.6447368421052632,0.75,0.8269230769230769,0.8,0.6944444444444444
1372800,0.6052631578947368,0.85,0.8269230769230769,0.7666666666666667,0.6944444444444444
1373100,0.631578947368421,0.9,0.8461538461538461,0.7666666666666667,0.7222222222222222
1373400,0.5789473684210527,0.85,0.8461538461538461,0.7666666666666667,0.6666666666666666
1373700,0.5394736842105263,0.85,0.8269230769230769,0.7666666666666667,0.6666666666666666
1374000,0.5526315789473685,0.75,0.8269230769230769,0.7666666666666667,0.6666666666666666
1374300,0.5657894736842105,0.75,0.9038461538461539,0.8,0.6666666666666666
1374600,0.5526315789473685,0.7,0.8846153846153846,0.8,0.6944444444444444
1374900,0.5131578947368421,0.7,0.9230769230769231,0.8,0.6944444444444444
1375200,0.5,0.7,0.9423076923076923,0.8,0.6388888888888888
1375500,0.4868421052631579,0.75,0.9230769230769231,0.8,0.6388888888888888
1375800,0.4605263157894737,0.85,0.9230769230769231,0.7666666666666667,0.6111111111111112
1376100,0.5,0.9,0.9230769230769231,0.8333333333333334,0.6111111111111112
1376400,0.4605263157894737,0.95,0.8461538461538461,0.8333333333333334,0.6111111111111112
1376700,0.4342105263157895,0.95,0.8461538461538461,0.8333333333333334,0.5555555555555556
1377000,0.4342105263157895,0.95,0.8653846153846154,0.8333333333333334,0.5555555555555556
1377300,0.42105263157894735,0.9,0.8461538461538461,0.8333333333333334,0.5277777777777778
1377600,0.4473684210526316,0.85,0.8461538461538461,0.8333333333333334,0.5277777777777778
1377900,0.47368421052631576,0.85,0.8653846153846154,0.8333333333333334,0.5833333333333334
1378200,0.4868421052631579,0.85,0.8653846153846154,0.8333333333333334,0.5833333333333334
1378500,0.47368421052631576,0.85,0.8653846153846154,0.8333333333333334,0.6111111111111112
1378800,0.4868421052631579,0.85,0.8653846153846154,0.8333333333333334,0.6111111111111112
1379100,0.47368421052631576,0.85,0.8653846153846154,0.8333333333333334,0.5833333333333334
1379400,0.47368421052631576,0.8,0.8846153846153846,0.8,0.5833333333333334
1379700,0.4605263157894737,0.8,0.8846153846153846,0.7666666666666667,0.5833333333333334
1380000,0.4473684210526316,0.8,0.8653846153846154,0.7666666666666667,0.5555555555555556
1380300,0.4473684210526316,0.8,0.8846153846153846,0.7666666666666667,0.6111111111111112
1380600,0.4605263157894737,0.75,0.9038461538461539,0.7666666666666667,0.6111111111111112
1380900,0.4605263157894737,0.75,0.8846153846153846,0.7333333333333333,0.5833333333333334
1381200,0.4342105263157895,0.8,0.9038461538461539,0.7333333333333333,0.5555555555555556
1381500,0.42105263157894735,0.75,0.9038461538461539,0.6666666666666666,0.5555555555555556
1381800,0.3684210526315789,0.75,0.9038461538461539,0.6666666666666666,0.5833333333333334
1382100,0.3815789473684211,0.85,0.9038461538461539,0.6666666666666666,0.5833333333333334
1382400,0.34210526315789475,0.85,0.8846153846153846,0.6666666666666666,0.5
1382700,0.35526315789473684,0.9,0.8846153846153846,0.6666666666666666,0.4722222222222222
1383000,0.2894736842105263,0.9,0.8653846153846154,0.6,0.4444444444444444
1383300,0.23684210526315788,1.0,0.9038461538461539,0.6333333333333333,0.4166666666666667
1383600,0.2236842105263158,1.0,0.9038461538461539,0.6,0.4166666666666667
1383900,0.2236842105263158,1.0,0.9038461538461539,0.5666666666666667,0.4166666666666667
1384200,0.2236842105263158,1.0,0.8846153846153846,0.5666666666666667,0.3888888888888889
1384500,0.2236842105263158,1.0,0.8846153846153846,0.5333333333333333,0.3611111111111111
1384800,0.23684210526315788,1.0,0.8653846153846154,0.4666666666666667,0.3055555555555556
1385100,0.27631578947368424,1.0,0.8461538461538461,0.5,0.19444444444444445
1385400,0.23684210526315788,1.0,0.8269230769230769,0.4666666666666667,0.19444444444444445
1385700,0.19736842105263158,1.0,0.8461538461538461,0.5,0.1388888888888889
1386000,0.17105263157894737,1.0,0.8461538461538461,0.5,0.1388888888888889
1386300,0.11842105263157894,1.0,0.8461538461538461,0.5,0.1388888888888889
1386600,0.13157894736842105,1.0,0.8461538461538461,0.5,0.1388888888888889
1386900,0.17105263157894737,1.0,0.8846153846153846,0.5,0.08333333333333333
1387200,0.19736842105263158,1.0,0.8846153846153846,0.5333333333333333,0.08333333333333333
1387500,0.23684210526315788,1.0,0.8846153846153846,0.5666666666666667,0.1111111111111111
1387800,0.23684210526315788,1.0,0.8653846153846154,0.6,0.25
1388100,0.23684210526315788,1.0,0.8653846153846154,0.6,0.25
1388400,0.2236842105263158,1.0,0.8653846153846154,0.5666666666666667,0.19444444444444445
1388700,0.19736842105263158,1.0,0.8846153846153846,0.6,0.2777777777777778
1389000,0.17105263157894737,1.0,0.8846153846153846,0.6,0.19444444444444445
1389300,0.14473684210526316,1.0,0.8846153846153846,0.6,0.16666666666666666
1389600,0.11842105263157894,1.0,0.8846153846153846,0.6,0.2222222222222222
1389900,0.11842105263157894,1.0,0.8846153846153846,0.6,0.25
1390200,0.11842105263157894,1.0,0.9038461538461539,0.6,0.19444444444444445
1390500,0.11842105263157894,1.0,0.9038461538461539,0.6,0.19444444444444445
1390800,0.13157894736842105,1.0,0.9038461538461539,0.6,0.16666666666666666
1391100,0.10526315789473684,1.0,0.9038461538461539,0.5666666666666667,0.16666666666666666
1391400,0.11842105263157894,1.0,0.8846153846153846,0.6,0.1388888888888889
1391700,0.14473684210526316,1.0,0.8653846153846154,0.5333333333333333,0.16666666666666666
1392000,0.11842105263157894,1.0,0.8461538461538461,0.5,0.2222222222222222
1392300,0.13157894736842105,1.0,0.8269230769230769,0.5,0.2222222222222222
1392600,0.09210526315789473,1.0,0.8076923076923077,0.43333333333333335,0.3055555555555556
1392900,0.09210526315789473,1.0,0.8076923076923077,0.4,0.3055555555555556
1393200,0.11842105263157894,1.0,0.8269230769230769,0.36666666666666664,0.3055555555555556
1393500,0.14473684210526316,1.0,0.8269230769230769,0.36666666666666664,0.3611111111111111
1393800,0.14473684210526316,1.0,0.8269230769230769,0.36666666666666664,0.3611111111111111
1394100,0.14473684210526316,1.0,0.8269230769230769,0.36666666666666664,0.3611111111111111
1394400,0.13157894736842105,1.0,0.8076923076923077,0.36666666666666664,0.4444444444444444
1394700,0.14473684210526316,1.0,0.8076923076923077,0.36666666666666664,0.4444444444444444
1395000,0.11842105263157894,1.0,0.8269230769230769,0.4,0.4444444444444444
1395300,0.10526315789473684,1.0,0.8269230769230769,0.36666666666666664,0.4722222222222222
1395600,0.10526315789473684,1.0,0.8269230769230769,0.36666666666666664,0.4722222222222222
1395900,0.10526315789473684,1.0,0.8269230769230769,0.36666666666666664,0.4444444444444444
1396200,0.10526315789473684,1.0,0.8076923076923077,0.4,0.4444444444444444
1396500,0.11842105263157894,1.0,0.8269230769230769,0.43333333333333335,0.4722222222222222
1396800,0.14473684210526316,1.0,0.8269230769230769,0.43333333333333335,0.5
1397100,0.14473684210526316,1.0,0.8269230769230769,0.43333333333333335,0.5
1397400,0.14473684210526316,1.0,0.7884615384615384,0.43333333333333335,0.5
1397700,0.14473684210526316,1.0,0.7884615384615384,0.43333333333333335,0.4722222222222222
1398000,0.14473684210526316,1.0,0.7884615384615384,0.43333333333333335,0.4444444444444444
1398300,0.18421052631578946,1.0,0.7884615384615384,0.43333333333333335,0.3888888888888889
1398600,0.17105263157894737,1.0,0.7884615384615384,0.4,0.3888888888888889
1398900,0.17105263157894737,1.0,0.7692307692307693,0.4,0.3611111111111111
1399200,0.14473684210526316,1.0,0.8076923076923077,0.4,0.3611111111111111
1399500,0.17105263157894737,1.0,0.7884615384615384,0.4,0.3333333333333333
1399800,0.21052631578947367,1.0,0.7884615384615384,0.4,0.3333333333333333
1400100,0.19736842105263158,1.0,0.7884615384615384,0.4,0.3055555555555556
1400400,0.15789473684210525,1.0,0.7692307692307693,0.4,0.3055555555555556
1400700,0.18421052631578946,0.9,0.75,0.4,0.2777777777777778
1401000,0.19736842105263158,1.0,0.75,0.36666666666666664,0.3055555555555556
1401300,0.17105263157894737,1.0,0.75,0.4,0.2777777777777778
1401600,0.19736842105263158,1.0,0.75,0.4,0.25
1401900,0.18421052631578946,1.0,0.7307692307692307,0.4,0.25
1402200,0.19736842105263158,1.0,0.7307692307692307,0.36666666666666664,0.2777777777777778
1402500,0.17105263157894737,1.0,0.75,0.36666666666666664,0.2222222222222222
1402800,0.17105263157894737,1.0,0.75,0.36666666666666664,0.2777777777777778
1403100,0.14473684210526316,1.0,0.7115384615384616,0.36666666666666664,0.25
1403400,0.15789473684210525,1.0,0.7115384615384616,0.3333333333333333,0.2222222222222222
1403700,0.14473684210526316,1.0,0.7307692307692307,0.3333333333333333,0.25
1404000,0.15789473684210525,1.0,0.7692307692307693,0.3333333333333333,0.2222222222222222
1404300,0.15789473684210525,1.0,0.7692307692307693,0.3333333333333333,0.2222222222222222
1404600,0.14473684210526316,1.0,0.8076923076923077,0.3333333333333333,0.3055555555555556
1404900,0.14473684210526316,1.0,0.8076923076923077,0.3333333333333333,0.25
1405200,0.14473684210526316,0.95,0.8076923076923077,0.3333333333333333,0.25
1405500,0.10526315789473684,0.95,0.8269230769230769,0.3333333333333333,0.3055555555555556
1405800,0.14473684210526316,0.95,0.8076923076923077,0.36666666666666664,0.3055555555555556
1406100,0.11842105263157894,0.95,0.8076923076923077,0.36666666666666664,0.25
1406400,0.14473684210526316,0.95,0.7884615384615384,0.4,0.2222222222222222
1406700,0.14473684210526316,1.0,0.7884615384615384,0.4,0.2222222222222222
1407000,0.13157894736842105,1.0,0.8076923076923077,0.4,0.19444444444444445
1407300,0.14473684210526316,1.0,0.8076923076923077,0.4,0.2777777777777778
1407600,0.13157894736842105,1.0,0.7884615384615384,0.4,0.2777777777777778
1407900,0.13157894736842105,1.0,0.7884615384615384,0.4,0.2777777777777778
1408200,0.11842105263157894,1.0,0.7692307692307693,0.4,0.3055555555555556
1408500,0.09210526315789473,1.0,0.7884615384615384,0.36666666666666664,0.3055555555555556
1408800,0.11842105263157894,1.0,0.7884615384615384,0.3333333333333333,0.3055555555555556
1409100,0.13157894736842105,1.0,0.7884615384615384,0.3333333333333333,0.3611111111111111
1409400,0.13157894736842105,0.95,0.7692307692307693,0.3333333333333333,0.3611111111111111
1409700,0.10526315789473684,0.95,0.7692307692307693,0.3333333333333333,0.3888888888888889
1410000,0.13157894736842105,0.95,0.75,0.3333333333333333,0.4722222222222222
1410300,0.10526315789473684,0.95,0.75,0.3333333333333333,0.5
1410600,0.13157894736842105,0.9,0.7115384615384616,0.3,0.5
1410900,0.14473684210526316,0.9,0.6923076923076923,0.26666666666666666,0.5277777777777778
1411200,0.13157894736842105,0.9,0.7115384615384616,0.26666666666666666,0.5
1411500,0.11842105263157894,0.85,0.6923076923076923,0.3,0.5277777777777778
1411800,0.14473684210526316,0.85,0.6730769230769231,0.26666666666666666,0.5555555555555556
1412100,0.13157894736842105,0.85,0.6923076923076923,0.3333333333333333,0.5833333333333334
1412400,0.18421052631578946,0.85,0.7307692307692307,0.3333333333333333,0.5833333333333334
1412700,0.19736842105263158,0.85,0.7884615384615384,0.3,0.5555555555555556
1413000,0.15789473684210525,0.85,0.7692307692307693,0.3,0.5555555555555556
1413300,0.17105263157894737,0.9,0.7692307692307693,0.3333333333333333,0.5833333333333334
1413600,0.17105263157894737,0.95,0.7692307692307693,0.3,0.6666666666666666
1413900,0.18421052631578946,0.9,0.75,0.3,0.6388888888888888
1414200,0.18421052631578946,0.9,0.7692307692307693,0.3333333333333333,0.6388888888888888
1414500,0.25,0.85,0.8076923076923077,0.3333333333333333,0.6388888888888888
1414800,0.2631578947368421,0.9,0.8269230769230769,0.36666666666666664,0.6666666666666666
1415100,0.21052631578947367,0.9,0.8653846153846154,0.36666666666666664,0.6666666666666666
1415400,0.21052631578947367,0.9,0.8461538461538461,0.4,0.6666666666666666
1415700,0.2631578947368421,0.9,0.8653846153846154,0.4,0.6666666666666666
1416000,0.27631578947368424,0.9,0.8653846153846154,0.4,0.6666666666666666
1416300,0.25,0.95,0.8461538461538461,0.4,0.6944444444444444
1416600,0.2631578947368421,0.9,0.8461538461538461,0.4,0.7222222222222222
1416900,0.2894736842105263,0.85,0.8269230769230769,0.43333333333333335,0.7222222222222222
1417200,0.2894736842105263,0.85,0.8269230769230769,0.43333333333333335,0.75
1417500,0.27631578947368424,0.85,0.8269230769230769,0.4666666666666667,0.75
1417800,0.3026315789473684,0.85,0.8269230769230769,0.4666666666666667,0.75
1418100,0.3157894736842105,0.8,0.8269230769230769,0.5,0.7777777777777778
1418400,0.3026315789473684,0.8,0.8269230769230769,0.5,0.7777777777777778
1418700,0.0,0.0,0.8269230769230769,0.5333333333333333,0.7777777777777778
1419000,0.2894736842105263,0.85,0.8269230769230769,0.5333333333333333,0.7777777777777778
1419300,0.32894736842105265,0.85,0.8076923076923077,0.5666666666666667,0.75
1419600,0.32894736842105265,0.85,0.8076923076923077,0.5666666666666667,0.7777777777777778
1419900,0.32894736842105265,0.85,0.8269230769230769,0.5666666666666667,0.7777777777777778
1420200,0.34210526315789475,0.85,0.8076923076923077,0.5666666666666667,0.7777777777777778
1420500,0.34210526315789475,0.85,0.8076923076923077,0.5666666666666667,0.8055555555555556
1420800,0.34210526315789475,0.85,0.7692307692307693,0.5666666666666667,0.8055555555555556
1421100,0.35526315789473684,0.85,0.7692307692307693,0.5666666666666667,0.8055555555555556
1421400,0.3815789473684211,0.85,0.7884615384615384,0.6333333333333333,0.8055555555555556
1421700,0.3815789473684211,0.8,0.7884615384615384,0.6333333333333333,0.8055555555555556
1422000,0.3815789473684211,0.8,0.7884615384615384,0.6333333333333333,0.7777777777777778
1422300,0.42105263157894735,0.75,0.8076923076923077,0.6333333333333333,0.7777777777777778
1422600,0.39473684210526316,0.8,0.8076923076923077,0.6333333333333333,0.7777777777777778
1422900,0.4473684210526316,0.85,0.8269230769230769,0.6333333333333333,0.8055555555555556
1423200,0.42105263157894735,0.9,0.8269230769230769,0.6333333333333333,0.8055555555555556
1423500,0.4342105263157895,0.9,0.8461538461538461,0.6333333333333333,0.8333333333333334
1423800,0.40789473684210525,0.9,0.8461538461538461,0.6333333333333333,0.8611111111111112
1424100,0.42105263157894735,0.85,0.8269230769230769,0.6333333333333333,0.9166666666666666
1424400,0.4473684210526316,0.85,0.8653846153846154,0.6333333333333333,0.9166666666666666
1424700,0.4473684210526316,0.9,0.8653846153846154,0.6666666666666666,0.9444444444444444
1425000,0.47368421052631576,0.9,0.8269230769230769,0.6666666666666666,0.9444444444444444
1425300,0.4473684210526316,0.9,0.8269230769230769,0.6666666666666666,0.9166666666666666
1425600,0.4473684210526316,0.9,0.8076923076923077,0.6666666666666666,0.9166666666666666
1425900,0.0,0.0,0.7884615384615384,0.6666666666666666,0.9166666666666666
1426200,0.47368421052631576,0.95,0.7884615384615384,0.6333333333333333,0.9166666666666666
1426500,0.42105263157894735,0.9,0.7884615384615384,0.6333333333333333,0.9166666666666666
1426800,0.47368421052631576,0.85,0.8076923076923077,0.6,0.9166666666666666
1427100,0.4868421052631579,0.9,0.8269230769230769,0.6,0.9166666666666666
1427400,0.4605263157894737,0.9,0.8269230769230769,0.6,0.9444444444444444
1427700,0.4868421052631579,0.9,0.8269230769230769,0.6,0.9166666666666666
1428000,0.5394736842105263,0.95,0.8269230769230769,0.6,0.9166666666666666
1428300,0.5526315789473685,0.95,0.8461538461538461,0.6,0.9166666666666666
1428600,0.5526315789473685,0.95,0.8076923076923077,0.6333333333333333,0.9166666666666666
1428900,0.5394736842105263,0.95,0.8076923076923077,0.6666666666666666,0.9166666666666666
1429200,0.5263157894736842,0.95,0.8269230769230769,0.6666666666666666,0.8888888888888888
1429500,0.5789473684210527,0.95,0.8461538461538461,0.6666666666666666,0.8611111111111112
1429800,0.5789473684210527,0.95,0.8461538461538461,0.6666666666666666,0.8333333333333334
1430100,0.618421052631579,0.95,0.8269230769230769,0.6666666666666666,0.8055555555555556
1430400,0.6710526315789473,0.95,0.7884615384615384,0.6666666666666666,0.8055555555555556
1430700,0.6842105263157895,0.9,0.8269230769230769,0.6666666666666666,0.8055555555555556
1431000,0.6052631578947368,0.9,0.8461538461538461,0.6666666666666666,0.8055555555555556
1431300,0.631578947368421,0.9,0.8461538461538461,0.6666666666666666,0.7777777777777778
1431600,0.6578947368421053,0.9,0.8461538461538461,0.6666666666666666,0.8333333333333334
1431900,0.6710526315789473,0.95,0.8461538461538461,0.6666666666666666,0.8611111111111112
1432200,0.6578947368421053,0.95,0.8461538461538461,0.6666666666666666,0.8611111111111112
1432500,0.6973684210526315,0.95,0.8653846153846154,0.6666666666666666,0.8611111111111112
1432800,0.7236842105263158,0.95,0.9423076923076923,0.6666666666666666,0.8611111111111112
1433100,0.7236842105263158,0.95,0.9038461538461539,0.6333333333333333,0.8611111111111112
1433400,0.6973684210526315,0.95,0.9230769230769231,0.6333333333333333,0.8888888888888888
1433700,0.7368421052631579,0.95,0.9423076923076923,0.6333333333333333,0.8888888888888888
1434000,0.6973684210526315,0.9,0.9423076923076923,0.6333333333333333,0.8611111111111112
1434300,0.6973684210526315,0.85,0.9615384615384616,0.6333333333333333,0.8611111111111112
1434600,0.6578947368421053,0.8,0.9423076923076923,0.6333333333333333,0.8611111111111112
1434900,0.6973684210526315,0.8,0.9423076923076923,0.6666666666666666,0.8611111111111112
1435200,0.6973684210526315,0.75,0.9423076923076923,0.6666666666666666,0.8888888888888888
1435500,0.6973684210526315,0.7,0.9423076923076923,0.6666666666666666,0.9166666666666666
1435800,0.6842105263157895,0.65,0.9423076923076923,0.6666666666666666,0.9166666666666666
1436100,0.7105263157894737,0.65,0.9423076923076923,0.6666666666666666,0.8888888888888888
1436400,0.6973684210526315,0.65,0.9423076923076923,0.7,0.8888888888888888
1436700,0.7368421052631579,0.65,0.9615384615384616,0.7,0.8888888888888888
1437000,0.7105263157894737,0.7,0.9615384615384616,0.7333333333333333,0.8888888888888888
1437300,0.7105263157894737,0.65,0.9615384615384616,0.7333333333333333,0.9166666666666666
1437600,0.75,0.65,0.9423076923076923,0.7666666666666667,0.9166666666666666
1437900,0.75,0.55,0.9423076923076923,0.7666666666666667,0.9444444444444444
1438200,0.7631578947368421,0.45,0.9423076923076923,0.7666666666666667,0.9444444444444444
1438500,0.7763157894736842,0.45,0.9423076923076923,0.7666666666666667,0.9444444444444444
1438800,0.7894736842105263,0.45,0.9230769230769231,0.7666666666666667,0.9444444444444444
1439100,0.8157894736842105,0.4,0.9230769230769231,0.7666666666666667,0.9444444444444444
1439400,0.7894736842105263,0.45,0.8846153846153846,0.7666666666666667,0.9444444444444444
1439700,0.8157894736842105,0.55,0.8846153846153846,0.7666666666666667,0.9444444444444444
1440000,0.8026315789473685,0.6,0.8653846153846154,0.7666666666666667,0.9444444444444444
1440300,0.7894736842105263,0.6,0.8846153846153846,0.7666666666666667,0.9444444444444444
1440600,0.8026315789473685,0.6,0.8846153846153846,0.8333333333333334,0.9166666666666666
1440900,0.7894736842105263,0.7,0.8653846153846154,0.8333333333333334,0.9166666666666666
1441200,0.7894736842105263,0.7,0.8846153846153846,0.8,0.9166666666666666
1441500,0.7894736842105263,0.8,0.8846153846153846,0.8333333333333334,0.9166666666666666
1441800,0.8157894736842105,0.75,0.8653846153846154,0.7666666666666667,0.8888888888888888
1442100,0.7894736842105263,0.7,0.8653846153846154,0.7666666666666667,0.8888888888888888
1442400,0.8026315789473685,0.75,0.8461538461538461,0.7666666666666667,0.8888888888888888
1442700,0.8157894736842105,0.75,0.8846153846153846,0.7666666666666667,0.8888888888888888
1443000,0.7631578947368421,0.8,0.8846153846153846,0.7666666666666667,0.8611111111111112
1443300,0.8026315789473685,0.8,0.9038461538461539,0.7666666666666667,0.8888888888888888
1443600,0.7368421052631579,0.7,0.9230769230769231,0.7666666666666667,0.8888888888888888
1443900,0.7631578947368421,0.75,0.9230769230769231,0.7666666666666667,0.8611111111111112
1444200,0.7631578947368421,0.8,0.9230769230769231,0.7666666666666667,0.8611111111111112
1444500,0.6973684210526315,0.85,0.9230769230769231,0.7666666666666667,0.8611111111111112
1444800,0.6710526315789473,0.85,0.9038461538461539,0.8,0.8888888888888888
1445100,0.6842105263157895,0.85,0.9038461538461539,0.8,0.8888888888888888
1445400,0.6578947368421053,0.85,0.9230769230769231,0.8333333333333334,0.9444444444444444
1445700,0.6842105263157895,0.85,0.9230769230769231,0.8,0.9444444444444444
1446000,0.6578947368421053,0.85,0.9615384615384616,0.8,0.9166666666666666
1446300,0.6447368421052632,0.8,0.9423076923076923,0.8,0.9166666666666666
1446600,0.6710526315789473,0.8,0.9230769230769231,0.8,0.8888888888888888
1446900,0.6973684210526315,0.75,0.9230769230769231,0.8,0.8888888888888888
1447200,0.6578947368421053,0.75,0.8846153846153846,0.8,0.8888888888888888
1447500,0.6578947368421053,0.8,0.8846153846153846,0.7666666666666667,0.8888888888888888
1447800,0.631578947368421,0.75,0.8846153846153846,0.7333333333333333,0.8333333333333334
1448100,0.631578947368421,0.85,0.8846153846153846,0.7333333333333333,0.7777777777777778
1448400,0.6578947368421053,0.85,0.8846153846153846,0.7666666666666667,0.7777777777777778
1448700,0.618421052631579,0.85,0.8653846153846154,0.8,0.75
1449000,0.6842105263157895,0.9,0.8653846153846154,0.8333333333333334,0.7777777777777778
1449300,0.6842105263157895,0.9,0.8653846153846154,0.8333333333333334,0.7777777777777778
1449600,0.618421052631579,0.9,0.8846153846153846,0.8666666666666667,0.7777777777777778
1449900,0.6447368421052632,0.9,0.8846153846153846,0.8666666666666667,0.7777777777777778
1450200,0.631578947368421,0.9,0.8846153846153846,0.8666666666666667,0.7777777777777778
1450500,0.6842105263157895,0.9,0.9038461538461539,0.8666666666666667,0.7222222222222222
1450800,0.6578947368421053,0.9,0.8846153846153846,0.8666666666666667,0.75
1451100,0.6842105263157895,0.9,0.8846153846153846,0.8666666666666667,0.75
1451400,0.6710526315789473,0.9,0.8653846153846154,0.8333333333333334,0.7222222222222222
1451700,0.6710526315789473,0.9,0.8461538461538461,0.8333333333333334,0.75
1452000,0.631578947368421,0.85,0.8461538461538461,0.8333333333333334,0.7222222222222222
1452300,0.6052631578947368,0.9,0.8461538461538461,0.8333333333333334,0.6666666666666666
1452600,0.6052631578947368,0.85,0.8653846153846154,0.8333333333333334,0.6944444444444444
1452900,0.631578947368421,0.75,0.8846153846153846,0.8333333333333334,0.6944444444444444
1453200,0.631578947368421,0.8,0.8461538461538461,0.8333333333333334,0.6944444444444444
1453500,0.5921052631578947,0.8,0.8269230769230769,0.8333333333333334,0.6944444444444444
1453800,0.618421052631579,0.8,0.8076923076923077,0.8333333333333334,0.7222222222222222
1454100,0.5657894736842105,0.75,0.8846153846153846,0.8333333333333334,0.75
1454400,0.6052631578947368,0.75,0.8846153846153846,0.8666666666666667,0.7222222222222222
1454700,0.618421052631579,0.75,0.9038461538461539,0.8666666666666667,0.75
1455000,0.5657894736842105,0.85,0.9038461538461539,0.8666666666666667,0.7222222222222222
1455300,0.5526315789473685,0.8,0.8653846153846154,0.8333333333333334,0.6944444444444444
1455600,0.5131578947368421,0.8,0.8461538461538461,0.8333333333333334,0.6944444444444444
1455900,0.5526315789473685,0.75,0.8461538461538461,0.8333333333333334,0.6944444444444444
1456200,0.5657894736842105,0.7,0.8461538461538461,0.8,0.6944444444444444
1456500,0.5131578947368421,0.75,0.8461538461538461,0.8,0.7222222222222222
1456800,0.5394736842105263,0.75,0.8461538461538461,0.7666666666666667,0.6944444444444444
1457100,0.5131578947368421,0.75,0.8653846153846154,0.7333333333333333,0.6944444444444444
1457400,0.47368421052631576,0.75,0.8653846153846154,0.7333333333333333,0.6944444444444444
1457700,0.4473684210526316,0.85,0.8653846153846154,0.7333333333333333,0.7222222222222222
1458000,0.42105263157894735,0.8,0.8653846153846154,0.7333333333333333,0.6666666666666666
1458300,0.47368421052631576,0.85,0.8653846153846154,0.7333333333333333,0.6388888888888888
1458600,0.47368421052631576,0.8,0.8653846153846154,0.7333333333333333,0.6388888888888888
1458900,0.4868421052631579,0.85,0.8653846153846154,0.7333333333333333,0.6388888888888888
1459200,0.39473684210526316,0.8,0.8076923076923077,0.7333333333333333,0.6388888888888888
1459500,0.4342105263157895,0.8,0.7884615384615384,0.7333333333333333,0.6666666666666666
1459800,0.40789473684210525,0.8,0.75,0.7333333333333333,0.6944444444444444
1460100,0.4473684210526316,0.8,0.7307692307692307,0.8,0.6944444444444444
1460400,0.3815789473684211,0.8,0.7692307692307693,0.7666666666666667,0.7222222222222222
1460700,0.39473684210526316,0.8,0.7692307692307693,0.7666666666666667,0.7222222222222222
1461000,0.35526315789473684,0.75,0.7692307692307693,0.7666666666666667,0.7222222222222222
1461300,0.2631578947368421,0.7,0.7692307692307693,0.7666666666666667,0.7222222222222222
1461600,0.25,0.65,0.8076923076923077,0.7333333333333333,0.75
1461900,0.0,0.0,0.7884615384615384,0.7333333333333333,0.7222222222222222
1462200,0.25,0.7,0.7692307692307693,0.7333333333333333,0.7222222222222222
1462500,0.19736842105263158,0.7,0.7884615384615384,0.7333333333333333,0.6944444444444444
1462800,0.11842105263157894,0.75,0.7307692307692307,0.7,0.6666666666666666
1463100,0.11842105263157894,0.8,0.7307692307692307,0.7,0.6666666666666666
1463400,0.17105263157894737,0.9,0.75,0.6666666666666666,0.6944444444444444
1463700,0.17105263157894737,0.9,0.7692307692307693,0.6666666666666666,0.6944444444444444
1464000,0.17105263157894737,1.0,0.7692307692307693,0.6666666666666666,0.7222222222222222
1464300,0.17105263157894737,0.95,0.7692307692307693,0.6666666666666666,0.7222222222222222
1464600,0.18421052631578946,0.9,0.75,0.6333333333333333,0.7222222222222222
1464900,0.21052631578947367,0.9,0.7115384615384616,0.6666666666666666,0.7222222222222222
1465200,0.18421052631578946,0.9,0.75,0.6333333333333333,0.6944444444444444
1465500,0.15789473684210525,0.85,0.75,0.6333333333333333,0.7222222222222222
1465800,0.11842105263157894,0.9,0.7115384615384616,0.5666666666666667,0.7222222222222222
1466100,0.11842105263157894,0.9,0.7692307692307693,0.6333333333333333,0.6944444444444444
1466400,0.18421052631578946,0.85,0.7884615384615384,0.6333333333333333,0.7222222222222222
1466700,0.18421052631578946,0.85,0.7884615384615384,0.6333333333333333,0.75
1467000,0.18421052631578946,0.85,0.7884615384615384,0.6333333333333333,0.75
1467300,0.18421052631578946,0.8,0.75,0.6,0.75
1467600,0.23684210526315788,0.85,0.75,0.5666666666666667,0.6944444444444444
1467900,0.2631578947368421,0.85,0.7692307692307693,0.5666666666666667,0.6944444444444444
1468200,0.2631578947368421,0.85,0.7692307692307693,0.5666666666666667,0.6388888888888888
1468500,0.2631578947368421,0.9,0.7692307692307693,0.5666666666666667,0.5833333333333334
1468800,0.25,0.9,0.75,0.5666666666666667,0.5555555555555556
1469100,0.21052631578947367,0.95,0.7307692307692307,0.5666666666666667,0.3888888888888889
1469400,0.18421052631578946,0.95,0.7307692307692307,0.5333333333333333,0.3333333333333333
1469700,0.14473684210526316,0.9,0.7307692307692307,0.5,0.3055555555555556
1470000,0.17105263157894737,0.9,0.7115384615384616,0.5,0.25
1470300,0.11842105263157894,0.9,0.6923076923076923,0.5,0.2222222222222222
1470600,0.11842105263157894,0.9,0.6923076923076923,0.5,0.2222222222222222
1470900,0.11842105263157894,0.9,0.7115384615384616,0.43333333333333335,0.05555555555555555
1471200,0.10526315789473684,0.9,0.7307692307692307,0.43333333333333335,0.05555555555555555
1471500,0.10526315789473684,0.9,0.75,0.43333333333333335,0.05555555555555555
1471800,0.10526315789473684,0.95,0.75,0.4666666666666667,0.08333333333333333
1472100,0.09210526315789473,0.95,0.75,0.4666666666666667,0.08333333333333333
1472400,0.09210526315789473,0.95,0.7884615384615384,0.4666666666666667,0.1111111111111111
1472700,0.05263157894736842,0.95,0.7692307692307693,0.4666666666666667,0.08333333333333333
1473000,0.07894736842105263,0.95,0.8076923076923077,0.5,0.1388888888888889
1473300,0.06578947368421052,0.95,0.8461538461538461,0.5,0.1111111111111111
1473600,0.07894736842105263,0.95,0.8461538461538461,0.5,0.1388888888888889
1473900,0.05263157894736842,0.95,0.8461538461538461,0.5,0.1388888888888889
1474200,0.06578947368421052,0.95,0.8461538461538461,0.5333333333333333,0.16666666666666666
1474500,0.07894736842105263,0.95,0.8461538461538461,0.5333333333333333,0.19444444444444445
1474800,0.09210526315789473,0.95,0.8269230769230769,0.5333333333333333,0.19444444444444445
1475100,0.09210526315789473,0.95,0.8076923076923077,0.5333333333333333,0.16666666666666666
1475400,0.11842105263157894,0.95,0.8076923076923077,0.5666666666666667,0.16666666666666666
1475700,0.10526315789473684,0.95,0.8076923076923077,0.5666666666666667,0.2222222222222222
1476000,0.11842105263157894,0.95,0.8076923076923077,0.5666666666666667,0.2777777777777778
1476300,0.11842105263157894,0.95,0.7884615384615384,0.5333333333333333,0.3611111111111111
1476600,0.10526315789473684,0.95,0.7692307692307693,0.5333333333333333,0.4444444444444444
1476900,0.09210526315789473,0.95,0.7884615384615384,0.5333333333333333,0.4444444444444444
1477200,0.09210526315789473,0.95,0.8076923076923077,0.5333333333333333,0.4166666666666667
1477500,0.06578947368421052,0.95,0.8076923076923077,0.5333333333333333,0.4444444444444444
1477800,0.07894736842105263,0.95,0.8076923076923077,0.5,0.4722222222222222
1478100,0.07894736842105263,0.95,0.8076923076923077,0.4666666666666667,0.5277777777777778
1478400,0.06578947368421052,0.95,0.8076923076923077,0.43333333333333335,0.5277777777777778
1478700,0.09210526315789473,0.95,0.7884615384615384,0.43333333333333335,0.5277777777777778
1479000,0.09210526315789473,0.95,0.7884615384615384,0.43333333333333335,0.5833333333333334
1479300,0.07894736842105263,0.9,0.7884615384615384,0.4,0.5277777777777778
1479600,0.06578947368421052,0.9,0.7884615384615384,0.4666666666666667,0.5277777777777778
1479900,0.07894736842105263,0.9,0.7884615384615384,0.4666666666666667,0.5277777777777778
1480200,0.07894736842105263,0.9,0.7884615384615384,0.5,0.5555555555555556
1480500,0.09210526315789473,0.9,0.8076923076923077,0.4666666666666667,0.5833333333333334
1480800,0.06578947368421052,0.9,0.8269230769230769,0.5,0.5277777777777778
1481100,0.09210526315789473,0.9,0.8269230769230769,0.5333333333333333,0.5277777777777778
1481400,0.09210526315789473,0.9,0.8269230769230769,0.5333333333333333,0.5
1481700,0.07894736842105263,0.9,0.8076923076923077,0.5333333333333333,0.4444444444444444
1482000,0.10526315789473684,0.9,0.7884615384615384,0.5333333333333333,0.4444444444444444
1482300,0.10526315789473684,0.9,0.7884615384615384,0.5333333333333333,0.3888888888888889
1482600,0.10526315789473684,0.9,0.7884615384615384,0.5333333333333333,0.3888888888888889
1482900,0.09210526315789473,0.95,0.7884615384615384,0.5333333333333333,0.4166666666666667
1483200,0.09210526315789473,0.95,0.7884615384615384,0.5333333333333333,0.4166666666666667
1483500,0.09210526315789473,0.95,0.7884615384615384,0.5333333333333333,0.3888888888888889
1483800,0.09210526315789473,0.95,0.7884615384615384,0.5333333333333333,0.4166666666666667
1484100,0.09210526315789473,0.95,0.7884615384615384,0.6,0.3611111111111111
1484400,0.09210526315789473,0.95,0.7884615384615384,0.6,0.3611111111111111
1484700,0.10526315789473684,0.95,0.7692307692307693,0.6,0.2777777777777778
1485000,0.10526315789473684,0.95,0.7884615384615384,0.6,0.3055555555555556
1485300,0.10526315789473684,0.95,0.8076923076923077,0.6,0.3055555555555556
1485600,0.10526315789473684,0.95,0.7692307692307693,0.6,0.3333333333333333
1485900,0.10526315789473684,0.95,0.75,0.6,0.3611111111111111
1486200,0.10526315789473684,0.95,0.75,0.6,0.3611111111111111
1486500,0.11842105263157894,0.95,0.75,0.6,0.3611111111111111
1486800,0.11842105263157894,0.95,0.7692307692307693,0.6,0.3611111111111111
1487100,0.11842105263157894,0.95,0.75,0.6,0.4166666666666667
1487400,0.11842105263157894,0.95,0.7307692307692307,0.5666666666666667,0.5
1487700,0.10526315789473684,0.95,0.7307692307692307,0.5666666666666667,0.5555555555555556
1488000,0.10526315789473684,0.95,0.7307692307692307,0.5666666666666667,0.5555555555555556
1488300,0.10526315789473684,0.95,0.7307692307692307,0.5666666666666667,0.5555555555555556
1488600,0.10526315789473684,0.95,0.7307692307692307,0.5666666666666667,0.5555555555555556
1488900,0.10526315789473684,0.95,0.7307692307692307,0.5666666666666667,0.5555555555555556
1489200,0.10526315789473684,0.95,0.7307692307692307,0.5666666666666667,0.5555555555555556
1489500,0.10526315789473684,0.95,0.7307692307692307,0.5666666666666667,0.5555555555555556
1489800,0.10526315789473684,0.95,0.7307692307692307,0.5666666666666667,0.5555555555555556
1490100,0.10526315789473684,0.95,0.7307692307692307,0.5666666666666667,0.5555555555555556
1490400,0.10526315789473684,0.95,0.7307692307692307,0.5666666666666667,0.5555555555555556
1490700,0.10526315789473684,0.95,0.7307692307692307,0.5666666666666667,0.5555555555555556
1491000,0.10526315789473684,0.95,0.7307692307692307,0.5666666666666667,0.5555555555555556
1491300,0.10526315789473684,0.95,0.7307692307692307,0.5666666666666667,0.5555555555555556
1491600,0.10526315789473684,0.95,0.7307692307692307,0.5666666666666667,0.5555555555555556
1491900,0.10526315789473684,0.95,0.7307692307692307,0.5666666666666667,0.5555555555555556
1492200,0.10526315789473684,0.95,0.7307692307692307,0.5666666666666667,0.5555555555555556
1492500,0.10526315789473684,0.95,0.7307692307692307,0.5666666666666667,0.5555555555555556
1492800,0.10526315789473684,0.95,0.7307692307692307,0.5666666666666667,0.5555555555555556
1493100,0.10526315789473684,0.95,0.7307692307692307,0.5666666666666667,0.5555555555555556
1493400,0.10526315789473684,0.95,0.7307692307692307,0.5666666666666667,0.5555555555555556
1493700,0.10526315789473684,0.95,0.7307692307692307,0.5666666666666667,0.5555555555555556
1494000,0.10526315789473684,0.95,0.7307692307692307,0.5666666666666667,0.5555555555555556
1494300,0.10526315789473684,0.95,0.7307692307692307,0.5666666666666667,0.5555555555555556
1494600,0.10526315789473684,0.95,0.7307692307692307,0.5666666666666667,0.5555555555555556
1494900,0.10526315789473684,0.95,0.7307692307692307,0.5666666666666667,0.5555555555555556
1495200,0.10526315789473684,0.95,0.7307692307692307,0.5666666666666667,0.5555555555555556
1495500,0.10526315789473684,0.95,0.7307692307692307,0.5666666666666667,0.5555555555555556
1495800,0.10526315789473684,0.95,0.7307692307692307,0.5666666666666667,0.5555555555555556
1496100,0.10526315789473684,0.95,0.7307692307692307,0.5666666666666667,0.5555555555555556
1496400,0.10526315789473684,0.95,0.7307692307692307,0.5666666666666667,0.5555555555555556
1496700,0.10526315789473684,0.95,0.7307692307692307,0.5666666666666667,0.5555555555555556
1497000,0.10526315789473684,0.95,0.7307692307692307,0.5666666666666667,0.5555555555555556
1497300,0.10526315789473684,0.95,0.7307692307692307,0.5666666666666667,0.5555555555555556
1497600,0.10526315789473684,0.95,0.7307692307692307,0.5666666666666667,0.5555555555555556
1497900,0.10526315789473684,0.95,0.7307692307692307,0.5666666666666667,0.5555555555555556
1498200,0.10526315789473684,0.95,0.7307692307692307,0.5666666666666667,0.5555555555555556
1498500,0.17105263157894737,1.0,0.6346153846153846,0.5666666666666667,0.7777777777777778
1498800,0.18421052631578946,1.0,0.6730769230769231,0.6333333333333333,0.7777777777777778
1499100,0.21052631578947367,1.0,0.6730769230769231,0.6666666666666666,0.7777777777777778
1499400,0.19736842105263158,0.95,0.6923076923076923,0.6666666666666666,0.7777777777777778
1499700,0.19736842105263158,0.95,0.6923076923076923,0.6666666666666666,0.7777777777777778
1500000,0.19736842105263158,0.95,0.6923076923076923,0.6666666666666666,0.75
1500300,0.23684210526315788,0.9,0.7115384615384616,0.6666666666666666,0.75
1500600,0.23684210526315788,0.9,0.7115384615384616,0.6666666666666666,0.8055555555555556
1500900,0.23684210526315788,0.9,0.75,0.6333333333333333,0.8055555555555556
1501200,0.27631578947368424,0.9,0.75,0.6333333333333333,0.8333333333333334
1501500,0.2894736842105263,0.9,0.7307692307692307,0.6333333333333333,0.8333333333333334
1501800,0.3026315789473684,0.9,0.75,0.6333333333333333,0.8333333333333334
1502100,0.3026315789473684,0.9,0.75,0.6333333333333333,0.8333333333333334
1502400,0.34210526315789475,0.9,0.6923076923076923,0.7,0.8333333333333334
1502700,0.34210526315789475,0.9,0.6923076923076923,0.7,0.8611111111111112
1503000,0.35526315789473684,0.9,0.6923076923076923,0.7,0.8611111111111112
1503300,0.40789473684210525,0.9,0.6923076923076923,0.7,0.8611111111111112
1503600,0.42105263157894735,0.9,0.6923076923076923,0.7,0.8611111111111112
1503900,0.4342105263157895,0.9,0.7115384615384616,0.7333333333333333,0.8611111111111112
1504200,0.4473684210526316,0.9,0.6730769230769231,0.7333333333333333,0.8611111111111112
1504500,0.4342105263157895,0.85,0.6730769230769231,0.7333333333333333,0.8611111111111112
1504800,0.39473684210526316,0.85,0.7115384615384616,0.7333333333333333,0.8611111111111112
1505100,0.0,0.0,0.7115384615384616,0.7,0.8611111111111112
1505400,0.42105263157894735,0.85,0.75,0.7666666666666667,0.8611111111111112
1505700,0.42105263157894735,0.85,0.7884615384615384,0.7,0.8611111111111112
1506000,0.42105263157894735,0.85,0.7884615384615384,0.7333333333333333,0.8888888888888888
1506300,0.4605263157894737,0.75,0.8076923076923077,0.7333333333333333,0.8888888888888888
1506600,0.4605263157894737,0.75,0.8076923076923077,0.7333333333333333,0.8888888888888888
1506900,0.4473684210526316,0.75,0.8076923076923077,0.7666666666666667,0.8888888888888888
1507200,0.4473684210526316,0.7,0.8269230769230769,0.7333333333333333,0.9444444444444444
1507500,0.4342105263157895,0.7,0.8076923076923077,0.7333333333333333,0.9166666666666666
1507800,0.4473684210526316,0.7,0.8076923076923077,0.7333333333333333,0.8888888888888888
1508100,0.4473684210526316,0.75,0.8076923076923077,0.7333333333333333,0.8888888888888888
1508400,0.4342105263157895,0.75,0.8269230769230769,0.7,0.9166666666666666
1508700,0.4473684210526316,0.65,0.8461538461538461,0.7333333333333333,0.9166666666666666
1509000,0.4605263157894737,0.65,0.8461538461538461,0.7333333333333333,0.9166666666666666
1509300,0.4605263157894737,0.7,0.8461538461538461,0.7666666666666667,0.9166666666666666
1509600,0.4605263157894737,0.7,0.8461538461538461,0.7666666666666667,0.9166666666666666
1509900,0.4473684210526316,0.7,0.8461538461538461,0.7666666666666667,0.9166666666666666
1510200,0.4473684210526316,0.8,0.8269230769230769,0.7666666666666667,0.9166666666666666
1510500,0.4605263157894737,0.75,0.8269230769230769,0.7666666666666667,0.9166666666666666
1510800,0.4605263157894737,0.75,0.8076923076923077,0.7666666666666667,0.9166666666666666
1511100,0.4868421052631579,0.8,0.8269230769230769,0.7666666666666667,0.9166666666666666
1511400,0.5,0.85,0.7884615384615384,0.7666666666666667,0.9166666666666666
1511700,0.5,0.8,0.8076923076923077,0.7333333333333333,0.8611111111111112
1512000,0.5263157894736842,0.75,0.8269230769230769,0.7333333333333333,0.8055555555555556
1512300,0.5394736842105263,0.75,0.8076923076923077,0.7333333333333333,0.7777777777777778
1512600,0.5394736842105263,0.75,0.7884615384615384,0.7333333333333333,0.75
1512900,0.5131578947368421,0.75,0.7884615384615384,0.7333333333333333,0.75
1513200,0.5,0.65,0.75,0.7,0.75
1513500,0.5263157894736842,0.65,0.7307692307692307,0.7,0.75
1513800,0.5,0.7,0.7307692307692307,0.7,0.7777777777777778
1514100,0.5,0.65,0.6923076923076923,0.7,0.7222222222222222
1514400,0.5,0.7,0.6923076923076923,0.7,0.7222222222222222
1514700,0.4605263157894737,0.6,0.6538461538461539,0.7,0.7222222222222222
1515000,0.4473684210526316,0.6,0.6538461538461539,0.7333333333333333,0.7222222222222222
1515300,0.4473684210526316,0.55,0.6346153846153846,0.7333333333333333,0.75
1515600,0.42105263157894735,0.5,0.6153846153846154,0.8,0.75
1515900,0.3815789473684211,0.55,0.5961538461538461,0.8,0.7777777777777778
1516200,0.4342105263157895,0.55,0.5769230769230769,0.8,0.75
1516500,0.4605263157894737,0.55,0.5769230769230769,0.8,0.75
1516800,0.47368421052631576,0.5,0.5769230769230769,0.8,0.7222222222222222
1517100,0.5263157894736842,0.5,0.5961538461538461,0.8,0.7777777777777778
1517400,0.5526315789473685,0.55,0.6153846153846154,0.8,0.75
1517700,0.5526315789473685,0.6,0.6153846153846154,0.8,0.8055555555555556
1518000,0.5657894736842105,0.7,0.6153846153846154,0.7666666666666667,0.8055555555555556
1518300,0.5789473684210527,0.75,0.5961538461538461,0.7333333333333333,0.8055555555555556
1518600,0.618421052631579,0.7,0.5961538461538461,0.7333333333333333,0.8055555555555556
1518900,0.631578947368421,0.7,0.6730769230769231,0.7666666666666667,0.8055555555555556
1519200,0.6447368421052632,0.65,0.6730769230769231,0.7666666666666667,0.8055555555555556
1519500,0.6710526315789473,0.7,0.7307692307692307,0.8,0.8055555555555556
1519800,0.6842105263157895,0.7,0.75,0.8,0.8333333333333334
1520100,0.6578947368421053,0.7,0.7307692307692307,0.8,0.8611111111111112
1520400,0.6710526315789473,0.65,0.7115384615384616,0.8,0.8611111111111112
1520700,0.7105263157894737,0.7,0.7115384615384616,0.8,0.8611111111111112
1521000,0.6710526315789473,0.75,0.7115384615384616,0.8333333333333334,0.8888888888888888
1521300,0.7105263157894737,0.7,0.7115384615384616,0.9,0.8888888888888888
1521600,0.6842105263157895,0.75,0.7115384615384616,0.9,0.8888888888888888
1521900,0.6710526315789473,0.75,0.7884615384615384,0.9,0.8888888888888888
1522200,0.631578947368421,0.7,0.7884615384615384,0.9,0.8888888888888888
1522500,0.6447368421052632,0.6,0.8269230769230769,0.9,0.8611111111111112
1522800,0.6447368421052632,0.65,0.8653846153846154,0.8666666666666667,0.8611111111111112
1523100,0.6710526315789473,0.65,0.8653846153846154,0.8666666666666667,0.8611111111111112
1523400,0.6973684210526315,0.65,0.8653846153846154,0.8666666666666667,0.8611111111111112
1523700,0.6447368421052632,0.65,0.8461538461538461,0.8666666666666667,0.8611111111111112
1524000,0.6973684210526315,0.65,0.8269230769230769,0.8333333333333334,0.8333333333333334
1524300,0.6447368421052632,0.7,0.8269230769230769,0.8333333333333334,0.8611111111111112
1524600,0.6710526315789473,0.7,0.8076923076923077,0.8333333333333334,0.8611111111111112
1524900,0.6842105263157895,0.7,0.8269230769230769,0.8333333333333334,0.8611111111111112
1525200,0.6973684210526315,0.75,0.8269230769230769,0.8333333333333334,0.8611111111111112
1525500,0.6578947368421053,0.75,0.8269230769230769,0.8333333333333334,0.8611111111111112
1525800,0.6710526315789473,0.7,0.8269230769230769,0.8,0.8611111111111112
1526100,0.6973684210526315,0.75,0.8076923076923077,0.8,0.8333333333333334
1526400,0.6973684210526315,0.9,0.7884615384615384,0.8,0.8055555555555556
1526700,0.6973684210526315,0.85,0.7884615384615384,0.8,0.8333333333333334
1527000,0.6447368421052632,0.8,0.7884615384615384,0.8,0.8055555555555556
1527300,0.6447368421052632,0.8,0.7307692307692307,0.8666666666666667,0.8055555555555556
1527600,0.6973684210526315,0.85,0.6346153846153846,0.9,0.8055555555555556
1527900,0.6447368421052632,0.8,0.6346153846153846,0.9,0.8055555555555556
1528200,0.6447368421052632,0.75,0.6538461538461539,0.9333333333333333,0.8611111111111112
1528500,0.6578947368421053,0.75,0.6153846153846154,0.9333333333333333,0.8333333333333334
1528800,0.6052631578947368,0.75,0.6153846153846154,0.9333333333333333,0.8888888888888888
1529100,0.5921052631578947,0.7,0.6538461538461539,0.9333333333333333,0.8888888888888888
1529400,0.6447368421052632,0.75,0.6923076923076923,0.9333333333333333,0.8888888888888888
1529700,0.631578947368421,0.75,0.6923076923076923,0.9,0.8888888888888888
1530000,0.6710526315789473,0.7,0.75,0.9,0.8611111111111112
1530300,0.6578947368421053,0.65,0.8076923076923077,0.8666666666666667,0.8611111111111112
1530600,0.6447368421052632,0.6,0.8269230769230769,0.8666666666666667,0.8611111111111112
1530900,0.6578947368421053,0.65,0.8269230769230769,0.8666666666666667,0.8055555555555556
1531200,0.6052631578947368,0.65,0.8846153846153846,0.8666666666666667,0.7777777777777778
1531500,0.631578947368421,0.7,0.8846153846153846,0.8666666666666667,0.8055555555555556
1531800,0.631578947368421,0.65,0.8846153846153846,0.8333333333333334,0.8055555555555556
1532100,0.6052631578947368,0.7,0.8653846153846154,0.8333333333333334,0.8333333333333334
1532400,0.6447368421052632,0.7,0.8653846153846154,0.8333333333333334,0.8333333333333334
1532700,0.6710526315789473,0.75,0.9038461538461539,0.8666666666666667,0.7777777777777778
1533000,0.6710526315789473,0.75,0.9038461538461539,0.8666666666666667,0.75
1533300,0.6842105263157895,0.65,0.9230769230769231,0.8666666666666667,0.75
1533600,0.6842105263157895,0.65,0.9038461538461539,0.8666666666666667,0.75
1533900,0.6842105263157895,0.7,0.9038461538461539,0.9,0.8055555555555556
1534200,0.6842105263157895,0.7,0.9038461538461539,0.8666666666666667,0.8055555555555556
1534500,0.6842105263157895,0.8,0.9038461538461539,0.8333333333333334,0.8055555555555556
1534800,0.6578947368421053,0.8,0.9038461538461539,0.8333333333333334,0.8055555555555556
1535100,0.6973684210526315,0.75,0.9038461538461539,0.8,0.8055555555555556
1535400,0.7236842105263158,0.8,0.9230769230769231,0.8,0.8055555555555556
1535700,0.6710526315789473,0.8,0.8846153846153846,0.8,0.7777777777777778
1536000,0.7236842105263158,0.8,0.8846153846153846,0.8,0.7777777777777778
1536300,0.7236842105263158,0.8,0.8846153846153846,0.8,0.7777777777777778
1536600,0.6710526315789473,0.85,0.8846153846153846,0.8333333333333334,0.8055555555555556
1536900,0.7105263157894737,0.85,0.8653846153846154,0.8333333333333334,0.8055555555555556
1537200,0.6973684210526315,0.8,0.8653846153846154,0.8666666666666667,0.8611111111111112
1537500,0.6710526315789473,0.75,0.8653846153846154,0.8666666666666667,0.8611111111111112
1537800,0.6710526315789473,0.75,0.8653846153846154,0.8666666666666667,0.8611111111111112
1538100,0.6578947368421053,0.65,0.8269230769230769,0.8666666666666667,0.8055555555555556
1538400,0.618421052631579,0.65,0.8269230769230769,0.8666666666666667,0.8055555555555556
1538700,0.6052631578947368,0.55,0.7692307692307693,0.8666666666666667,0.8055555555555556
1539000,0.6052631578947368,0.55,0.7884615384615384,0.8333333333333334,0.7777777777777778
1539300,0.5657894736842105,0.5,0.7692307692307693,0.8333333333333334,0.7777777777777778
1539600,0.5789473684210527,0.5,0.75,0.8666666666666667,0.7777777777777778
1539900,0.5921052631578947,0.45,0.7692307692307693,0.8333333333333334,0.8055555555555556
1540200,0.5263157894736842,0.55,0.7692307692307693,0.8,0.7777777777777778
1540500,0.5789473684210527,0.55,0.7884615384615384,0.8,0.7777777777777778
1540800,0.5789473684210527,0.55,0.7884615384615384,0.8,0.7777777777777778
1541100,0.0,0.6,0.7884615384615384,0.7333333333333333,0.8611111111111112
1541400,0.5789473684210527,0.6,0.75,0.7333333333333333,0.8611111111111112
1541700,0.5526315789473685,0.6,0.75,0.7333333333333333,0.8611111111111112
1542000,0.5131578947368421,0.55,0.7307692307692307,0.7333333333333333,0.8888888888888888
1542300,0.47368421052631576,0.4,0.7307692307692307,0.8,0.8333333333333334
1542600,0.47368421052631576,0.4,0.7307692307692307,0.7666666666666667,0.8055555555555556
1542900,0.47368421052631576,0.45,0.75,0.7666666666666667,0.7777777777777778
1543200,0.47368421052631576,0.45,0.7692307692307693,0.7666666666666667,0.7777777777777778
1543500,0.40789473684210525,0.5,0.7307692307692307,0.7666666666666667,0.7222222222222222
1543800,0.4473684210526316,0.5,0.7307692307692307,0.7666666666666667,0.7222222222222222
1544100,0.4605263157894737,0.6,0.7115384615384616,0.7666666666666667,0.6944444444444444
1544400,0.47368421052631576,0.6,0.75,0.7666666666666667,0.5833333333333334
1544700,0.4605263157894737,0.6,0.7307692307692307,0.7666666666666667,0.5555555555555556
1545000,0.47368421052631576,0.6,0.7115384615384616,0.8,0.5555555555555556
1545300,0.4473684210526316,0.6,0.75,0.8,0.5555555555555556
1545600,0.47368421052631576,0.65,0.7307692307692307,0.8,0.5277777777777778
1545900,0.4342105263157895,0.7,0.6923076923076923,0.8333333333333334,0.5555555555555556
1546200,0.4473684210526316,0.7,0.6730769230769231,0.8,0.5555555555555556
1546500,0.4473684210526316,0.75,0.7115384615384616,0.7666666666666667,0.5555555555555556
1546800,0.40789473684210525,0.8,0.6730769230769231,0.8,0.5
1547100,0.40789473684210525,0.8,0.6730769230769231,0.8,0.5
1547400,0.34210526315789475,0.8,0.6730769230769231,0.6666666666666666,0.4722222222222222
1547700,0.3684210526315789,0.75,0.6923076923076923,0.6333333333333333,0.4722222222222222
1548000,0.34210526315789475,0.8,0.6538461538461539,0.6333333333333333,0.4722222222222222
1548300,0.2894736842105263,0.75,0.6923076923076923,0.6666666666666666,0.4166666666666667
1548600,0.35526315789473684,0.75,0.6923076923076923,0.6666666666666666,0.4444444444444444
1548900,0.32894736842105265,0.8,0.7115384615384616,0.6333333333333333,0.4444444444444444
1549200,0.3157894736842105,0.85,0.6730769230769231,0.6333333333333333,0.3611111111111111
1549500,0.3157894736842105,0.85,0.6923076923076923,0.7,0.3611111111111111
1549800,0.2894736842105263,0.85,0.6730769230769231,0.7,0.3333333333333333
1550100,0.2631578947368421,0.85,0.7307692307692307,0.7,0.3888888888888889
1550400,0.27631578947368424,0.85,0.7307692307692307,0.7,0.3888888888888889
1550700,0.2894736842105263,0.85,0.75,0.7666666666666667,0.4166666666666667
1551000,0.2894736842105263,0.85,0.75,0.7666666666666667,0.4166666666666667
1551300,0.2631578947368421,0.85,0.8461538461538461,0.7333333333333333,0.4722222222222222
1551600,0.27631578947368424,0.8,0.8461538461538461,0.7333333333333333,0.4722222222222222
1551900,0.2631578947368421,0.8,0.8076923076923077,0.7,0.4722222222222222
1552200,0.25,0.8,0.8076923076923077,0.7,0.4444444444444444
1552500,0.2894736842105263,0.75,0.7884615384615384,0.7,0.4444444444444444
1552800,0.2894736842105263,0.75,0.75,0.7,0.4444444444444444
1553100,0.2894736842105263,0.75,0.8076923076923077,0.7,0.4444444444444444
1553400,0.2631578947368421,0.75,0.7692307692307693,0.7333333333333333,0.3888888888888889
1553700,0.21052631578947367,0.75,0.7692307692307693,0.6,0.4166666666666667
1554000,0.18421052631578946,0.7,0.7692307692307693,0.6,0.3888888888888889
1554300,0.15789473684210525,0.75,0.75,0.6,0.3611111111111111
1554600,0.17105263157894737,0.75,0.7307692307692307,0.6,0.3888888888888889
1554900,0.17105263157894737,0.8,0.7307692307692307,0.5666666666666667,0.3888888888888889
1555200,0.15789473684210525,0.75,0.7884615384615384,0.5666666666666667,0.4444444444444444
1555500,0.15789473684210525,0.85,0.8076923076923077,0.5666666666666667,0.4444444444444444
1555800,0.13157894736842105,0.85,0.8076923076923077,0.5,0.4722222222222222
1556100,0.13157894736842105,0.85,0.8076923076923077,0.43333333333333335,0.4166666666666667
1556400,0.10526315789473684,0.85,0.8076923076923077,0.4666666666666667,0.3888888888888889
1556700,0.11842105263157894,0.85,0.8076923076923077,0.4666666666666667,0.3333333333333333
1557000,0.06578947368421052,0.85,0.7884615384615384,0.4666666666666667,0.3333333333333333
1557300,0.06578947368421052,0.85,0.8076923076923077,0.4666666666666667,0.3055555555555556
1557600,0.05263157894736842,0.9,0.8076923076923077,0.43333333333333335,0.2777777777777778
1557900,0.06578947368421052,0.9,0.8461538461538461,0.43333333333333335,0.3055555555555556
1558200,0.05263157894736842,0.9,0.8461538461538461,0.43333333333333335,0.19444444444444445
1558500,0.05263157894736842,0.9,0.8846153846153846,0.43333333333333335,0.1388888888888889
1558800,0.05263157894736842,0.95,0.8461538461538461,0.43333333333333335,0.08333333333333333
1559100,0.05263157894736842,0.95,0.8461538461538461,0.4,0.1111111111111111
1559400,0.09210526315789473,0.95,0.8461538461538461,0.43333333333333335,0.19444444444444445
1559700,0.07894736842105263,0.95,0.8461538461538461,0.43333333333333335,0.2222222222222222
1560000,0.06578947368421052,0.85,0.8269230769230769,0.43333333333333335,0.25
1560300,0.05263157894736842,1.0,0.8076923076923077,0.43333333333333335,0.25
1560600,0.09210526315789473,1.0,0.8269230769230769,0.43333333333333335,0.2222222222222222
1560900,0.10526315789473684,1.0,0.8269230769230769,0.4666666666666667,0.19444444444444445
1561200,0.10526315789473684,1.0,0.8076923076923077,0.4666666666666667,0.25
1561500,0.09210526315789473,1.0,0.8076923076923077,0.4666666666666667,0.2777777777777778
1561800,0.06578947368421052,1.0,0.8076923076923077,0.4666666666666667,0.3333333333333333
1562100,0.039473684210526314,1.0,0.8076923076923077,0.4666666666666667,0.3333333333333333
1562400,0.05263157894736842,1.0,0.8076923076923077,0.43333333333333335,0.3888888888888889
1562700,0.06578947368421052,0.95,0.8076923076923077,0.43333333333333335,0.4166666666666667
1563000,0.05263157894736842,0.95,0.8076923076923077,0.4,0.4444444444444444
1563300,0.06578947368421052,0.95,0.8076923076923077,0.4,0.4166666666666667
1563600,0.06578947368421052,0.95,0.8076923076923077,0.4,0.3888888888888889
1563900,0.039473684210526314,0.95,0.8076923076923077,0.4,0.3611111111111111
1564200,0.06578947368421052,0.95,0.7884615384615384,0.36666666666666664,0.3888888888888889
1564500,0.09210526315789473,0.95,0.8076923076923077,0.36666666666666664,0.4166666666666667
1564800,0.06578947368421052,0.95,0.8076923076923077,0.36666666666666664,0.3611111111111111
1565100,0.09210526315789473,0.95,0.7884615384615384,0.36666666666666664,0.3611111111111111
1565400,0.06578947368421052,1.0,0.7884615384615384,0.36666666666666664,0.3333333333333333
1565700,0.07894736842105263,1.0,0.7692307692307693,0.36666666666666664,0.3333333333333333
1566000,0.06578947368421052,1.0,0.7692307692307693,0.36666666666666664,0.3055555555555556
1566300,0.06578947368421052,1.0,0.7692307692307693,0.43333333333333335,0.2777777777777778
1566600,0.05263157894736842,1.0,0.75,0.43333333333333335,0.2777777777777778
1566900,0.039473684210526314,1.0,0.75,0.4666666666666667,0.3055555555555556
1567200,0.05263157894736842,1.0,0.75,0.43333333333333335,0.2777777777777778
1567500,0.05263157894736842,1.0,0.75,0.4,0.2777777777777778
1567800,0.07894736842105263,1.0,0.7884615384615384,0.4,0.2777777777777778
1568100,0.06578947368421052,1.0,0.8076923076923077,0.4,0.3055555555555556
1568400,0.07894736842105263,1.0,0.7884615384615384,0.4,0.3055555555555556
1568700,0.06578947368421052,1.0,0.7884615384615384,0.4,0.3055555555555556
1569000,0.06578947368421052,1.0,0.7884615384615384,0.4,0.3333333333333333
1569300,0.05263157894736842,1.0,0.7884615384615384,0.4,0.3055555555555556
1569600,0.039473684210526314,1.0,0.7884615384615384,0.4,0.2777777777777778
1569900,0.05263157894736842,1.0,0.7884615384615384,0.43333333333333335,0.3333333333333333
1570200,0.05263157894736842,1.0,0.7884615384615384,0.4,0.3333333333333333
1570500,0.06578947368421052,1.0,0.7692307692307693,0.4,0.3055555555555556
1570800,0.039473684210526314,1.0,0.7884615384615384,0.4,0.3055555555555556
1571100,0.06578947368421052,1.0,0.7884615384615384,0.4,0.3333333333333333
1571400,0.06578947368421052,1.0,0.75,0.4,0.3055555555555556
1571700,0.06578947368421052,1.0,0.7692307692307693,0.4,0.3055555555555556
1572000,0.05263157894736842,1.0,0.7692307692307693,0.4,0.3333333333333333
1572300,0.06578947368421052,1.0,0.7692307692307693,0.4,0.3333333333333333
1572600,0.07894736842105263,1.0,0.75,0.4,0.3055555555555556
1572900,0.07894736842105263,1.0,0.7307692307692307,0.4,0.3055555555555556
1573200,0.06578947368421052,1.0,0.7307692307692307,0.4,0.3055555555555556
1573500,0.07894736842105263,1.0,0.7307692307692307,0.4,0.3055555555555556
1573800,0.10526315789473684,1.0,0.7115384615384616,0.4,0.3055555555555556
1574100,0.07894736842105263,1.0,0.6923076923076923,0.3333333333333333,0.3333333333333333
1574400,0.09210526315789473,1.0,0.6923076923076923,0.3333333333333333,0.3888888888888889
1574700,0.07894736842105263,1.0,0.7115384615384616,0.3333333333333333,0.3611111111111111
1575000,0.06578947368421052,1.0,0.6923076923076923,0.36666666666666664,0.3611111111111111
1575300,0.10526315789473684,1.0,0.6730769230769231,0.36666666666666664,0.3333333333333333
1575600,0.09210526315789473,1.0,0.6538461538461539,0.4,0.2777777777777778
1575900,0.09210526315789473,1.0,0.6538461538461539,0.4,0.2777777777777778
1576200,0.09210526315789473,1.0,0.6538461538461539,0.4,0.25
1576500,0.07894736842105263,1.0,0.6153846153846154,0.4,0.25
1576800,0.10526315789473684,1.0,0.6346153846153846,0.4,0.2777777777777778
1577100,0.09210526315789473,1.0,0.6153846153846154,0.4,0.2777777777777778
1577400,0.09210526315789473,1.0,0.6346153846153846,0.4,0.2777777777777778
1577700,0.10526315789473684,1.0,0.6153846153846154,0.4,0.25
1578000,0.07894736842105263,1.0,0.6346153846153846,0.4,0.25
1578300,0.09210526315789473,1.0,0.6153846153846154,0.36666666666666664,0.25
1578600,0.09210526315789473,1.0,0.6346153846153846,0.36666666666666664,0.2222222222222222
1578900,0.13157894736842105,1.0,0.6923076923076923,0.3333333333333333,0.16666666666666666
1579200,0.11842105263157894,1.0,0.6923076923076923,0.3333333333333333,0.19444444444444445
1579500,0.13157894736842105,1.0,0.6923076923076923,0.3333333333333333,0.19444444444444445
1579800,0.13157894736842105,1.0,0.6538461538461539,0.3333333333333333,0.1111111111111111
1580100,0.14473684210526316,1.0,0.6538461538461539,0.3333333333333333,0.1111111111111111
1580400,0.14473684210526316,1.0,0.6538461538461539,0.3,0.1111111111111111
1580700,0.11842105263157894,1.0,0.6538461538461539,0.3,0.19444444444444445
1581000,0.15789473684210525,1.0,0.6346153846153846,0.3,0.19444444444444445
1581300,0.15789473684210525,0.9,0.6346153846153846,0.36666666666666664,0.2222222222222222
1581600,0.14473684210526316,0.9,0.5769230769230769,0.36666666666666664,0.2222222222222222
1581900,0.13157894736842105,0.9,0.6153846153846154,0.4,0.2777777777777778
1582200,0.18421052631578946,0.85,0.5769230769230769,0.4,0.3333333333333333
1582500,0.18421052631578946,0.85,0.5961538461538461,0.4,0.3611111111111111
1582800,0.19736842105263158,0.85,0.6346153846153846,0.43333333333333335,0.4166666666666667
1583100,0.23684210526315788,0.85,0.6538461538461539,0.43333333333333335,0.4166666666666667
1583400,0.2631578947368421,0.75,0.6538461538461539,0.43333333333333335,0.5
1583700,0.23684210526315788,0.75,0.6538461538461539,0.4666666666666667,0.4722222222222222
1584000,0.23684210526315788,0.75,0.6538461538461539,0.4666666666666667,0.4444444444444444
1584300,0.27631578947368424,0.75,0.6538461538461539,0.5333333333333333,0.4722222222222222
1584600,0.25,0.75,0.6730769230769231,0.5333333333333333,0.5
1584900,0.23684210526315788,0.8,0.6730769230769231,0.5666666666666667,0.5555555555555556
1585200,0.23684210526315788,0.85,0.6538461538461539,0.6,0.5833333333333334
1585500,0.2236842105263158,0.9,0.6538461538461539,0.6,0.5833333333333334
1585800,0.25,0.9,0.6923076923076923,0.6333333333333333,0.5833333333333334
1586100,0.25,0.9,0.6923076923076923,0.6333333333333333,0.6388888888888888
1586400,0.23684210526315788,0.9,0.7115384615384616,0.6,0.6388888888888888
1586700,0.2631578947368421,0.85,0.6730769230769231,0.6,0.7222222222222222
1587000,0.3026315789473684,0.85,0.6538461538461539,0.6,0.75
1587300,0.3026315789473684,0.9,0.6538461538461539,0.6,0.75
1587600,0.3157894736842105,0.9,0.6153846153846154,0.6,0.7777777777777778
1587900,0.3157894736842105,0.85,0.6153846153846154,0.6666666666666666,0.7777777777777778
1588200,0.32894736842105265,0.95,0.6346153846153846,0.6666666666666666,0.7777777777777778
1588500,0.32894736842105265,0.95,0.6346153846153846,0.7,0.8055555555555556
1588800,0.34210526315789475,0.9,0.6346153846153846,0.7,0.8055555555555556
1589100,0.42105263157894735,0.85,0.6538461538461539,0.7,0.8333333333333334
1589400,0.39473684210526316,0.8,0.6730769230769231,0.7,0.8333333333333334
1589700,0.42105263157894735,0.85,0.6730769230769231,0.7,0.8333333333333334
1590000,0.4342105263157895,0.9,0.6538461538461539,0.7,0.8333333333333334
1590300,0.4342105263157895,0.9,0.6153846153846154,0.7,0.8333333333333334
1590600,0.4342105263157895,0.9,0.6153846153846154,0.7,0.8611111111111112
1590900,0.4473684210526316,0.9,0.6153846153846154,0.7,0.8611111111111112
1591200,0.42105263157894735,0.9,0.6153846153846154,0.7,0.8611111111111112
1591500,0.0,0.0,0.6153846153846154,0.7333333333333333,0.8611111111111112
1591800,0.4605263157894737,0.9,0.6153846153846154,0.7333333333333333,0.8611111111111112
1592100,0.4605263157894737,0.9,0.6346153846153846,0.7333333333333333,0.8611111111111112
1592400,0.4868421052631579,0.9,0.6538461538461539,0.7333333333333333,0.8611111111111112
1592700,0.4868421052631579,0.9,0.6730769230769231,0.7,0.8611111111111112
1593000,0.5,0.85,0.7115384615384616,0.7,0.8611111111111112
1593300,0.5131578947368421,0.85,0.7115384615384616,0.7333333333333333,0.8333333333333334
1593600,0.5394736842105263,0.8,0.7115384615384616,0.7333333333333333,0.8333333333333334
1593900,0.5394736842105263,0.8,0.7115384615384616,0.7666666666666667,0.8333333333333334
1594200,0.5526315789473685,0.8,0.7115384615384616,0.8,0.8611111111111112
1594500,0.5789473684210527,0.85,0.7307692307692307,0.7666666666666667,0.8611111111111112
1594800,0.5789473684210527,0.85,0.7307692307692307,0.7666666666666667,0.8333333333333334
1595100,0.5657894736842105,0.75,0.75,0.7666666666666667,0.8333333333333334
1595400,0.5526315789473685,0.75,0.75,0.7666666666666667,0.8333333333333334
1595700,0.5394736842105263,0.75,0.7692307692307693,0.7666666666666667,0.8333333333333334
1596000,0.5,0.8,0.8076923076923077,0.7666666666666667,0.8333333333333334
1596300,0.4868421052631579,0.8,0.8269230769230769,0.7666666666666667,0.8333333333333334
1596600,0.5263157894736842,0.8,0.8269230769230769,0.7666666666666667,0.8333333333333334
1596900,0.5131578947368421,0.8,0.8076923076923077,0.7333333333333333,0.8333333333333334
1597200,0.5,0.85,0.8076923076923077,0.7333333333333333,0.8055555555555556
1597500,0.5657894736842105,0.85,0.7884615384615384,0.7333333333333333,0.8055555555555556
1597800,0.5526315789473685,0.75,0.7692307692307693,0.7,0.7777777777777778
1598100,0.5921052631578947,0.75,0.7692307692307693,0.7,0.7777777777777778
1598400,0.5921052631578947,0.75,0.7692307692307693,0.7,0.7777777777777778
1598700,0.0,0.0,0.7307692307692307,0.7333333333333333,0.7777777777777778
1599000,0.5657894736842105,0.8,0.6923076923076923,0.7333333333333333,0.7777777777777778
1599300,0.5394736842105263,0.8,0.6538461538461539,0.7333333333333333,0.7777777777777778
1599600,0.5,0.8,0.6346153846153846,0.7333333333333333,0.75
1599900,0.5,0.8,0.6153846153846154,0.7333333333333333,0.75
1600200,0.4868421052631579,0.8,0.5769230769230769,0.7333333333333333,0.75
1600500,0.4473684210526316,0.8,0.5576923076923077,0.7333333333333333,0.6944444444444444
1600800,0.5263157894736842,0.8,0.6346153846153846,0.7333333333333333,0.6944444444444444
1601100,0.5131578947368421,0.8,0.5769230769230769,0.7333333333333333,0.7222222222222222
1601400,0.4868421052631579,0.85,0.5576923076923077,0.7666666666666667,0.7222222222222222
1601700,0.4868421052631579,0.8,0.5576923076923077,0.8,0.7222222222222222
1602000,0.5394736842105263,0.8,0.5576923076923077,0.8,0.6944444444444444
1602300,0.5394736842105263,0.75,0.5769230769230769,0.8,0.6944444444444444
1602600,0.5131578947368421,0.75,0.6153846153846154,0.8,0.6666666666666666
1602900,0.5526315789473685,0.8,0.6346153846153846,0.8,0.6944444444444444
1603200,0.47368421052631576,0.8,0.6346153846153846,0.8333333333333334,0.6666666666666666
1603500,0.5,0.8,0.6538461538461539,0.8333333333333334,0.7222222222222222
1603800,0.5394736842105263,0.8,0.6923076923076923,0.8333333333333334,0.75
1604100,0.4868421052631579,0.75,0.7115384615384616,0.8333333333333334,0.7222222222222222
1604400,0.5131578947368421,0.85,0.75,0.8333333333333334,0.75
1604700,0.5131578947368421,0.85,0.7692307692307693,0.8333333333333334,0.75
1605000,0.5263157894736842,0.75,0.7115384615384616,0.8333333333333334,0.75
1605300,0.5,0.75,0.7115384615384616,0.8333333333333334,0.7222222222222222
1605600,0.5526315789473685,0.75,0.75,0.8333333333333334,0.7777777777777778
1605900,0.0,0.0,0.7884615384615384,0.8,0.8333333333333334
1606200,0.5657894736842105,0.75,0.8269230769230769,0.7666666666666667,0.8333333333333334
1606500,0.5526315789473685,0.75,0.8269230769230769,0.7666666666666667,0.8333333333333334
1606800,0.5789473684210527,0.75,0.8269230769230769,0.7666666666666667,0.8611111111111112
1607100,0.5526315789473685,0.8,0.8269230769230769,0.7666666666666667,0.8611111111111112
1607400,0.5921052631578947,0.75,0.8653846153846154,0.8,0.8888888888888888
1607700,0.5921052631578947,0.75,0.8846153846153846,0.8,0.8888888888888888
1608000,0.6052631578947368,0.75,0.9038461538461539,0.8,0.8888888888888888
1608300,0.631578947368421,0.75,0.9038461538461539,0.8,0.8888888888888888
1608600,0.618421052631579,0.8,0.8846153846153846,0.8,0.8888888888888888
1608900,0.6710526315789473,0.7,0.8846153846153846,0.8,0.9166666666666666
1609200,0.6710526315789473,0.65,0.8846153846153846,0.8,0.9166666666666666
1609500,0.6578947368421053,0.65,0.9038461538461539,0.8,0.9166666666666666
1609800,0.618421052631579,0.7,0.9038461538461539,0.8,0.9166666666666666
1610100,0.6447368421052632,0.7,0.8846153846153846,0.8333333333333334,0.9166666666666666
1610400,0.6710526315789473,0.75,0.8653846153846154,0.8,0.8888888888888888
1610700,0.6447368421052632,0.8,0.8269230769230769,0.7666666666666667,0.8888888888888888
1611000,0.6842105263157895,0.75,0.8269230769230769,0.7666666666666667,0.8888888888888888
1611300,0.6578947368421053,0.65,0.8461538461538461,0.7666666666666667,0.9166666666666666
1611600,0.6973684210526315,0.6,0.8076923076923077,0.7666666666666667,0.9166666666666666
1611900,0.6710526315789473,0.6,0.7884615384615384,0.7666666666666667,0.9166666666666666
1612200,0.6973684210526315,0.55,0.7884615384615384,0.8,0.9166666666666666
1612500,0.6578947368421053,0.6,0.7692307692307693,0.7666666666666667,0.8888888888888888
1612800,0.631578947368421,0.5,0.75,0.7666666666666667,0.8888888888888888
1613100,0.6710526315789473,0.45,0.7307692307692307,0.7666666666666667,0.8611111111111112
1613400,0.6973684210526315,0.45,0.6923076923076923,0.7666666666666667,0.8333333333333334
1613700,0.6842105263157895,0.45,0.6730769230769231,0.7666666666666667,0.8055555555555556
1614000,0.6710526315789473,0.45,0.6730769230769231,0.7666666666666667,0.8055555555555556
1614300,0.6710526315789473,0.4,0.6538461538461539,0.8,0.8055555555555556
1614600,0.6710526315789473,0.5,0.6538461538461539,0.8,0.8055555555555556
1614900,0.6973684210526315,0.55,0.6538461538461539,0.8333333333333334,0.8055555555555556
1615200,0.6973684210526315,0.6,0.6153846153846154,0.8333333333333334,0.8055555555555556
1615500,0.7105263157894737,0.65,0.5769230769230769,0.8333333333333334,0.8333333333333334
1615800,0.6973684210526315,0.7,0.5961538461538461,0.8333333333333334,0.8055555555555556
1616100,0.7368421052631579,0.7,0.5769230769230769,0.8333333333333334,0.8888888888888888
1616400,0.7631578947368421,0.65,0.6153846153846154,0.8333333333333334,0.8888888888888888
1616700,0.75,0.65,0.6730769230769231,0.8333333333333334,0.8888888888888888
1617000,0.75,0.7,0.6923076923076923,0.8333333333333334,0.9166666666666666
1617300,0.7236842105263158,0.7,0.6923076923076923,0.8,0.9166666666666666
1617600,0.7236842105263158,0.6,0.75,0.8,0.9166666666666666
1617900,0.7368421052631579,0.65,0.75,0.7333333333333333,0.9166666666666666
1618200,0.7236842105263158,0.75,0.7884615384615384,0.7333333333333333,0.9166666666666666
1618500,0.7368421052631579,0.75,0.8076923076923077,0.7,0.8888888888888888
1618800,0.7105263157894737,0.75,0.8076923076923077,0.7,0.8611111111111112
1619100,0.7236842105263158,0.7,0.7692307692307693,0.7,0.3611111111111111
1619400,0.7105263157894737,0.65,0.8269230769230769,0.7,0.8333333333333334
1619700,0.6973684210526315,0.6,0.8461538461538461,0.7,0.8333333333333334
1620000,0.6842105263157895,0.65,0.8653846153846154,0.7333333333333333,0.8333333333333334
1620300,0.6842105263157895,0.7,0.9230769230769231,0.7333333333333333,0.8055555555555556
1620600,0.7105263157894737,0.75,0.9230769230769231,0.7333333333333333,0.8055555555555556
1620900,0.6710526315789473,0.8,0.9230769230769231,0.7333333333333333,0.75
1621200,0.6842105263157895,0.8,0.9038461538461539,0.7333333333333333,0.75
1621500,0.6842105263157895,0.85,0.8846153846153846,0.7333333333333333,0.7777777777777778
1621800,0.6973684210526315,0.8,0.9230769230769231,0.7,0.8055555555555556
1622100,0.6973684210526315,0.8,0.9230769230769231,0.8,0.8055555555555556
1622400,0.7236842105263158,0.8,0.9230769230769231,0.8,0.8333333333333334
1622700,0.6842105263157895,0.85,0.9038461538461539,0.7666666666666667,0.8611111111111112
1623000,0.7105263157894737,0.85,0.8846153846153846,0.7666666666666667,0.8611111111111112
1623300,0.6710526315789473,0.9,0.9038461538461539,0.7666666666666667,0.8611111111111112
1623600,0.6842105263157895,0.85,0.9038461538461539,0.8,0.8333333333333334
1623900,0.6578947368421053,0.8,0.8846153846153846,0.8,0.8333333333333334
1624200,0.6973684210526315,0.8,0.8653846153846154,0.8,0.8333333333333334
1624500,0.6578947368421053,0.85,0.8461538461538461,0.7666666666666667,0.8333333333333334
1624800,0.6447368421052632,0.9,0.8076923076923077,0.7333333333333333,0.8333333333333334
1625100,0.6842105263157895,0.9,0.8076923076923077,0.7333333333333333,0.8333333333333334
1625400,0.6710526315789473,0.9,0.75,0.7333333333333333,0.8055555555555556
1625700,0.5789473684210527,0.9,0.7307692307692307,0.7666666666666667,0.8055555555555556
1626000,0.6447368421052632,0.8,0.6923076923076923,0.7333333333333333,0.8055555555555556
1626300,0.5921052631578947,0.8,0.6538461538461539,0.7666666666666667,0.8055555555555556
1626600,0.5657894736842105,0.85,0.7307692307692307,0.8,0.8333333333333334
1626900,0.5394736842105263,0.85,0.7115384615384616,0.8,0.8055555555555556
1627200,0.5263157894736842,0.8,0.7307692307692307,0.7333333333333333,0.75
1627500,0.5526315789473685,0.8,0.7115384615384616,0.7333333333333333,0.7222222222222222
1627800,0.5394736842105263,0.85,0.7307692307692307,0.7333333333333333,0.8333333333333334
1628100,0.47368421052631576,0.85,0.7307692307692307,0.7,0.8055555555555556
1628400,0.5263157894736842,0.85,0.8076923076923077,0.7,0.8055555555555556
1628700,0.4868421052631579,0.85,0.7884615384615384,0.7,0.8055555555555556
1629000,0.5131578947368421,0.85,0.75,0.7333333333333333,0.7777777777777778
1629300,0.4868421052631579,0.75,0.7692307692307693,0.7333333333333333,0.75
1629600,0.5394736842105263,0.75,0.75,0.7333333333333333,0.7777777777777778
1629900,0.5394736842105263,0.75,0.75,0.7,0.7222222222222222
1630200,0.5263157894736842,0.8,0.7115384615384616,0.7,0.6944444444444444
1630500,0.5657894736842105,0.8,0.7692307692307693,0.7333333333333333,0.6944444444444444
1630800,0.5394736842105263,0.75,0.7692307692307693,0.7333333333333333,0.6666666666666666
1631100,0.5394736842105263,0.7,0.75,0.7333333333333333,0.6666666666666666
1631400,0.5394736842105263,0.75,0.7884615384615384,0.7666666666666667,0.6666666666666666
1631700,0.4868421052631579,0.8,0.7884615384615384,0.7666666666666667,0.6666666666666666
1632000,0.47368421052631576,0.8,0.7884615384615384,0.7666666666666667,0.6388888888888888
1632300,0.4868421052631579,0.8,0.7884615384615384,0.7666666666666667,0.6111111111111112
1632600,0.4868421052631579,0.85,0.8076923076923077,0.8,0.5555555555555556
1632900,0.40789473684210525,0.9,0.8461538461538461,0.7666666666666667,0.5277777777777778
1633200,0.39473684210526316,0.9,0.8461538461538461,0.7666666666666667,0.5555555555555556
1633500,0.35526315789473684,0.9,0.9038461538461539,0.7666666666666667,0.5555555555555556
1633800,0.3815789473684211,0.9,0.9230769230769231,0.7333333333333333,0.5555555555555556
1634100,0.32894736842105265,0.9,0.9230769230769231,0.7333333333333333,0.5277777777777778
1634400,0.34210526315789475,0.9,0.9038461538461539,0.7333333333333333,0.5833333333333334
1634700,0.0,0.0,0.8846153846153846,0.7,0.5833333333333334
1635000,0.3684210526315789,0.95,0.8846153846153846,0.6666666666666666,0.5833333333333334
1635300,0.3815789473684211,0.95,0.8076923076923077,0.6666666666666666,0.5833333333333334
1635600,0.35526315789473684,0.95,0.7692307692307693,0.6333333333333333,0.5555555555555556
1635900,0.34210526315789475,0.9,0.75,0.6333333333333333,0.5555555555555556
1636200,0.3026315789473684,0.9,0.75,0.5666666666666667,0.6111111111111112
1636500,0.27631578947368424,0.9,0.7692307692307693,0.5333333333333333,0.6388888888888888
1636800,0.25,0.9,0.7884615384615384,0.5666666666666667,0.6944444444444444
1637100,0.25,0.85,0.8076923076923077,0.6333333333333333,0.6388888888888888
1637400,0.25,0.85,0.8653846153846154,0.6333333333333333,0.6388888888888888
1637700,0.2236842105263158,0.85,0.9038461538461539,0.6333333333333333,0.6111111111111112
1638000,0.25,0.75,0.9230769230769231,0.7333333333333333,0.6111111111111112
1638300,0.23684210526315788,0.75,0.9038461538461539,0.7333333333333333,0.6111111111111112
1638600,0.2894736842105263,0.85,0.9038461538461539,0.7333333333333333,0.5833333333333334
1638900,0.2894736842105263,0.85,0.9038461538461539,0.7333333333333333,0.6111111111111112
1639200,0.27631578947368424,0.75,0.8461538461538461,0.7333333333333333,0.6111111111111112
1639500,0.23684210526315788,0.7,0.8269230769230769,0.7333333333333333,0.5833333333333334
1639800,0.23684210526315788,0.7,0.8461538461538461,0.7333333333333333,0.5833333333333334
1640100,0.2236842105263158,0.75,0.8653846153846154,0.7666666666666667,0.5555555555555556
1640400,0.23684210526315788,0.75,0.9038461538461539,0.7666666666666667,0.5277777777777778
1640700,0.18421052631578946,0.8,0.8846153846153846,0.7666666666666667,0.4444444444444444
1641000,0.19736842105263158,0.85,0.8846153846153846,0.7666666666666667,0.4166666666666667
1641300,0.17105263157894737,0.85,0.8846153846153846,0.7666666666666667,0.3888888888888889
1641600,0.18421052631578946,0.85,0.8846153846153846,0.7333333333333333,0.3055555555555556
1641900,0.0,0.85,0.8269230769230769,0.6,0.2777777777777778
1642200,0.18421052631578946,0.85,0.8076923076923077,0.5666666666666667,0.25
1642500,0.15789473684210525,0.9,0.8076923076923077,0.5666666666666667,0.25
1642800,0.13157894736842105,1.0,0.8076923076923077,0.5666666666666667,0.25
1643100,0.13157894736842105,1.0,0.7884615384615384,0.5333333333333333,0.2222222222222222
1643400,0.11842105263157894,1.0,0.75,0.5333333333333333,0.19444444444444445
1643700,0.13157894736842105,1.0,0.7307692307692307,0.5666666666666667,0.2222222222222222
1644000,0.14473684210526316,1.0,0.7307692307692307,0.5666666666666667,0.2222222222222222
1644300,0.11842105263157894,1.0,0.7307692307692307,0.5666666666666667,0.25
1644600,0.11842105263157894,1.0,0.7692307692307693,0.5666666666666667,0.25
1644900,0.09210526315789473,1.0,0.7884615384615384,0.5666666666666667,0.16666666666666666
1645200,0.09210526315789473,1.0,0.7884615384615384,0.6,0.1388888888888889
1645500,0.11842105263157894,1.0,0.7884615384615384,0.6,0.16666666666666666
1645800,0.10526315789473684,0.95,0.7692307692307693,0.5666666666666667,0.2222222222222222
1646100,0.13157894736842105,0.95,0.7884615384615384,0.5666666666666667,0.19444444444444445
1646400,0.11842105263157894,0.95,0.8461538461538461,0.5666666666666667,0.2222222222222222
1646700,0.11842105263157894,0.95,0.8461538461538461,0.5666666666666667,0.25
1647000,0.11842105263157894,0.95,0.8269230769230769,0.5333333333333333,0.25
1647300,0.13157894736842105,0.95,0.8461538461538461,0.5,0.25
1647600,0.15789473684210525,0.95,0.8076923076923077,0.5,0.2222222222222222
1647900,0.11842105263157894,1.0,0.8076923076923077,0.5,0.3055555555555556
1648200,0.13157894736842105,1.0,0.8076923076923077,0.5,0.3055555555555556
1648500,0.14473684210526316,1.0,0.8076923076923077,0.4666666666666667,0.3055555555555556
1648800,0.13157894736842105,1.0,0.7884615384615384,0.4666666666666667,0.3888888888888889
1649100,0.0,0.0,0.7884615384615384,0.4666666666666667,0.3888888888888889
1649400,0.18421052631578946,1.0,0.7884615384615384,0.4666666666666667,0.3888888888888889
1649700,0.17105263157894737,1.0,0.7692307692307693,0.4666666666666667,0.3888888888888889
1650000,0.17105263157894737,1.0,0.7692307692307693,0.4666666666666667,0.4166666666666667
1650300,0.19736842105263158,1.0,0.7692307692307693,0.43333333333333335,0.4444444444444444
1650600,0.19736842105263158,1.0,0.75,0.4666666666666667,0.4722222222222222
1650900,0.18421052631578946,1.0,0.7115384615384616,0.4666666666666667,0.4722222222222222
1651200,0.17105263157894737,1.0,0.7115384615384616,0.43333333333333335,0.5
1651500,0.17105263157894737,1.0,0.6923076923076923,0.4,0.5555555555555556
1651800,0.17105263157894737,1.0,0.6923076923076923,0.36666666666666664,0.5277777777777778
1652100,0.15789473684210525,1.0,0.6538461538461539,0.3333333333333333,0.5
1652400,0.15789473684210525,1.0,0.7115384615384616,0.3333333333333333,0.5
1652700,0.14473684210526316,0.95,0.7115384615384616,0.3333333333333333,0.4722222222222222
1653000,0.10526315789473684,0.95,0.7307692307692307,0.3333333333333333,0.5277777777777778
1653300,0.13157894736842105,0.95,0.7307692307692307,0.3333333333333333,0.5277777777777778
1653600,0.10526315789473684,0.95,0.75,0.3333333333333333,0.5277777777777778
1653900,0.10526315789473684,0.95,0.7307692307692307,0.3333333333333333,0.5277777777777778
1654200,0.09210526315789473,0.95,0.75,0.36666666666666664,0.4444444444444444
1654500,0.09210526315789473,1.0,0.7307692307692307,0.36666666666666664,0.3888888888888889
1654800,0.07894736842105263,1.0,0.7307692307692307,0.36666666666666664,0.3611111111111111
1655100,0.07894736842105263,1.0,0.75,0.36666666666666664,0.3611111111111111
1655400,0.07894736842105263,1.0,0.75,0.36666666666666664,0.3611111111111111
1655700,0.07894736842105263,1.0,0.75,0.36666666666666664,0.3888888888888889
1656000,0.07894736842105263,1.0,0.75,0.36666666666666664,0.3888888888888889
1656300,0.07894736842105263,1.0,0.7692307692307693,0.3333333333333333,0.4166666666666667
1656600,0.07894736842105263,1.0,0.7692307692307693,0.3333333333333333,0.3888888888888889
1656900,0.07894736842105263,0.95,0.7692307692307693,0.3333333333333333,0.3888888888888889
1657200,0.07894736842105263,0.95,0.7884615384615384,0.3333333333333333,0.3333333333333333
1657500,0.09210526315789473,0.95,0.7884615384615384,0.36666666666666664,0.4166666666666667
1657800,0.07894736842105263,0.95,0.7884615384615384,0.36666666666666664,0.4166666666666667
1658100,0.07894736842105263,0.95,0.7884615384615384,0.4,0.4444444444444444
1658400,0.07894736842105263,0.95,0.7884615384615384,0.4,0.5
1658700,0.07894736842105263,0.95,0.7884615384615384,0.4,0.5
1659000,0.07894736842105263,0.95,0.7884615384615384,0.4,0.4722222222222222
1659300,0.09210526315789473,0.95,0.7884615384615384,0.4,0.4722222222222222
1659600,0.09210526315789473,0.95,0.7692307692307693,0.4,0.5
1659900,0.09210526315789473,0.95,0.75,0.4,0.5
1660200,0.09210526315789473,0.95,0.7692307692307693,0.3333333333333333,0.5
1660500,0.09210526315789473,0.95,0.7692307692307693,0.3333333333333333,0.5277777777777778
1660800,0.11842105263157894,0.95,0.7692307692307693,0.3333333333333333,0.5277777777777778
1661100,0.11842105263157894,1.0,0.7307692307692307,0.3333333333333333,0.5277777777777778
1661400,0.10526315789473684,1.0,0.6538461538461539,0.3333333333333333,0.5
1661700,0.10526315789473684,1.0,0.6346153846153846,0.3333333333333333,0.4722222222222222
1662000,0.11842105263157894,0.95,0.6730769230769231,0.3333333333333333,0.5
1662300,0.13157894736842105,0.95,0.6730769230769231,0.3333333333333333,0.5
1662600,0.13157894736842105,0.95,0.6538461538461539,0.3333333333333333,0.5277777777777778
1662900,0.13157894736842105,0.95,0.6538461538461539,0.3,0.4722222222222222
1663200,0.13157894736842105,0.95,0.6730769230769231,0.3,0.4722222222222222
1663500,0.11842105263157894,0.95,0.6730769230769231,0.26666666666666666,0.4722222222222222
1663800,0.13157894736842105,0.95,0.6923076923076923,0.26666666666666666,0.4722222222222222
1664100,0.11842105263157894,0.95,0.6923076923076923,0.23333333333333334,0.4444444444444444
1664400,0.14473684210526316,0.95,0.6923076923076923,0.23333333333333334,0.3888888888888889
1664700,0.13157894736842105,0.95,0.7115384615384616,0.23333333333333334,0.3611111111111111
1665000,0.13157894736842105,0.95,0.7115384615384616,0.23333333333333334,0.3888888888888889
1665300,0.14473684210526316,0.95,0.6923076923076923,0.26666666666666666,0.4166666666666667
1665600,0.18421052631578946,0.95,0.6538461538461539,0.3333333333333333,0.3611111111111111
1665900,0.18421052631578946,0.95,0.6730769230769231,0.3333333333333333,0.3611111111111111
1666200,0.17105263157894737,0.95,0.6730769230769231,0.36666666666666664,0.3611111111111111
1666500,0.17105263157894737,0.9,0.6730769230769231,0.36666666666666664,0.3611111111111111
1666800,0.17105263157894737,0.9,0.6538461538461539,0.36666666666666664,0.3888888888888889
1667100,0.17105263157894737,0.9,0.6730769230769231,0.3333333333333333,0.4444444444444444
1667400,0.19736842105263158,0.9,0.6923076923076923,0.3333333333333333,0.5
1667700,0.19736842105263158,0.85,0.6730769230769231,0.3333333333333333,0.5
1668000,0.17105263157894737,0.85,0.6538461538461539,0.36666666666666664,0.4722222222222222
1668300,0.18421052631578946,0.85,0.6538461538461539,0.4,0.5277777777777778
1668600,0.17105263157894737,0.75,0.6538461538461539,0.36666666666666664,0.5277777777777778
1668900,0.18421052631578946,0.75,0.6923076923076923,0.3333333333333333,0.5833333333333334
1669200,0.21052631578947367,0.75,0.6923076923076923,0.3333333333333333,0.5833333333333334
1669500,0.23684210526315788,0.75,0.6923076923076923,0.3333333333333333,0.5833333333333334
1669800,0.23684210526315788,0.75,0.7115384615384616,0.3333333333333333,0.6388888888888888
1670100,0.2631578947368421,0.75,0.7307692307692307,0.3,0.6666666666666666
1670400,0.2894736842105263,0.75,0.7307692307692307,0.3333333333333333,0.6388888888888888
1670700,0.27631578947368424,0.7,0.6923076923076923,0.43333333333333335,0.6388888888888888
1671000,0.3157894736842105,0.8,0.6923076923076923,0.43333333333333335,0.6944444444444444
1671300,0.3026315789473684,0.8,0.6923076923076923,0.4666666666666667,0.7222222222222222
1671600,0.3157894736842105,0.8,0.6923076923076923,0.4666666666666667,0.7222222222222222
1671900,0.3157894736842105,0.85,0.6730769230769231,0.5,0.75
1672200,0.3157894736842105,0.85,0.6923076923076923,0.5333333333333333,0.8055555555555556
1672500,0.3157894736842105,0.85,0.6730769230769231,0.5333333333333333,0.8333333333333334
1672800,0.32894736842105265,0.85,0.6923076923076923,0.5333333333333333,0.8333333333333334
1673100,0.34210526315789475,0.85,0.6730769230769231,0.5333333333333333,0.8333333333333334
1673400,0.34210526315789475,0.85,0.6730769230769231,0.5333333333333333,0.8055555555555556
1673700,0.35526315789473684,0.85,0.6730769230769231,0.5333333333333333,0.7777777777777778
1674000,0.35526315789473684,0.85,0.6730769230769231,0.5333333333333333,0.7777777777777778
1674300,0.35526315789473684,0.85,0.6730769230769231,0.5333333333333333,0.7777777777777778
1674600,0.3684210526315789,0.85,0.6730769230769231,0.5333333333333333,0.8055555555555556
1674900,0.3684210526315789,0.8,0.6923076923076923,0.5333333333333333,0.8055555555555556
1675200,0.3815789473684211,0.8,0.6538461538461539,0.5666666666666667,0.8333333333333334
1675500,0.3815789473684211,0.8,0.6538461538461539,0.5666666666666667,0.8333333333333334
1675800,0.39473684210526316,0.8,0.6538461538461539,0.5333333333333333,0.8333333333333334
1676100,0.40789473684210525,0.9,0.6730769230769231,0.5333333333333333,0.8333333333333334
1676400,0.4342105263157895,0.95,0.6923076923076923,0.5333333333333333,0.8333333333333334
1676700,0.40789473684210525,0.95,0.6730769230769231,0.5333333333333333,0.8611111111111112
1677000,0.4605263157894737,0.95,0.6923076923076923,0.5333333333333333,0.8611111111111112
1677300,0.4605263157894737,0.95,0.6730769230769231,0.5666666666666667,0.8888888888888888
1677600,0.4605263157894737,0.95,0.6923076923076923,0.5666666666666667,0.9166666666666666
1677900,0.42105263157894735,0.95,0.6923076923076923,0.6,0.9444444444444444
1678200,0.47368421052631576,0.9,0.7307692307692307,0.6666666666666666,0.9444444444444444
1678500,0.4868421052631579,0.9,0.75,0.6666666666666666,0.9444444444444444
1678800,0.5,0.9,0.75,0.6666666666666666,0.9444444444444444
1679100,0.5394736842105263,0.9,0.7692307692307693,0.6666666666666666,0.9444444444444444
1679400,0.5394736842105263,0.9,0.7884615384615384,0.6666666666666666,0.9444444444444444
1679700,0.5526315789473685,0.9,0.7692307692307693,0.6666666666666666,0.9722222222222222
1680000,0.5526315789473685,0.85,0.7692307692307693,0.6666666666666666,0.9722222222222222
1680300,0.5526315789473685,0.85,0.7692307692307693,0.6666666666666666,0.9722222222222222
1680600,0.5657894736842105,0.8,0.7692307692307693,0.6666666666666666,0.9722222222222222
1680900,0.5394736842105263,0.8,0.7692307692307693,0.6666666666666666,0.9722222222222222
1681200,0.5921052631578947,0.85,0.7884615384615384,0.6666666666666666,0.9722222222222222
1681500,0.5789473684210527,0.85,0.7884615384615384,0.6666666666666666,0.9722222222222222
1681800,0.5657894736842105,0.85,0.7884615384615384,0.6666666666666666,0.9444444444444444
1682100,0.6052631578947368,0.75,0.8076923076923077,0.6666666666666666,0.9444444444444444
1682400,0.618421052631579,0.7,0.7884615384615384,0.6666666666666666,0.9166666666666666
1682700,0.6052631578947368,0.7,0.7884615384615384,0.6,0.8888888888888888
1683000,0.631578947368421,0.65,0.8269230769230769,0.6666666666666666,0.8888888888888888
1683300,0.5921052631578947,0.65,0.8076923076923077,0.6333333333333333,0.8888888888888888
1683600,0.6052631578947368,0.55,0.8076923076923077,0.6333333333333333,0.8888888888888888
1683900,0.6578947368421053,0.55,0.8076923076923077,0.6333333333333333,0.9166666666666666
1684200,0.6578947368421053,0.6,0.8269230769230769,0.6,0.9166666666666666
1684500,0.6710526315789473,0.5,0.7692307692307693,0.6,0.9166666666666666
1684800,0.6710526315789473,0.5,0.7692307692307693,0.6,0.9166666666666666
1685100,0.5921052631578947,0.5,0.7115384615384616,0.6,0.9166666666666666
1685400,0.6052631578947368,0.55,0.6923076923076923,0.6,0.9166666666666666
1685700,0.618421052631579,0.6,0.7307692307692307,0.6,0.9166666666666666
1686000,0.618421052631579,0.65,0.7307692307692307,0.6,0.8888888888888888
1686300,0.6052631578947368,0.6,0.75,0.6,0.8888888888888888
1686600,0.5789473684210527,0.6,0.75,0.6,0.8611111111111112
1686900,0.6052631578947368,0.65,0.75,0.6333333333333333,0.8611111111111112
1687200,0.5657894736842105,0.65,0.7692307692307693,0.6333333333333333,0.8611111111111112
1687500,0.5921052631578947,0.65,0.75,0.6333333333333333,0.8888888888888888
1687800,0.5789473684210527,0.65,0.7307692307692307,0.6333333333333333,0.8888888888888888
1688100,0.5789473684210527,0.75,0.7307692307692307,0.6333333333333333,0.8333333333333334
1688400,0.6052631578947368,0.8,0.7307692307692307,0.6333333333333333,0.8333333333333334
1688700,0.5657894736842105,0.75,0.75,0.6333333333333333,0.8055555555555556
1689000,0.5921052631578947,0.8,0.7307692307692307,0.6333333333333333,0.7777777777777778
1689300,0.618421052631579,0.75,0.75,0.6333333333333333,0.7777777777777778
1689600,0.6447368421052632,0.75,0.75,0.6666666666666666,0.75
1689900,0.6578947368421053,0.7,0.7307692307692307,0.7,0.8055555555555556
1690200,0.631578947368421,0.7,0.7307692307692307,0.7,0.8611111111111112
1690500,0.7105263157894737,0.7,0.7692307692307693,0.6666666666666666,0.8888888888888888
1690800,0.75,0.8,0.7692307692307693,0.6666666666666666,0.9166666666666666
1691100,0.6842105263157895,0.85,0.8269230769230769,0.6666666666666666,0.8888888888888888
1691400,0.7368421052631579,0.85,0.8461538461538461,0.6666666666666666,0.9166666666666666
1691700,0.7368421052631579,0.85,0.8653846153846154,0.7666666666666667,0.9166666666666666
1692000,0.75,0.85,0.8461538461538461,0.8,0.9166666666666666
1692300,0.0,0.0,0.8846153846153846,0.8,0.8888888888888888
1692600,0.7236842105263158,0.9,0.8846153846153846,0.8,0.8888888888888888
1692900,0.7368421052631579,0.9,0.8653846153846154,0.8,0.8888888888888888
1693200,0.7105263157894737,0.9,0.8461538461538461,0.8,0.8888888888888888
1693500,0.7368421052631579,0.85,0.8653846153846154,0.8333333333333334,0.8888888888888888
1693800,0.75,0.9,0.8653846153846154,0.8333333333333334,0.9166666666666666
1694100,0.7763157894736842,0.85,0.8653846153846154,0.8333333333333334,0.8888888888888888
1694400,0.7236842105263158,0.8,0.8653846153846154,0.8333333333333334,0.8888888888888888
1694700,0.7105263157894737,0.8,0.8653846153846154,0.8333333333333334,0.9166666666666666
1695000,0.7105263157894737,0.75,0.8653846153846154,0.8333333333333334,0.9444444444444444
1695300,0.6842105263157895,0.8,0.8461538461538461,0.8333333333333334,0.9722222222222222
1695600,0.6710526315789473,0.7,0.8269230769230769,0.8333333333333334,0.9722222222222222
1695900,0.631578947368421,0.7,0.8076923076923077,0.8333333333333334,0.9722222222222222
1696200,0.6578947368421053,0.7,0.8461538461538461,0.8,0.9722222222222222
1696500,0.6973684210526315,0.7,0.8846153846153846,0.8,0.9722222222222222
1696800,0.6973684210526315,0.75,0.8846153846153846,0.8,0.9722222222222222
1697100,0.7105263157894737,0.7,0.9038461538461539,0.7666666666666667,0.9722222222222222
1697400,0.7631578947368421,0.7,0.8846153846153846,0.7666666666666667,0.9444444444444444
1697700,0.75,0.7,0.8846153846153846,0.8,0.9444444444444444
1698000,0.7631578947368421,0.65,0.8653846153846154,0.8,0.9166666666666666
1698300,0.7631578947368421,0.75,0.8653846153846154,0.8,0.9444444444444444
1698600,0.7368421052631579,0.75,0.8269230769230769,0.8,0.9444444444444444
1698900,0.75,0.7,0.8269230769230769,0.7666666666666667,0.9444444444444444
1699200,0.75,0.8,0.8076923076923077,0.7666666666666667,0.9444444444444444
1699500,0.0,0.75,0.8076923076923077,0.7666666666666667,0.9444444444444444
1699800,0.7236842105263158,0.8,0.7884615384615384,0.7666666666666667,0.9444444444444444
1700100,0.75,0.8,0.8076923076923077,0.7666666666666667,0.9444444444444444
1700400,0.7894736842105263,0.75,0.7884615384615384,0.7666666666666667,0.9444444444444444
1700700,0.7894736842105263,0.65,0.7884615384615384,0.7666666666666667,0.9444444444444444
1701000,0.8157894736842105,0.65,0.75,0.7666666666666667,0.9722222222222222
1701300,0.7631578947368421,0.6,0.7307692307692307,0.7333333333333333,0.9722222222222222
1701600,0.7368421052631579,0.55,0.7115384615384616,0.7333333333333333,0.9444444444444444
1701900,0.7894736842105263,0.65,0.6923076923076923,0.7666666666666667,0.9166666666666666
1702200,0.7894736842105263,0.6,0.7307692307692307,0.8333333333333334,0.9166666666666666
1702500,0.75,0.65,0.6923076923076923,0.8333333333333334,0.8888888888888888
1702800,0.7631578947368421,0.65,0.6923076923076923,0.8333333333333334,0.8611111111111112
1703100,0.7763157894736842,0.6,0.6923076923076923,0.8333333333333334,0.8888888888888888
1703400,0.8026315789473685,0.6,0.7307692307692307,0.8333333333333334,0.8888888888888888
1703700,0.8157894736842105,0.6,0.75,0.8333333333333334,0.8888888888888888
1704000,0.7894736842105263,0.7,0.8076923076923077,0.8333333333333334,0.8888888888888888
1704300,0.7763157894736842,0.65,0.8269230769230769,0.8333333333333334,0.8888888888888888
1704600,0.7763157894736842,0.75,0.8461538461538461,0.8333333333333334,0.8611111111111112
1704900,0.7631578947368421,0.6,0.8846153846153846,0.8333333333333334,0.8333333333333334
1705200,0.7631578947368421,0.6,0.9038461538461539,0.8333333333333334,0.8333333333333334
1705500,0.7631578947368421,0.6,0.9038461538461539,0.8666666666666667,0.8333333333333334
1705800,0.7763157894736842,0.6,0.9038461538461539,0.8333333333333334,0.8333333333333334
1706100,0.7763157894736842,0.6,0.9038461538461539,0.8666666666666667,0.8611111111111112
1706400,0.7894736842105263,0.6,0.8653846153846154,0.8666666666666667,0.8333333333333334
1706700,0.0,0.65,0.8846153846153846,0.8,0.8333333333333334
1707000,0.7894736842105263,0.65,0.8653846153846154,0.8,0.8333333333333334
1707300,0.7763157894736842,0.7,0.8653846153846154,0.8333333333333334,0.8333333333333334
1707600,0.7894736842105263,0.7,0.8461538461538461,0.8333333333333334,0.8611111111111112
1707900,0.7894736842105263,0.8,0.8653846153846154,0.8333333333333334,0.8611111111111112
1708200,0.7763157894736842,0.85,0.8461538461538461,0.8333333333333334,0.8888888888888888
1708500,0.7631578947368421,0.85,0.8461538461538461,0.8333333333333334,0.9166666666666666
1708800,0.7763157894736842,0.8,0.8461538461538461,0.8333333333333334,0.9166666666666666
1709100,0.7631578947368421,0.75,0.8076923076923077,0.8666666666666667,0.8888888888888888
1709400,0.7368421052631579,0.75,0.8076923076923077,0.8666666666666667,0.9444444444444444
1709700,0.7763157894736842,0.75,0.8076923076923077,0.8666666666666667,0.9166666666666666
1710000,0.7105263157894737,0.8,0.7884615384615384,0.9,0.8333333333333334
1710300,0.6710526315789473,0.8,0.8461538461538461,0.9,0.8333333333333334
1710600,0.6578947368421053,0.75,0.8269230769230769,0.8666666666666667,0.75
1710900,0.631578947368421,0.75,0.8269230769230769,0.8666666666666667,0.75
1711200,0.6710526315789473,0.7,0.7884615384615384,0.8666666666666667,0.75
1711500,0.6842105263157895,0.65,0.8269230769230769,0.8666666666666667,0.7222222222222222
1711800,0.6973684210526315,0.6,0.8461538461538461,0.8666666666666667,0.75
1712100,0.6973684210526315,0.6,0.8846153846153846,0.8666666666666667,0.75
1712400,0.7105263157894737,0.6,0.8846153846153846,0.8666666666666667,0.75
1712700,0.6447368421052632,0.65,0.8653846153846154,0.8666666666666667,0.7777777777777778
1713000,0.6710526315789473,0.65,0.8846153846153846,0.8333333333333334,0.6944444444444444
1713300,0.6842105263157895,0.7,0.8653846153846154,0.8333333333333334,0.75
1713600,0.7105263157894737,0.65,0.8846153846153846,0.9,0.75
1713900,0.6710526315789473,0.65,0.8653846153846154,0.9,0.7222222222222222
1714200,0.6578947368421053,0.65,0.8461538461538461,0.8666666666666667,0.7777777777777778
1714500,0.6447368421052632,0.65,0.8461538461538461,0.8666666666666667,0.8055555555555556
1714800,0.6052631578947368,0.65,0.8269230769230769,0.8333333333333334,0.8055555555555556
1715100,0.6447368421052632,0.7,0.8269230769230769,0.7666666666666667,0.8055555555555556
1715400,0.631578947368421,0.8,0.8269230769230769,0.8,0.7777777777777778
1715700,0.5921052631578947,0.85,0.8269230769230769,0.7666666666666667,0.75
1716000,0.5526315789473685,0.9,0.8269230769230769,0.8,0.7777777777777778
1716300,0.5657894736842105,0.9,0.8461538461538461,0.8333333333333334,0.75
1716600,0.5657894736842105,0.9,0.8461538461538461,0.8333333333333334,0.75
1716900,0.5263157894736842,0.9,0.8461538461538461,0.8333333333333334,0.6666666666666666
1717200,0.5263157894736842,0.9,0.8461538461538461,0.8,0.6666666666666666
1717500,0.5394736842105263,0.85,0.8461538461538461,0.8,0.6666666666666666
1717800,0.4605263157894737,0.85,0.8461538461538461,0.7666666666666667,0.6666666666666666
1718100,0.4868421052631579,0.85,0.8461538461538461,0.7666666666666667,0.6388888888888888
1718400,0.47368421052631576,0.85,0.8461538461538461,0.7666666666666667,0.6666666666666666
1718700,0.4605263157894737,0.8,0.8653846153846154,0.7666666666666667,0.6388888888888888
1719000,0.4473684210526316,0.75,0.8461538461538461,0.7666666666666667,0.6944444444444444
1719300,0.4605263157894737,0.75,0.8653846153846154,0.7,0.6944444444444444
1719600,0.4342105263157895,0.75,0.8653846153846154,0.7333333333333333,0.7222222222222222
1719900,0.42105263157894735,0.7,0.8653846153846154,0.7666666666666667,0.6388888888888888
1720200,0.39473684210526316,0.65,0.8461538461538461,0.7666666666666667,0.6388888888888888
1720500,0.3815789473684211,0.65,0.8461538461538461,0.7666666666666667,0.6388888888888888
1720800,0.39473684210526316,0.65,0.8461538461538461,0.7333333333333333,0.6388888888888888
1721100,0.35526315789473684,0.7,0.8076923076923077,0.7,0.6666666666666666
1721400,0.32894736842105265,0.75,0.7884615384615384,0.6333333333333333,0.6111111111111112
1721700,0.34210526315789475,0.75,0.8076923076923077,0.6333333333333333,0.6111111111111112
1722000,0.32894736842105265,0.75,0.8076923076923077,0.6,0.6111111111111112
1722300,0.32894736842105265,0.75,0.8076923076923077,0.6333333333333333,0.5833333333333334
1722600,0.3157894736842105,0.7,0.8076923076923077,0.6333333333333333,0.5833333333333334
1722900,0.3157894736842105,0.7,0.8076923076923077,0.6,0.5555555555555556
1723200,0.32894736842105265,0.65,0.8269230769230769,0.6666666666666666,0.5833333333333334
1723500,0.3026315789473684,0.7,0.8461538461538461,0.6666666666666666,0.6111111111111112
1723800,0.2894736842105263,0.7,0.8461538461538461,0.6666666666666666,0.5555555555555556
1724100,0.3157894736842105,0.65,0.8846153846153846,0.6,0.5555555555555556
1724400,0.32894736842105265,0.65,0.8653846153846154,0.6,0.5555555555555556
1724700,0.3157894736842105,0.65,0.8653846153846154,0.5333333333333333,0.5833333333333334
1725000,0.3026315789473684,0.7,0.8653846153846154,0.5333333333333333,0.5833333333333334
1725300,0.3026315789473684,0.7,0.8653846153846154,0.5,0.5277777777777778
1725600,0.3026315789473684,0.65,0.8653846153846154,0.5333333333333333,0.5277777777777778
1725900,0.2894736842105263,0.6,0.8653846153846154,0.5,0.5
1726200,0.27631578947368424,0.6,0.8846153846153846,0.5333333333333333,0.5
1726500,0.3157894736842105,0.65,0.8653846153846154,0.5333333333333333,0.5555555555555556
1726800,0.27631578947368424,0.65,0.8653846153846154,0.5333333333333333,0.5833333333333334
1727100,0.25,0.7,0.9038461538461539,0.5,0.5833333333333334
1727400,0.25,0.7,0.9038461538461539,0.5333333333333333,0.5555555555555556
1727700,0.21052631578947367,0.7,0.8846153846153846,0.5333333333333333,0.5833333333333334
1728000,0.23684210526315788,0.75,0.8653846153846154,0.5666666666666667,0.5
1728300,0.21052631578947367,0.75,0.8653846153846154,0.5,0.4444444444444444
1728600,0.19736842105263158,0.75,0.8461538461538461,0.5,0.3888888888888889
1728900,0.18421052631578946,0.75,0.8461538461538461,0.4666666666666667,0.3611111111111111
1729200,0.19736842105263158,0.8,0.8653846153846154,0.4666666666666667,0.3611111111111111
1729500,0.18421052631578946,0.85,0.8269230769230769,0.4666666666666667,0.3611111111111111
1729800,0.15789473684210525,0.85,0.8269230769230769,0.4666666666666667,0.3888888888888889
1730100,0.11842105263157894,0.85,0.8076923076923077,0.4666666666666667,0.3333333333333333
1730400,0.11842105263157894,0.85,0.7884615384615384,0.4666666666666667,0.25
1730700,0.10526315789473684,0.8,0.8076923076923077,0.4666666666666667,0.16666666666666666
1731000,0.14473684210526316,0.8,0.8076923076923077,0.5,0.1388888888888889
1731300,0.17105263157894737,0.8,0.8269230769230769,0.43333333333333335,0.16666666666666666
1731600,0.17105263157894737,0.8,0.8076923076923077,0.4666666666666667,0.2222222222222222
1731900,0.19736842105263158,0.8,0.8653846153846154,0.5,0.2222222222222222
1732200,0.2236842105263158,0.8,0.8846153846153846,0.5,0.25
1732500,0.19736842105263158,0.8,0.9038461538461539,0.5,0.2777777777777778
1732800,0.25,0.85,0.9038461538461539,0.4666666666666667,0.3055555555555556
1733100,0.25,0.85,0.8653846153846154,0.4666666666666667,0.3888888888888889
1733400,0.25,0.85,0.8653846153846154,0.4666666666666667,0.3888888888888889
1733700,0.2631578947368421,0.85,0.8653846153846154,0.43333333333333335,0.3888888888888889
1734000,0.25,0.85,0.8653846153846154,0.43333333333333335,0.3888888888888889
1734300,0.23684210526315788,0.9,0.8653846153846154,0.4,0.4444444444444444
1734600,0.25,0.9,0.8846153846153846,0.36666666666666664,0.4444444444444444
1734900,0.3026315789473684,0.9,0.8846153846153846,0.36666666666666664,0.4722222222222222
1735200,0.25,0.9,0.8846153846153846,0.3333333333333333,0.4722222222222222
1735500,0.2631578947368421,0.9,0.9038461538461539,0.36666666666666664,0.4722222222222222
1735800,0.25,0.9,0.9038461538461539,0.36666666666666664,0.4166666666666667
1736100,0.25,0.9,0.8846153846153846,0.36666666666666664,0.4444444444444444
1736400,0.23684210526315788,0.9,0.8846153846153846,0.36666666666666664,0.4722222222222222
1736700,0.25,0.9,0.8653846153846154,0.36666666666666664,0.4722222222222222
1737000,0.21052631578947367,0.9,0.8846153846153846,0.3333333333333333,0.5277777777777778
1737300,0.21052631578947367,0.9,0.8846153846153846,0.3333333333333333,0.5833333333333334
1737600,0.21052631578947367,0.9,0.8846153846153846,0.3333333333333333,0.5833333333333334
1737900,0.18421052631578946,0.9,0.8846153846153846,0.36666666666666664,0.6111111111111112
1738200,0.18421052631578946,0.9,0.8653846153846154,0.4,0.6388888888888888
1738500,0.15789473684210525,0.9,0.8461538461538461,0.4,0.5555555555555556
1738800,0.15789473684210525,0.9,0.8461538461538461,0.4,0.5833333333333334
1739100,0.15789473684210525,0.9,0.8269230769230769,0.4,0.5555555555555556
1739400,0.17105263157894737,0.9,0.8269230769230769,0.4,0.5555555555555556
1739700,0.17105263157894737,0.9,0.8269230769230769,0.4,0.5555555555555556
1740000,0.17105263157894737,0.9,0.8269230769230769,0.43333333333333335,0.5277777777777778
1740300,0.15789473684210525,0.8,0.8269230769230769,0.43333333333333335,0.5
1740600,0.15789473684210525,0.8,0.8269230769230769,0.43333333333333335,0.5
1740900,0.15789473684210525,0.9,0.8269230769230769,0.36666666666666664,0.4722222222222222
1741200,0.15789473684210525,0.9,0.8076923076923077,0.36666666666666664,0.5
1741500,0.17105263157894737,0.9,0.8076923076923077,0.3333333333333333,0.5
1741800,0.17105263157894737,0.9,0.8269230769230769,0.3333333333333333,0.5
1742100,0.14473684210526316,0.9,0.8269230769230769,0.3333333333333333,0.3888888888888889
1742400,0.14473684210526316,0.9,0.8269230769230769,0.3333333333333333,0.3611111111111111
1742700,0.14473684210526316,0.9,0.8269230769230769,0.3333333333333333,0.4166666666666667
1743000,0.15789473684210525,0.9,0.8461538461538461,0.3,0.4166666666666667
1743300,0.15789473684210525,0.9,0.8653846153846154,0.3,0.3888888888888889
1743600,0.15789473684210525,0.9,0.8653846153846154,0.3333333333333333,0.4444444444444444
1743900,0.14473684210526316,0.85,0.8653846153846154,0.3,0.4722222222222222
1744200,0.13157894736842105,0.85,0.8653846153846154,0.3333333333333333,0.4722222222222222
1744500,0.11842105263157894,0.85,0.8846153846153846,0.36666666666666664,0.4722222222222222
1744800,0.11842105263157894,0.85,0.8653846153846154,0.3333333333333333,0.4444444444444444
1745100,0.11842105263157894,0.85,0.8653846153846154,0.3333333333333333,0.4444444444444444
1745400,0.11842105263157894,0.85,0.8653846153846154,0.3,0.4444444444444444
1745700,0.13157894736842105,0.9,0.8653846153846154,0.3,0.4166666666666667
1746000,0.14473684210526316,0.9,0.8461538461538461,0.3,0.4444444444444444
1746300,0.13157894736842105,0.9,0.8076923076923077,0.3,0.4166666666666667
1746600,0.13157894736842105,0.9,0.7884615384615384,0.26666666666666666,0.4722222222222222
1746900,0.13157894736842105,0.9,0.7884615384615384,0.26666666666666666,0.4722222222222222
1747200,0.13157894736842105,0.9,0.7692307692307693,0.23333333333333334,0.4444444444444444
1747500,0.13157894736842105,0.9,0.7884615384615384,0.23333333333333334,0.4722222222222222
1747800,0.13157894736842105,0.9,0.7884615384615384,0.23333333333333334,0.5
1748100,0.13157894736842105,0.9,0.7884615384615384,0.23333333333333334,0.4722222222222222
1748400,0.13157894736842105,0.9,0.75,0.26666666666666666,0.5
1748700,0.13157894736842105,0.9,0.75,0.26666666666666666,0.5
1749000,0.13157894736842105,0.9,0.75,0.26666666666666666,0.5555555555555556
1749300,0.11842105263157894,0.9,0.7307692307692307,0.26666666666666666,0.5277777777777778
1749600,0.11842105263157894,0.9,0.7307692307692307,0.26666666666666666,0.4444444444444444
1749900,0.14473684210526316,0.9,0.75,0.23333333333333334,0.4444444444444444
1750200,0.14473684210526316,0.9,0.6923076923076923,0.2,0.4166666666666667
1750500,0.14473684210526316,0.9,0.7115384615384616,0.23333333333333334,0.4166666666666667
1750800,0.18421052631578946,0.9,0.7115384615384616,0.23333333333333334,0.3888888888888889
1751100,0.15789473684210525,0.9,0.6538461538461539,0.23333333333333334,0.3333333333333333
1751400,0.15789473684210525,0.9,0.6730769230769231,0.2,0.3055555555555556
1751700,0.15789473684210525,0.9,0.6538461538461539,0.23333333333333334,0.3333333333333333
1752000,0.14473684210526316,0.9,0.6346153846153846,0.26666666666666666,0.2777777777777778
1752300,0.14473684210526316,0.9,0.6346153846153846,0.26666666666666666,0.25
1752600,0.14473684210526316,0.9,0.6346153846153846,0.23333333333333334,0.2222222222222222
1752900,0.13157894736842105,0.9,0.6730769230769231,0.23333333333333334,0.2777777777777778
1753200,0.14473684210526316,0.9,0.6730769230769231,0.2,0.2222222222222222
1753500,0.15789473684210525,0.9,0.6538461538461539,0.23333333333333334,0.25
1753800,0.14473684210526316,0.9,0.6730769230769231,0.3,0.3055555555555556
1754100,0.14473684210526316,0.85,0.6730769230769231,0.3,0.2777777777777778
1754400,0.14473684210526316,0.8,0.6730769230769231,0.3,0.3333333333333333
1754700,0.14473684210526316,0.8,0.6730769230769231,0.3333333333333333,0.2777777777777778
1755000,0.15789473684210525,0.8,0.6538461538461539,0.3333333333333333,0.3333333333333333
1755300,0.17105263157894737,0.8,0.6346153846153846,0.3,0.4166666666666667
1755600,0.18421052631578946,0.85,0.6153846153846154,0.3,0.4166666666666667
1755900,0.13157894736842105,0.85,0.6153846153846154,0.3,0.4722222222222222
1756200,0.17105263157894737,0.85,0.6153846153846154,0.43333333333333335,0.5555555555555556
1756500,0.18421052631578946,0.85,0.6153846153846154,0.4,0.6111111111111112
1756800,0.18421052631578946,0.85,0.6153846153846154,0.43333333333333335,0.6111111111111112
1757100,0.2236842105263158,0.85,0.6538461538461539,0.5,0.6388888888888888
1757400,0.23684210526315788,0.9,0.6538461538461539,0.5333333333333333,0.7222222222222222
1757700,0.23684210526315788,0.9,0.6730769230769231,0.5,0.7222222222222222
1758000,0.23684210526315788,0.9,0.7307692307692307,0.5666666666666667,0.7777777777777778
1758300,0.23684210526315788,0.9,0.6923076923076923,0.5666666666666667,0.8055555555555556
1758600,0.23684210526315788,0.9,0.7115384615384616,0.5666666666666667,0.8333333333333334
1758900,0.2631578947368421,0.9,0.7307692307692307,0.5666666666666667,0.8333333333333334
1759200,0.25,0.9,0.7115384615384616,0.6,0.8333333333333334
1759500,0.2894736842105263,0.9,0.7115384615384616,0.6,0.8333333333333334
1759800,0.3157894736842105,0.85,0.7115384615384616,0.6333333333333333,0.8333333333333334
1760100,0.3026315789473684,0.85,0.7115384615384616,0.6333333333333333,0.8333333333333334
1760400,0.2894736842105263,0.85,0.6923076923076923,0.6333333333333333,0.8055555555555556
1760700,0.3157894736842105,0.85,0.7115384615384616,0.6333333333333333,0.8333333333333334
1761000,0.32894736842105265,0.85,0.7307692307692307,0.7,0.8611111111111112
1761300,0.35526315789473684,0.8,0.7307692307692307,0.7333333333333333,0.8611111111111112
1761600,0.35526315789473684,0.8,0.7115384615384616,0.7333333333333333,0.8611111111111112
1761900,0.35526315789473684,0.8,0.7115384615384616,0.7333333333333333,0.8611111111111112
1762200,0.3815789473684211,0.75,0.7115384615384616,0.7666666666666667,0.8611111111111112
1762500,0.3815789473684211,0.75,0.7307692307692307,0.7666666666666667,0.8611111111111112
1762800,0.42105263157894735,0.75,0.6538461538461539,0.7666666666666667,0.8611111111111112
1763100,0.42105263157894735,0.8,0.6153846153846154,0.7666666666666667,0.8888888888888888
1763400,0.4342105263157895,0.8,0.5961538461538461,0.7666666666666667,0.8888888888888888
1763700,0.4342105263157895,0.8,0.5961538461538461,0.7333333333333333,0.9166666666666666
1764000,0.4473684210526316,0.75,0.5961538461538461,0.7333333333333333,0.8611111111111112
1764300,0.4605263157894737,0.75,0.6153846153846154,0.7333333333333333,0.8611111111111112
1764600,0.4605263157894737,0.85,0.6730769230769231,0.7666666666666667,0.8611111111111112
1764900,0.4868421052631579,0.85,0.6730769230769231,0.7666666666666667,0.8888888888888888
1765200,0.47368421052631576,0.85,0.6923076923076923,0.8,0.9166666666666666
1765500,0.47368421052631576,0.85,0.7115384615384616,0.8333333333333334,0.8611111111111112
1765800,0.47368421052631576,0.85,0.7307692307692307,0.8333333333333334,0.8611111111111112
1766100,0.5131578947368421,0.85,0.7307692307692307,0.8333333333333334,0.8888888888888888
1766400,0.5,0.85,0.7307692307692307,0.8333333333333334,0.8888888888888888
1766700,0.5263157894736842,0.85,0.75,0.8333333333333334,0.8888888888888888
1767000,0.5131578947368421,0.8,0.7884615384615384,0.8333333333333334,0.9166666666666666
1767300,0.5263157894736842,0.8,0.8269230769230769,0.8,0.9166666666666666
1767600,0.5263157894736842,0.8,0.8269230769230769,0.8,0.9166666666666666
1767900,0.5263157894736842,0.8,0.8461538461538461,0.7666666666666667,0.9444444444444444
1768200,0.5,0.7,0.8461538461538461,0.7666666666666667,0.9444444444444444
1768500,0.5263157894736842,0.7,0.8461538461538461,0.7666666666666667,0.9166666666666666
1768800,0.5263157894736842,0.7,0.8076923076923077,0.7666666666666667,0.9166666666666666
1769100,0.5263157894736842,0.7,0.8076923076923077,0.7666666666666667,0.9444444444444444
1769400,0.5394736842105263,0.75,0.8269230769230769,0.7666666666666667,0.9444444444444444
1769700,0.5526315789473685,0.65,0.8076923076923077,0.7666666666666667,0.9444444444444444
1770000,0.5526315789473685,0.65,0.7884615384615384,0.7666666666666667,0.9444444444444444
1770300,0.5657894736842105,0.7,0.8076923076923077,0.7666666666666667,0.9444444444444444
1770600,0.5657894736842105,0.65,0.8076923076923077,0.7666666666666667,0.9444444444444444
1770900,0.5394736842105263,0.65,0.8076923076923077,0.7666666666666667,0.9444444444444444
1771200,0.5526315789473685,0.6,0.8076923076923077,0.7666666666666667,0.9444444444444444
1771500,0.0,0.0,0.7692307692307693,0.7666666666666667,0.9166666666666666
1771800,0.5,0.65,0.75,0.7666666666666667,0.8611111111111112
1772100,0.5,0.65,0.75,0.7666666666666667,0.8611111111111112
1772400,0.47368421052631576,0.65,0.6538461538461539,0.7666666666666667,0.8611111111111112
1772700,0.5,0.65,0.6153846153846154,0.7666666666666667,0.8611111111111112
1773000,0.4342105263157895,0.6,0.6346153846153846,0.7,0.8888888888888888
1773300,0.4342105263157895,0.6,0.6730769230769231,0.6666666666666666,0.8888888888888888
1773600,0.42105263157894735,0.65,0.6346153846153846,0.6666666666666666,0.8611111111111112
1773900,0.42105263157894735,0.6,0.5961538461538461,0.6666666666666666,0.8611111111111112
1774200,0.4473684210526316,0.65,0.6538461538461539,0.7,0.8611111111111112
1774500,0.47368421052631576,0.7,0.6538461538461539,0.7,0.8055555555555556
1774800,0.40789473684210525,0.75,0.6346153846153846,0.7,0.8055555555555556
1775100,0.4342105263157895,0.8,0.6346153846153846,0.7,0.8333333333333334
1775400,0.4342105263157895,0.8,0.6346153846153846,0.7,0.8333333333333334
1775700,0.40789473684210525,0.8,0.6346153846153846,0.7333333333333333,0.8333333333333334
1776000,0.39473684210526316,0.8,0.6346153846153846,0.7333333333333333,0.8333333333333334
1776300,0.3815789473684211,0.8,0.6346153846153846,0.7666666666666667,0.8611111111111112
1776600,0.4473684210526316,0.8,0.6153846153846154,0.8333333333333334,0.8611111111111112
1776900,0.5,0.8,0.5769230769230769,0.8333333333333334,0.8888888888888888
1777200,0.5131578947368421,0.85,0.6346153846153846,0.8666666666666667,0.9166666666666666
1777500,0.5,0.85,0.7115384615384616,0.8666666666666667,0.9166666666666666
1777800,0.5263157894736842,0.85,0.7307692307692307,0.8666666666666667,0.9166666666666666
1778100,0.5657894736842105,0.75,0.7307692307692307,0.8666666666666667,0.9444444444444444
1778400,0.5394736842105263,0.75,0.7115384615384616,0.8666666666666667,0.9444444444444444
1778700,0.0,0.0,0.7307692307692307,0.8666666666666667,0.9166666666666666
1779000,0.5394736842105263,0.75,0.7884615384615384,0.8666666666666667,0.9166666666666666
1779300,0.631578947368421,0.75,0.7692307692307693,0.8666666666666667,0.9166666666666666
1779600,0.631578947368421,0.75,0.7307692307692307,0.8666666666666667,0.8888888888888888
1779900,0.6578947368421053,0.75,0.7692307692307693,0.8666666666666667,0.8888888888888888
1780200,0.631578947368421,0.75,0.7884615384615384,0.8666666666666667,0.8888888888888888
1780500,0.6578947368421053,0.7,0.7884615384615384,0.8666666666666667,0.8888888888888888
1780800,0.6578947368421053,0.6,0.8076923076923077,0.8666666666666667,0.8888888888888888
1781100,0.7105263157894737,0.55,0.8076923076923077,0.8666666666666667,0.8888888888888888
1781400,0.7236842105263158,0.6,0.8076923076923077,0.8333333333333334,0.9166666666666666
1781700,0.7105263157894737,0.55,0.8269230769230769,0.8333333333333334,0.9166666666666666
1782000,0.6710526315789473,0.5,0.8461538461538461,0.8333333333333334,0.9166666666666666
1782300,0.5526315789473685,0.6,0.8653846153846154,0.8333333333333334,0.9166666666666666
1782600,0.6710526315789473,0.65,0.8653846153846154,0.8333333333333334,0.9166666666666666
1782900,0.631578947368421,0.7,0.8653846153846154,0.8333333333333334,0.9166666666666666
1783200,0.618421052631579,0.7,0.8846153846153846,0.8333333333333334,0.9166666666666666
1783500,0.618421052631579,0.65,0.8269230769230769,0.8333333333333334,0.9166666666666666
1783800,0.618421052631579,0.6,0.8269230769230769,0.8333333333333334,0.8888888888888888
1784100,0.6447368421052632,0.55,0.8269230769230769,0.8333333333333334,0.8888888888888888
1784400,0.6447368421052632,0.55,0.8269230769230769,0.8333333333333334,0.8333333333333334
1784700,0.6973684210526315,0.6,0.7884615384615384,0.8666666666666667,0.8333333333333334
1785000,0.7105263157894737,0.65,0.8076923076923077,0.8666666666666667,0.8333333333333334
1785300,0.6578947368421053,0.7,0.8076923076923077,0.8666666666666667,0.8333333333333334
1785600,0.6578947368421053,0.7,0.8076923076923077,0.8666666666666667,0.8333333333333334
1785900,0.0,0.0,0.8269230769230769,0.8333333333333334,0.8611111111111112
1786200,0.6842105263157895,0.7,0.8269230769230769,0.8333333333333334,0.8888888888888888
1786500,0.631578947368421,0.8,0.8269230769230769,0.8333333333333334,0.8888888888888888
1786800,0.6710526315789473,0.8,0.8076923076923077,0.8333333333333334,0.9166666666666666
1787100,0.7105263157894737,0.85,0.8076923076923077,0.8333333333333334,0.8888888888888888
1787400,0.6842105263157895,0.85,0.8269230769230769,0.8333333333333334,0.8888888888888888
1787700,0.6842105263157895,0.9,0.8076923076923077,0.8333333333333334,0.8888888888888888
1788000,0.6973684210526315,0.95,0.8269230769230769,0.8,0.8888888888888888
1788300,0.7236842105263158,0.9,0.8653846153846154,0.8,0.8888888888888888
1788600,0.7236842105263158,0.95,0.8846153846153846,0.8,0.8888888888888888
1788900,0.6973684210526315,0.9,0.8653846153846154,0.8,0.9166666666666666
1789200,0.7236842105263158,0.85,0.8653846153846154,0.8,0.9166666666666666
1789500,0.618421052631579,0.85,0.8846153846153846,0.8,0.8888888888888888
1789800,0.6973684210526315,0.85,0.8653846153846154,0.8333333333333334,0.8611111111111112
1790100,0.7105263157894737,0.8,0.8269230769230769,0.8333333333333334,0.8333333333333334
1790400,0.6447368421052632,0.8,0.8653846153846154,0.8,0.8055555555555556
1790700,0.6710526315789473,0.85,0.8076923076923077,0.8,0.8055555555555556
1791000,0.6578947368421053,0.8,0.8461538461538461,0.8,0.8055555555555556
1791300,0.5789473684210527,0.85,0.8461538461538461,0.7666666666666667,0.8333333333333334
1791600,0.6447368421052632,0.85,0.8461538461538461,0.7666666666666667,0.75
1791900,0.6578947368421053,0.8,0.8461538461538461,0.7666666666666667,0.75
1792200,0.6578947368421053,0.8,0.8269230769230769,0.8,0.6944444444444444
1792500,0.5921052631578947,0.85,0.8461538461538461,0.7666666666666667,0.6944444444444444
1792800,0.6710526315789473,0.9,0.8461538461538461,0.7666666666666667,0.6944444444444444
1793100,0.6447368421052632,0.9,0.8846153846153846,0.7666666666666667,0.6944444444444444
1793400,0.6842105263157895,0.9,0.8846153846153846,0.7333333333333333,0.6666666666666666
1793700,0.6447368421052632,0.85,0.9038461538461539,0.7666666666666667,0.6944444444444444
1794000,0.6578947368421053,0.75,0.9038461538461539,0.7666666666666667,0.7222222222222222
1794300,0.6710526315789473,0.75,0.9423076923076923,0.7666666666666667,0.7222222222222222
1794600,0.6447368421052632,0.75,0.9423076923076923,0.7666666666666667,0.75
1794900,0.6447368421052632,0.75,0.9423076923076923,0.7666666666666667,0.75
1795200,0.6447368421052632,0.75,0.9423076923076923,0.7666666666666667,0.7777777777777778
1795500,0.6447368421052632,0.75,0.9423076923076923,0.7666666666666667,0.8055555555555556
1795800,0.6578947368421053,0.85,0.9615384615384616,0.8333333333333334,0.8055555555555556
1796100,0.6447368421052632,0.85,0.9615384615384616,0.8333333333333334,0.8333333333333334
1796400,0.6578947368421053,0.9,0.9423076923076923,0.8333333333333334,0.8055555555555556
1796700,0.6710526315789473,0.9,0.9230769230769231,0.8,0.7777777777777778
1797000,0.6578947368421053,0.85,0.9423076923076923,0.8,0.7777777777777778
1797300,0.6447368421052632,0.75,0.9230769230769231,0.8,0.7777777777777778
1797600,0.631578947368421,0.8,0.8846153846153846,0.7,0.7777777777777778
1797900,0.5921052631578947,0.8,0.8846153846153846,0.6666666666666666,0.8055555555555556
1798200,0.6052631578947368,0.85,0.8653846153846154,0.7,0.8055555555555556
1798500,0.5657894736842105,0.75,0.9038461538461539,0.7,0.8333333333333334
1798800,0.5789473684210527,0.75,0.9038461538461539,0.7,0.8333333333333334
1799100,0.6052631578947368,0.8,0.8653846153846154,0.6333333333333333,0.8888888888888888
1799400,0.618421052631579,0.8,0.8461538461538461,0.6333333333333333,0.8611111111111112
1799700,0.618421052631579,0.75,0.7884615384615384,0.6,0.8888888888888888
1800000,0.631578947368421,0.75,0.7884615384615384,0.5666666666666667,0.8888888888888888
1800300,0.618421052631579,0.75,0.7884615384615384,0.5666666666666667,0.8888888888888888
1800600,0.618421052631579,0.8,0.75,0.6,0.8333333333333334
1800900,0.6052631578947368,0.85,0.75,0.6,0.8333333333333334
1801200,0.5657894736842105,0.85,0.7692307692307693,0.6,0.8055555555555556
1801500,0.5921052631578947,0.75,0.7884615384615384,0.5666666666666667,0.8055555555555556
1801800,0.5526315789473685,0.75,0.7692307692307693,0.5333333333333333,0.7777777777777778
1802100,0.631578947368421,0.7,0.7884615384615384,0.5666666666666667,0.7777777777777778
1802400,0.5921052631578947,0.7,0.8076923076923077,0.6,0.8333333333333334
1802700,0.5526315789473685,0.7,0.8076923076923077,0.5666666666666667,0.8055555555555556
1803000,0.5394736842105263,0.7,0.8076923076923077,0.5666666666666667,0.8055555555555556
1803300,0.5526315789473685,0.7,0.8269230769230769,0.5666666666666667,0.8333333333333334
1803600,0.5657894736842105,0.7,0.8269230769230769,0.5666666666666667,0.8333333333333334
1803900,0.5657894736842105,0.65,0.8269230769230769,0.6,0.7777777777777778
1804200,0.5394736842105263,0.75,0.8269230769230769,0.6666666666666666,0.75
1804500,0.5,0.8,0.8461538461538461,0.6666666666666666,0.7222222222222222
1804800,0.4868421052631579,0.8,0.8269230769230769,0.6666666666666666,0.7222222222222222
1805100,0.4473684210526316,0.75,0.8269230769230769,0.6666666666666666,0.7222222222222222
1805400,0.5394736842105263,0.8,0.8461538461538461,0.7333333333333333,0.7222222222222222
1805700,0.5263157894736842,0.75,0.8461538461538461,0.7333333333333333,0.75
1806000,0.5394736842105263,0.8,0.9038461538461539,0.7333333333333333,0.7222222222222222
1806300,0.5394736842105263,0.75,0.9038461538461539,0.7333333333333333,0.6944444444444444
1806600,0.5131578947368421,0.8,0.8846153846153846,0.7,0.6944444444444444
1806900,0.5131578947368421,0.8,0.9038461538461539,0.7,0.7222222222222222
1807200,0.4342105263157895,0.8,0.8653846153846154,0.7333333333333333,0.7222222222222222
1807500,0.42105263157894735,0.8,0.8076923076923077,0.7333333333333333,0.7222222222222222
1807800,0.39473684210526316,0.8,0.75,0.6666666666666666,0.75
1808100,0.35526315789473684,0.8,0.75,0.6666666666666666,0.75
1808400,0.3157894736842105,0.8,0.7692307692307693,0.7,0.75
1808700,0.35526315789473684,0.85,0.75,0.7,0.7222222222222222
1809000,0.3157894736842105,0.85,0.7115384615384616,0.7333333333333333,0.7222222222222222
1809300,0.3157894736842105,0.85,0.7307692307692307,0.7333333333333333,0.7222222222222222
1809600,0.3026315789473684,0.9,0.7692307692307693,0.7333333333333333,0.75
1809900,0.2894736842105263,0.95,0.8076923076923077,0.7333333333333333,0.75
1810200,0.3157894736842105,0.95,0.8076923076923077,0.7333333333333333,0.75
1810500,0.35526315789473684,0.95,0.8461538461538461,0.7333333333333333,0.7222222222222222
1810800,0.34210526315789475,0.95,0.8846153846153846,0.7333333333333333,0.7222222222222222
1811100,0.34210526315789475,0.9,0.8653846153846154,0.7333333333333333,0.6666666666666666
1811400,0.35526315789473684,0.95,0.8653846153846154,0.7333333333333333,0.6666666666666666
1811700,0.40789473684210525,0.95,0.8653846153846154,0.7333333333333333,0.6388888888888888
1812000,0.40789473684210525,0.95,0.8653846153846154,0.7333333333333333,0.6388888888888888
1812300,0.3815789473684211,0.95,0.8846153846153846,0.7333333333333333,0.6111111111111112
1812600,0.40789473684210525,1.0,0.9038461538461539,0.7666666666666667,0.5833333333333334
1812900,0.3815789473684211,1.0,0.8846153846153846,0.7666666666666667,0.6111111111111112
1813200,0.35526315789473684,0.95,0.8653846153846154,0.7666666666666667,0.6388888888888888
1813500,0.35526315789473684,0.95,0.8653846153846154,0.7666666666666667,0.6388888888888888
1813800,0.35526315789473684,0.95,0.8653846153846154,0.7666666666666667,0.6388888888888888
1814100,0.35526315789473684,0.95,0.8653846153846154,0.7666666666666667,0.6388888888888888
1814400,0.35526315789473684,0.95,0.8653846153846154,0.7666666666666667,0.6388888888888888
1814700,0.35526315789473684,0.95,0.8653846153846154,0.7666666666666667,0.6388888888888888
1815000,0.35526315789473684,0.95,0.8653846153846154,0.7666666666666667,0.6388888888888888
1815300,0.35526315789473684,0.95,0.8653846153846154,0.7666666666666667,0.6388888888888888
1815600,0.35526315789473684,0.95,0.8653846153846154,0.7666666666666667,0.6388888888888888
1815900,0.35526315789473684,0.95,0.8653846153846154,0.7666666666666667,0.6388888888888888
1816200,0.35526315789473684,0.95,0.8653846153846154,0.7666666666666667,0.6388888888888888
1816500,0.2236842105263158,0.95,0.8461538461538461,0.5666666666666667,0.3055555555555556
1816800,0.19736842105263158,0.9,0.8461538461538461,0.5333333333333333,0.25
1817100,0.15789473684210525,0.9,0.8269230769230769,0.5,0.2222222222222222
1817400,0.17105263157894737,0.9,0.8076923076923077,0.43333333333333335,0.16666666666666666
1817700,0.13157894736842105,0.9,0.8076923076923077,0.43333333333333335,0.16666666666666666
1818000,0.15789473684210525,0.9,0.7884615384615384,0.43333333333333335,0.1388888888888889
1818300,0.10526315789473684,0.9,0.7884615384615384,0.5,0.2222222222222222
1818600,0.09210526315789473,0.9,0.8076923076923077,0.5666666666666667,0.2222222222222222
1818900,0.09210526315789473,0.9,0.8076923076923077,0.5666666666666667,0.2222222222222222
1819200,0.09210526315789473,0.9,0.8076923076923077,0.5666666666666667,0.2222222222222222
1819500,0.09210526315789473,0.95,0.7884615384615384,0.5333333333333333,0.2222222222222222
1819800,0.09210526315789473,0.95,0.8076923076923077,0.4666666666666667,0.2222222222222222
1820100,0.10526315789473684,0.95,0.8076923076923077,0.4666666666666667,0.16666666666666666
1820400,0.10526315789473684,0.95,0.7884615384615384,0.4666666666666667,0.19444444444444445
1820700,0.14473684210526316,1.0,0.8076923076923077,0.4666666666666667,0.25
1821000,0.13157894736842105,1.0,0.7884615384615384,0.5,0.2777777777777778
1821300,0.10526315789473684,1.0,0.7692307692307693,0.4666666666666667,0.2777777777777778
1821600,0.17105263157894737,1.0,0.75,0.4666666666666667,0.3055555555555556
1821900,0.21052631578947367,1.0,0.7692307692307693,0.4666666666666667,0.3333333333333333
1822200,0.25,1.0,0.7884615384615384,0.43333333333333335,0.3611111111111111
1822500,0.2631578947368421,1.0,0.7884615384615384,0.43333333333333335,0.4166666666666667
1822800,0.25,1.0,0.7884615384615384,0.43333333333333335,0.4444444444444444
1823100,0.25,0.95,0.75,0.43333333333333335,0.4722222222222222
1823400,0.23684210526315788,0.95,0.7884615384615384,0.43333333333333335,0.5555555555555556
1823700,0.25,0.95,0.7884615384615384,0.4666666666666667,0.6111111111111112
1824000,0.23684210526315788,0.95,0.7884615384615384,0.5,0.6388888888888888
1824300,0.2236842105263158,0.95,0.7884615384615384,0.5,0.6666666666666666
1824600,0.21052631578947367,0.95,0.75,0.5,0.6944444444444444
1824900,0.19736842105263158,0.95,0.7307692307692307,0.5,0.6944444444444444
1825200,0.2236842105263158,1.0,0.7307692307692307,0.5,0.75
1825500,0.15789473684210525,1.0,0.7307692307692307,0.5,0.75
1825800,0.18421052631578946,1.0,0.7307692307692307,0.5,0.75
1826100,0.19736842105263158,1.0,0.7307692307692307,0.5,0.75
1826400,0.19736842105263158,1.0,0.7307692307692307,0.5,0.75
1826700,0.18421052631578946,1.0,0.7115384615384616,0.5,0.7222222222222222
1827000,0.18421052631578946,1.0,0.7692307692307693,0.5,0.7222222222222222
1827300,0.18421052631578946,1.0,0.7692307692307693,0.5,0.6666666666666666
1827600,0.18421052631578946,1.0,0.7692307692307693,0.5,0.6666666666666666
1827900,0.17105263157894737,1.0,0.7692307692307693,0.5,0.6388888888888888
1828200,0.17105263157894737,1.0,0.7884615384615384,0.5,0.6111111111111112
1828500,0.13157894736842105,1.0,0.7692307692307693,0.5,0.6111111111111112
1828800,0.13157894736842105,1.0,0.7692307692307693,0.5333333333333333,0.6111111111111112
1829100,0.13157894736842105,1.0,0.7884615384615384,0.5666666666666667,0.6111111111111112
1829400,0.14473684210526316,1.0,0.7884615384615384,0.5666666666666667,0.5
1829700,0.13157894736842105,1.0,0.7884615384615384,0.5666666666666667,0.5
1830000,0.14473684210526316,1.0,0.7884615384615384,0.5666666666666667,0.4444444444444444
1830300,0.14473684210526316,1.0,0.8076923076923077,0.5333333333333333,0.4722222222222222
1830600,0.15789473684210525,1.0,0.8076923076923077,0.5333333333333333,0.5277777777777778
1830900,0.15789473684210525,1.0,0.7692307692307693,0.5333333333333333,0.5555555555555556
1831200,0.17105263157894737,1.0,0.7884615384615384,0.5666666666666667,0.5277777777777778
1831500,0.15789473684210525,1.0,0.7692307692307693,0.5666666666666667,0.5
1831800,0.14473684210526316,1.0,0.7692307692307693,0.5666666666666667,0.5
1832100,0.17105263157894737,1.0,0.7307692307692307,0.5666666666666667,0.5
1832400,0.17105263157894737,1.0,0.7115384615384616,0.5666666666666667,0.5
1832700,0.17105263157894737,1.0,0.7115384615384616,0.5333333333333333,0.5
1833000,0.15789473684210525,1.0,0.7307692307692307,0.5,0.5
1833300,0.15789473684210525,1.0,0.7307692307692307,0.5,0.5277777777777778
1833600,0.17105263157894737,1.0,0.7115384615384616,0.5,0.5833333333333334
1833900,0.17105263157894737,1.0,0.7115384615384616,0.5,0.5833333333333334
1834200,0.17105263157894737,1.0,0.6923076923076923,0.4666666666666667,0.6388888888888888
1834500,0.17105263157894737,1.0,0.7115384615384616,0.4666666666666667,0.6111111111111112
1834800,0.18421052631578946,1.0,0.7307692307692307,0.4666666666666667,0.6111111111111112
1835100,0.18421052631578946,1.0,0.75,0.4666666666666667,0.5833333333333334
1835400,0.17105263157894737,1.0,0.7692307692307693,0.4666666666666667,0.6111111111111112
1835700,0.17105263157894737,1.0,0.7884615384615384,0.4666666666666667,0.5833333333333334
1836000,0.18421052631578946,1.0,0.7307692307692307,0.4666666666666667,0.5833333333333334
1836300,0.0,0.0,0.7115384615384616,0.4666666666666667,0.5833333333333334
1836600,0.17105263157894737,1.0,0.7115384615384616,0.4666666666666667,0.4166666666666667
1836900,0.18421052631578946,1.0,0.7115384615384616,0.43333333333333335,0.4722222222222222
1837200,0.19736842105263158,1.0,0.6923076923076923,0.5,0.4722222222222222
1837500,0.18421052631578946,1.0,0.6923076923076923,0.5,0.4722222222222222
1837800,0.19736842105263158,1.0,0.6730769230769231,0.5,0.3888888888888889
1838100,0.2236842105263158,1.0,0.6538461538461539,0.5,0.3611111111111111
1838400,0.2236842105263158,1.0,0.6153846153846154,0.5666666666666667,0.3611111111111111
1838700,0.21052631578947367,1.0,0.5961538461538461,0.5333333333333333,0.3333333333333333
1839000,0.21052631578947367,1.0,0.5961538461538461,0.5333333333333333,0.2777777777777778
1839300,0.21052631578947367,1.0,0.5576923076923077,0.5333333333333333,0.3055555555555556
1839600,0.2236842105263158,1.0,0.5384615384615384,0.5333333333333333,0.4166666666666667
1839900,0.23684210526315788,1.0,0.5192307692307693,0.5333333333333333,0.4166666666666667
1840200,0.23684210526315788,1.0,0.5384615384615384,0.5,0.5277777777777778
1840500,0.2236842105263158,1.0,0.5769230769230769,0.4666666666666667,0.5555555555555556
1840800,0.23684210526315788,1.0,0.5769230769230769,0.4666666666666667,0.5555555555555556
1841100,0.23684210526315788,1.0,0.6346153846153846,0.5,0.5555555555555556
1841400,0.25,1.0,0.7115384615384616,0.5333333333333333,0.5
1841700,0.27631578947368424,1.0,0.7115384615384616,0.5333333333333333,0.4722222222222222
1842000,0.27631578947368424,1.0,0.7115384615384616,0.5333333333333333,0.5
1842300,0.32894736842105265,1.0,0.75,0.5333333333333333,0.5833333333333334
1842600,0.3157894736842105,0.95,0.75,0.5,0.5833333333333334
1842900,0.3157894736842105,0.9,0.7307692307692307,0.5,0.6388888888888888
1843200,0.3157894736842105,0.85,0.7115384615384616,0.5,0.6388888888888888
1843500,0.0,0.0,0.6923076923076923,0.5666666666666667,0.7222222222222222
1843800,0.35526315789473684,0.85,0.6730769230769231,0.5666666666666667,0.7222222222222222
1844100,0.3684210526315789,0.9,0.7115384615384616,0.6333333333333333,0.75
1844400,0.3815789473684211,0.95,0.75,0.6333333333333333,0.8333333333333334
1844700,0.3815789473684211,0.95,0.7307692307692307,0.6333333333333333,0.8333333333333334
1845000,0.40789473684210525,0.95,0.75,0.6333333333333333,0.8333333333333334
1845300,0.40789473684210525,0.95,0.7307692307692307,0.6333333333333333,0.8333333333333334
1845600,0.40789473684210525,0.95,0.75,0.6333333333333333,0.8888888888888888
1845900,0.40789473684210525,0.9,0.7307692307692307,0.6333333333333333,0.9166666666666666
1846200,0.42105263157894735,0.95,0.7307692307692307,0.6333333333333333,0.9166666666666666
1846500,0.4342105263157895,0.95,0.7307692307692307,0.6666666666666666,0.9166666666666666
1846800,0.4342105263157895,0.95,0.7115384615384616,0.6666666666666666,0.9166666666666666
1847100,0.4342105263157895,0.9,0.6923076923076923,0.7,0.9166666666666666
1847400,0.4342105263157895,0.9,0.6923076923076923,0.7,0.9166666666666666
1847700,0.40789473684210525,0.95,0.7115384615384616,0.7,0.9444444444444444
1848000,0.4473684210526316,0.9,0.6923076923076923,0.7,0.9444444444444444
1848300,0.4342105263157895,0.9,0.6923076923076923,0.7,0.9444444444444444
1848600,0.42105263157894735,0.85,0.6923076923076923,0.7,0.9444444444444444
1848900,0.42105263157894735,0.85,0.6730769230769231,0.6666666666666666,0.9444444444444444
1849200,0.4342105263157895,0.85,0.6730769230769231,0.6666666666666666,0.9444444444444444
1849500,0.4342105263157895,0.75,0.6730769230769231,0.6666666666666666,0.9444444444444444
1849800,0.4605263157894737,0.75,0.6730769230769231,0.6666666666666666,0.9444444444444444
1850100,0.42105263157894735,0.7,0.6923076923076923,0.6666666666666666,0.9444444444444444
1850400,0.4342105263157895,0.7,0.7115384615384616,0.6333333333333333,0.9166666666666666
1850700,0.4342105263157895,0.7,0.7115384615384616,0.6333333333333333,0.9166666666666666
1851000,0.4473684210526316,0.75,0.7115384615384616,0.6666666666666666,0.8888888888888888
1851300,0.4473684210526316,0.8,0.7307692307692307,0.6666666666666666,0.8888888888888888
1851600,0.4473684210526316,0.75,0.7307692307692307,0.7,0.8611111111111112
1851900,0.4605263157894737,0.75,0.75,0.7,0.8888888888888888
1852200,0.4473684210526316,0.8,0.7307692307692307,0.7,0.9166666666666666
1852500,0.4473684210526316,0.8,0.7307692307692307,0.7333333333333333,0.9166666666666666
1852800,0.4473684210526316,0.75,0.7307692307692307,0.7333333333333333,0.9166666666666666
1853100,0.4605263157894737,0.75,0.7692307692307693,0.7333333333333333,0.9444444444444444
1853400,0.4473684210526316,0.75,0.7307692307692307,0.7333333333333333,0.9444444444444444
1853700,0.4605263157894737,0.75,0.7307692307692307,0.7333333333333333,0.9444444444444444
1854000,0.47368421052631576,0.75,0.7307692307692307,0.7333333333333333,0.9166666666666666
1854300,0.4868421052631579,0.85,0.6923076923076923,0.7333333333333333,0.9444444444444444
1854600,0.5263157894736842,0.9,0.7307692307692307,0.7333333333333333,0.9444444444444444
1854900,0.5263157894736842,0.9,0.7307692307692307,0.7333333333333333,0.9444444444444444
1855200,0.5263157894736842,0.85,0.75,0.7666666666666667,0.9444444444444444
1855500,0.5526315789473685,0.85,0.8076923076923077,0.8,0.9444444444444444
1855800,0.5526315789473685,0.85,0.8076923076923077,0.8,0.9444444444444444
1856100,0.5526315789473685,0.8,0.8076923076923077,0.8,0.9166666666666666
1856400,0.5526315789473685,0.8,0.8076923076923077,0.8,0.9166666666666666
1856700,0.5394736842105263,0.8,0.8076923076923077,0.7333333333333333,0.9444444444444444
1857000,0.5526315789473685,0.85,0.8461538461538461,0.7333333333333333,0.9166666666666666
1857300,0.5526315789473685,0.8,0.8653846153846154,0.7333333333333333,0.9166666666666666
1857600,0.5526315789473685,0.85,0.8269230769230769,0.7333333333333333,0.9166666666666666
1857900,0.0,0.0,0.7692307692307693,0.7333333333333333,0.9166666666666666
1858200,0.5657894736842105,0.8,0.7115384615384616,0.6666666666666666,0.8611111111111112
1858500,0.5526315789473685,0.8,0.6923076923076923,0.7333333333333333,0.8611111111111112
1858800,0.5657894736842105,0.8,0.7307692307692307,0.7333333333333333,0.8333333333333334
1859100,0.5921052631578947,0.75,0.7307692307692307,0.7333333333333333,0.8333333333333334
1859400,0.5921052631578947,0.8,0.7307692307692307,0.7,0.8333333333333334
1859700,0.5789473684210527,0.7,0.75,0.7,0.8333333333333334
1860000,0.5394736842105263,0.65,0.7307692307692307,0.7,0.8333333333333334
1860300,0.5394736842105263,0.7,0.7307692307692307,0.7,0.8333333333333334
1860600,0.5263157894736842,0.75,0.6923076923076923,0.7,0.8333333333333334
1860900,0.5657894736842105,0.75,0.6923076923076923,0.7,0.8611111111111112
1861200,0.5526315789473685,0.75,0.6923076923076923,0.7333333333333333,0.8611111111111112
1861500,0.5263157894736842,0.7,0.7115384615384616,0.7333333333333333,0.8888888888888888
1861800,0.5394736842105263,0.75,0.7307692307692307,0.7,0.8888888888888888
1862100,0.5394736842105263,0.75,0.75,0.7333333333333333,0.8888888888888888
1862400,0.5657894736842105,0.75,0.6923076923076923,0.7333333333333333,0.8611111111111112
1862700,0.5657894736842105,0.8,0.6923076923076923,0.7333333333333333,0.8333333333333334
1863000,0.5526315789473685,0.8,0.6923076923076923,0.7666666666666667,0.8055555555555556
1863300,0.5394736842105263,0.9,0.75,0.7666666666666667,0.8333333333333334
1863600,0.5657894736842105,0.9,0.75,0.7666666666666667,0.8333333333333334
1863900,0.5921052631578947,0.85,0.75,0.7666666666666667,0.8333333333333334
1864200,0.6447368421052632,0.85,0.7307692307692307,0.7666666666666667,0.8333333333333334
1864500,0.6447368421052632,0.8,0.7115384615384616,0.7666666666666667,0.8611111111111112
1864800,0.6710526315789473,0.75,0.6923076923076923,0.8,0.8333333333333334
1865100,0.6842105263157895,0.75,0.7307692307692307,0.8,0.8333333333333334
1865400,0.631578947368421,0.75,0.7884615384615384,0.8,0.8888888888888888
1865700,0.6842105263157895,0.75,0.7884615384615384,0.7666666666666667,0.8888888888888888
1866000,0.7236842105263158,0.8,0.8653846153846154,0.8,0.8888888888888888
1866300,0.7236842105263158,0.75,0.8653846153846154,0.8,0.8888888888888888
1866600,0.75,0.75,0.8461538461538461,0.8,0.8888888888888888
1866900,0.75,0.7,0.8461538461538461,0.8333333333333334,0.8888888888888888
1867200,0.7631578947368421,0.75,0.8653846153846154,0.8,0.8611111111111112
1867500,0.7894736842105263,0.8,0.8846153846153846,0.7666666666666667,0.8888888888888888
1867800,0.8026315789473685,0.85,0.8653846153846154,0.8,0.8888888888888888
1868100,0.7894736842105263,0.85,0.8846153846153846,0.8,0.8888888888888888
1868400,0.7894736842105263,0.85,0.9038461538461539,0.8,0.8888888888888888
1868700,0.7763157894736842,0.7,0.9038461538461539,0.8,0.8888888888888888
1869000,0.8289473684210527,0.75,0.9038461538461539,0.8333333333333334,0.9166666666666666
1869300,0.8026315789473685,0.8,0.9423076923076923,0.8,0.8888888888888888
1869600,0.8026315789473685,0.8,0.9423076923076923,0.8333333333333334,0.8888888888888888
1869900,0.7763157894736842,0.75,0.9230769230769231,0.8333333333333334,0.8888888888888888
1870200,0.7236842105263158,0.75,0.9230769230769231,0.9,0.8888888888888888
1870500,0.7631578947368421,0.7,0.8846153846153846,0.9,0.8888888888888888
1870800,0.7105263157894737,0.65,0.8846153846153846,0.9,0.9166666666666666
1871100,0.7105263157894737,0.75,0.8846153846153846,0.9,0.9166666666666666
1871400,0.75,0.8,0.9230769230769231,0.8666666666666667,0.9722222222222222
1871700,0.75,0.65,0.9230769230769231,0.8666666666666667,0.9444444444444444
1872000,0.7236842105263158,0.7,0.9038461538461539,0.8666666666666667,0.9444444444444444
1872300,0.6973684210526315,0.7,0.8846153846153846,0.8666666666666667,0.9166666666666666
1872600,0.6842105263157895,0.7,0.8846153846153846,0.8666666666666667,0.9166666666666666
1872900,0.7368421052631579,0.7,0.8461538461538461,0.8666666666666667,0.9166666666666666
1873200,0.6842105263157895,0.65,0.8269230769230769,0.9,0.9722222222222222
1873500,0.7105263157894737,0.6,0.8461538461538461,0.9,0.9722222222222222
1873800,0.7368421052631579,0.7,0.8461538461538461,0.9,0.9722222222222222
1874100,0.75,0.65,0.8653846153846154,0.9,0.9722222222222222
1874400,0.75,0.65,0.8653846153846154,0.9,0.9722222222222222
1874700,0.75,0.65,0.8653846153846154,0.9,0.9722222222222222
1875000,0.7763157894736842,0.75,0.8269230769230769,0.9666666666666667,0.9722222222222222
1875300,0.7763157894736842,0.75,0.8076923076923077,0.9666666666666667,0.9722222222222222
1875600,0.8157894736842105,0.75,0.8076923076923077,0.9666666666666667,0.9722222222222222
1875900,0.8157894736842105,0.75,0.7884615384615384,0.9666666666666667,0.9722222222222222
1876200,0.7631578947368421,0.75,0.7884615384615384,0.9666666666666667,0.9722222222222222
1876500,0.7763157894736842,0.6,0.8076923076923077,0.9666666666666667,0.9722222222222222
1876800,0.7763157894736842,0.6,0.8461538461538461,0.9666666666666667,0.9722222222222222
1877100,0.7763157894736842,0.7,0.8461538461538461,0.9333333333333333,1.0
1877400,0.7631578947368421,0.7,0.8653846153846154,0.9666666666666667,0.9444444444444444
1877700,0.7368421052631579,0.65,0.8846153846153846,0.9666666666666667,0.9166666666666666
1878000,0.7368421052631579,0.75,0.8653846153846154,0.9666666666666667,0.9444444444444444
1878300,0.7105263157894737,0.85,0.9230769230769231,0.9666666666666667,0.9166666666666666
1878600,0.7105263157894737,0.95,0.9230769230769231,0.9666666666666667,0.9166666666666666
1878900,0.7631578947368421,0.85,0.9230769230769231,0.9666666666666667,0.9166666666666666
1879200,0.7631578947368421,0.9,0.9230769230769231,0.9666666666666667,0.8888888888888888
1879500,0.7763157894736842,0.9,0.9230769230769231,0.9666666666666667,0.8611111111111112
1879800,0.7236842105263158,0.9,0.9230769230769231,0.9333333333333333,0.8888888888888888
1880100,0.75,0.85,0.9038461538461539,0.9333333333333333,0.8888888888888888
1880400,0.7368421052631579,0.8,0.9038461538461539,0.9333333333333333,0.8888888888888888
1880700,0.7763157894736842,0.8,0.8846153846153846,0.9333333333333333,0.9166666666666666
1881000,0.8157894736842105,0.8,0.8846153846153846,0.9333333333333333,0.8888888888888888
1881300,0.8157894736842105,0.8,0.9038461538461539,0.9333333333333333,0.8888888888888888
1881600,0.7763157894736842,0.8,0.9038461538461539,0.9333333333333333,0.8611111111111112
1881900,0.8026315789473685,0.85,0.9230769230769231,0.9333333333333333,0.8611111111111112
1882200,0.8026315789473685,0.85,0.9230769230769231,0.9333333333333333,0.8055555555555556
1882500,0.8289473684210527,0.8,0.9230769230769231,0.9333333333333333,0.8611111111111112
1882800,0.7894736842105263,0.75,0.9615384615384616,0.9333333333333333,0.8611111111111112
1883100,0.75,0.75,0.9230769230769231,0.9333333333333333,0.8611111111111112
1883400,0.7763157894736842,0.8,0.8846153846153846,0.9333333333333333,0.8611111111111112
1883700,0.7763157894736842,0.8,0.8846153846153846,0.9333333333333333,0.8888888888888888
1884000,0.6710526315789473,0.7,0.9038461538461539,0.9,0.8888888888888888
1884300,0.7368421052631579,0.7,0.8653846153846154,0.9,0.9166666666666666
1884600,0.7105263157894737,0.65,0.8653846153846154,0.9,0.9166666666666666
1884900,0.75,0.65,0.8653846153846154,0.9,0.8888888888888888
1885200,0.7105263157894737,0.65,0.8461538461538461,0.9,0.8333333333333334
1885500,0.6973684210526315,0.7,0.8461538461538461,0.9333333333333333,0.8333333333333334
1885800,0.6710526315789473,0.7,0.8653846153846154,0.9333333333333333,0.8611111111111112
1886100,0.6578947368421053,0.7,0.8653846153846154,0.9,0.8611111111111112
1886400,0.7105263157894737,0.7,0.8461538461538461,0.8666666666666667,0.8611111111111112
1886700,0.6710526315789473,0.7,0.8653846153846154,0.8666666666666667,0.8888888888888888
1887000,0.6842105263157895,0.8,0.8653846153846154,0.8666666666666667,0.8888888888888888
1887300,0.6842105263157895,0.8,0.9038461538461539,0.8666666666666667,0.8888888888888888
1887600,0.7105263157894737,0.8,0.9038461538461539,0.8666666666666667,0.8888888888888888
1887900,0.6973684210526315,0.8,0.9038461538461539,0.8666666666666667,0.9722222222222222
1888200,0.6973684210526315,0.85,0.8461538461538461,0.8666666666666667,0.9722222222222222
1888500,0.6578947368421053,0.85,0.8269230769230769,0.8666666666666667,0.9722222222222222
1888800,0.6447368421052632,0.85,0.8269230769230769,0.8333333333333334,0.9722222222222222
1889100,0.618421052631579,0.85,0.8269230769230769,0.8333333333333334,0.9444444444444444
1889400,0.6710526315789473,0.85,0.8846153846153846,0.8333333333333334,0.9444444444444444
1889700,0.6447368421052632,0.85,0.8653846153846154,0.8,0.9166666666666666
1890000,0.6052631578947368,0.85,0.8653846153846154,0.8,0.9166666666666666
1890300,0.6052631578947368,0.85,0.8653846153846154,0.8333333333333334,0.9166666666666666
1890600,0.631578947368421,0.85,0.8461538461538461,0.8333333333333334,0.9444444444444444
1890900,0.6052631578947368,0.85,0.8846153846153846,0.8666666666666667,0.9166666666666666
1891200,0.6052631578947368,0.85,0.8653846153846154,0.8666666666666667,0.8888888888888888
1891500,0.5789473684210527,0.8,0.8653846153846154,0.8666666666666667,0.8333333333333334
1891800,0.5789473684210527,0.8,0.8653846153846154,0.8666666666666667,0.8333333333333334
1892100,0.5657894736842105,0.8,0.8461538461538461,0.8666666666666667,0.8333333333333334
1892400,0.5789473684210527,0.8,0.8269230769230769,0.8666666666666667,0.8333333333333334
1892700,0.5526315789473685,0.8,0.8846153846153846,0.8666666666666667,0.8611111111111112
1893000,0.4868421052631579,0.8,0.9038461538461539,0.8666666666666667,0.8611111111111112
1893300,0.5131578947368421,0.85,0.9038461538461539,0.9,0.8611111111111112
1893600,0.4868421052631579,0.85,0.9230769230769231,0.8666666666666667,0.8611111111111112
1893900,0.5131578947368421,0.85,0.9230769230769231,0.8666666666666667,0.8333333333333334
1894200,0.5131578947368421,0.85,0.9038461538461539,0.8666666666666667,0.7777777777777778
1894500,0.5394736842105263,0.85,0.9230769230769231,0.8666666666666667,0.7777777777777778
1894800,0.5,0.9,0.9423076923076923,0.8333333333333334,0.8055555555555556
1895100,0.5526315789473685,0.85,0.9423076923076923,0.8333333333333334,0.7777777777777778
1895400,0.5789473684210527,0.85,0.9038461538461539,0.8333333333333334,0.7777777777777778
1895700,0.5263157894736842,0.85,0.9038461538461539,0.8333333333333334,0.7777777777777778
1896000,0.5131578947368421,0.85,0.8846153846153846,0.7666666666666667,0.75
1896300,0.5,0.8,0.8461538461538461,0.7333333333333333,0.75
1896600,0.5131578947368421,0.85,0.8461538461538461,0.7333333333333333,0.75
1896900,0.47368421052631576,1.0,0.8653846153846154,0.7,0.7222222222222222
1897200,0.5131578947368421,0.9,0.8461538461538461,0.7,0.7222222222222222
1897500,0.5263157894736842,0.9,0.8269230769230769,0.6666666666666666,0.6666666666666666
1897800,0.5,0.9,0.8076923076923077,0.6666666666666666,0.6388888888888888
1898100,0.4473684210526316,0.8,0.8076923076923077,0.6333333333333333,0.6666666666666666
1898400,0.4605263157894737,0.85,0.7692307692307693,0.6333333333333333,0.6666666666666666
1898700,0.5,0.8,0.7884615384615384,0.6333333333333333,0.6666666666666666
1899000,0.5131578947368421,0.8,0.8461538461538461,0.6666666666666666,0.6666666666666666
1899300,0.5526315789473685,0.8,0.8653846153846154,0.7,0.6666666666666666
1899600,0.5263157894736842,0.8,0.8461538461538461,0.7333333333333333,0.6666666666666666
1899900,0.5526315789473685,0.75,0.8461538461538461,0.7333333333333333,0.6666666666666666
1900200,0.5657894736842105,0.7,0.7692307692307693,0.7333333333333333,0.6666666666666666
1900500,0.5526315789473685,0.8,0.75,0.7333333333333333,0.6666666666666666
1900800,0.5,0.8,0.7884615384615384,0.7333333333333333,0.6666666666666666
1901100,0.4473684210526316,0.85,0.75,0.7,0.6111111111111112
1901400,0.4868421052631579,0.85,0.7692307692307693,0.7,0.5833333333333334
1901700,0.5,0.85,0.75,0.7,0.5555555555555556
1902000,0.47368421052631576,0.85,0.7307692307692307,0.6,0.5277777777777778
1902300,0.42105263157894735,0.85,0.7692307692307693,0.5666666666666667,0.5
1902600,0.4605263157894737,0.85,0.75,0.5666666666666667,0.5
1902900,0.4473684210526316,0.85,0.7692307692307693,0.5333333333333333,0.5
1903200,0.47368421052631576,0.8,0.7692307692307693,0.5,0.4722222222222222
1903500,0.40789473684210525,0.8,0.7884615384615384,0.5,0.4722222222222222
1903800,0.40789473684210525,0.8,0.8461538461538461,0.4666666666666667,0.4444444444444444
1904100,0.39473684210526316,0.85,0.8461538461538461,0.4666666666666667,0.3888888888888889
1904400,0.39473684210526316,0.9,0.9038461538461539,0.4666666666666667,0.3888888888888889
1904700,0.42105263157894735,0.9,0.8846153846153846,0.43333333333333335,0.3611111111111111
1905000,0.42105263157894735,0.9,0.9038461538461539,0.43333333333333335,0.3888888888888889
1905300,0.34210526315789475,0.9,0.8846153846153846,0.43333333333333335,0.4166666666666667
1905600,0.34210526315789475,0.9,0.8846153846153846,0.4,0.3888888888888889
1905900,0.35526315789473684,0.9,0.8461538461538461,0.5,0.4166666666666667
1906200,0.3815789473684211,0.9,0.8653846153846154,0.5,0.4166666666666667
1906500,0.3684210526315789,0.85,0.8846153846153846,0.43333333333333335,0.3333333333333333
1906800,0.35526315789473684,0.8,0.8653846153846154,0.43333333333333335,0.3611111111111111
1907100,0.35526315789473684,0.8,0.8653846153846154,0.43333333333333335,0.3611111111111111
1907400,0.35526315789473684,0.8,0.8653846153846154,0.43333333333333335,0.3611111111111111
1907700,0.32894736842105265,0.8,0.8846153846153846,0.43333333333333335,0.3611111111111111
1908000,0.34210526315789475,0.85,0.8846153846153846,0.4,0.3333333333333333
1908300,0.32894736842105265,0.85,0.8653846153846154,0.43333333333333335,0.3611111111111111
1908600,0.34210526315789475,0.85,0.8461538461538461,0.4,0.3333333333333333
1908900,0.32894736842105265,0.85,0.8461538461538461,0.4,0.3055555555555556
1909200,0.34210526315789475,0.85,0.8461538461538461,0.4,0.3055555555555556
1909500,0.34210526315789475,0.85,0.8461538461538461,0.4,0.3333333333333333
1909800,0.3157894736842105,0.95,0.8461538461538461,0.43333333333333335,0.25
1910100,0.27631578947368424,0.95,0.8461538461538461,0.4,0.3055555555555556
1910400,0.2236842105263158,0.9,0.8076923076923077,0.43333333333333335,0.2777777777777778
1910700,0.2236842105263158,0.9,0.8076923076923077,0.43333333333333335,0.3333333333333333
1911000,0.2236842105263158,0.9,0.7884615384615384,0.43333333333333335,0.2777777777777778
1911300,0.2236842105263158,0.85,0.8076923076923077,0.4,0.25
1911600,0.25,0.85,0.8076923076923077,0.43333333333333335,0.19444444444444445
1911900,0.21052631578947367,0.85,0.8076923076923077,0.4666666666666667,0.16666666666666666
1912200,0.25,0.85,0.7884615384615384,0.4,0.16666666666666666
1912500,0.19736842105263158,0.85,0.7884615384615384,0.4,0.16666666666666666
1912800,0.18421052631578946,0.9,0.7884615384615384,0.36666666666666664,0.1388888888888889
1913100,0.2236842105263158,0.9,0.7692307692307693,0.3333333333333333,0.16666666666666666
1913400,0.21052631578947367,0.9,0.7692307692307693,0.36666666666666664,0.1388888888888889
1913700,0.2236842105263158,0.95,0.75,0.4,0.2222222222222222
1914000,0.19736842105263158,0.95,0.7307692307692307,0.36666666666666664,0.25
1914300,0.19736842105263158,0.95,0.6923076923076923,0.43333333333333335,0.2777777777777778
1914600,0.19736842105263158,0.95,0.7115384615384616,0.4666666666666667,0.2777777777777778
1914900,0.19736842105263158,0.95,0.6923076923076923,0.4666666666666667,0.3055555555555556
1915200,0.23684210526315788,0.95,0.7307692307692307,0.4,0.3055555555555556
1915500,0.0,0.0,0.75,0.3333333333333333,0.3333333333333333
1915800,0.2236842105263158,0.95,0.75,0.3333333333333333,0.3611111111111111
1916100,0.23684210526315788,0.95,0.7692307692307693,0.36666666666666664,0.3611111111111111
1916400,0.2236842105263158,0.85,0.75,0.43333333333333335,0.5
1916700,0.21052631578947367,0.85,0.7307692307692307,0.43333333333333335,0.4444444444444444
1917000,0.21052631578947367,0.9,0.75,0.4,0.3888888888888889
1917300,0.21052631578947367,0.9,0.75,0.4,0.3611111111111111
1917600,0.21052631578947367,0.9,0.75,0.43333333333333335,0.3055555555555556
1917900,0.2236842105263158,0.9,0.7307692307692307,0.43333333333333335,0.3055555555555556
1918200,0.18421052631578946,0.9,0.7307692307692307,0.43333333333333335,0.3055555555555556
1918500,0.14473684210526316,0.9,0.7115384615384616,0.4,0.2777777777777778
1918800,0.14473684210526316,0.9,0.7115384615384616,0.4,0.2777777777777778
1919100,0.14473684210526316,0.9,0.7307692307692307,0.3,0.2777777777777778
1919400,0.13157894736842105,0.9,0.75,0.26666666666666666,0.25
1919700,0.13157894736842105,0.95,0.7115384615384616,0.3,0.2777777777777778
1920000,0.13157894736842105,0.95,0.6923076923076923,0.3,0.3888888888888889
1920300,0.13157894736842105,0.95,0.6923076923076923,0.3,0.3888888888888889
1920600,0.14473684210526316,0.95,0.6923076923076923,0.3,0.3333333333333333
1920900,0.13157894736842105,0.95,0.6923076923076923,0.3333333333333333,0.2777777777777778
1921200,0.13157894736842105,0.95,0.6730769230769231,0.3333333333333333,0.2777777777777778
1921500,0.13157894736842105,0.95,0.6346153846153846,0.3333333333333333,0.2777777777777778
1921800,0.13157894736842105,0.95,0.6346153846153846,0.3333333333333333,0.2777777777777778
1922100,0.13157894736842105,0.95,0.5961538461538461,0.3,0.2777777777777778
1922400,0.14473684210526316,0.95,0.6538461538461539,0.3333333333333333,0.3055555555555556
1922700,0.11842105263157894,0.95,0.6538461538461539,0.3333333333333333,0.25
1923000,0.15789473684210525,0.95,0.6538461538461539,0.36666666666666664,0.2222222222222222
1923300,0.18421052631578946,0.95,0.5961538461538461,0.4,0.16666666666666666
1923600,0.18421052631578946,0.95,0.6346153846153846,0.36666666666666664,0.1111111111111111
1923900,0.18421052631578946,0.95,0.5961538461538461,0.36666666666666664,0.1388888888888889
1924200,0.17105263157894737,0.95,0.5769230769230769,0.3333333333333333,0.1388888888888889
1924500,0.18421052631578946,0.95,0.5769230769230769,0.3,0.1388888888888889
1924800,0.18421052631578946,0.95,0.5576923076923077,0.3,0.16666666666666666
1925100,0.15789473684210525,0.95,0.5576923076923077,0.3,0.1388888888888889
1925400,0.15789473684210525,0.95,0.5384615384615384,0.3,0.16666666666666666
1925700,0.17105263157894737,0.95,0.5192307692307693,0.3,0.19444444444444445
1926000,0.18421052631578946,0.95,0.5192307692307693,0.26666666666666666,0.1388888888888889
1926300,0.18421052631578946,0.95,0.5192307692307693,0.26666666666666666,0.16666666666666666
1926600,0.18421052631578946,0.95,0.5,0.26666666666666666,0.16666666666666666
1926900,0.17105263157894737,0.95,0.5,0.23333333333333334,0.16666666666666666
1927200,0.18421052631578946,0.95,0.46153846153846156,0.23333333333333334,0.19444444444444445
1927500,0.19736842105263158,0.95,0.4230769230769231,0.2,0.2222222222222222
1927800,0.17105263157894737,0.9,0.38461538461538464,0.26666666666666666,0.3055555555555556
1928100,0.17105263157894737,0.85,0.4230769230769231,0.23333333333333334,0.25
1928400,0.17105263157894737,0.9,0.46153846153846156,0.23333333333333334,0.3055555555555556
1928700,0.15789473684210525,0.9,0.4230769230769231,0.2,0.3888888888888889
1929000,0.19736842105263158,0.9,0.4230769230769231,0.26666666666666666,0.4166666666666667
1929300,0.2236842105263158,0.9,0.5,0.26666666666666666,0.4166666666666667
1929600,0.18421052631578946,0.9,0.5384615384615384,0.26666666666666666,0.4444444444444444
1929900,0.18421052631578946,0.9,0.5384615384615384,0.26666666666666666,0.4444444444444444
1930200,0.21052631578947367,0.95,0.5192307692307693,0.3,0.5277777777777778
1930500,0.19736842105263158,0.95,0.5384615384615384,0.3,0.5555555555555556
1930800,0.19736842105263158,0.95,0.5769230769230769,0.3,0.5555555555555556
1931100,0.2236842105263158,0.95,0.5769230769230769,0.3333333333333333,0.6111111111111112
1931400,0.2236842105263158,0.95,0.5769230769230769,0.4,0.5277777777777778
1931700,0.23684210526315788,0.95,0.6153846153846154,0.43333333333333335,0.5555555555555556
1932000,0.25,0.95,0.6153846153846154,0.4,0.5277777777777778
1932300,0.25,0.95,0.6538461538461539,0.4,0.5555555555555556
1932600,0.25,0.9,0.6538461538461539,0.4,0.6111111111111112
1932900,0.25,0.95,0.6346153846153846,0.4,0.5833333333333334
1933200,0.27631578947368424,0.95,0.5961538461538461,0.4,0.6111111111111112
1933500,0.27631578947368424,1.0,0.5961538461538461,0.4,0.6111111111111112
1933800,0.3026315789473684,1.0,0.6153846153846154,0.36666666666666664,0.5833333333333334
1934100,0.3157894736842105,0.95,0.6153846153846154,0.4,0.5833333333333334
1934400,0.32894736842105265,0.95,0.5769230769230769,0.4,0.6111111111111112
1934700,0.3157894736842105,0.95,0.6153846153846154,0.4,0.6111111111111112
1935000,0.3157894736842105,0.95,0.6153846153846154,0.43333333333333335,0.6388888888888888
1935300,0.32894736842105265,0.95,0.6346153846153846,0.4666666666666667,0.6111111111111112
1935600,0.32894736842105265,0.95,0.6153846153846154,0.4666666666666667,0.6111111111111112
1935900,0.35526315789473684,0.9,0.6346153846153846,0.4666666666666667,0.6111111111111112
1936200,0.35526315789473684,0.85,0.6153846153846154,0.4666666666666667,0.6388888888888888
1936500,0.3815789473684211,0.85,0.6346153846153846,0.4666666666666667,0.6944444444444444
1936800,0.39473684210526316,0.85,0.6346153846153846,0.43333333333333335,0.6944444444444444
1937100,0.0,0.85,0.6538461538461539,0.4666666666666667,0.75
1937400,0.39473684210526316,0.85,0.7115384615384616,0.4666666666666667,0.75
1937700,0.39473684210526316,0.85,0.7115384615384616,0.4666666666666667,0.75
1938000,0.3684210526315789,0.85,0.7307692307692307,0.5,0.7777777777777778
1938300,0.3815789473684211,0.85,0.75,0.5333333333333333,0.7777777777777778
1938600,0.39473684210526316,0.9,0.7692307692307693,0.5333333333333333,0.8055555555555556
1938900,0.40789473684210525,0.95,0.7884615384615384,0.5333333333333333,0.8611111111111112
1939200,0.4342105263157895,0.9,0.7692307692307693,0.5666666666666667,0.8611111111111112
1939500,0.42105263157894735,0.85,0.7692307692307693,0.6,0.8611111111111112
1939800,0.4342105263157895,0.85,0.7692307692307693,0.6333333333333333,0.8888888888888888
1940100,0.42105263157894735,0.8,0.7692307692307693,0.6333333333333333,0.8888888888888888
1940400,0.4605263157894737,0.8,0.7692307692307693,0.6333333333333333,0.8333333333333334
1940700,0.4342105263157895,0.8,0.7884615384615384,0.6333333333333333,0.8611111111111112
1941000,0.4605263157894737,0.8,0.7884615384615384,0.6333333333333333,0.8611111111111112
1941300,0.47368421052631576,0.75,0.8076923076923077,0.6333333333333333,0.8611111111111112
1941600,0.4868421052631579,0.75,0.8653846153846154,0.6333333333333333,0.8611111111111112
1941900,0.47368421052631576,0.75,0.8653846153846154,0.6333333333333333,0.8611111111111112
1942200,0.4605263157894737,0.85,0.8846153846153846,0.6333333333333333,0.8611111111111112
1942500,0.47368421052631576,0.9,0.8461538461538461,0.6333333333333333,0.8611111111111112
1942800,0.47368421052631576,0.95,0.8461538461538461,0.6333333333333333,0.8611111111111112
1943100,0.4473684210526316,0.95,0.8653846153846154,0.6666666666666666,0.8611111111111112
1943400,0.4868421052631579,0.9,0.8653846153846154,0.6666666666666666,0.8888888888888888
1943700,0.5131578947368421,0.9,0.8653846153846154,0.6666666666666666,0.8888888888888888
1944000,0.5,0.9,0.8846153846153846,0.6333333333333333,0.9166666666666666
1944300,0.5,0.9,0.8846153846153846,0.6333333333333333,0.9166666666666666
1944600,0.5,0.9,0.8653846153846154,0.6333333333333333,0.8888888888888888
1944900,0.5131578947368421,0.95,0.8846153846153846,0.6333333333333333,0.8888888888888888
1945200,0.5,0.95,0.8846153846153846,0.6666666666666666,0.8888888888888888
1945500,0.5,0.95,0.8846153846153846,0.6666666666666666,0.8888888888888888
1945800,0.5131578947368421,0.9,0.8846153846153846,0.6666666666666666,0.8888888888888888
1946100,0.5,0.85,0.8846153846153846,0.7,0.8888888888888888
1946400,0.5131578947368421,0.85,0.8846153846153846,0.7,0.8888888888888888
1946700,0.5,0.85,0.8653846153846154,0.6666666666666666,0.8888888888888888
1947000,0.5263157894736842,0.8,0.8653846153846154,0.6666666666666666,0.8888888888888888
1947300,0.5131578947368421,0.8,0.8269230769230769,0.6333333333333333,0.8888888888888888
1947600,0.5131578947368421,0.8,0.8269230769230769,0.6333333333333333,0.8333333333333334
1947900,0.5,0.75,0.8076923076923077,0.6666666666666666,0.8333333333333334
1948200,0.5263157894736842,0.75,0.8269230769230769,0.6,0.8333333333333334
1948500,0.5263157894736842,0.8,0.8076923076923077,0.6,0.8333333333333334
1948800,0.5,0.7,0.8269230769230769,0.6,0.8611111111111112
1949100,0.5,0.75,0.8269230769230769,0.6333333333333333,0.8333333333333334
1949400,0.4868421052631579,0.8,0.8076923076923077,0.6333333333333333,0.8333333333333334
1949700,0.4868421052631579,0.85,0.8076923076923077,0.6333333333333333,0.8055555555555556
1950000,0.5,0.85,0.8076923076923077,0.6333333333333333,0.8055555555555556
1950300,0.5131578947368421,0.85,0.8461538461538461,0.6666666666666666,0.7777777777777778
1950600,0.5657894736842105,0.85,0.8653846153846154,0.7,0.7777777777777778
1950900,0.5657894736842105,0.85,0.8653846153846154,0.7,0.7777777777777778
1951200,0.5526315789473685,0.85,0.8653846153846154,0.7333333333333333,0.7777777777777778
1951500,0.5789473684210527,0.85,0.8846153846153846,0.8,0.8333333333333334
1951800,0.5789473684210527,0.85,0.8846153846153846,0.8,0.8333333333333334
1952100,0.6447368421052632,0.8,0.9038461538461539,0.7666666666666667,0.8055555555555556
1952400,0.618421052631579,0.7,0.8846153846153846,0.7666666666666667,0.7777777777777778
1952700,0.5789473684210527,0.75,0.8846153846153846,0.7333333333333333,0.7777777777777778
1953000,0.5526315789473685,0.7,0.8846153846153846,0.7333333333333333,0.8333333333333334
1953300,0.6052631578947368,0.65,0.9038461538461539,0.7333333333333333,0.8611111111111112
1953600,0.618421052631579,0.65,0.8846153846153846,0.7333333333333333,0.8611111111111112
1953900,0.6052631578947368,0.65,0.8846153846153846,0.7666666666666667,0.8888888888888888
1954200,0.6447368421052632,0.65,0.9230769230769231,0.8,0.8888888888888888
1954500,0.6578947368421053,0.7,0.9038461538461539,0.8,0.8888888888888888
1954800,0.6447368421052632,0.7,0.8846153846153846,0.8,0.8888888888888888
1955100,0.6447368421052632,0.7,0.8461538461538461,0.8,0.8611111111111112
1955400,0.6710526315789473,0.65,0.8461538461538461,0.8,0.8611111111111112
1955700,0.6973684210526315,0.65,0.8269230769230769,0.8,0.8611111111111112
1956000,0.7236842105263158,0.75,0.8269230769230769,0.8333333333333334,0.8055555555555556
1956300,0.7105263157894737,0.8,0.8269230769230769,0.8,0.8055555555555556
1956600,0.6973684210526315,0.85,0.8269230769230769,0.8,0.8055555555555556
1956900,0.6578947368421053,0.95,0.8461538461538461,0.8,0.8055555555555556
1957200,0.6710526315789473,0.95,0.8461538461538461,0.8,0.8055555555555556
1957500,0.6842105263157895,0.9,0.8653846153846154,0.8,0.8055555555555556
1957800,0.6578947368421053,0.8,0.8846153846153846,0.7666666666666667,0.8055555555555556
1958100,0.6710526315789473,0.8,0.9230769230769231,0.7666666666666667,0.8055555555555556
1958400,0.6447368421052632,0.7,0.9423076923076923,0.7666666666666667,0.8611111111111112
1958700,0.6447368421052632,0.7,0.9423076923076923,0.7666666666666667,0.8611111111111112
1959000,0.7236842105263158,0.7,0.9423076923076923,0.7666666666666667,0.9166666666666666
1959300,0.7236842105263158,0.7,0.9615384615384616,0.8,0.9444444444444444
1959600,0.7368421052631579,0.75,0.9615384615384616,0.8,0.9444444444444444
1959900,0.6052631578947368,0.75,0.9423076923076923,0.8,0.9444444444444444
1960200,0.7236842105263158,0.7,0.9423076923076923,0.8333333333333334,0.9166666666666666
1960500,0.7763157894736842,0.7,0.9423076923076923,0.8333333333333334,0.9166666666666666
1960800,0.7763157894736842,0.65,0.9230769230769231,0.8333333333333334,0.9166666666666666
1961100,0.7368421052631579,0.65,0.9230769230769231,0.8666666666666667,0.9166666666666666
1961400,0.7105263157894737,0.7,0.9423076923076923,0.8666666666666667,0.9166666666666666
1961700,0.6842105263157895,0.6,0.9230769230769231,0.8666666666666667,0.9166666666666666
1962000,0.7236842105263158,0.65,0.9230769230769231,0.8333333333333334,0.9166666666666666
1962300,0.7105263157894737,0.65,0.9230769230769231,0.8333333333333334,0.9166666666666666
1962600,0.7105263157894737,0.75,0.9230769230769231,0.8666666666666667,0.9166666666666666
1962900,0.6842105263157895,0.7,0.9230769230769231,0.8666666666666667,0.9444444444444444
1963200,0.5921052631578947,0.65,0.9230769230769231,0.9,0.9444444444444444
1963500,0.6710526315789473,0.65,0.9230769230769231,0.8666666666666667,0.9166666666666666
1963800,0.6842105263157895,0.6,0.9230769230769231,0.9,0.9166666666666666
1964100,0.6710526315789473,0.6,0.9230769230769231,0.9,0.9166666666666666
1964400,0.6710526315789473,0.65,0.9230769230769231,0.9,0.8888888888888888
1964700,0.6842105263157895,0.7,0.9230769230769231,0.9,0.8888888888888888
1965000,0.7105263157894737,0.65,0.9423076923076923,0.9,0.8888888888888888
1965300,0.6973684210526315,0.6,0.9807692307692307,0.9333333333333333,0.8611111111111112
1965600,0.6973684210526315,0.65,0.9807692307692307,0.9333333333333333,0.8611111111111112
1965900,0.7105263157894737,0.7,0.9807692307692307,0.9333333333333333,0.8611111111111112
1966200,0.7105263157894737,0.75,0.9423076923076923,0.9333333333333333,0.8611111111111112
1966500,0.6710526315789473,0.8,0.9423076923076923,0.9333333333333333,0.8611111111111112
1966800,0.6842105263157895,0.85,0.9615384615384616,0.9333333333333333,0.8611111111111112
1967100,0.6973684210526315,0.85,0.9807692307692307,0.9333333333333333,0.8611111111111112
1967400,0.7368421052631579,0.85,0.9807692307692307,0.9333333333333333,0.8611111111111112
1967700,0.7368421052631579,0.8,0.9807692307692307,0.9,0.8611111111111112
1968000,0.7368421052631579,0.85,0.9807692307692307,0.9,0.8611111111111112
1968300,0.7368421052631579,0.9,0.9615384615384616,0.9,0.8611111111111112
1968600,0.7368421052631579,0.9,0.9423076923076923,0.9,0.8611111111111112
1968900,0.7105263157894737,0.9,0.9038461538461539,0.9,0.8611111111111112
1969200,0.6710526315789473,0.9,0.8846153846153846,0.9,0.8888888888888888
1969500,0.6578947368421053,0.75,0.8846153846153846,0.8666666666666667,0.8888888888888888
1969800,0.631578947368421,0.8,0.8653846153846154,0.8666666666666667,0.8888888888888888
1970100,0.631578947368421,0.75,0.8653846153846154,0.8666666666666667,0.8888888888888888
1970400,0.6578947368421053,0.75,0.8846153846153846,0.8333333333333334,0.8333333333333334
1970700,0.6842105263157895,0.75,0.8653846153846154,0.8,0.8333333333333334
1971000,0.6710526315789473,0.8,0.8653846153846154,0.8,0.8333333333333334
1971300,0.6842105263157895,0.8,0.8846153846153846,0.8,0.8333333333333334
1971600,0.6842105263157895,0.8,0.8846153846153846,0.8,0.8333333333333334
1971900,0.6710526315789473,0.85,0.8653846153846154,0.8,0.8611111111111112
1972200,0.6578947368421053,0.85,0.8653846153846154,0.7666666666666667,0.8611111111111112
1972500,0.6578947368421053,0.9,0.9038461538461539,0.8,0.8055555555555556
1972800,0.6578947368421053,0.85,0.9038461538461539,0.8,0.7777777777777778
1973100,0.618421052631579,0.85,0.9423076923076923,0.8333333333333334,0.75
1973400,0.6052631578947368,0.8,0.9423076923076923,0.8333333333333334,0.7777777777777778
1973700,0.5789473684210527,0.8,0.9230769230769231,0.8333333333333334,0.7777777777777778
1974000,0.6052631578947368,0.8,0.9230769230769231,0.8333333333333334,0.7777777777777778
1974300,0.5394736842105263,0.75,0.9038461538461539,0.8333333333333334,0.7777777777777778
1974600,0.5526315789473685,0.7,0.8653846153846154,0.8333333333333334,0.7777777777777778
1974900,0.5789473684210527,0.7,0.8653846153846154,0.8333333333333334,0.7777777777777778
1975200,0.5789473684210527,0.75,0.8653846153846154,0.7666666666666667,0.8055555555555556
1975500,0.618421052631579,0.8,0.8846153846153846,0.7666666666666667,0.75
1975800,0.5921052631578947,0.8,0.8846153846153846,0.8,0.75
1976100,0.5657894736842105,0.8,0.8846153846153846,0.8,0.75
1976400,0.5789473684210527,0.8,0.9038461538461539,0.8,0.7222222222222222
1976700,0.5921052631578947,0.85,0.8653846153846154,0.8,0.7222222222222222
1977000,0.5921052631578947,0.85,0.8846153846153846,0.8,0.7222222222222222
1977300,0.5789473684210527,0.9,0.8846153846153846,0.8,0.75
1977600,0.5789473684210527,0.9,0.9038461538461539,0.8,0.7222222222222222
1977900,0.5657894736842105,0.9,0.9423076923076923,0.8,0.7222222222222222
1978200,0.5526315789473685,0.9,0.9230769230769231,0.8333333333333334,0.7222222222222222
1978500,0.5526315789473685,1.0,0.8653846153846154,0.8333333333333334,0.7222222222222222
1978800,0.5526315789473685,1.0,0.8461538461538461,0.8333333333333334,0.7222222222222222
1979100,0.5526315789473685,1.0,0.8269230769230769,0.8333333333333334,0.6944444444444444
1979400,0.5394736842105263,1.0,0.8653846153846154,0.8333333333333334,0.6944444444444444
1979700,0.5263157894736842,1.0,0.8461538461538461,0.8333333333333334,0.6666666666666666
1980000,0.5394736842105263,1.0,0.8461538461538461,0.8,0.6666666666666666
1980300,0.5394736842105263,1.0,0.8269230769230769,0.7666666666666667,0.7222222222222222
1980600,0.5394736842105263,1.0,0.9038461538461539,0.7,0.6944444444444444
1980900,0.5394736842105263,0.95,0.9230769230769231,0.7333333333333333,0.6944444444444444
1981200,0.5394736842105263,0.95,0.9038461538461539,0.7,0.6944444444444444
1981500,0.5263157894736842,0.95,0.8846153846153846,0.7,0.7222222222222222
1981800,0.5657894736842105,0.95,0.8846153846153846,0.7333333333333333,0.6944444444444444
1982100,0.5394736842105263,0.95,0.8846153846153846,0.7333333333333333,0.7222222222222222
1982400,0.5921052631578947,0.95,0.8846153846153846,0.7,0.7222222222222222
1982700,0.5657894736842105,0.95,0.9038461538461539,0.7,0.6944444444444444
1983000,0.5657894736842105,0.9,0.9038461538461539,0.7,0.6388888888888888
1983300,0.5657894736842105,0.9,0.9230769230769231,0.7,0.6388888888888888
1983600,0.5263157894736842,0.9,0.9038461538461539,0.7,0.6388888888888888
1983900,0.5526315789473685,0.85,0.8846153846153846,0.7,0.6111111111111112
1984200,0.5526315789473685,0.85,0.9038461538461539,0.6666666666666666,0.6111111111111112
1984500,0.5263157894736842,0.95,0.9038461538461539,0.6666666666666666,0.6111111111111112
1984800,0.5131578947368421,0.95,0.9038461538461539,0.6666666666666666,0.6111111111111112
1985100,0.5,0.95,0.9038461538461539,0.6333333333333333,0.5833333333333334
1985400,0.4868421052631579,0.95,0.9038461538461539,0.6333333333333333,0.5833333333333334
1985700,0.4342105263157895,0.95,0.9230769230769231,0.6333333333333333,0.5555555555555556
1986000,0.4473684210526316,0.95,0.9038461538461539,0.5666666666666667,0.6111111111111112
1986300,0.4342105263157895,0.95,0.9230769230769231,0.6,0.6111111111111112
1986600,0.40789473684210525,0.95,0.9230769230769231,0.6333333333333333,0.6111111111111112
1986900,0.3684210526315789,0.95,0.8846153846153846,0.6,0.5833333333333334
1987200,0.32894736842105265,0.95,0.8653846153846154,0.6333333333333333,0.5555555555555556
1987500,0.34210526315789475,1.0,0.8269230769230769,0.6333333333333333,0.5555555555555556
1987800,0.3026315789473684,1.0,0.8846153846153846,0.6333333333333333,0.3611111111111111
1988100,0.3026315789473684,0.95,0.8846153846153846,0.6333333333333333,0.3611111111111111
1988400,0.27631578947368424,0.95,0.8846153846153846,0.6333333333333333,0.3055555555555556
1988700,0.27631578947368424,0.9,0.8846153846153846,0.6333333333333333,0.3055555555555556
1989000,0.2894736842105263,0.95,0.8846153846153846,0.6333333333333333,0.3055555555555556
1989300,0.27631578947368424,0.95,0.8653846153846154,0.6333333333333333,0.3055555555555556
1989600,0.3026315789473684,0.95,0.8653846153846154,0.6666666666666666,0.2777777777777778
1989900,0.2894736842105263,0.95,0.8653846153846154,0.7,0.2222222222222222
1990200,0.2236842105263158,0.95,0.9038461538461539,0.7,0.2222222222222222
1990500,0.21052631578947367,0.95,0.8653846153846154,0.6333333333333333,0.3333333333333333
1990800,0.17105263157894737,0.95,0.8846153846153846,0.6333333333333333,0.3333333333333333
1991100,0.10526315789473684,1.0,0.8846153846153846,0.5666666666666667,0.2777777777777778
1991400,0.14473684210526316,1.0,0.8846153846153846,0.5666666666666667,0.3333333333333333
1991700,0.17105263157894737,1.0,0.8846153846153846,0.5333333333333333,0.25
1992000,0.17105263157894737,1.0,0.8846153846153846,0.5333333333333333,0.2777777777777778
1992300,0.17105263157894737,1.0,0.8653846153846154,0.5333333333333333,0.2222222222222222
1992600,0.21052631578947367,1.0,0.8846153846153846,0.5333333333333333,0.25
1992900,0.17105263157894737,1.0,0.8846153846153846,0.5666666666666667,0.25
1993200,0.15789473684210525,0.95,0.8846153846153846,0.5666666666666667,0.3055555555555556
1993500,0.11842105263157894,0.95,0.8846153846153846,0.5,0.3611111111111111
1993800,0.15789473684210525,0.95,0.8846153846153846,0.5333333333333333,0.3888888888888889
1994100,0.17105263157894737,0.95,0.9038461538461539,0.5,0.4444444444444444
1994400,0.17105263157894737,0.95,0.8461538461538461,0.5333333333333333,0.5
1994700,0.21052631578947367,0.95,0.8461538461538461,0.5333333333333333,0.5
1995000,0.21052631578947367,0.95,0.8461538461538461,0.5333333333333333,0.5555555555555556
1995300,0.19736842105263158,0.95,0.8461538461538461,0.5666666666666667,0.5277777777777778
1995600,0.19736842105263158,0.85,0.8653846153846154,0.6,0.4722222222222222
1995900,0.23684210526315788,0.85,0.8461538461538461,0.6333333333333333,0.5
1996200,0.21052631578947367,0.95,0.7884615384615384,0.6,0.5555555555555556
1996500,0.2236842105263158,0.95,0.8076923076923077,0.6,0.5555555555555556
1996800,0.2236842105263158,0.95,0.8076923076923077,0.6,0.5833333333333334
1997100,0.21052631578947367,0.95,0.8269230769230769,0.6,0.5833333333333334
1997400,0.2236842105263158,0.95,0.8076923076923077,0.5666666666666667,0.5277777777777778
1997700,0.21052631578947367,0.95,0.8076923076923077,0.5333333333333333,0.5277777777777778
1998000,0.19736842105263158,0.95,0.7884615384615384,0.6333333333333333,0.5277777777777778
1998300,0.19736842105263158,0.95,0.7884615384615384,0.6333333333333333,0.5555555555555556
1998600,0.2236842105263158,0.95,0.7884615384615384,0.6,0.5555555555555556
1998900,0.19736842105263158,0.95,0.8076923076923077,0.6,0.5833333333333334
1999200,0.17105263157894737,0.95,0.8076923076923077,0.5666666666666667,0.5833333333333334
1999500,0.17105263157894737,0.95,0.7884615384615384,0.6,0.5555555555555556
1999800,0.17105263157894737,0.95,0.7692307692307693,0.5666666666666667,0.5277777777777778
2000100,0.19736842105263158,0.95,0.7884615384615384,0.5666666666666667,0.5277777777777778
2000400,0.18421052631578946,0.95,0.7884615384615384,0.5333333333333333,0.5277777777777778
2000700,0.19736842105263158,0.95,0.7884615384615384,0.5333333333333333,0.5555555555555556
2001000,0.18421052631578946,0.95,0.7884615384615384,0.5666666666666667,0.4722222222222222
2001300,0.18421052631578946,0.95,0.7884615384615384,0.5666666666666667,0.5
2001600,0.19736842105263158,0.95,0.7884615384615384,0.5666666666666667,0.4722222222222222
2001900,0.19736842105263158,0.95,0.7884615384615384,0.4666666666666667,0.5277777777777778
2002200,0.19736842105263158,0.95,0.8076923076923077,0.4666666666666667,0.5
2002500,0.19736842105263158,0.95,0.8076923076923077,0.4666666666666667,0.5
2002800,0.19736842105263158,0.95,0.8076923076923077,0.43333333333333335,0.4722222222222222
2003100,0.21052631578947367,0.95,0.8076923076923077,0.43333333333333335,0.4444444444444444
2003400,0.21052631578947367,1.0,0.8076923076923077,0.43333333333333335,0.4444444444444444
2003700,0.2236842105263158,1.0,0.8269230769230769,0.4666666666666667,0.5
2004000,0.2236842105263158,1.0,0.8269230769230769,0.4666666666666667,0.5
2004300,0.2236842105263158,1.0,0.8076923076923077,0.4666666666666667,0.5277777777777778
2004600,0.2236842105263158,1.0,0.8269230769230769,0.4666666666666667,0.5
2004900,0.21052631578947367,1.0,0.8269230769230769,0.5,0.5277777777777778
2005200,0.19736842105263158,1.0,0.8076923076923077,0.5,0.5
2005500,0.21052631578947367,1.0,0.7884615384615384,0.5,0.4444444444444444
2005800,0.19736842105263158,1.0,0.7692307692307693,0.4666666666666667,0.4166666666666667
2006100,0.19736842105263158,1.0,0.7884615384615384,0.4666666666666667,0.4166666666666667
2006400,0.19736842105263158,1.0,0.7884615384615384,0.4666666666666667,0.4166666666666667
2006700,0.19736842105263158,1.0,0.7884615384615384,0.4666666666666667,0.4166666666666667
2007000,0.21052631578947367,1.0,0.7692307692307693,0.4666666666666667,0.3611111111111111
2007300,0.21052631578947367,1.0,0.7307692307692307,0.4666666666666667,0.3611111111111111
2007600,0.21052631578947367,1.0,0.7307692307692307,0.4666666666666667,0.3055555555555556
2007900,0.2236842105263158,1.0,0.7307692307692307,0.4666666666666667,0.2777777777777778
2008200,0.2236842105263158,1.0,0.7115384615384616,0.4666666666666667,0.3055555555555556
2008500,0.2236842105263158,1.0,0.6923076923076923,0.4666666666666667,0.3055555555555556
2008800,0.18421052631578946,1.0,0.6923076923076923,0.4666666666666667,0.3055555555555556
2009100,0.18421052631578946,1.0,0.7115384615384616,0.4666666666666667,0.25
2009400,0.19736842105263158,1.0,0.6538461538461539,0.4666666666666667,0.2222222222222222
2009700,0.19736842105263158,1.0,0.6538461538461539,0.4666666666666667,0.2222222222222222
2010000,0.19736842105263158,1.0,0.6538461538461539,0.43333333333333335,0.25
2010300,0.21052631578947367,1.0,0.6346153846153846,0.43333333333333335,0.25
2010600,0.21052631578947367,1.0,0.6538461538461539,0.4666666666666667,0.2777777777777778
2010900,0.19736842105263158,1.0,0.6538461538461539,0.4666666666666667,0.25
2011200,0.19736842105263158,1.0,0.6346153846153846,0.43333333333333335,0.25
2011500,0.19736842105263158,1.0,0.6346153846153846,0.43333333333333335,0.3055555555555556
2011800,0.21052631578947367,1.0,0.6153846153846154,0.43333333333333335,0.3333333333333333
2012100,0.21052631578947367,1.0,0.5961538461538461,0.4666666666666667,0.3611111111111111
2012400,0.21052631578947367,1.0,0.5576923076923077,0.43333333333333335,0.2777777777777778
2012700,0.21052631578947367,1.0,0.5769230769230769,0.43333333333333335,0.2777777777777778
2013000,0.21052631578947367,1.0,0.5769230769230769,0.43333333333333335,0.3055555555555556
2013300,0.2236842105263158,1.0,0.5576923076923077,0.43333333333333335,0.3611111111111111
2013600,0.2236842105263158,1.0,0.5384615384615384,0.43333333333333335,0.3055555555555556
2013900,0.23684210526315788,0.95,0.5384615384615384,0.4,0.4166666666666667
2014200,0.2236842105263158,0.95,0.5192307692307693,0.36666666666666664,0.4722222222222222
2014500,0.2236842105263158,0.95,0.5384615384615384,0.36666666666666664,0.4722222222222222
2014800,0.2236842105263158,0.95,0.5384615384615384,0.3333333333333333,0.4722222222222222
2015100,0.21052631578947367,0.95,0.5576923076923077,0.3,0.4722222222222222
2015400,0.21052631578947367,0.95,0.5769230769230769,0.3,0.4722222222222222
2015700,0.19736842105263158,0.95,0.5576923076923077,0.26666666666666666,0.4444444444444444
2016000,0.17105263157894737,0.95,0.5769230769230769,0.26666666666666666,0.4444444444444444
2016300,0.17105263157894737,1.0,0.5961538461538461,0.3,0.5
2016600,0.18421052631578946,1.0,0.6346153846153846,0.4,0.5833333333333334
2016900,0.19736842105263158,1.0,0.6346153846153846,0.4,0.5833333333333334
2017200,0.19736842105263158,1.0,0.6346153846153846,0.4,0.6111111111111112
2017500,0.21052631578947367,1.0,0.6346153846153846,0.4,0.6111111111111112
2017800,0.2236842105263158,1.0,0.6538461538461539,0.4,0.6388888888888888
2018100,0.23684210526315788,0.95,0.6538461538461539,0.4,0.6388888888888888
2018400,0.2631578947368421,0.95,0.6538461538461539,0.4666666666666667,0.6388888888888888
2018700,0.23684210526315788,0.95,0.6730769230769231,0.5333333333333333,0.6666666666666666
2019000,0.23684210526315788,0.95,0.6730769230769231,0.5333333333333333,0.6666666666666666
2019300,0.23684210526315788,0.95,0.6730769230769231,0.5333333333333333,0.6666666666666666
2019600,0.23684210526315788,0.95,0.6730769230769231,0.5333333333333333,0.6666666666666666
2019900,0.23684210526315788,0.95,0.6730769230769231,0.5333333333333333,0.6666666666666666
2020200,0.23684210526315788,0.95,0.6730769230769231,0.5333333333333333,0.6666666666666666
2020500,0.23684210526315788,0.95,0.6730769230769231,0.5333333333333333,0.6666666666666666
2020800,0.23684210526315788,0.95,0.6730769230769231,0.5333333333333333,0.6666666666666666
2021100,0.23684210526315788,0.95,0.6730769230769231,0.5333333333333333,0.6666666666666666
2021400,0.23684210526315788,0.95,0.6730769230769231,0.5333333333333333,0.6666666666666666
2021700,0.23684210526315788,0.95,0.6730769230769231,0.5333333333333333,0.6666666666666666
2022000,0.23684210526315788,0.95,0.6730769230769231,0.5333333333333333,0.6666666666666666
2022300,0.23684210526315788,0.95,0.6730769230769231,0.5333333333333333,0.6666666666666666
2022600,0.23684210526315788,0.95,0.6730769230769231,0.5333333333333333,0.6666666666666666
2022900,0.23684210526315788,0.95,0.6730769230769231,0.5333333333333333,0.6666666666666666
2023200,0.23684210526315788,0.95,0.6730769230769231,0.5333333333333333,0.6666666666666666
2023500,0.23684210526315788,0.95,0.6730769230769231,0.5333333333333333,0.6666666666666666
2023800,0.23684210526315788,0.95,0.6730769230769231,0.5333333333333333,0.6666666666666666
2024100,0.23684210526315788,0.95,0.6730769230769231,0.5333333333333333,0.6666666666666666
2024400,0.23684210526315788,0.95,0.6730769230769231,0.5333333333333333,0.6666666666666666
2024700,0.23684210526315788,0.95,0.6730769230769231,0.5333333333333333,0.6666666666666666
2025000,0.23684210526315788,0.95,0.6730769230769231,0.5333333333333333,0.6666666666666666
2025300,0.23684210526315788,0.95,0.6730769230769231,0.5333333333333333,0.6666666666666666
2025600,0.23684210526315788,0.95,0.6730769230769231,0.5333333333333333,0.6666666666666666
2025900,0.23684210526315788,0.95,0.6730769230769231,0.5333333333333333,0.6666666666666666
2026200,0.23684210526315788,0.95,0.6730769230769231,0.5333333333333333,0.6666666666666666
2026500,0.23684210526315788,0.95,0.6730769230769231,0.5333333333333333,0.6666666666666666
2026800,0.23684210526315788,0.95,0.6730769230769231,0.5333333333333333,0.6666666666666666
2027100,0.23684210526315788,0.95,0.6730769230769231,0.5333333333333333,0.6666666666666666
2027400,0.23684210526315788,0.95,0.6730769230769231,0.5333333333333333,0.6666666666666666
2027700,0.23684210526315788,0.95,0.6730769230769231,0.5333333333333333,0.6666666666666666
2028000,0.23684210526315788,0.95,0.6730769230769231,0.5333333333333333,0.6666666666666666
2028300,0.23684210526315788,0.95,0.6730769230769231,0.5333333333333333,0.6666666666666666
2028600,0.23684210526315788,0.95,0.6730769230769231,0.5333333333333333,0.6666666666666666
2028900,0.23684210526315788,0.95,0.6730769230769231,0.5333333333333333,0.6666666666666666
2029200,0.23684210526315788,0.95,0.6730769230769231,0.5333333333333333,0.6666666666666666
2029500,0.23684210526315788,0.95,0.6730769230769231,0.5333333333333333,0.6666666666666666
2029800,0.23684210526315788,0.95,0.6730769230769231,0.5333333333333333,0.6666666666666666
2030100,0.23684210526315788,0.95,0.6730769230769231,0.5333333333333333,0.6666666666666666
2030400,0.23684210526315788,0.95,0.6730769230769231,0.5333333333333333,0.6666666666666666
2030700,0.23684210526315788,0.95,0.6730769230769231,0.5333333333333333,0.6666666666666666
2031000,0.23684210526315788,0.95,0.6730769230769231,0.5333333333333333,0.6666666666666666
2031300,0.23684210526315788,0.95,0.6730769230769231,0.5333333333333333,0.6666666666666666
2031600,0.23684210526315788,0.95,0.6730769230769231,0.5333333333333333,0.6666666666666666
2031900,0.23684210526315788,0.95,0.6730769230769231,0.5333333333333333,0.6666666666666666
2032200,0.23684210526315788,0.95,0.6730769230769231,0.5333333333333333,0.6666666666666666
2032500,0.23684210526315788,0.95,0.6730769230769231,0.5333333333333333,0.6666666666666666
2032800,0.23684210526315788,0.95,0.6730769230769231,0.5333333333333333,0.6666666666666666
2033100,0.23684210526315788,0.95,0.6730769230769231,0.5333333333333333,0.6666666666666666
2033400,0.23684210526315788,0.95,0.6730769230769231,0.5333333333333333,0.6666666666666666
2033700,0.23684210526315788,0.95,0.6730769230769231,0.5333333333333333,0.6666666666666666
2034000,0.23684210526315788,0.95,0.6730769230769231,0.5333333333333333,0.6666666666666666
2034300,0.23684210526315788,0.95,0.6730769230769231,0.5333333333333333,0.6666666666666666
2034600,0.23684210526315788,0.95,0.6730769230769231,0.5333333333333333,0.6666666666666666
2034900,0.23684210526315788,0.95,0.6730769230769231,0.5333333333333333,0.6666666666666666
2035200,0.23684210526315788,0.95,0.6730769230769231,0.5333333333333333,0.6666666666666666
2035500,0.23684210526315788,0.95,0.6730769230769231,0.5333333333333333,0.6666666666666666
2035800,0.23684210526315788,0.95,0.6730769230769231,0.5333333333333333,0.6666666666666666
2036100,0.23684210526315788,0.95,0.6730769230769231,0.5333333333333333,0.6666666666666666
2036400,0.23684210526315788,0.95,0.6730769230769231,0.5333333333333333,0.6666666666666666
2036700,0.23684210526315788,0.95,0.6730769230769231,0.5333333333333333,0.6666666666666666
2037000,0.23684210526315788,0.95,0.6730769230769231,0.5333333333333333,0.6666666666666666
2037300,0.23684210526315788,0.95,0.6730769230769231,0.5333333333333333,0.6666666666666666
2037600,0.23684210526315788,0.95,0.6730769230769231,0.5333333333333333,0.6666666666666666
2037900,0.23684210526315788,0.95,0.6730769230769231,0.5333333333333333,0.6666666666666666
2038200,0.23684210526315788,0.95,0.6730769230769231,0.5333333333333333,0.6666666666666666
2038500,0.23684210526315788,0.95,0.6730769230769231,0.5333333333333333,0.6666666666666666
2038800,0.23684210526315788,0.95,0.6730769230769231,0.5333333333333333,0.6666666666666666
2039100,0.23684210526315788,0.95,0.6730769230769231,0.5333333333333333,0.6666666666666666
2039400,0.23684210526315788,0.95,0.6730769230769231,0.5333333333333333,0.6666666666666666
2039700,0.631578947368421,0.75,0.8653846153846154,0.7,0.75
2040000,0.6447368421052632,0.8,0.8846153846153846,0.7,0.7222222222222222
2040300,0.6447368421052632,0.75,0.8846153846153846,0.7,0.7777777777777778
2040600,0.6447368421052632,0.65,0.8846153846153846,0.7,0.7777777777777778
2040900,0.7105263157894737,0.7,0.8653846153846154,0.7333333333333333,0.7777777777777778
2041200,0.7105263157894737,0.65,0.8846153846153846,0.7666666666666667,0.7777777777777778
2041500,0.7105263157894737,0.65,0.9038461538461539,0.7666666666666667,0.8333333333333334
2041800,0.6842105263157895,0.65,0.9038461538461539,0.8,0.8888888888888888
2042100,0.7236842105263158,0.65,0.8846153846153846,0.8,0.9166666666666666
2042400,0.7236842105263158,0.65,0.8846153846153846,0.8333333333333334,0.9166666666666666
2042700,0.75,0.65,0.9038461538461539,0.8333333333333334,0.9166666666666666
2043000,0.7105263157894737,0.7,0.9038461538461539,0.8666666666666667,0.9166666666666666
2043300,0.7236842105263158,0.75,0.9038461538461539,0.8666666666666667,0.6944444444444444
2043600,0.7236842105263158,0.7,0.5576923076923077,0.8666666666666667,0.9166666666666666
2043900,0.7236842105263158,0.65,0.9038461538461539,0.8666666666666667,0.9166666666666666
2044200,0.7236842105263158,0.65,0.9038461538461539,0.8666666666666667,0.9166666666666666
2044500,0.7236842105263158,0.65,0.9038461538461539,0.8666666666666667,0.9166666666666666
2044800,0.7236842105263158,0.65,0.9038461538461539,0.8666666666666667,0.9166666666666666
2045100,0.7236842105263158,0.65,0.9038461538461539,0.8666666666666667,0.9166666666666666
2045400,0.7236842105263158,0.65,0.9038461538461539,0.8666666666666667,0.9166666666666666
2045700,0.7236842105263158,0.65,0.9038461538461539,0.8666666666666667,0.9166666666666666
2046000,0.7368421052631579,0.5,0.9038461538461539,0.9333333333333333,0.9444444444444444
2046300,0.75,0.5,0.8846153846153846,0.9333333333333333,0.9444444444444444
2046600,0.75,0.55,0.8653846153846154,0.9333333333333333,0.9444444444444444
2046900,0.7763157894736842,0.55,0.8461538461538461,0.9333333333333333,0.9444444444444444
2047200,0.7894736842105263,0.55,0.8461538461538461,0.9333333333333333,0.9444444444444444
2047500,0.7894736842105263,0.55,0.8461538461538461,0.9333333333333333,0.9444444444444444
2047800,0.7894736842105263,0.55,0.8461538461538461,0.9333333333333333,0.9444444444444444
2048100,0.7894736842105263,0.55,0.8461538461538461,0.9333333333333333,0.9444444444444444
2048400,0.7894736842105263,0.55,0.8461538461538461,0.9333333333333333,0.9444444444444444
2048700,0.7236842105263158,0.55,0.8076923076923077,0.9333333333333333,0.9166666666666666
2049000,0.7105263157894737,0.6,0.8461538461538461,0.9333333333333333,0.9444444444444444
2049300,0.7105263157894737,0.55,0.8269230769230769,0.9333333333333333,0.9444444444444444
2049600,0.6973684210526315,0.6,0.8269230769230769,0.9,0.9444444444444444
2049900,0.6447368421052632,0.65,0.8461538461538461,0.9,0.8888888888888888
2050200,0.6973684210526315,0.6,0.9230769230769231,0.9333333333333333,0.8888888888888888
2050500,0.6973684210526315,0.6,0.9230769230769231,0.9333333333333333,0.8888888888888888
2050800,0.7105263157894737,0.55,0.9230769230769231,0.9333333333333333,0.8888888888888888
2051100,0.7236842105263158,0.65,0.9230769230769231,0.9333333333333333,0.8888888888888888
2051400,0.7236842105263158,0.65,0.9230769230769231,0.9333333333333333,0.8888888888888888
2051700,0.7236842105263158,0.65,0.9230769230769231,0.9333333333333333,0.8888888888888888
2052000,0.7236842105263158,0.65,0.9423076923076923,0.9,0.8888888888888888
2052300,0.75,0.75,0.9423076923076923,0.9,0.8888888888888888
2052600,0.7368421052631579,0.75,0.9423076923076923,0.9,0.8888888888888888
2052900,0.7631578947368421,0.7,0.9423076923076923,0.9,0.8611111111111112
2053200,0.75,0.75,0.9423076923076923,0.8666666666666667,0.8611111111111112
2053500,0.7236842105263158,0.75,0.9230769230769231,0.8666666666666667,0.8888888888888888
2053800,0.7631578947368421,0.8,0.9038461538461539,0.8666666666666667,0.8888888888888888
2054100,0.7631578947368421,0.8,0.9038461538461539,0.8666666666666667,0.8888888888888888
2054400,0.6973684210526315,0.8,0.8846153846153846,0.9,0.8888888888888888
2054700,0.6710526315789473,0.75,0.8846153846153846,0.9,0.9166666666666666
2055000,0.6447368421052632,0.75,0.8846153846153846,0.8666666666666667,0.8888888888888888
2055300,0.6447368421052632,0.8,0.8846153846153846,0.8666666666666667,0.8888888888888888
2055600,0.618421052631579,0.8,0.8653846153846154,0.9,0.8611111111111112
2055900,0.631578947368421,0.85,0.8461538461538461,0.9,0.8611111111111112
2056200,0.6447368421052632,0.85,0.8461538461538461,0.8333333333333334,0.8611111111111112
2056500,0.631578947368421,0.8,0.7884615384615384,0.8,0.8611111111111112
2056800,0.618421052631579,0.8,0.8076923076923077,0.7,0.8611111111111112
2057100,0.5921052631578947,0.8,0.8076923076923077,0.6666666666666666,0.8611111111111112
2057400,0.618421052631579,0.85,0.7692307692307693,0.6666666666666666,0.8611111111111112
2057700,0.5921052631578947,0.85,0.7884615384615384,0.6,0.8055555555555556
2058000,0.618421052631579,0.85,0.7884615384615384,0.6333333333333333,0.8055555555555556
2058300,0.5921052631578947,0.85,0.7884615384615384,0.6,0.8333333333333334
2058600,0.5921052631578947,0.8,0.8269230769230769,0.6333333333333333,0.8333333333333334
2058900,0.5657894736842105,0.8,0.8076923076923077,0.6333333333333333,0.8055555555555556
2059200,0.5526315789473685,0.9,0.8076923076923077,0.6333333333333333,0.8333333333333334
2059500,0.5131578947368421,0.9,0.8076923076923077,0.6333333333333333,0.8333333333333334
2059800,0.5,0.9,0.8076923076923077,0.6666666666666666,0.8333333333333334
2060100,0.5526315789473685,0.8,0.8269230769230769,0.7,0.8055555555555556
2060400,0.5394736842105263,0.8,0.8269230769230769,0.7,0.8055555555555556
2060700,0.5394736842105263,0.8,0.8269230769230769,0.7666666666666667,0.8055555555555556
2061000,0.5131578947368421,0.8,0.8269230769230769,0.7666666666666667,0.75
2061300,0.5,0.8,0.8461538461538461,0.7666666666666667,0.75
2061600,0.5,0.8,0.8653846153846154,0.7666666666666667,0.6944444444444444
2061900,0.4868421052631579,0.8,0.8269230769230769,0.7666666666666667,0.6944444444444444
2062200,0.4868421052631579,0.75,0.8076923076923077,0.7333333333333333,0.6944444444444444
2062500,0.4868421052631579,0.8,0.7884615384615384,0.7333333333333333,0.75
2062800,0.4868421052631579,0.85,0.7692307692307693,0.7333333333333333,0.6944444444444444
2063100,0.4473684210526316,0.85,0.8076923076923077,0.7,0.6388888888888888
2063400,0.4605263157894737,0.85,0.8076923076923077,0.7333333333333333,0.6666666666666666
2063700,0.4473684210526316,0.9,0.8461538461538461,0.7,0.6666666666666666
2064000,0.4342105263157895,0.9,0.8653846153846154,0.6666666666666666,0.6944444444444444
2064300,0.4473684210526316,0.9,0.8653846153846154,0.7,0.6944444444444444
2064600,0.4342105263157895,0.95,0.8653846153846154,0.7,0.7222222222222222
2064900,0.4605263157894737,0.95,0.8653846153846154,0.7,0.6944444444444444
2065200,0.4605263157894737,0.9,0.8461538461538461,0.7666666666666667,0.6666666666666666
2065500,0.4473684210526316,0.9,0.8461538461538461,0.7666666666666667,0.6666666666666666
2065800,0.4605263157894737,0.9,0.8653846153846154,0.7666666666666667,0.6388888888888888
2066100,0.4605263157894737,0.95,0.8461538461538461,0.7666666666666667,0.6388888888888888
2066400,0.4473684210526316,0.95,0.8461538461538461,0.8333333333333334,0.6111111111111112
2066700,0.0,0.9,0.8269230769230769,0.8333333333333334,0.6666666666666666
2067000,0.42105263157894735,0.95,0.8269230769230769,0.8333333333333334,0.6666666666666666
2067300,0.40789473684210525,0.95,0.8076923076923077,0.8333333333333334,0.6666666666666666
2067600,0.40789473684210525,0.85,0.8269230769230769,0.7666666666666667,0.6111111111111112
2067900,0.3815789473684211,0.85,0.8269230769230769,0.7666666666666667,0.6666666666666666
2068200,0.40789473684210525,0.85,0.8846153846153846,0.8,0.6666666666666666
2068500,0.42105263157894735,0.85,0.8846153846153846,0.7666666666666667,0.7222222222222222
2068800,0.39473684210526316,0.85,0.8846153846153846,0.8,0.6944444444444444
2069100,0.3684210526315789,0.85,0.9038461538461539,0.7666666666666667,0.6944444444444444
2069400,0.3684210526315789,0.9,0.9038461538461539,0.7666666666666667,0.6666666666666666
2069700,0.3815789473684211,0.85,0.8846153846153846,0.7666666666666667,0.6111111111111112
2070000,0.3815789473684211,0.85,0.8461538461538461,0.7666666666666667,0.6111111111111112
2070300,0.35526315789473684,0.9,0.8461538461538461,0.7333333333333333,0.6111111111111112
2070600,0.34210526315789475,0.9,0.8461538461538461,0.7,0.6388888888888888
2070900,0.32894736842105265,0.9,0.8461538461538461,0.7,0.6111111111111112
2071200,0.2894736842105263,0.9,0.8269230769230769,0.6666666666666666,0.6111111111111112
2071500,0.2894736842105263,0.95,0.8076923076923077,0.6333333333333333,0.6111111111111112
2071800,0.2894736842105263,0.95,0.8076923076923077,0.6333333333333333,0.6388888888888888
2072100,0.27631578947368424,0.95,0.8076923076923077,0.6333333333333333,0.6388888888888888
2072400,0.2631578947368421,0.95,0.8269230769230769,0.6333333333333333,0.6666666666666666
2072700,0.23684210526315788,0.95,0.8269230769230769,0.6666666666666666,0.6944444444444444
2073000,0.23684210526315788,1.0,0.8269230769230769,0.6666666666666666,0.6944444444444444
2073300,0.2236842105263158,1.0,0.8269230769230769,0.6666666666666666,0.6666666666666666
2073600,0.2236842105263158,1.0,0.8076923076923077,0.6333333333333333,0.6388888888888888
2073900,0.0,1.0,0.8076923076923077,0.6666666666666666,0.5
2074200,0.14473684210526316,1.0,0.7692307692307693,0.7333333333333333,0.5
2074500,0.11842105263157894,1.0,0.8076923076923077,0.7666666666666667,0.4722222222222222
2074800,0.13157894736842105,1.0,0.8076923076923077,0.7333333333333333,0.4722222222222222
2075100,0.13157894736842105,1.0,0.8076923076923077,0.7333333333333333,0.3611111111111111
2075400,0.13157894736842105,1.0,0.7884615384615384,0.7,0.25
2075700,0.18421052631578946,1.0,0.7692307692307693,0.6666666666666666,0.2222222222222222
2076000,0.19736842105263158,1.0,0.75,0.6666666666666666,0.2222222222222222
2076300,0.15789473684210525,1.0,0.7884615384615384,0.6333333333333333,0.16666666666666666
2076600,0.15789473684210525,1.0,0.7692307692307693,0.5666666666666667,0.1388888888888889
2076900,0.19736842105263158,1.0,0.8076923076923077,0.5333333333333333,0.16666666666666666
2077200,0.17105263157894737,1.0,0.8076923076923077,0.5333333333333333,0.1111111111111111
2077500,0.15789473684210525,1.0,0.8076923076923077,0.5333333333333333,0.08333333333333333
2077800,0.15789473684210525,1.0,0.7884615384615384,0.5333333333333333,0.027777777777777776
2078100,0.17105263157894737,1.0,0.8076923076923077,0.5,0.1388888888888889
2078400,0.13157894736842105,1.0,0.8269230769230769,0.5,0.16666666666666666
2078700,0.15789473684210525,1.0,0.8269230769230769,0.5,0.19444444444444445
2079000,0.15789473684210525,1.0,0.8076923076923077,0.6,0.16666666666666666
2079300,0.13157894736842105,1.0,0.8076923076923077,0.5333333333333333,0.1388888888888889
2079600,0.13157894736842105,1.0,0.8076923076923077,0.5333333333333333,0.16666666666666666
2079900,0.15789473684210525,1.0,0.8076923076923077,0.4666666666666667,0.19444444444444445
2080200,0.15789473684210525,1.0,0.8076923076923077,0.4666666666666667,0.16666666666666666
2080500,0.14473684210526316,1.0,0.8076923076923077,0.4,0.2222222222222222
2080800,0.15789473684210525,1.0,0.7692307692307693,0.43333333333333335,0.3333333333333333
2081100,0.15789473684210525,1.0,0.7692307692307693,0.43333333333333335,0.3611111111111111
2081400,0.17105263157894737,1.0,0.7115384615384616,0.43333333333333335,0.2777777777777778
2081700,0.18421052631578946,1.0,0.7307692307692307,0.4,0.3055555555555556
2082000,0.18421052631578946,1.0,0.7307692307692307,0.4,0.2777777777777778
2082300,0.17105263157894737,1.0,0.7115384615384616,0.4,0.2777777777777778
2082600,0.21052631578947367,1.0,0.7692307692307693,0.4,0.25
2082900,0.21052631578947367,1.0,0.7692307692307693,0.4,0.3055555555555556
2083200,0.21052631578947367,1.0,0.8076923076923077,0.36666666666666664,0.3055555555555556
2083500,0.21052631578947367,1.0,0.8076923076923077,0.4,0.3333333333333333
2083800,0.21052631578947367,1.0,0.8076923076923077,0.4,0.3333333333333333
2084100,0.18421052631578946,1.0,0.8076923076923077,0.4666666666666667,0.3888888888888889
2084400,0.17105263157894737,1.0,0.8076923076923077,0.4,0.3888888888888889
2084700,0.18421052631578946,1.0,0.8076923076923077,0.4,0.3611111111111111
2085000,0.17105263157894737,1.0,0.8076923076923077,0.4,0.3611111111111111
2085300,0.17105263157894737,1.0,0.8269230769230769,0.43333333333333335,0.3611111111111111
2085600,0.17105263157894737,0.9,0.8269230769230769,0.36666666666666664,0.3888888888888889
2085900,0.15789473684210525,0.9,0.8269230769230769,0.3,0.4722222222222222
2086200,0.15789473684210525,1.0,0.8269230769230769,0.3333333333333333,0.4444444444444444
2086500,0.15789473684210525,1.0,0.8269230769230769,0.4,0.4722222222222222
2086800,0.14473684210526316,1.0,0.8269230769230769,0.36666666666666664,0.5
2087100,0.14473684210526316,1.0,0.8269230769230769,0.36666666666666664,0.5
2087400,0.14473684210526316,1.0,0.8269230769230769,0.4,0.4722222222222222
2087700,0.14473684210526316,1.0,0.8269230769230769,0.36666666666666664,0.4166666666666667
2088000,0.14473684210526316,1.0,0.8653846153846154,0.3333333333333333,0.4444444444444444
2088300,0.13157894736842105,1.0,0.8653846153846154,0.3333333333333333,0.4444444444444444
2088600,0.13157894736842105,1.0,0.8653846153846154,0.4,0.4444444444444444
2088900,0.13157894736842105,1.0,0.8653846153846154,0.4,0.4444444444444444
2089200,0.14473684210526316,1.0,0.8653846153846154,0.36666666666666664,0.4444444444444444
2089500,0.15789473684210525,1.0,0.8653846153846154,0.3333333333333333,0.4444444444444444
2089800,0.15789473684210525,1.0,0.8653846153846154,0.3333333333333333,0.4722222222222222
2090100,0.15789473684210525,1.0,0.8653846153846154,0.3333333333333333,0.5
2090400,0.15789473684210525,1.0,0.8653846153846154,0.36666666666666664,0.4722222222222222
2090700,0.15789473684210525,1.0,0.8653846153846154,0.36666666666666664,0.4722222222222222
2091000,0.15789473684210525,1.0,0.8653846153846154,0.36666666666666664,0.4444444444444444
2091300,0.15789473684210525,1.0,0.8653846153846154,0.43333333333333335,0.4444444444444444
2091600,0.14473684210526316,1.0,0.8653846153846154,0.43333333333333335,0.4444444444444444
2091900,0.14473684210526316,1.0,0.8461538461538461,0.43333333333333335,0.4444444444444444
2092200,0.14473684210526316,1.0,0.8076923076923077,0.43333333333333335,0.3611111111111111
2092500,0.14473684210526316,1.0,0.7692307692307693,0.43333333333333335,0.4166666666666667
2092800,0.14473684210526316,1.0,0.7692307692307693,0.43333333333333335,0.3611111111111111
2093100,0.13157894736842105,1.0,0.7692307692307693,0.43333333333333335,0.3611111111111111
2093400,0.14473684210526316,1.0,0.7692307692307693,0.43333333333333335,0.3611111111111111
2093700,0.13157894736842105,1.0,0.7307692307692307,0.36666666666666664,0.3611111111111111
2094000,0.13157894736842105,1.0,0.75,0.4,0.3333333333333333
2094300,0.13157894736842105,1.0,0.7115384615384616,0.36666666666666664,0.3611111111111111
2094600,0.13157894736842105,1.0,0.6923076923076923,0.36666666666666664,0.3055555555555556
2094900,0.13157894736842105,1.0,0.6923076923076923,0.36666666666666664,0.25
2095200,0.13157894736842105,1.0,0.7115384615384616,0.36666666666666664,0.2777777777777778
2095500,0.13157894736842105,1.0,0.7307692307692307,0.36666666666666664,0.25
2095800,0.0,1.0,0.7115384615384616,0.36666666666666664,0.3055555555555556
2096100,0.14473684210526316,1.0,0.6923076923076923,0.3,0.2777777777777778
2096400,0.11842105263157894,1.0,0.6923076923076923,0.3333333333333333,0.2222222222222222
2096700,0.14473684210526316,1.0,0.6923076923076923,0.3333333333333333,0.25
2097000,0.13157894736842105,1.0,0.6730769230769231,0.3333333333333333,0.2777777777777778
2097300,0.13157894736842105,1.0,0.6730769230769231,0.3333333333333333,0.3055555555555556
2097600,0.13157894736842105,1.0,0.6730769230769231,0.3333333333333333,0.3333333333333333
2097900,0.13157894736842105,1.0,0.6153846153846154,0.36666666666666664,0.3611111111111111
2098200,0.13157894736842105,1.0,0.5961538461538461,0.36666666666666664,0.3333333333333333
2098500,0.13157894736842105,1.0,0.6153846153846154,0.4,0.2777777777777778
2098800,0.14473684210526316,1.0,0.6153846153846154,0.4,0.3888888888888889
2099100,0.14473684210526316,1.0,0.5961538461538461,0.4,0.2777777777777778
2099400,0.15789473684210525,1.0,0.5961538461538461,0.43333333333333335,0.2777777777777778
2099700,0.11842105263157894,0.95,0.5576923076923077,0.4666666666666667,0.3055555555555556
2100000,0.14473684210526316,0.95,0.4807692307692308,0.5,0.3333333333333333
2100300,0.09210526315789473,0.9,0.46153846153846156,0.5,0.3333333333333333
2100600,0.10526315789473684,0.95,0.5,0.5,0.3055555555555556
2100900,0.07894736842105263,0.95,0.4807692307692308,0.5,0.3611111111111111
2101200,0.11842105263157894,0.95,0.4807692307692308,0.4666666666666667,0.3611111111111111
2101500,0.10526315789473684,0.95,0.4807692307692308,0.43333333333333335,0.4444444444444444
2101800,0.10526315789473684,0.95,0.5,0.4666666666666667,0.4166666666666667
2102100,0.14473684210526316,0.95,0.5192307692307693,0.43333333333333335,0.4166666666666667
2102400,0.11842105263157894,0.95,0.5769230769230769,0.43333333333333335,0.4166666666666667
2102700,0.14473684210526316,0.95,0.5961538461538461,0.4666666666666667,0.4444444444444444
2103000,0.17105263157894737,0.95,0.5769230769230769,0.5,0.5555555555555556
2103300,0.18421052631578946,1.0,0.5384615384615384,0.5,0.5833333333333334
2103600,0.18421052631578946,0.95,0.5769230769230769,0.5,0.5833333333333334
2103900,0.18421052631578946,0.95,0.6153846153846154,0.5,0.5833333333333334
2104200,0.21052631578947367,0.95,0.6730769230769231,0.5,0.5833333333333334
2104500,0.2236842105263158,0.95,0.6730769230769231,0.5,0.6111111111111112
2104800,0.2236842105263158,0.95,0.6730769230769231,0.5666666666666667,0.5277777777777778
2105100,0.2236842105263158,0.95,0.6538461538461539,0.5666666666666667,0.5555555555555556
2105400,0.23684210526315788,1.0,0.6538461538461539,0.5666666666666667,0.5555555555555556
2105700,0.25,1.0,0.6538461538461539,0.5666666666666667,0.5555555555555556
2106000,0.25,0.95,0.7115384615384616,0.5666666666666667,0.6666666666666666
2106300,0.23684210526315788,0.9,0.7115384615384616,0.5666666666666667,0.6944444444444444
2106600,0.25,0.9,0.6730769230769231,0.5666666666666667,0.7222222222222222
2106900,0.27631578947368424,0.9,0.6346153846153846,0.5666666666666667,0.7222222222222222
2107200,0.27631578947368424,0.9,0.6346153846153846,0.5333333333333333,0.75
2107500,0.2894736842105263,0.85,0.6346153846153846,0.5333333333333333,0.7777777777777778
2107800,0.2631578947368421,0.85,0.6730769230769231,0.5333333333333333,0.8333333333333334
2108100,0.23684210526315788,0.85,0.6730769230769231,0.5333333333333333,0.8055555555555556
2108400,0.27631578947368424,0.85,0.6923076923076923,0.6,0.8611111111111112
2108700,0.3157894736842105,0.8,0.6923076923076923,0.6,0.8611111111111112
2109000,0.3026315789473684,0.8,0.7115384615384616,0.6,0.8611111111111112
2109300,0.34210526315789475,0.8,0.75,0.6333333333333333,0.8611111111111112
2109600,0.34210526315789475,0.8,0.7307692307692307,0.6333333333333333,0.9166666666666666
2109900,0.34210526315789475,0.85,0.7115384615384616,0.6333333333333333,0.9166666666666666
2110200,0.35526315789473684,0.85,0.7307692307692307,0.6333333333333333,0.9166666666666666
2110500,0.3684210526315789,0.75,0.75,0.6333333333333333,0.9166666666666666
2110800,0.3684210526315789,0.75,0.7307692307692307,0.6333333333333333,0.9166666666666666
2111100,0.3815789473684211,0.75,0.75,0.6333333333333333,0.9166666666666666
2111400,0.39473684210526316,0.75,0.7692307692307693,0.6333333333333333,0.9444444444444444
2111700,0.40789473684210525,0.75,0.75,0.6666666666666666,0.9444444444444444
2112000,0.39473684210526316,0.8,0.7884615384615384,0.6666666666666666,0.9444444444444444
2112300,0.3815789473684211,0.8,0.8076923076923077,0.6666666666666666,0.9444444444444444
2112600,0.39473684210526316,0.9,0.7884615384615384,0.6666666666666666,0.9444444444444444
2112900,0.39473684210526316,0.95,0.7692307692307693,0.6666666666666666,0.9444444444444444
2113200,0.4473684210526316,0.95,0.75,0.6666666666666666,0.9444444444444444
2113500,0.4605263157894737,0.95,0.75,0.6333333333333333,0.9444444444444444
2113800,0.4605263157894737,0.9,0.7884615384615384,0.6333333333333333,0.9444444444444444
2114100,0.4342105263157895,0.95,0.75,0.7,0.9444444444444444
2114400,0.42105263157894735,0.95,0.7307692307692307,0.7,0.9444444444444444
2114700,0.42105263157894735,0.95,0.7307692307692307,0.7,0.9444444444444444
2115000,0.42105263157894735,0.9,0.7692307692307693,0.7,0.9722222222222222
2115300,0.4605263157894737,0.85,0.7884615384615384,0.7,0.9722222222222222
2115600,0.4605263157894737,0.85,0.8269230769230769,0.7,0.9722222222222222
2115900,0.4605263157894737,0.85,0.8653846153846154,0.7,0.9444444444444444
2116200,0.4473684210526316,0.85,0.8653846153846154,0.7,0.9444444444444444
2116500,0.42105263157894735,0.85,0.8846153846153846,0.7666666666666667,0.9166666666666666
2116800,0.4342105263157895,0.85,0.9230769230769231,0.8,0.8611111111111112
2117100,0.4473684210526316,0.85,0.9230769230769231,0.7666666666666667,0.8611111111111112
2117400,0.4473684210526316,0.9,0.9038461538461539,0.7666666666666667,0.8611111111111112
2117700,0.4342105263157895,0.9,0.9038461538461539,0.7666666666666667,0.8333333333333334
2118000,0.42105263157894735,0.9,0.9038461538461539,0.7666666666666667,0.8611111111111112
2118300,0.42105263157894735,0.9,0.9038461538461539,0.7333333333333333,0.8611111111111112
2118600,0.40789473684210525,0.85,0.9038461538461539,0.7333333333333333,0.8333333333333334
2118900,0.42105263157894735,0.85,0.8269230769230769,0.7,0.8333333333333334
2119200,0.40789473684210525,0.85,0.8076923076923077,0.7,0.8333333333333334
2119500,0.39473684210526316,0.8,0.7884615384615384,0.7,0.8333333333333334
2119800,0.3815789473684211,0.8,0.7884615384615384,0.7,0.8611111111111112
2120100,0.3815789473684211,0.8,0.7884615384615384,0.7,0.8611111111111112
2120400,0.42105263157894735,0.75,0.7692307692307693,0.7,0.8611111111111112
2120700,0.4342105263157895,0.75,0.8076923076923077,0.6666666666666666,0.7777777777777778
2121000,0.40789473684210525,0.7,0.8076923076923077,0.7,0.7777777777777778
2121300,0.42105263157894735,0.65,0.7884615384615384,0.7333333333333333,0.7777777777777778
2121600,0.42105263157894735,0.7,0.7884615384615384,0.7333333333333333,0.8333333333333334
2121900,0.42105263157894735,0.75,0.75,0.7333333333333333,0.7777777777777778
2122200,0.47368421052631576,0.75,0.75,0.7666666666666667,0.7777777777777778
2122500,0.47368421052631576,0.7,0.7692307692307693,0.7666666666666667,0.7777777777777778
2122800,0.4473684210526316,0.7,0.8653846153846154,0.8,0.8333333333333334
2123100,0.4605263157894737,0.75,0.8653846153846154,0.8,0.8055555555555556
2123400,0.47368421052631576,0.8,0.8461538461538461,0.8,0.8055555555555556
2123700,0.47368421052631576,0.75,0.8461538461538461,0.8,0.8333333333333334
2124000,0.47368421052631576,0.75,0.8653846153846154,0.7666666666666667,0.8333333333333334
2124300,0.4868421052631579,0.75,0.8653846153846154,0.7666666666666667,0.8611111111111112
2124600,0.5,0.8,0.9038461538461539,0.7666666666666667,0.8611111111111112
2124900,0.5263157894736842,0.7,0.9038461538461539,0.7666666666666667,0.8888888888888888
2125200,0.5394736842105263,0.7,0.9230769230769231,0.7666666666666667,0.9444444444444444
2125500,0.5,0.7,0.9230769230769231,0.7666666666666667,0.9444444444444444
2125800,0.5921052631578947,0.65,0.9230769230769231,0.7666666666666667,0.9722222222222222
2126100,0.5657894736842105,0.55,0.9038461538461539,0.7333333333333333,0.9444444444444444
2126400,0.5657894736842105,0.55,0.9038461538461539,0.7333333333333333,0.9444444444444444
2126700,0.631578947368421,0.7,0.9230769230769231,0.8,0.9444444444444444
2127000,0.6578947368421053,0.75,0.9038461538461539,0.8,0.9722222222222222
2127300,0.6710526315789473,0.75,0.8846153846153846,0.8,0.9722222222222222
2127600,0.6973684210526315,0.75,0.8846153846153846,0.8,0.9722222222222222
2127900,0.7105263157894737,0.75,0.8653846153846154,0.8,0.9722222222222222
2128200,0.7236842105263158,0.65,0.8653846153846154,0.7666666666666667,0.9722222222222222
2128500,0.6842105263157895,0.7,0.8269230769230769,0.7666666666666667,0.9722222222222222
2128800,0.7368421052631579,0.7,0.8461538461538461,0.7666666666666667,0.9722222222222222
2129100,0.7236842105263158,0.85,0.8269230769230769,0.7666666666666667,0.9722222222222222
2129400,0.6842105263157895,0.65,0.8076923076923077,0.9,0.9722222222222222
2129700,0.6973684210526315,0.65,0.8269230769230769,0.9333333333333333,0.9722222222222222
2130000,0.6973684210526315,0.65,0.8269230769230769,0.9333333333333333,0.9722222222222222
2130300,0.6973684210526315,0.65,0.8269230769230769,0.9333333333333333,0.9722222222222222
2130600,0.7105263157894737,0.65,0.8076923076923077,0.9333333333333333,0.9444444444444444
2130900,0.7105263157894737,0.6,0.8269230769230769,0.9333333333333333,0.9444444444444444
2131200,0.75,0.6,0.8653846153846154,1.0,0.9444444444444444
2131500,0.7236842105263158,0.0,0.8846153846153846,1.0,0.9444444444444444
2131800,0.7236842105263158,0.55,0.8846153846153846,1.0,0.9444444444444444
2132100,0.6973684210526315,0.65,0.9230769230769231,1.0,0.9444444444444444
2132400,0.6842105263157895,0.65,0.9038461538461539,1.0,0.9444444444444444
2132700,0.7105263157894737,0.75,0.8846153846153846,0.9666666666666667,0.9444444444444444
2133000,0.7368421052631579,0.75,0.8653846153846154,0.9666666666666667,0.9166666666666666
2133300,0.7236842105263158,0.75,0.8653846153846154,0.9666666666666667,0.9166666666666666
2133600,0.7105263157894737,0.75,0.8653846153846154,0.9666666666666667,0.9166666666666666
2133900,0.6842105263157895,0.7,0.8076923076923077,0.9666666666666667,0.9166666666666666
2134200,0.7105263157894737,0.75,0.8269230769230769,0.9666666666666667,0.9166666666666666
2134500,0.7105263157894737,0.8,0.8269230769230769,0.9666666666666667,0.8888888888888888
2134800,0.7236842105263158,0.85,0.8076923076923077,0.9666666666666667,0.9166666666666666
2135100,0.6842105263157895,0.85,0.7692307692307693,0.9666666666666667,0.9444444444444444
2135400,0.6842105263157895,0.85,0.7307692307692307,0.9,0.9444444444444444
2135700,0.6973684210526315,0.85,0.6730769230769231,0.9333333333333333,0.8888888888888888
2136000,0.7368421052631579,0.8,0.6923076923076923,0.9,0.9166666666666666
2136300,0.6973684210526315,0.85,0.6538461538461539,0.8666666666666667,0.9166666666666666
2136600,0.6973684210526315,0.85,0.6923076923076923,0.8666666666666667,0.9444444444444444
2136900,0.6578947368421053,0.8,0.7115384615384616,0.8333333333333334,0.9444444444444444
2137200,0.6710526315789473,0.75,0.7307692307692307,0.8666666666666667,0.9444444444444444
2137500,0.618421052631579,0.8,0.7884615384615384,0.9,0.9444444444444444
2137800,0.618421052631579,0.8,0.7884615384615384,0.9,0.9444444444444444
2138100,0.6447368421052632,0.8,0.7884615384615384,0.9,0.9166666666666666
2138400,0.618421052631579,0.85,0.8076923076923077,0.9,0.9166666666666666
2138700,0.6578947368421053,0.85,0.8076923076923077,0.9333333333333333,0.9166666666666666
2139000,0.631578947368421,0.9,0.8269230769230769,0.9333333333333333,0.9166666666666666
2139300,0.6052631578947368,0.9,0.8461538461538461,0.9333333333333333,0.9444444444444444
2139600,0.5921052631578947,0.85,0.8653846153846154,0.9333333333333333,0.9444444444444444
2139900,0.618421052631579,0.85,0.8461538461538461,0.9666666666666667,0.9722222222222222
2140200,0.6447368421052632,0.85,0.8461538461538461,0.9666666666666667,0.9722222222222222
2140500,0.618421052631579,0.85,0.8653846153846154,0.9666666666666667,0.9722222222222222
2140800,0.618421052631579,0.85,0.9038461538461539,0.9666666666666667,0.9722222222222222
2141100,0.6052631578947368,0.85,0.9038461538461539,0.9666666666666667,0.9722222222222222
2141400,0.6447368421052632,0.8,0.9230769230769231,0.9666666666666667,0.9722222222222222
2141700,0.6052631578947368,0.8,0.9038461538461539,0.9333333333333333,0.9722222222222222
2142000,0.5921052631578947,0.85,0.9038461538461539,0.9333333333333333,0.9722222222222222
2142300,0.631578947368421,0.8,0.8076923076923077,0.9,0.9444444444444444
2142600,0.5263157894736842,0.9,0.8076923076923077,0.8666666666666667,0.8611111111111112
2142900,0.5394736842105263,0.9,0.8076923076923077,0.8666666666666667,0.8055555555555556
2143200,0.5526315789473685,0.9,0.8269230769230769,0.8666666666666667,0.8333333333333334
2143500,0.5789473684210527,0.9,0.8653846153846154,0.8333333333333334,0.8611111111111112
2143800,0.5657894736842105,0.9,0.8653846153846154,0.8333333333333334,0.8611111111111112
2144100,0.5789473684210527,0.85,0.9038461538461539,0.8333333333333334,0.8888888888888888
2144400,0.5789473684210527,0.85,0.9038461538461539,0.8,0.8888888888888888
2144700,0.5921052631578947,0.85,0.9038461538461539,0.7333333333333333,0.9166666666666666
2145000,0.5,0.8,0.8461538461538461,0.7333333333333333,0.9444444444444444
2145300,0.5,0.8,0.8269230769230769,0.7333333333333333,0.9444444444444444
2145600,0.4342105263157895,0.8,0.8269230769230769,0.7,0.9722222222222222
2145900,0.4342105263157895,0.0,0.8269230769230769,0.7,0.9722222222222222
2146200,0.0,0.8,0.8461538461538461,0.6666666666666666,1.0
2146500,0.39473684210526316,0.8,0.8269230769230769,0.6666666666666666,1.0
2146800,0.39473684210526316,0.75,0.7692307692307693,0.6666666666666666,0.9722222222222222
2147100,0.4605263157894737,0.7,0.7307692307692307,0.6666666666666666,0.9722222222222222
2147400,0.42105263157894735,0.65,0.7115384615384616,0.7,0.9444444444444444
2147700,0.4868421052631579,0.65,0.7884615384615384,0.6666666666666666,0.9444444444444444
2148000,0.4605263157894737,0.7,0.8076923076923077,0.6666666666666666,0.8888888888888888
2148300,0.4605263157894737,0.7,0.8076923076923077,0.6333333333333333,0.8888888888888888
2148600,0.47368421052631576,0.75,0.7884615384615384,0.6666666666666666,0.8611111111111112
2148900,0.4473684210526316,0.75,0.8461538461538461,0.6333333333333333,0.8333333333333334
2149200,0.4868421052631579,0.75,0.8076923076923077,0.6,0.8333333333333334
2149500,0.5,0.85,0.7884615384615384,0.6333333333333333,0.8055555555555556
2149800,0.5,0.85,0.8269230769230769,0.6666666666666666,0.75
2150100,0.47368421052631576,0.85,0.8461538461538461,0.6,0.7777777777777778
2150400,0.47368421052631576,0.75,0.8269230769230769,0.6,0.75
2150700,0.4605263157894737,0.75,0.8653846153846154,0.6,0.75
2151000,0.4342105263157895,0.75,0.8461538461538461,0.5666666666666667,0.7222222222222222
2151300,0.40789473684210525,0.8,0.8846153846153846,0.6333333333333333,0.6944444444444444
2151600,0.42105263157894735,0.85,0.8846153846153846,0.7,0.6944444444444444
2151900,0.3815789473684211,0.85,0.8846153846153846,0.7666666666666667,0.6388888888888888
2152200,0.3684210526315789,0.95,0.8653846153846154,0.7,0.6666666666666666
2152500,0.39473684210526316,0.95,0.8653846153846154,0.7666666666666667,0.6388888888888888
2152800,0.3815789473684211,0.9,0.8461538461538461,0.7333333333333333,0.6111111111111112
2153100,0.3684210526315789,0.95,0.8269230769230769,0.7666666666666667,0.6111111111111112
2153400,0.35526315789473684,0.9,0.8076923076923077,0.7666666666666667,0.5833333333333334
2153700,0.32894736842105265,0.9,0.75,0.7,0.6111111111111112
2154000,0.3815789473684211,0.9,0.75,0.6666666666666666,0.5833333333333334
2154300,0.3815789473684211,0.9,0.6923076923076923,0.7,0.6111111111111112
2154600,0.35526315789473684,0.9,0.75,0.7,0.6388888888888888
2154900,0.3157894736842105,0.9,0.8269230769230769,0.7,0.6388888888888888
2155200,0.27631578947368424,0.9,0.8076923076923077,0.7333333333333333,0.5833333333333334
2155500,0.2631578947368421,0.85,0.8269230769230769,0.7,0.6111111111111112
2155800,0.2631578947368421,0.8,0.8269230769230769,0.7333333333333333,0.6388888888888888
2156100,0.27631578947368424,0.8,0.8269230769230769,0.6666666666666666,0.6666666666666666
2156400,0.27631578947368424,0.8,0.8269230769230769,0.6333333333333333,0.6666666666666666
2156700,0.25,0.85,0.8653846153846154,0.6666666666666666,0.6666666666666666
2157000,0.23684210526315788,0.8,0.8653846153846154,0.7,0.6666666666666666
2157300,0.25,0.85,0.8269230769230769,0.7666666666666667,0.6944444444444444
2157600,0.23684210526315788,0.85,0.8269230769230769,0.7666666666666667,0.6944444444444444
2157900,0.21052631578947367,0.85,0.8076923076923077,0.7666666666666667,0.7222222222222222
2158200,0.21052631578947367,0.85,0.8461538461538461,0.7666666666666667,0.7222222222222222
2158500,0.21052631578947367,0.85,0.8269230769230769,0.7666666666666667,0.7222222222222222
2158800,0.19736842105263158,0.85,0.8269230769230769,0.7333333333333333,0.75
2159100,0.19736842105263158,0.85,0.8269230769230769,0.7333333333333333,0.6666666666666666
2159400,0.19736842105263158,0.9,0.8269230769230769,0.7333333333333333,0.6944444444444444
2159700,0.17105263157894737,0.9,0.8269230769230769,0.7333333333333333,0.6666666666666666
2160000,0.17105263157894737,0.95,0.8076923076923077,0.7666666666666667,0.6388888888888888
2160300,0.13157894736842105,0.95,0.7692307692307693,0.7666666666666667,0.5833333333333334
2160600,0.09210526315789473,0.95,0.75,0.7333333333333333,0.5555555555555556
2160900,0.09210526315789473,0.95,0.7115384615384616,0.7,0.5555555555555556
2161200,0.10526315789473684,0.95,0.7115384615384616,0.7,0.5277777777777778
2161500,0.10526315789473684,0.95,0.7307692307692307,0.7,0.3888888888888889
2161800,0.11842105263157894,1.0,0.7115384615384616,0.7,0.3333333333333333
2162100,0.13157894736842105,0.95,0.75,0.7,0.3333333333333333
2162400,0.14473684210526316,0.95,0.7884615384615384,0.7,0.3333333333333333
2162700,0.15789473684210525,0.95,0.7884615384615384,0.6666666666666666,0.3055555555555556
2163000,0.14473684210526316,0.95,0.7884615384615384,0.6666666666666666,0.2222222222222222
2163300,0.11842105263157894,0.95,0.7884615384615384,0.6,0.2222222222222222
2163600,0.13157894736842105,0.95,0.7884615384615384,0.6,0.2777777777777778
2163900,0.14473684210526316,0.95,0.8269230769230769,0.6,0.2222222222222222
2164200,0.13157894736842105,0.95,0.8653846153846154,0.5666666666666667,0.25
2164500,0.13157894736842105,1.0,0.8846153846153846,0.5666666666666667,0.2777777777777778
2164800,0.18421052631578946,1.0,0.8653846153846154,0.5666666666666667,0.2777777777777778
2165100,0.18421052631578946,1.0,0.8653846153846154,0.5666666666666667,0.2777777777777778
2165400,0.18421052631578946,1.0,0.8461538461538461,0.5666666666666667,0.3888888888888889
2165700,0.19736842105263158,1.0,0.8461538461538461,0.5666666666666667,0.4444444444444444
2166000,0.18421052631578946,1.0,0.8653846153846154,0.5666666666666667,0.5277777777777778
2166300,0.2631578947368421,1.0,0.8653846153846154,0.5333333333333333,0.4722222222222222
2166600,0.2631578947368421,0.95,0.8653846153846154,0.5333333333333333,0.4722222222222222
2166900,0.2631578947368421,0.95,0.8653846153846154,0.5333333333333333,0.4722222222222222
2167200,0.2236842105263158,1.0,0.8846153846153846,0.5,0.4722222222222222
2167500,0.25,1.0,0.8653846153846154,0.5,0.4722222222222222
2167800,0.25,1.0,0.8269230769230769,0.5,0.4722222222222222
2168100,0.25,1.0,0.8269230769230769,0.4666666666666667,0.5
2168400,0.25,1.0,0.8269230769230769,0.43333333333333335,0.5277777777777778
2168700,0.2631578947368421,1.0,0.8269230769230769,0.4,0.4722222222222222
2169000,0.2894736842105263,1.0,0.8076923076923077,0.4,0.4166666666666667
2169300,0.27631578947368424,1.0,0.8076923076923077,0.4,0.4444444444444444
2169600,0.27631578947368424,1.0,0.7884615384615384,0.4,0.4166666666666667
2169900,0.27631578947368424,1.0,0.7692307692307693,0.4,0.4444444444444444
2170200,0.27631578947368424,1.0,0.7692307692307693,0.4,0.4166666666666667
2170500,0.2631578947368421,1.0,0.7692307692307693,0.43333333333333335,0.3888888888888889
2170800,0.2631578947368421,1.0,0.7692307692307693,0.4666666666666667,0.3888888888888889
2171100,0.23684210526315788,1.0,0.7884615384615384,0.4666666666666667,0.4722222222222222
2171400,0.2236842105263158,1.0,0.7884615384615384,0.4666666666666667,0.4722222222222222
2171700,0.2236842105263158,1.0,0.8076923076923077,0.4666666666666667,0.5277777777777778
2172000,0.21052631578947367,1.0,0.8269230769230769,0.5,0.5277777777777778
2172300,0.21052631578947367,1.0,0.8461538461538461,0.5,0.4722222222222222
2172600,0.2236842105263158,1.0,0.8076923076923077,0.5,0.5
2172900,0.21052631578947367,1.0,0.8076923076923077,0.5,0.5277777777777778
2173200,0.21052631578947367,1.0,0.8461538461538461,0.5,0.5277777777777778
2173500,0.21052631578947367,0.95,0.8461538461538461,0.4666666666666667,0.5833333333333334
2173800,0.21052631578947367,0.95,0.8269230769230769,0.4666666666666667,0.5277777777777778
2174100,0.23684210526315788,0.95,0.8269230769230769,0.4666666666666667,0.5555555555555556
2174400,0.2236842105263158,0.95,0.8076923076923077,0.4666666666666667,0.5
2174700,0.2236842105263158,0.95,0.8076923076923077,0.4666666666666667,0.4722222222222222
2175000,0.0,0.95,0.8076923076923077,0.43333333333333335,0.4722222222222222
2175300,0.21052631578947367,0.95,0.8076923076923077,0.43333333333333335,0.4444444444444444
2175600,0.21052631578947367,0.95,0.7884615384615384,0.43333333333333335,0.5
2175900,0.21052631578947367,0.95,0.7692307692307693,0.4,0.5
2176200,0.21052631578947367,0.95,0.75,0.4,0.5277777777777778
2176500,0.21052631578947367,0.95,0.6923076923076923,0.4,0.5277777777777778
2176800,0.21052631578947367,0.95,0.6923076923076923,0.4,0.5277777777777778
2177100,0.21052631578947367,0.95,0.7115384615384616,0.4,0.5277777777777778
2177400,0.21052631578947367,0.95,0.7115384615384616,0.4,0.5277777777777778
2177700,0.23684210526315788,0.95,0.6923076923076923,0.3333333333333333,0.5833333333333334
2178000,0.23684210526315788,0.95,0.6730769230769231,0.3333333333333333,0.5555555555555556
2178300,0.23684210526315788,0.95,0.6346153846153846,0.3,0.5833333333333334
2178600,0.23684210526315788,0.95,0.6346153846153846,0.26666666666666666,0.5833333333333334
2178900,0.23684210526315788,0.95,0.6538461538461539,0.26666666666666666,0.6111111111111112
2179200,0.25,0.95,0.6730769230769231,0.26666666666666666,0.6388888888888888
2179500,0.25,0.95,0.6730769230769231,0.26666666666666666,0.6111111111111112
2179800,0.25,0.95,0.6346153846153846,0.26666666666666666,0.6388888888888888
2180100,0.23684210526315788,0.95,0.5576923076923077,0.26666666666666666,0.6666666666666666
2180400,0.19736842105263158,0.95,0.6153846153846154,0.26666666666666666,0.6666666666666666
2180700,0.19736842105263158,0.95,0.5961538461538461,0.26666666666666666,0.6388888888888888
2181000,0.19736842105263158,0.95,0.5961538461538461,0.23333333333333334,0.6944444444444444
2181300,0.2236842105263158,0.95,0.6153846153846154,0.2,0.7222222222222222
2181600,0.19736842105263158,0.95,0.6346153846153846,0.23333333333333334,0.6944444444444444
2181900,0.21052631578947367,0.95,0.6346153846153846,0.23333333333333334,0.6666666666666666
2182200,0.2236842105263158,0.95,0.6346153846153846,0.23333333333333334,0.6111111111111112
2182500,0.2236842105263158,0.95,0.6730769230769231,0.26666666666666666,0.6388888888888888
2182800,0.2236842105263158,0.95,0.6153846153846154,0.3333333333333333,0.6111111111111112
2183100,0.23684210526315788,0.95,0.5769230769230769,0.3,0.6388888888888888
2183400,0.25,0.95,0.5961538461538461,0.3333333333333333,0.6111111111111112
2183700,0.2236842105263158,0.95,0.5961538461538461,0.3333333333333333,0.5833333333333334
2184000,0.2236842105263158,0.95,0.5769230769230769,0.36666666666666664,0.5833333333333334
2184300,0.25,0.95,0.5576923076923077,0.36666666666666664,0.5
2184600,0.2236842105263158,0.95,0.5384615384615384,0.4,0.4722222222222222
2184900,0.27631578947368424,0.95,0.5576923076923077,0.3333333333333333,0.5
2185200,0.23684210526315788,0.95,0.5576923076923077,0.3,0.5
2185500,0.2894736842105263,0.95,0.5384615384615384,0.4,0.5277777777777778
2185800,0.2894736842105263,0.95,0.6153846153846154,0.36666666666666664,0.5
2186100,0.2631578947368421,0.95,0.6346153846153846,0.36666666666666664,0.5277777777777778
2186400,0.2631578947368421,0.95,0.6346153846153846,0.36666666666666664,0.5
2186700,0.25,0.95,0.6346153846153846,0.36666666666666664,0.5277777777777778
2187000,0.23684210526315788,0.95,0.6346153846153846,0.4,0.5
2187300,0.23684210526315788,0.95,0.6346153846153846,0.43333333333333335,0.5555555555555556
2187600,0.25,0.95,0.6346153846153846,0.4,0.5555555555555556
2187900,0.25,0.95,0.6153846153846154,0.43333333333333335,0.5555555555555556
2188200,0.27631578947368424,0.95,0.5961538461538461,0.43333333333333335,0.6666666666666666
2188500,0.2894736842105263,0.95,0.5961538461538461,0.4666666666666667,0.6944444444444444
2188800,0.3157894736842105,1.0,0.6153846153846154,0.5333333333333333,0.7777777777777778
2189100,0.3157894736842105,1.0,0.6538461538461539,0.6,0.8055555555555556
2189400,0.0,0.0,0.6538461538461539,0.6,0.8333333333333334
2189700,0.35526315789473684,0.95,0.6923076923076923,0.6666666666666666,0.8333333333333334
2190000,0.3684210526315789,0.85,0.6923076923076923,0.6333333333333333,0.8333333333333334
2190300,0.3815789473684211,0.95,0.7307692307692307,0.6333333333333333,0.8611111111111112
2190600,0.35526315789473684,0.95,0.7115384615384616,0.6,0.8055555555555556
2190900,0.3815789473684211,0.95,0.7115384615384616,0.6,0.8333333333333334
2191200,0.4342105263157895,0.95,0.7307692307692307,0.6,0.7777777777777778
2191500,0.4342105263157895,0.9,0.7115384615384616,0.5666666666666667,0.8055555555555556
2191800,0.4342105263157895,0.9,0.7115384615384616,0.6,0.8055555555555556
2192100,0.4342105263157895,0.85,0.7115384615384616,0.6,0.8055555555555556
2192400,0.42105263157894735,0.9,0.7307692307692307,0.6,0.8055555555555556
2192700,0.4342105263157895,0.85,0.75,0.6,0.8055555555555556
2193000,0.47368421052631576,0.85,0.75,0.6,0.8611111111111112
2193300,0.4868421052631579,0.85,0.75,0.6,0.8611111111111112
2193600,0.5131578947368421,0.9,0.75,0.6666666666666666,0.8611111111111112
2193900,0.5131578947368421,0.9,0.75,0.6333333333333333,0.8611111111111112
2194200,0.5394736842105263,0.9,0.7307692307692307,0.6333333333333333,0.8611111111111112
2194500,0.5263157894736842,0.9,0.7307692307692307,0.6333333333333333,0.8611111111111112
2194800,0.5,0.85,0.6923076923076923,0.6333333333333333,0.9166666666666666
2195100,0.5,0.8,0.6730769230769231,0.6333333333333333,0.9166666666666666
2195400,0.5394736842105263,0.75,0.6538461538461539,0.6,0.9166666666666666
2195700,0.5131578947368421,0.75,0.6346153846153846,0.6,0.9166666666666666
2196000,0.5131578947368421,0.75,0.6538461538461539,0.6,0.9444444444444444
2196300,0.5131578947368421,0.75,0.6538461538461539,0.6333333333333333,0.9444444444444444
2196600,0.0,0.6,0.6923076923076923,0.6333333333333333,0.8888888888888888
2196900,0.4868421052631579,0.6,0.6923076923076923,0.6333333333333333,0.8888888888888888
2197200,0.47368421052631576,0.55,0.7115384615384616,0.6333333333333333,0.8888888888888888
2197500,0.5131578947368421,0.55,0.75,0.6333333333333333,0.9166666666666666
2197800,0.5,0.55,0.75,0.6333333333333333,0.9166666666666666
2198100,0.5,0.55,0.75,0.6333333333333333,0.9166666666666666
2198400,0.4868421052631579,0.55,0.75,0.6333333333333333,0.9444444444444444
2198700,0.4605263157894737,0.6,0.7692307692307693,0.6666666666666666,0.9444444444444444
2199000,0.4605263157894737,0.65,0.7692307692307693,0.6666666666666666,0.9444444444444444
2199300,0.4868421052631579,0.65,0.7692307692307693,0.6666666666666666,0.9444444444444444
2199600,0.4868421052631579,0.8,0.7884615384615384,0.6666666666666666,0.9444444444444444
2199900,0.4605263157894737,0.8,0.7884615384615384,0.6333333333333333,0.8888888888888888
2200200,0.4605263157894737,0.8,0.8076923076923077,0.6333333333333333,0.8888888888888888
2200500,0.4342105263157895,0.85,0.8076923076923077,0.6333333333333333,0.8888888888888888
2200800,0.4605263157894737,0.85,0.8269230769230769,0.6333333333333333,0.9166666666666666
2201100,0.5131578947368421,0.9,0.8269230769230769,0.6666666666666666,0.9166666666666666
2201400,0.5263157894736842,0.9,0.8269230769230769,0.6666666666666666,0.9166666666666666
2201700,0.5263157894736842,0.9,0.8653846153846154,0.6666666666666666,0.9166666666666666
2202000,0.5263157894736842,0.9,0.8846153846153846,0.6666666666666666,0.9166666666666666
2202300,0.5131578947368421,0.9,0.8653846153846154,0.6666666666666666,0.9444444444444444
2202600,0.5263157894736842,0.9,0.8846153846153846,0.6666666666666666,1.0
2202900,0.5263157894736842,0.9,0.8846153846153846,0.6666666666666666,1.0
2203200,0.47368421052631576,0.95,0.8461538461538461,0.6666666666666666,1.0
2203500,0.4605263157894737,0.0,0.7307692307692307,0.5666666666666667,0.9722222222222222
2203800,0.0,0.95,0.7307692307692307,0.6,0.9722222222222222
2204100,0.39473684210526316,0.95,0.7307692307692307,0.6,0.9722222222222222
2204400,0.3815789473684211,0.9,0.7115384615384616,0.5666666666666667,0.9444444444444444
2204700,0.3684210526315789,0.9,0.7115384615384616,0.5666666666666667,0.9444444444444444
2205000,0.3684210526315789,0.85,0.7115384615384616,0.5,0.9444444444444444
2205300,0.35526315789473684,0.85,0.7115384615384616,0.5,0.9166666666666666
2205600,0.39473684210526316,0.8,0.6923076923076923,0.5,0.9166666666666666
2205900,0.40789473684210525,0.7,0.6346153846153846,0.43333333333333335,0.9166666666666666
2206200,0.39473684210526316,0.75,0.6346153846153846,0.43333333333333335,0.9166666666666666
2206500,0.39473684210526316,0.7,0.6346153846153846,0.4666666666666667,0.9166666666666666
2206800,0.42105263157894735,0.75,0.6346153846153846,0.4666666666666667,0.9444444444444444
2207100,0.4342105263157895,0.7,0.6730769230769231,0.5666666666666667,0.9444444444444444
2207400,0.40789473684210525,0.7,0.6923076923076923,0.5666666666666667,0.9166666666666666
2207700,0.39473684210526316,0.65,0.6923076923076923,0.6,0.8611111111111112
2208000,0.35526315789473684,0.65,0.7115384615384616,0.6333333333333333,0.8333333333333334
2208300,0.3684210526315789,0.65,0.6923076923076923,0.7,0.8333333333333334
2208600,0.3684210526315789,0.65,0.6730769230769231,0.7,0.8611111111111112
2208900,0.3684210526315789,0.7,0.6923076923076923,0.7,0.8611111111111112
2209200,0.35526315789473684,0.75,0.7692307692307693,0.7,0.8333333333333334
2209500,0.3815789473684211,0.75,0.7307692307692307,0.7,0.8055555555555556
2209800,0.3684210526315789,0.7,0.7884615384615384,0.7,0.8055555555555556
2210100,0.3684210526315789,0.7,0.7884615384615384,0.7,0.8055555555555556
2210400,0.42105263157894735,0.75,0.8846153846153846,0.6666666666666666,0.8333333333333334
2210700,0.4473684210526316,0.75,0.8653846153846154,0.6666666666666666,0.8333333333333334
2211000,0.4605263157894737,0.75,0.8846153846153846,0.6666666666666666,0.8611111111111112
2211300,0.47368421052631576,0.85,0.9038461538461539,0.6666666666666666,0.8611111111111112
2211600,0.4868421052631579,0.95,0.8846153846153846,0.7333333333333333,0.9166666666666666
2211900,0.4605263157894737,0.95,0.9038461538461539,0.7,0.9166666666666666
2212200,0.5131578947368421,1.0,0.9038461538461539,0.7333333333333333,0.9166666666666666
2212500,0.5263157894736842,1.0,0.9423076923076923,0.7666666666666667,0.9166666666666666
2212800,0.5263157894736842,1.0,0.9423076923076923,0.7666666666666667,0.9166666666666666
2213100,0.5,1.0,0.9423076923076923,0.7666666666666667,0.9166666666666666
2213400,0.5263157894736842,1.0,0.9230769230769231,0.8,0.9166666666666666
2213700,0.5526315789473685,0.85,0.9230769230769231,0.8666666666666667,0.9444444444444444
2214000,0.5526315789473685,0.85,0.9230769230769231,0.8333333333333334,0.9444444444444444
2214300,0.5526315789473685,0.85,0.9038461538461539,0.8333333333333334,0.9444444444444444
2214600,0.5657894736842105,0.75,0.9038461538461539,0.8666666666666667,0.9444444444444444
2214900,0.5921052631578947,0.75,0.9038461538461539,0.8666666666666667,0.9444444444444444
2215200,0.5921052631578947,0.7,0.9038461538461539,0.8666666666666667,0.9444444444444444
2215500,0.6052631578947368,0.7,0.8846153846153846,0.8666666666666667,0.9444444444444444
2215800,0.5526315789473685,0.7,0.8846153846153846,0.8333333333333334,0.9444444444444444
2216100,0.5263157894736842,0.7,0.8846153846153846,0.8333333333333334,0.9444444444444444
2216400,0.5526315789473685,0.7,0.8846153846153846,0.8333333333333334,0.9444444444444444
2216700,0.5131578947368421,0.75,0.9038461538461539,0.8333333333333334,0.9444444444444444
2217000,0.5394736842105263,0.65,0.8846153846153846,0.8333333333333334,0.9444444444444444
2217300,0.5394736842105263,0.65,0.9038461538461539,0.8333333333333334,0.9444444444444444
2217600,0.5921052631578947,0.65,0.9038461538461539,0.8333333333333334,0.9722222222222222
2217900,0.6052631578947368,0.65,0.9038461538461539,0.8333333333333334,0.9722222222222222
2218200,0.0,0.85,0.8846153846153846,0.8333333333333334,0.9722222222222222
2218500,0.618421052631579,0.75,0.8846153846153846,0.8333333333333334,0.9722222222222222
2218800,0.5921052631578947,0.75,0.8461538461538461,0.8333333333333334,0.9722222222222222
2219100,0.5657894736842105,0.75,0.8461538461538461,0.8333333333333334,0.9444444444444444
2219400,0.618421052631579,0.8,0.8653846153846154,0.8666666666666667,0.9166666666666666
2219700,0.5921052631578947,0.85,0.8461538461538461,0.9,0.9166666666666666
2220000,0.618421052631579,0.85,0.8076923076923077,0.9,0.9166666666666666
2220300,0.5657894736842105,0.9,0.7692307692307693,0.9,0.9166666666666666
2220600,0.5921052631578947,0.85,0.7692307692307693,0.9,0.9166666666666666
2220900,0.5921052631578947,0.85,0.75,0.9,0.8888888888888888
2221200,0.631578947368421,0.8,0.6730769230769231,0.8666666666666667,0.8055555555555556
2221500,0.631578947368421,0.8,0.6730769230769231,0.9,0.8055555555555556
2221800,0.5789473684210527,0.8,0.7307692307692307,0.8666666666666667,0.8055555555555556
2222100,0.5921052631578947,0.75,0.7307692307692307,0.8333333333333334,0.8611111111111112
2222400,0.5789473684210527,0.85,0.75,0.8333333333333334,0.8888888888888888
2222700,0.5789473684210527,0.8,0.8076923076923077,0.8333333333333334,0.8888888888888888
2223000,0.618421052631579,0.85,0.8076923076923077,0.8333333333333334,0.8888888888888888
2223300,0.631578947368421,0.8,0.8653846153846154,0.8333333333333334,0.8888888888888888
2223600,0.5789473684210527,0.75,0.8461538461538461,0.8333333333333334,0.9166666666666666
2223900,0.5789473684210527,0.75,0.8461538461538461,0.8333333333333334,0.9166666666666666
2224200,0.5657894736842105,0.65,0.9038461538461539,0.9,0.8888888888888888
2224500,0.5921052631578947,0.65,0.9038461538461539,0.9,0.9722222222222222
2224800,0.6052631578947368,0.65,0.9038461538461539,0.9,0.9444444444444444
2225100,0.5789473684210527,0.65,0.9038461538461539,0.9,0.9444444444444444
2225400,0.5789473684210527,0.65,0.9038461538461539,0.9,0.9444444444444444
2225700,0.5921052631578947,0.75,0.9423076923076923,0.9,0.9722222222222222
2226000,0.6052631578947368,0.8,0.9423076923076923,0.9,0.9444444444444444
2226300,0.6578947368421053,0.85,0.9423076923076923,0.9333333333333333,0.9166666666666666
2226600,0.6710526315789473,0.9,0.9423076923076923,0.9333333333333333,0.9166666666666666
2226900,0.6710526315789473,0.9,0.9423076923076923,0.9333333333333333,0.9166666666666666
2227200,0.6710526315789473,0.8,0.9423076923076923,0.9,0.9166666666666666
2227500,0.6447368421052632,0.8,0.9423076923076923,0.9,0.9444444444444444
2227800,0.6842105263157895,0.85,0.9423076923076923,0.9,0.9444444444444444
2228100,0.6447368421052632,0.85,0.9230769230769231,0.8666666666666667,0.9444444444444444
2228400,0.6710526315789473,0.85,0.9615384615384616,0.8333333333333334,0.9444444444444444
2228700,0.6052631578947368,0.9,0.8653846153846154,0.8,0.9166666666666666
2229000,0.5921052631578947,0.9,0.8653846153846154,0.7,0.9166666666666666
2229300,0.5921052631578947,0.9,0.8653846153846154,0.6666666666666666,0.9166666666666666
2229600,0.5921052631578947,0.95,0.8461538461538461,0.6666666666666666,0.9166666666666666
2229900,0.5394736842105263,0.95,0.8653846153846154,0.6666666666666666,0.9722222222222222
2230200,0.5657894736842105,0.95,0.8653846153846154,0.7,0.9722222222222222
2230500,0.5526315789473685,0.95,0.8461538461538461,0.7,0.9722222222222222
2230800,0.5789473684210527,0.95,0.8076923076923077,0.7666666666666667,0.9166666666666666
2231100,0.5526315789473685,0.95,0.7884615384615384,0.7666666666666667,0.8611111111111112
2231400,0.6052631578947368,0.95,0.7884615384615384,0.7333333333333333,0.8611111111111112
2231700,0.618421052631579,0.95,0.7692307692307693,0.8333333333333334,0.8333333333333334
2232000,0.618421052631579,0.85,0.75,0.9,0.8333333333333334
2232300,0.5921052631578947,0.0,0.8076923076923077,0.9,0.8333333333333334
2232600,0.0,0.8,0.8461538461538461,0.9,0.7777777777777778
2232900,0.631578947368421,0.8,0.8846153846153846,0.8666666666666667,0.75
2233200,0.5789473684210527,0.85,0.8846153846153846,0.8333333333333334,0.75
2233500,0.5657894736842105,0.85,0.8846153846153846,0.8333333333333334,0.7777777777777778
2233800,0.5789473684210527,0.85,0.9230769230769231,0.8333333333333334,0.7777777777777778
2234100,0.5131578947368421,0.9,0.9230769230769231,0.8,0.7777777777777778
2234400,0.5394736842105263,0.9,0.9230769230769231,0.8333333333333334,0.7777777777777778
2234700,0.5263157894736842,0.9,0.8846153846153846,0.8333333333333334,0.75
2235000,0.5131578947368421,0.85,0.8846153846153846,0.8,0.7222222222222222
2235300,0.5131578947368421,0.85,0.8846153846153846,0.7333333333333333,0.7777777777777778
2235600,0.5,0.85,0.8653846153846154,0.7333333333333333,0.8055555555555556
2235900,0.4868421052631579,0.75,0.8461538461538461,0.6666666666666666,0.75
2236200,0.5131578947368421,0.75,0.8269230769230769,0.6666666666666666,0.7222222222222222
2236500,0.47368421052631576,0.7,0.8076923076923077,0.6333333333333333,0.7222222222222222
2236800,0.4605263157894737,0.7,0.8269230769230769,0.6,0.7222222222222222
2237100,0.40789473684210525,0.7,0.8461538461538461,0.6333333333333333,0.75
2237400,0.4342105263157895,0.7,0.8269230769230769,0.6333333333333333,0.7222222222222222
2237700,0.4473684210526316,0.75,0.7884615384615384,0.6666666666666666,0.6944444444444444
2238000,0.4473684210526316,0.9,0.7884615384615384,0.6666666666666666,0.6944444444444444
2238300,0.40789473684210525,0.95,0.8653846153846154,0.6666666666666666,0.6666666666666666
2238600,0.39473684210526316,0.9,0.8653846153846154,0.6666666666666666,0.6388888888888888
2238900,0.3815789473684211,0.9,0.8846153846153846,0.6666666666666666,0.6388888888888888
2239200,0.35526315789473684,0.85,0.8269230769230769,0.6666666666666666,0.6111111111111112
2239500,0.35526315789473684,0.85,0.8269230769230769,0.6666666666666666,0.6111111111111112
2239800,0.34210526315789475,0.85,0.8461538461538461,0.6,0.5555555555555556
2240100,0.32894736842105265,0.85,0.8461538461538461,0.6666666666666666,0.5555555555555556
2240400,0.3026315789473684,0.85,0.8461538461538461,0.6333333333333333,0.5555555555555556
2240700,0.3026315789473684,0.9,0.9038461538461539,0.5666666666666667,0.5833333333333334
2241000,0.3026315789473684,0.9,0.8846153846153846,0.6,0.5555555555555556
2241300,0.27631578947368424,0.9,0.8461538461538461,0.6333333333333333,0.5555555555555556
2241600,0.2631578947368421,0.95,0.8653846153846154,0.6333333333333333,0.5833333333333334
2241900,0.2894736842105263,0.95,0.8846153846153846,0.6333333333333333,0.6111111111111112
2242200,0.2894736842105263,0.95,0.9038461538461539,0.6,0.6388888888888888
2242500,0.27631578947368424,0.95,0.8846153846153846,0.6,0.6388888888888888
2242800,0.32894736842105265,0.95,0.8846153846153846,0.6,0.6111111111111112
2243100,0.32894736842105265,0.95,0.8653846153846154,0.6,0.5833333333333334
2243400,0.2894736842105263,0.85,0.8846153846153846,0.6,0.5833333333333334
2243700,0.2894736842105263,0.85,0.8846153846153846,0.5666666666666667,0.5555555555555556
2244000,0.27631578947368424,0.85,0.8653846153846154,0.5666666666666667,0.5555555555555556
2244300,0.27631578947368424,0.85,0.8269230769230769,0.6,0.5277777777777778
2244600,0.2631578947368421,0.9,0.7884615384615384,0.5666666666666667,0.5277777777777778
2244900,0.27631578947368424,0.9,0.7884615384615384,0.6333333333333333,0.5277777777777778
2245200,0.23684210526315788,0.9,0.7884615384615384,0.6333333333333333,0.5277777777777778
2245500,0.25,0.9,0.8076923076923077,0.6333333333333333,0.5555555555555556
2245800,0.21052631578947367,0.85,0.8076923076923077,0.6,0.4444444444444444
2246100,0.19736842105263158,0.9,0.8269230769230769,0.6333333333333333,0.4722222222222222
2246400,0.19736842105263158,0.9,0.8461538461538461,0.6333333333333333,0.4166666666666667
2246700,0.15789473684210525,0.95,0.7884615384615384,0.43333333333333335,0.3611111111111111
2247000,0.14473684210526316,0.95,0.8076923076923077,0.36666666666666664,0.3611111111111111
2247300,0.14473684210526316,0.95,0.8076923076923077,0.3,0.3333333333333333
2247600,0.14473684210526316,0.95,0.8461538461538461,0.3,0.3055555555555556
2247900,0.10526315789473684,0.95,0.8461538461538461,0.3,0.2777777777777778
2248200,0.10526315789473684,0.95,0.8461538461538461,0.3,0.19444444444444445
2248500,0.09210526315789473,0.95,0.8461538461538461,0.26666666666666666,0.1388888888888889
2248800,0.07894736842105263,0.95,0.8653846153846154,0.26666666666666666,0.08333333333333333
2249100,0.13157894736842105,0.95,0.8653846153846154,0.23333333333333334,0.08333333333333333
2249400,0.09210526315789473,0.95,0.8461538461538461,0.26666666666666666,0.1111111111111111
2249700,0.06578947368421052,0.95,0.8461538461538461,0.3,0.05555555555555555
2250000,0.06578947368421052,0.95,0.8653846153846154,0.3,0.0
2250300,0.06578947368421052,0.95,0.34615384615384615,0.3,0.0
2250600,0.09210526315789473,0.95,0.38461538461538464,0.36666666666666664,0.027777777777777776
2250900,0.11842105263157894,0.9,0.9038461538461539,0.36666666666666664,0.1111111111111111
2251200,0.09210526315789473,0.95,0.9038461538461539,0.3333333333333333,0.1111111111111111
2251500,0.09210526315789473,0.95,0.9038461538461539,0.3333333333333333,0.19444444444444445
2251800,0.11842105263157894,0.95,0.9038461538461539,0.3333333333333333,0.2222222222222222
2252100,0.11842105263157894,0.95,0.9038461538461539,0.3333333333333333,0.3333333333333333
2252400,0.07894736842105263,1.0,0.9038461538461539,0.4,0.3611111111111111
2252700,0.07894736842105263,1.0,0.9038461538461539,0.43333333333333335,0.4444444444444444
2253000,0.07894736842105263,1.0,0.8846153846153846,0.43333333333333335,0.4722222222222222
2253300,0.13157894736842105,1.0,0.8461538461538461,0.43333333333333335,0.4444444444444444
2253600,0.17105263157894737,1.0,0.8653846153846154,0.4666666666666667,0.4722222222222222
2253900,0.21052631578947367,1.0,0.9038461538461539,0.4666666666666667,0.4166666666666667
2254200,0.21052631578947367,1.0,0.9038461538461539,0.4666666666666667,0.4166666666666667
2254500,0.2236842105263158,1.0,0.8846153846153846,0.5,0.5277777777777778
2254800,0.23684210526315788,1.0,0.8653846153846154,0.5,0.5555555555555556
2255100,0.23684210526315788,1.0,0.8076923076923077,0.5,0.6111111111111112
2255400,0.23684210526315788,1.0,0.8076923076923077,0.5,0.6666666666666666
2255700,0.21052631578947367,1.0,0.7884615384615384,0.5,0.7222222222222222
2256000,0.21052631578947367,1.0,0.7884615384615384,0.5,0.75
2256300,0.19736842105263158,0.95,0.7692307692307693,0.4666666666666667,0.75
2256600,0.19736842105263158,0.95,0.7307692307692307,0.4666666666666667,0.75
2256900,0.17105263157894737,0.95,0.75,0.4666666666666667,0.75
2257200,0.15789473684210525,0.95,0.75,0.4666666666666667,0.75
2257500,0.15789473684210525,0.95,0.75,0.43333333333333335,0.7777777777777778
2257800,0.14473684210526316,0.95,0.75,0.4,0.7777777777777778
2258100,0.14473684210526316,0.95,0.7307692307692307,0.4,0.7777777777777778
2258400,0.14473684210526316,0.95,0.7307692307692307,0.36666666666666664,0.8055555555555556
2258700,0.14473684210526316,0.95,0.75,0.3333333333333333,0.8055555555555556
2259000,0.13157894736842105,1.0,0.75,0.36666666666666664,0.8055555555555556
2259300,0.15789473684210525,1.0,0.7692307692307693,0.3333333333333333,0.8055555555555556
2259600,0.13157894736842105,1.0,0.7692307692307693,0.3333333333333333,0.75
2259900,0.13157894736842105,1.0,0.7692307692307693,0.3333333333333333,0.7222222222222222
2260200,0.13157894736842105,1.0,0.7692307692307693,0.3,0.6388888888888888
2260500,0.13157894736842105,1.0,0.7692307692307693,0.3,0.6388888888888888
2260800,0.13157894736842105,1.0,0.7692307692307693,0.3,0.6388888888888888
2261100,0.13157894736842105,1.0,0.7692307692307693,0.3,0.6111111111111112
2261400,0.13157894736842105,1.0,0.75,0.3,0.5833333333333334
2261700,0.14473684210526316,1.0,0.7307692307692307,0.3,0.5833333333333334
2262000,0.18421052631578946,1.0,0.7307692307692307,0.3,0.5555555555555556
2262300,0.15789473684210525,1.0,0.7307692307692307,0.3333333333333333,0.5555555555555556
2262600,0.15789473684210525,1.0,0.7307692307692307,0.3333333333333333,0.5555555555555556
2262900,0.15789473684210525,1.0,0.7307692307692307,0.36666666666666664,0.5555555555555556
2263200,0.13157894736842105,1.0,0.6346153846153846,0.36666666666666664,0.5555555555555556
2263500,0.15789473684210525,1.0,0.6730769230769231,0.3333333333333333,0.5555555555555556
2263800,0.17105263157894737,1.0,0.6346153846153846,0.3333333333333333,0.5555555555555556
2264100,0.18421052631578946,1.0,0.6346153846153846,0.36666666666666664,0.5555555555555556
2264400,0.15789473684210525,1.0,0.6346153846153846,0.36666666666666664,0.5555555555555556
2264700,0.18421052631578946,1.0,0.5961538461538461,0.3333333333333333,0.5555555555555556
2265000,0.15789473684210525,1.0,0.5961538461538461,0.3,0.4722222222222222
2265300,0.15789473684210525,1.0,0.5961538461538461,0.3,0.5
2265600,0.18421052631578946,1.0,0.5961538461538461,0.3333333333333333,0.4722222222222222
2265900,0.18421052631578946,1.0,0.5769230769230769,0.3333333333333333,0.4722222222222222
2266200,0.19736842105263158,1.0,0.5769230769230769,0.3333333333333333,0.4722222222222222
2266500,0.19736842105263158,1.0,0.5961538461538461,0.3,0.4444444444444444
2266800,0.19736842105263158,1.0,0.6153846153846154,0.3,0.4722222222222222
2267100,0.19736842105263158,1.0,0.6153846153846154,0.3,0.5
2267400,0.19736842105263158,1.0,0.6153846153846154,0.3,0.4722222222222222
2267700,0.18421052631578946,1.0,0.6346153846153846,0.3,0.4722222222222222
2268000,0.17105263157894737,1.0,0.6153846153846154,0.23333333333333334,0.4722222222222222
2268300,0.15789473684210525,1.0,0.6346153846153846,0.23333333333333334,0.4166666666666667
2268600,0.17105263157894737,1.0,0.6346153846153846,0.2,0.4166666666666667
2268900,0.14473684210526316,1.0,0.6538461538461539,0.2,0.4166666666666667
2269200,0.15789473684210525,1.0,0.6538461538461539,0.23333333333333334,0.4722222222222222
2269500,0.14473684210526316,1.0,0.6538461538461539,0.2,0.4722222222222222
2269800,0.14473684210526316,1.0,0.6538461538461539,0.2,0.5277777777777778
2270100,0.14473684210526316,1.0,0.6538461538461539,0.2,0.5
2270400,0.15789473684210525,1.0,0.6730769230769231,0.23333333333333334,0.5277777777777778
2270700,0.14473684210526316,1.0,0.6538461538461539,0.2,0.4722222222222222
2271000,0.17105263157894737,1.0,0.6153846153846154,0.2,0.5
2271300,0.15789473684210525,1.0,0.5769230769230769,0.23333333333333334,0.4166666666666667
2271600,0.17105263157894737,1.0,0.5769230769230769,0.23333333333333334,0.5277777777777778
2271900,0.14473684210526316,1.0,0.6153846153846154,0.3,0.5277777777777778
2272200,0.14473684210526316,1.0,0.5961538461538461,0.36666666666666664,0.5277777777777778
2272500,0.15789473684210525,1.0,0.5769230769230769,0.36666666666666664,0.5555555555555556
2272800,0.18421052631578946,1.0,0.5769230769230769,0.4,0.5833333333333334
2273100,0.17105263157894737,1.0,0.5769230769230769,0.4,0.5833333333333334
2273400,0.15789473684210525,1.0,0.5961538461538461,0.36666666666666664,0.5555555555555556
2273700,0.19736842105263158,0.95,0.6346153846153846,0.3333333333333333,0.5833333333333334
2274000,0.19736842105263158,0.9,0.6346153846153846,0.3333333333333333,0.5833333333333334
2274300,0.21052631578947367,0.9,0.6538461538461539,0.3333333333333333,0.5555555555555556
2274600,0.2236842105263158,0.9,0.6153846153846154,0.3333333333333333,0.5555555555555556
2274900,0.2631578947368421,0.9,0.6153846153846154,0.3,0.6388888888888888
2275200,0.32894736842105265,0.95,0.6153846153846154,0.3,0.6944444444444444
2275500,0.3157894736842105,0.95,0.6346153846153846,0.36666666666666664,0.6944444444444444
2275800,0.35526315789473684,0.95,0.6153846153846154,0.36666666666666664,0.8055555555555556
2276100,0.35526315789473684,0.95,0.6730769230769231,0.43333333333333335,0.8055555555555556
2276400,0.35526315789473684,0.95,0.6923076923076923,0.43333333333333335,0.8055555555555556
2276700,0.32894736842105265,0.95,0.6923076923076923,0.43333333333333335,0.7777777777777778
2277000,0.32894736842105265,0.95,0.6923076923076923,0.43333333333333335,0.8333333333333334
2277300,0.34210526315789475,0.95,0.7307692307692307,0.43333333333333335,0.8611111111111112
2277600,0.32894736842105265,0.95,0.7307692307692307,0.5,0.8611111111111112
2277900,0.34210526315789475,0.95,0.7307692307692307,0.5,0.8333333333333334
2278200,0.34210526315789475,0.95,0.6346153846153846,0.5333333333333333,0.8333333333333334
2278500,0.3684210526315789,0.95,0.6346153846153846,0.5333333333333333,0.8333333333333334
2278800,0.3684210526315789,0.95,0.6538461538461539,0.5333333333333333,0.8611111111111112
2279100,0.40789473684210525,0.9,0.6730769230769231,0.5333333333333333,0.8611111111111112
2279400,0.4342105263157895,0.9,0.7115384615384616,0.5666666666666667,0.8611111111111112
2279700,0.42105263157894735,0.9,0.7307692307692307,0.5666666666666667,0.8611111111111112
2280000,0.42105263157894735,0.95,0.6730769230769231,0.5666666666666667,0.8888888888888888
2280300,0.4342105263157895,0.95,0.6730769230769231,0.5666666666666667,0.8611111111111112
2280600,0.4473684210526316,0.9,0.6730769230769231,0.5666666666666667,0.8333333333333334
2280900,0.4605263157894737,0.85,0.6346153846153846,0.6,0.8333333333333334
2281200,0.4605263157894737,0.85,0.6538461538461539,0.6,0.8611111111111112
2281500,0.4868421052631579,0.85,0.6538461538461539,0.5666666666666667,0.8333333333333334
2281800,0.5263157894736842,0.85,0.6538461538461539,0.5333333333333333,0.8333333333333334
2282100,0.5131578947368421,0.8,0.6346153846153846,0.5333333333333333,0.8333333333333334
2282400,0.5131578947368421,0.75,0.6730769230769231,0.5333333333333333,0.8333333333333334
2282700,0.5263157894736842,0.65,0.7307692307692307,0.5,0.8611111111111112
2283000,0.0,0.0,0.75,0.5,0.8888888888888888
2283300,0.5263157894736842,0.65,0.7692307692307693,0.5333333333333333,0.9166666666666666
2283600,0.5263157894736842,0.65,0.7692307692307693,0.5333333333333333,0.8888888888888888
2283900,0.5526315789473685,0.55,0.7692307692307693,0.5333333333333333,0.9444444444444444
2284200,0.5263157894736842,0.6,0.7884615384615384,0.5333333333333333,0.9444444444444444
2284500,0.5,0.6,0.8076923076923077,0.5333333333333333,0.9444444444444444
2284800,0.5,0.6,0.8076923076923077,0.5333333333333333,0.9444444444444444
2285100,0.5394736842105263,0.6,0.8076923076923077,0.5333333333333333,0.9444444444444444
2285400,0.5394736842105263,0.6,0.8269230769230769,0.5333333333333333,0.9444444444444444
2285700,0.5131578947368421,0.7,0.8076923076923077,0.5666666666666667,0.9444444444444444
2286000,0.5526315789473685,0.75,0.8269230769230769,0.6333333333333333,0.9444444444444444
2286300,0.5526315789473685,0.7,0.8461538461538461,0.6333333333333333,0.9444444444444444
2286600,0.5657894736842105,0.7,0.8846153846153846,0.6333333333333333,0.9444444444444444
2286900,0.5394736842105263,0.75,0.8846153846153846,0.6333333333333333,0.9166666666666666
2287200,0.5131578947368421,0.8,0.8653846153846154,0.6666666666666666,0.9166666666666666
2287500,0.5394736842105263,0.75,0.8653846153846154,0.6666666666666666,0.9166666666666666
2287800,0.5526315789473685,0.8,0.8653846153846154,0.6666666666666666,0.9444444444444444
2288100,0.5921052631578947,0.75,0.8461538461538461,0.6666666666666666,0.9166666666666666
2288400,0.5657894736842105,0.75,0.9038461538461539,0.6666666666666666,0.9166666666666666
2288700,0.5131578947368421,0.75,0.9038461538461539,0.6666666666666666,0.9166666666666666
2289000,0.5263157894736842,0.75,0.9038461538461539,0.6333333333333333,0.9166666666666666
2289300,0.5526315789473685,0.75,0.9038461538461539,0.6666666666666666,0.9166666666666666
2289600,0.5526315789473685,0.7,0.9230769230769231,0.6666666666666666,0.9166666666666666
2289900,0.4605263157894737,0.65,0.9038461538461539,0.6666666666666666,0.8611111111111112
2290200,0.5,0.65,0.8846153846153846,0.6666666666666666,0.8611111111111112
2290500,0.4605263157894737,0.65,0.8269230769230769,0.6666666666666666,0.8611111111111112
2290800,0.47368421052631576,0.65,0.8076923076923077,0.6666666666666666,0.8611111111111112
2291100,0.39473684210526316,0.65,0.8076923076923077,0.6666666666666666,0.8611111111111112
2291400,0.42105263157894735,0.7,0.7884615384615384,0.6666666666666666,0.8611111111111112
2291700,0.3684210526315789,0.65,0.6730769230769231,0.6666666666666666,0.8333333333333334
2292000,0.39473684210526316,0.65,0.6923076923076923,0.6666666666666666,0.8333333333333334
2292300,0.35526315789473684,0.8,0.6923076923076923,0.6666666666666666,0.8333333333333334
2292600,0.35526315789473684,0.8,0.7115384615384616,0.7,0.8333333333333334
2292900,0.35526315789473684,0.85,0.7115384615384616,0.6666666666666666,0.8333333333333334
2293200,0.3815789473684211,0.85,0.7884615384615384,0.6333333333333333,0.8333333333333334
2293500,0.35526315789473684,0.85,0.8076923076923077,0.6333333333333333,0.8333333333333334
2293800,0.3684210526315789,0.85,0.75,0.6333333333333333,0.8055555555555556
2294100,0.35526315789473684,0.85,0.7692307692307693,0.6,0.8333333333333334
2294400,0.40789473684210525,0.85,0.75,0.6,0.75
2294700,0.39473684210526316,0.85,0.7692307692307693,0.6,0.75
2295000,0.4342105263157895,0.9,0.7692307692307693,0.6,0.7222222222222222
2295300,0.47368421052631576,0.9,0.7307692307692307,0.6333333333333333,0.7222222222222222
2295600,0.4868421052631579,0.9,0.7692307692307693,0.6333333333333333,0.7222222222222222
2295900,0.4868421052631579,0.9,0.7692307692307693,0.6,0.6666666666666666
2296200,0.5263157894736842,0.9,0.8269230769230769,0.6666666666666666,0.6388888888888888
2296500,0.5394736842105263,0.9,0.8269230769230769,0.6666666666666666,0.6666666666666666
2296800,0.5657894736842105,0.85,0.8461538461538461,0.6666666666666666,0.6944444444444444
2297100,0.5526315789473685,0.85,0.9038461538461539,0.6666666666666666,0.6944444444444444
2297400,0.0,0.8,0.9230769230769231,0.6666666666666666,0.75
2297700,0.5526315789473685,0.8,0.9038461538461539,0.6666666666666666,0.7777777777777778
2298000,0.5789473684210527,0.85,0.9423076923076923,0.7,0.75
2298300,0.618421052631579,0.8,0.9423076923076923,0.7,0.7777777777777778
2298600,0.618421052631579,0.8,0.9038461538461539,0.6666666666666666,0.8333333333333334
2298900,0.6447368421052632,0.8,0.9038461538461539,0.6666666666666666,0.8333333333333334
2299200,0.6447368421052632,0.8,0.9038461538461539,0.6666666666666666,0.8333333333333334
2299500,0.6447368421052632,0.8,0.9230769230769231,0.6666666666666666,0.8055555555555556
2299800,0.6447368421052632,0.8,0.9230769230769231,0.6666666666666666,0.8055555555555556
2300100,0.6447368421052632,0.8,0.9230769230769231,0.6666666666666666,0.8055555555555556
2300400,0.6710526315789473,0.75,0.8846153846153846,0.7,0.8888888888888888
2300700,0.6710526315789473,0.75,0.8653846153846154,0.7333333333333333,0.9166666666666666
2301000,0.7236842105263158,0.75,0.8461538461538461,0.7333333333333333,0.9166666666666666
2301300,0.7236842105263158,0.75,0.8461538461538461,0.7666666666666667,0.9166666666666666
2301600,0.7236842105263158,0.7,0.8461538461538461,0.7,0.9166666666666666
2301900,0.7105263157894737,0.7,0.8269230769230769,0.7,0.9166666666666666
2302200,0.6842105263157895,0.7,0.8269230769230769,0.7,0.9166666666666666
2302500,0.7105263157894737,0.75,0.8076923076923077,0.7333333333333333,0.9166666666666666
2302800,0.6578947368421053,0.8,0.8461538461538461,0.7333333333333333,0.9166666666666666
2303100,0.6842105263157895,0.75,0.8076923076923077,0.7333333333333333,0.9166666666666666
2303400,0.6973684210526315,0.7,0.7884615384615384,0.7333333333333333,0.9166666666666666
2303700,0.7763157894736842,0.75,0.7884615384615384,0.8,0.8888888888888888
2304000,0.7368421052631579,0.75,0.8269230769230769,0.8,0.8888888888888888
2304300,0.7368421052631579,0.7,0.8076923076923077,0.8333333333333334,0.8888888888888888
2304600,0.7368421052631579,0.7,0.8076923076923077,0.8333333333333334,0.8888888888888888
2304900,0.7105263157894737,0.7,0.8076923076923077,0.8333333333333334,0.8888888888888888
2305200,0.631578947368421,0.7,0.8076923076923077,0.8333333333333334,0.9166666666666666
2305500,0.6447368421052632,0.65,0.7692307692307693,0.8333333333333334,0.9166666666666666
2305800,0.6447368421052632,0.65,0.7692307692307693,0.8,0.9166666666666666
2306100,0.7105263157894737,0.8,0.7115384615384616,0.8333333333333334,0.9166666666666666
2306400,0.6842105263157895,0.8,0.6730769230769231,0.8333333333333334,0.9166666666666666
2306700,0.631578947368421,0.8,0.6923076923076923,0.8333333333333334,0.9166666666666666
2307000,0.6578947368421053,0.85,0.7307692307692307,0.8333333333333334,0.9166666666666666
2307300,0.6447368421052632,0.9,0.7115384615384616,0.8333333333333334,0.9166666666666666
2307600,0.631578947368421,0.95,0.7307692307692307,0.8666666666666667,0.9166666666666666
2307900,0.618421052631579,0.9,0.7884615384615384,0.8333333333333334,0.9166666666666666
2308200,0.6578947368421053,0.9,0.8461538461538461,0.8333333333333334,0.9722222222222222
2308500,0.6578947368421053,0.95,0.8461538461538461,0.8333333333333334,0.9722222222222222
2308800,0.6710526315789473,0.95,0.8269230769230769,0.8333333333333334,0.9722222222222222
2309100,0.631578947368421,0.95,0.7884615384615384,0.8333333333333334,0.9722222222222222
2309400,0.6447368421052632,0.95,0.8461538461538461,0.8666666666666667,0.9722222222222222
2309700,0.631578947368421,0.95,0.8269230769230769,0.8666666666666667,0.9444444444444444
2310000,0.6578947368421053,0.9,0.8269230769230769,0.8666666666666667,0.9166666666666666
2310300,0.6578947368421053,0.9,0.8269230769230769,0.8666666666666667,0.9166666666666666
2310600,0.631578947368421,0.95,0.9038461538461539,0.8666666666666667,0.9166666666666666
2310900,0.6578947368421053,0.95,0.9230769230769231,0.8666666666666667,0.9166666666666666
2311200,0.6842105263157895,0.95,0.9038461538461539,0.8666666666666667,0.8611111111111112
2311500,0.6710526315789473,0.95,0.9230769230769231,0.8666666666666667,0.8888888888888888
2311800,0.0,0.75,0.9230769230769231,0.8,0.8611111111111112
2312100,0.6447368421052632,0.75,0.9230769230769231,0.8,0.8888888888888888
2312400,0.618421052631579,0.75,0.9615384615384616,0.8333333333333334,0.9166666666666666
2312700,0.618421052631579,0.75,0.9423076923076923,0.8333333333333334,0.8888888888888888
2313000,0.6710526315789473,0.75,0.9423076923076923,0.8666666666666667,0.8611111111111112
2313300,0.6447368421052632,0.75,0.9423076923076923,0.8666666666666667,0.8888888888888888
2313600,0.631578947368421,0.75,0.9423076923076923,0.8666666666666667,0.9166666666666666
2313900,0.631578947368421,0.7,0.9615384615384616,0.8666666666666667,0.8888888888888888
2314200,0.631578947368421,0.75,0.9038461538461539,0.8666666666666667,0.8888888888888888
2314500,0.631578947368421,0.75,0.9038461538461539,0.8333333333333334,0.8888888888888888
2314800,0.618421052631579,0.75,0.8846153846153846,0.8333333333333334,0.8888888888888888
2315100,0.5921052631578947,0.65,0.8653846153846154,0.8333333333333334,0.8888888888888888
2315400,0.6052631578947368,0.55,0.8846153846153846,0.8666666666666667,0.8888888888888888
2315700,0.6052631578947368,0.5,0.9038461538461539,0.8,0.9166666666666666
2316000,0.631578947368421,0.4,0.9038461538461539,0.8,0.9166666666666666
2316300,0.5657894736842105,0.4,0.8653846153846154,0.8,0.9166666666666666
2316600,0.5789473684210527,0.4,0.8846153846153846,0.8,0.9166666666666666
2316900,0.5921052631578947,0.4,0.8846153846153846,0.7333333333333333,0.9166666666666666
2317200,0.6052631578947368,0.45,0.8846153846153846,0.7333333333333333,0.9444444444444444
2317500,0.5789473684210527,0.5,0.8461538461538461,0.7333333333333333,0.9444444444444444
2317800,0.5789473684210527,0.6,0.8269230769230769,0.6666666666666666,0.9444444444444444
2318100,0.6052631578947368,0.7,0.8269230769230769,0.6333333333333333,0.9444444444444444
2318400,0.5526315789473685,0.7,0.8461538461538461,0.6333333333333333,0.9444444444444444
2318700,0.6052631578947368,0.7,0.8461538461538461,0.6333333333333333,0.9444444444444444
2319000,0.5789473684210527,0.7,0.8461538461538461,0.6333333333333333,0.9166666666666666
2319300,0.5921052631578947,0.85,0.8461538461538461,0.6333333333333333,0.9166666666666666
2319600,0.5657894736842105,0.9,0.8846153846153846,0.6333333333333333,0.8611111111111112
2319900,0.5394736842105263,0.95,0.8461538461538461,0.6666666666666666,0.8333333333333334
2320200,0.5263157894736842,0.95,0.8653846153846154,0.6333333333333333,0.8055555555555556
2320500,0.5131578947368421,1.0,0.8461538461538461,0.6333333333333333,0.7777777777777778
2320800,0.5131578947368421,0.95,0.8653846153846154,0.6666666666666666,0.7777777777777778
2321100,0.5394736842105263,0.9,0.8653846153846154,0.7,0.7777777777777778
2321400,0.5394736842105263,0.9,0.8653846153846154,0.7666666666666667,0.7777777777777778
2321700,0.5394736842105263,0.9,0.8846153846153846,0.7333333333333333,0.7222222222222222
2322000,0.5526315789473685,0.9,0.8076923076923077,0.7666666666666667,0.75
2322300,0.5526315789473685,0.9,0.8269230769230769,0.7333333333333333,0.75
2322600,0.5,0.9,0.8076923076923077,0.7,0.75
2322900,0.47368421052631576,0.95,0.8461538461538461,0.7,0.7222222222222222
2323200,0.5263157894736842,0.95,0.8461538461538461,0.7,0.6388888888888888
2323500,0.47368421052631576,0.95,0.8461538461538461,0.6666666666666666,0.6666666666666666
2323800,0.4868421052631579,0.95,0.8076923076923077,0.6666666666666666,0.6944444444444444
2324100,0.5131578947368421,0.95,0.8461538461538461,0.7,0.7222222222222222
2324400,0.5263157894736842,0.9,0.8461538461538461,0.7,0.75
2324700,0.47368421052631576,0.9,0.8461538461538461,0.7,0.7777777777777778
2325000,0.5,0.9,0.8653846153846154,0.7333333333333333,0.8333333333333334
2325300,0.47368421052631576,0.9,0.9038461538461539,0.7666666666666667,0.8055555555555556
2325600,0.4473684210526316,0.9,0.9230769230769231,0.7333333333333333,0.75
2325900,0.4342105263157895,0.9,0.9038461538461539,0.7333333333333333,0.75
2326200,0.42105263157894735,0.95,0.9038461538461539,0.7666666666666667,0.7222222222222222
2326500,0.42105263157894735,0.85,0.9038461538461539,0.7333333333333333,0.7222222222222222
2326800,0.40789473684210525,0.85,0.8846153846153846,0.7333333333333333,0.7222222222222222
2327100,0.39473684210526316,0.85,0.9038461538461539,0.7,0.6666666666666666
2327400,0.3684210526315789,0.85,0.9038461538461539,0.7,0.6388888888888888
2327700,0.39473684210526316,0.85,0.9230769230769231,0.7,0.6388888888888888
2328000,0.39473684210526316,0.9,0.9038461538461539,0.6666666666666666,0.6388888888888888
2328300,0.3684210526315789,0.9,0.8653846153846154,0.6666666666666666,0.6944444444444444
2328600,0.27631578947368424,0.85,0.8846153846153846,0.7,0.6666666666666666
2328900,0.3026315789473684,0.8,0.9038461538461539,0.6666666666666666,0.6666666666666666
2329200,0.32894736842105265,0.8,0.9038461538461539,0.6666666666666666,0.6666666666666666
2329500,0.3026315789473684,0.85,0.9230769230769231,0.6666666666666666,0.6944444444444444
2329800,0.3026315789473684,0.85,0.9230769230769231,0.6666666666666666,0.7222222222222222
2330100,0.2631578947368421,0.85,0.9038461538461539,0.7,0.6944444444444444
2330400,0.3026315789473684,0.85,0.8846153846153846,0.7,0.6944444444444444
2330700,0.27631578947368424,0.85,0.8461538461538461,0.7,0.6666666666666666
2331000,0.25,0.85,0.8653846153846154,0.6666666666666666,0.6666666666666666
2331300,0.25,0.85,0.8653846153846154,0.6666666666666666,0.6388888888888888
2331600,0.25,0.85,0.8846153846153846,0.6,0.6388888888888888
2331900,0.25,0.9,0.8846153846153846,0.6,0.6388888888888888
2332200,0.2236842105263158,0.9,0.8846153846153846,0.5333333333333333,0.5833333333333334
2332500,0.18421052631578946,0.95,0.8653846153846154,0.5,0.5555555555555556
2332800,0.21052631578947367,0.95,0.8461538461538461,0.43333333333333335,0.5555555555555556
2333100,0.19736842105263158,0.95,0.8461538461538461,0.4,0.5
2333400,0.17105263157894737,0.95,0.8461538461538461,0.4,0.3888888888888889
2333700,0.11842105263157894,0.95,0.8269230769230769,0.4666666666666667,0.4166666666666667
2334000,0.15789473684210525,0.95,0.8653846153846154,0.3333333333333333,0.4444444444444444
2334300,0.10526315789473684,0.95,0.8461538461538461,0.3333333333333333,0.3333333333333333
2334600,0.11842105263157894,0.95,0.8269230769230769,0.3333333333333333,0.3333333333333333
2334900,0.11842105263157894,0.95,0.8269230769230769,0.3,0.2777777777777778
2335200,0.14473684210526316,0.95,0.8461538461538461,0.23333333333333334,0.25
2335500,0.14473684210526316,0.95,0.8269230769230769,0.26666666666666666,0.19444444444444445
2335800,0.10526315789473684,0.95,0.8461538461538461,0.23333333333333334,0.16666666666666666
2336100,0.10526315789473684,0.95,0.8461538461538461,0.26666666666666666,0.16666666666666666
2336400,0.07894736842105263,0.95,0.8653846153846154,0.23333333333333334,0.19444444444444445
2336700,0.13157894736842105,0.9,0.8653846153846154,0.23333333333333334,0.16666666666666666
2337000,0.11842105263157894,0.95,0.8846153846153846,0.3,0.16666666666666666
2337300,0.14473684210526316,0.95,0.8653846153846154,0.3,0.2222222222222222
2337600,0.13157894736842105,0.95,0.8653846153846154,0.3333333333333333,0.25
2337900,0.14473684210526316,0.95,0.8846153846153846,0.36666666666666664,0.2777777777777778
2338200,0.18421052631578946,0.95,0.8846153846153846,0.4,0.3055555555555556
2338500,0.2236842105263158,0.95,0.9038461538461539,0.4,0.3055555555555556
2338800,0.23684210526315788,0.95,0.9230769230769231,0.4,0.3888888888888889
2339100,0.25,0.95,0.8846153846153846,0.36666666666666664,0.4722222222222222
2339400,0.21052631578947367,0.95,0.8846153846153846,0.36666666666666664,0.5555555555555556
2339700,0.21052631578947367,0.95,0.8461538461538461,0.36666666666666664,0.5
2340000,0.17105263157894737,0.95,0.8461538461538461,0.36666666666666664,0.5277777777777778
2340300,0.17105263157894737,0.95,0.8461538461538461,0.36666666666666664,0.4722222222222222
2340600,0.15789473684210525,0.95,0.7884615384615384,0.36666666666666664,0.4166666666666667
2340900,0.14473684210526316,0.95,0.7884615384615384,0.4666666666666667,0.3888888888888889
2341200,0.17105263157894737,0.95,0.7884615384615384,0.5,0.4166666666666667
2341500,0.18421052631578946,0.95,0.7884615384615384,0.4666666666666667,0.4166666666666667
2341800,0.17105263157894737,0.95,0.7692307692307693,0.4666666666666667,0.4166666666666667
2342100,0.21052631578947367,0.95,0.7692307692307693,0.4666666666666667,0.4444444444444444
2342400,0.19736842105263158,0.95,0.75,0.4666666666666667,0.3611111111111111
2342700,0.18421052631578946,0.95,0.75,0.4666666666666667,0.4166666666666667
2343000,0.17105263157894737,0.95,0.75,0.43333333333333335,0.5
2343300,0.19736842105263158,0.95,0.7692307692307693,0.4,0.4722222222222222
2343600,0.18421052631578946,0.95,0.8076923076923077,0.4,0.5
2343900,0.18421052631578946,0.95,0.7884615384615384,0.43333333333333335,0.4722222222222222
2344200,0.21052631578947367,0.95,0.7884615384615384,0.43333333333333335,0.4444444444444444
2344500,0.19736842105263158,0.95,0.8461538461538461,0.4,0.4166666666666667
2344800,0.2236842105263158,0.95,0.8461538461538461,0.43333333333333335,0.4166666666666667
2345100,0.18421052631578946,0.95,0.8461538461538461,0.43333333333333335,0.4444444444444444
2345400,0.19736842105263158,0.95,0.8461538461538461,0.4666666666666667,0.4166666666666667
2345700,0.17105263157894737,0.95,0.8461538461538461,0.4666666666666667,0.3888888888888889
2346000,0.17105263157894737,0.95,0.8653846153846154,0.4666666666666667,0.3333333333333333
2346300,0.19736842105263158,0.95,0.8653846153846154,0.5,0.3055555555555556
2346600,0.18421052631578946,0.95,0.8653846153846154,0.5,0.3333333333333333
2346900,0.15789473684210525,0.95,0.8653846153846154,0.5,0.2777777777777778
2347200,0.18421052631578946,0.95,0.8846153846153846,0.4666666666666667,0.3333333333333333
2347500,0.17105263157894737,0.95,0.8653846153846154,0.4666666666666667,0.3055555555555556
2347800,0.0,0.0,0.8653846153846154,0.43333333333333335,0.3333333333333333
2348100,0.19736842105263158,0.95,0.8653846153846154,0.43333333333333335,0.3888888888888889
2348400,0.21052631578947367,0.95,0.8653846153846154,0.43333333333333335,0.3333333333333333
2348700,0.21052631578947367,0.95,0.8461538461538461,0.43333333333333335,0.3333333333333333
2349000,0.21052631578947367,0.95,0.8076923076923077,0.43333333333333335,0.2777777777777778
2349300,0.19736842105263158,0.95,0.7884615384615384,0.43333333333333335,0.3055555555555556
2349600,0.19736842105263158,0.95,0.7884615384615384,0.43333333333333335,0.3333333333333333
2349900,0.19736842105263158,0.95,0.8076923076923077,0.4,0.3611111111111111
2350200,0.21052631578947367,0.95,0.8076923076923077,0.4,0.4166666666666667
2350500,0.19736842105263158,0.95,0.7884615384615384,0.4,0.3888888888888889
2350800,0.21052631578947367,0.95,0.7884615384615384,0.43333333333333335,0.3611111111111111
2351100,0.18421052631578946,1.0,0.7884615384615384,0.43333333333333335,0.3333333333333333
2351400,0.21052631578947367,1.0,0.8076923076923077,0.43333333333333335,0.3333333333333333
2351700,0.21052631578947367,1.0,0.8076923076923077,0.43333333333333335,0.3333333333333333
2352000,0.21052631578947367,1.0,0.8076923076923077,0.4,0.4444444444444444
2352300,0.23684210526315788,1.0,0.7692307692307693,0.4,0.4444444444444444
2352600,0.2236842105263158,1.0,0.7692307692307693,0.4,0.3888888888888889
2352900,0.23684210526315788,1.0,0.7692307692307693,0.36666666666666664,0.3888888888888889
2353200,0.25,1.0,0.7692307692307693,0.4,0.3888888888888889
2353500,0.23684210526315788,1.0,0.7307692307692307,0.3333333333333333,0.3888888888888889
2353800,0.23684210526315788,1.0,0.7115384615384616,0.3333333333333333,0.4444444444444444
2354100,0.23684210526315788,1.0,0.7307692307692307,0.3333333333333333,0.4166666666666667
2354400,0.21052631578947367,1.0,0.6923076923076923,0.3333333333333333,0.4444444444444444
2354700,0.23684210526315788,1.0,0.7115384615384616,0.3333333333333333,0.4722222222222222
2355000,0.23684210526315788,1.0,0.6923076923076923,0.3333333333333333,0.4444444444444444
2355300,0.23684210526315788,1.0,0.6923076923076923,0.3333333333333333,0.4166666666666667
2355600,0.2631578947368421,1.0,0.6538461538461539,0.3,0.3611111111111111
2355900,0.2631578947368421,1.0,0.6538461538461539,0.3,0.3055555555555556
2356200,0.2894736842105263,1.0,0.6538461538461539,0.3,0.25
2356500,0.27631578947368424,1.0,0.5769230769230769,0.3333333333333333,0.25
2356800,0.2894736842105263,1.0,0.5769230769230769,0.3333333333333333,0.25
2357100,0.25,1.0,0.5961538461538461,0.26666666666666666,0.3055555555555556
2357400,0.23684210526315788,0.95,0.5961538461538461,0.26666666666666666,0.3611111111111111
2357700,0.2236842105263158,0.95,0.5961538461538461,0.26666666666666666,0.3611111111111111
2358000,0.19736842105263158,0.95,0.5192307692307693,0.3,0.4166666666666667
2358300,0.15789473684210525,0.95,0.5769230769230769,0.26666666666666666,0.4166666666666667
2358600,0.17105263157894737,0.95,0.5576923076923077,0.26666666666666666,0.4166666666666667
2358900,0.14473684210526316,0.95,0.5769230769230769,0.3333333333333333,0.3888888888888889
2359200,0.2236842105263158,0.95,0.6153846153846154,0.26666666666666666,0.3333333333333333
2359500,0.25,0.95,0.6153846153846154,0.3333333333333333,0.3333333333333333
2359800,0.2631578947368421,0.95,0.6153846153846154,0.3333333333333333,0.4166666666666667
2360100,0.2631578947368421,0.95,0.5961538461538461,0.36666666666666664,0.4166666666666667
2360400,0.27631578947368424,0.95,0.5769230769230769,0.4,0.4722222222222222
2360700,0.2631578947368421,1.0,0.5769230769230769,0.4,0.5
2361000,0.2894736842105263,1.0,0.5769230769230769,0.43333333333333335,0.5833333333333334
2361300,0.3157894736842105,1.0,0.5769230769230769,0.4666666666666667,0.5555555555555556
2361600,0.3026315789473684,1.0,0.5576923076923077,0.5,0.5555555555555556
2361900,0.2894736842105263,1.0,0.5384615384615384,0.5,0.6111111111111112
2362200,0.3026315789473684,1.0,0.5384615384615384,0.5333333333333333,0.6388888888888888
2362500,0.3026315789473684,1.0,0.5961538461538461,0.5333333333333333,0.6944444444444444
2362800,0.3157894736842105,1.0,0.5769230769230769,0.5333333333333333,0.6944444444444444
2363100,0.34210526315789475,1.0,0.5961538461538461,0.5333333333333333,0.7222222222222222
2363400,0.35526315789473684,1.0,0.5961538461538461,0.5333333333333333,0.75
2363700,0.34210526315789475,0.95,0.5961538461538461,0.5333333333333333,0.7777777777777778
2364000,0.35526315789473684,0.95,0.6153846153846154,0.5333333333333333,0.8333333333333334
2364300,0.40789473684210525,0.95,0.6153846153846154,0.5333333333333333,0.8888888888888888
2364600,0.39473684210526316,0.95,0.6346153846153846,0.5333333333333333,0.9166666666666666
2364900,0.40789473684210525,0.95,0.6923076923076923,0.5,0.9444444444444444
2365200,0.39473684210526316,1.0,0.6923076923076923,0.5,0.9166666666666666
2365500,0.39473684210526316,1.0,0.75,0.43333333333333335,0.9444444444444444
2365800,0.40789473684210525,1.0,0.7692307692307693,0.43333333333333335,0.9444444444444444
2366100,0.3815789473684211,1.0,0.7692307692307693,0.4666666666666667,0.9444444444444444
2366400,0.3684210526315789,1.0,0.75,0.43333333333333335,0.9444444444444444
2366700,0.35526315789473684,1.0,0.7115384615384616,0.4666666666666667,0.9444444444444444
2367000,0.3684210526315789,1.0,0.7115384615384616,0.4666666666666667,0.9444444444444444
2367300,0.34210526315789475,0.95,0.6538461538461539,0.5,0.9722222222222222
2367600,0.34210526315789475,0.95,0.6538461538461539,0.5,0.9722222222222222
2367900,0.34210526315789475,0.95,0.6730769230769231,0.5333333333333333,0.9722222222222222
2368200,0.34210526315789475,0.85,0.6538461538461539,0.5666666666666667,1.0
2368500,0.39473684210526316,0.85,0.6730769230769231,0.5666666666666667,1.0
2368800,0.39473684210526316,0.85,0.6730769230769231,0.5666666666666667,0.9722222222222222
2369100,0.40789473684210525,0.95,0.7307692307692307,0.5666666666666667,0.9722222222222222
2369400,0.0,0.0,0.7884615384615384,0.5666666666666667,0.9444444444444444
2369700,0.42105263157894735,0.9,0.8076923076923077,0.6,0.9444444444444444
2370000,0.42105263157894735,0.8,0.8076923076923077,0.6333333333333333,0.9166666666666666
2370300,0.40789473684210525,0.8,0.8269230769230769,0.6333333333333333,0.8888888888888888
2370600,0.39473684210526316,0.8,0.8269230769230769,0.6,0.8888888888888888
2370900,0.39473684210526316,0.8,0.8076923076923077,0.6,0.8888888888888888
2371200,0.3815789473684211,0.7,0.8461538461538461,0.6,0.8888888888888888
2371500,0.39473684210526316,0.65,0.8461538461538461,0.6,0.8888888888888888
2371800,0.42105263157894735,0.65,0.8461538461538461,0.6,0.9166666666666666
2372100,0.4342105263157895,0.75,0.8269230769230769,0.6666666666666666,0.9166666666666666
2372400,0.4342105263157895,0.75,0.8461538461538461,0.7,0.9444444444444444
2372700,0.4342105263157895,0.75,0.8461538461538461,0.6666666666666666,0.9722222222222222
2373000,0.4473684210526316,0.75,0.9038461538461539,0.6666666666666666,0.9722222222222222
2373300,0.4605263157894737,0.75,0.9230769230769231,0.6666666666666666,0.9722222222222222
2373600,0.4605263157894737,0.8,0.9230769230769231,0.6666666666666666,0.9722222222222222
2373900,0.4473684210526316,0.9,0.9230769230769231,0.6666666666666666,0.9444444444444444
2374200,0.4605263157894737,0.85,0.9230769230769231,0.6666666666666666,0.9444444444444444
2374500,0.4473684210526316,0.85,0.8846153846153846,0.6666666666666666,0.9444444444444444
2374800,0.4605263157894737,0.9,0.8846153846153846,0.6666666666666666,1.0
2375100,0.4605263157894737,0.85,0.8846153846153846,0.6666666666666666,1.0
2375400,0.4605263157894737,0.85,0.8846153846153846,0.6666666666666666,0.9722222222222222
2375700,0.4868421052631579,0.85,0.8846153846153846,0.6333333333333333,0.9722222222222222
2376000,0.4868421052631579,0.85,0.8846153846153846,0.6333333333333333,0.9444444444444444
2376300,0.5,0.9,0.8653846153846154,0.6333333333333333,0.9444444444444444
2376600,0.0,0.85,0.8269230769230769,0.6333333333333333,0.8888888888888888
2376900,0.47368421052631576,0.85,0.8076923076923077,0.6333333333333333,0.8888888888888888
2377200,0.4473684210526316,0.85,0.7884615384615384,0.6333333333333333,0.8888888888888888
2377500,0.4342105263157895,0.85,0.7307692307692307,0.6333333333333333,0.9166666666666666
2377800,0.4342105263157895,0.8,0.75,0.6,0.8611111111111112
2378100,0.4605263157894737,0.8,0.7115384615384616,0.5666666666666667,0.8611111111111112
2378400,0.4868421052631579,0.8,0.7307692307692307,0.6,0.8888888888888888
2378700,0.4605263157894737,0.8,0.75,0.6,0.8611111111111112
2379000,0.47368421052631576,0.75,0.6923076923076923,0.6,0.8055555555555556
2379300,0.4868421052631579,0.8,0.75,0.6333333333333333,0.8055555555555556
2379600,0.5,0.75,0.6730769230769231,0.6333333333333333,0.8055555555555556
2379900,0.5263157894736842,0.75,0.6923076923076923,0.6,0.7777777777777778
2380200,0.5394736842105263,0.75,0.7115384615384616,0.5666666666666667,0.7777777777777778
2380500,0.5131578947368421,0.7,0.7115384615384616,0.5666666666666667,0.7222222222222222
2380800,0.5394736842105263,0.7,0.6538461538461539,0.6,0.7222222222222222
2381100,0.5,0.75,0.6923076923076923,0.6,0.75
2381400,0.5394736842105263,0.75,0.6923076923076923,0.6333333333333333,0.8055555555555556
2381700,0.5131578947368421,0.85,0.75,0.6333333333333333,0.7777777777777778
2382000,0.5263157894736842,0.8,0.7307692307692307,0.6333333333333333,0.75
2382300,0.5657894736842105,0.8,0.7307692307692307,0.6666666666666666,0.7777777777777778
2382600,0.6052631578947368,0.8,0.75,0.6666666666666666,0.7777777777777778
2382900,0.5921052631578947,0.75,0.75,0.6333333333333333,0.8055555555555556
2383200,0.5921052631578947,0.75,0.7692307692307693,0.6666666666666666,0.8611111111111112
2383500,0.6447368421052632,0.9,0.8846153846153846,0.7,0.9166666666666666
2383800,0.6578947368421053,0.85,0.9230769230769231,0.7,0.9166666666666666
2384100,0.6578947368421053,0.85,0.9230769230769231,0.7,0.9166666666666666
2384400,0.6578947368421053,0.8,0.9230769230769231,0.7333333333333333,0.9166666666666666
2384700,0.6447368421052632,0.75,0.9038461538461539,0.7333333333333333,0.9166666666666666
2385000,0.631578947368421,0.8,0.8846153846153846,0.7333333333333333,0.9444444444444444
2385300,0.618421052631579,0.8,0.8846153846153846,0.7333333333333333,0.9444444444444444
2385600,0.6447368421052632,0.8,0.8846153846153846,0.7333333333333333,0.9166666666666666
2385900,0.6447368421052632,0.8,0.8653846153846154,0.7333333333333333,0.9166666666666666
2386200,0.6578947368421053,0.8,0.8653846153846154,0.7666666666666667,0.9166666666666666
2386500,0.6578947368421053,0.8,0.8846153846153846,0.7666666666666667,0.9444444444444444
2386800,0.6447368421052632,0.7,0.8846153846153846,0.7666666666666667,0.9166666666666666
2387100,0.6447368421052632,0.7,0.9230769230769231,0.7666666666666667,0.9166666666666666
2387400,0.618421052631579,0.6,0.9230769230769231,0.7666666666666667,0.9166666666666666
2387700,0.618421052631579,0.65,0.9230769230769231,0.7666666666666667,0.9166666666666666
2388000,0.618421052631579,0.7,0.9230769230769231,0.8,0.8888888888888888
2388300,0.5921052631578947,0.75,0.8846153846153846,0.8666666666666667,0.9166666666666666
2388600,0.6447368421052632,0.8,0.8653846153846154,0.8666666666666667,0.9166666666666666
2388900,0.6447368421052632,0.75,0.8461538461538461,0.8666666666666667,0.9166666666666666
2389200,0.6052631578947368,0.8,0.8461538461538461,0.8666666666666667,0.9166666666666666
2389500,0.5921052631578947,0.85,0.8269230769230769,0.8666666666666667,0.9166666666666666
2389800,0.5921052631578947,0.8,0.8269230769230769,0.8666666666666667,0.9444444444444444
2390100,0.6052631578947368,0.9,0.8653846153846154,0.8666666666666667,0.9722222222222222
2390400,0.618421052631579,0.8,0.8461538461538461,0.8333333333333334,0.9722222222222222
2390700,0.6447368421052632,0.8,0.8461538461538461,0.8333333333333334,0.9722222222222222
2391000,0.631578947368421,0.75,0.8269230769230769,0.8333333333333334,0.9444444444444444
2391300,0.6842105263157895,0.7,0.8269230769230769,0.8333333333333334,0.9444444444444444
2391600,0.7105263157894737,0.7,0.8076923076923077,0.8666666666666667,0.9166666666666666
2391900,0.7105263157894737,0.7,0.8076923076923077,0.8666666666666667,0.8888888888888888
2392200,0.7368421052631579,0.75,0.8076923076923077,0.8666666666666667,0.9166666666666666
2392500,0.75,0.75,0.8269230769230769,0.8666666666666667,0.9166666666666666
2392800,0.6710526315789473,0.8,0.8461538461538461,0.8666666666666667,0.9166666666666666
2393100,0.7368421052631579,0.8,0.8461538461538461,0.8666666666666667,0.9166666666666666
2393400,0.6842105263157895,0.85,0.8269230769230769,0.8666666666666667,0.9166666666666666
2393700,0.6842105263157895,0.85,0.7884615384615384,0.9,0.9166666666666666
2394000,0.6578947368421053,0.7,0.8076923076923077,0.9,0.9166666666666666
2394300,0.6447368421052632,0.75,0.8269230769230769,0.9,0.9166666666666666
2394600,0.6842105263157895,0.75,0.8653846153846154,0.9,0.9444444444444444
2394900,0.6973684210526315,0.8,0.9038461538461539,0.9,0.9444444444444444
2395200,0.6842105263157895,0.75,0.9230769230769231,0.9,0.9444444444444444
2395500,0.6973684210526315,0.7,0.9038461538461539,0.8333333333333334,0.9444444444444444
2395800,0.6973684210526315,0.75,0.9423076923076923,0.8333333333333334,0.9444444444444444
2396100,0.7236842105263158,0.65,0.9807692307692307,0.8333333333333334,0.8888888888888888
2396400,0.7368421052631579,0.6,0.9807692307692307,0.8333333333333334,0.8888888888888888
2396700,0.7105263157894737,0.65,0.9807692307692307,0.8333333333333334,0.9166666666666666
2397000,0.7105263157894737,0.65,0.9807692307692307,0.8,0.8888888888888888
2397300,0.6973684210526315,0.6,0.9807692307692307,0.8,0.8888888888888888
2397600,0.6578947368421053,0.55,0.9807692307692307,0.8,0.8888888888888888
2397900,0.6973684210526315,0.0,0.9807692307692307,0.8666666666666667,0.8888888888888888
2398200,0.0,0.65,0.9807692307692307,0.8666666666666667,0.8888888888888888
2398500,0.0,0.65,0.9807692307692307,0.8666666666666667,0.8888888888888888
2398800,0.6710526315789473,0.75,0.9615384615384616,0.9,0.8888888888888888
2399100,0.6973684210526315,0.85,0.9230769230769231,0.9,0.8888888888888888
2399400,0.6973684210526315,0.85,0.9230769230769231,0.9,0.9166666666666666
2399700,0.6973684210526315,0.9,0.9230769230769231,0.9333333333333333,0.9444444444444444
2400000,0.6973684210526315,0.85,0.9038461538461539,0.9333333333333333,0.9444444444444444
2400300,0.6973684210526315,0.85,0.9038461538461539,0.9333333333333333,0.9444444444444444
2400600,0.631578947368421,0.85,0.8846153846153846,0.9333333333333333,0.9444444444444444
2400900,0.6710526315789473,0.8,0.9038461538461539,0.9,0.9166666666666666
2401200,0.6578947368421053,0.75,0.9038461538461539,0.9,0.9166666666666666
2401500,0.6578947368421053,0.75,0.9038461538461539,0.9,0.9166666666666666
2401800,0.7368421052631579,0.75,0.8076923076923077,0.7666666666666667,0.9166666666666666
2402100,0.6842105263157895,0.75,0.7884615384615384,0.7333333333333333,0.9166666666666666
2402400,0.6710526315789473,0.7,0.7692307692307693,0.7333333333333333,0.8888888888888888
2402700,0.631578947368421,0.75,0.75,0.7666666666666667,0.8888888888888888
2403000,0.6578947368421053,0.7,0.75,0.7666666666666667,0.8611111111111112
2403300,0.6447368421052632,0.75,0.7884615384615384,0.8,0.8333333333333334
2403600,0.6710526315789473,0.8,0.7884615384615384,0.7333333333333333,0.8611111111111112
2403900,0.631578947368421,0.8,0.7884615384615384,0.7,0.8333333333333334
2404200,0.6710526315789473,0.8,0.8653846153846154,0.7,0.8055555555555556
2404500,0.6710526315789473,0.85,0.8846153846153846,0.6666666666666666,0.75
2404800,0.6842105263157895,0.9,0.9038461538461539,0.5333333333333333,0.75
2405100,0.6842105263157895,0.85,0.9038461538461539,0.5333333333333333,0.75
2405400,0.6842105263157895,0.85,0.9230769230769231,0.5666666666666667,0.75
2405700,0.6578947368421053,0.8,0.9230769230769231,0.5666666666666667,0.7222222222222222
2406000,0.618421052631579,0.9,0.9615384615384616,0.6,0.6666666666666666
2406300,0.6052631578947368,0.85,0.9615384615384616,0.6,0.6666666666666666
2406600,0.6052631578947368,0.85,0.9230769230769231,0.5666666666666667,0.6944444444444444
2406900,0.5394736842105263,0.85,0.8846153846153846,0.5,0.6388888888888888
2407200,0.5789473684210527,0.8,0.8846153846153846,0.5333333333333333,0.6388888888888888
2407500,0.5394736842105263,0.8,0.8653846153846154,0.5,0.5833333333333334
2407800,0.5131578947368421,0.8,0.9038461538461539,0.5666666666666667,0.6111111111111112
2408100,0.5526315789473685,0.8,0.8653846153846154,0.5333333333333333,0.6111111111111112
2408400,0.5263157894736842,0.75,0.8653846153846154,0.5,0.5555555555555556
2408700,0.5131578947368421,0.75,0.8076923076923077,0.5333333333333333,0.5555555555555556
2409000,0.4868421052631579,0.75,0.8461538461538461,0.5666666666666667,0.5833333333333334
2409300,0.5131578947368421,0.75,0.8846153846153846,0.6333333333333333,0.5277777777777778
2409600,0.5263157894736842,0.75,0.9038461538461539,0.6666666666666666,0.5555555555555556
2409900,0.5131578947368421,0.75,0.9230769230769231,0.7333333333333333,0.5555555555555556
2410200,0.5,0.75,0.9423076923076923,0.7,0.5555555555555556
2410500,0.4605263157894737,0.75,0.9038461538461539,0.7,0.5555555555555556
2410800,0.47368421052631576,0.75,0.8846153846153846,0.7,0.5555555555555556
2411100,0.4342105263157895,0.75,0.8461538461538461,0.6666666666666666,0.5277777777777778
2411400,0.4342105263157895,0.8,0.8461538461538461,0.6333333333333333,0.5555555555555556
2411700,0.4342105263157895,0.8,0.8846153846153846,0.6333333333333333,0.6111111111111112
2412000,0.40789473684210525,0.85,0.8653846153846154,0.6,0.6388888888888888
2412300,0.40789473684210525,0.85,0.8653846153846154,0.6,0.6388888888888888
2412600,0.0,0.9,0.8846153846153846,0.6,0.5277777777777778
2412900,0.4342105263157895,0.9,0.8269230769230769,0.6,0.5277777777777778
2413200,0.40789473684210525,0.85,0.8269230769230769,0.5666666666666667,0.5
2413500,0.40789473684210525,0.8,0.8269230769230769,0.5333333333333333,0.5
2413800,0.40789473684210525,0.75,0.8653846153846154,0.6,0.5277777777777778
2414100,0.4342105263157895,0.75,0.8653846153846154,0.6,0.5555555555555556
2414400,0.3815789473684211,0.85,0.8269230769230769,0.6,0.5555555555555556
2414700,0.39473684210526316,0.85,0.8461538461538461,0.6333333333333333,0.5555555555555556
2415000,0.35526315789473684,0.8,0.8269230769230769,0.6666666666666666,0.5833333333333334
2415300,0.34210526315789475,0.8,0.8269230769230769,0.6666666666666666,0.5833333333333334
2415600,0.3157894736842105,0.75,0.7884615384615384,0.6666666666666666,0.5833333333333334
2415900,0.3157894736842105,0.75,0.8076923076923077,0.6333333333333333,0.5833333333333334
2416200,0.3026315789473684,0.75,0.8269230769230769,0.6333333333333333,0.5833333333333334
2416500,0.3026315789473684,0.8,0.8269230769230769,0.6666666666666666,0.5833333333333334
2416800,0.3157894736842105,0.75,0.8653846153846154,0.6,0.6111111111111112
2417100,0.3157894736842105,0.7,0.8461538461538461,0.5666666666666667,0.5833333333333334
2417400,0.3026315789473684,0.75,0.8846153846153846,0.5666666666666667,0.5833333333333334
2417700,0.3026315789473684,0.75,0.8846153846153846,0.5666666666666667,0.5555555555555556
2418000,0.2631578947368421,0.75,0.8846153846153846,0.5666666666666667,0.4722222222222222
2418300,0.23684210526315788,0.8,0.8846153846153846,0.5666666666666667,0.4722222222222222
2418600,0.2236842105263158,0.8,0.8846153846153846,0.5666666666666667,0.4166666666666667
2418900,0.2236842105263158,0.85,0.8846153846153846,0.5666666666666667,0.4444444444444444
2419200,0.23684210526315788,0.85,0.8653846153846154,0.5666666666666667,0.4166666666666667
2419500,0.21052631578947367,0.9,0.8653846153846154,0.5666666666666667,0.3333333333333333
2419800,0.18421052631578946,0.95,0.9038461538461539,0.5333333333333333,0.2777777777777778
2420100,0.15789473684210525,0.95,0.8653846153846154,0.5,0.2777777777777778
2420400,0.11842105263157894,0.95,0.8653846153846154,0.5,0.19444444444444445
2420700,0.14473684210526316,0.9,0.8846153846153846,0.4666666666666667,0.19444444444444445
2421000,0.10526315789473684,0.9,0.8653846153846154,0.43333333333333335,0.1111111111111111
2421300,0.10526315789473684,0.9,0.8653846153846154,0.4,0.05555555555555555
2421600,0.13157894736842105,0.9,0.8461538461538461,0.4,0.08333333333333333
2421900,0.15789473684210525,0.85,0.8653846153846154,0.4,0.08333333333333333
2422200,0.21052631578947367,0.95,0.8846153846153846,0.36666666666666664,0.1111111111111111
2422500,0.25,0.95,0.8653846153846154,0.4,0.08333333333333333
2422800,0.23684210526315788,0.95,0.9038461538461539,0.4,0.1111111111111111
2423100,0.19736842105263158,0.9,0.9038461538461539,0.4,0.08333333333333333
2423400,0.19736842105263158,0.9,0.9038461538461539,0.36666666666666664,0.027777777777777776
2423700,0.17105263157894737,0.9,0.9038461538461539,0.36666666666666664,0.1111111111111111
2424000,0.11842105263157894,0.9,0.8846153846153846,0.3333333333333333,0.1111111111111111
2424300,0.13157894736842105,0.95,0.8846153846153846,0.4,0.1388888888888889
2424600,0.09210526315789473,0.95,0.9038461538461539,0.4,0.1388888888888889
2424900,0.14473684210526316,0.95,0.9038461538461539,0.43333333333333335,0.1111111111111111
2425200,0.15789473684210525,0.95,0.9038461538461539,0.4,0.1388888888888889
2425500,0.2236842105263158,0.95,0.9230769230769231,0.36666666666666664,0.16666666666666666
2425800,0.23684210526315788,0.95,0.8846153846153846,0.3333333333333333,0.25
2426100,0.25,0.95,0.8846153846153846,0.26666666666666666,0.3055555555555556
2426400,0.2631578947368421,0.95,0.8653846153846154,0.26666666666666666,0.2777777777777778
2426700,0.2631578947368421,1.0,0.8461538461538461,0.26666666666666666,0.3055555555555556
2427000,0.2631578947368421,1.0,0.8461538461538461,0.3333333333333333,0.25
2427300,0.2631578947368421,1.0,0.8269230769230769,0.3,0.2777777777777778
2427600,0.2631578947368421,1.0,0.8269230769230769,0.3,0.3333333333333333
2427900,0.2631578947368421,1.0,0.8269230769230769,0.3,0.3888888888888889
2428200,0.25,1.0,0.8076923076923077,0.3,0.3888888888888889
2428500,0.23684210526315788,1.0,0.8076923076923077,0.26666666666666666,0.4166666666666667
2428800,0.2236842105263158,1.0,0.8076923076923077,0.26666666666666666,0.4444444444444444
2429100,0.2236842105263158,1.0,0.8269230769230769,0.26666666666666666,0.5
2429400,0.2236842105263158,1.0,0.8461538461538461,0.3,0.5
2429700,0.2236842105263158,1.0,0.8846153846153846,0.3,0.4444444444444444
2430000,0.21052631578947367,1.0,0.9038461538461539,0.26666666666666666,0.5
2430300,0.21052631578947367,1.0,0.9038461538461539,0.26666666666666666,0.4444444444444444
2430600,0.2236842105263158,1.0,0.9038461538461539,0.3,0.4722222222222222
2430900,0.2236842105263158,1.0,0.38461538461538464,0.3,0.5
2431200,0.21052631578947367,1.0,0.8846153846153846,0.3,0.5
2431500,0.21052631578947367,1.0,0.8653846153846154,0.3333333333333333,0.4722222222222222
2431800,0.19736842105263158,0.95,0.8846153846153846,0.3333333333333333,0.4722222222222222
2432100,0.19736842105263158,0.95,0.8846153846153846,0.36666666666666664,0.4444444444444444
2432400,0.19736842105263158,0.95,0.8653846153846154,0.4,0.4444444444444444
2432700,0.19736842105263158,0.95,0.8653846153846154,0.4,0.3888888888888889
2433000,0.21052631578947367,0.95,0.8461538461538461,0.3333333333333333,0.3611111111111111
2433300,0.2236842105263158,0.95,0.8461538461538461,0.3,0.3611111111111111
2433600,0.2236842105263158,0.95,0.8076923076923077,0.3333333333333333,0.3888888888888889
2433900,0.18421052631578946,0.95,0.8076923076923077,0.3,0.3888888888888889
2434200,0.18421052631578946,1.0,0.7884615384615384,0.3,0.3611111111111111
2434500,0.18421052631578946,1.0,0.7884615384615384,0.3,0.3888888888888889
2434800,0.18421052631578946,1.0,0.7692307692307693,0.26666666666666666,0.3888888888888889
2435100,0.18421052631578946,0.95,0.8076923076923077,0.26666666666666666,0.3333333333333333
2435400,0.18421052631578946,0.95,0.8269230769230769,0.23333333333333334,0.3611111111111111
2435700,0.18421052631578946,0.95,0.8269230769230769,0.2,0.3611111111111111
2436000,0.17105263157894737,0.95,0.8269230769230769,0.2,0.3888888888888889
2436300,0.18421052631578946,0.95,0.8076923076923077,0.2,0.3888888888888889
2436600,0.18421052631578946,0.95,0.8076923076923077,0.2,0.3333333333333333
2436900,0.18421052631578946,0.95,0.7884615384615384,0.23333333333333334,0.3333333333333333
2437200,0.17105263157894737,0.95,0.7884615384615384,0.2,0.2777777777777778
2437500,0.17105263157894737,0.95,0.7692307692307693,0.2,0.2777777777777778
2437800,0.18421052631578946,1.0,0.7692307692307693,0.16666666666666666,0.2222222222222222
2438100,0.18421052631578946,1.0,0.7692307692307693,0.16666666666666666,0.2222222222222222
2438400,0.18421052631578946,1.0,0.7692307692307693,0.16666666666666666,0.25
2438700,0.18421052631578946,1.0,0.75,0.23333333333333334,0.25
2439000,0.18421052631578946,1.0,0.7307692307692307,0.2,0.2222222222222222
2439300,0.14473684210526316,1.0,0.75,0.2,0.25
2439600,0.17105263157894737,1.0,0.75,0.16666666666666666,0.2777777777777778
2439900,0.15789473684210525,1.0,0.7115384615384616,0.16666666666666666,0.25
2440200,0.15789473684210525,1.0,0.6923076923076923,0.16666666666666666,0.25
2440500,0.14473684210526316,1.0,0.6923076923076923,0.2,0.2222222222222222
2440800,0.15789473684210525,1.0,0.6923076923076923,0.16666666666666666,0.25
2441100,0.15789473684210525,1.0,0.6538461538461539,0.16666666666666666,0.2222222222222222
2441400,0.15789473684210525,1.0,0.6346153846153846,0.16666666666666666,0.19444444444444445
2441700,0.15789473684210525,1.0,0.5961538461538461,0.16666666666666666,0.2222222222222222
2442000,0.17105263157894737,1.0,0.5961538461538461,0.2,0.19444444444444445
2442300,0.17105263157894737,1.0,0.5769230769230769,0.16666666666666666,0.2222222222222222
2442600,0.15789473684210525,1.0,0.5576923076923077,0.16666666666666666,0.25
2442900,0.18421052631578946,1.0,0.5576923076923077,0.16666666666666666,0.2777777777777778
2443200,0.19736842105263158,1.0,0.5192307692307693,0.13333333333333333,0.3611111111111111
2443500,0.18421052631578946,1.0,0.5576923076923077,0.16666666666666666,0.3333333333333333
2443800,0.19736842105263158,1.0,0.5192307692307693,0.16666666666666666,0.3888888888888889
2444100,0.19736842105263158,1.0,0.5384615384615384,0.2,0.3888888888888889
2444400,0.19736842105263158,0.95,0.5769230769230769,0.26666666666666666,0.4722222222222222
2444700,0.21052631578947367,0.95,0.5961538461538461,0.23333333333333334,0.4722222222222222
2445000,0.2236842105263158,0.95,0.5961538461538461,0.23333333333333334,0.5833333333333334
2445300,0.21052631578947367,0.95,0.6153846153846154,0.26666666666666666,0.5555555555555556
2445600,0.2236842105263158,0.95,0.6153846153846154,0.23333333333333334,0.5
2445900,0.18421052631578946,0.95,0.5961538461538461,0.23333333333333334,0.4722222222222222
2446200,0.19736842105263158,0.9,0.5769230769230769,0.23333333333333334,0.5555555555555556
2446500,0.21052631578947367,0.9,0.6346153846153846,0.23333333333333334,0.5555555555555556
2446800,0.18421052631578946,0.9,0.6346153846153846,0.3,0.5833333333333334
2447100,0.21052631578947367,0.9,0.6153846153846154,0.26666666666666666,0.6111111111111112
2447400,0.23684210526315788,0.9,0.6153846153846154,0.2,0.6111111111111112
2447700,0.2236842105263158,0.9,0.6153846153846154,0.2,0.6666666666666666
2448000,0.23684210526315788,0.9,0.6346153846153846,0.2,0.6666666666666666
2448300,0.2631578947368421,0.9,0.6538461538461539,0.26666666666666666,0.75
2448600,0.25,0.9,0.6923076923076923,0.3,0.75
2448900,0.25,0.85,0.6538461538461539,0.3,0.7777777777777778
2449200,0.2631578947368421,0.95,0.6538461538461539,0.3333333333333333,0.8055555555555556
2449500,0.27631578947368424,0.95,0.6730769230769231,0.3333333333333333,0.7777777777777778
2449800,0.2894736842105263,0.95,0.6923076923076923,0.3333333333333333,0.75
2450100,0.2894736842105263,0.95,0.7115384615384616,0.36666666666666664,0.75
2450400,0.3026315789473684,0.95,0.7307692307692307,0.4,0.7777777777777778
2450700,0.3026315789473684,0.95,0.75,0.36666666666666664,0.75
2451000,0.2894736842105263,0.95,0.6923076923076923,0.36666666666666664,0.75
2451300,0.3026315789473684,0.95,0.7307692307692307,0.36666666666666664,0.7777777777777778
2451600,0.3157894736842105,0.9,0.75,0.36666666666666664,0.8055555555555556
2451900,0.3157894736842105,0.95,0.7307692307692307,0.36666666666666664,0.8055555555555556
2452200,0.34210526315789475,0.95,0.7307692307692307,0.36666666666666664,0.8055555555555556
2452500,0.34210526315789475,0.95,0.75,0.36666666666666664,0.8611111111111112
2452800,0.32894736842105265,0.95,0.7115384615384616,0.36666666666666664,0.8611111111111112
2453100,0.35526315789473684,0.95,0.6923076923076923,0.36666666666666664,0.8055555555555556
2453400,0.34210526315789475,0.95,0.6923076923076923,0.36666666666666664,0.8333333333333334
2453700,0.32894736842105265,0.95,0.7115384615384616,0.36666666666666664,0.8333333333333334
2454000,0.3815789473684211,1.0,0.75,0.4,0.8333333333333334
2454300,0.35526315789473684,1.0,0.75,0.4,0.8333333333333334
2454600,0.35526315789473684,0.95,0.7307692307692307,0.4,0.8611111111111112
2454900,0.32894736842105265,0.95,0.7692307692307693,0.43333333333333335,0.8611111111111112
2455200,0.3815789473684211,0.95,0.7115384615384616,0.4,0.8888888888888888
2455500,0.39473684210526316,0.0,0.7692307692307693,0.43333333333333335,0.8888888888888888
2455800,0.0,0.9,0.7884615384615384,0.43333333333333335,0.9166666666666666
2456100,0.4342105263157895,0.9,0.8076923076923077,0.4,0.9166666666666666
2456400,0.4342105263157895,0.85,0.8076923076923077,0.43333333333333335,0.9166666666666666
2456700,0.4342105263157895,0.85,0.8269230769230769,0.43333333333333335,0.8888888888888888
2457000,0.4605263157894737,0.85,0.8269230769230769,0.4666666666666667,0.8888888888888888
2457300,0.4605263157894737,0.8,0.8269230769230769,0.4666666666666667,0.8888888888888888
2457600,0.42105263157894735,0.75,0.8269230769230769,0.4666666666666667,0.9166666666666666
2457900,0.47368421052631576,0.7,0.8461538461538461,0.43333333333333335,0.9722222222222222
2458200,0.4605263157894737,0.7,0.8461538461538461,0.43333333333333335,0.9722222222222222
2458500,0.4473684210526316,0.55,0.8461538461538461,0.4666666666666667,0.9722222222222222
2458800,0.4605263157894737,0.55,0.8653846153846154,0.4666666666666667,0.9722222222222222
2459100,0.5131578947368421,0.55,0.8653846153846154,0.5,0.9722222222222222
2459400,0.5394736842105263,0.65,0.8846153846153846,0.5333333333333333,0.9722222222222222
2459700,0.5263157894736842,0.7,0.8846153846153846,0.5333333333333333,0.9722222222222222
2460000,0.5526315789473685,0.6,0.8653846153846154,0.5666666666666667,0.9722222222222222
2460300,0.5263157894736842,0.6,0.8653846153846154,0.5666666666666667,0.9722222222222222
2460600,0.5131578947368421,0.6,0.8653846153846154,0.5666666666666667,0.9722222222222222
2460900,0.5,0.55,0.8269230769230769,0.5666666666666667,0.9444444444444444
2461200,0.5394736842105263,0.55,0.8076923076923077,0.5666666666666667,0.9166666666666666
2461500,0.5131578947368421,0.6,0.8076923076923077,0.5666666666666667,0.9166666666666666
2461800,0.5131578947368421,0.5,0.7884615384615384,0.6333333333333333,0.9166666666666666
2462100,0.4868421052631579,0.55,0.7692307692307693,0.6333333333333333,0.9166666666666666
2462400,0.5394736842105263,0.55,0.75,0.6,0.9444444444444444
2462700,0.5131578947368421,0.5,0.7115384615384616,0.5666666666666667,0.8888888888888888
2463000,0.0,0.5,0.6730769230769231,0.5333333333333333,0.8888888888888888
2463300,0.5131578947368421,0.55,0.5769230769230769,0.5,0.8888888888888888
2463600,0.5263157894736842,0.45,0.5576923076923077,0.4666666666666667,0.8888888888888888
2463900,0.5263157894736842,0.45,0.5384615384615384,0.43333333333333335,0.8888888888888888
2464200,0.5,0.5,0.5384615384615384,0.43333333333333335,0.8888888888888888
2464500,0.5263157894736842,0.55,0.5384615384615384,0.43333333333333335,0.9166666666666666
2464800,0.5,0.6,0.6346153846153846,0.4666666666666667,0.9166666666666666
2465100,0.5131578947368421,0.6,0.6346153846153846,0.4666666666666667,0.9166666666666666
2465400,0.5394736842105263,0.65,0.5961538461538461,0.43333333333333335,0.9444444444444444
2465700,0.5394736842105263,0.65,0.6730769230769231,0.4,0.9444444444444444
2466000,0.5394736842105263,0.65,0.6730769230769231,0.4,0.9444444444444444
2466300,0.5394736842105263,0.6,0.6730769230769231,0.4666666666666667,0.9444444444444444
2466600,0.5131578947368421,0.6,0.6538461538461539,0.5,0.9166666666666666
2466900,0.5526315789473685,0.65,0.7307692307692307,0.4666666666666667,0.8888888888888888
2467200,0.5394736842105263,0.6,0.7692307692307693,0.4666666666666667,0.8888888888888888
2467500,0.5394736842105263,0.65,0.7692307692307693,0.5333333333333333,0.8888888888888888
2467800,0.5394736842105263,0.65,0.7692307692307693,0.5666666666666667,0.8888888888888888
2468100,0.5263157894736842,0.75,0.7307692307692307,0.5666666666666667,0.8611111111111112
2468400,0.5131578947368421,0.7,0.75,0.5666666666666667,0.8888888888888888
2468700,0.5657894736842105,0.75,0.75,0.5666666666666667,0.8888888888888888
2469000,0.5921052631578947,0.75,0.75,0.5666666666666667,0.8888888888888888
2469300,0.618421052631579,0.75,0.75,0.6,0.8611111111111112
2469600,0.5657894736842105,0.7,0.8269230769230769,0.6,0.8611111111111112
2469900,0.5789473684210527,0.65,0.8461538461538461,0.6,0.8888888888888888
2470200,0.5921052631578947,0.75,0.8269230769230769,0.6666666666666666,0.9166666666666666
2470500,0.5921052631578947,0.7,0.8461538461538461,0.6666666666666666,0.9722222222222222
2470800,0.631578947368421,0.7,0.8653846153846154,0.6333333333333333,0.9722222222222222
2471100,0.618421052631579,0.75,0.8461538461538461,0.6333333333333333,0.9722222222222222
2471400,0.618421052631579,0.65,0.8461538461538461,0.7,0.9722222222222222
2471700,0.5921052631578947,0.75,0.8269230769230769,0.7,0.9722222222222222
2472000,0.618421052631579,0.75,0.8653846153846154,0.7,0.9722222222222222
2472300,0.6447368421052632,0.75,0.9038461538461539,0.6666666666666666,0.9722222222222222
2472600,0.631578947368421,0.8,0.9230769230769231,0.6666666666666666,0.9722222222222222
2472900,0.6447368421052632,0.8,0.9423076923076923,0.6666666666666666,0.9722222222222222
2473200,0.6578947368421053,0.8,0.9423076923076923,0.6666666666666666,0.9722222222222222
2473500,0.6710526315789473,0.85,0.9423076923076923,0.6666666666666666,0.9722222222222222
2473800,0.6710526315789473,0.8,0.9423076923076923,0.7,0.9722222222222222
2474100,0.6710526315789473,0.75,0.8846153846153846,0.7333333333333333,0.9722222222222222
2474400,0.6578947368421053,0.7,0.8653846153846154,0.7333333333333333,0.9722222222222222
2474700,0.6973684210526315,0.7,0.8846153846153846,0.7666666666666667,0.9722222222222222
2475000,0.6842105263157895,0.65,0.8653846153846154,0.7666666666666667,0.9722222222222222
2475300,0.6710526315789473,0.8,0.8653846153846154,0.7666666666666667,0.9722222222222222
2475600,0.6973684210526315,0.75,0.8653846153846154,0.7666666666666667,0.9722222222222222
2475900,0.6710526315789473,0.75,0.8269230769230769,0.7666666666666667,0.9444444444444444
2476200,0.6973684210526315,0.75,0.8269230769230769,0.8,0.9444444444444444
2476500,0.7105263157894737,0.8,0.8461538461538461,0.8,0.9444444444444444
2476800,0.7368421052631579,0.85,0.8846153846153846,0.8,0.9444444444444444
2477100,0.7368421052631579,0.85,0.8846153846153846,0.8,0.9444444444444444
2477400,0.7368421052631579,0.85,0.8846153846153846,0.8,0.9444444444444444
2477700,0.75,0.85,0.9038461538461539,0.8,0.9444444444444444
2478000,0.7368421052631579,0.7,0.8653846153846154,0.8,0.9444444444444444
2478300,0.7368421052631579,0.65,0.8846153846153846,0.8333333333333334,0.9166666666666666
2478600,0.7236842105263158,0.65,0.9038461538461539,0.8,0.9166666666666666
2478900,0.75,0.6,0.9038461538461539,0.7666666666666667,0.9444444444444444
2479200,0.75,0.6,0.8653846153846154,0.7666666666666667,0.9166666666666666
2479500,0.7631578947368421,0.7,0.8846153846153846,0.7666666666666667,0.9166666666666666
2479800,0.6973684210526315,0.75,0.8846153846153846,0.7666666666666667,0.9166666666666666
2480100,0.6710526315789473,0.8,0.8846153846153846,0.7666666666666667,0.9166666666666666
2480400,0.6842105263157895,0.8,0.9038461538461539,0.7666666666666667,0.9166666666666666
2480700,0.6973684210526315,0.8,0.8653846153846154,0.8,0.9166666666666666
2481000,0.6973684210526315,0.85,0.8846153846153846,0.8,0.9444444444444444
2481300,0.6842105263157895,0.85,0.8846153846153846,0.8,0.9166666666666666
2481600,0.6578947368421053,0.75,0.8653846153846154,0.7333333333333333,0.9444444444444444
2481900,0.6578947368421053,0.7,0.8461538461538461,0.7333333333333333,0.9166666666666666
2482200,0.6842105263157895,0.7,0.8653846153846154,0.7666666666666667,0.9166666666666666
2482500,0.6973684210526315,0.7,0.8461538461538461,0.8333333333333334,0.8888888888888888
2482800,0.6710526315789473,0.75,0.8846153846153846,0.8666666666666667,0.8611111111111112
2483100,0.631578947368421,0.75,0.8846153846153846,0.8666666666666667,0.8611111111111112
2483400,0.631578947368421,0.85,0.8846153846153846,0.8333333333333334,0.8611111111111112
2483700,0.6578947368421053,0.9,0.9230769230769231,0.8666666666666667,0.8611111111111112
2484000,0.6710526315789473,0.9,0.9038461538461539,0.8666666666666667,0.8611111111111112
2484300,0.6578947368421053,0.85,0.9230769230769231,0.8666666666666667,0.8333333333333334
2484600,0.0,0.85,0.8846153846153846,0.8666666666666667,0.8333333333333334
2484900,0.7105263157894737,0.85,0.8846153846153846,0.8666666666666667,0.8333333333333334
2485200,0.6973684210526315,0.85,0.8846153846153846,0.8666666666666667,0.8333333333333334
2485500,0.7105263157894737,0.8,0.9038461538461539,0.8666666666666667,0.8611111111111112
2485800,0.75,0.8,0.9038461538461539,0.8333333333333334,0.8611111111111112
2486100,0.75,0.8,0.9038461538461539,0.8333333333333334,0.8611111111111112
2486400,0.7631578947368421,0.8,0.9038461538461539,0.8333333333333334,0.8333333333333334
2486700,0.75,0.8,0.9230769230769231,0.8333333333333334,0.8333333333333334
2487000,0.75,0.8,0.9230769230769231,0.8333333333333334,0.8055555555555556
2487300,0.75,0.85,0.9038461538461539,0.8333333333333334,0.8055555555555556
2487600,0.7368421052631579,0.8,0.9423076923076923,0.8666666666666667,0.8055555555555556
2487900,0.75,0.75,0.9423076923076923,0.8666666666666667,0.8611111111111112
2488200,0.75,0.75,0.9423076923076923,0.8333333333333334,0.8611111111111112
2488500,0.75,0.75,0.9423076923076923,0.8333333333333334,0.8055555555555556
2488800,0.7368421052631579,0.75,0.9423076923076923,0.7666666666666667,0.8333333333333334
2489100,0.7236842105263158,0.75,0.9230769230769231,0.8,0.8333333333333334
2489400,0.6973684210526315,0.75,0.9230769230769231,0.8,0.8333333333333334
2489700,0.7105263157894737,0.7,0.8653846153846154,0.8,0.8055555555555556
2490000,0.6842105263157895,0.7,0.8653846153846154,0.8,0.8055555555555556
2490300,0.6973684210526315,0.8,0.8846153846153846,0.8333333333333334,0.8333333333333334
2490600,0.6710526315789473,0.8,0.8461538461538461,0.8333333333333334,0.8333333333333334
2490900,0.6710526315789473,0.75,0.8076923076923077,0.8333333333333334,0.8055555555555556
2491200,0.631578947368421,0.75,0.8269230769230769,0.8333333333333334,0.7777777777777778
2491500,0.6447368421052632,0.8,0.8269230769230769,0.8,0.7777777777777778
2491800,0.618421052631579,0.8,0.8269230769230769,0.8666666666666667,0.7777777777777778
2492100,0.6447368421052632,0.8,0.8461538461538461,0.8333333333333334,0.7777777777777778
2492400,0.6447368421052632,0.85,0.8653846153846154,0.8,0.75
2492700,0.631578947368421,0.9,0.9038461538461539,0.8,0.75
2493000,0.6052631578947368,0.85,0.9038461538461539,0.7666666666666667,0.75
2493300,0.6052631578947368,0.8,0.9230769230769231,0.7666666666666667,0.75
2493600,0.5394736842105263,0.8,0.8846153846153846,0.7,0.75
2493900,0.5526315789473685,0.85,0.8653846153846154,0.6666666666666666,0.75
2494200,0.5526315789473685,0.8,0.8653846153846154,0.6666666666666666,0.7777777777777778
2494500,0.5131578947368421,0.85,0.8269230769230769,0.6333333333333333,0.8333333333333334
2494800,0.5263157894736842,0.85,0.8461538461538461,0.6666666666666666,0.8333333333333334
2495100,0.5263157894736842,0.8,0.8076923076923077,0.6666666666666666,0.75
2495400,0.5263157894736842,0.85,0.8076923076923077,0.6666666666666666,0.75
2495700,0.5394736842105263,0.85,0.7884615384615384,0.7,0.75
2496000,0.5657894736842105,0.8,0.7115384615384616,0.7,0.75
2496300,0.5526315789473685,0.8,0.75,0.7,0.75
2496600,0.5526315789473685,0.8,0.75,0.7,0.6944444444444444
2496900,0.5526315789473685,0.8,0.7692307692307693,0.6333333333333333,0.6944444444444444
2497200,0.5394736842105263,0.75,0.7884615384615384,0.6333333333333333,0.7222222222222222
2497500,0.5394736842105263,0.75,0.7692307692307693,0.7333333333333333,0.7222222222222222
2497800,0.5394736842105263,0.7,0.75,0.7666666666666667,0.6666666666666666
2498100,0.5131578947368421,0.7,0.7307692307692307,0.7333333333333333,0.6666666666666666
2498400,0.5131578947368421,0.65,0.75,0.7,0.7222222222222222
2498700,0.5131578947368421,0.65,0.7692307692307693,0.7,0.6944444444444444
2499000,0.0,0.75,0.8076923076923077,0.7,0.6111111111111112
2499300,0.5,0.8,0.7884615384615384,0.7,0.6388888888888888
2499600,0.5,0.8,0.7692307692307693,0.7333333333333333,0.6388888888888888
2499900,0.47368421052631576,0.8,0.7692307692307693,0.8333333333333334,0.6111111111111112
2500200,0.4605263157894737,0.8,0.7692307692307693,0.7666666666666667,0.6111111111111112
2500500,0.47368421052631576,0.75,0.7692307692307693,0.7666666666666667,0.6666666666666666
2500800,0.47368421052631576,0.75,0.7884615384615384,0.7666666666666667,0.6111111111111112
2501100,0.4605263157894737,0.85,0.7692307692307693,0.7333333333333333,0.6388888888888888
2501400,0.4342105263157895,0.85,0.7307692307692307,0.7666666666666667,0.6388888888888888
2501700,0.4342105263157895,0.9,0.7115384615384616,0.7666666666666667,0.6388888888888888
2502000,0.42105263157894735,0.9,0.75,0.7666666666666667,0.6111111111111112
2502300,0.40789473684210525,0.95,0.7692307692307693,0.8,0.6111111111111112
2502600,0.40789473684210525,0.95,0.7692307692307693,0.8,0.6111111111111112
2502900,0.4342105263157895,0.95,0.8076923076923077,0.7666666666666667,0.6111111111111112
2503200,0.40789473684210525,0.9,0.8076923076923077,0.7333333333333333,0.6388888888888888
2503500,0.40789473684210525,0.9,0.8076923076923077,0.7333333333333333,0.5277777777777778
2503800,0.42105263157894735,0.9,0.7884615384615384,0.7666666666666667,0.5277777777777778
2504100,0.40789473684210525,0.95,0.8461538461538461,0.7333333333333333,0.4722222222222222
2504400,0.39473684210526316,0.95,0.8653846153846154,0.7333333333333333,0.5
2504700,0.3684210526315789,0.95,0.8461538461538461,0.7666666666666667,0.5277777777777778
2505000,0.3684210526315789,0.95,0.8461538461538461,0.7666666666666667,0.4722222222222222
2505300,0.34210526315789475,0.9,0.8461538461538461,0.7333333333333333,0.4166666666666667
