timestamp,36284,37402,43821,80134,80459
0,0.55,0.29411764705882354,0.7,0.5909090909090909,0.6285714285714286
300,0.0,0.23529411764705882,0.7,0.6818181818181818,0.6285714285714286
600,0.26666666666666666,0.20588235294117646,0.7,0.7272727272727273,0.5714285714285714
900,0.31666666666666665,0.29411764705882354,0.65,0.6363636363636364,0.5571428571428572
1200,0.21666666666666667,0.38235294117647056,0.55,0.5,0.5428571428571428
1500,0.18333333333333332,0.3235294117647059,0.5,0.4090909090909091,0.5571428571428572
1800,0.13333333333333333,0.2647058823529412,0.55,0.22727272727272727,0.5428571428571428
2100,0.11666666666666667,0.17647058823529413,0.45,0.09090909090909091,0.5428571428571428
2400,0.11666666666666667,0.029411764705882353,0.4,0.09090909090909091,0.5285714285714286
2700,0.2,0.029411764705882353,0.45,0.045454545454545456,0.5285714285714286
3000,0.16666666666666666,0.029411764705882353,0.5,0.09090909090909091,0.5285714285714286
3300,0.13333333333333333,0.14705882352941177,0.55,0.0,0.5285714285714286
3600,0.13333333333333333,0.058823529411764705,0.6,0.09090909090909091,0.5285714285714286
3900,0.18333333333333332,0.029411764705882353,0.6,0.09090909090909091,0.5285714285714286
4200,0.2,0.058823529411764705,0.6,0.045454545454545456,0.5142857142857142
4500,0.23333333333333334,0.0,0.6,0.045454545454545456,0.5
4800,0.23333333333333334,0.058823529411764705,0.65,0.0,0.5
5100,0.31666666666666665,0.14705882352941177,0.6,0.045454545454545456,0.5
5400,0.36666666666666664,0.20588235294117646,0.6,0.045454545454545456,0.5
5700,0.4,0.23529411764705882,0.55,0.045454545454545456,0.4857142857142857
6000,0.4166666666666667,0.3235294117647059,0.45,0.09090909090909091,0.4857142857142857
6300,0.4166666666666667,0.35294117647058826,0.5,0.13636363636363635,0.4857142857142857
6600,0.4666666666666667,0.2647058823529412,0.4,0.045454545454545456,0.4857142857142857
6900,0.48333333333333334,0.2647058823529412,0.4,0.0,0.4714285714285714
7200,0.48333333333333334,0.35294117647058826,0.45,0.09090909090909091,0.4714285714285714
7500,0.4666666666666667,0.38235294117647056,0.45,0.3181818181818182,0.4714285714285714
7800,0.5333333333333333,0.5,0.45,0.45454545454545453,0.4714285714285714
8100,0.5666666666666667,0.5882352941176471,0.45,0.5,0.4714285714285714
8400,0.6166666666666667,0.6470588235294118,0.5,0.5,0.45714285714285713
8700,0.5833333333333334,0.6176470588235294,0.5,0.5454545454545454,0.45714285714285713
9000,0.6166666666666667,0.5882352941176471,0.55,0.5454545454545454,0.45714285714285713
9300,0.6166666666666667,0.5588235294117647,0.55,0.6363636363636364,0.44285714285714284
9600,0.6,0.5882352941176471,0.55,0.5454545454545454,0.44285714285714284
9900,0.5166666666666667,0.5882352941176471,0.55,0.4090909090909091,0.44285714285714284
10200,0.5,0.5588235294117647,0.6,0.2727272727272727,0.44285714285714284
10500,0.48333333333333334,0.5588235294117647,0.55,0.22727272727272727,0.44285714285714284
10800,0.5166666666666667,0.47058823529411764,0.6,0.13636363636363635,0.44285714285714284
11100,0.5,0.4117647058823529,0.65,0.18181818181818182,0.44285714285714284
11400,0.5333333333333333,0.4117647058823529,0.65,0.22727272727272727,0.44285714285714284
11700,0.5833333333333334,0.4117647058823529,0.65,0.22727272727272727,0.44285714285714284
12000,0.5166666666666667,0.35294117647058826,0.7,0.22727272727272727,0.44285714285714284
12300,0.48333333333333334,0.35294117647058826,0.65,0.22727272727272727,0.44285714285714284
12600,0.4666666666666667,0.29411764705882354,0.55,0.36363636363636365,0.42857142857142855
12900,0.5166666666666667,0.29411764705882354,0.6,0.3181818181818182,0.42857142857142855
13200,0.55,0.35294117647058826,0.5,0.2727272727272727,0.42857142857142855
13500,0.5333333333333333,0.3235294117647059,0.55,0.2727272727272727,0.42857142857142855
13800,0.5333333333333333,0.38235294117647056,0.5,0.3181818181818182,0.42857142857142855
14100,0.55,0.38235294117647056,0.5,0.3181818181818182,0.42857142857142855
14400,0.5166666666666667,0.38235294117647056,0.45,0.3181818181818182,0.42857142857142855
14700,0.5,0.4117647058823529,0.4,0.36363636363636365,0.42857142857142855
15000,0.5,0.38235294117647056,0.45,0.4090909090909091,0.42857142857142855
15300,0.5,0.38235294117647056,0.45,0.36363636363636365,0.42857142857142855
15600,0.5166666666666667,0.38235294117647056,0.5,0.3181818181818182,0.42857142857142855
15900,0.5,0.4117647058823529,0.55,0.3181818181818182,0.42857142857142855
16200,0.5,0.4117647058823529,0.55,0.3181818181818182,0.44285714285714284
16500,0.4666666666666667,0.47058823529411764,0.5,0.2727272727272727,0.44285714285714284
16800,0.5333333333333333,0.5,0.55,0.3181818181818182,0.44285714285714284
17100,0.5,0.5294117647058824,0.6,0.3181818181818182,0.44285714285714284
17400,0.5,0.5294117647058824,0.6,0.2727272727272727,0.44285714285714284
17700,0.5,0.5588235294117647,0.5,0.2727272727272727,0.44285714285714284
18000,0.48333333333333334,0.5294117647058824,0.5,0.4090909090909091,0.42857142857142855
18300,0.4666666666666667,0.5,0.5,0.4090909090909091,0.42857142857142855
18600,0.4,0.5294117647058824,0.6,0.4090909090909091,0.42857142857142855
18900,0.4,0.5882352941176471,0.7,0.45454545454545453,0.42857142857142855
19200,0.35,0.5882352941176471,0.5,0.5,0.42857142857142855
19500,0.25,0.6176470588235294,0.5,0.5,0.42857142857142855
19800,0.18333333333333332,0.6176470588235294,0.5,0.45454545454545453,0.42857142857142855
20100,0.16666666666666666,0.6176470588235294,0.35,0.4090909090909091,0.42857142857142855
20400,0.13333333333333333,0.6764705882352942,0.45,0.36363636363636365,0.42857142857142855
20700,0.13333333333333333,0.6176470588235294,0.65,0.3181818181818182,0.42857142857142855
21000,0.13333333333333333,0.6176470588235294,0.75,0.3181818181818182,0.42857142857142855
21300,0.1,0.5294117647058824,0.75,0.36363636363636365,0.42857142857142855
21600,0.06666666666666667,0.5294117647058824,0.6,0.22727272727272727,0.42857142857142855
21900,0.1,0.5,0.6,0.22727272727272727,0.42857142857142855
22200,0.15,0.5294117647058824,0.5,0.18181818181818182,0.42857142857142855
22500,0.15,0.47058823529411764,0.45,0.2727272727272727,0.42857142857142855
22800,0.1,0.4411764705882353,0.5,0.2727272727272727,0.42857142857142855
23100,0.1,0.4117647058823529,0.5,0.2727272727272727,0.44285714285714284
23400,0.15,0.3235294117647059,0.45,0.36363636363636365,0.44285714285714284
23700,0.21666666666666667,0.29411764705882354,0.5,0.36363636363636365,0.44285714285714284
24000,0.25,0.3235294117647059,0.4,0.3181818181818182,0.42857142857142855
24300,0.25,0.20588235294117646,0.3,0.3181818181818182,0.42857142857142855
24600,0.3,0.14705882352941177,0.4,0.2727272727272727,0.44285714285714284
24900,0.3333333333333333,0.11764705882352941,0.4,0.2727272727272727,0.45714285714285713
25200,0.3,0.14705882352941177,0.55,0.2727272727272727,0.4714285714285714
25500,0.31666666666666665,0.20588235294117646,0.4,0.2727272727272727,0.4714285714285714
25800,0.3,0.11764705882352941,0.5,0.4090909090909091,0.4857142857142857
26100,0.35,0.20588235294117646,0.5,0.36363636363636365,0.4857142857142857
26400,0.36666666666666664,0.14705882352941177,0.6,0.3181818181818182,0.5285714285714286
26700,0.36666666666666664,0.23529411764705882,0.7,0.18181818181818182,0.5714285714285714
27000,0.3333333333333333,0.23529411764705882,0.75,0.045454545454545456,0.5714285714285714
27300,0.3333333333333333,0.17647058823529413,0.7,0.13636363636363635,0.5857142857142857
27600,0.38333333333333336,0.2647058823529412,0.7,0.13636363636363635,0.6142857142857143
27900,0.36666666666666664,0.35294117647058826,0.6,0.18181818181818182,0.6428571428571429
28200,0.43333333333333335,0.3235294117647059,0.55,0.2727272727272727,0.6714285714285714
28500,0.48333333333333334,0.3235294117647059,0.55,0.2727272727272727,0.6714285714285714
28800,0.5666666666666667,0.5294117647058824,0.65,0.36363636363636365,0.7142857142857143
29100,0.6,0.6176470588235294,0.7,0.2727272727272727,0.7571428571428571
29400,0.6833333333333333,0.7352941176470589,0.65,0.3181818181818182,0.7714285714285715
29700,0.7166666666666667,0.7647058823529411,0.7,0.3181818181818182,0.7857142857142857
30000,0.7333333333333333,0.8235294117647058,0.75,0.3181818181818182,0.7857142857142857
30300,0.7666666666666667,0.8235294117647058,0.85,0.36363636363636365,0.8
30600,0.7666666666666667,0.8529411764705882,0.8,0.45454545454545453,0.7857142857142857
30900,0.8166666666666667,0.8823529411764706,0.75,0.5909090909090909,0.7857142857142857
31200,0.85,0.8823529411764706,0.8,0.6363636363636364,0.8
31500,0.8833333333333333,0.8823529411764706,0.8,0.5909090909090909,0.7714285714285715
31800,0.8833333333333333,0.9117647058823529,0.8,0.5909090909090909,0.7857142857142857
32100,0.8166666666666667,0.9411764705882353,0.85,0.8636363636363636,0.8
32400,0.8166666666666667,0.9411764705882353,0.75,0.8636363636363636,0.7857142857142857
32700,0.8,0.8823529411764706,0.7,0.8181818181818182,0.8
33000,0.8,0.8823529411764706,0.7,0.8636363636363636,0.8142857142857143
33300,0.8166666666666667,0.9117647058823529,0.85,0.8636363636363636,0.7857142857142857
33600,0.8166666666666667,0.9117647058823529,0.8,0.8181818181818182,0.7857142857142857
33900,0.8166666666666667,0.8823529411764706,0.65,0.7727272727272727,0.7714285714285715
34200,0.8166666666666667,0.8823529411764706,0.65,0.6818181818181818,0.7714285714285715
34500,0.8666666666666667,0.9117647058823529,0.8,0.6818181818181818,0.7714285714285715
34800,0.8666666666666667,0.9117647058823529,0.7,0.6818181818181818,0.7714285714285715
35100,0.8833333333333333,0.9411764705882353,0.7,0.7272727272727273,0.7714285714285715
35400,0.9166666666666666,0.9705882352941176,0.65,0.7272727272727273,0.7714285714285715
35700,0.9166666666666666,0.9705882352941176,0.6,0.7272727272727273,0.7857142857142857
36000,0.9166666666666666,0.9411764705882353,0.6,0.7272727272727273,0.7857142857142857
36300,0.9166666666666666,0.9411764705882353,0.65,0.7727272727272727,0.8142857142857143
36600,0.9333333333333333,0.9117647058823529,0.75,0.7272727272727273,0.8
36900,0.95,0.9117647058823529,0.75,0.7727272727272727,0.8
37200,0.9666666666666667,0.9117647058823529,0.75,0.7727272727272727,0.8
37500,0.95,0.9117647058823529,0.85,0.7727272727272727,0.8142857142857143
37800,0.9333333333333333,0.9117647058823529,0.85,0.8636363636363636,0.8
38100,0.9333333333333333,0.9117647058823529,0.85,0.8181818181818182,0.8142857142857143
38400,0.9166666666666666,0.8823529411764706,0.9,0.8181818181818182,0.8
38700,0.9,0.8823529411764706,0.85,0.8181818181818182,0.7857142857142857
39000,0.0,0.0,0.0,0.0,0.0
39300,0.9,0.9117647058823529,0.85,0.8636363636363636,0.7857142857142857
39600,0.9,0.9117647058823529,0.9,0.8636363636363636,0.8
39900,0.8833333333333333,0.9117647058823529,0.85,0.8636363636363636,0.8
40200,0.8833333333333333,0.9117647058823529,0.85,0.8636363636363636,0.7857142857142857
40500,0.9,0.8823529411764706,0.85,0.9545454545454546,0.7857142857142857
40800,0.9,0.8823529411764706,0.9,0.9090909090909091,0.8
41100,0.9,0.8823529411764706,0.9,0.9090909090909091,0.8
41400,0.8833333333333333,0.8529411764705882,0.85,0.9090909090909091,0.8
41700,0.8666666666666667,0.9117647058823529,0.75,0.9090909090909091,0.8
42000,0.8666666666666667,0.8823529411764706,0.85,0.9090909090909091,0.8142857142857143
42300,0.8166666666666667,0.8823529411764706,0.85,0.9090909090909091,0.8142857142857143
42600,0.8166666666666667,0.8823529411764706,0.85,0.9090909090909091,0.8142857142857143
42900,0.8,0.8823529411764706,0.8,0.9090909090909091,0.7571428571428571
43200,0.8166666666666667,0.8823529411764706,0.7,0.9090909090909091,0.7571428571428571
43500,0.8,0.8529411764705882,0.75,0.8636363636363636,0.7571428571428571
43800,0.75,0.7941176470588235,0.7,0.7727272727272727,0.7857142857142857
44100,0.7166666666666667,0.7647058823529411,0.75,0.7727272727272727,0.7571428571428571
44400,0.6833333333333333,0.7058823529411765,0.7,0.7727272727272727,0.7285714285714285
44700,0.65,0.6764705882352942,0.7,0.7272727272727273,0.7
45000,0.5833333333333334,0.6176470588235294,0.6,0.6363636363636364,0.7142857142857143
45300,0.5833333333333334,0.5882352941176471,0.75,0.6818181818181818,0.6857142857142857
45600,0.6,0.47058823529411764,0.7,0.7272727272727273,0.6857142857142857
45900,0.6333333333333333,0.4411764705882353,0.6,0.7727272727272727,0.6857142857142857
46200,0.6166666666666667,0.4411764705882353,0.6,0.7272727272727273,0.6428571428571429
46500,0.6333333333333333,0.4411764705882353,0.5,0.7272727272727273,0.6428571428571429
46800,0.65,0.4117647058823529,0.5,0.5909090909090909,0.6571428571428571
47100,0.6833333333333333,0.35294117647058826,0.65,0.5454545454545454,0.6428571428571429
47400,0.6833333333333333,0.4411764705882353,0.7,0.5909090909090909,0.6571428571428571
47700,0.7,0.4411764705882353,0.65,0.5909090909090909,0.6714285714285714
48000,0.6666666666666666,0.4411764705882353,0.7,0.5454545454545454,0.6285714285714286
48300,0.7166666666666667,0.5,0.65,0.45454545454545453,0.6285714285714286
48600,0.7166666666666667,0.5294117647058824,0.6,0.36363636363636365,0.6285714285714286
48900,0.8,0.5294117647058824,0.65,0.3181818181818182,0.6285714285714286
49200,0.7833333333333333,0.5,0.65,0.3181818181818182,0.6571428571428571
49500,0.7666666666666667,0.5294117647058824,0.7,0.3181818181818182,0.6857142857142857
49800,0.7666666666666667,0.6176470588235294,0.8,0.36363636363636365,0.7142857142857143
50100,0.75,0.6764705882352942,0.8,0.5,0.7285714285714285
50400,0.7833333333333333,0.6764705882352942,0.7,0.5909090909090909,0.7428571428571429
50700,0.7833333333333333,0.7352941176470589,0.8,0.6363636363636364,0.7428571428571429
51000,0.85,0.7352941176470589,0.8,0.5909090909090909,0.7571428571428571
51300,0.8833333333333333,0.7941176470588235,0.7,0.5909090909090909,0.7571428571428571
51600,0.85,0.8235294117647058,0.75,0.6363636363636364,0.7571428571428571
51900,0.8833333333333333,0.7941176470588235,0.85,0.6363636363636364,0.7857142857142857
52200,0.8833333333333333,0.8529411764705882,0.8,0.5909090909090909,0.7714285714285715
52500,0.8833333333333333,0.8235294117647058,0.75,0.5909090909090909,0.7714285714285715
52800,0.9,0.8529411764705882,0.8,0.6363636363636364,0.7714285714285715
53100,0.9166666666666666,0.8823529411764706,0.75,0.6818181818181818,0.7714285714285715
53400,0.9,0.9117647058823529,0.9,0.7272727272727273,0.7714285714285715
53700,0.9,0.9117647058823529,0.95,0.7727272727272727,0.7857142857142857
54000,0.9,0.8529411764705882,0.95,0.8636363636363636,0.7857142857142857
54300,0.9166666666666666,0.8529411764705882,0.95,0.7727272727272727,0.8
54600,0.9,0.8235294117647058,0.95,0.9545454545454546,0.8
54900,0.9166666666666666,0.8235294117647058,1.0,0.9545454545454546,0.8
55200,0.95,0.8529411764705882,1.0,0.9545454545454546,0.8
55500,0.95,0.8529411764705882,1.0,0.9545454545454546,0.8
55800,0.95,0.8823529411764706,1.0,0.9545454545454546,0.8285714285714286
56100,0.9333333333333333,0.9117647058823529,1.0,0.9545454545454546,0.8
56400,0.9333333333333333,0.9117647058823529,0.95,0.9545454545454546,0.8285714285714286
56700,0.9333333333333333,0.9117647058823529,0.9,0.9545454545454546,0.8285714285714286
57000,0.9333333333333333,0.9117647058823529,0.8,0.9545454545454546,0.8142857142857143
57300,0.9166666666666666,0.8529411764705882,0.8,0.9545454545454546,0.8285714285714286
57600,0.9166666666666666,0.7941176470588235,0.85,0.9545454545454546,0.8142857142857143
57900,0.9,0.7941176470588235,0.9,0.9545454545454546,0.8142857142857143
58200,0.9,0.7941176470588235,0.9,0.9545454545454546,0.8142857142857143
58500,0.8833333333333333,0.8529411764705882,0.9,0.9090909090909091,0.8142857142857143
58800,0.9166666666666666,0.9411764705882353,0.7,0.8636363636363636,0.8142857142857143
59100,0.9166666666666666,0.9117647058823529,0.8,0.8181818181818182,0.8285714285714286
59400,0.9166666666666666,0.9117647058823529,0.9,0.8636363636363636,0.8142857142857143
59700,0.9166666666666666,0.8823529411764706,0.9,0.7272727272727273,0.8142857142857143
60000,0.9333333333333333,0.8823529411764706,0.9,0.7272727272727273,0.8285714285714286
60300,0.9166666666666666,0.8529411764705882,0.9,0.7272727272727273,0.8428571428571429
60600,0.0,0.0,0.0,0.0,0.0
60900,0.9,0.9117647058823529,0.85,0.7727272727272727,0.8142857142857143
61200,0.85,0.9117647058823529,0.85,0.8181818181818182,0.8
61500,0.85,0.9411764705882353,0.8,0.8636363636363636,0.8142857142857143
61800,0.8333333333333334,0.9117647058823529,0.9,0.8181818181818182,0.8714285714285714
62100,0.8333333333333334,0.9117647058823529,0.75,0.8181818181818182,0.8714285714285714
62400,0.8333333333333334,0.9117647058823529,0.85,0.8636363636363636,0.8714285714285714
62700,0.8166666666666667,0.9117647058823529,0.75,0.8636363636363636,0.8714285714285714
63000,0.8,0.9411764705882353,0.8,0.8636363636363636,0.8714285714285714
63300,0.8,0.9705882352941176,0.85,0.9090909090909091,0.8714285714285714
63600,0.8333333333333334,0.9705882352941176,0.85,0.7727272727272727,0.8714285714285714
63900,0.8333333333333334,0.9705882352941176,0.75,0.7727272727272727,0.8714285714285714
64200,0.9166666666666666,0.9705882352941176,0.75,0.7727272727272727,0.8571428571428571
64500,0.9166666666666666,0.9705882352941176,0.85,0.7272727272727273,0.8714285714285714
64800,0.9166666666666666,0.9705882352941176,0.8,0.8181818181818182,0.8714285714285714
65100,0.9333333333333333,0.9705882352941176,0.7,0.8181818181818182,0.8714285714285714
65400,0.95,1.0,0.7,0.7727272727272727,0.8714285714285714
65700,0.9666666666666667,1.0,0.8,0.7727272727272727,0.8428571428571429
66000,0.9666666666666667,1.0,0.75,0.7727272727272727,0.8428571428571429
66300,0.9666666666666667,0.9705882352941176,0.8,0.7727272727272727,0.8428571428571429
66600,0.9666666666666667,0.9705882352941176,0.8,0.7727272727272727,0.8428571428571429
66900,0.95,0.9411764705882353,0.8,0.7272727272727273,0.8428571428571429
67200,0.9666666666666667,0.9411764705882353,0.7,0.7272727272727273,0.8571428571428571
67500,0.95,0.9411764705882353,0.85,0.7272727272727273,0.8571428571428571
67800,0.0,0.0,0.0,0.0,0.0
68100,0.9166666666666666,0.9117647058823529,0.85,0.6818181818181818,0.8428571428571429
68400,0.9166666666666666,0.9117647058823529,0.8,0.7272727272727273,0.8285714285714286
68700,0.9,0.9411764705882353,0.9,0.8181818181818182,0.7857142857142857
69000,0.9166666666666666,0.8823529411764706,0.9,0.7727272727272727,0.7714285714285715
69300,0.9,0.8823529411764706,0.85,0.7272727272727273,0.7428571428571429
69600,0.8833333333333333,0.8235294117647058,0.95,0.7727272727272727,0.7428571428571429
69900,0.8833333333333333,0.8529411764705882,0.75,0.7272727272727273,0.7428571428571429
70200,0.8833333333333333,0.8529411764705882,0.95,0.6818181818181818,0.7142857142857143
70500,0.8333333333333334,0.7352941176470589,0.95,0.6818181818181818,0.7
70800,0.8333333333333334,0.7352941176470589,0.85,0.6818181818181818,0.7
71100,0.8166666666666667,0.7647058823529411,0.95,0.6818181818181818,0.7
71400,0.85,0.7352941176470589,0.85,0.5909090909090909,0.6714285714285714
71700,0.8666666666666667,0.7352941176470589,0.75,0.5909090909090909,0.6714285714285714
72000,0.8166666666666667,0.7058823529411765,0.75,0.6363636363636364,0.6857142857142857
72300,0.8,0.7058823529411765,0.8,0.6363636363636364,0.6857142857142857
72600,0.8,0.7058823529411765,0.7,0.6363636363636364,0.6857142857142857
72900,0.8333333333333334,0.7058823529411765,0.65,0.6363636363636364,0.6857142857142857
73200,0.8,0.6764705882352942,0.65,0.5454545454545454,0.6571428571428571
73500,0.8,0.7352941176470589,0.7,0.5454545454545454,0.6428571428571429
73800,0.8,0.7352941176470589,0.75,0.5,0.6285714285714286
74100,0.7833333333333333,0.7058823529411765,0.8,0.5,0.6142857142857143
74400,0.8,0.7352941176470589,0.8,0.5454545454545454,0.6285714285714286
74700,0.8,0.7941176470588235,0.75,0.5909090909090909,0.6142857142857143
75000,0.7833333333333333,0.7647058823529411,0.8,0.5909090909090909,0.6142857142857143
75300,0.85,0.7647058823529411,0.8,0.5909090909090909,0.5857142857142857
75600,0.8666666666666667,0.7058823529411765,0.7,0.5,0.5857142857142857
75900,0.8833333333333333,0.6470588235294118,0.75,0.4090909090909091,0.5714285714285714
76200,0.8666666666666667,0.6176470588235294,0.7,0.36363636363636365,0.5714285714285714
76500,0.85,0.5588235294117647,0.7,0.4090909090909091,0.5714285714285714
76800,0.8333333333333334,0.5588235294117647,0.7,0.4090909090909091,0.5857142857142857
77100,0.85,0.6176470588235294,0.65,0.5,0.6142857142857143
77400,0.0,0.6176470588235294,0.5,0.5454545454545454,0.6428571428571429
77700,0.8333333333333334,0.6470588235294118,0.6,0.6363636363636364,0.6142857142857143
78000,0.8166666666666667,0.5588235294117647,0.65,0.5909090909090909,0.6428571428571429
78300,0.7833333333333333,0.5294117647058824,0.65,0.7272727272727273,0.6714285714285714
78600,0.75,0.6176470588235294,0.65,0.7272727272727273,0.7
78900,0.7166666666666667,0.6176470588235294,0.55,0.6363636363636364,0.7142857142857143
79200,0.7166666666666667,0.6176470588235294,0.55,0.6818181818181818,0.7142857142857143
79500,0.75,0.6470588235294118,0.45,0.5909090909090909,0.7428571428571429
79800,0.75,0.5882352941176471,0.4,0.5909090909090909,0.7428571428571429
80100,0.7333333333333333,0.5588235294117647,0.4,0.5909090909090909,0.7142857142857143
80400,0.7166666666666667,0.5,0.5,0.5454545454545454,0.7428571428571429
80700,0.7,0.5,0.55,0.45454545454545453,0.7571428571428571
81000,0.7166666666666667,0.5294117647058824,0.6,0.45454545454545453,0.7571428571428571
81300,0.75,0.5,0.55,0.45454545454545453,0.7714285714285715
81600,0.7833333333333333,0.4411764705882353,0.6,0.45454545454545453,0.7428571428571429
81900,0.8166666666666667,0.38235294117647056,0.6,0.5,0.7428571428571429
82200,0.75,0.38235294117647056,0.7,0.5,0.7428571428571429
82500,0.7166666666666667,0.47058823529411764,0.7,0.5,0.7571428571428571
82800,0.7333333333333333,0.5294117647058824,0.75,0.5,0.7285714285714285
83100,0.7333333333333333,0.5588235294117647,0.75,0.5909090909090909,0.7285714285714285
83400,0.7833333333333333,0.5294117647058824,0.75,0.6363636363636364,0.7142857142857143
83700,0.7666666666666667,0.5294117647058824,0.7,0.7272727272727273,0.7142857142857143
84000,0.7833333333333333,0.47058823529411764,0.7,0.6818181818181818,0.7
84300,0.7833333333333333,0.5,0.7,0.6818181818181818,0.6857142857142857
84600,0.7333333333333333,0.5,0.7,0.6818181818181818,0.6857142857142857
84900,0.7333333333333333,0.4411764705882353,0.7,0.6363636363636364,0.6857142857142857
85200,0.7,0.3235294117647059,0.7,0.5909090909090909,0.6857142857142857
85500,0.6666666666666666,0.29411764705882354,0.8,0.5454545454545454,0.6857142857142857
85800,0.65,0.3235294117647059,0.8,0.5909090909090909,0.6857142857142857
86100,0.65,0.38235294117647056,0.8,0.5,0.6857142857142857
86400,0.6166666666666667,0.4117647058823529,0.8,0.5909090909090909,0.6571428571428571
86700,0.5666666666666667,0.0,0.75,0.5,0.6428571428571429
87000,0.48333333333333334,0.20588235294117646,0.7,0.5,0.6285714285714286
87300,0.45,0.11764705882352941,0.7,0.45454545454545453,0.5714285714285714
87600,0.31666666666666665,0.029411764705882353,0.7,0.3181818181818182,0.5428571428571428
87900,0.26666666666666666,0.029411764705882353,0.65,0.36363636363636365,0.5428571428571428
88200,0.18333333333333332,0.029411764705882353,0.55,0.22727272727272727,0.5428571428571428
88500,0.2,0.058823529411764705,0.65,0.3181818181818182,0.5285714285714286
88800,0.15,0.0,0.6,0.2727272727272727,0.5285714285714286
89100,0.21666666666666667,0.0,0.6,0.22727272727272727,0.5142857142857142
89400,0.23333333333333334,0.058823529411764705,0.45,0.2727272727272727,0.5
89700,0.2,0.0,0.4,0.22727272727272727,0.4857142857142857
90000,0.15,0.029411764705882353,0.45,0.22727272727272727,0.4714285714285714
90300,0.11666666666666667,0.0,0.35,0.18181818181818182,0.4714285714285714
90600,0.18333333333333332,0.08823529411764706,0.4,0.22727272727272727,0.45714285714285713
90900,0.13333333333333333,0.08823529411764706,0.4,0.18181818181818182,0.42857142857142855
91200,0.18333333333333332,0.17647058823529413,0.5,0.2727272727272727,0.42857142857142855
91500,0.2833333333333333,0.20588235294117646,0.45,0.13636363636363635,0.42857142857142855
91800,0.25,0.23529411764705882,0.5,0.36363636363636365,0.4142857142857143
92100,0.25,0.23529411764705882,0.55,0.4090909090909091,0.4142857142857143
92400,0.25,0.20588235294117646,0.55,0.36363636363636365,0.4
92700,0.26666666666666666,0.20588235294117646,0.5,0.3181818181818182,0.38571428571428573
93000,0.2833333333333333,0.23529411764705882,0.5,0.2727272727272727,0.38571428571428573
93300,0.3333333333333333,0.14705882352941177,0.5,0.13636363636363635,0.38571428571428573
93600,0.4,0.23529411764705882,0.6,0.2727272727272727,0.38571428571428573
93900,0.4166666666666667,0.29411764705882354,0.7,0.2727272727272727,0.38571428571428573
94200,0.43333333333333335,0.29411764705882354,0.7,0.2727272727272727,0.38571428571428573
94500,0.43333333333333335,0.3235294117647059,0.7,0.3181818181818182,0.38571428571428573
94800,0.43333333333333335,0.3235294117647059,0.65,0.2727272727272727,0.38571428571428573
95100,0.4166666666666667,0.4117647058823529,0.75,0.2727272727272727,0.4
95400,0.36666666666666664,0.35294117647058826,0.6,0.3181818181818182,0.4
95700,0.36666666666666664,0.35294117647058826,0.65,0.22727272727272727,0.4
96000,0.38333333333333336,0.4117647058823529,0.7,0.36363636363636365,0.4
96300,0.35,0.4117647058823529,0.7,0.45454545454545453,0.4
96600,0.31666666666666665,0.4411764705882353,0.6,0.45454545454545453,0.38571428571428573
96900,0.2833333333333333,0.4411764705882353,0.65,0.45454545454545453,0.37142857142857144
97200,0.2833333333333333,0.4411764705882353,0.55,0.36363636363636365,0.37142857142857144
97500,0.35,0.47058823529411764,0.65,0.2727272727272727,0.37142857142857144
97800,0.43333333333333335,0.38235294117647056,0.65,0.2727272727272727,0.37142857142857144
98100,0.45,0.38235294117647056,0.7,0.09090909090909091,0.37142857142857144
98400,0.45,0.4117647058823529,0.7,0.09090909090909091,0.37142857142857144
98700,0.4166666666666667,0.38235294117647056,0.7,0.09090909090909091,0.37142857142857144
99000,0.5,0.4117647058823529,0.8,0.0,0.37142857142857144
99300,0.5,0.38235294117647056,0.8,0.045454545454545456,0.37142857142857144
99600,0.5333333333333333,0.4117647058823529,0.75,0.045454545454545456,0.37142857142857144
99900,0.5666666666666667,0.4411764705882353,0.65,0.0,0.37142857142857144
100200,0.5333333333333333,0.4411764705882353,0.75,0.0,0.37142857142857144
100500,0.5,0.38235294117647056,0.75,0.0,0.37142857142857144
100800,0.48333333333333334,0.35294117647058826,0.75,0.045454545454545456,0.37142857142857144
101100,0.48333333333333334,0.35294117647058826,0.75,0.045454545454545456,0.37142857142857144
101400,0.5166666666666667,0.29411764705882354,0.75,0.09090909090909091,0.37142857142857144
101700,0.5166666666666667,0.35294117647058826,0.8,0.09090909090909091,0.37142857142857144
102000,0.5,0.35294117647058826,0.8,0.13636363636363635,0.37142857142857144
102300,0.48333333333333334,0.3235294117647059,0.75,0.045454545454545456,0.37142857142857144
102600,0.55,0.35294117647058826,0.7,0.13636363636363635,0.37142857142857144
102900,0.5,0.20588235294117646,0.75,0.22727272727272727,0.37142857142857144
103200,0.48333333333333334,0.20588235294117646,0.75,0.2727272727272727,0.37142857142857144
103500,0.5,0.17647058823529413,0.7,0.36363636363636365,0.37142857142857144
103800,0.4666666666666667,0.17647058823529413,0.55,0.4090909090909091,0.37142857142857144
104100,0.4166666666666667,0.17647058823529413,0.4,0.45454545454545453,0.35714285714285715
104400,0.4,0.17647058823529413,0.45,0.45454545454545453,0.35714285714285715
104700,0.3333333333333333,0.14705882352941177,0.4,0.5,0.35714285714285715
105000,0.31666666666666665,0.11764705882352941,0.4,0.4090909090909091,0.35714285714285715
105300,0.3333333333333333,0.058823529411764705,0.3,0.36363636363636365,0.35714285714285715
105600,0.3,0.029411764705882353,0.3,0.36363636363636365,0.35714285714285715
105900,0.2833333333333333,0.08823529411764706,0.35,0.3181818181818182,0.35714285714285715
106200,0.26666666666666666,0.08823529411764706,0.35,0.2727272727272727,0.35714285714285715
106500,0.25,0.11764705882352941,0.3,0.2727272727272727,0.35714285714285715
106800,0.2,0.11764705882352941,0.35,0.2727272727272727,0.35714285714285715
107100,0.26666666666666666,0.08823529411764706,0.3,0.36363636363636365,0.35714285714285715
107400,0.16666666666666666,0.08823529411764706,0.3,0.3181818181818182,0.35714285714285715
107700,0.18333333333333332,0.11764705882352941,0.4,0.22727272727272727,0.35714285714285715
108000,0.18333333333333332,0.14705882352941177,0.45,0.3181818181818182,0.37142857142857144
108300,0.18333333333333332,0.20588235294117646,0.5,0.36363636363636365,0.38571428571428573
108600,0.2,0.20588235294117646,0.45,0.4090909090909091,0.38571428571428573
108900,0.16666666666666666,0.14705882352941177,0.5,0.3181818181818182,0.38571428571428573
109200,0.16666666666666666,0.35294117647058826,0.4,0.2727272727272727,0.38571428571428573
109500,0.11666666666666667,0.4117647058823529,0.4,0.22727272727272727,0.38571428571428573
109800,0.1,0.35294117647058826,0.4,0.2727272727272727,0.38571428571428573
110100,0.11666666666666667,0.20588235294117646,0.35,0.36363636363636365,0.38571428571428573
110400,0.15,0.14705882352941177,0.45,0.4090909090909091,0.38571428571428573
110700,0.18333333333333332,0.20588235294117646,0.55,0.36363636363636365,0.38571428571428573
111000,0.26666666666666666,0.11764705882352941,0.6,0.3181818181818182,0.38571428571428573
111300,0.26666666666666666,0.11764705882352941,0.6,0.2727272727272727,0.38571428571428573
111600,0.26666666666666666,0.029411764705882353,0.45,0.2727272727272727,0.38571428571428573
111900,0.3,0.029411764705882353,0.65,0.22727272727272727,0.4
112200,0.2,0.058823529411764705,0.5,0.18181818181818182,0.44285714285714284
112500,0.23333333333333334,0.0,0.5,0.22727272727272727,0.44285714285714284
112800,0.18333333333333332,0.0,0.35,0.18181818181818182,0.45714285714285713
113100,0.21666666666666667,0.029411764705882353,0.5,0.18181818181818182,0.4714285714285714
113400,0.13333333333333333,0.11764705882352941,0.55,0.13636363636363635,0.4857142857142857
113700,0.11666666666666667,0.20588235294117646,0.5,0.09090909090909091,0.4857142857142857
114000,0.26666666666666666,0.17647058823529413,0.55,0.09090909090909091,0.5
114300,0.25,0.23529411764705882,0.6,0.18181818181818182,0.5142857142857142
114600,0.3,0.29411764705882354,0.55,0.13636363636363635,0.5285714285714286
114900,0.38333333333333336,0.23529411764705882,0.65,0.22727272727272727,0.5571428571428572
115200,0.5166666666666667,0.29411764705882354,0.65,0.22727272727272727,0.6571428571428571
115500,0.5333333333333333,0.35294117647058826,0.65,0.36363636363636365,0.6857142857142857
115800,0.5166666666666667,0.4411764705882353,0.65,0.3181818181818182,0.6857142857142857
116100,0.5333333333333333,0.5,0.7,0.3181818181818182,0.7142857142857143
116400,0.5666666666666667,0.5882352941176471,0.75,0.3181818181818182,0.7285714285714285
116700,0.6,0.6764705882352942,0.7,0.36363636363636365,0.7428571428571429
117000,0.6833333333333333,0.7941176470588235,0.75,0.36363636363636365,0.7571428571428571
117300,0.7,0.8235294117647058,0.9,0.36363636363636365,0.7571428571428571
117600,0.7333333333333333,0.8529411764705882,0.95,0.36363636363636365,0.7714285714285715
117900,0.7833333333333333,0.9117647058823529,0.95,0.45454545454545453,0.7714285714285715
118200,0.8666666666666667,0.9117647058823529,0.85,0.5,0.8
118500,0.8666666666666667,0.9117647058823529,0.95,0.5454545454545454,0.7857142857142857
118800,0.8666666666666667,0.9411764705882353,0.95,0.6363636363636364,0.8142857142857143
119100,0.7833333333333333,0.9411764705882353,0.85,0.5909090909090909,0.8142857142857143
119400,0.8166666666666667,0.9411764705882353,0.85,0.5909090909090909,0.8285714285714286
119700,0.8166666666666667,0.9411764705882353,0.95,0.5909090909090909,0.8285714285714286
120000,0.8333333333333334,0.9411764705882353,1.0,0.6818181818181818,0.8285714285714286
120300,0.8333333333333334,0.9411764705882353,0.9,0.7272727272727273,0.8285714285714286
120600,0.8166666666666667,0.9411764705882353,0.95,0.6818181818181818,0.8
120900,0.85,0.9411764705882353,0.95,0.7272727272727273,0.8
121200,0.8666666666666667,0.9411764705882353,0.85,0.7727272727272727,0.8142857142857143
121500,0.8833333333333333,0.9411764705882353,0.95,0.8181818181818182,0.8142857142857143
121800,0.8666666666666667,0.9705882352941176,0.85,0.8181818181818182,0.8428571428571429
122100,0.8833333333333333,0.9411764705882353,0.95,0.7272727272727273,0.8428571428571429
122400,0.8833333333333333,0.9411764705882353,0.85,0.7272727272727273,0.8428571428571429
122700,0.8833333333333333,0.9411764705882353,0.85,0.7272727272727273,0.8428571428571429
123000,0.95,0.9411764705882353,0.85,0.7272727272727273,0.8142857142857143
123300,0.95,0.9117647058823529,0.95,0.7272727272727273,0.8285714285714286
123600,0.9833333333333333,0.9117647058823529,0.95,0.7727272727272727,0.8285714285714286
123900,0.9666666666666667,0.9117647058823529,0.9,0.7727272727272727,0.7857142857142857
124200,0.9666666666666667,0.9117647058823529,0.9,0.7727272727272727,0.7857142857142857
124500,0.95,0.9117647058823529,0.9,0.8181818181818182,0.8142857142857143
124800,0.9333333333333333,0.9117647058823529,0.85,0.8636363636363636,0.7857142857142857
125100,0.9166666666666666,0.9117647058823529,0.8,0.9090909090909091,0.7857142857142857
125400,0.0,0.0,0.0,0.0,0.0
125700,0.9166666666666666,0.8823529411764706,0.85,0.9545454545454546,0.7571428571428571
126000,0.9166666666666666,0.9117647058823529,0.75,1.0,0.7714285714285715
126300,0.9333333333333333,0.9117647058823529,0.85,1.0,0.7428571428571429
126600,0.9333333333333333,0.8823529411764706,0.85,1.0,0.7285714285714285
126900,0.9166666666666666,0.8823529411764706,0.85,1.0,0.7428571428571429
127200,0.9333333333333333,0.8823529411764706,0.85,1.0,0.7428571428571429
127500,0.9666666666666667,0.8823529411764706,0.75,1.0,0.7428571428571429
127800,0.95,0.9117647058823529,0.8,0.9545454545454546,0.7571428571428571
128100,0.9666666666666667,0.9411764705882353,0.75,0.9545454545454546,0.7571428571428571
128400,0.9666666666666667,0.9411764705882353,0.8,0.9545454545454546,0.7428571428571429
128700,0.9666666666666667,0.9411764705882353,0.8,0.9545454545454546,0.7285714285714285
129000,0.9333333333333333,0.9411764705882353,0.75,0.9545454545454546,0.7285714285714285
129300,0.9,0.9411764705882353,0.75,0.9545454545454546,0.6857142857142857
129600,0.8833333333333333,0.9411764705882353,0.7,0.9545454545454546,0.7
129900,0.85,0.9117647058823529,0.65,0.7727272727272727,0.6714285714285714
130200,0.7833333333333333,0.8529411764705882,0.75,0.7272727272727273,0.6571428571428571
130500,0.7833333333333333,0.8529411764705882,0.65,0.7272727272727273,0.6571428571428571
130800,0.7333333333333333,0.7941176470588235,0.7,0.6818181818181818,0.6428571428571429
131100,0.6833333333333333,0.7941176470588235,0.7,0.5909090909090909,0.6142857142857143
131400,0.65,0.7941176470588235,0.65,0.5454545454545454,0.6
131700,0.6333333333333333,0.7058823529411765,0.55,0.5,0.5857142857142857
132000,0.6166666666666667,0.6470588235294118,0.6,0.45454545454545453,0.6
132300,0.65,0.5,0.55,0.45454545454545453,0.6142857142857143
132600,0.6833333333333333,0.4411764705882353,0.6,0.36363636363636365,0.6285714285714286
132900,0.6666666666666666,0.4117647058823529,0.75,0.36363636363636365,0.6285714285714286
133200,0.6666666666666666,0.4411764705882353,0.7,0.3181818181818182,0.6142857142857143
133500,0.65,0.4411764705882353,0.6,0.2727272727272727,0.6571428571428571
133800,0.7166666666666667,0.4411764705882353,0.65,0.2727272727272727,0.6428571428571429
134100,0.7333333333333333,0.5294117647058824,0.7,0.36363636363636365,0.6714285714285714
134400,0.75,0.5294117647058824,0.6,0.45454545454545453,0.6571428571428571
134700,0.8,0.5588235294117647,0.55,0.45454545454545453,0.6285714285714286
135000,0.8333333333333334,0.5588235294117647,0.55,0.5,0.6285714285714286
135300,0.8166666666666667,0.6176470588235294,0.4,0.5,0.6285714285714286
135600,0.8333333333333334,0.5882352941176471,0.4,0.6363636363636364,0.6428571428571429
135900,0.8333333333333334,0.6176470588235294,0.5,0.5454545454545454,0.6285714285714286
136200,0.8166666666666667,0.7058823529411765,0.45,0.5909090909090909,0.6571428571428571
136500,0.8666666666666667,0.8235294117647058,0.4,0.5,0.6571428571428571
136800,0.8666666666666667,0.8235294117647058,0.4,0.4090909090909091,0.6571428571428571
137100,0.8833333333333333,0.8235294117647058,0.55,0.4090909090909091,0.6571428571428571
137400,0.9333333333333333,0.8235294117647058,0.75,0.45454545454545453,0.6142857142857143
137700,0.9333333333333333,0.8235294117647058,0.8,0.4090909090909091,0.6
138000,0.9333333333333333,0.7941176470588235,0.75,0.4090909090909091,0.6285714285714286
138300,0.9333333333333333,0.8235294117647058,0.75,0.5,0.6285714285714286
138600,0.9333333333333333,0.8529411764705882,0.8,0.5,0.6428571428571429
138900,0.95,0.9705882352941176,0.8,0.5454545454545454,0.6428571428571429
139200,0.95,0.9705882352941176,0.8,0.5454545454545454,0.6714285714285714
139500,0.95,0.9705882352941176,0.9,0.6363636363636364,0.6714285714285714
139800,0.95,1.0,0.85,0.5909090909090909,0.6714285714285714
140100,0.9333333333333333,1.0,0.95,0.5909090909090909,0.6714285714285714
140400,0.9333333333333333,1.0,0.95,0.6363636363636364,0.6857142857142857
140700,0.9333333333333333,1.0,0.85,0.7272727272727273,0.7
141000,0.9666666666666667,1.0,0.95,0.7727272727272727,0.7285714285714285
141300,0.9666666666666667,1.0,0.95,0.7727272727272727,0.7285714285714285
141600,0.9666666666666667,1.0,0.95,0.7727272727272727,0.7428571428571429
141900,0.9833333333333333,0.9705882352941176,0.95,0.8181818181818182,0.7571428571428571
142200,0.9833333333333333,0.9705882352941176,0.95,0.8181818181818182,0.7857142857142857
142500,0.9833333333333333,0.9705882352941176,1.0,0.8636363636363636,0.7571428571428571
142800,0.9833333333333333,0.9411764705882353,1.0,0.8636363636363636,0.7428571428571429
143100,0.95,0.9411764705882353,1.0,0.8636363636363636,0.7714285714285715
143400,0.9333333333333333,0.9411764705882353,1.0,0.8636363636363636,0.7428571428571429
143700,0.8833333333333333,0.9705882352941176,0.9,0.8636363636363636,0.7428571428571429
144000,0.9,1.0,0.9,0.9090909090909091,0.7428571428571429
144300,0.8833333333333333,0.9705882352941176,0.9,0.9090909090909091,0.7285714285714285
144600,0.8666666666666667,0.9705882352941176,0.9,0.9090909090909091,0.7428571428571429
144900,0.8666666666666667,0.9705882352941176,0.8,0.9090909090909091,0.7571428571428571
145200,0.8666666666666667,0.9705882352941176,0.8,0.9090909090909091,0.7428571428571429
145500,0.8666666666666667,0.9705882352941176,0.8,0.9090909090909091,0.7428571428571429
145800,0.8666666666666667,0.9411764705882353,0.75,0.8636363636363636,0.7714285714285715
146100,0.8666666666666667,0.9411764705882353,0.8,0.8181818181818182,0.8285714285714286
146400,0.85,0.9411764705882353,0.75,0.8181818181818182,0.8142857142857143
146700,0.8666666666666667,0.8823529411764706,0.7,0.8181818181818182,0.7857142857142857
147000,0.8833333333333333,0.8823529411764706,0.7,0.8636363636363636,0.7857142857142857
147300,0.8833333333333333,0.8823529411764706,0.7,0.8636363636363636,0.7857142857142857
147600,0.8833333333333333,0.9117647058823529,0.65,0.8181818181818182,0.7857142857142857
147900,0.9,0.9117647058823529,0.6,0.7727272727272727,0.7857142857142857
148200,0.9166666666666666,0.9117647058823529,0.55,0.7727272727272727,0.7571428571428571
148500,0.9333333333333333,0.9411764705882353,0.6,0.7727272727272727,0.7428571428571429
148800,0.9666666666666667,0.9117647058823529,0.6,0.8181818181818182,0.7285714285714285
149100,0.95,0.9117647058823529,0.65,0.8636363636363636,0.7285714285714285
149400,0.9333333333333333,0.9411764705882353,0.7,0.8636363636363636,0.7285714285714285
149700,0.9333333333333333,0.9411764705882353,0.75,0.8636363636363636,0.7285714285714285
150000,0.95,0.9411764705882353,0.6,0.8636363636363636,0.7142857142857143
150300,0.9166666666666666,0.9117647058823529,0.7,0.8181818181818182,0.7142857142857143
150600,0.95,0.9411764705882353,0.6,0.8181818181818182,0.7285714285714285
150900,0.95,0.9411764705882353,0.6,0.8181818181818182,0.6857142857142857
151200,0.9666666666666667,0.9411764705882353,0.6,0.8636363636363636,0.6857142857142857
151500,0.9666666666666667,0.9705882352941176,0.65,0.8181818181818182,0.6857142857142857
151800,0.9666666666666667,0.9705882352941176,0.6,0.8181818181818182,0.7285714285714285
152100,0.9666666666666667,0.9705882352941176,0.75,0.8636363636363636,0.7714285714285715
152400,0.9666666666666667,0.9705882352941176,0.75,0.8636363636363636,0.7714285714285715
152700,0.95,0.9705882352941176,0.75,0.8181818181818182,0.7714285714285715
153000,0.95,0.9705882352941176,0.75,0.8636363636363636,0.7714285714285715
153300,0.95,0.9705882352941176,0.6,0.8636363636363636,0.7571428571428571
153600,0.95,0.9411764705882353,0.7,0.9090909090909091,0.7428571428571429
153900,0.95,0.9411764705882353,0.7,0.8636363636363636,0.7428571428571429
154200,0.95,0.9411764705882353,0.65,0.9090909090909091,0.7714285714285715
154500,0.95,0.9117647058823529,0.65,0.9090909090909091,0.7714285714285715
154800,0.95,0.9411764705882353,0.65,0.8636363636363636,0.8142857142857143
155100,0.9,0.9411764705882353,0.7,0.8181818181818182,0.8
155400,0.85,0.9117647058823529,0.65,0.7272727272727273,0.7857142857142857
155700,0.85,0.8529411764705882,0.55,0.6363636363636364,0.7714285714285715
156000,0.8333333333333334,0.8235294117647058,0.7,0.5909090909090909,0.7571428571428571
156300,0.8333333333333334,0.8235294117647058,0.8,0.5454545454545454,0.7428571428571429
156600,0.8333333333333334,0.8235294117647058,0.7,0.5454545454545454,0.7285714285714285
156900,0.8333333333333334,0.7647058823529411,0.75,0.5454545454545454,0.7428571428571429
157200,0.8166666666666667,0.7647058823529411,0.65,0.5,0.7142857142857143
157500,0.8166666666666667,0.7352941176470589,0.7,0.5454545454545454,0.7142857142857143
157800,0.8166666666666667,0.7352941176470589,0.6,0.5454545454545454,0.7142857142857143
158100,0.8333333333333334,0.7352941176470589,0.6,0.45454545454545453,0.7
158400,0.8166666666666667,0.7352941176470589,0.55,0.45454545454545453,0.7
158700,0.8333333333333334,0.7352941176470589,0.65,0.5454545454545454,0.7
159000,0.8166666666666667,0.7647058823529411,0.4,0.5,0.7
159300,0.8333333333333334,0.7941176470588235,0.5,0.5,0.7285714285714285
159600,0.8166666666666667,0.7647058823529411,0.5,0.5454545454545454,0.7571428571428571
159900,0.8166666666666667,0.7352941176470589,0.55,0.5,0.7714285714285715
160200,0.8333333333333334,0.6470588235294118,0.6,0.5,0.8
160500,0.8166666666666667,0.6470588235294118,0.65,0.5,0.8
160800,0.8166666666666667,0.5882352941176471,0.65,0.5,0.8
161100,0.8333333333333334,0.5588235294117647,0.7,0.5454545454545454,0.7857142857142857
161400,0.8166666666666667,0.5882352941176471,0.7,0.5909090909090909,0.8142857142857143
161700,0.8,0.5882352941176471,0.85,0.5909090909090909,0.7857142857142857
162000,0.8166666666666667,0.5882352941176471,0.85,0.5909090909090909,0.7714285714285715
162300,0.8,0.5882352941176471,0.8,0.6363636363636364,0.7428571428571429
162600,0.75,0.5588235294117647,0.8,0.7727272727272727,0.7285714285714285
162900,0.7166666666666667,0.5588235294117647,0.85,0.7727272727272727,0.7285714285714285
163200,0.6833333333333333,0.5294117647058824,0.8,0.7272727272727273,0.7285714285714285
163500,0.65,0.5,0.8,0.6818181818181818,0.7428571428571429
163800,0.6666666666666666,0.5294117647058824,0.8,0.6818181818181818,0.7428571428571429
164100,0.7,0.47058823529411764,0.9,0.6363636363636364,0.7571428571428571
164400,0.7166666666666667,0.47058823529411764,0.85,0.6363636363636364,0.7428571428571429
164700,0.7333333333333333,0.5588235294117647,0.9,0.6363636363636364,0.7285714285714285
165000,0.7666666666666667,0.5588235294117647,0.85,0.7727272727272727,0.7428571428571429
165300,0.8166666666666667,0.5882352941176471,0.85,0.8181818181818182,0.7428571428571429
165600,0.8666666666666667,0.5294117647058824,0.85,0.8636363636363636,0.7571428571428571
165900,0.85,0.5,0.85,0.8636363636363636,0.7714285714285715
166200,0.8,0.5,0.8,0.8636363636363636,0.7571428571428571
166500,0.8333333333333334,0.5294117647058824,0.75,0.9090909090909091,0.7571428571428571
166800,0.8,0.6176470588235294,0.9,0.8181818181818182,0.7142857142857143
167100,0.7833333333333333,0.6470588235294118,0.9,0.7272727272727273,0.7
167400,0.75,0.6764705882352942,0.85,0.6818181818181818,0.7
167700,0.7333333333333333,0.6176470588235294,0.85,0.6818181818181818,0.7
168000,0.6833333333333333,0.5882352941176471,0.9,0.6818181818181818,0.7142857142857143
168300,0.6833333333333333,0.5882352941176471,0.9,0.7727272727272727,0.7
168600,0.0,0.0,0.0,0.0,0.0
168900,0.6666666666666666,0.5294117647058824,0.9,0.6363636363636364,0.6714285714285714
169200,0.65,0.5294117647058824,0.9,0.5,0.6857142857142857
169500,0.6833333333333333,0.47058823529411764,0.9,0.5909090909090909,0.6571428571428571
169800,0.7166666666666667,0.47058823529411764,0.95,0.45454545454545453,0.6571428571428571
170100,0.7166666666666667,0.47058823529411764,0.95,0.4090909090909091,0.6285714285714286
170400,0.75,0.47058823529411764,0.9,0.3181818181818182,0.6285714285714286
170700,0.7333333333333333,0.5,0.9,0.36363636363636365,0.6142857142857143
171000,0.7166666666666667,0.5294117647058824,0.9,0.36363636363636365,0.6
171300,0.7,0.5,0.85,0.4090909090909091,0.6142857142857143
171600,0.6833333333333333,0.5,0.8,0.4090909090909091,0.6
171900,0.6833333333333333,0.5588235294117647,0.8,0.4090909090909091,0.6
172200,0.6666666666666666,0.5294117647058824,0.8,0.45454545454545453,0.6
172500,0.6666666666666666,0.5,0.7,0.5,0.5857142857142857
172800,0.6,0.5588235294117647,0.65,0.5,0.5714285714285714
173100,0.4666666666666667,0.0,0.7,0.5,0.5571428571428572
173400,0.38333333333333336,0.35294117647058826,0.65,0.5909090909090909,0.5428571428571428
173700,0.38333333333333336,0.29411764705882354,0.4,0.5,0.5285714285714286
174000,0.3333333333333333,0.23529411764705882,0.25,0.4090909090909091,0.5
174300,0.25,0.20588235294117646,0.25,0.4090909090909091,0.5
174600,0.25,0.14705882352941177,0.25,0.4090909090909091,0.5
174900,0.21666666666666667,0.08823529411764706,0.4,0.36363636363636365,0.5
175200,0.16666666666666666,0.08823529411764706,0.3,0.3181818181818182,0.5
175500,0.11666666666666667,0.058823529411764705,0.35,0.3181818181818182,0.5
175800,0.11666666666666667,0.058823529411764705,0.4,0.22727272727272727,0.4714285714285714
176100,0.13333333333333333,0.11764705882352941,0.4,0.18181818181818182,0.4857142857142857
176400,0.08333333333333333,0.11764705882352941,0.35,0.09090909090909091,0.4714285714285714
176700,0.11666666666666667,0.23529411764705882,0.45,0.09090909090909091,0.4714285714285714
177000,0.13333333333333333,0.23529411764705882,0.45,0.2727272727272727,0.4714285714285714
177300,0.16666666666666666,0.23529411764705882,0.6,0.36363636363636365,0.45714285714285713
177600,0.26666666666666666,0.2647058823529412,0.6,0.36363636363636365,0.45714285714285713
177900,0.3333333333333333,0.23529411764705882,0.7,0.36363636363636365,0.44285714285714284
178200,0.35,0.2647058823529412,0.7,0.2727272727272727,0.44285714285714284
178500,0.4,0.3235294117647059,0.7,0.2727272727272727,0.44285714285714284
178800,0.4,0.35294117647058826,0.65,0.22727272727272727,0.44285714285714284
179100,0.38333333333333336,0.35294117647058826,0.6,0.22727272727272727,0.4142857142857143
179400,0.43333333333333335,0.35294117647058826,0.6,0.22727272727272727,0.4142857142857143
179700,0.4166666666666667,0.4117647058823529,0.7,0.13636363636363635,0.4142857142857143
180000,0.43333333333333335,0.4117647058823529,0.7,0.045454545454545456,0.4142857142857143
180300,0.43333333333333335,0.4117647058823529,0.7,0.045454545454545456,0.4142857142857143
180600,0.5,0.4411764705882353,0.5,0.045454545454545456,0.4142857142857143
180900,0.5333333333333333,0.4411764705882353,0.6,0.13636363636363635,0.4
181200,0.48333333333333334,0.4411764705882353,0.65,0.13636363636363635,0.4
181500,0.4666666666666667,0.4411764705882353,0.55,0.22727272727272727,0.4
181800,0.5833333333333334,0.4411764705882353,0.55,0.2727272727272727,0.4
182100,0.6,0.47058823529411764,0.65,0.3181818181818182,0.4
182400,0.6166666666666667,0.5294117647058824,0.55,0.22727272727272727,0.38571428571428573
182700,0.5833333333333334,0.5882352941176471,0.6,0.3181818181818182,0.4
183000,0.6166666666666667,0.5588235294117647,0.6,0.22727272727272727,0.4
183300,0.0,0.0,0.0,0.0,0.0
183600,0.5833333333333334,0.5588235294117647,0.6,0.18181818181818182,0.4
183900,0.5833333333333334,0.4411764705882353,0.7,0.18181818181818182,0.4
184200,0.5833333333333334,0.4117647058823529,0.65,0.18181818181818182,0.4
184500,0.5666666666666667,0.4117647058823529,0.6,0.13636363636363635,0.4
184800,0.5666666666666667,0.47058823529411764,0.6,0.22727272727272727,0.4
185100,0.5333333333333333,0.4411764705882353,0.5,0.2727272727272727,0.4
185400,0.5166666666666667,0.4411764705882353,0.5,0.5454545454545454,0.4
185700,0.5666666666666667,0.4117647058823529,0.5,0.5909090909090909,0.38571428571428573
186000,0.5666666666666667,0.4117647058823529,0.55,0.5909090909090909,0.4
186300,0.48333333333333334,0.38235294117647056,0.65,0.6818181818181818,0.4
186600,0.5333333333333333,0.38235294117647056,0.7,0.6363636363636364,0.4
186900,0.5,0.4411764705882353,0.7,0.5,0.38571428571428573
187200,0.5333333333333333,0.47058823529411764,0.7,0.4090909090909091,0.38571428571428573
187500,0.5666666666666667,0.47058823529411764,0.7,0.4090909090909091,0.38571428571428573
187800,0.4666666666666667,0.4411764705882353,0.75,0.45454545454545453,0.38571428571428573
188100,0.48333333333333334,0.4411764705882353,0.75,0.2727272727272727,0.38571428571428573
188400,0.48333333333333334,0.5294117647058824,0.75,0.18181818181818182,0.37142857142857144
188700,0.5166666666666667,0.5,0.75,0.3181818181818182,0.37142857142857144
189000,0.5333333333333333,0.47058823529411764,0.7,0.3181818181818182,0.37142857142857144
189300,0.5166666666666667,0.4411764705882353,0.75,0.22727272727272727,0.37142857142857144
189600,0.48333333333333334,0.4411764705882353,0.7,0.18181818181818182,0.37142857142857144
189900,0.48333333333333334,0.4411764705882353,0.6,0.09090909090909091,0.37142857142857144
190200,0.48333333333333334,0.4411764705882353,0.65,0.09090909090909091,0.37142857142857144
190500,0.0,0.0,0.0,0.0,0.0
190800,0.45,0.47058823529411764,0.6,0.13636363636363635,0.37142857142857144
191100,0.4166666666666667,0.4411764705882353,0.55,0.13636363636363635,0.37142857142857144
191400,0.4,0.4411764705882353,0.55,0.13636363636363635,0.37142857142857144
191700,0.35,0.4117647058823529,0.6,0.13636363636363635,0.37142857142857144
192000,0.2833333333333333,0.4117647058823529,0.55,0.13636363636363635,0.37142857142857144
192300,0.31666666666666665,0.35294117647058826,0.45,0.13636363636363635,0.37142857142857144
192600,0.26666666666666666,0.38235294117647056,0.5,0.09090909090909091,0.37142857142857144
192900,0.18333333333333332,0.3235294117647059,0.5,0.18181818181818182,0.37142857142857144
193200,0.21666666666666667,0.35294117647058826,0.5,0.2727272727272727,0.37142857142857144
193500,0.13333333333333333,0.2647058823529412,0.45,0.2727272727272727,0.37142857142857144
193800,0.13333333333333333,0.29411764705882354,0.5,0.22727272727272727,0.37142857142857144
194100,0.06666666666666667,0.23529411764705882,0.5,0.22727272727272727,0.38571428571428573
194400,0.15,0.17647058823529413,0.45,0.22727272727272727,0.38571428571428573
194700,0.13333333333333333,0.058823529411764705,0.4,0.2727272727272727,0.38571428571428573
195000,0.2,0.058823529411764705,0.35,0.22727272727272727,0.4
195300,0.21666666666666667,0.11764705882352941,0.2,0.18181818181818182,0.4
195600,0.25,0.14705882352941177,0.25,0.3181818181818182,0.4142857142857143
195900,0.23333333333333334,0.14705882352941177,0.25,0.22727272727272727,0.4142857142857143
196200,0.18333333333333332,0.11764705882352941,0.2,0.22727272727272727,0.4142857142857143
196500,0.15,0.11764705882352941,0.2,0.36363636363636365,0.4142857142857143
196800,0.18333333333333332,0.08823529411764706,0.25,0.36363636363636365,0.4142857142857143
197100,0.16666666666666666,0.058823529411764705,0.3,0.36363636363636365,0.4142857142857143
197400,0.21666666666666667,0.08823529411764706,0.4,0.4090909090909091,0.4142857142857143
197700,0.2,0.08823529411764706,0.45,0.4090909090909091,0.42857142857142855
198000,0.18333333333333332,0.11764705882352941,0.4,0.36363636363636365,0.42857142857142855
198300,0.08333333333333333,0.11764705882352941,0.35,0.2727272727272727,0.44285714285714284
198600,0.06666666666666667,0.14705882352941177,0.35,0.4090909090909091,0.44285714285714284
198900,0.08333333333333333,0.17647058823529413,0.45,0.45454545454545453,0.45714285714285713
199200,0.1,0.23529411764705882,0.5,0.45454545454545453,0.4857142857142857
199500,0.05,0.23529411764705882,0.45,0.5454545454545454,0.4857142857142857
199800,0.08333333333333333,0.23529411764705882,0.4,0.5454545454545454,0.5
200100,0.05,0.23529411764705882,0.45,0.5,0.5285714285714286
200400,0.08333333333333333,0.29411764705882354,0.45,0.45454545454545453,0.5285714285714286
200700,0.11666666666666667,0.29411764705882354,0.35,0.5909090909090909,0.5428571428571428
201000,0.16666666666666666,0.3235294117647059,0.4,0.6363636363636364,0.5714285714285714
201300,0.16666666666666666,0.38235294117647056,0.4,0.5454545454545454,0.6
201600,0.23333333333333334,0.38235294117647056,0.5,0.5454545454545454,0.6714285714285714
201900,0.35,0.47058823529411764,0.55,0.5909090909090909,0.7142857142857143
202200,0.43333333333333335,0.5882352941176471,0.65,0.6818181818181818,0.7142857142857143
202500,0.5333333333333333,0.6470588235294118,0.7,0.6818181818181818,0.7428571428571429
202800,0.5666666666666667,0.6764705882352942,0.7,0.6818181818181818,0.7571428571428571
203100,0.6166666666666667,0.6764705882352942,0.7,0.7727272727272727,0.7714285714285715
203400,0.65,0.6764705882352942,0.65,0.7727272727272727,0.7714285714285715
203700,0.7333333333333333,0.7352941176470589,0.65,0.7727272727272727,0.7714285714285715
204000,0.7333333333333333,0.7058823529411765,0.65,0.8181818181818182,0.7857142857142857
204300,0.7666666666666667,0.7352941176470589,0.65,0.8181818181818182,0.7857142857142857
204600,0.7833333333333333,0.7352941176470589,0.7,0.8181818181818182,0.7714285714285715
204900,0.8,0.7058823529411765,0.75,0.7727272727272727,0.7714285714285715
205200,0.8333333333333334,0.7058823529411765,0.8,0.6818181818181818,0.8
205500,0.8333333333333334,0.7352941176470589,0.8,0.5909090909090909,0.8142857142857143
205800,0.8,0.8235294117647058,0.8,0.5454545454545454,0.8142857142857143
206100,0.8,0.8235294117647058,0.8,0.5454545454545454,0.8285714285714286
206400,0.8,0.8235294117647058,0.8,0.5454545454545454,0.8428571428571429
206700,0.8,0.7941176470588235,0.75,0.5454545454545454,0.8428571428571429
207000,0.7833333333333333,0.8235294117647058,0.75,0.6363636363636364,0.8428571428571429
207300,0.8,0.7941176470588235,0.75,0.7272727272727273,0.8428571428571429
207600,0.8,0.8235294117647058,0.75,0.7272727272727273,0.8285714285714286
207900,0.8,0.8529411764705882,0.8,0.7727272727272727,0.8285714285714286
208200,0.8166666666666667,0.8529411764705882,0.8,0.7727272727272727,0.8285714285714286
208500,0.85,0.8823529411764706,0.8,0.7727272727272727,0.8285714285714286
208800,0.85,0.9117647058823529,0.85,0.8181818181818182,0.8428571428571429
209100,0.85,0.9411764705882353,0.85,0.8181818181818182,0.8285714285714286
209400,0.8666666666666667,0.9411764705882353,0.85,0.7727272727272727,0.8285714285714286
209700,0.8666666666666667,0.9705882352941176,0.85,0.8181818181818182,0.8285714285714286
210000,0.9166666666666666,1.0,0.85,0.9090909090909091,0.8
210300,0.95,1.0,0.8,0.9090909090909091,0.8
210600,0.9666666666666667,1.0,0.85,0.9090909090909091,0.8
210900,0.9666666666666667,1.0,0.85,0.8636363636363636,0.7857142857142857
211200,0.9666666666666667,1.0,0.8,0.8636363636363636,0.7714285714285715
211500,0.9833333333333333,0.9705882352941176,0.8,0.8181818181818182,0.7714285714285715
211800,0.9833333333333333,0.9705882352941176,0.75,0.7727272727272727,0.7428571428571429
212100,0.9666666666666667,0.9411764705882353,0.65,0.8181818181818182,0.7714285714285715
212400,0.95,0.9411764705882353,0.65,0.9090909090909091,0.7714285714285715
212700,0.9666666666666667,0.9411764705882353,0.65,0.9090909090909091,0.7571428571428571
213000,0.9666666666666667,0.9411764705882353,0.7,0.8636363636363636,0.7714285714285715
213300,0.9666666666666667,0.9117647058823529,0.7,0.8636363636363636,0.7571428571428571
213600,0.9666666666666667,0.9117647058823529,0.7,0.8636363636363636,0.7428571428571429
213900,0.9666666666666667,0.9117647058823529,0.7,0.8636363636363636,0.7285714285714285
214200,0.9666666666666667,0.9117647058823529,0.7,0.8636363636363636,0.7428571428571429
214500,0.9666666666666667,0.8823529411764706,0.75,0.8636363636363636,0.7571428571428571
214800,0.95,0.8823529411764706,0.7,0.8636363636363636,0.7571428571428571
215100,0.9333333333333333,0.8823529411764706,0.75,0.8636363636363636,0.7285714285714285
215400,0.95,0.8529411764705882,0.65,0.8636363636363636,0.7
215700,0.95,0.8529411764705882,0.65,0.8636363636363636,0.7
216000,0.9666666666666667,0.9117647058823529,0.6,0.8181818181818182,0.6857142857142857
216300,0.95,0.9411764705882353,0.7,0.7727272727272727,0.6857142857142857
216600,0.8666666666666667,0.8823529411764706,0.7,0.5454545454545454,0.6428571428571429
216900,0.8666666666666667,0.8235294117647058,0.6,0.45454545454545453,0.6428571428571429
217200,0.8666666666666667,0.8529411764705882,0.7,0.45454545454545453,0.6428571428571429
217500,0.8666666666666667,0.8529411764705882,0.7,0.4090909090909091,0.6
217800,0.8666666666666667,0.8529411764705882,0.75,0.36363636363636365,0.5714285714285714
218100,0.85,0.8823529411764706,0.8,0.36363636363636365,0.5571428571428572
218400,0.8333333333333334,0.8823529411764706,0.8,0.36363636363636365,0.5571428571428572
218700,0.8333333333333334,0.8529411764705882,0.75,0.36363636363636365,0.5428571428571428
219000,0.8333333333333334,0.8529411764705882,0.7,0.22727272727272727,0.5428571428571428
219300,0.8333333333333334,0.8235294117647058,0.7,0.18181818181818182,0.5714285714285714
219600,0.8333333333333334,0.8529411764705882,0.6,0.18181818181818182,0.5857142857142857
219900,0.8,0.8235294117647058,0.65,0.18181818181818182,0.5857142857142857
220200,0.7833333333333333,0.7647058823529411,0.6,0.3181818181818182,0.6
220500,0.75,0.7941176470588235,0.65,0.3181818181818182,0.6285714285714286
220800,0.75,0.7941176470588235,0.7,0.3181818181818182,0.6571428571428571
221100,0.8333333333333334,0.7352941176470589,0.65,0.3181818181818182,0.6714285714285714
221400,0.8333333333333334,0.7058823529411765,0.6,0.36363636363636365,0.6857142857142857
221700,0.8,0.7058823529411765,0.6,0.36363636363636365,0.7
222000,0.75,0.7058823529411765,0.55,0.5454545454545454,0.7
222300,0.7666666666666667,0.7647058823529411,0.5,0.6363636363636364,0.6857142857142857
222600,0.7833333333333333,0.7647058823529411,0.5,0.6818181818181818,0.6857142857142857
222900,0.7333333333333333,0.7647058823529411,0.5,0.6818181818181818,0.6857142857142857
223200,0.7666666666666667,0.7941176470588235,0.6,0.7272727272727273,0.7285714285714285
223500,0.8166666666666667,0.7941176470588235,0.75,0.8181818181818182,0.7285714285714285
223800,0.8333333333333334,0.8235294117647058,0.75,0.8636363636363636,0.7285714285714285
224100,0.8666666666666667,0.7941176470588235,0.75,0.8181818181818182,0.7428571428571429
224400,0.9,0.7941176470588235,0.75,0.8181818181818182,0.7428571428571429
224700,0.9166666666666666,0.7941176470588235,0.7,0.8181818181818182,0.7285714285714285
225000,0.95,0.7941176470588235,0.75,0.8181818181818182,0.7428571428571429
225300,0.9666666666666667,0.7647058823529411,0.8,0.7727272727272727,0.7428571428571429
225600,0.9666666666666667,0.7941176470588235,0.85,0.7727272727272727,0.7428571428571429
225900,0.9666666666666667,0.7941176470588235,0.85,0.8636363636363636,0.7428571428571429
226200,0.9666666666666667,0.8235294117647058,0.85,0.8636363636363636,0.7714285714285715
226500,0.95,0.8235294117647058,0.85,0.8636363636363636,0.8142857142857143
226800,0.9166666666666666,0.8235294117647058,0.85,0.8636363636363636,0.7857142857142857
227100,0.9333333333333333,0.8823529411764706,0.9,0.8636363636363636,0.8
227400,0.95,0.8823529411764706,0.9,0.8636363636363636,0.8
227700,0.9333333333333333,0.8823529411764706,0.9,0.8636363636363636,0.8142857142857143
228000,0.8833333333333333,0.8823529411764706,0.9,0.8636363636363636,0.8
228300,0.9166666666666666,0.8529411764705882,0.9,0.9090909090909091,0.7857142857142857
228600,0.9166666666666666,0.8823529411764706,0.9,0.9090909090909091,0.8
228900,0.9166666666666666,0.8235294117647058,0.9,0.9090909090909091,0.7714285714285715
229200,0.9333333333333333,0.8235294117647058,0.9,0.9090909090909091,0.7571428571428571
229500,0.95,0.8235294117647058,0.85,0.9090909090909091,0.7857142857142857
229800,0.9333333333333333,0.8235294117647058,0.85,0.8636363636363636,0.7714285714285715
230100,0.9333333333333333,0.8823529411764706,0.85,0.8636363636363636,0.7428571428571429
230400,0.9333333333333333,0.8823529411764706,0.85,0.8636363636363636,0.7428571428571429
230700,0.9,0.8529411764705882,0.85,0.9090909090909091,0.7571428571428571
231000,0.95,0.9117647058823529,0.85,0.9090909090909091,0.7714285714285715
231300,0.9333333333333333,0.9117647058823529,0.85,0.9090909090909091,0.7428571428571429
231600,0.9,0.9117647058823529,0.85,0.8636363636363636,0.7428571428571429
231900,0.8666666666666667,0.9117647058823529,0.85,0.8636363636363636,0.7428571428571429
232200,0.8666666666666667,0.9117647058823529,0.75,0.7727272727272727,0.7714285714285715
232500,0.9,0.9117647058823529,0.75,0.7727272727272727,0.7714285714285715
232800,0.9,0.9117647058823529,0.75,0.6818181818181818,0.7142857142857143
233100,0.8833333333333333,0.8823529411764706,0.75,0.7272727272727273,0.7
233400,0.9166666666666666,0.8823529411764706,0.7,0.6818181818181818,0.6857142857142857
233700,0.8833333333333333,0.8823529411764706,0.65,0.6818181818181818,0.6428571428571429
234000,0.8833333333333333,0.8529411764705882,0.55,0.6818181818181818,0.6571428571428571
234300,0.8833333333333333,0.8529411764705882,0.6,0.7272727272727273,0.6571428571428571
234600,0.8833333333333333,0.8823529411764706,0.65,0.7727272727272727,0.6857142857142857
234900,0.9,0.9117647058823529,0.65,0.7727272727272727,0.6857142857142857
235200,0.8833333333333333,0.9411764705882353,0.7,0.7727272727272727,0.7142857142857143
235500,0.85,0.9117647058823529,0.8,0.7727272727272727,0.7428571428571429
235800,0.8833333333333333,0.9411764705882353,0.65,0.9090909090909091,0.7428571428571429
236100,0.9,0.9117647058823529,0.7,0.9090909090909091,0.7571428571428571
236400,0.9166666666666666,0.9117647058823529,0.65,0.9090909090909091,0.7857142857142857
236700,0.9166666666666666,0.9117647058823529,0.75,0.9090909090909091,0.7857142857142857
237000,0.95,0.9117647058823529,0.65,0.8636363636363636,0.7857142857142857
237300,0.9166666666666666,0.9411764705882353,0.75,0.7727272727272727,0.7714285714285715
237600,0.9333333333333333,0.9117647058823529,0.8,0.7272727272727273,0.7857142857142857
237900,0.9333333333333333,0.9117647058823529,0.8,0.6363636363636364,0.7571428571428571
238200,0.95,0.9117647058823529,0.75,0.6363636363636364,0.7428571428571429
238500,0.9166666666666666,0.9117647058823529,0.8,0.6363636363636364,0.7428571428571429
238800,0.8833333333333333,0.9117647058823529,0.75,0.6818181818181818,0.7428571428571429
239100,0.9166666666666666,0.9117647058823529,0.8,0.6818181818181818,0.7285714285714285
239400,0.9166666666666666,0.9411764705882353,0.8,0.6818181818181818,0.7285714285714285
239700,0.9333333333333333,0.9117647058823529,0.7,0.5454545454545454,0.7285714285714285
240000,0.95,0.9117647058823529,0.85,0.5909090909090909,0.7
240300,0.95,0.9117647058823529,0.85,0.5909090909090909,0.6857142857142857
240600,0.9666666666666667,0.9117647058823529,0.75,0.6363636363636364,0.6857142857142857
240900,0.9666666666666667,0.9117647058823529,0.75,0.6363636363636364,0.6571428571428571
241200,0.9666666666666667,0.8823529411764706,0.75,0.5909090909090909,0.6714285714285714
241500,0.9,0.8823529411764706,0.8,0.6363636363636364,0.6571428571428571
241800,0.9,0.8529411764705882,0.75,0.6818181818181818,0.6714285714285714
242100,0.8833333333333333,0.7941176470588235,0.85,0.6818181818181818,0.6571428571428571
242400,0.85,0.7941176470588235,0.55,0.6363636363636364,0.6571428571428571
242700,0.8333333333333334,0.7941176470588235,0.75,0.5909090909090909,0.6428571428571429
243000,0.8166666666666667,0.7647058823529411,0.75,0.5454545454545454,0.6142857142857143
243300,0.8,0.7647058823529411,0.7,0.45454545454545453,0.6285714285714286
243600,0.7833333333333333,0.7058823529411765,0.7,0.36363636363636365,0.6285714285714286
243900,0.7666666666666667,0.7058823529411765,0.7,0.4090909090909091,0.6285714285714286
244200,0.75,0.6176470588235294,0.7,0.36363636363636365,0.6428571428571429
244500,0.7666666666666667,0.6470588235294118,0.55,0.36363636363636365,0.6428571428571429
244800,0.7666666666666667,0.6764705882352942,0.65,0.3181818181818182,0.6285714285714286
245100,0.7833333333333333,0.6470588235294118,0.6,0.45454545454545453,0.6571428571428571
245400,0.7833333333333333,0.6470588235294118,0.8,0.45454545454545453,0.6571428571428571
245700,0.7666666666666667,0.6764705882352942,0.8,0.45454545454545453,0.6571428571428571
246000,0.8,0.6470588235294118,0.8,0.5454545454545454,0.6285714285714286
246300,0.8,0.6470588235294118,0.75,0.5,0.6285714285714286
246600,0.7833333333333333,0.6764705882352942,0.75,0.5454545454545454,0.6428571428571429
246900,0.7833333333333333,0.6470588235294118,0.75,0.5909090909090909,0.6857142857142857
247200,0.8333333333333334,0.6470588235294118,0.75,0.5909090909090909,0.6714285714285714
247500,0.85,0.6764705882352942,0.7,0.5909090909090909,0.6714285714285714
247800,0.8833333333333333,0.5882352941176471,0.7,0.5909090909090909,0.6857142857142857
248100,0.8666666666666667,0.5,0.7,0.5909090909090909,0.6857142857142857
248400,0.8666666666666667,0.5588235294117647,0.7,0.6818181818181818,0.7
248700,0.8666666666666667,0.5588235294117647,0.75,0.7727272727272727,0.7142857142857143
249000,0.8833333333333333,0.5,0.75,0.7727272727272727,0.7
249300,0.8833333333333333,0.4411764705882353,0.8,0.7727272727272727,0.7
249600,0.8666666666666667,0.5,0.9,0.7727272727272727,0.6857142857142857
249900,0.8666666666666667,0.5,0.9,0.7272727272727273,0.7142857142857143
250200,0.8833333333333333,0.47058823529411764,0.9,0.7727272727272727,0.7142857142857143
250500,0.8333333333333334,0.5882352941176471,0.85,0.7272727272727273,0.7142857142857143
250800,0.8333333333333334,0.5588235294117647,0.9,0.5909090909090909,0.7285714285714285
251100,0.8833333333333333,0.5882352941176471,0.85,0.5909090909090909,0.7285714285714285
251400,0.8666666666666667,0.6176470588235294,0.85,0.5909090909090909,0.7285714285714285
251700,0.8333333333333334,0.5882352941176471,0.8,0.5909090909090909,0.7571428571428571
252000,0.8166666666666667,0.5588235294117647,0.95,0.5909090909090909,0.7714285714285715
252300,0.7833333333333333,0.5294117647058824,0.9,0.6818181818181818,0.7714285714285715
252600,0.75,0.5294117647058824,0.9,0.6818181818181818,0.7714285714285715
252900,0.7333333333333333,0.6176470588235294,0.9,0.6363636363636364,0.7285714285714285
253200,0.7333333333333333,0.5882352941176471,0.8,0.6363636363636364,0.7285714285714285
253500,0.7333333333333333,0.5588235294117647,0.8,0.6363636363636364,0.7
253800,0.7666666666666667,0.5588235294117647,0.85,0.6818181818181818,0.6857142857142857
254100,0.75,0.5882352941176471,0.9,0.8181818181818182,0.6428571428571429
254400,0.75,0.5882352941176471,0.85,0.6818181818181818,0.6428571428571429
254700,0.7166666666666667,0.6176470588235294,0.65,0.6363636363636364,0.6428571428571429
255000,0.7,0.6764705882352942,0.65,0.5,0.6285714285714286
255300,0.7166666666666667,0.6470588235294118,0.65,0.5,0.6
255600,0.7333333333333333,0.6470588235294118,0.55,0.45454545454545453,0.6142857142857143
255900,0.7166666666666667,0.6470588235294118,0.5,0.5454545454545454,0.6
256200,0.7666666666666667,0.6764705882352942,0.6,0.5909090909090909,0.6142857142857143
256500,0.7833333333333333,0.6764705882352942,0.7,0.5454545454545454,0.6
256800,0.75,0.6764705882352942,0.6,0.5909090909090909,0.5857142857142857
257100,0.7666666666666667,0.6764705882352942,0.55,0.5909090909090909,0.5571428571428572
257400,0.7666666666666667,0.5882352941176471,0.7,0.5909090909090909,0.5571428571428572
257700,0.8,0.5882352941176471,0.65,0.6363636363636364,0.5428571428571428
258000,0.8,0.5882352941176471,0.65,0.6363636363636364,0.5571428571428572
258300,0.7833333333333333,0.5882352941176471,0.65,0.6363636363636364,0.5428571428571428
258600,0.7666666666666667,0.5588235294117647,0.65,0.5909090909090909,0.5142857142857142
258900,0.7666666666666667,0.5294117647058824,0.5,0.5909090909090909,0.5
259200,0.7333333333333333,0.5,0.5,0.5454545454545454,0.4857142857142857
259500,0.65,0.4411764705882353,0.45,0.45454545454545453,0.4857142857142857
259800,0.5333333333333333,0.35294117647058826,0.4,0.45454545454545453,0.4857142857142857
260100,0.4166666666666667,0.3235294117647059,0.35,0.45454545454545453,0.4857142857142857
260400,0.36666666666666664,0.35294117647058826,0.2,0.45454545454545453,0.4857142857142857
260700,0.31666666666666665,0.35294117647058826,0.1,0.4090909090909091,0.45714285714285713
261000,0.26666666666666666,0.38235294117647056,0.1,0.4090909090909091,0.44285714285714284
261300,0.31666666666666665,0.38235294117647056,0.1,0.3181818181818182,0.44285714285714284
261600,0.23333333333333334,0.29411764705882354,0.1,0.2727272727272727,0.44285714285714284
261900,0.2,0.17647058823529413,0.15,0.22727272727272727,0.44285714285714284
262200,0.16666666666666666,0.20588235294117646,0.1,0.22727272727272727,0.44285714285714284
262500,0.15,0.2647058823529412,0.2,0.22727272727272727,0.44285714285714284
262800,0.13333333333333333,0.29411764705882354,0.1,0.2727272727272727,0.44285714285714284
263100,0.1,0.29411764705882354,0.2,0.2727272727272727,0.44285714285714284
263400,0.13333333333333333,0.2647058823529412,0.2,0.22727272727272727,0.42857142857142855
263700,0.13333333333333333,0.23529411764705882,0.3,0.22727272727272727,0.42857142857142855
264000,0.23333333333333334,0.29411764705882354,0.35,0.18181818181818182,0.42857142857142855
264300,0.2,0.2647058823529412,0.35,0.3181818181818182,0.42857142857142855
264600,0.2,0.2647058823529412,0.25,0.3181818181818182,0.42857142857142855
264900,0.21666666666666667,0.20588235294117646,0.2,0.45454545454545453,0.42857142857142855
265200,0.26666666666666666,0.2647058823529412,0.25,0.45454545454545453,0.42857142857142855
265500,0.3333333333333333,0.23529411764705882,0.3,0.3181818181818182,0.4142857142857143
265800,0.35,0.2647058823529412,0.3,0.36363636363636365,0.4142857142857143
266100,0.38333333333333336,0.29411764705882354,0.4,0.4090909090909091,0.4142857142857143
266400,0.36666666666666664,0.29411764705882354,0.4,0.22727272727272727,0.4142857142857143
266700,0.4166666666666667,0.29411764705882354,0.4,0.18181818181818182,0.4142857142857143
267000,0.5,0.29411764705882354,0.4,0.13636363636363635,0.4142857142857143
267300,0.5833333333333334,0.23529411764705882,0.4,0.13636363636363635,0.4142857142857143
267600,0.5666666666666667,0.23529411764705882,0.45,0.09090909090909091,0.4142857142857143
267900,0.55,0.23529411764705882,0.5,0.13636363636363635,0.4142857142857143
268200,0.5666666666666667,0.29411764705882354,0.5,0.13636363636363635,0.4142857142857143
268500,0.6166666666666667,0.29411764705882354,0.55,0.13636363636363635,0.4142857142857143
268800,0.6166666666666667,0.4117647058823529,0.6,0.18181818181818182,0.4142857142857143
269100,0.6166666666666667,0.38235294117647056,0.65,0.22727272727272727,0.4142857142857143
269400,0.6833333333333333,0.38235294117647056,0.65,0.2727272727272727,0.4142857142857143
269700,0.65,0.4411764705882353,0.75,0.22727272727272727,0.4142857142857143
270000,0.65,0.4117647058823529,0.85,0.22727272727272727,0.4142857142857143
270300,0.6666666666666666,0.4117647058823529,0.85,0.2727272727272727,0.4142857142857143
270600,0.7,0.38235294117647056,0.85,0.45454545454545453,0.4142857142857143
270900,0.6666666666666666,0.35294117647058826,0.8,0.5909090909090909,0.4142857142857143
271200,0.6666666666666666,0.29411764705882354,0.8,0.7272727272727273,0.4142857142857143
271500,0.6166666666666667,0.35294117647058826,0.75,0.6818181818181818,0.4142857142857143
271800,0.5833333333333334,0.3235294117647059,0.75,0.7272727272727273,0.4142857142857143
272100,0.5666666666666667,0.2647058823529412,0.75,0.5454545454545454,0.4142857142857143
272400,0.5666666666666667,0.23529411764705882,0.75,0.5454545454545454,0.4142857142857143
272700,0.5833333333333334,0.20588235294117646,0.75,0.3181818181818182,0.4142857142857143
273000,0.6333333333333333,0.23529411764705882,0.65,0.36363636363636365,0.4142857142857143
273300,0.6666666666666666,0.29411764705882354,0.65,0.2727272727272727,0.4142857142857143
273600,0.65,0.2647058823529412,0.65,0.22727272727272727,0.4142857142857143
273900,0.6166666666666667,0.2647058823529412,0.65,0.2727272727272727,0.4142857142857143
274200,0.6333333333333333,0.2647058823529412,0.7,0.2727272727272727,0.4
274500,0.6,0.3235294117647059,0.7,0.2727272727272727,0.4
274800,0.6166666666666667,0.35294117647058826,0.55,0.2727272727272727,0.4
275100,0.55,0.4117647058823529,0.55,0.2727272727272727,0.4
275400,0.55,0.5294117647058824,0.55,0.2727272727272727,0.4
275700,0.5666666666666667,0.5,0.55,0.2727272727272727,0.4
276000,0.55,0.47058823529411764,0.55,0.2727272727272727,0.4
276300,0.5666666666666667,0.47058823529411764,0.6,0.2727272727272727,0.4
276600,0.5333333333333333,0.4411764705882353,0.5,0.2727272727272727,0.4
276900,0.5,0.4411764705882353,0.6,0.2727272727272727,0.4
277200,0.45,0.47058823529411764,0.55,0.36363636363636365,0.4
277500,0.36666666666666664,0.47058823529411764,0.45,0.4090909090909091,0.4
277800,0.35,0.5,0.45,0.5454545454545454,0.4
278100,0.31666666666666665,0.5882352941176471,0.45,0.5,0.4
278400,0.26666666666666666,0.5588235294117647,0.45,0.45454545454545453,0.4
278700,0.21666666666666667,0.5,0.5,0.45454545454545453,0.4
279000,0.16666666666666666,0.47058823529411764,0.4,0.5,0.4
279300,0.13333333333333333,0.47058823529411764,0.5,0.5,0.4
279600,0.08333333333333333,0.4411764705882353,0.4,0.5,0.4
279900,0.06666666666666667,0.4117647058823529,0.55,0.45454545454545453,0.4
280200,0.016666666666666666,0.4117647058823529,0.55,0.4090909090909091,0.4
280500,0.05,0.4117647058823529,0.5,0.3181818181818182,0.4142857142857143
280800,0.0,0.38235294117647056,0.45,0.3181818181818182,0.4142857142857143
281100,0.0,0.2647058823529412,0.45,0.4090909090909091,0.4142857142857143
281400,0.05,0.38235294117647056,0.55,0.3181818181818182,0.4142857142857143
281700,0.11666666666666667,0.35294117647058826,0.6,0.3181818181818182,0.4142857142857143
282000,0.08333333333333333,0.29411764705882354,0.7,0.36363636363636365,0.4142857142857143
282300,0.06666666666666667,0.23529411764705882,0.7,0.3181818181818182,0.4142857142857143
282600,0.1,0.20588235294117646,0.65,0.3181818181818182,0.42857142857142855
282900,0.1,0.14705882352941177,0.65,0.3181818181818182,0.42857142857142855
283200,0.11666666666666667,0.08823529411764706,0.6,0.3181818181818182,0.4142857142857143
283500,0.18333333333333332,0.14705882352941177,0.6,0.4090909090909091,0.4142857142857143
283800,0.2,0.14705882352941177,0.55,0.45454545454545453,0.4142857142857143
284100,0.16666666666666666,0.14705882352941177,0.7,0.5,0.4142857142857143
284400,0.25,0.17647058823529413,0.75,0.5909090909090909,0.4714285714285714
284700,0.26666666666666666,0.14705882352941177,0.8,0.6363636363636364,0.5
285000,0.3333333333333333,0.14705882352941177,0.85,0.7272727272727273,0.5
285300,0.38333333333333336,0.17647058823529413,0.85,0.7272727272727273,0.5142857142857142
285600,0.36666666666666664,0.0,0.8,0.7272727272727273,0.5428571428571428
285900,0.31666666666666665,0.029411764705882353,0.95,0.7272727272727273,0.5428571428571428
286200,0.3,0.029411764705882353,0.75,0.7272727272727273,0.5428571428571428
286500,0.2833333333333333,0.029411764705882353,0.75,0.7727272727272727,0.5571428571428572
286800,0.26666666666666666,0.11764705882352941,0.75,0.6818181818181818,0.5714285714285714
287100,0.3,0.14705882352941177,0.75,0.6363636363636364,0.6142857142857143
287400,0.36666666666666664,0.20588235294117646,0.8,0.6363636363636364,0.6571428571428571
287700,0.4166666666666667,0.29411764705882354,0.8,0.6363636363636364,0.7
288000,0.4666666666666667,0.4411764705882353,0.8,0.6363636363636364,0.7142857142857143
288300,0.5,0.5,0.9,0.5909090909090909,0.7285714285714285
288600,0.5,0.5294117647058824,0.95,0.5454545454545454,0.7857142857142857
288900,0.5666666666666667,0.6470588235294118,0.9,0.5454545454545454,0.7857142857142857
289200,0.6166666666666667,0.6470588235294118,0.9,0.5909090909090909,0.8142857142857143
289500,0.6833333333333333,0.6764705882352942,0.8,0.6818181818181818,0.8142857142857143
289800,0.6833333333333333,0.7941176470588235,0.85,0.7727272727272727,0.8142857142857143
290100,0.7,0.8529411764705882,0.75,0.8636363636363636,0.8142857142857143
290400,0.7333333333333333,0.8529411764705882,0.85,0.8181818181818182,0.8142857142857143
290700,0.7333333333333333,0.8529411764705882,0.8,0.8181818181818182,0.8285714285714286
291000,0.7833333333333333,0.9117647058823529,0.75,0.7727272727272727,0.8285714285714286
291300,0.0,0.0,0.0,0.0,0.0
291600,0.8166666666666667,0.9117647058823529,0.75,0.8181818181818182,0.8428571428571429
291900,0.8333333333333334,0.9117647058823529,0.7,0.8181818181818182,0.8428571428571429
292200,0.8833333333333333,0.9117647058823529,0.7,0.8181818181818182,0.8285714285714286
292500,0.8833333333333333,0.9411764705882353,0.7,0.8181818181818182,0.8285714285714286
292800,0.8833333333333333,0.9411764705882353,0.7,0.8181818181818182,0.8142857142857143
293100,0.8833333333333333,0.9411764705882353,0.7,0.8636363636363636,0.8285714285714286
293400,0.8666666666666667,0.9117647058823529,0.75,0.8636363636363636,0.8
293700,0.8666666666666667,0.9117647058823529,0.75,0.9090909090909091,0.8
294000,0.8833333333333333,0.9411764705882353,0.8,0.9090909090909091,0.8142857142857143
294300,0.9,0.9411764705882353,0.85,0.9090909090909091,0.8142857142857143
294600,0.9166666666666666,0.9411764705882353,0.85,0.9090909090909091,0.8142857142857143
294900,0.9,0.9411764705882353,0.9,0.8181818181818182,0.8142857142857143
295200,0.8666666666666667,0.9411764705882353,0.9,0.8636363636363636,0.8142857142857143
295500,0.8833333333333333,0.9117647058823529,0.9,0.8636363636363636,0.8142857142857143
295800,0.9166666666666666,0.9117647058823529,0.95,0.8636363636363636,0.8285714285714286
296100,0.9166666666666666,0.9411764705882353,0.95,0.8636363636363636,0.8285714285714286
296400,0.9166666666666666,0.9411764705882353,0.95,0.8636363636363636,0.8142857142857143
296700,0.8833333333333333,0.9411764705882353,0.95,0.8636363636363636,0.8142857142857143
297000,0.8833333333333333,0.9411764705882353,0.95,0.9090909090909091,0.8285714285714286
297300,0.9,0.9411764705882353,0.95,0.9090909090909091,0.8
297600,0.9166666666666666,0.9705882352941176,0.95,0.9090909090909091,0.8142857142857143
297900,0.9333333333333333,0.9705882352941176,0.95,0.9090909090909091,0.8285714285714286
298200,0.9333333333333333,0.9705882352941176,0.95,0.8636363636363636,0.8
298500,0.0,0.0,0.0,0.0,0.0
298800,0.9333333333333333,0.9705882352941176,1.0,0.8636363636363636,0.7857142857142857
299100,0.9333333333333333,0.9705882352941176,0.9,0.8636363636363636,0.8
299400,0.9333333333333333,0.9705882352941176,0.9,0.8636363636363636,0.8
299700,0.9166666666666666,0.9705882352941176,0.9,0.8636363636363636,0.8
300000,0.9166666666666666,0.8529411764705882,0.9,0.8181818181818182,0.8
300300,0.8833333333333333,0.8235294117647058,0.9,0.8181818181818182,0.8
300600,0.9,0.9117647058823529,0.85,0.8181818181818182,0.8
300900,0.9,0.8823529411764706,0.85,0.8636363636363636,0.8142857142857143
301200,0.9166666666666666,0.8823529411764706,0.85,0.8636363636363636,0.8
301500,0.9,0.8823529411764706,0.75,0.8636363636363636,0.7857142857142857
301800,0.9166666666666666,0.8823529411764706,0.8,0.9090909090909091,0.8
302100,0.9,0.8529411764705882,0.75,0.8636363636363636,0.7857142857142857
302400,0.8833333333333333,0.8529411764705882,0.75,0.8181818181818182,0.7857142857142857
302700,0.8833333333333333,0.8529411764705882,0.9,0.8181818181818182,0.8
303000,0.8666666666666667,0.7352941176470589,0.85,0.7727272727272727,0.7857142857142857
303300,0.8166666666666667,0.7647058823529411,0.8,0.7727272727272727,0.7714285714285715
303600,0.7666666666666667,0.7352941176470589,0.65,0.6363636363636364,0.7571428571428571
303900,0.7,0.7058823529411765,0.55,0.5909090909090909,0.7571428571428571
304200,0.7166666666666667,0.6764705882352942,0.6,0.5909090909090909,0.7571428571428571
304500,0.7166666666666667,0.5882352941176471,0.7,0.5454545454545454,0.7714285714285715
304800,0.7333333333333333,0.5882352941176471,0.7,0.5,0.7857142857142857
305100,0.7166666666666667,0.5588235294117647,0.75,0.5,0.7857142857142857
305400,0.6833333333333333,0.5,0.65,0.5,0.8142857142857143
305700,0.0,0.0,0.0,0.0,0.0
306000,0.7,0.47058823529411764,0.65,0.45454545454545453,0.7857142857142857
306300,0.65,0.47058823529411764,0.65,0.45454545454545453,0.8
306600,0.6333333333333333,0.5,0.65,0.5,0.7714285714285715
306900,0.6333333333333333,0.5,0.7,0.45454545454545453,0.7714285714285715
307200,0.7166666666666667,0.5,0.7,0.45454545454545453,0.7714285714285715
307500,0.7,0.47058823529411764,0.8,0.45454545454545453,0.8
307800,0.7,0.5,0.8,0.5454545454545454,0.7857142857142857
308100,0.7,0.5294117647058824,0.8,0.5454545454545454,0.7857142857142857
308400,0.7,0.5588235294117647,0.75,0.5,0.8
308700,0.7166666666666667,0.5588235294117647,0.8,0.5,0.8
309000,0.75,0.5882352941176471,0.85,0.5454545454545454,0.8142857142857143
309300,0.75,0.5882352941176471,0.85,0.5454545454545454,0.8142857142857143
309600,0.7666666666666667,0.5882352941176471,0.85,0.5909090909090909,0.8142857142857143
309900,0.8,0.7647058823529411,0.9,0.6818181818181818,0.8
310200,0.7833333333333333,0.8529411764705882,0.95,0.6818181818181818,0.8
310500,0.8333333333333334,0.8529411764705882,0.9,0.6818181818181818,0.7857142857142857
310800,0.8166666666666667,0.8529411764705882,0.95,0.6818181818181818,0.7857142857142857
311100,0.8666666666666667,0.8529411764705882,0.9,0.7272727272727273,0.8
311400,0.8666666666666667,0.8529411764705882,0.9,0.7272727272727273,0.8
311700,0.8833333333333333,0.8529411764705882,0.9,0.7272727272727273,0.8
312000,0.9166666666666666,0.8529411764705882,0.9,0.7272727272727273,0.8
312300,0.9166666666666666,0.8529411764705882,0.85,0.7727272727272727,0.8
312600,0.9,0.8529411764705882,0.85,0.7727272727272727,0.8142857142857143
312900,0.9166666666666666,0.8529411764705882,0.85,0.8181818181818182,0.8142857142857143
313200,0.9166666666666666,0.8235294117647058,0.8,0.8181818181818182,0.8142857142857143
313500,0.8833333333333333,0.8235294117647058,0.9,0.6818181818181818,0.8
313800,0.9,0.8529411764705882,0.9,0.7727272727272727,0.8142857142857143
314100,0.9333333333333333,0.8529411764705882,0.8,0.7727272727272727,0.8285714285714286
314400,0.9333333333333333,0.8235294117647058,0.85,0.8181818181818182,0.8285714285714286
314700,0.9333333333333333,0.8235294117647058,0.95,0.8181818181818182,0.8285714285714286
315000,0.9333333333333333,0.7941176470588235,0.9,0.8181818181818182,0.8285714285714286
315300,0.9333333333333333,0.7941176470588235,0.9,0.8181818181818182,0.8428571428571429
315600,0.95,0.8235294117647058,0.85,0.8181818181818182,0.8285714285714286
315900,0.95,0.8529411764705882,0.8,0.8181818181818182,0.8285714285714286
316200,0.9666666666666667,0.7941176470588235,0.8,0.8636363636363636,0.8142857142857143
316500,0.9666666666666667,0.7941176470588235,0.8,0.8636363636363636,0.8142857142857143
316800,0.9333333333333333,0.7941176470588235,0.8,0.9090909090909091,0.8142857142857143
317100,0.9333333333333333,0.7941176470588235,0.8,0.8181818181818182,0.8142857142857143
317400,0.9333333333333333,0.7941176470588235,0.8,0.8181818181818182,0.8142857142857143
317700,0.9333333333333333,0.7941176470588235,0.85,0.8181818181818182,0.8142857142857143
318000,0.9333333333333333,0.8235294117647058,0.85,0.8181818181818182,0.8142857142857143
318300,0.9333333333333333,0.8235294117647058,0.85,0.7272727272727273,0.8142857142857143
318600,0.9166666666666666,0.8529411764705882,0.85,0.7272727272727273,0.8142857142857143
318900,0.9333333333333333,0.8235294117647058,0.85,0.7272727272727273,0.8142857142857143
319200,0.9,0.8235294117647058,0.75,0.7272727272727273,0.8142857142857143
319500,0.9166666666666666,0.7941176470588235,0.75,0.7272727272727273,0.8142857142857143
319800,0.9166666666666666,0.7941176470588235,0.75,0.6818181818181818,0.8428571428571429
320100,0.0,0.0,0.0,0.0,0.0
320400,0.95,0.8235294117647058,0.85,0.7727272727272727,0.8428571428571429
320700,0.95,0.8235294117647058,0.85,0.8181818181818182,0.8285714285714286
321000,0.95,0.8235294117647058,0.8,0.8181818181818182,0.8285714285714286
321300,0.95,0.8235294117647058,0.65,0.8181818181818182,0.8428571428571429
321600,0.9666666666666667,0.8235294117647058,0.55,0.8636363636363636,0.8285714285714286
321900,0.9833333333333333,0.8235294117647058,0.6,0.8636363636363636,0.8428571428571429
322200,0.9666666666666667,0.8235294117647058,0.65,0.8636363636363636,0.8
322500,0.9666666666666667,0.8235294117647058,0.6,0.8181818181818182,0.8
322800,0.9666666666666667,0.8235294117647058,0.55,0.8181818181818182,0.8
323100,0.95,0.8529411764705882,0.55,0.8181818181818182,0.8
323400,0.9666666666666667,0.8529411764705882,0.6,0.7727272727272727,0.8
323700,0.9666666666666667,0.8235294117647058,0.65,0.7727272727272727,0.8142857142857143
324000,0.95,0.7941176470588235,0.65,0.7727272727272727,0.8
324300,0.95,0.7941176470588235,0.75,0.7272727272727273,0.8
324600,0.9666666666666667,0.7941176470588235,0.8,0.7727272727272727,0.8
324900,0.9666666666666667,0.7941176470588235,0.65,0.8181818181818182,0.8142857142857143
325200,0.9666666666666667,0.7647058823529411,0.8,0.7727272727272727,0.8142857142857143
325500,0.95,0.7647058823529411,0.8,0.7727272727272727,0.8142857142857143
325800,0.95,0.7647058823529411,0.75,0.7272727272727273,0.8285714285714286
326100,0.95,0.7941176470588235,0.75,0.6818181818181818,0.8285714285714286
326400,0.95,0.7941176470588235,0.7,0.7272727272727273,0.8142857142857143
326700,0.9666666666666667,0.7647058823529411,0.7,0.7272727272727273,0.8142857142857143
327000,0.9833333333333333,0.7647058823529411,0.7,0.6818181818181818,0.8142857142857143
327300,0.9833333333333333,0.7647058823529411,0.6,0.6818181818181818,0.8142857142857143
327600,0.9666666666666667,0.7352941176470589,0.6,0.6818181818181818,0.8142857142857143
327900,0.9666666666666667,0.7352941176470589,0.8,0.6818181818181818,0.8142857142857143
328200,0.9333333333333333,0.7647058823529411,0.7,0.5909090909090909,0.8285714285714286
328500,0.8833333333333333,0.7352941176470589,0.75,0.6818181818181818,0.8285714285714286
328800,0.8666666666666667,0.7352941176470589,0.75,0.7272727272727273,0.8
329100,0.8166666666666667,0.7647058823529411,0.85,0.6818181818181818,0.7714285714285715
329400,0.7666666666666667,0.7058823529411765,0.8,0.5909090909090909,0.7714285714285715
329700,0.7333333333333333,0.7058823529411765,0.8,0.6363636363636364,0.7428571428571429
330000,0.7333333333333333,0.6764705882352942,0.85,0.5909090909090909,0.7571428571428571
330300,0.7333333333333333,0.6470588235294118,0.75,0.5909090909090909,0.7571428571428571
330600,0.75,0.6176470588235294,0.7,0.4090909090909091,0.7571428571428571
330900,0.7666666666666667,0.6176470588235294,0.7,0.45454545454545453,0.7571428571428571
331200,0.7666666666666667,0.5588235294117647,0.75,0.36363636363636365,0.7857142857142857
331500,0.7666666666666667,0.5294117647058824,0.65,0.36363636363636365,0.8
331800,0.8,0.5,0.65,0.36363636363636365,0.7571428571428571
332100,0.8166666666666667,0.5294117647058824,0.65,0.45454545454545453,0.7428571428571429
332400,0.75,0.5294117647058824,0.75,0.45454545454545453,0.7285714285714285
332700,0.75,0.47058823529411764,0.75,0.45454545454545453,0.7285714285714285
333000,0.7333333333333333,0.47058823529411764,0.75,0.5,0.7285714285714285
333300,0.75,0.47058823529411764,0.7,0.5,0.7285714285714285
333600,0.7833333333333333,0.5,0.55,0.5,0.7
333900,0.7666666666666667,0.5294117647058824,0.6,0.4090909090909091,0.7
334200,0.7666666666666667,0.5588235294117647,0.6,0.5,0.6857142857142857
334500,0.7666666666666667,0.5294117647058824,0.6,0.45454545454545453,0.7
334800,0.7833333333333333,0.5,0.5,0.4090909090909091,0.7
335100,0.7666666666666667,0.5,0.5,0.36363636363636365,0.7
335400,0.8166666666666667,0.5882352941176471,0.55,0.36363636363636365,0.7142857142857143
335700,0.8333333333333334,0.5588235294117647,0.55,0.3181818181818182,0.7285714285714285
336000,0.8333333333333334,0.5882352941176471,0.55,0.22727272727272727,0.7285714285714285
336300,0.85,0.5882352941176471,0.6,0.3181818181818182,0.7285714285714285
336600,0.8666666666666667,0.5294117647058824,0.65,0.45454545454545453,0.7428571428571429
336900,0.8666666666666667,0.47058823529411764,0.65,0.4090909090909091,0.7428571428571429
337200,0.8333333333333334,0.4411764705882353,0.65,0.4090909090909091,0.7285714285714285
337500,0.8333333333333334,0.47058823529411764,0.6,0.4090909090909091,0.7428571428571429
337800,0.85,0.5,0.6,0.4090909090909091,0.7571428571428571
338100,0.8333333333333334,0.5,0.5,0.45454545454545453,0.7857142857142857
338400,0.8666666666666667,0.5294117647058824,0.65,0.45454545454545453,0.7857142857142857
338700,0.8833333333333333,0.5294117647058824,0.7,0.5454545454545454,0.8
339000,0.8666666666666667,0.5,0.7,0.5909090909090909,0.8
339300,0.8666666666666667,0.5,0.7,0.45454545454545453,0.7857142857142857
339600,0.85,0.47058823529411764,0.7,0.5454545454545454,0.7571428571428571
339900,0.8166666666666667,0.5588235294117647,0.7,0.5,0.7714285714285715
340200,0.8166666666666667,0.5294117647058824,0.75,0.5,0.7714285714285715
340500,0.8166666666666667,0.6176470588235294,0.65,0.5,0.7714285714285715
340800,0.8,0.5882352941176471,0.6,0.45454545454545453,0.7714285714285715
341100,0.8333333333333334,0.5588235294117647,0.75,0.45454545454545453,0.7571428571428571
341400,0.8,0.5588235294117647,0.8,0.5454545454545454,0.7571428571428571
341700,0.7333333333333333,0.5588235294117647,0.8,0.6818181818181818,0.7571428571428571
342000,0.7333333333333333,0.47058823529411764,0.75,0.6363636363636364,0.7571428571428571
342300,0.7333333333333333,0.47058823529411764,0.75,0.5454545454545454,0.7571428571428571
342600,0.7166666666666667,0.5,0.75,0.5909090909090909,0.7571428571428571
342900,0.65,0.5,0.8,0.5909090909090909,0.7571428571428571
343200,0.65,0.4411764705882353,0.75,0.5909090909090909,0.7428571428571429
343500,0.6666666666666666,0.3235294117647059,0.75,0.5909090909090909,0.7428571428571429
343800,0.65,0.29411764705882354,0.75,0.5454545454545454,0.7428571428571429
344100,0.6833333333333333,0.35294117647058826,0.75,0.5454545454545454,0.7428571428571429
344400,0.6666666666666666,0.29411764705882354,0.75,0.5454545454545454,0.7142857142857143
344700,0.6833333333333333,0.29411764705882354,0.75,0.5909090909090909,0.7
345000,0.65,0.20588235294117646,0.75,0.6818181818181818,0.6857142857142857
345300,0.6666666666666666,0.17647058823529413,0.8,0.7272727272727273,0.6857142857142857
345600,0.5666666666666667,0.23529411764705882,0.75,0.7272727272727273,0.6857142857142857
345900,0.48333333333333334,0.23529411764705882,0.75,0.6818181818181818,0.6857142857142857
346200,0.4166666666666667,0.2647058823529412,0.7,0.6363636363636364,0.6428571428571429
346500,0.35,0.2647058823529412,0.75,0.5909090909090909,0.6285714285714286
346800,0.21666666666666667,0.20588235294117646,0.65,0.5909090909090909,0.6142857142857143
347100,0.26666666666666666,0.17647058823529413,0.55,0.5454545454545454,0.6
347400,0.3,0.14705882352941177,0.55,0.3181818181818182,0.5857142857142857
347700,0.3333333333333333,0.20588235294117646,0.55,0.22727272727272727,0.5571428571428572
348000,0.3,0.23529411764705882,0.55,0.18181818181818182,0.5571428571428572
348300,0.31666666666666665,0.17647058823529413,0.6,0.18181818181818182,0.5571428571428572
348600,0.35,0.17647058823529413,0.55,0.13636363636363635,0.5285714285714286
348900,0.0,0.0,0.0,0.0,0.0
349200,0.3,0.14705882352941177,0.55,0.045454545454545456,0.5142857142857142
349500,0.25,0.14705882352941177,0.6,0.09090909090909091,0.5142857142857142
349800,0.2833333333333333,0.029411764705882353,0.45,0.09090909090909091,0.5142857142857142
350100,0.26666666666666666,0.11764705882352941,0.45,0.09090909090909091,0.5142857142857142
350400,0.2833333333333333,0.14705882352941177,0.45,0.18181818181818182,0.5142857142857142
350700,0.2833333333333333,0.08823529411764706,0.5,0.22727272727272727,0.4857142857142857
351000,0.31666666666666665,0.11764705882352941,0.45,0.18181818181818182,0.4857142857142857
351300,0.35,0.11764705882352941,0.5,0.22727272727272727,0.4857142857142857
351600,0.3,0.058823529411764705,0.5,0.22727272727272727,0.4714285714285714
351900,0.35,0.058823529411764705,0.45,0.18181818181818182,0.45714285714285713
352200,0.31666666666666665,0.11764705882352941,0.45,0.18181818181818182,0.45714285714285713
352500,0.2833333333333333,0.2647058823529412,0.45,0.13636363636363635,0.44285714285714284
352800,0.2833333333333333,0.2647058823529412,0.45,0.09090909090909091,0.44285714285714284
353100,0.3333333333333333,0.23529411764705882,0.6,0.18181818181818182,0.44285714285714284
353400,0.4,0.23529411764705882,0.6,0.22727272727272727,0.44285714285714284
353700,0.5166666666666667,0.29411764705882354,0.65,0.3181818181818182,0.44285714285714284
354000,0.5333333333333333,0.35294117647058826,0.7,0.36363636363636365,0.44285714285714284
354300,0.5,0.4117647058823529,0.7,0.36363636363636365,0.44285714285714284
354600,0.5166666666666667,0.4117647058823529,0.7,0.4090909090909091,0.45714285714285713
354900,0.5166666666666667,0.4117647058823529,0.7,0.45454545454545453,0.45714285714285713
355200,0.55,0.4117647058823529,0.7,0.45454545454545453,0.45714285714285713
355500,0.55,0.4117647058823529,0.7,0.45454545454545453,0.45714285714285713
355800,0.5166666666666667,0.38235294117647056,0.7,0.36363636363636365,0.45714285714285713
356100,0.6,0.4117647058823529,0.65,0.45454545454545453,0.45714285714285713
356400,0.5666666666666667,0.47058823529411764,0.75,0.45454545454545453,0.45714285714285713
356700,0.55,0.47058823529411764,0.75,0.2727272727272727,0.45714285714285713
357000,0.55,0.47058823529411764,0.75,0.18181818181818182,0.45714285714285713
357300,0.5333333333333333,0.4411764705882353,0.75,0.13636363636363635,0.45714285714285713
357600,0.5666666666666667,0.5,0.75,0.13636363636363635,0.45714285714285713
357900,0.55,0.5,0.75,0.13636363636363635,0.45714285714285713
358200,0.5666666666666667,0.5,0.75,0.09090909090909091,0.45714285714285713
358500,0.5833333333333334,0.5294117647058824,0.75,0.09090909090909091,0.45714285714285713
358800,0.55,0.5294117647058824,0.75,0.09090909090909091,0.45714285714285713
359100,0.6,0.5,0.75,0.13636363636363635,0.45714285714285713
359400,0.6,0.5,0.75,0.13636363636363635,0.45714285714285713
359700,0.5833333333333334,0.5294117647058824,0.8,0.13636363636363635,0.45714285714285713
360000,0.6333333333333333,0.5294117647058824,0.65,0.09090909090909091,0.45714285714285713
360300,0.6,0.5,0.6,0.09090909090909091,0.45714285714285713
360600,0.6166666666666667,0.5294117647058824,0.6,0.09090909090909091,0.45714285714285713
360900,0.55,0.5882352941176471,0.6,0.09090909090909091,0.45714285714285713
361200,0.5833333333333334,0.5882352941176471,0.55,0.09090909090909091,0.45714285714285713
361500,0.6166666666666667,0.5882352941176471,0.55,0.09090909090909091,0.45714285714285713
361800,0.6333333333333333,0.6176470588235294,0.55,0.45454545454545453,0.45714285714285713
362100,0.6333333333333333,0.5882352941176471,0.55,0.5454545454545454,0.45714285714285713
362400,0.7166666666666667,0.5294117647058824,0.55,0.5909090909090909,0.45714285714285713
362700,0.7333333333333333,0.5588235294117647,0.55,0.6818181818181818,0.45714285714285713
363000,0.7166666666666667,0.5294117647058824,0.6,0.7272727272727273,0.45714285714285713
363300,0.75,0.5294117647058824,0.55,0.8636363636363636,0.45714285714285713
363600,0.7333333333333333,0.5588235294117647,0.6,0.8636363636363636,0.45714285714285713
363900,0.6333333333333333,0.5294117647058824,0.5,0.8181818181818182,0.45714285714285713
364200,0.6,0.5,0.5,0.7727272727272727,0.45714285714285713
364500,0.6,0.5,0.5,0.7272727272727273,0.45714285714285713
364800,0.5166666666666667,0.5,0.6,0.6818181818181818,0.45714285714285713
365100,0.5166666666666667,0.5,0.55,0.5909090909090909,0.45714285714285713
365400,0.45,0.5,0.6,0.2727272727272727,0.45714285714285713
365700,0.35,0.5294117647058824,0.55,0.2727272727272727,0.45714285714285713
366000,0.2833333333333333,0.5294117647058824,0.6,0.2727272727272727,0.45714285714285713
366300,0.25,0.5294117647058824,0.55,0.22727272727272727,0.45714285714285713
366600,0.25,0.47058823529411764,0.5,0.22727272727272727,0.45714285714285713
366900,0.23333333333333334,0.4411764705882353,0.45,0.22727272727272727,0.45714285714285713
367200,0.18333333333333332,0.38235294117647056,0.5,0.22727272727272727,0.45714285714285713
367500,0.16666666666666666,0.35294117647058826,0.5,0.18181818181818182,0.45714285714285713
367800,0.11666666666666667,0.35294117647058826,0.5,0.22727272727272727,0.45714285714285713
368100,0.11666666666666667,0.20588235294117646,0.45,0.22727272727272727,0.4714285714285714
368400,0.1,0.23529411764705882,0.4,0.22727272727272727,0.4714285714285714
368700,0.11666666666666667,0.3235294117647059,0.45,0.22727272727272727,0.4714285714285714
369000,0.08333333333333333,0.29411764705882354,0.5,0.22727272727272727,0.4857142857142857
369300,0.11666666666666667,0.2647058823529412,0.45,0.2727272727272727,0.4714285714285714
369600,0.11666666666666667,0.2647058823529412,0.5,0.2727272727272727,0.4714285714285714
369900,0.11666666666666667,0.11764705882352941,0.55,0.2727272727272727,0.4714285714285714
370200,0.11666666666666667,0.08823529411764706,0.5,0.2727272727272727,0.4714285714285714
370500,0.08333333333333333,0.14705882352941177,0.6,0.2727272727272727,0.4714285714285714
370800,0.1,0.08823529411764706,0.6,0.4090909090909091,0.5
371100,0.2,0.11764705882352941,0.65,0.5454545454545454,0.5
371400,0.26666666666666666,0.23529411764705882,0.65,0.45454545454545453,0.5285714285714286
371700,0.2833333333333333,0.20588235294117646,0.6,0.4090909090909091,0.5285714285714286
372000,0.2833333333333333,0.29411764705882354,0.45,0.45454545454545453,0.5714285714285714
372300,0.3,0.29411764705882354,0.7,0.45454545454545453,0.5714285714285714
372600,0.3,0.3235294117647059,0.65,0.4090909090909091,0.6
372900,0.26666666666666666,0.29411764705882354,0.7,0.36363636363636365,0.6142857142857143
373200,0.3,0.23529411764705882,0.7,0.36363636363636365,0.6285714285714286
373500,0.35,0.23529411764705882,0.7,0.4090909090909091,0.5714285714285714
373800,0.38333333333333336,0.2647058823529412,0.7,0.4090909090909091,0.5714285714285714
374100,0.4166666666666667,0.29411764705882354,0.75,0.4090909090909091,0.6142857142857143
374400,0.38333333333333336,0.35294117647058826,0.65,0.4090909090909091,0.6285714285714286
374700,0.5,0.4117647058823529,0.85,0.5,0.6571428571428571
375000,0.6,0.4411764705882353,0.9,0.5454545454545454,0.6714285714285714
375300,0.6666666666666666,0.5,0.9,0.5909090909090909,0.7
375600,0.7,0.6470588235294118,0.95,0.6363636363636364,0.7
375900,0.7333333333333333,0.7352941176470589,0.95,0.6363636363636364,0.7142857142857143
376200,0.75,0.8235294117647058,0.95,0.5909090909090909,0.7428571428571429
376500,0.7833333333333333,0.8235294117647058,0.95,0.5454545454545454,0.7285714285714285
376800,0.8,0.8823529411764706,0.95,0.5909090909090909,0.7428571428571429
377100,0.8,0.8529411764705882,0.95,0.6363636363636364,0.7285714285714285
377400,0.8333333333333334,0.8529411764705882,0.95,0.6363636363636364,0.7285714285714285
377700,0.8333333333333334,0.8529411764705882,0.95,0.6363636363636364,0.7285714285714285
378000,0.85,0.8823529411764706,0.95,0.6818181818181818,0.7285714285714285
378300,0.8666666666666667,0.8529411764705882,0.9,0.6818181818181818,0.7285714285714285
378600,0.85,0.8529411764705882,0.95,0.6818181818181818,0.7285714285714285
378900,0.85,0.8529411764705882,1.0,0.7272727272727273,0.7428571428571429
379200,0.85,0.8529411764705882,1.0,0.6818181818181818,0.7571428571428571
379500,0.85,0.8529411764705882,0.9,0.6818181818181818,0.7571428571428571
379800,0.8666666666666667,0.8823529411764706,1.0,0.6818181818181818,0.7571428571428571
380100,0.85,0.8529411764705882,0.95,0.8181818181818182,0.7571428571428571
380400,0.8833333333333333,0.8235294117647058,0.95,0.8636363636363636,0.7857142857142857
380700,0.8833333333333333,0.7941176470588235,0.95,0.7272727272727273,0.7857142857142857
381000,0.8833333333333333,0.7941176470588235,0.95,0.7272727272727273,0.8
381300,0.9166666666666666,0.7941176470588235,0.95,0.7272727272727273,0.7857142857142857
381600,0.9166666666666666,0.8235294117647058,0.95,0.7272727272727273,0.8
381900,0.9166666666666666,0.8235294117647058,0.95,0.8181818181818182,0.8
382200,0.9333333333333333,0.8529411764705882,0.95,0.8181818181818182,0.8
382500,0.9333333333333333,0.8529411764705882,0.95,0.8181818181818182,0.8
382800,0.9666666666666667,0.9117647058823529,1.0,0.8636363636363636,0.8
383100,0.9333333333333333,0.9411764705882353,1.0,0.9090909090909091,0.8142857142857143
383400,0.9166666666666666,0.9411764705882353,1.0,0.9090909090909091,0.7857142857142857
383700,0.9,0.9411764705882353,0.8,0.9090909090909091,0.8
384000,0.9,0.9411764705882353,0.95,0.8636363636363636,0.8285714285714286
384300,0.9166666666666666,0.9411764705882353,0.95,0.8636363636363636,0.7857142857142857
384600,0.9,0.9411764705882353,0.95,0.8636363636363636,0.8
384900,0.9333333333333333,0.9411764705882353,0.95,0.8636363636363636,0.7857142857142857
385200,0.9333333333333333,0.9411764705882353,0.95,0.8636363636363636,0.8
385500,0.9333333333333333,0.9705882352941176,0.85,0.8636363636363636,0.8
385800,0.95,0.9411764705882353,0.95,0.8636363636363636,0.8
386100,0.9333333333333333,0.9411764705882353,0.95,0.9090909090909091,0.8
386400,0.95,0.9411764705882353,0.9,0.8181818181818182,0.7857142857142857
386700,0.95,0.9411764705882353,0.9,0.8636363636363636,0.7857142857142857
387000,0.9666666666666667,0.9117647058823529,0.95,0.6818181818181818,0.7857142857142857
387300,0.9666666666666667,0.9117647058823529,1.0,0.7727272727272727,0.7857142857142857
387600,0.9666666666666667,0.9117647058823529,1.0,0.7272727272727273,0.7714285714285715
387900,0.9666666666666667,0.9117647058823529,0.9,0.7272727272727273,0.7428571428571429
388200,0.9666666666666667,0.9411764705882353,0.8,0.7272727272727273,0.7428571428571429
388500,0.9666666666666667,0.9117647058823529,0.85,0.7272727272727273,0.7285714285714285
388800,0.95,0.9117647058823529,0.8,0.7272727272727273,0.7285714285714285
389100,0.9166666666666666,0.8529411764705882,0.75,0.5454545454545454,0.7285714285714285
389400,0.85,0.7941176470588235,0.7,0.5,0.7571428571428571
389700,0.7833333333333333,0.7647058823529411,0.65,0.5,0.7714285714285715
390000,0.7,0.7058823529411765,0.75,0.5,0.7714285714285715
390300,0.6166666666666667,0.7058823529411765,0.65,0.45454545454545453,0.7714285714285715
390600,0.55,0.6764705882352942,0.65,0.45454545454545453,0.7285714285714285
390900,0.5333333333333333,0.6176470588235294,0.65,0.4090909090909091,0.7285714285714285
391200,0.5666666666666667,0.5588235294117647,0.6,0.3181818181818182,0.7428571428571429
391500,0.5666666666666667,0.5588235294117647,0.75,0.2727272727272727,0.7428571428571429
391800,0.5666666666666667,0.5,0.7,0.2727272727272727,0.7428571428571429
392100,0.0,0.0,0.0,0.0,0.0
392400,0.5833333333333334,0.4411764705882353,0.65,0.45454545454545453,0.7428571428571429
392700,0.6333333333333333,0.47058823529411764,0.7,0.4090909090909091,0.7571428571428571
393000,0.6,0.47058823529411764,0.65,0.36363636363636365,0.7428571428571429
393300,0.6166666666666667,0.47058823529411764,0.7,0.45454545454545453,0.7428571428571429
393600,0.6666666666666666,0.5294117647058824,0.7,0.4090909090909091,0.7285714285714285
393900,0.7333333333333333,0.5882352941176471,0.85,0.5454545454545454,0.7714285714285715
394200,0.7166666666666667,0.5588235294117647,0.9,0.5,0.7714285714285715
394500,0.7166666666666667,0.5294117647058824,0.9,0.6363636363636364,0.7857142857142857
394800,0.7166666666666667,0.47058823529411764,0.9,0.6363636363636364,0.7857142857142857
395100,0.7,0.5294117647058824,0.95,0.7272727272727273,0.8142857142857143
395400,0.6833333333333333,0.6176470588235294,0.95,0.6818181818181818,0.8142857142857143
395700,0.7333333333333333,0.6764705882352942,0.95,0.6818181818181818,0.8142857142857143
396000,0.7833333333333333,0.7058823529411765,0.95,0.6363636363636364,0.8142857142857143
396300,0.8166666666666667,0.7941176470588235,1.0,0.6818181818181818,0.8142857142857143
396600,0.8666666666666667,0.7941176470588235,1.0,0.7727272727272727,0.8285714285714286
396900,0.9166666666666666,0.8235294117647058,1.0,0.8181818181818182,0.8285714285714286
397200,0.95,0.8823529411764706,1.0,0.8181818181818182,0.8142857142857143
397500,0.9666666666666667,0.8529411764705882,1.0,0.8181818181818182,0.8285714285714286
397800,0.9666666666666667,0.8823529411764706,1.0,0.8181818181818182,0.8571428571428571
398100,0.9666666666666667,0.8823529411764706,0.9,0.8181818181818182,0.8571428571428571
398400,0.9666666666666667,0.9411764705882353,0.95,0.8181818181818182,0.8571428571428571
398700,0.95,0.9117647058823529,1.0,0.8636363636363636,0.8571428571428571
399000,0.95,0.9117647058823529,0.95,0.8636363636363636,0.8285714285714286
399300,0.0,0.0,0.0,0.0,0.0
399600,0.95,0.9117647058823529,0.9,0.9090909090909091,0.8142857142857143
399900,0.75,0.9117647058823529,0.85,0.7272727272727273,0.7714285714285715
400200,0.95,0.9117647058823529,0.9,0.8181818181818182,0.8142857142857143
400500,0.9166666666666666,0.9117647058823529,0.9,0.8181818181818182,0.8428571428571429
400800,0.9166666666666666,0.9117647058823529,0.9,0.7272727272727273,0.8428571428571429
401100,0.9166666666666666,0.9117647058823529,0.9,0.7272727272727273,0.8285714285714286
401400,0.9166666666666666,0.8823529411764706,0.85,0.7727272727272727,0.8428571428571429
401700,0.95,0.8823529411764706,0.8,0.7727272727272727,0.8428571428571429
402000,0.95,0.9411764705882353,0.85,0.7727272727272727,0.8142857142857143
402300,0.9666666666666667,0.9411764705882353,0.9,0.7727272727272727,0.8142857142857143
402600,0.95,0.9117647058823529,0.9,0.8181818181818182,0.8285714285714286
402900,0.9333333333333333,0.9117647058823529,0.8,0.8636363636363636,0.8142857142857143
403200,0.9166666666666666,0.8823529411764706,0.75,0.8181818181818182,0.8142857142857143
403500,0.9166666666666666,0.8823529411764706,0.7,0.7727272727272727,0.8142857142857143
403800,0.9333333333333333,0.8823529411764706,0.65,0.7272727272727273,0.8285714285714286
404100,0.9166666666666666,0.8529411764705882,0.8,0.7727272727272727,0.8285714285714286
404400,0.8833333333333333,0.8529411764705882,0.85,0.8181818181818182,0.8142857142857143
404700,0.8666666666666667,0.8823529411764706,0.9,0.7727272727272727,0.8285714285714286
405000,0.8333333333333334,0.8823529411764706,0.9,0.7727272727272727,0.8142857142857143
405300,0.8166666666666667,0.8823529411764706,0.9,0.7272727272727273,0.8142857142857143
405600,0.8,0.8823529411764706,0.9,0.7272727272727273,0.8142857142857143
405900,0.8,0.8823529411764706,0.9,0.7272727272727273,0.8142857142857143
406200,0.8166666666666667,0.9117647058823529,0.9,0.7727272727272727,0.8142857142857143
406500,0.8166666666666667,0.9117647058823529,0.85,0.7727272727272727,0.8142857142857143
406800,0.7833333333333333,0.9705882352941176,0.75,0.8181818181818182,0.8142857142857143
407100,0.7833333333333333,0.9411764705882353,0.6,0.8636363636363636,0.8285714285714286
407400,0.8166666666666667,0.9705882352941176,0.6,0.8181818181818182,0.8285714285714286
407700,0.8333333333333334,0.9705882352941176,0.55,0.7727272727272727,0.8428571428571429
408000,0.8833333333333333,0.9411764705882353,0.55,0.7727272727272727,0.8285714285714286
408300,0.85,0.9117647058823529,0.55,0.7727272727272727,0.8285714285714286
408600,0.85,0.9117647058823529,0.5,0.7727272727272727,0.8428571428571429
408900,0.85,0.9117647058823529,0.55,0.7727272727272727,0.8428571428571429
409200,0.8666666666666667,0.8823529411764706,0.65,0.7272727272727273,0.8428571428571429
409500,0.8666666666666667,0.8823529411764706,0.65,0.7727272727272727,0.8571428571428571
409800,0.8833333333333333,0.9117647058823529,0.6,0.7727272727272727,0.8714285714285714
410100,0.8833333333333333,0.9117647058823529,0.6,0.8181818181818182,0.8714285714285714
410400,0.9,0.9117647058823529,0.6,0.8181818181818182,0.8714285714285714
410700,0.95,0.9117647058823529,0.55,0.8181818181818182,0.8857142857142857
411000,0.95,0.9117647058823529,0.6,0.8181818181818182,0.8857142857142857
411300,0.9666666666666667,0.9705882352941176,0.6,0.7727272727272727,0.8857142857142857
411600,0.9833333333333333,0.9705882352941176,0.65,0.8181818181818182,0.8857142857142857
411900,0.9833333333333333,0.9705882352941176,0.7,0.8181818181818182,0.8857142857142857
412200,1.0,0.9705882352941176,0.75,0.8181818181818182,0.8571428571428571
412500,1.0,0.9705882352941176,0.8,0.8181818181818182,0.8714285714285714
412800,0.9833333333333333,0.9705882352941176,0.9,0.8636363636363636,0.8714285714285714
413100,0.9833333333333333,0.9705882352941176,0.9,0.8181818181818182,0.8714285714285714
413400,0.9833333333333333,0.9411764705882353,0.9,0.8181818181818182,0.8571428571428571
413700,0.0,0.0,0.0,0.0,0.0
414000,0.9666666666666667,0.9705882352941176,0.95,0.8181818181818182,0.8428571428571429
414300,0.9666666666666667,0.9411764705882353,0.9,0.7272727272727273,0.8142857142857143
414600,0.95,0.9411764705882353,0.8,0.6363636363636364,0.8428571428571429
414900,0.95,0.9411764705882353,0.8,0.6363636363636364,0.8142857142857143
415200,0.95,0.9117647058823529,0.85,0.5909090909090909,0.8142857142857143
415500,0.95,0.8529411764705882,0.7,0.5,0.8285714285714286
415800,0.9333333333333333,0.8529411764705882,0.75,0.5454545454545454,0.8
416100,0.9166666666666666,0.8529411764705882,0.75,0.45454545454545453,0.8
416400,0.9166666666666666,0.7941176470588235,0.7,0.36363636363636365,0.8
416700,0.8666666666666667,0.7647058823529411,0.7,0.36363636363636365,0.8
417000,0.85,0.7647058823529411,0.75,0.3181818181818182,0.8
417300,0.85,0.8235294117647058,0.65,0.2727272727272727,0.7857142857142857
417600,0.8333333333333334,0.8235294117647058,0.55,0.09090909090909091,0.7857142857142857
417900,0.8333333333333334,0.7941176470588235,0.55,0.18181818181818182,0.8
418200,0.8166666666666667,0.7647058823529411,0.55,0.13636363636363635,0.7857142857142857
418500,0.8,0.6764705882352942,0.5,0.09090909090909091,0.7714285714285715
418800,0.7666666666666667,0.5882352941176471,0.45,0.09090909090909091,0.7857142857142857
419100,0.75,0.5294117647058824,0.4,0.13636363636363635,0.7571428571428571
419400,0.7666666666666667,0.5,0.4,0.22727272727272727,0.7428571428571429
419700,0.7833333333333333,0.47058823529411764,0.5,0.3181818181818182,0.7285714285714285
420000,0.7833333333333333,0.4411764705882353,0.45,0.36363636363636365,0.7142857142857143
420300,0.8166666666666667,0.4117647058823529,0.45,0.4090909090909091,0.7
420600,0.8333333333333334,0.4411764705882353,0.45,0.36363636363636365,0.7
420900,0.8333333333333334,0.47058823529411764,0.5,0.36363636363636365,0.6571428571428571
421200,0.85,0.4411764705882353,0.55,0.2727272727272727,0.6571428571428571
421500,0.8666666666666667,0.4411764705882353,0.6,0.2727272727272727,0.6571428571428571
421800,0.85,0.47058823529411764,0.6,0.22727272727272727,0.6714285714285714
422100,0.8166666666666667,0.4411764705882353,0.5,0.36363636363636365,0.6857142857142857
422400,0.8166666666666667,0.4411764705882353,0.55,0.36363636363636365,0.7285714285714285
422700,0.8,0.4117647058823529,0.6,0.45454545454545453,0.7285714285714285
423000,0.8,0.4411764705882353,0.65,0.4090909090909091,0.7428571428571429
423300,0.8166666666666667,0.47058823529411764,0.65,0.45454545454545453,0.7428571428571429
423600,0.8166666666666667,0.5,0.75,0.5,0.7714285714285715
423900,0.8,0.47058823529411764,0.85,0.5,0.7714285714285715
424200,0.7833333333333333,0.4411764705882353,0.7,0.5,0.7857142857142857
424500,0.7666666666666667,0.4411764705882353,0.75,0.5909090909090909,0.7857142857142857
424800,0.7666666666666667,0.47058823529411764,0.75,0.5,0.7714285714285715
425100,0.75,0.4117647058823529,0.75,0.5,0.8
425400,0.7833333333333333,0.38235294117647056,0.75,0.4090909090909091,0.7857142857142857
425700,0.8,0.38235294117647056,0.75,0.4090909090909091,0.7857142857142857
426000,0.7833333333333333,0.3235294117647059,0.75,0.4090909090909091,0.7571428571428571
426300,0.85,0.35294117647058826,0.85,0.5454545454545454,0.7571428571428571
426600,0.8,0.2647058823529412,0.85,0.5454545454545454,0.7285714285714285
426900,0.8,0.29411764705882354,0.85,0.5,0.7142857142857143
427200,0.8,0.23529411764705882,0.85,0.5,0.7
427500,0.7666666666666667,0.17647058823529413,0.8,0.4090909090909091,0.6857142857142857
427800,0.7833333333333333,0.17647058823529413,0.9,0.5,0.7
428100,0.0,0.0,0.0,0.0,0.0
428400,0.75,0.2647058823529412,0.7,0.6363636363636364,0.6857142857142857
428700,0.7166666666666667,0.2647058823529412,0.8,0.6363636363636364,0.6857142857142857
429000,0.75,0.2647058823529412,0.75,0.6818181818181818,0.6714285714285714
429300,0.7166666666666667,0.29411764705882354,0.75,0.7727272727272727,0.6571428571428571
429600,0.7166666666666667,0.29411764705882354,0.75,0.7272727272727273,0.6428571428571429
429900,0.75,0.38235294117647056,0.75,0.7727272727272727,0.6428571428571429
430200,0.7333333333333333,0.38235294117647056,0.7,0.7272727272727273,0.6142857142857143
430500,0.65,0.4411764705882353,0.75,0.7272727272727273,0.6142857142857143
430800,0.6333333333333333,0.35294117647058826,0.7,0.7727272727272727,0.6
431100,0.6333333333333333,0.3235294117647059,0.65,0.6363636363636364,0.5857142857142857
431400,0.65,0.38235294117647056,0.65,0.6818181818181818,0.5571428571428572
431700,0.65,0.35294117647058826,0.65,0.6818181818181818,0.5571428571428572
432000,0.6833333333333333,0.3235294117647059,0.7,0.6818181818181818,0.5428571428571428
432300,0.55,0.35294117647058826,0.65,0.6363636363636364,0.5428571428571428
432600,0.43333333333333335,0.2647058823529412,0.65,0.5454545454545454,0.5428571428571428
432900,0.4,0.2647058823529412,0.6,0.5454545454545454,0.5285714285714286
433200,0.43333333333333335,0.14705882352941177,0.55,0.5454545454545454,0.5142857142857142
433500,0.3,0.11764705882352941,0.6,0.4090909090909091,0.4857142857142857
433800,0.31666666666666665,0.029411764705882353,0.65,0.5,0.4857142857142857
434100,0.3,0.029411764705882353,0.55,0.45454545454545453,0.4857142857142857
434400,0.2,0.029411764705882353,0.55,0.3181818181818182,0.4714285714285714
434700,0.15,0.0,0.5,0.3181818181818182,0.4714285714285714
435000,0.18333333333333332,0.0,0.5,0.18181818181818182,0.4714285714285714
435300,0.25,0.029411764705882353,0.45,0.18181818181818182,0.4714285714285714
435600,0.3,0.029411764705882353,0.45,0.22727272727272727,0.4714285714285714
435900,0.3,0.0,0.45,0.22727272727272727,0.45714285714285713
436200,0.3,0.029411764705882353,0.5,0.2727272727272727,0.45714285714285713
436500,0.35,0.058823529411764705,0.45,0.3181818181818182,0.45714285714285713
436800,0.36666666666666664,0.0,0.5,0.22727272727272727,0.44285714285714284
437100,0.43333333333333335,0.14705882352941177,0.5,0.22727272727272727,0.44285714285714284
437400,0.48333333333333334,0.14705882352941177,0.4,0.22727272727272727,0.44285714285714284
437700,0.55,0.14705882352941177,0.5,0.18181818181818182,0.44285714285714284
438000,0.6,0.20588235294117646,0.5,0.2727272727272727,0.42857142857142855
438300,0.6,0.23529411764705882,0.55,0.36363636363636365,0.42857142857142855
438600,0.55,0.23529411764705882,0.45,0.36363636363636365,0.42857142857142855
438900,0.55,0.20588235294117646,0.45,0.4090909090909091,0.4142857142857143
439200,0.5833333333333334,0.23529411764705882,0.5,0.36363636363636365,0.4142857142857143
439500,0.55,0.2647058823529412,0.5,0.36363636363636365,0.4142857142857143
439800,0.5166666666666667,0.29411764705882354,0.55,0.4090909090909091,0.4142857142857143
440100,0.5333333333333333,0.29411764705882354,0.55,0.4090909090909091,0.4142857142857143
440400,0.6,0.20588235294117646,0.6,0.3181818181818182,0.4142857142857143
440700,0.6333333333333333,0.23529411764705882,0.75,0.13636363636363635,0.4142857142857143
441000,0.6666666666666666,0.2647058823529412,0.75,0.09090909090909091,0.4142857142857143
441300,0.65,0.2647058823529412,0.7,0.13636363636363635,0.4142857142857143
441600,0.6166666666666667,0.23529411764705882,0.65,0.18181818181818182,0.4142857142857143
441900,0.5833333333333334,0.2647058823529412,0.55,0.18181818181818182,0.4142857142857143
442200,0.55,0.23529411764705882,0.6,0.3181818181818182,0.4
442500,0.5833333333333334,0.23529411764705882,0.6,0.18181818181818182,0.4
442800,0.5666666666666667,0.2647058823529412,0.6,0.18181818181818182,0.4
443100,0.5833333333333334,0.23529411764705882,0.7,0.09090909090909091,0.4
443400,0.6166666666666667,0.20588235294117646,0.7,0.13636363636363635,0.4
443700,0.6166666666666667,0.2647058823529412,0.75,0.09090909090909091,0.38571428571428573
444000,0.5833333333333334,0.2647058823529412,0.75,0.09090909090909091,0.38571428571428573
444300,0.55,0.23529411764705882,0.8,0.045454545454545456,0.38571428571428573
444600,0.5333333333333333,0.23529411764705882,0.8,0.045454545454545456,0.38571428571428573
444900,0.55,0.2647058823529412,0.75,0.045454545454545456,0.38571428571428573
445200,0.5666666666666667,0.2647058823529412,0.75,0.045454545454545456,0.38571428571428573
445500,0.6,0.2647058823529412,0.7,0.045454545454545456,0.38571428571428573
445800,0.5666666666666667,0.2647058823529412,0.7,0.045454545454545456,0.38571428571428573
446100,0.5333333333333333,0.3235294117647059,0.65,0.045454545454545456,0.38571428571428573
446400,0.5666666666666667,0.29411764705882354,0.65,0.09090909090909091,0.38571428571428573
446700,0.5333333333333333,0.23529411764705882,0.65,0.22727272727272727,0.38571428571428573
447000,0.55,0.23529411764705882,0.65,0.2727272727272727,0.38571428571428573
447300,0.5166666666666667,0.23529411764705882,0.65,0.2727272727272727,0.38571428571428573
447600,0.4666666666666667,0.2647058823529412,0.65,0.2727272727272727,0.38571428571428573
447900,0.48333333333333334,0.2647058823529412,0.55,0.3181818181818182,0.38571428571428573
448200,0.5166666666666667,0.35294117647058826,0.5,0.2727272727272727,0.38571428571428573
448500,0.5333333333333333,0.38235294117647056,0.5,0.2727272727272727,0.38571428571428573
448800,0.5,0.4117647058823529,0.45,0.3181818181818182,0.38571428571428573
449100,0.4666666666666667,0.4411764705882353,0.4,0.45454545454545453,0.38571428571428573
449400,0.5166666666666667,0.4411764705882353,0.4,0.4090909090909091,0.38571428571428573
449700,0.5,0.38235294117647056,0.35,0.36363636363636365,0.38571428571428573
450000,0.48333333333333334,0.35294117647058826,0.35,0.36363636363636365,0.38571428571428573
450300,0.48333333333333334,0.29411764705882354,0.5,0.36363636363636365,0.38571428571428573
450600,0.5,0.2647058823529412,0.45,0.3181818181818182,0.38571428571428573
450900,0.4,0.2647058823529412,0.4,0.3181818181818182,0.38571428571428573
451200,0.36666666666666664,0.29411764705882354,0.3,0.2727272727272727,0.38571428571428573
451500,0.35,0.29411764705882354,0.3,0.2727272727272727,0.38571428571428573
451800,0.31666666666666665,0.29411764705882354,0.4,0.3181818181818182,0.38571428571428573
452100,0.3,0.29411764705882354,0.3,0.3181818181818182,0.38571428571428573
452400,0.2833333333333333,0.3235294117647059,0.35,0.2727272727272727,0.38571428571428573
452700,0.26666666666666666,0.29411764705882354,0.35,0.4090909090909091,0.38571428571428573
453000,0.2,0.29411764705882354,0.2,0.36363636363636365,0.38571428571428573
453300,0.21666666666666667,0.2647058823529412,0.25,0.45454545454545453,0.37142857142857144
453600,0.23333333333333334,0.17647058823529413,0.25,0.45454545454545453,0.37142857142857144
453900,0.18333333333333332,0.20588235294117646,0.35,0.5454545454545454,0.37142857142857144
454200,0.2,0.17647058823529413,0.3,0.5454545454545454,0.37142857142857144
454500,0.25,0.20588235294117646,0.25,0.45454545454545453,0.37142857142857144
454800,0.26666666666666666,0.20588235294117646,0.4,0.5,0.37142857142857144
455100,0.2833333333333333,0.2647058823529412,0.4,0.5,0.37142857142857144
455400,0.26666666666666666,0.29411764705882354,0.4,0.5454545454545454,0.38571428571428573
455700,0.26666666666666666,0.20588235294117646,0.4,0.5454545454545454,0.38571428571428573
456000,0.26666666666666666,0.23529411764705882,0.5,0.5454545454545454,0.37142857142857144
456300,0.2833333333333333,0.17647058823529413,0.5,0.5909090909090909,0.37142857142857144
456600,0.3,0.08823529411764706,0.55,0.5454545454545454,0.38571428571428573
456900,0.21666666666666667,0.058823529411764705,0.6,0.5,0.4
457200,0.23333333333333334,0.11764705882352941,0.65,0.5454545454545454,0.4142857142857143
457500,0.2,0.08823529411764706,0.6,0.5454545454545454,0.45714285714285713
457800,0.31666666666666665,0.11764705882352941,0.75,0.5454545454545454,0.4714285714285714
458100,0.3333333333333333,0.11764705882352941,0.75,0.5454545454545454,0.5
458400,0.3333333333333333,0.08823529411764706,0.8,0.5,0.5285714285714286
458700,0.31666666666666665,0.29411764705882354,0.8,0.5,0.5285714285714286
459000,0.3,0.2647058823529412,0.75,0.5,0.5428571428571428
459300,0.36666666666666664,0.20588235294117646,0.75,0.45454545454545453,0.5714285714285714
459600,0.36666666666666664,0.17647058823529413,0.85,0.4090909090909091,0.5714285714285714
459900,0.38333333333333336,0.17647058823529413,0.8,0.4090909090909091,0.5857142857142857
460200,0.4,0.23529411764705882,0.8,0.36363636363636365,0.6
460500,0.43333333333333335,0.23529411764705882,0.75,0.36363636363636365,0.6
460800,0.4666666666666667,0.23529411764705882,0.8,0.2727272727272727,0.6714285714285714
461100,0.5333333333333333,0.29411764705882354,0.8,0.4090909090909091,0.7
461400,0.5666666666666667,0.4117647058823529,0.85,0.5909090909090909,0.7
461700,0.6333333333333333,0.4117647058823529,0.85,0.5909090909090909,0.7142857142857143
462000,0.7,0.5,0.85,0.5,0.7571428571428571
462300,0.75,0.5588235294117647,0.85,0.5,0.7714285714285715
462600,0.7666666666666667,0.6470588235294118,0.85,0.5,0.7857142857142857
462900,0.8166666666666667,0.7058823529411765,0.85,0.45454545454545453,0.8
463200,0.8,0.7352941176470589,0.85,0.45454545454545453,0.8285714285714286
463500,0.85,0.8235294117647058,0.85,0.45454545454545453,0.8285714285714286
463800,0.8666666666666667,0.8529411764705882,0.75,0.5454545454545454,0.8285714285714286
464100,0.0,0.0,0.0,0.0,0.0
464400,0.8833333333333333,0.7941176470588235,0.85,0.5454545454545454,0.8285714285714286
464700,0.9166666666666666,0.8235294117647058,0.8,0.5454545454545454,0.8285714285714286
465000,0.9166666666666666,0.8235294117647058,0.75,0.5,0.8285714285714286
465300,0.9,0.7941176470588235,0.75,0.5,0.8285714285714286
465600,0.9166666666666666,0.8235294117647058,0.8,0.5454545454545454,0.8428571428571429
465900,0.9,0.8235294117647058,0.75,0.5454545454545454,0.8285714285714286
466200,0.8833333333333333,0.8235294117647058,0.8,0.5454545454545454,0.8428571428571429
466500,0.8833333333333333,0.8823529411764706,0.7,0.6363636363636364,0.8428571428571429
466800,0.8666666666666667,0.9117647058823529,0.7,0.5909090909090909,0.8428571428571429
467100,0.85,0.9411764705882353,0.75,0.6363636363636364,0.8428571428571429
467400,0.85,1.0,0.7,0.6818181818181818,0.8285714285714286
467700,0.85,1.0,0.75,0.6818181818181818,0.8428571428571429
468000,0.8666666666666667,1.0,0.8,0.6818181818181818,0.8571428571428571
468300,0.8666666666666667,1.0,0.75,0.6818181818181818,0.8571428571428571
468600,0.8833333333333333,1.0,0.75,0.7272727272727273,0.8571428571428571
468900,0.9333333333333333,1.0,0.75,0.7272727272727273,0.8428571428571429
469200,0.95,1.0,0.7,0.7272727272727273,0.8428571428571429
469500,0.9333333333333333,1.0,0.7,0.7272727272727273,0.8428571428571429
469800,0.95,1.0,0.75,0.8181818181818182,0.8428571428571429
470100,0.95,1.0,0.75,0.8181818181818182,0.8428571428571429
470400,0.95,0.9705882352941176,0.75,0.7727272727272727,0.8428571428571429
470700,0.95,0.9705882352941176,0.8,0.7727272727272727,0.8428571428571429
471000,0.95,0.9705882352941176,0.8,0.7727272727272727,0.8285714285714286
471300,0.9333333333333333,0.9705882352941176,0.8,0.7727272727272727,0.8285714285714286
471600,0.95,0.9705882352941176,0.8,0.7727272727272727,0.8428571428571429
471900,0.95,0.9705882352941176,0.85,0.7727272727272727,0.8571428571428571
472200,0.95,0.9705882352941176,0.9,0.8181818181818182,0.8428571428571429
472500,0.9333333333333333,0.9705882352941176,0.85,0.8181818181818182,0.8428571428571429
472800,0.9333333333333333,0.9705882352941176,0.9,0.8636363636363636,0.8571428571428571
473100,0.9333333333333333,0.9705882352941176,0.9,0.8636363636363636,0.8571428571428571
473400,0.9166666666666666,0.9411764705882353,0.9,0.8636363636363636,0.8571428571428571
473700,0.9166666666666666,0.9411764705882353,0.9,0.8636363636363636,0.8428571428571429
474000,0.9333333333333333,0.9411764705882353,0.9,0.8636363636363636,0.8428571428571429
474300,0.9333333333333333,0.9411764705882353,0.95,0.7727272727272727,0.8428571428571429
474600,0.95,0.9411764705882353,0.9,0.8181818181818182,0.8285714285714286
474900,0.9166666666666666,0.9411764705882353,0.85,0.8181818181818182,0.8142857142857143
475200,0.9166666666666666,0.8529411764705882,0.9,0.6818181818181818,0.8142857142857143
475500,0.8166666666666667,0.7941176470588235,0.9,0.6818181818181818,0.8142857142857143
475800,0.75,0.7647058823529411,0.85,0.6818181818181818,0.7857142857142857
476100,0.75,0.6470588235294118,0.75,0.6363636363636364,0.7714285714285715
476400,0.7166666666666667,0.6176470588235294,0.7,0.5909090909090909,0.7571428571428571
476700,0.7333333333333333,0.5882352941176471,0.6,0.5909090909090909,0.7
477000,0.7,0.5882352941176471,0.75,0.5,0.7142857142857143
477300,0.65,0.5882352941176471,0.75,0.45454545454545453,0.7
477600,0.6,0.5588235294117647,0.7,0.36363636363636365,0.7
477900,0.5833333333333334,0.5882352941176471,0.6,0.2727272727272727,0.7142857142857143
478200,0.6,0.5294117647058824,0.5,0.4090909090909091,0.7142857142857143
478500,0.6,0.5588235294117647,0.5,0.36363636363636365,0.7
478800,0.6,0.5588235294117647,0.45,0.4090909090909091,0.6714285714285714
479100,0.65,0.5294117647058824,0.5,0.36363636363636365,0.7285714285714285
479400,0.6833333333333333,0.5588235294117647,0.45,0.36363636363636365,0.7142857142857143
479700,0.6833333333333333,0.5294117647058824,0.45,0.2727272727272727,0.7142857142857143
480000,0.7333333333333333,0.5588235294117647,0.6,0.3181818181818182,0.7142857142857143
480300,0.7166666666666667,0.5588235294117647,0.6,0.3181818181818182,0.7142857142857143
480600,0.7,0.5294117647058824,0.65,0.2727272727272727,0.7285714285714285
480900,0.6666666666666666,0.5294117647058824,0.65,0.2727272727272727,0.7571428571428571
481200,0.6333333333333333,0.6176470588235294,0.6,0.22727272727272727,0.7571428571428571
481500,0.7166666666666667,0.6470588235294118,0.6,0.36363636363636365,0.7714285714285715
481800,0.7333333333333333,0.6764705882352942,0.7,0.4090909090909091,0.8
482100,0.7333333333333333,0.6764705882352942,0.8,0.5,0.8285714285714286
482400,0.7833333333333333,0.7058823529411765,0.75,0.5454545454545454,0.8285714285714286
482700,0.8,0.7352941176470589,0.75,0.7272727272727273,0.8428571428571429
483000,0.85,0.7941176470588235,0.55,0.8636363636363636,0.8285714285714286
483300,0.8666666666666667,0.7941176470588235,0.85,0.9090909090909091,0.8285714285714286
483600,0.8833333333333333,0.8823529411764706,0.85,0.9090909090909091,0.8571428571428571
483900,0.9,0.9117647058823529,0.9,0.8636363636363636,0.8714285714285714
484200,0.9,0.9411764705882353,0.9,0.8636363636363636,0.8857142857142857
484500,0.9166666666666666,0.9411764705882353,0.9,0.8636363636363636,0.8857142857142857
484800,0.9333333333333333,0.9411764705882353,0.9,0.8636363636363636,0.8714285714285714
485100,0.9666666666666667,0.9411764705882353,0.9,0.9090909090909091,0.8857142857142857
485400,0.9666666666666667,0.9411764705882353,0.95,0.9090909090909091,0.8857142857142857
485700,0.0,0.0,0.0,0.0,0.0
486000,0.9333333333333333,0.8823529411764706,0.9,0.9090909090909091,0.8857142857142857
486300,0.9333333333333333,0.8823529411764706,1.0,0.8181818181818182,0.9
486600,0.95,0.8823529411764706,0.95,0.7727272727272727,0.8857142857142857
486900,0.95,0.8823529411764706,0.95,0.7727272727272727,0.8857142857142857
487200,0.95,0.8823529411764706,0.95,0.7727272727272727,0.8714285714285714
487500,0.95,0.9411764705882353,0.95,0.7727272727272727,0.8571428571428571
487800,0.95,0.9117647058823529,0.95,0.7727272727272727,0.8571428571428571
488100,0.9666666666666667,0.9705882352941176,1.0,0.7727272727272727,0.8571428571428571
488400,0.9666666666666667,0.9705882352941176,0.9,0.7727272727272727,0.8571428571428571
488700,0.9666666666666667,1.0,1.0,0.7727272727272727,0.8571428571428571
489000,0.9666666666666667,1.0,1.0,0.7272727272727273,0.8571428571428571
489300,0.9666666666666667,1.0,0.95,0.7272727272727273,0.8571428571428571
489600,0.9666666666666667,1.0,0.95,0.7727272727272727,0.8428571428571429
489900,0.9666666666666667,1.0,0.95,0.7727272727272727,0.8285714285714286
490200,0.9333333333333333,0.9705882352941176,0.9,0.7727272727272727,0.8428571428571429
490500,0.9166666666666666,0.9411764705882353,0.9,0.7727272727272727,0.8428571428571429
490800,0.8833333333333333,0.9411764705882353,0.85,0.7727272727272727,0.8571428571428571
491100,0.9,0.9411764705882353,0.85,0.7727272727272727,0.8428571428571429
491400,0.9,0.9705882352941176,0.85,0.8181818181818182,0.8428571428571429
491700,0.8833333333333333,0.9411764705882353,0.7,0.8181818181818182,0.8285714285714286
492000,0.8833333333333333,0.9705882352941176,0.8,0.8181818181818182,0.8285714285714286
492300,0.8666666666666667,0.9705882352941176,0.7,0.9545454545454546,0.8285714285714286
492600,0.8833333333333333,0.9705882352941176,0.8,0.9090909090909091,0.8285714285714286
492900,0.0,0.0,0.0,0.0,0.0
493200,0.8666666666666667,0.9705882352941176,0.8,0.9545454545454546,0.8571428571428571
493500,0.8833333333333333,0.9411764705882353,0.85,0.9090909090909091,0.8714285714285714
493800,0.8833333333333333,0.9411764705882353,0.85,0.9545454545454546,0.8714285714285714
494100,0.8833333333333333,0.9411764705882353,0.85,0.9545454545454546,0.8857142857142857
494400,0.9,0.9117647058823529,0.85,0.9545454545454546,0.9142857142857143
494700,0.9,0.9117647058823529,0.85,0.9545454545454546,0.9142857142857143
495000,0.9166666666666666,0.9117647058823529,0.8,0.8636363636363636,0.9285714285714286
495300,0.9333333333333333,0.9117647058823529,0.75,0.8181818181818182,0.9285714285714286
495600,0.9333333333333333,0.9117647058823529,0.75,0.8181818181818182,0.9285714285714286
495900,0.9333333333333333,0.9117647058823529,0.75,0.8181818181818182,0.9285714285714286
496200,0.9333333333333333,0.9117647058823529,0.75,0.8181818181818182,0.9285714285714286
496500,0.9333333333333333,0.9117647058823529,0.75,0.8181818181818182,0.9285714285714286
496800,0.9333333333333333,0.9117647058823529,0.75,0.8181818181818182,0.9285714285714286
497100,0.9333333333333333,0.9117647058823529,0.75,0.8181818181818182,0.9285714285714286
497400,0.9333333333333333,0.9117647058823529,0.75,0.8181818181818182,0.9285714285714286
497700,0.9333333333333333,0.9117647058823529,0.75,0.8181818181818182,0.9285714285714286
498000,0.9333333333333333,0.9117647058823529,0.75,0.8181818181818182,0.9285714285714286
498300,0.9333333333333333,0.9117647058823529,0.75,0.8181818181818182,0.9285714285714286
498600,0.9333333333333333,0.9117647058823529,0.75,0.8181818181818182,0.9285714285714286
498900,0.9333333333333333,0.9117647058823529,0.75,0.8181818181818182,0.9285714285714286
499200,0.9333333333333333,0.9117647058823529,0.75,0.8181818181818182,0.9285714285714286
499500,0.9333333333333333,0.9117647058823529,0.75,0.8181818181818182,0.9285714285714286
499800,0.9333333333333333,0.9117647058823529,0.75,0.8181818181818182,0.9285714285714286
500100,0.9333333333333333,0.9117647058823529,0.75,0.8181818181818182,0.9285714285714286
500400,0.9333333333333333,0.9117647058823529,0.75,0.8181818181818182,0.9285714285714286
500700,0.9333333333333333,0.9117647058823529,0.75,0.8181818181818182,0.9285714285714286
501000,0.9333333333333333,0.9117647058823529,0.75,0.8181818181818182,0.9285714285714286
501300,0.9333333333333333,0.9117647058823529,0.75,0.8181818181818182,0.9285714285714286
501600,0.9333333333333333,0.9117647058823529,0.75,0.8181818181818182,0.9285714285714286
501900,0.9333333333333333,0.9117647058823529,0.75,0.8181818181818182,0.9285714285714286
502200,0.9333333333333333,0.9117647058823529,0.75,0.8181818181818182,0.9285714285714286
502500,0.9333333333333333,0.9117647058823529,0.75,0.8181818181818182,0.9285714285714286
502800,0.9333333333333333,0.9117647058823529,0.75,0.8181818181818182,0.9285714285714286
503100,0.9333333333333333,0.9117647058823529,0.75,0.8181818181818182,0.9285714285714286
503400,0.9333333333333333,0.9117647058823529,0.75,0.8181818181818182,0.9285714285714286
503700,0.9333333333333333,0.9117647058823529,0.75,0.8181818181818182,0.9285714285714286
504000,0.9333333333333333,0.9117647058823529,0.75,0.8181818181818182,0.9285714285714286
504300,0.9333333333333333,0.9117647058823529,0.75,0.8181818181818182,0.9285714285714286
504600,0.9333333333333333,0.9117647058823529,0.75,0.8181818181818182,0.9285714285714286
504900,0.9333333333333333,0.9117647058823529,0.75,0.8181818181818182,0.9285714285714286
505200,0.9333333333333333,0.9117647058823529,0.75,0.8181818181818182,0.9285714285714286
505500,0.9333333333333333,0.9117647058823529,0.75,0.8181818181818182,0.9285714285714286
505800,0.9333333333333333,0.9117647058823529,0.75,0.8181818181818182,0.9285714285714286
506100,0.9333333333333333,0.9117647058823529,0.75,0.8181818181818182,0.9285714285714286
506400,0.9333333333333333,0.9117647058823529,0.75,0.8181818181818182,0.9285714285714286
506700,0.9333333333333333,0.9117647058823529,0.75,0.8181818181818182,0.9285714285714286
507000,0.9333333333333333,0.9117647058823529,0.75,0.8181818181818182,0.9285714285714286
507300,0.9333333333333333,0.9117647058823529,0.75,0.8181818181818182,0.9285714285714286
507600,0.9333333333333333,0.9117647058823529,0.75,0.8181818181818182,0.9285714285714286
507900,0.9333333333333333,0.9117647058823529,0.75,0.8181818181818182,0.9285714285714286
508200,0.9333333333333333,0.9117647058823529,0.75,0.8181818181818182,0.9285714285714286
508500,0.9333333333333333,0.9117647058823529,0.75,0.8181818181818182,0.9285714285714286
508800,0.9333333333333333,0.9117647058823529,0.75,0.8181818181818182,0.9285714285714286
509100,0.9333333333333333,0.9117647058823529,0.75,0.8181818181818182,0.9285714285714286
509400,0.9333333333333333,0.9117647058823529,0.75,0.8181818181818182,0.9285714285714286
509700,0.9333333333333333,0.9117647058823529,0.75,0.8181818181818182,0.9285714285714286
510000,0.9333333333333333,0.9117647058823529,0.75,0.8181818181818182,0.9285714285714286
510300,0.9333333333333333,0.9117647058823529,0.75,0.8181818181818182,0.9285714285714286
510600,0.9333333333333333,0.9117647058823529,0.75,0.8181818181818182,0.9285714285714286
510900,0.9333333333333333,0.9117647058823529,0.75,0.8181818181818182,0.9285714285714286
511200,0.9333333333333333,0.9117647058823529,0.75,0.8181818181818182,0.9285714285714286
511500,0.9333333333333333,0.9117647058823529,0.75,0.8181818181818182,0.9285714285714286
511800,0.9333333333333333,0.9117647058823529,0.75,0.8181818181818182,0.9285714285714286
512100,0.9333333333333333,0.9117647058823529,0.75,0.8181818181818182,0.9285714285714286
512400,0.9333333333333333,0.9117647058823529,0.75,0.8181818181818182,0.9285714285714286
512700,0.9333333333333333,0.9117647058823529,0.75,0.8181818181818182,0.9285714285714286
513000,0.9333333333333333,0.9117647058823529,0.75,0.8181818181818182,0.9285714285714286
513300,0.9333333333333333,0.9117647058823529,0.75,0.8181818181818182,0.9285714285714286
513600,0.9333333333333333,0.9117647058823529,0.75,0.8181818181818182,0.9285714285714286
513900,0.9333333333333333,0.9117647058823529,0.75,0.8181818181818182,0.9285714285714286
514200,0.9333333333333333,0.9117647058823529,0.75,0.8181818181818182,0.9285714285714286
514500,0.9333333333333333,0.9117647058823529,0.75,0.8181818181818182,0.9285714285714286
514800,0.9333333333333333,0.9117647058823529,0.75,0.8181818181818182,0.9285714285714286
515100,0.9333333333333333,0.9117647058823529,0.75,0.8181818181818182,0.9285714285714286
515400,0.9333333333333333,0.9117647058823529,0.75,0.8181818181818182,0.9285714285714286
515700,0.9333333333333333,0.9117647058823529,0.75,0.8181818181818182,0.9285714285714286
516000,0.9333333333333333,0.9117647058823529,0.75,0.8181818181818182,0.9285714285714286
516300,0.9333333333333333,0.9117647058823529,0.75,0.8181818181818182,0.9285714285714286
516600,0.9333333333333333,0.9117647058823529,0.75,0.8181818181818182,0.9285714285714286
516900,0.9333333333333333,0.9117647058823529,0.75,0.8181818181818182,0.9285714285714286
517200,0.9333333333333333,0.9117647058823529,0.75,0.8181818181818182,0.9285714285714286
517500,0.9333333333333333,0.9117647058823529,0.75,0.8181818181818182,0.9285714285714286
517800,0.9333333333333333,0.9117647058823529,0.75,0.8181818181818182,0.9285714285714286
518100,0.9333333333333333,0.9117647058823529,0.75,0.8181818181818182,0.9285714285714286
518400,0.9333333333333333,0.9117647058823529,0.75,0.8181818181818182,0.9285714285714286
518700,0.9333333333333333,0.9117647058823529,0.75,0.8181818181818182,0.9285714285714286
519000,0.9333333333333333,0.9117647058823529,0.75,0.8181818181818182,0.9285714285714286
519300,0.9333333333333333,0.9117647058823529,0.75,0.8181818181818182,0.9285714285714286
519600,0.9333333333333333,0.9117647058823529,0.75,0.8181818181818182,0.9285714285714286
519900,0.9333333333333333,0.9117647058823529,0.75,0.8181818181818182,0.9285714285714286
520200,0.9333333333333333,0.9117647058823529,0.75,0.8181818181818182,0.9285714285714286
520500,0.9333333333333333,0.9117647058823529,0.75,0.8181818181818182,0.9285714285714286
520800,0.9333333333333333,0.9117647058823529,0.75,0.8181818181818182,0.9285714285714286
521100,0.9333333333333333,0.9117647058823529,0.75,0.8181818181818182,0.9285714285714286
521400,0.9333333333333333,0.9117647058823529,0.75,0.8181818181818182,0.9285714285714286
521700,0.9333333333333333,0.9117647058823529,0.75,0.8181818181818182,0.9285714285714286
522000,0.9333333333333333,0.9117647058823529,0.75,0.8181818181818182,0.9285714285714286
522300,0.9333333333333333,0.9117647058823529,0.75,0.8181818181818182,0.9285714285714286
522600,0.9333333333333333,0.9117647058823529,0.75,0.8181818181818182,0.9285714285714286
522900,0.9333333333333333,0.9117647058823529,0.75,0.8181818181818182,0.9285714285714286
523200,0.9333333333333333,0.9117647058823529,0.75,0.8181818181818182,0.9285714285714286
523500,0.9333333333333333,0.9117647058823529,0.75,0.8181818181818182,0.9285714285714286
523800,0.9333333333333333,0.9117647058823529,0.75,0.8181818181818182,0.9285714285714286
524100,0.9333333333333333,0.9117647058823529,0.75,0.8181818181818182,0.9285714285714286
524400,0.9333333333333333,0.9117647058823529,0.75,0.8181818181818182,0.9285714285714286
524700,0.9333333333333333,0.9117647058823529,0.75,0.8181818181818182,0.9285714285714286
525000,0.9333333333333333,0.9117647058823529,0.75,0.8181818181818182,0.9285714285714286
525300,0.9333333333333333,0.9117647058823529,0.75,0.8181818181818182,0.9285714285714286
525600,0.9333333333333333,0.9117647058823529,0.75,0.8181818181818182,0.9285714285714286
525900,0.9333333333333333,0.9117647058823529,0.75,0.8181818181818182,0.9285714285714286
526200,0.9333333333333333,0.9117647058823529,0.75,0.8181818181818182,0.9285714285714286
526500,0.9333333333333333,0.9117647058823529,0.75,0.8181818181818182,0.9285714285714286
526800,0.9333333333333333,0.9117647058823529,0.75,0.8181818181818182,0.9285714285714286
527100,0.9333333333333333,0.9117647058823529,0.75,0.8181818181818182,0.9285714285714286
527400,0.9333333333333333,0.9117647058823529,0.75,0.8181818181818182,0.9285714285714286
527700,0.9333333333333333,0.9117647058823529,0.75,0.8181818181818182,0.9285714285714286
528000,0.9333333333333333,0.9117647058823529,0.75,0.8181818181818182,0.9285714285714286
528300,0.9333333333333333,0.9117647058823529,0.75,0.8181818181818182,0.9285714285714286
528600,0.9333333333333333,0.9117647058823529,0.75,0.8181818181818182,0.9285714285714286
528900,0.9333333333333333,0.9117647058823529,0.75,0.8181818181818182,0.9285714285714286
529200,0.9333333333333333,0.9117647058823529,0.75,0.8181818181818182,0.9285714285714286
529500,0.9333333333333333,0.9117647058823529,0.75,0.8181818181818182,0.9285714285714286
529800,0.9333333333333333,0.9117647058823529,0.75,0.8181818181818182,0.9285714285714286
530100,0.9333333333333333,0.9117647058823529,0.75,0.8181818181818182,0.9285714285714286
530400,0.9333333333333333,0.9117647058823529,0.75,0.8181818181818182,0.9285714285714286
530700,0.9333333333333333,0.9117647058823529,0.75,0.8181818181818182,0.9285714285714286
531000,0.9333333333333333,0.9117647058823529,0.75,0.8181818181818182,0.9285714285714286
531300,0.9333333333333333,0.9117647058823529,0.75,0.8181818181818182,0.9285714285714286
531600,0.9333333333333333,0.9117647058823529,0.75,0.8181818181818182,0.9285714285714286
531900,0.9333333333333333,0.9117647058823529,0.75,0.8181818181818182,0.9285714285714286
532200,0.9333333333333333,0.9117647058823529,0.75,0.8181818181818182,0.9285714285714286
532500,0.9333333333333333,0.9117647058823529,0.75,0.8181818181818182,0.9285714285714286
532800,0.9333333333333333,0.9117647058823529,0.75,0.8181818181818182,0.9285714285714286
533100,0.9333333333333333,0.9117647058823529,0.75,0.8181818181818182,0.9285714285714286
533400,0.9333333333333333,0.9117647058823529,0.75,0.8181818181818182,0.9285714285714286
533700,0.9333333333333333,0.9117647058823529,0.75,0.8181818181818182,0.9285714285714286
534000,0.9333333333333333,0.9117647058823529,0.75,0.8181818181818182,0.9285714285714286
534300,0.9333333333333333,0.9117647058823529,0.75,0.8181818181818182,0.9285714285714286
534600,0.9333333333333333,0.9117647058823529,0.75,0.8181818181818182,0.9285714285714286
534900,0.9333333333333333,0.9117647058823529,0.75,0.8181818181818182,0.9285714285714286
535200,0.9333333333333333,0.9117647058823529,0.75,0.8181818181818182,0.9285714285714286
535500,0.9333333333333333,0.9117647058823529,0.75,0.8181818181818182,0.9285714285714286
535800,0.9333333333333333,0.9117647058823529,0.75,0.8181818181818182,0.9285714285714286
536100,0.9333333333333333,0.9117647058823529,0.75,0.8181818181818182,0.9285714285714286
536400,0.9333333333333333,0.9117647058823529,0.75,0.8181818181818182,0.9285714285714286
536700,0.9333333333333333,0.9117647058823529,0.75,0.8181818181818182,0.9285714285714286
537000,0.9333333333333333,0.9117647058823529,0.75,0.8181818181818182,0.9285714285714286
537300,0.9333333333333333,0.9117647058823529,0.75,0.8181818181818182,0.9285714285714286
537600,0.9333333333333333,0.9117647058823529,0.75,0.8181818181818182,0.9285714285714286
537900,0.9333333333333333,0.9117647058823529,0.75,0.8181818181818182,0.9285714285714286
538200,0.9333333333333333,0.9117647058823529,0.75,0.8181818181818182,0.9285714285714286
538500,0.9333333333333333,0.9117647058823529,0.75,0.8181818181818182,0.9285714285714286
538800,0.9333333333333333,0.9117647058823529,0.75,0.8181818181818182,0.9285714285714286
539100,0.9333333333333333,0.9117647058823529,0.75,0.8181818181818182,0.9285714285714286
539400,0.9333333333333333,0.9117647058823529,0.75,0.8181818181818182,0.9285714285714286
539700,0.9333333333333333,0.9117647058823529,0.75,0.8181818181818182,0.9285714285714286
540000,0.9333333333333333,0.9117647058823529,0.75,0.8181818181818182,0.9285714285714286
540300,0.9333333333333333,0.9117647058823529,0.75,0.8181818181818182,0.9285714285714286
540600,0.9333333333333333,0.9117647058823529,0.75,0.8181818181818182,0.9285714285714286
540900,0.9333333333333333,0.9117647058823529,0.75,0.8181818181818182,0.9285714285714286
541200,0.9333333333333333,0.9117647058823529,0.75,0.8181818181818182,0.9285714285714286
541500,0.9333333333333333,0.9117647058823529,0.75,0.8181818181818182,0.9285714285714286
541800,0.9333333333333333,0.9117647058823529,0.75,0.8181818181818182,0.9285714285714286
542100,0.9333333333333333,0.9117647058823529,0.75,0.8181818181818182,0.9285714285714286
542400,0.9333333333333333,0.9117647058823529,0.75,0.8181818181818182,0.9285714285714286
542700,0.9333333333333333,0.9117647058823529,0.75,0.8181818181818182,0.9285714285714286
543000,0.9333333333333333,0.9117647058823529,0.75,0.8181818181818182,0.9285714285714286
543300,0.9333333333333333,0.9117647058823529,0.75,0.8181818181818182,0.9285714285714286
543600,0.9333333333333333,0.9117647058823529,0.75,0.8181818181818182,0.9285714285714286
543900,0.9333333333333333,0.9117647058823529,0.75,0.8181818181818182,0.9285714285714286
544200,0.9333333333333333,0.9117647058823529,0.75,0.8181818181818182,0.9285714285714286
544500,0.9333333333333333,0.9117647058823529,0.75,0.8181818181818182,0.9285714285714286
544800,0.9333333333333333,0.9117647058823529,0.75,0.8181818181818182,0.9285714285714286
545100,0.9333333333333333,0.9117647058823529,0.75,0.8181818181818182,0.9285714285714286
545400,0.9333333333333333,0.9117647058823529,0.75,0.8181818181818182,0.9285714285714286
545700,0.9333333333333333,0.9117647058823529,0.75,0.8181818181818182,0.9285714285714286
546000,0.9333333333333333,0.9117647058823529,0.75,0.8181818181818182,0.9285714285714286
546300,0.9333333333333333,0.9117647058823529,0.75,0.8181818181818182,0.9285714285714286
546600,0.9333333333333333,0.9117647058823529,0.75,0.8181818181818182,0.9285714285714286
546900,0.9333333333333333,0.9117647058823529,0.75,0.8181818181818182,0.9285714285714286
547200,0.9333333333333333,0.9117647058823529,0.75,0.8181818181818182,0.9285714285714286
547500,0.9333333333333333,0.9117647058823529,0.75,0.8181818181818182,0.9285714285714286
547800,0.9333333333333333,0.9117647058823529,0.75,0.8181818181818182,0.9285714285714286
548100,0.9333333333333333,0.9117647058823529,0.75,0.8181818181818182,0.9285714285714286
548400,0.9333333333333333,0.9117647058823529,0.75,0.8181818181818182,0.9285714285714286
548700,0.9333333333333333,0.9117647058823529,0.75,0.8181818181818182,0.9285714285714286
549000,0.9333333333333333,0.9117647058823529,0.75,0.8181818181818182,0.9285714285714286
549300,0.9333333333333333,0.9117647058823529,0.75,0.8181818181818182,0.9285714285714286
549600,0.9333333333333333,0.9117647058823529,0.75,0.8181818181818182,0.9285714285714286
549900,0.9333333333333333,0.9117647058823529,0.75,0.8181818181818182,0.9285714285714286
550200,0.9333333333333333,0.9117647058823529,0.75,0.8181818181818182,0.9285714285714286
550500,0.9333333333333333,0.9117647058823529,0.75,0.8181818181818182,0.9285714285714286
550800,0.9333333333333333,0.9117647058823529,0.75,0.8181818181818182,0.9285714285714286
551100,0.9333333333333333,0.9117647058823529,0.75,0.8181818181818182,0.9285714285714286
551400,0.9333333333333333,0.9117647058823529,0.75,0.8181818181818182,0.9285714285714286
551700,0.9333333333333333,0.9117647058823529,0.75,0.8181818181818182,0.9285714285714286
552000,0.9333333333333333,0.9117647058823529,0.75,0.8181818181818182,0.9285714285714286
552300,0.9333333333333333,0.9117647058823529,0.75,0.8181818181818182,0.9285714285714286
552600,0.9333333333333333,0.9117647058823529,0.75,0.8181818181818182,0.9285714285714286
552900,0.9333333333333333,0.9117647058823529,0.75,0.8181818181818182,0.9285714285714286
553200,0.9333333333333333,0.9117647058823529,0.75,0.8181818181818182,0.9285714285714286
553500,0.9333333333333333,0.9117647058823529,0.75,0.8181818181818182,0.9285714285714286
553800,0.9333333333333333,0.9117647058823529,0.75,0.8181818181818182,0.9285714285714286
554100,0.9333333333333333,0.9117647058823529,0.75,0.8181818181818182,0.9285714285714286
554400,0.9333333333333333,0.9117647058823529,0.75,0.8181818181818182,0.9285714285714286
554700,0.9333333333333333,0.9117647058823529,0.75,0.8181818181818182,0.9285714285714286
555000,0.9333333333333333,0.9117647058823529,0.75,0.8181818181818182,0.9285714285714286
555300,0.9333333333333333,0.9117647058823529,0.75,0.8181818181818182,0.9285714285714286
555600,0.9333333333333333,0.9117647058823529,0.75,0.8181818181818182,0.9285714285714286
555900,0.9333333333333333,0.9117647058823529,0.75,0.8181818181818182,0.9285714285714286
556200,0.9333333333333333,0.9117647058823529,0.75,0.8181818181818182,0.9285714285714286
556500,0.9333333333333333,0.9117647058823529,0.75,0.8181818181818182,0.9285714285714286
556800,0.9166666666666666,0.9705882352941176,0.75,0.6818181818181818,0.8714285714285714
557100,0.9333333333333333,1.0,0.8,0.7272727272727273,0.8714285714285714
557400,0.9333333333333333,1.0,0.8,0.7727272727272727,0.8428571428571429
557700,0.9333333333333333,0.9411764705882353,0.95,0.7727272727272727,0.8428571428571429
558000,0.95,0.9411764705882353,0.85,0.7727272727272727,0.8428571428571429
558300,0.9666666666666667,0.9411764705882353,0.85,0.7272727272727273,0.8428571428571429
558600,0.95,0.9411764705882353,0.8,0.7272727272727273,0.8428571428571429
558900,0.95,0.9411764705882353,0.8,0.7727272727272727,0.8571428571428571
559200,0.9,0.9117647058823529,0.65,0.8181818181818182,0.8571428571428571
559500,0.9166666666666666,0.9411764705882353,0.7,0.7727272727272727,0.8285714285714286
559800,0.9,0.9411764705882353,0.75,0.7727272727272727,0.8428571428571429
560100,0.8833333333333333,0.9705882352941176,0.75,0.7727272727272727,0.8428571428571429
560400,0.8833333333333333,0.9117647058823529,0.8,0.7727272727272727,0.8285714285714286
560700,0.8666666666666667,0.9117647058823529,0.8,0.8181818181818182,0.8285714285714286
561000,0.85,0.9117647058823529,0.8,0.8181818181818182,0.8285714285714286
561300,0.85,0.9117647058823529,0.85,0.8181818181818182,0.8428571428571429
561600,0.8166666666666667,0.8529411764705882,0.85,0.8181818181818182,0.8571428571428571
561900,0.7833333333333333,0.9117647058823529,0.9,0.8181818181818182,0.8714285714285714
562200,0.7666666666666667,0.8529411764705882,0.85,0.7727272727272727,0.8571428571428571
562500,0.7,0.8235294117647058,0.75,0.6818181818181818,0.8142857142857143
562800,0.6833333333333333,0.7647058823529411,0.8,0.6818181818181818,0.7857142857142857
563100,0.6333333333333333,0.7352941176470589,0.75,0.5909090909090909,0.8
563400,0.6333333333333333,0.7058823529411765,0.75,0.6363636363636364,0.8
563700,0.6166666666666667,0.7058823529411765,0.75,0.5909090909090909,0.8
564000,0.5666666666666667,0.6764705882352942,0.8,0.4090909090909091,0.7571428571428571
564300,0.5166666666666667,0.6470588235294118,0.75,0.4090909090909091,0.7714285714285715
564600,0.5166666666666667,0.6470588235294118,0.7,0.22727272727272727,0.8
564900,0.5166666666666667,0.6176470588235294,0.7,0.13636363636363635,0.8
565200,0.5,0.6176470588235294,0.7,0.045454545454545456,0.7714285714285715
565500,0.5333333333333333,0.6176470588235294,0.55,0.09090909090909091,0.7714285714285715
565800,0.5833333333333334,0.5882352941176471,0.6,0.13636363636363635,0.7857142857142857
566100,0.55,0.5294117647058824,0.65,0.13636363636363635,0.7857142857142857
566400,0.6,0.5,0.65,0.045454545454545456,0.7857142857142857
566700,0.6666666666666666,0.4411764705882353,0.6,0.045454545454545456,0.7857142857142857
567000,0.7333333333333333,0.4411764705882353,0.6,0.18181818181818182,0.7857142857142857
567300,0.7833333333333333,0.5,0.5,0.18181818181818182,0.8142857142857143
567600,0.75,0.5,0.55,0.22727272727272727,0.8285714285714286
567900,0.7333333333333333,0.47058823529411764,0.55,0.18181818181818182,0.8285714285714286
568200,0.75,0.5294117647058824,0.45,0.2727272727272727,0.8285714285714286
568500,0.7166666666666667,0.5588235294117647,0.55,0.3181818181818182,0.8571428571428571
568800,0.7833333333333333,0.47058823529411764,0.55,0.36363636363636365,0.8571428571428571
569100,0.85,0.5294117647058824,0.7,0.45454545454545453,0.9
569400,0.8666666666666667,0.5588235294117647,0.65,0.5,0.9
569700,0.9,0.6470588235294118,0.7,0.7272727272727273,0.9
570000,0.9166666666666666,0.6470588235294118,0.7,0.7727272727272727,0.8857142857142857
570300,0.9333333333333333,0.7352941176470589,0.75,0.8181818181818182,0.8857142857142857
570600,0.9666666666666667,0.7647058823529411,0.75,0.8181818181818182,0.8857142857142857
570900,0.9666666666666667,0.7941176470588235,0.7,0.7727272727272727,0.8714285714285714
571200,0.9833333333333333,0.8235294117647058,0.65,0.7727272727272727,0.8857142857142857
571500,0.9666666666666667,0.8529411764705882,0.7,0.8181818181818182,0.8857142857142857
571800,0.9666666666666667,0.8823529411764706,0.55,0.8181818181818182,0.8857142857142857
572100,0.0,0.0,0.0,0.0,0.0
572400,0.9333333333333333,0.9411764705882353,0.75,0.8181818181818182,0.8428571428571429
572700,0.9333333333333333,0.9117647058823529,0.75,0.8181818181818182,0.8428571428571429
573000,0.95,0.9117647058823529,0.75,0.8181818181818182,0.8428571428571429
573300,0.9833333333333333,0.8823529411764706,0.8,0.7727272727272727,0.8428571428571429
573600,0.9833333333333333,0.8529411764705882,0.8,0.7727272727272727,0.8428571428571429
573900,1.0,0.8823529411764706,0.85,0.7727272727272727,0.8428571428571429
574200,0.9833333333333333,0.9117647058823529,0.8,0.8181818181818182,0.8571428571428571
574500,0.9666666666666667,0.9117647058823529,0.8,0.8636363636363636,0.8428571428571429
574800,0.9833333333333333,0.9117647058823529,0.85,0.8636363636363636,0.8142857142857143
575100,0.9833333333333333,0.9117647058823529,0.9,0.8636363636363636,0.8714285714285714
575400,0.9833333333333333,0.9117647058823529,0.9,0.8636363636363636,0.8571428571428571
575700,1.0,0.9117647058823529,0.9,0.9090909090909091,0.8571428571428571
576000,0.9666666666666667,0.9117647058823529,0.9,0.9090909090909091,0.8571428571428571
576300,0.9666666666666667,0.8823529411764706,1.0,0.8636363636363636,0.8571428571428571
576600,0.95,0.8823529411764706,1.0,0.8636363636363636,0.8571428571428571
576900,0.9166666666666666,0.8823529411764706,1.0,0.8636363636363636,0.8571428571428571
577200,0.9,0.8823529411764706,0.95,0.8181818181818182,0.8571428571428571
577500,0.9,0.9117647058823529,0.95,0.8181818181818182,0.8571428571428571
577800,0.9,0.9411764705882353,1.0,0.8636363636363636,0.8571428571428571
578100,0.9166666666666666,0.9411764705882353,0.9,0.8181818181818182,0.8571428571428571
578400,0.9,0.9411764705882353,0.85,0.8181818181818182,0.8571428571428571
578700,0.8833333333333333,0.9411764705882353,0.85,0.8181818181818182,0.8571428571428571
579000,0.8833333333333333,0.9411764705882353,0.85,0.8181818181818182,0.8714285714285714
579300,0.0,0.0,0.0,0.0,0.0
579600,0.8666666666666667,0.9411764705882353,0.75,0.8181818181818182,0.8571428571428571
579900,0.8666666666666667,0.9117647058823529,0.75,0.8181818181818182,0.8714285714285714
580200,0.9166666666666666,0.8823529411764706,0.8,0.8181818181818182,0.8714285714285714
580500,0.9,0.8823529411764706,0.8,0.8181818181818182,0.8857142857142857
580800,0.9,0.8823529411764706,0.75,0.8181818181818182,0.9
581100,0.9166666666666666,0.8823529411764706,0.65,0.8181818181818182,0.8857142857142857
581400,0.9166666666666666,0.8823529411764706,0.65,0.8181818181818182,0.8857142857142857
581700,0.9166666666666666,0.8823529411764706,0.7,0.8636363636363636,0.8571428571428571
582000,0.8833333333333333,0.8529411764705882,0.65,0.7727272727272727,0.8571428571428571
582300,0.9,0.8823529411764706,0.7,0.7727272727272727,0.8571428571428571
582600,0.9166666666666666,0.8823529411764706,0.7,0.8181818181818182,0.8571428571428571
582900,0.9333333333333333,0.9117647058823529,0.7,0.7727272727272727,0.8428571428571429
583200,0.95,0.9117647058823529,0.7,0.7727272727272727,0.8142857142857143
583500,0.95,0.9117647058823529,0.65,0.8181818181818182,0.8
583800,0.9666666666666667,0.8823529411764706,0.7,0.8181818181818182,0.8285714285714286
584100,0.9666666666666667,0.8823529411764706,0.7,0.7272727272727273,0.8285714285714286
584400,0.9666666666666667,0.8823529411764706,0.75,0.7727272727272727,0.8285714285714286
584700,0.9666666666666667,0.9117647058823529,0.75,0.6363636363636364,0.8428571428571429
585000,0.9333333333333333,0.9117647058823529,0.65,0.6363636363636364,0.8428571428571429
585300,0.95,0.9117647058823529,0.65,0.5909090909090909,0.8285714285714286
585600,0.9666666666666667,0.9117647058823529,0.75,0.5909090909090909,0.8285714285714286
585900,0.9666666666666667,0.9117647058823529,0.7,0.5909090909090909,0.8142857142857143
586200,0.9666666666666667,0.8823529411764706,0.7,0.5454545454545454,0.7857142857142857
586500,0.0,0.0,0.0,0.0,0.0
586800,0.95,0.8823529411764706,0.75,0.5909090909090909,0.8142857142857143
587100,0.95,0.8823529411764706,0.7,0.5909090909090909,0.7857142857142857
587400,0.95,0.8235294117647058,0.75,0.5454545454545454,0.7857142857142857
587700,0.95,0.8235294117647058,0.75,0.5,0.8
588000,0.9166666666666666,0.7941176470588235,0.8,0.45454545454545453,0.8
588300,0.9,0.7352941176470589,0.8,0.45454545454545453,0.7857142857142857
588600,0.8666666666666667,0.7058823529411765,0.9,0.45454545454545453,0.7571428571428571
588900,0.8666666666666667,0.7352941176470589,0.9,0.5,0.7714285714285715
589200,0.9,0.6764705882352942,0.75,0.36363636363636365,0.7714285714285715
589500,0.8833333333333333,0.6764705882352942,0.75,0.36363636363636365,0.7714285714285715
589800,0.8833333333333333,0.6470588235294118,0.85,0.45454545454545453,0.7571428571428571
590100,0.8666666666666667,0.6764705882352942,0.75,0.4090909090909091,0.7285714285714285
590400,0.8666666666666667,0.7058823529411765,0.85,0.3181818181818182,0.7285714285714285
590700,0.85,0.6764705882352942,0.85,0.3181818181818182,0.7285714285714285
591000,0.85,0.6764705882352942,0.75,0.2727272727272727,0.7285714285714285
591300,0.7666666666666667,0.6764705882352942,0.8,0.22727272727272727,0.7285714285714285
591600,0.7666666666666667,0.6764705882352942,0.8,0.22727272727272727,0.7285714285714285
591900,0.7666666666666667,0.6764705882352942,0.8,0.22727272727272727,0.7285714285714285
592200,0.7666666666666667,0.6764705882352942,0.8,0.22727272727272727,0.7285714285714285
592500,0.7666666666666667,0.6764705882352942,0.8,0.22727272727272727,0.7285714285714285
592800,0.7666666666666667,0.6764705882352942,0.8,0.22727272727272727,0.7285714285714285
593100,0.7666666666666667,0.6764705882352942,0.8,0.22727272727272727,0.7285714285714285
593400,0.7666666666666667,0.6764705882352942,0.8,0.22727272727272727,0.7285714285714285
593700,0.7666666666666667,0.6764705882352942,0.8,0.22727272727272727,0.7285714285714285
594000,0.7666666666666667,0.6764705882352942,0.8,0.22727272727272727,0.7285714285714285
594300,0.7666666666666667,0.6764705882352942,0.8,0.22727272727272727,0.7285714285714285
594600,0.7666666666666667,0.6764705882352942,0.8,0.22727272727272727,0.7285714285714285
594900,0.7666666666666667,0.6764705882352942,0.8,0.22727272727272727,0.7285714285714285
595200,0.8333333333333334,0.4411764705882353,0.65,0.5909090909090909,0.8285714285714286
595500,0.85,0.38235294117647056,0.65,0.5909090909090909,0.8285714285714286
595800,0.8666666666666667,0.35294117647058826,0.65,0.5454545454545454,0.8428571428571429
596100,0.85,0.4117647058823529,0.65,0.5454545454545454,0.8428571428571429
596400,0.8666666666666667,0.38235294117647056,0.6,0.45454545454545453,0.8428571428571429
596700,0.8833333333333333,0.4117647058823529,0.65,0.4090909090909091,0.8428571428571429
597000,0.85,0.4411764705882353,0.75,0.4090909090909091,0.8428571428571429
597300,0.8666666666666667,0.4411764705882353,0.75,0.45454545454545453,0.8571428571428571
597600,0.8666666666666667,0.5,0.75,0.45454545454545453,0.8857142857142857
597900,0.85,0.47058823529411764,0.75,0.5,0.8857142857142857
598200,0.8666666666666667,0.4411764705882353,0.8,0.45454545454545453,0.8428571428571429
598500,0.85,0.4411764705882353,0.65,0.5,0.8571428571428571
598800,0.8333333333333334,0.5294117647058824,0.6,0.5909090909090909,0.8714285714285714
599100,0.8666666666666667,0.5588235294117647,0.5,0.5,0.8428571428571429
599400,0.85,0.5,0.55,0.5454545454545454,0.8142857142857143
599700,0.8666666666666667,0.5,0.5,0.5454545454545454,0.8
600000,0.85,0.5,0.6,0.5,0.8
600300,0.8666666666666667,0.4411764705882353,0.6,0.5,0.7714285714285715
600600,0.8166666666666667,0.4411764705882353,0.75,0.5,0.7857142857142857
600900,0.8333333333333334,0.4117647058823529,0.7,0.5454545454545454,0.7857142857142857
601200,0.8666666666666667,0.4411764705882353,0.65,0.5909090909090909,0.7714285714285715
601500,0.8333333333333334,0.47058823529411764,0.75,0.5909090909090909,0.7714285714285715
601800,0.8333333333333334,0.5,0.8,0.5,0.7285714285714285
602100,0.8,0.4117647058823529,0.85,0.6363636363636364,0.7
602400,0.7833333333333333,0.35294117647058826,0.85,0.6363636363636364,0.6714285714285714
602700,0.8166666666666667,0.3235294117647059,0.85,0.6818181818181818,0.6428571428571429
603000,0.7333333333333333,0.35294117647058826,0.85,0.6818181818181818,0.6142857142857143
603300,0.7,0.38235294117647056,0.85,0.6363636363636364,0.6142857142857143
603600,0.75,0.3235294117647059,0.8,0.6363636363636364,0.6142857142857143
603900,0.7166666666666667,0.3235294117647059,0.85,0.5909090909090909,0.6142857142857143
604200,0.7166666666666667,0.35294117647058826,0.85,0.5909090909090909,0.5714285714285714
604500,0.75,0.38235294117647056,0.7,0.6363636363636364,0.5714285714285714
604800,0.6,0.47058823529411764,0.7,0.7727272727272727,0.5857142857142857
605100,0.6,0.38235294117647056,0.65,0.6363636363636364,0.5714285714285714
605400,0.5833333333333334,0.29411764705882354,0.65,0.5454545454545454,0.5571428571428572
605700,0.5666666666666667,0.29411764705882354,0.6,0.5454545454545454,0.5571428571428572
606000,0.5333333333333333,0.20588235294117646,0.6,0.5454545454545454,0.5571428571428572
606300,0.4666666666666667,0.058823529411764705,0.45,0.5,0.5571428571428572
606600,0.4666666666666667,0.058823529411764705,0.45,0.5,0.5571428571428572
606900,0.38333333333333336,0.08823529411764706,0.5,0.45454545454545453,0.5285714285714286
607200,0.36666666666666664,0.058823529411764705,0.5,0.36363636363636365,0.4857142857142857
607500,0.35,0.029411764705882353,0.55,0.36363636363636365,0.4857142857142857
607800,0.35,0.029411764705882353,0.45,0.36363636363636365,0.4857142857142857
608100,0.35,0.08823529411764706,0.45,0.3181818181818182,0.4857142857142857
608400,0.31666666666666665,0.17647058823529413,0.3,0.36363636363636365,0.4714285714285714
608700,0.26666666666666666,0.23529411764705882,0.3,0.4090909090909091,0.4714285714285714
609000,0.25,0.29411764705882354,0.35,0.4090909090909091,0.4714285714285714
609300,0.23333333333333334,0.38235294117647056,0.45,0.5,0.4714285714285714
609600,0.25,0.4117647058823529,0.45,0.45454545454545453,0.4714285714285714
609900,0.3,0.38235294117647056,0.5,0.5,0.45714285714285713
610200,0.31666666666666665,0.4411764705882353,0.5,0.5454545454545454,0.42857142857142855
610500,0.2833333333333333,0.4411764705882353,0.6,0.6363636363636364,0.42857142857142855
610800,0.2833333333333333,0.4411764705882353,0.6,0.6818181818181818,0.42857142857142855
611100,0.2833333333333333,0.4117647058823529,0.55,0.6818181818181818,0.4142857142857143
611400,0.23333333333333334,0.47058823529411764,0.7,0.6363636363636364,0.4
611700,0.25,0.4411764705882353,0.7,0.6363636363636364,0.4
612000,0.25,0.4117647058823529,0.6,0.5909090909090909,0.4
612300,0.3333333333333333,0.47058823529411764,0.55,0.22727272727272727,0.4
612600,0.45,0.47058823529411764,0.5,0.2727272727272727,0.4
612900,0.4666666666666667,0.47058823529411764,0.55,0.22727272727272727,0.4
613200,0.5333333333333333,0.4117647058823529,0.55,0.09090909090909091,0.4
613500,0.5166666666666667,0.4117647058823529,0.55,0.18181818181818182,0.4
613800,0.5333333333333333,0.4117647058823529,0.5,0.13636363636363635,0.4
614100,0.5166666666666667,0.38235294117647056,0.45,0.13636363636363635,0.4
614400,0.4,0.35294117647058826,0.45,0.13636363636363635,0.4
614700,0.36666666666666664,0.38235294117647056,0.45,0.22727272727272727,0.4
615000,0.4666666666666667,0.4411764705882353,0.45,0.22727272727272727,0.4
615300,0.4166666666666667,0.38235294117647056,0.5,0.22727272727272727,0.38571428571428573
615600,0.38333333333333336,0.38235294117647056,0.45,0.09090909090909091,0.38571428571428573
615900,0.43333333333333335,0.38235294117647056,0.5,0.13636363636363635,0.38571428571428573
616200,0.43333333333333335,0.38235294117647056,0.65,0.09090909090909091,0.38571428571428573
616500,0.48333333333333334,0.35294117647058826,0.6,0.09090909090909091,0.38571428571428573
616800,0.48333333333333334,0.35294117647058826,0.65,0.09090909090909091,0.38571428571428573
617100,0.5,0.38235294117647056,0.7,0.09090909090909091,0.38571428571428573
617400,0.55,0.35294117647058826,0.6,0.09090909090909091,0.38571428571428573
617700,0.6666666666666666,0.35294117647058826,0.5,0.045454545454545456,0.37142857142857144
618000,0.7,0.38235294117647056,0.55,0.09090909090909091,0.37142857142857144
618300,0.7,0.38235294117647056,0.6,0.09090909090909091,0.37142857142857144
618600,0.7166666666666667,0.35294117647058826,0.6,0.09090909090909091,0.37142857142857144
618900,0.6833333333333333,0.35294117647058826,0.5,0.09090909090909091,0.37142857142857144
619200,0.6833333333333333,0.35294117647058826,0.5,0.09090909090909091,0.37142857142857144
619500,0.6833333333333333,0.38235294117647056,0.6,0.09090909090909091,0.37142857142857144
619800,0.6833333333333333,0.4117647058823529,0.45,0.09090909090909091,0.35714285714285715
620100,0.7166666666666667,0.38235294117647056,0.55,0.09090909090909091,0.35714285714285715
620400,0.7,0.38235294117647056,0.55,0.09090909090909091,0.35714285714285715
620700,0.7333333333333333,0.38235294117647056,0.65,0.13636363636363635,0.35714285714285715
621000,0.7333333333333333,0.4411764705882353,0.65,0.13636363636363635,0.35714285714285715
621300,0.7333333333333333,0.38235294117647056,0.55,0.18181818181818182,0.35714285714285715
621600,0.7166666666666667,0.3235294117647059,0.65,0.45454545454545453,0.35714285714285715
621900,0.75,0.3235294117647059,0.6,0.7727272727272727,0.35714285714285715
622200,0.7333333333333333,0.3235294117647059,0.55,0.9545454545454546,0.35714285714285715
622500,0.7333333333333333,0.35294117647058826,0.65,0.9090909090909091,0.35714285714285715
622800,0.7,0.35294117647058826,0.65,0.9090909090909091,0.35714285714285715
623100,0.6666666666666666,0.29411764705882354,0.7,0.8636363636363636,0.35714285714285715
623400,0.65,0.29411764705882354,0.75,0.8181818181818182,0.35714285714285715
623700,0.5666666666666667,0.2647058823529412,0.8,0.8181818181818182,0.35714285714285715
624000,0.6,0.20588235294117646,0.8,0.8636363636363636,0.35714285714285715
624300,0.5333333333333333,0.23529411764705882,0.8,0.5,0.35714285714285715
624600,0.48333333333333334,0.3235294117647059,0.75,0.5,0.35714285714285715
624900,0.5,0.3235294117647059,0.65,0.45454545454545453,0.35714285714285715
625200,0.45,0.3235294117647059,0.65,0.45454545454545453,0.35714285714285715
625500,0.4,0.35294117647058826,0.65,0.4090909090909091,0.35714285714285715
625800,0.3,0.35294117647058826,0.65,0.3181818181818182,0.35714285714285715
626100,0.26666666666666666,0.29411764705882354,0.6,0.3181818181818182,0.35714285714285715
626400,0.26666666666666666,0.11764705882352941,0.7,0.2727272727272727,0.35714285714285715
626700,0.23333333333333334,0.14705882352941177,0.7,0.22727272727272727,0.35714285714285715
627000,0.16666666666666666,0.08823529411764706,0.7,0.22727272727272727,0.35714285714285715
627300,0.15,0.058823529411764705,0.7,0.2727272727272727,0.35714285714285715
627600,0.18333333333333332,0.11764705882352941,0.6,0.22727272727272727,0.35714285714285715
627900,0.18333333333333332,0.058823529411764705,0.6,0.13636363636363635,0.35714285714285715
628200,0.2,0.029411764705882353,0.45,0.18181818181818182,0.37142857142857144
628500,0.16666666666666666,0.11764705882352941,0.4,0.13636363636363635,0.42857142857142855
628800,0.2,0.14705882352941177,0.5,0.13636363636363635,0.4
629100,0.13333333333333333,0.11764705882352941,0.5,0.13636363636363635,0.4142857142857143
629400,0.13333333333333333,0.058823529411764705,0.55,0.2727272727272727,0.4142857142857143
629700,0.16666666666666666,0.058823529411764705,0.55,0.45454545454545453,0.44285714285714284
630000,0.13333333333333333,0.029411764705882353,0.65,0.5,0.45714285714285713
630300,0.26666666666666666,0.058823529411764705,0.6,0.5,0.4714285714285714
630600,0.2833333333333333,0.08823529411764706,0.65,0.5,0.5
630900,0.31666666666666665,0.058823529411764705,0.7,0.5,0.5571428571428572
631200,0.31666666666666665,0.058823529411764705,0.7,0.5,0.5571428571428572
631500,0.2833333333333333,0.029411764705882353,0.6,0.3181818181818182,0.5571428571428572
631800,0.3,0.08823529411764706,0.7,0.2727272727272727,0.5714285714285714
632100,0.3,0.08823529411764706,0.7,0.3181818181818182,0.5857142857142857
632400,0.31666666666666665,0.058823529411764705,0.75,0.36363636363636365,0.6
632700,0.25,0.058823529411764705,0.65,0.4090909090909091,0.6142857142857143
633000,0.26666666666666666,0.2647058823529412,0.6,0.45454545454545453,0.6285714285714286
633300,0.26666666666666666,0.3235294117647059,0.55,0.45454545454545453,0.6857142857142857
633600,0.35,0.3235294117647059,0.55,0.5,0.7
633900,0.43333333333333335,0.38235294117647056,0.65,0.5454545454545454,0.7571428571428571
634200,0.5,0.5588235294117647,0.8,0.5454545454545454,0.7714285714285715
634500,0.5833333333333334,0.5588235294117647,0.8,0.5909090909090909,0.8142857142857143
634800,0.7,0.5882352941176471,0.85,0.6363636363636364,0.8285714285714286
635100,0.7666666666666667,0.6764705882352942,0.85,0.7272727272727273,0.8428571428571429
635400,0.7666666666666667,0.7647058823529411,0.95,0.7272727272727273,0.8571428571428571
635700,0.8,0.7941176470588235,0.95,0.7272727272727273,0.8571428571428571
636000,0.7833333333333333,0.8235294117647058,0.95,0.7272727272727273,0.8571428571428571
636300,0.8166666666666667,0.8235294117647058,0.95,0.6818181818181818,0.8714285714285714
636600,0.8833333333333333,0.8235294117647058,0.95,0.6363636363636364,0.8571428571428571
636900,0.0,0.0,0.0,0.0,0.0
637200,0.9166666666666666,0.8529411764705882,0.95,0.6363636363636364,0.8285714285714286
637500,0.9166666666666666,0.9117647058823529,0.95,0.6363636363636364,0.8571428571428571
637800,0.9166666666666666,0.9705882352941176,0.95,0.5909090909090909,0.8571428571428571
638100,0.9333333333333333,0.9705882352941176,0.95,0.6363636363636364,0.8571428571428571
638400,0.9333333333333333,0.9705882352941176,0.8,0.6818181818181818,0.8571428571428571
638700,0.95,0.9705882352941176,0.9,0.6363636363636364,0.8428571428571429
639000,0.95,0.9705882352941176,0.9,0.6818181818181818,0.8428571428571429
639300,0.9333333333333333,0.9705882352941176,0.9,0.7272727272727273,0.8428571428571429
639600,0.9333333333333333,0.9117647058823529,0.85,0.8181818181818182,0.8428571428571429
639900,0.9166666666666666,0.9117647058823529,0.8,0.8181818181818182,0.8285714285714286
640200,0.9166666666666666,0.9117647058823529,0.8,0.8181818181818182,0.8285714285714286
640500,0.9333333333333333,0.9117647058823529,0.85,0.8181818181818182,0.8142857142857143
640800,0.9166666666666666,0.9117647058823529,0.85,0.8636363636363636,0.8142857142857143
641100,0.9333333333333333,0.9411764705882353,0.9,0.8636363636363636,0.8142857142857143
641400,0.95,0.9117647058823529,0.95,0.8636363636363636,0.8428571428571429
641700,0.9333333333333333,0.9117647058823529,0.95,0.9090909090909091,0.8428571428571429
642000,0.9166666666666666,0.9117647058823529,0.95,0.8636363636363636,0.8571428571428571
642300,0.9333333333333333,0.9117647058823529,0.9,0.8636363636363636,0.8428571428571429
642600,0.9333333333333333,0.9117647058823529,0.85,0.8636363636363636,0.8428571428571429
642900,0.95,0.9117647058823529,0.75,0.8636363636363636,0.8142857142857143
643200,0.9333333333333333,0.9117647058823529,0.85,0.8636363636363636,0.8142857142857143
643500,0.9666666666666667,0.9411764705882353,0.8,0.8636363636363636,0.8
643800,0.95,0.9411764705882353,0.8,0.9090909090909091,0.8
644100,0.0,0.0,0.0,0.0,0.0
644400,0.9666666666666667,0.8823529411764706,0.85,0.9545454545454546,0.7857142857142857
644700,0.9166666666666666,0.8823529411764706,0.85,0.9545454545454546,0.7714285714285715
645000,0.9166666666666666,0.8823529411764706,0.9,0.9545454545454546,0.7428571428571429
645300,0.9,0.8823529411764706,0.9,0.9545454545454546,0.7142857142857143
645600,0.9,0.8823529411764706,0.85,0.9090909090909091,0.7142857142857143
645900,0.9,0.8823529411764706,0.85,0.9090909090909091,0.7142857142857143
646200,0.9,0.8529411764705882,0.85,0.8636363636363636,0.6857142857142857
646500,0.9166666666666666,0.8529411764705882,0.85,0.7727272727272727,0.6857142857142857
646800,0.9166666666666666,0.8529411764705882,0.85,0.7272727272727273,0.6857142857142857
647100,0.9333333333333333,0.8235294117647058,0.85,0.7272727272727273,0.6714285714285714
647400,0.9166666666666666,0.8235294117647058,0.75,0.6818181818181818,0.6714285714285714
647700,0.9,0.8235294117647058,0.7,0.6363636363636364,0.6714285714285714
648000,0.9333333333333333,0.7352941176470589,0.7,0.5454545454545454,0.6285714285714286
648300,0.9333333333333333,0.7058823529411765,0.7,0.5454545454545454,0.6
648600,0.9333333333333333,0.7058823529411765,0.7,0.5454545454545454,0.6
648900,0.8833333333333333,0.6764705882352942,0.7,0.5,0.5714285714285714
649200,0.8833333333333333,0.6176470588235294,0.7,0.45454545454545453,0.5714285714285714
649500,0.8666666666666667,0.6470588235294118,0.65,0.3181818181818182,0.5714285714285714
649800,0.85,0.6470588235294118,0.6,0.3181818181818182,0.5714285714285714
650100,0.7833333333333333,0.6470588235294118,0.65,0.18181818181818182,0.5714285714285714
650400,0.7333333333333333,0.6176470588235294,0.65,0.13636363636363635,0.5857142857142857
650700,0.7333333333333333,0.6176470588235294,0.6,0.18181818181818182,0.5857142857142857
651000,0.75,0.7058823529411765,0.6,0.22727272727272727,0.5857142857142857
651300,0.7333333333333333,0.6764705882352942,0.65,0.2727272727272727,0.6
651600,0.6833333333333333,0.6470588235294118,0.65,0.3181818181818182,0.5571428571428572
651900,0.7166666666666667,0.6764705882352942,0.7,0.2727272727272727,0.5571428571428572
652200,0.75,0.6764705882352942,0.6,0.36363636363636365,0.5857142857142857
652500,0.7333333333333333,0.6764705882352942,0.7,0.22727272727272727,0.5857142857142857
652800,0.7333333333333333,0.7941176470588235,0.7,0.2727272727272727,0.6428571428571429
653100,0.7166666666666667,0.8235294117647058,0.75,0.3181818181818182,0.6857142857142857
653400,0.7,0.7941176470588235,0.7,0.3181818181818182,0.7
653700,0.7166666666666667,0.7647058823529411,0.8,0.4090909090909091,0.7
654000,0.6833333333333333,0.7058823529411765,0.75,0.5,0.7285714285714285
654300,0.65,0.7058823529411765,0.75,0.5,0.7428571428571429
654600,0.7,0.7058823529411765,0.8,0.5909090909090909,0.7428571428571429
654900,0.7,0.7058823529411765,0.85,0.5454545454545454,0.8
655200,0.7333333333333333,0.7058823529411765,0.85,0.5909090909090909,0.8142857142857143
655500,0.75,0.7352941176470589,0.85,0.7727272727272727,0.8142857142857143
655800,0.7833333333333333,0.7941176470588235,0.6,0.7272727272727273,0.7714285714285715
656100,0.8,0.7941176470588235,0.75,0.7272727272727273,0.7714285714285715
656400,0.8666666666666667,0.8529411764705882,0.7,0.7272727272727273,0.7714285714285715
656700,0.85,0.9117647058823529,0.7,0.7727272727272727,0.7714285714285715
657000,0.8833333333333333,0.9117647058823529,0.65,0.8181818181818182,0.7714285714285715
657300,0.9333333333333333,0.8823529411764706,0.65,0.8181818181818182,0.7428571428571429
657600,0.95,0.8823529411764706,0.6,0.8181818181818182,0.7428571428571429
657900,1.0,0.8823529411764706,0.6,0.9090909090909091,0.7714285714285715
658200,0.9833333333333333,0.8823529411764706,0.65,0.9090909090909091,0.7714285714285715
658500,0.9833333333333333,0.8823529411764706,0.75,0.9090909090909091,0.7714285714285715
658800,0.9833333333333333,0.8823529411764706,0.75,0.8636363636363636,0.7714285714285715
659100,0.9833333333333333,0.8529411764705882,0.75,0.8636363636363636,0.8142857142857143
659400,0.9833333333333333,0.8529411764705882,0.75,0.8636363636363636,0.8142857142857143
659700,0.9833333333333333,0.8529411764705882,0.7,0.8636363636363636,0.8285714285714286
660000,0.9666666666666667,0.8823529411764706,0.8,0.8636363636363636,0.8285714285714286
660300,0.9666666666666667,0.8823529411764706,0.75,0.8636363636363636,0.8428571428571429
660600,0.9333333333333333,0.8823529411764706,0.85,0.8636363636363636,0.8142857142857143
660900,0.9333333333333333,0.8529411764705882,0.9,0.8636363636363636,0.8285714285714286
661200,0.9,0.8529411764705882,0.85,0.8181818181818182,0.8285714285714286
661500,0.8833333333333333,0.8235294117647058,0.7,0.8181818181818182,0.8285714285714286
661800,0.8666666666666667,0.8235294117647058,0.65,0.7727272727272727,0.8285714285714286
662100,0.9,0.7941176470588235,0.75,0.7727272727272727,0.8285714285714286
662400,0.9166666666666666,0.7941176470588235,0.75,0.7727272727272727,0.8142857142857143
662700,0.9333333333333333,0.7941176470588235,0.7,0.7272727272727273,0.8
663000,0.95,0.7941176470588235,0.8,0.7727272727272727,0.8
663300,0.95,0.8529411764705882,0.8,0.7727272727272727,0.8142857142857143
663600,0.9666666666666667,0.8529411764705882,0.7,0.7727272727272727,0.8428571428571429
663900,0.9833333333333333,0.8529411764705882,0.7,0.6818181818181818,0.8428571428571429
664200,0.9833333333333333,0.8529411764705882,0.8,0.6818181818181818,0.8714285714285714
664500,0.9833333333333333,0.8529411764705882,0.85,0.6363636363636364,0.9142857142857143
664800,0.9166666666666666,0.9117647058823529,0.85,0.6818181818181818,0.9142857142857143
665100,0.9,0.9117647058823529,0.85,0.5454545454545454,0.9142857142857143
665400,0.8833333333333333,0.9117647058823529,0.85,0.5454545454545454,0.9142857142857143
665700,0.0,0.0,0.0,0.0,0.0
666000,0.8833333333333333,0.9117647058823529,0.75,0.5909090909090909,0.9
666300,0.8833333333333333,0.8823529411764706,0.8,0.6363636363636364,0.8714285714285714
666600,0.8666666666666667,0.8823529411764706,0.7,0.5909090909090909,0.8714285714285714
666900,0.8833333333333333,0.8823529411764706,0.7,0.5454545454545454,0.8714285714285714
667200,0.8666666666666667,0.8823529411764706,0.7,0.5454545454545454,0.8571428571428571
667500,0.8666666666666667,0.8823529411764706,0.7,0.5454545454545454,0.8571428571428571
667800,0.8833333333333333,0.8823529411764706,0.65,0.5909090909090909,0.8571428571428571
668100,0.9,0.8823529411764706,0.65,0.5454545454545454,0.8571428571428571
668400,0.9166666666666666,0.8529411764705882,0.65,0.5454545454545454,0.8285714285714286
668700,0.9333333333333333,0.8529411764705882,0.65,0.6363636363636364,0.8285714285714286
669000,0.9166666666666666,0.8529411764705882,0.7,0.7272727272727273,0.8285714285714286
669300,0.9333333333333333,0.8529411764705882,0.65,0.7272727272727273,0.8285714285714286
669600,0.95,0.8529411764705882,0.65,0.6363636363636364,0.8142857142857143
669900,0.95,0.8529411764705882,0.65,0.6363636363636364,0.8
670200,0.95,0.8235294117647058,0.55,0.7272727272727273,0.8142857142857143
670500,0.95,0.8529411764705882,0.6,0.7272727272727273,0.8
670800,0.9666666666666667,0.8529411764705882,0.7,0.7272727272727273,0.7857142857142857
671100,0.9666666666666667,0.8529411764705882,0.75,0.7272727272727273,0.7857142857142857
671400,0.9666666666666667,0.8529411764705882,0.75,0.7272727272727273,0.7571428571428571
671700,0.9833333333333333,0.8529411764705882,0.65,0.7272727272727273,0.7571428571428571
672000,1.0,0.8235294117647058,0.6,0.7272727272727273,0.7571428571428571
672300,0.9833333333333333,0.8235294117647058,0.75,0.8636363636363636,0.7285714285714285
672600,0.9833333333333333,0.8529411764705882,0.75,0.8636363636363636,0.7142857142857143
672900,0.9666666666666667,0.8529411764705882,0.8,0.9090909090909091,0.7
673200,0.95,0.8235294117647058,0.85,0.9090909090909091,0.6857142857142857
673500,0.95,0.8235294117647058,0.8,0.9090909090909091,0.6857142857142857
673800,0.9166666666666666,0.7647058823529411,0.9,0.8181818181818182,0.6714285714285714
674100,0.9,0.7647058823529411,0.85,0.8181818181818182,0.6571428571428571
674400,0.9,0.7647058823529411,0.9,0.7727272727272727,0.6571428571428571
674700,0.9,0.7647058823529411,0.9,0.6818181818181818,0.6571428571428571
675000,0.9,0.7352941176470589,0.8,0.6363636363636364,0.6428571428571429
675300,0.9,0.7647058823529411,0.8,0.6818181818181818,0.6428571428571429
675600,0.9,0.7352941176470589,0.85,0.5909090909090909,0.6428571428571429
675900,0.85,0.7058823529411765,0.8,0.5909090909090909,0.6571428571428571
676200,0.8666666666666667,0.6764705882352942,0.8,0.5454545454545454,0.6571428571428571
676500,0.9,0.6764705882352942,0.8,0.5909090909090909,0.6428571428571429
676800,0.8833333333333333,0.5588235294117647,0.65,0.5,0.6428571428571429
677100,0.8666666666666667,0.5588235294117647,0.7,0.5,0.6285714285714286
677400,0.8166666666666667,0.5294117647058824,0.8,0.5,0.6285714285714286
677700,0.8,0.5882352941176471,0.7,0.5,0.6428571428571429
678000,0.8166666666666667,0.5294117647058824,0.7,0.45454545454545453,0.6714285714285714
678300,0.7666666666666667,0.5588235294117647,0.7,0.5,0.6142857142857143
678600,0.7333333333333333,0.6176470588235294,0.8,0.5909090909090909,0.6285714285714286
678900,0.7166666666666667,0.6176470588235294,0.8,0.5454545454545454,0.6714285714285714
679200,0.7,0.6176470588235294,0.8,0.5454545454545454,0.6571428571428571
679500,0.7,0.6176470588235294,0.7,0.45454545454545453,0.6857142857142857
679800,0.7,0.5882352941176471,0.7,0.45454545454545453,0.6857142857142857
680100,0.7,0.5882352941176471,0.7,0.45454545454545453,0.6857142857142857
680400,0.7166666666666667,0.5588235294117647,0.7,0.45454545454545453,0.7
680700,0.75,0.5,0.6,0.45454545454545453,0.7142857142857143
681000,0.75,0.5,0.65,0.45454545454545453,0.7
681300,0.7166666666666667,0.5,0.7,0.4090909090909091,0.7
681600,0.7,0.5294117647058824,0.75,0.36363636363636365,0.7
681900,0.7166666666666667,0.5588235294117647,0.7,0.36363636363636365,0.7
682200,0.7166666666666667,0.5,0.65,0.3181818181818182,0.7
682500,0.7666666666666667,0.5588235294117647,0.65,0.45454545454545453,0.7
682800,0.7666666666666667,0.6470588235294118,0.6,0.4090909090909091,0.7142857142857143
683100,0.7666666666666667,0.6470588235294118,0.55,0.45454545454545453,0.7571428571428571
683400,0.7833333333333333,0.6764705882352942,0.55,0.5,0.7714285714285715
683700,0.7833333333333333,0.6470588235294118,0.55,0.5454545454545454,0.7714285714285715
684000,0.7833333333333333,0.6470588235294118,0.55,0.5,0.7857142857142857
684300,0.8,0.6764705882352942,0.6,0.5454545454545454,0.7857142857142857
684600,0.8166666666666667,0.6176470588235294,0.65,0.5909090909090909,0.8
684900,0.8166666666666667,0.6764705882352942,0.65,0.5909090909090909,0.7571428571428571
685200,0.8,0.6470588235294118,0.55,0.6363636363636364,0.7428571428571429
685500,0.8333333333333334,0.6470588235294118,0.65,0.6363636363636364,0.7428571428571429
685800,0.8333333333333334,0.6176470588235294,0.65,0.6818181818181818,0.7714285714285715
686100,0.8333333333333334,0.5588235294117647,0.75,0.7727272727272727,0.7571428571428571
686400,0.85,0.5882352941176471,0.65,0.7272727272727273,0.7571428571428571
686700,0.85,0.5882352941176471,0.6,0.8181818181818182,0.7428571428571429
687000,0.8833333333333333,0.5882352941176471,0.55,0.7727272727272727,0.7285714285714285
687300,0.8666666666666667,0.5294117647058824,0.5,0.7727272727272727,0.7142857142857143
687600,0.85,0.5882352941176471,0.75,0.7727272727272727,0.7142857142857143
687900,0.85,0.5588235294117647,0.75,0.7727272727272727,0.7285714285714285
688200,0.85,0.5,0.75,0.8181818181818182,0.7142857142857143
688500,0.85,0.5,0.75,0.7272727272727273,0.7142857142857143
688800,0.85,0.5,0.75,0.7727272727272727,0.7285714285714285
689100,0.85,0.4411764705882353,0.75,0.7727272727272727,0.7285714285714285
689400,0.85,0.5,0.65,0.8181818181818182,0.7142857142857143
689700,0.8666666666666667,0.4411764705882353,0.65,0.8636363636363636,0.7
690000,0.8333333333333334,0.4411764705882353,0.75,0.8181818181818182,0.7
690300,0.7833333333333333,0.38235294117647056,0.75,0.8636363636363636,0.6857142857142857
690600,0.6833333333333333,0.2647058823529412,0.75,0.8181818181818182,0.6714285714285714
690900,0.6666666666666666,0.23529411764705882,0.7,0.7272727272727273,0.6285714285714286
691200,0.6166666666666667,0.20588235294117646,0.65,0.7272727272727273,0.6285714285714286
691500,0.0,0.11764705882352941,0.55,0.5454545454545454,0.5714285714285714
691800,0.48333333333333334,0.029411764705882353,0.55,0.4090909090909091,0.5571428571428572
692100,0.5166666666666667,0.0,0.55,0.4090909090909091,0.5428571428571428
692400,0.43333333333333335,0.029411764705882353,0.45,0.36363636363636365,0.5285714285714286
692700,0.36666666666666664,0.058823529411764705,0.3,0.36363636363636365,0.5428571428571428
693000,0.31666666666666665,0.029411764705882353,0.25,0.36363636363636365,0.5142857142857142
693300,0.25,0.029411764705882353,0.25,0.36363636363636365,0.5142857142857142
693600,0.21666666666666667,0.058823529411764705,0.15,0.36363636363636365,0.4857142857142857
693900,0.2,0.058823529411764705,0.2,0.3181818181818182,0.5
694200,0.2,0.0,0.2,0.3181818181818182,0.4857142857142857
694500,0.18333333333333332,0.058823529411764705,0.1,0.36363636363636365,0.4857142857142857
694800,0.2,0.0,0.2,0.3181818181818182,0.4857142857142857
695100,0.18333333333333332,0.029411764705882353,0.3,0.36363636363636365,0.4857142857142857
695400,0.21666666666666667,0.0,0.5,0.5454545454545454,0.4714285714285714
695700,0.25,0.058823529411764705,0.5,0.5909090909090909,0.45714285714285713
696000,0.3,0.029411764705882353,0.55,0.5454545454545454,0.45714285714285713
696300,0.2833333333333333,0.058823529411764705,0.5,0.3181818181818182,0.45714285714285713
696600,0.3333333333333333,0.08823529411764706,0.4,0.22727272727272727,0.44285714285714284
696900,0.35,0.14705882352941177,0.4,0.13636363636363635,0.44285714285714284
697200,0.3,0.17647058823529413,0.35,0.13636363636363635,0.44285714285714284
697500,0.35,0.20588235294117646,0.3,0.13636363636363635,0.4142857142857143
697800,0.35,0.11764705882352941,0.35,0.18181818181818182,0.4142857142857143
698100,0.38333333333333336,0.17647058823529413,0.3,0.18181818181818182,0.4142857142857143
698400,0.4,0.17647058823529413,0.3,0.09090909090909091,0.4142857142857143
698700,0.4166666666666667,0.11764705882352941,0.4,0.045454545454545456,0.4142857142857143
699000,0.4666666666666667,0.14705882352941177,0.35,0.045454545454545456,0.4
699300,0.45,0.08823529411764706,0.35,0.09090909090909091,0.4
699600,0.4666666666666667,0.11764705882352941,0.4,0.045454545454545456,0.4
699900,0.48333333333333334,0.11764705882352941,0.45,0.045454545454545456,0.4
700200,0.48333333333333334,0.058823529411764705,0.45,0.045454545454545456,0.4142857142857143
700500,0.48333333333333334,0.17647058823529413,0.45,0.09090909090909091,0.42857142857142855
700800,0.45,0.17647058823529413,0.5,0.09090909090909091,0.42857142857142855
701100,0.45,0.14705882352941177,0.45,0.09090909090909091,0.42857142857142855
701400,0.45,0.11764705882352941,0.5,0.045454545454545456,0.42857142857142855
701700,0.45,0.2647058823529412,0.55,0.045454545454545456,0.42857142857142855
702000,0.4666666666666667,0.20588235294117646,0.55,0.09090909090909091,0.42857142857142855
702300,0.5,0.23529411764705882,0.55,0.045454545454545456,0.42857142857142855
702600,0.5166666666666667,0.23529411764705882,0.65,0.045454545454545456,0.42857142857142855
702900,0.5666666666666667,0.2647058823529412,0.7,0.045454545454545456,0.42857142857142855
703200,0.55,0.29411764705882354,0.65,0.045454545454545456,0.42857142857142855
703500,0.55,0.2647058823529412,0.6,0.045454545454545456,0.42857142857142855
703800,0.5333333333333333,0.29411764705882354,0.65,0.045454545454545456,0.42857142857142855
704100,0.5166666666666667,0.29411764705882354,0.6,0.045454545454545456,0.42857142857142855
704400,0.5166666666666667,0.35294117647058826,0.5,0.2727272727272727,0.42857142857142855
704700,0.5333333333333333,0.3235294117647059,0.55,0.22727272727272727,0.4142857142857143
705000,0.5166666666666667,0.38235294117647056,0.6,0.2727272727272727,0.42857142857142855
705300,0.5333333333333333,0.35294117647058826,0.6,0.5454545454545454,0.42857142857142855
705600,0.5666666666666667,0.29411764705882354,0.55,0.5,0.4142857142857143
705900,0.6666666666666666,0.2647058823529412,0.55,0.7727272727272727,0.42857142857142855
706200,0.6833333333333333,0.2647058823529412,0.5,0.8181818181818182,0.42857142857142855
706500,0.6833333333333333,0.2647058823529412,0.4,0.8636363636363636,0.42857142857142855
706800,0.6,0.2647058823529412,0.4,0.8636363636363636,0.42857142857142855
707100,0.6333333333333333,0.2647058823529412,0.45,0.6363636363636364,0.42857142857142855
707400,0.6166666666666667,0.2647058823529412,0.35,0.5909090909090909,0.42857142857142855
707700,0.6,0.2647058823529412,0.5,0.36363636363636365,0.4142857142857143
708000,0.5666666666666667,0.23529411764705882,0.55,0.45454545454545453,0.4142857142857143
708300,0.6,0.23529411764705882,0.5,0.45454545454545453,0.4142857142857143
708600,0.5,0.20588235294117646,0.6,0.4090909090909091,0.4142857142857143
708900,0.48333333333333334,0.20588235294117646,0.5,0.4090909090909091,0.4142857142857143
709200,0.43333333333333335,0.23529411764705882,0.5,0.4090909090909091,0.4142857142857143
709500,0.38333333333333336,0.23529411764705882,0.4,0.36363636363636365,0.4142857142857143
709800,0.4166666666666667,0.23529411764705882,0.4,0.36363636363636365,0.4142857142857143
710100,0.48333333333333334,0.20588235294117646,0.45,0.36363636363636365,0.4142857142857143
710400,0.4666666666666667,0.23529411764705882,0.5,0.36363636363636365,0.4142857142857143
710700,0.43333333333333335,0.23529411764705882,0.45,0.36363636363636365,0.4142857142857143
711000,0.4,0.20588235294117646,0.45,0.36363636363636365,0.4142857142857143
711300,0.4,0.17647058823529413,0.3,0.3181818181818182,0.4142857142857143
711600,0.3333333333333333,0.11764705882352941,0.4,0.3181818181818182,0.4142857142857143
711900,0.23333333333333334,0.11764705882352941,0.4,0.2727272727272727,0.4142857142857143
712200,0.23333333333333334,0.029411764705882353,0.35,0.2727272727272727,0.4142857142857143
712500,0.25,0.058823529411764705,0.3,0.22727272727272727,0.42857142857142855
712800,0.2,0.029411764705882353,0.4,0.09090909090909091,0.42857142857142855
713100,0.21666666666666667,0.058823529411764705,0.5,0.13636363636363635,0.42857142857142855
713400,0.16666666666666666,0.08823529411764706,0.45,0.18181818181818182,0.4142857142857143
713700,0.15,0.14705882352941177,0.45,0.22727272727272727,0.4142857142857143
714000,0.13333333333333333,0.17647058823529413,0.55,0.22727272727272727,0.42857142857142855
714300,0.13333333333333333,0.11764705882352941,0.55,0.18181818181818182,0.42857142857142855
714600,0.08333333333333333,0.058823529411764705,0.5,0.09090909090909091,0.42857142857142855
714900,0.13333333333333333,0.08823529411764706,0.5,0.13636363636363635,0.4142857142857143
715200,0.21666666666666667,0.14705882352941177,0.55,0.09090909090909091,0.4142857142857143
715500,0.18333333333333332,0.14705882352941177,0.45,0.18181818181818182,0.42857142857142855
715800,0.3,0.08823529411764706,0.6,0.18181818181818182,0.42857142857142855
716100,0.3333333333333333,0.08823529411764706,0.65,0.18181818181818182,0.42857142857142855
716400,0.38333333333333336,0.14705882352941177,0.6,0.3181818181818182,0.44285714285714284
716700,0.26666666666666666,0.08823529411764706,0.6,0.22727272727272727,0.42857142857142855
717000,0.18333333333333332,0.058823529411764705,0.6,0.22727272727272727,0.44285714285714284
717300,0.2,0.029411764705882353,0.55,0.22727272727272727,0.42857142857142855
717600,0.18333333333333332,0.0,0.45,0.36363636363636365,0.42857142857142855
717900,0.15,0.029411764705882353,0.5,0.36363636363636365,0.44285714285714284
718200,0.13333333333333333,0.058823529411764705,0.45,0.4090909090909091,0.42857142857142855
718500,0.11666666666666667,0.08823529411764706,0.5,0.4090909090909091,0.42857142857142855
718800,0.1,0.0,0.45,0.45454545454545453,0.4714285714285714
719100,0.06666666666666667,0.029411764705882353,0.4,0.5454545454545454,0.5
719400,0.06666666666666667,0.058823529411764705,0.55,0.6363636363636364,0.5285714285714286
719700,0.1,0.08823529411764706,0.5,0.5454545454545454,0.5428571428571428
720000,0.21666666666666667,0.11764705882352941,0.6,0.5454545454545454,0.5714285714285714
720300,0.3,0.11764705882352941,0.6,0.5454545454545454,0.6142857142857143
720600,0.36666666666666664,0.2647058823529412,0.65,0.5909090909090909,0.7
720900,0.43333333333333335,0.35294117647058826,0.7,0.5909090909090909,0.7285714285714285
721200,0.45,0.35294117647058826,0.75,0.5454545454545454,0.7428571428571429
721500,0.4666666666666667,0.4411764705882353,0.7,0.5909090909090909,0.7571428571428571
721800,0.5333333333333333,0.5,0.85,0.6818181818181818,0.7571428571428571
722100,0.6333333333333333,0.6176470588235294,0.8,0.7727272727272727,0.7857142857142857
722400,0.6333333333333333,0.6470588235294118,0.8,0.7272727272727273,0.8285714285714286
722700,0.7,0.7058823529411765,0.9,0.7272727272727273,0.8428571428571429
723000,0.7333333333333333,0.7058823529411765,0.9,0.7272727272727273,0.8428571428571429
723300,0.7333333333333333,0.7058823529411765,0.9,0.7272727272727273,0.8428571428571429
723600,0.7333333333333333,0.7058823529411765,0.9,0.7272727272727273,0.8428571428571429
723900,0.7333333333333333,0.7058823529411765,0.9,0.7272727272727273,0.8428571428571429
724200,0.7333333333333333,0.7058823529411765,0.9,0.7272727272727273,0.8428571428571429
724500,0.7333333333333333,0.7058823529411765,0.9,0.7272727272727273,0.8428571428571429
724800,0.7333333333333333,0.7058823529411765,0.9,0.7272727272727273,0.8428571428571429
725100,0.7333333333333333,0.7058823529411765,0.9,0.7272727272727273,0.8428571428571429
725400,0.7333333333333333,0.7058823529411765,0.9,0.7272727272727273,0.8428571428571429
725700,0.7333333333333333,0.7058823529411765,0.9,0.7272727272727273,0.8428571428571429
726000,0.7333333333333333,0.7058823529411765,0.9,0.7272727272727273,0.8428571428571429
726300,0.7333333333333333,0.7058823529411765,0.9,0.7272727272727273,0.8428571428571429
726600,0.7333333333333333,0.7058823529411765,0.9,0.7272727272727273,0.8428571428571429
726900,0.7333333333333333,0.7058823529411765,0.9,0.7272727272727273,0.8428571428571429
727200,0.7333333333333333,0.7058823529411765,0.9,0.7272727272727273,0.8428571428571429
727500,0.7333333333333333,0.7058823529411765,0.9,0.7272727272727273,0.8428571428571429
727800,0.7333333333333333,0.7058823529411765,0.9,0.7272727272727273,0.8428571428571429
728100,0.7333333333333333,0.7058823529411765,0.9,0.7272727272727273,0.8428571428571429
728400,0.7333333333333333,0.7058823529411765,0.9,0.7272727272727273,0.8428571428571429
728700,0.7333333333333333,0.7058823529411765,0.9,0.7272727272727273,0.8428571428571429
729000,0.7333333333333333,0.7058823529411765,0.9,0.7272727272727273,0.8428571428571429
729300,0.7333333333333333,0.7058823529411765,0.9,0.7272727272727273,0.8428571428571429
729600,0.7333333333333333,0.7058823529411765,0.9,0.7272727272727273,0.8428571428571429
729900,0.7333333333333333,0.7058823529411765,0.9,0.7272727272727273,0.8428571428571429
730200,0.7333333333333333,0.7058823529411765,0.9,0.7272727272727273,0.8428571428571429
730500,0.7333333333333333,0.7058823529411765,0.9,0.7272727272727273,0.8428571428571429
730800,0.7333333333333333,0.7058823529411765,0.9,0.7272727272727273,0.8428571428571429
731100,0.7333333333333333,0.7058823529411765,0.9,0.7272727272727273,0.8428571428571429
731400,0.7333333333333333,0.7058823529411765,0.9,0.7272727272727273,0.8428571428571429
731700,0.7333333333333333,0.7058823529411765,0.9,0.7272727272727273,0.8428571428571429
732000,0.7333333333333333,0.7058823529411765,0.9,0.7272727272727273,0.8428571428571429
732300,0.7333333333333333,0.7058823529411765,0.9,0.7272727272727273,0.8428571428571429
732600,0.7333333333333333,0.7058823529411765,0.9,0.7272727272727273,0.8428571428571429
732900,0.7333333333333333,0.7058823529411765,0.9,0.7272727272727273,0.8428571428571429
733200,0.7333333333333333,0.7058823529411765,0.9,0.7272727272727273,0.8428571428571429
733500,0.7333333333333333,0.7058823529411765,0.9,0.7272727272727273,0.8428571428571429
733800,0.0,0.0,0.9,0.7272727272727273,0.0
734100,0.9,0.8823529411764706,0.55,0.7727272727272727,0.7857142857142857
734400,0.8666666666666667,0.9117647058823529,0.55,0.7272727272727273,0.7714285714285715
734700,0.85,0.8823529411764706,0.55,0.6818181818181818,0.7714285714285715
735000,0.8333333333333334,0.7941176470588235,0.65,0.5909090909090909,0.7428571428571429
735300,0.8166666666666667,0.7941176470588235,0.7,0.45454545454545453,0.7428571428571429
735600,0.75,0.7941176470588235,0.75,0.45454545454545453,0.7428571428571429
735900,0.7333333333333333,0.7941176470588235,0.65,0.4090909090909091,0.7428571428571429
736200,0.7,0.7352941176470589,0.6,0.36363636363636365,0.7571428571428571
736500,0.6666666666666666,0.7352941176470589,0.6,0.2727272727272727,0.7571428571428571
736800,0.7,0.7647058823529411,0.5,0.13636363636363635,0.7571428571428571
737100,0.6666666666666666,0.7352941176470589,0.45,0.13636363636363635,0.7428571428571429
737400,0.6333333333333333,0.7941176470588235,0.35,0.13636363636363635,0.7285714285714285
737700,0.6333333333333333,0.7647058823529411,0.35,0.13636363636363635,0.7428571428571429
738000,0.6166666666666667,0.7647058823529411,0.4,0.09090909090909091,0.7
738300,0.6333333333333333,0.6470588235294118,0.5,0.09090909090909091,0.7142857142857143
738600,0.65,0.6764705882352942,0.5,0.13636363636363635,0.6857142857142857
738900,0.6666666666666666,0.6764705882352942,0.55,0.13636363636363635,0.7
739200,0.6833333333333333,0.7352941176470589,0.5,0.09090909090909091,0.7
739500,0.7333333333333333,0.7058823529411765,0.6,0.09090909090909091,0.7
739800,0.7666666666666667,0.7352941176470589,0.65,0.09090909090909091,0.7285714285714285
740100,0.7833333333333333,0.7352941176470589,0.65,0.13636363636363635,0.7285714285714285
740400,0.8333333333333334,0.7352941176470589,0.55,0.09090909090909091,0.7714285714285715
740700,0.8166666666666667,0.7058823529411765,0.55,0.09090909090909091,0.7571428571428571
741000,0.7666666666666667,0.7647058823529411,0.5,0.09090909090909091,0.7714285714285715
741300,0.0,0.0,0.5,0.09090909090909091,0.0
741600,0.8166666666666667,0.7647058823529411,0.55,0.09090909090909091,0.7714285714285715
741900,0.8166666666666667,0.7941176470588235,0.7,0.22727272727272727,0.7571428571428571
742200,0.9166666666666666,0.7941176470588235,0.75,0.4090909090909091,0.7571428571428571
742500,0.9166666666666666,0.7941176470588235,0.8,0.4090909090909091,0.7714285714285715
742800,0.9166666666666666,0.8529411764705882,0.8,0.45454545454545453,0.7428571428571429
743100,0.9333333333333333,0.9117647058823529,0.75,0.45454545454545453,0.7142857142857143
743400,0.9333333333333333,0.9411764705882353,0.9,0.5909090909090909,0.7285714285714285
743700,0.9333333333333333,0.9411764705882353,0.9,0.6363636363636364,0.7285714285714285
744000,0.9166666666666666,0.9705882352941176,0.9,0.7727272727272727,0.7285714285714285
744300,0.9,0.9705882352941176,0.95,0.8636363636363636,0.7142857142857143
744600,0.8833333333333333,0.9705882352941176,0.95,0.8636363636363636,0.7
744900,0.8833333333333333,0.9705882352941176,0.95,0.8636363636363636,0.6857142857142857
745200,0.9,0.9705882352941176,0.95,0.8636363636363636,0.6571428571428571
745500,0.9,0.9705882352941176,0.95,0.8636363636363636,0.6285714285714286
745800,0.9,1.0,0.95,0.8181818181818182,0.6
746100,0.9,1.0,1.0,0.8636363636363636,0.5857142857142857
746400,0.9166666666666666,1.0,0.95,0.8636363636363636,0.6142857142857143
746700,0.9333333333333333,1.0,0.95,0.7727272727272727,0.6
747000,0.9333333333333333,0.9705882352941176,0.95,0.7727272727272727,0.6142857142857143
747300,0.9333333333333333,0.9705882352941176,0.95,0.8181818181818182,0.6285714285714286
747600,0.9333333333333333,0.9705882352941176,0.85,0.8181818181818182,0.6285714285714286
747900,0.9166666666666666,0.9411764705882353,0.85,0.8636363636363636,0.6142857142857143
748200,0.9166666666666666,0.9411764705882353,0.85,0.8636363636363636,0.6428571428571429
748500,0.9,0.9411764705882353,0.9,0.8636363636363636,0.6142857142857143
748800,0.9166666666666666,0.9411764705882353,0.9,0.8636363636363636,0.6285714285714286
749100,0.9666666666666667,0.9411764705882353,0.85,0.9090909090909091,0.6285714285714286
749400,0.9666666666666667,0.9411764705882353,0.8,0.9090909090909091,0.6285714285714286
749700,0.9666666666666667,0.9411764705882353,0.85,0.9090909090909091,0.6428571428571429
750000,0.95,0.9411764705882353,0.85,0.9090909090909091,0.6714285714285714
750300,0.9333333333333333,0.9705882352941176,0.85,0.9090909090909091,0.6857142857142857
750600,0.9333333333333333,0.9705882352941176,0.9,0.8636363636363636,0.6714285714285714
750900,0.95,0.9705882352941176,0.85,0.8181818181818182,0.6714285714285714
751200,0.9333333333333333,1.0,0.8,0.8181818181818182,0.6571428571428571
751500,0.95,1.0,0.8,0.8181818181818182,0.6571428571428571
751800,0.9833333333333333,1.0,0.8,0.8636363636363636,0.6571428571428571
752100,0.9833333333333333,1.0,0.7,0.8636363636363636,0.6714285714285714
752400,0.95,1.0,0.75,0.8636363636363636,0.6857142857142857
752700,0.9166666666666666,1.0,0.75,0.8636363636363636,0.6714285714285714
753000,0.9333333333333333,1.0,0.8,0.8636363636363636,0.6857142857142857
753300,0.9166666666666666,0.9705882352941176,0.75,0.8636363636363636,0.6857142857142857
753600,0.9166666666666666,0.9705882352941176,0.7,0.8636363636363636,0.7
753900,0.9,0.9411764705882353,0.65,0.8636363636363636,0.7285714285714285
754200,0.9,0.9705882352941176,0.55,0.8636363636363636,0.7285714285714285
754500,0.9,0.9117647058823529,0.55,0.8636363636363636,0.7285714285714285
754800,0.9166666666666666,0.9117647058823529,0.6,0.9090909090909091,0.7285714285714285
755100,0.9166666666666666,0.9117647058823529,0.6,0.9090909090909091,0.7285714285714285
755400,0.9333333333333333,0.8823529411764706,0.6,0.9090909090909091,0.7428571428571429
755700,0.9333333333333333,0.8823529411764706,0.65,0.9090909090909091,0.7285714285714285
756000,0.0,0.0,0.75,0.8181818181818182,0.0
756300,0.9833333333333333,0.8823529411764706,0.65,0.7272727272727273,0.7428571428571429
756600,0.9666666666666667,0.8823529411764706,0.65,0.7272727272727273,0.7428571428571429
756900,0.9833333333333333,0.8529411764705882,0.55,0.6818181818181818,0.7428571428571429
757200,0.9833333333333333,0.8823529411764706,0.6,0.6363636363636364,0.7285714285714285
757500,0.9833333333333333,0.9411764705882353,0.6,0.6363636363636364,0.7142857142857143
757800,0.9833333333333333,0.9411764705882353,0.7,0.6818181818181818,0.7
758100,0.9833333333333333,0.9411764705882353,0.65,0.6818181818181818,0.6714285714285714
758400,0.9833333333333333,0.9411764705882353,0.8,0.5909090909090909,0.7
758700,0.95,0.9117647058823529,0.85,0.6818181818181818,0.6714285714285714
759000,0.95,0.9117647058823529,0.6,0.6818181818181818,0.6571428571428571
759300,0.9333333333333333,0.8823529411764706,0.7,0.6818181818181818,0.6285714285714286
759600,0.9333333333333333,0.8823529411764706,0.8,0.7272727272727273,0.6428571428571429
759900,0.9333333333333333,0.8529411764705882,0.8,0.6818181818181818,0.6142857142857143
760200,0.85,0.7941176470588235,0.85,0.7272727272727273,0.5857142857142857
760500,0.8333333333333334,0.7941176470588235,0.8,0.6818181818181818,0.5571428571428572
760800,0.8333333333333334,0.8235294117647058,0.75,0.6818181818181818,0.5857142857142857
761100,0.8166666666666667,0.8235294117647058,0.75,0.6818181818181818,0.5714285714285714
761400,0.75,0.8235294117647058,0.75,0.6818181818181818,0.5857142857142857
761700,0.8333333333333334,0.8235294117647058,0.75,0.5909090909090909,0.5857142857142857
762000,0.8166666666666667,0.8529411764705882,0.6,0.5,0.5714285714285714
762300,0.8333333333333334,0.8235294117647058,0.55,0.4090909090909091,0.5714285714285714
762600,0.85,0.7058823529411765,0.6,0.4090909090909091,0.5
762900,0.85,0.6764705882352942,0.6,0.36363636363636365,0.5142857142857142
763200,0.8333333333333334,0.6764705882352942,0.5,0.4090909090909091,0.4857142857142857
763500,0.8,0.6470588235294118,0.6,0.45454545454545453,0.4714285714285714
763800,0.7333333333333333,0.6176470588235294,0.65,0.5454545454545454,0.4857142857142857
764100,0.7166666666666667,0.6176470588235294,0.65,0.5454545454545454,0.5
764400,0.7166666666666667,0.5588235294117647,0.65,0.5454545454545454,0.4857142857142857
764700,0.75,0.5882352941176471,0.7,0.5454545454545454,0.5
765000,0.7833333333333333,0.5882352941176471,0.8,0.5454545454545454,0.5
765300,0.7833333333333333,0.6470588235294118,0.7,0.5909090909090909,0.5
765600,0.8,0.6764705882352942,0.8,0.6363636363636364,0.5
765900,0.8,0.6470588235294118,0.7,0.6363636363636364,0.5428571428571428
766200,0.7833333333333333,0.6470588235294118,0.8,0.5909090909090909,0.5571428571428572
766500,0.8166666666666667,0.7058823529411765,0.7,0.5454545454545454,0.5714285714285714
766800,0.8,0.7352941176470589,0.65,0.5,0.6
767100,0.7666666666666667,0.7058823529411765,0.65,0.45454545454545453,0.6142857142857143
767400,0.7666666666666667,0.7647058823529411,0.7,0.4090909090909091,0.6428571428571429
767700,0.7166666666666667,0.7647058823529411,0.7,0.5,0.6428571428571429
768000,0.6833333333333333,0.7647058823529411,0.8,0.5909090909090909,0.6857142857142857
768300,0.7,0.6764705882352942,0.75,0.6363636363636364,0.7285714285714285
768600,0.7166666666666667,0.7058823529411765,0.6,0.5454545454545454,0.7285714285714285
768900,0.7666666666666667,0.7058823529411765,0.7,0.5454545454545454,0.7142857142857143
769200,0.7666666666666667,0.6764705882352942,0.75,0.5454545454545454,0.7714285714285715
769500,0.7666666666666667,0.6470588235294118,0.7,0.5909090909090909,0.7571428571428571
769800,0.75,0.6470588235294118,0.7,0.5454545454545454,0.8
770100,0.7333333333333333,0.5882352941176471,0.7,0.5909090909090909,0.8142857142857143
770400,0.7,0.5882352941176471,0.7,0.6363636363636364,0.8142857142857143
770700,0.6666666666666666,0.5882352941176471,0.65,0.6363636363636364,0.8428571428571429
771000,0.7,0.5882352941176471,0.65,0.5454545454545454,0.8285714285714286
771300,0.7333333333333333,0.6176470588235294,0.7,0.5454545454545454,0.8285714285714286
771600,0.7333333333333333,0.6176470588235294,0.75,0.45454545454545453,0.8428571428571429
771900,0.7333333333333333,0.6470588235294118,0.75,0.5909090909090909,0.8142857142857143
772200,0.75,0.5588235294117647,0.8,0.5909090909090909,0.7857142857142857
772500,0.8,0.5882352941176471,0.75,0.5454545454545454,0.7714285714285715
772800,0.85,0.6176470588235294,0.75,0.5454545454545454,0.7714285714285715
773100,0.8333333333333334,0.6470588235294118,0.7,0.5454545454545454,0.7857142857142857
773400,0.8333333333333334,0.5882352941176471,0.65,0.5,0.7571428571428571
773700,0.8333333333333334,0.5882352941176471,0.65,0.5454545454545454,0.7428571428571429
774000,0.8166666666666667,0.5588235294117647,0.7,0.45454545454545453,0.7428571428571429
774300,0.7833333333333333,0.5588235294117647,0.65,0.45454545454545453,0.7142857142857143
774600,0.7333333333333333,0.5294117647058824,0.55,0.5454545454545454,0.7142857142857143
774900,0.75,0.5294117647058824,0.55,0.5,0.7142857142857143
775200,0.7666666666666667,0.4411764705882353,0.55,0.5454545454545454,0.7142857142857143
775500,0.7666666666666667,0.4411764705882353,0.6,0.5909090909090909,0.7142857142857143
775800,0.7666666666666667,0.47058823529411764,0.7,0.6818181818181818,0.6857142857142857
776100,0.7666666666666667,0.5294117647058824,0.7,0.6818181818181818,0.6857142857142857
776400,0.7333333333333333,0.5,0.6,0.6363636363636364,0.6428571428571429
776700,0.75,0.5,0.5,0.5909090909090909,0.6285714285714286
777000,0.7833333333333333,0.47058823529411764,0.5,0.5909090909090909,0.6285714285714286
777300,0.6666666666666666,0.47058823529411764,0.6,0.6818181818181818,0.6
777600,0.6666666666666666,0.47058823529411764,0.6,0.6818181818181818,0.6
777900,0.5166666666666667,0.20588235294117646,0.5,0.5909090909090909,0.5857142857142857
778200,0.45,0.14705882352941177,0.55,0.5454545454545454,0.5714285714285714
778500,0.45,0.11764705882352941,0.55,0.5909090909090909,0.5571428571428572
778800,0.43333333333333335,0.17647058823529413,0.5,0.6818181818181818,0.5428571428571428
779100,0.36666666666666664,0.17647058823529413,0.5,0.6818181818181818,0.5428571428571428
779400,0.35,0.14705882352941177,0.55,0.5454545454545454,0.5428571428571428
779700,0.26666666666666666,0.11764705882352941,0.4,0.5454545454545454,0.5142857142857142
780000,0.26666666666666666,0.058823529411764705,0.45,0.45454545454545453,0.5
780300,0.23333333333333334,0.058823529411764705,0.5,0.2727272727272727,0.5
780600,0.16666666666666666,0.11764705882352941,0.45,0.18181818181818182,0.5
780900,0.16666666666666666,0.11764705882352941,0.5,0.09090909090909091,0.5
781200,0.15,0.08823529411764706,0.45,0.09090909090909091,0.5
781500,0.1,0.20588235294117646,0.45,0.09090909090909091,0.5
781800,0.16666666666666666,0.17647058823529413,0.4,0.18181818181818182,0.5
782100,0.15,0.23529411764705882,0.4,0.22727272727272727,0.5
782400,0.26666666666666666,0.20588235294117646,0.4,0.18181818181818182,0.5
782700,0.26666666666666666,0.14705882352941177,0.4,0.18181818181818182,0.5
783000,0.26666666666666666,0.14705882352941177,0.55,0.22727272727272727,0.5
783300,0.26666666666666666,0.20588235294117646,0.5,0.3181818181818182,0.4857142857142857
783600,0.38333333333333336,0.20588235294117646,0.5,0.22727272727272727,0.4714285714285714
783900,0.36666666666666664,0.29411764705882354,0.45,0.22727272727272727,0.4714285714285714
784200,0.38333333333333336,0.3235294117647059,0.4,0.09090909090909091,0.4714285714285714
784500,0.4666666666666667,0.23529411764705882,0.25,0.13636363636363635,0.4714285714285714
784800,0.5,0.23529411764705882,0.35,0.22727272727272727,0.4714285714285714
785100,0.5166666666666667,0.29411764705882354,0.35,0.3181818181818182,0.44285714285714284
785400,0.5333333333333333,0.35294117647058826,0.35,0.3181818181818182,0.44285714285714284
785700,0.5666666666666667,0.38235294117647056,0.45,0.18181818181818182,0.44285714285714284
786000,0.5833333333333334,0.35294117647058826,0.45,0.22727272727272727,0.44285714285714284
786300,0.5833333333333334,0.35294117647058826,0.4,0.13636363636363635,0.44285714285714284
786600,0.5166666666666667,0.35294117647058826,0.3,0.13636363636363635,0.42857142857142855
786900,0.48333333333333334,0.38235294117647056,0.35,0.09090909090909091,0.42857142857142855
787200,0.5333333333333333,0.38235294117647056,0.4,0.0,0.42857142857142855
787500,0.5166666666666667,0.35294117647058826,0.35,0.09090909090909091,0.42857142857142855
787800,0.5166666666666667,0.35294117647058826,0.4,0.09090909090909091,0.42857142857142855
788100,0.55,0.38235294117647056,0.5,0.13636363636363635,0.42857142857142855
788400,0.5166666666666667,0.38235294117647056,0.6,0.18181818181818182,0.42857142857142855
788700,0.5,0.47058823529411764,0.65,0.22727272727272727,0.42857142857142855
789000,0.5,0.47058823529411764,0.65,0.22727272727272727,0.42857142857142855
789300,0.5666666666666667,0.4411764705882353,0.8,0.13636363636363635,0.42857142857142855
789600,0.5833333333333334,0.47058823529411764,0.75,0.22727272727272727,0.42857142857142855
789900,0.5333333333333333,0.4411764705882353,0.7,0.18181818181818182,0.42857142857142855
790200,0.55,0.4117647058823529,0.7,0.18181818181818182,0.42857142857142855
790500,0.5166666666666667,0.5,0.65,0.13636363636363635,0.42857142857142855
790800,0.5166666666666667,0.5,0.6,0.18181818181818182,0.42857142857142855
791100,0.5,0.5294117647058824,0.6,0.22727272727272727,0.4142857142857143
791400,0.5166666666666667,0.5,0.65,0.18181818181818182,0.4142857142857143
791700,0.5833333333333334,0.5,0.7,0.18181818181818182,0.42857142857142855
792000,0.5333333333333333,0.47058823529411764,0.65,0.18181818181818182,0.42857142857142855
792300,0.48333333333333334,0.47058823529411764,0.7,0.4090909090909091,0.4142857142857143
792600,0.43333333333333335,0.4411764705882353,0.6,0.5909090909090909,0.4142857142857143
792900,0.43333333333333335,0.4411764705882353,0.55,0.5454545454545454,0.4142857142857143
793200,0.45,0.47058823529411764,0.5,0.5454545454545454,0.4142857142857143
793500,0.48333333333333334,0.4411764705882353,0.5,0.5,0.4142857142857143
793800,0.35,0.4117647058823529,0.45,0.5,0.4142857142857143
794100,0.3,0.4117647058823529,0.4,0.5,0.4142857142857143
794400,0.26666666666666666,0.4117647058823529,0.4,0.5,0.4142857142857143
794700,0.2833333333333333,0.4117647058823529,0.45,0.5,0.4142857142857143
795000,0.2,0.4117647058823529,0.4,0.6363636363636364,0.4142857142857143
795300,0.18333333333333332,0.38235294117647056,0.4,0.6363636363636364,0.4142857142857143
795600,0.25,0.38235294117647056,0.35,0.5909090909090909,0.4142857142857143
795900,0.26666666666666666,0.3235294117647059,0.35,0.5909090909090909,0.4142857142857143
796200,0.25,0.35294117647058826,0.4,0.5909090909090909,0.4142857142857143
796500,0.18333333333333332,0.4117647058823529,0.45,0.5909090909090909,0.4142857142857143
796800,0.25,0.38235294117647056,0.45,0.5909090909090909,0.4
797100,0.3,0.35294117647058826,0.4,0.5909090909090909,0.4
797400,0.3333333333333333,0.38235294117647056,0.45,0.5,0.4
797700,0.35,0.38235294117647056,0.35,0.45454545454545453,0.38571428571428573
798000,0.3333333333333333,0.38235294117647056,0.4,0.45454545454545453,0.38571428571428573
798300,0.36666666666666664,0.35294117647058826,0.4,0.5909090909090909,0.38571428571428573
798600,0.36666666666666664,0.35294117647058826,0.35,0.7727272727272727,0.38571428571428573
798900,0.35,0.38235294117647056,0.35,0.5909090909090909,0.38571428571428573
799200,0.4,0.3235294117647059,0.35,0.6363636363636364,0.38571428571428573
799500,0.38333333333333336,0.35294117647058826,0.4,0.5909090909090909,0.38571428571428573
799800,0.38333333333333336,0.3235294117647059,0.45,0.6363636363636364,0.4
800100,0.3333333333333333,0.35294117647058826,0.45,0.6363636363636364,0.4
800400,0.3,0.35294117647058826,0.5,0.6363636363636364,0.4
800700,0.2833333333333333,0.3235294117647059,0.55,0.5909090909090909,0.4
801000,0.26666666666666666,0.35294117647058826,0.55,0.5454545454545454,0.4
801300,0.21666666666666667,0.3235294117647059,0.6,0.5454545454545454,0.4
801600,0.26666666666666666,0.3235294117647059,0.6,0.5,0.4142857142857143
801900,0.23333333333333334,0.20588235294117646,0.6,0.5454545454545454,0.44285714285714284
802200,0.2,0.058823529411764705,0.55,0.5454545454545454,0.44285714285714284
802500,0.2,0.08823529411764706,0.45,0.5909090909090909,0.44285714285714284
802800,0.18333333333333332,0.058823529411764705,0.45,0.5454545454545454,0.45714285714285713
803100,0.15,0.08823529411764706,0.45,0.5454545454545454,0.4714285714285714
803400,0.11666666666666667,0.058823529411764705,0.55,0.4090909090909091,0.4714285714285714
803700,0.08333333333333333,0.029411764705882353,0.5,0.45454545454545453,0.4857142857142857
804000,0.016666666666666666,0.058823529411764705,0.5,0.45454545454545453,0.4857142857142857
804300,0.11666666666666667,0.17647058823529413,0.45,0.4090909090909091,0.4857142857142857
804600,0.05,0.17647058823529413,0.5,0.5,0.4857142857142857
804900,0.1,0.14705882352941177,0.5,0.5,0.5142857142857142
805200,0.13333333333333333,0.17647058823529413,0.55,0.45454545454545453,0.5142857142857142
805500,0.13333333333333333,0.17647058823529413,0.55,0.4090909090909091,0.5142857142857142
805800,0.2,0.23529411764705882,0.55,0.3181818181818182,0.5142857142857142
806100,0.2,0.3235294117647059,0.55,0.36363636363636365,0.5714285714285714
806400,0.0,0.0,0.0,0.0,0.0
806700,0.3,0.4411764705882353,0.55,0.4090909090909091,0.7142857142857143
807000,0.48333333333333334,0.5882352941176471,0.6,0.4090909090909091,0.7428571428571429
807300,0.6,0.5882352941176471,0.65,0.36363636363636365,0.7571428571428571
807600,0.6,0.6176470588235294,0.65,0.45454545454545453,0.7714285714285715
807900,0.6333333333333333,0.6470588235294118,0.65,0.5,0.7857142857142857
808200,0.6666666666666666,0.7058823529411765,0.65,0.45454545454545453,0.8
808500,0.7166666666666667,0.7352941176470589,0.6,0.36363636363636365,0.8
808800,0.7166666666666667,0.7941176470588235,0.65,0.36363636363636365,0.8
809100,0.8,0.8823529411764706,0.75,0.45454545454545453,0.8
809400,0.8166666666666667,0.8529411764705882,0.8,0.45454545454545453,0.8
809700,0.8166666666666667,0.9117647058823529,0.85,0.5,0.8
810000,0.85,0.9117647058823529,0.85,0.6818181818181818,0.8
810300,0.8833333333333333,0.8529411764705882,0.85,0.7272727272727273,0.8
810600,0.9,0.8529411764705882,0.85,0.7272727272727273,0.8142857142857143
810900,0.9,0.8529411764705882,0.8,0.7272727272727273,0.8142857142857143
811200,0.9166666666666666,0.8529411764705882,0.9,0.6363636363636364,0.8142857142857143
811500,0.9166666666666666,0.8823529411764706,0.9,0.5909090909090909,0.8142857142857143
811800,0.95,0.8823529411764706,0.85,0.6363636363636364,0.8
812100,0.95,0.8529411764705882,0.85,0.6363636363636364,0.8142857142857143
812400,0.95,0.8235294117647058,0.85,0.6818181818181818,0.8142857142857143
812700,0.9666666666666667,0.8235294117647058,0.85,0.6818181818181818,0.8142857142857143
813000,0.9666666666666667,0.8235294117647058,0.9,0.7727272727272727,0.8285714285714286
813300,0.95,0.7941176470588235,0.8,0.7272727272727273,0.8285714285714286
813600,0.0,0.0,0.0,0.0,0.0
813900,0.95,0.8529411764705882,0.9,0.7727272727272727,0.8285714285714286
814200,0.95,0.8823529411764706,0.9,0.8181818181818182,0.8285714285714286
814500,0.9333333333333333,0.8823529411764706,0.9,0.7727272727272727,0.8428571428571429
814800,0.9333333333333333,0.8823529411764706,0.85,0.6818181818181818,0.8428571428571429
815100,0.9333333333333333,0.8823529411764706,0.85,0.6818181818181818,0.8571428571428571
815400,0.9333333333333333,0.8823529411764706,0.85,0.6818181818181818,0.8428571428571429
815700,0.9166666666666666,0.9117647058823529,0.9,0.7727272727272727,0.8428571428571429
816000,0.9333333333333333,0.9117647058823529,0.9,0.7727272727272727,0.8285714285714286
816300,0.9166666666666666,0.9117647058823529,0.85,0.7727272727272727,0.8285714285714286
816600,0.9,0.9117647058823529,0.85,0.8181818181818182,0.8
816900,0.9166666666666666,0.8823529411764706,0.85,0.7727272727272727,0.8
817200,0.9,0.9117647058823529,0.8,0.7727272727272727,0.8
817500,0.9,0.9117647058823529,0.75,0.8181818181818182,0.7857142857142857
817800,0.9,0.9117647058823529,0.8,0.8181818181818182,0.7857142857142857
818100,0.9333333333333333,0.9117647058823529,0.75,0.8181818181818182,0.7714285714285715
818400,0.9333333333333333,0.9117647058823529,0.75,0.8181818181818182,0.7714285714285715
818700,0.9333333333333333,0.9117647058823529,0.75,0.8636363636363636,0.7428571428571429
819000,0.9166666666666666,0.9117647058823529,0.8,0.8636363636363636,0.7428571428571429
819300,0.9333333333333333,0.9117647058823529,0.8,0.9090909090909091,0.7428571428571429
819600,0.95,0.9117647058823529,0.85,0.8636363636363636,0.7571428571428571
819900,0.9666666666666667,0.9117647058823529,0.8,0.8636363636363636,0.7571428571428571
820200,0.9666666666666667,0.9117647058823529,0.75,0.8636363636363636,0.7571428571428571
820500,0.9666666666666667,0.8823529411764706,0.8,0.9090909090909091,0.7428571428571429
820800,0.9333333333333333,0.8529411764705882,0.8,0.8636363636363636,0.7
821100,0.9,0.7352941176470589,0.8,0.6818181818181818,0.7
821400,0.8833333333333333,0.7352941176470589,0.75,0.6818181818181818,0.6714285714285714
821700,0.8833333333333333,0.7058823529411765,0.75,0.5909090909090909,0.6714285714285714
822000,0.8666666666666667,0.6764705882352942,0.8,0.5909090909090909,0.6714285714285714
822300,0.8,0.6176470588235294,0.7,0.5,0.6571428571428571
822600,0.8,0.6176470588235294,0.7,0.4090909090909091,0.6571428571428571
822900,0.8,0.5294117647058824,0.8,0.5,0.6428571428571429
823200,0.7666666666666667,0.5294117647058824,0.8,0.5,0.6285714285714286
823500,0.7666666666666667,0.5294117647058824,0.8,0.5,0.6285714285714286
823800,0.7333333333333333,0.5,0.75,0.5454545454545454,0.6142857142857143
824100,0.7333333333333333,0.5,0.7,0.5909090909090909,0.6142857142857143
824400,0.75,0.4411764705882353,0.7,0.5909090909090909,0.6
824700,0.7666666666666667,0.4411764705882353,0.7,0.5454545454545454,0.5857142857142857
825000,0.7666666666666667,0.5,0.75,0.5,0.5571428571428572
825300,0.7666666666666667,0.5294117647058824,0.8,0.45454545454545453,0.5714285714285714
825600,0.7666666666666667,0.5588235294117647,0.75,0.5909090909090909,0.6142857142857143
825900,0.7833333333333333,0.5588235294117647,0.8,0.5909090909090909,0.6142857142857143
826200,0.8,0.5882352941176471,0.75,0.5909090909090909,0.6142857142857143
826500,0.7833333333333333,0.6176470588235294,0.75,0.5909090909090909,0.6
826800,0.8166666666666667,0.6470588235294118,0.75,0.6363636363636364,0.6428571428571429
827100,0.8333333333333334,0.6764705882352942,0.8,0.6363636363636364,0.6428571428571429
827400,0.9,0.7058823529411765,0.75,0.5909090909090909,0.6571428571428571
827700,0.9,0.7352941176470589,0.8,0.6363636363636364,0.7
828000,0.8833333333333333,0.7058823529411765,0.75,0.5909090909090909,0.6857142857142857
828300,0.8833333333333333,0.7352941176470589,0.75,0.6363636363636364,0.6857142857142857
828600,0.8833333333333333,0.7352941176470589,0.7,0.7272727272727273,0.7142857142857143
828900,0.9,0.7058823529411765,0.9,0.7272727272727273,0.7142857142857143
829200,0.9,0.7058823529411765,0.9,0.7727272727272727,0.7142857142857143
829500,0.9,0.7352941176470589,0.8,0.7272727272727273,0.7142857142857143
829800,0.9166666666666666,0.7058823529411765,0.9,0.7272727272727273,0.7285714285714285
830100,0.9166666666666666,0.7352941176470589,0.8,0.7727272727272727,0.7428571428571429
830400,0.9166666666666666,0.7352941176470589,0.8,0.7727272727272727,0.7428571428571429
830700,0.9333333333333333,0.7647058823529411,0.8,0.7727272727272727,0.7428571428571429
831000,0.9333333333333333,0.7647058823529411,0.85,0.7727272727272727,0.7142857142857143
831300,0.9666666666666667,0.7941176470588235,0.85,0.7727272727272727,0.6857142857142857
831600,0.9666666666666667,0.7941176470588235,0.85,0.7727272727272727,0.6857142857142857
831900,0.9666666666666667,0.8235294117647058,0.9,0.7727272727272727,0.6857142857142857
832200,0.9666666666666667,0.8235294117647058,0.9,0.7727272727272727,0.6714285714285714
832500,0.9833333333333333,0.8823529411764706,0.95,0.8181818181818182,0.6714285714285714
832800,0.9833333333333333,0.8529411764705882,0.9,0.8636363636363636,0.6857142857142857
833100,0.9833333333333333,0.8529411764705882,0.95,0.8636363636363636,0.6857142857142857
833400,0.9833333333333333,0.8529411764705882,0.95,0.8636363636363636,0.6857142857142857
833700,0.9833333333333333,0.8823529411764706,0.95,0.8181818181818182,0.6571428571428571
834000,0.9666666666666667,0.8823529411764706,0.95,0.8181818181818182,0.6571428571428571
834300,0.9666666666666667,0.8823529411764706,0.95,0.8181818181818182,0.6428571428571429
834600,0.9666666666666667,0.8823529411764706,0.95,0.7727272727272727,0.6857142857142857
834900,0.95,0.8823529411764706,0.95,0.7727272727272727,0.6857142857142857
835200,0.9166666666666666,0.8823529411764706,0.95,0.8181818181818182,0.6571428571428571
835500,0.9166666666666666,0.8823529411764706,0.9,0.8636363636363636,0.6857142857142857
835800,0.9166666666666666,0.8823529411764706,0.95,0.8181818181818182,0.6428571428571429
836100,0.9333333333333333,0.8823529411764706,0.8,0.8636363636363636,0.6142857142857143
836400,0.9333333333333333,0.8823529411764706,0.9,0.9090909090909091,0.5857142857142857
836700,0.9333333333333333,0.8529411764705882,0.8,0.8636363636363636,0.5714285714285714
837000,0.9333333333333333,0.8529411764705882,0.8,0.8636363636363636,0.5714285714285714
837300,0.95,0.8529411764705882,0.8,0.8181818181818182,0.5857142857142857
837600,0.9333333333333333,0.8529411764705882,0.8,0.8636363636363636,0.6142857142857143
837900,0.9,0.8529411764705882,0.8,0.7272727272727273,0.6142857142857143
838200,0.9333333333333333,0.8823529411764706,0.8,0.7727272727272727,0.6142857142857143
838500,0.9333333333333333,0.8529411764705882,0.75,0.7727272727272727,0.6285714285714286
838800,0.9166666666666666,0.8529411764705882,0.7,0.7727272727272727,0.6428571428571429
839100,0.9333333333333333,0.8235294117647058,0.7,0.7272727272727273,0.6285714285714286
839400,0.9166666666666666,0.8235294117647058,0.65,0.7727272727272727,0.6428571428571429
839700,0.9,0.8529411764705882,0.6,0.6818181818181818,0.6714285714285714
840000,0.9333333333333333,0.8529411764705882,0.6,0.6818181818181818,0.6857142857142857
840300,0.9333333333333333,0.8529411764705882,0.55,0.7727272727272727,0.7
840600,0.9166666666666666,0.8529411764705882,0.55,0.7727272727272727,0.7142857142857143
840900,0.9333333333333333,0.8529411764705882,0.65,0.7272727272727273,0.7428571428571429
841200,0.9333333333333333,0.8529411764705882,0.65,0.7727272727272727,0.7285714285714285
841500,0.9166666666666666,0.8529411764705882,0.6,0.8181818181818182,0.7285714285714285
841800,0.95,0.8235294117647058,0.6,0.8181818181818182,0.6857142857142857
842100,0.9333333333333333,0.8235294117647058,0.65,0.7272727272727273,0.6857142857142857
842400,0.95,0.8529411764705882,0.85,0.7727272727272727,0.6857142857142857
842700,0.95,0.8235294117647058,0.75,0.7727272727272727,0.6857142857142857
843000,0.95,0.7941176470588235,0.8,0.7272727272727273,0.7142857142857143
843300,0.9666666666666667,0.7941176470588235,0.65,0.6818181818181818,0.7142857142857143
843600,0.9666666666666667,0.8235294117647058,0.75,0.7272727272727273,0.7142857142857143
843900,0.9666666666666667,0.8235294117647058,0.75,0.7272727272727273,0.6857142857142857
844200,0.9666666666666667,0.8235294117647058,0.75,0.7727272727272727,0.7
844500,0.9666666666666667,0.8235294117647058,0.75,0.7727272727272727,0.7
844800,0.9666666666666667,0.8235294117647058,0.75,0.6818181818181818,0.7142857142857143
845100,0.9666666666666667,0.8529411764705882,0.8,0.6818181818181818,0.7142857142857143
845400,0.9833333333333333,0.8529411764705882,0.8,0.6818181818181818,0.7
845700,1.0,0.8529411764705882,0.8,0.7272727272727273,0.7
846000,1.0,0.8529411764705882,0.8,0.7272727272727273,0.7142857142857143
846300,0.9833333333333333,0.8529411764705882,0.6,0.6818181818181818,0.7
846600,0.9166666666666666,0.8529411764705882,0.6,0.7272727272727273,0.6857142857142857
846900,0.9,0.8823529411764706,0.55,0.7272727272727273,0.6714285714285714
847200,0.8833333333333333,0.8235294117647058,0.7,0.6818181818181818,0.6571428571428571
847500,0.8833333333333333,0.7941176470588235,0.65,0.7272727272727273,0.6714285714285714
847800,0.85,0.7352941176470589,0.65,0.7727272727272727,0.6428571428571429
848100,0.85,0.7352941176470589,0.65,0.7272727272727273,0.6428571428571429
848400,0.85,0.7352941176470589,0.65,0.7272727272727273,0.6428571428571429
848700,0.8166666666666667,0.7647058823529411,0.65,0.6363636363636364,0.6428571428571429
849000,0.8166666666666667,0.7352941176470589,0.65,0.6363636363636364,0.6571428571428571
849300,0.8166666666666667,0.7058823529411765,0.7,0.5454545454545454,0.6857142857142857
849600,0.0,0.0,0.0,0.0,0.0
849900,0.85,0.6764705882352942,0.6,0.5909090909090909,0.7142857142857143
850200,0.85,0.6176470588235294,0.65,0.5454545454545454,0.7142857142857143
850500,0.85,0.6470588235294118,0.65,0.5454545454545454,0.7142857142857143
850800,0.8666666666666667,0.6176470588235294,0.7,0.5,0.7
851100,0.8666666666666667,0.5882352941176471,0.7,0.5454545454545454,0.7142857142857143
851400,0.8666666666666667,0.5588235294117647,0.75,0.6363636363636364,0.7285714285714285
851700,0.8666666666666667,0.6176470588235294,0.85,0.5909090909090909,0.7285714285714285
852000,0.8666666666666667,0.7058823529411765,0.85,0.6363636363636364,0.7285714285714285
852300,0.8666666666666667,0.6764705882352942,0.9,0.5454545454545454,0.7142857142857143
852600,0.8666666666666667,0.7058823529411765,0.8,0.5454545454545454,0.7285714285714285
852900,0.8333333333333334,0.7058823529411765,0.8,0.5,0.7285714285714285
853200,0.8166666666666667,0.6764705882352942,0.8,0.5909090909090909,0.7285714285714285
853500,0.8333333333333334,0.6764705882352942,0.75,0.6363636363636364,0.7428571428571429
853800,0.8333333333333334,0.6176470588235294,0.75,0.5909090909090909,0.7428571428571429
854100,0.8666666666666667,0.5588235294117647,0.75,0.5909090909090909,0.7428571428571429
854400,0.85,0.5588235294117647,0.7,0.5,0.7428571428571429
854700,0.8,0.6176470588235294,0.75,0.5909090909090909,0.7571428571428571
855000,0.7833333333333333,0.6176470588235294,0.75,0.5909090909090909,0.7714285714285715
855300,0.75,0.6176470588235294,0.7,0.5454545454545454,0.7714285714285715
855600,0.75,0.6176470588235294,0.7,0.5454545454545454,0.7714285714285715
855900,0.7333333333333333,0.6176470588235294,0.8,0.5909090909090909,0.7857142857142857
856200,0.7166666666666667,0.7058823529411765,0.75,0.6818181818181818,0.7857142857142857
856500,0.7166666666666667,0.6764705882352942,0.75,0.6363636363636364,0.8
856800,0.7166666666666667,0.6764705882352942,0.75,0.6363636363636364,0.8
857100,0.65,0.6176470588235294,0.8,0.5,0.8142857142857143
857400,0.7,0.6176470588235294,0.7,0.5454545454545454,0.7571428571428571
857700,0.7333333333333333,0.5882352941176471,0.6,0.5454545454545454,0.7285714285714285
858000,0.7666666666666667,0.5294117647058824,0.65,0.5909090909090909,0.7428571428571429
858300,0.7333333333333333,0.5294117647058824,0.6,0.6363636363636364,0.7142857142857143
858600,0.7333333333333333,0.5588235294117647,0.7,0.6363636363636364,0.7142857142857143
858900,0.6833333333333333,0.5294117647058824,0.7,0.6818181818181818,0.7
859200,0.7166666666666667,0.47058823529411764,0.75,0.7272727272727273,0.7
859500,0.7166666666666667,0.5,0.8,0.8181818181818182,0.6857142857142857
859800,0.7166666666666667,0.5294117647058824,0.85,0.8181818181818182,0.6857142857142857
860100,0.7166666666666667,0.4411764705882353,0.75,0.8181818181818182,0.6571428571428571
860400,0.75,0.4117647058823529,0.8,0.8636363636363636,0.6571428571428571
860700,0.75,0.35294117647058826,0.8,0.8181818181818182,0.6428571428571429
861000,0.75,0.35294117647058826,0.85,0.8636363636363636,0.6285714285714286
861300,0.7666666666666667,0.38235294117647056,0.9,0.8636363636363636,0.6285714285714286
861600,0.7666666666666667,0.38235294117647056,0.9,0.8636363636363636,0.6285714285714286
861900,0.7333333333333333,0.35294117647058826,0.9,0.8636363636363636,0.6142857142857143
862200,0.75,0.3235294117647059,0.85,0.8636363636363636,0.6
862500,0.8,0.3235294117647059,0.9,0.8636363636363636,0.6
862800,0.8166666666666667,0.20588235294117646,0.75,0.9090909090909091,0.5857142857142857
863100,0.8,0.17647058823529413,0.85,0.7727272727272727,0.5714285714285714
863400,0.7666666666666667,0.08823529411764706,0.85,0.7727272727272727,0.5714285714285714
863700,0.7333333333333333,0.0,0.85,0.7272727272727273,0.5857142857142857
864000,0.7333333333333333,0.08823529411764706,0.85,0.7272727272727273,0.5857142857142857
864300,0.5,0.029411764705882353,0.8,0.6818181818181818,0.5714285714285714
864600,0.43333333333333335,0.029411764705882353,0.8,0.6818181818181818,0.5571428571428572
864900,0.35,0.08823529411764706,0.85,0.6363636363636364,0.5428571428571428
865200,0.3,0.0,0.85,0.6818181818181818,0.5285714285714286
865500,0.23333333333333334,0.058823529411764705,0.85,0.6818181818181818,0.5285714285714286
865800,0.21666666666666667,0.058823529411764705,0.75,0.6363636363636364,0.5428571428571428
866100,0.16666666666666666,0.029411764705882353,0.65,0.6363636363636364,0.5428571428571428
866400,0.16666666666666666,0.058823529411764705,0.55,0.5454545454545454,0.5428571428571428
866700,0.15,0.029411764705882353,0.45,0.45454545454545453,0.5428571428571428
867000,0.11666666666666667,0.0,0.45,0.5,0.5285714285714286
867300,0.2,0.029411764705882353,0.5,0.5,0.5285714285714286
867600,0.2,0.08823529411764706,0.5,0.45454545454545453,0.5285714285714286
867900,0.26666666666666666,0.08823529411764706,0.35,0.5,0.5285714285714286
868200,0.25,0.08823529411764706,0.45,0.36363636363636365,0.5285714285714286
868500,0.3,0.14705882352941177,0.35,0.3181818181818182,0.5142857142857142
868800,0.3333333333333333,0.17647058823529413,0.35,0.2727272727272727,0.5142857142857142
869100,0.4,0.23529411764705882,0.3,0.3181818181818182,0.5142857142857142
869400,0.38333333333333336,0.3235294117647059,0.25,0.2727272727272727,0.5142857142857142
869700,0.4166666666666667,0.3235294117647059,0.4,0.36363636363636365,0.5142857142857142
870000,0.55,0.35294117647058826,0.4,0.4090909090909091,0.5142857142857142
870300,0.6,0.38235294117647056,0.4,0.45454545454545453,0.5142857142857142
870600,0.6166666666666667,0.47058823529411764,0.4,0.4090909090909091,0.5142857142857142
870900,0.6166666666666667,0.5294117647058824,0.3,0.4090909090909091,0.5142857142857142
871200,0.6,0.47058823529411764,0.25,0.45454545454545453,0.5142857142857142
871500,0.6,0.47058823529411764,0.25,0.45454545454545453,0.5142857142857142
871800,0.6,0.4117647058823529,0.35,0.36363636363636365,0.5142857142857142
872100,0.65,0.4117647058823529,0.35,0.5454545454545454,0.5142857142857142
872400,0.6833333333333333,0.4411764705882353,0.4,0.6363636363636364,0.5142857142857142
872700,0.7166666666666667,0.4411764705882353,0.5,0.6818181818181818,0.5142857142857142
873000,0.7,0.4411764705882353,0.45,0.3181818181818182,0.5142857142857142
873300,0.7,0.4411764705882353,0.45,0.3181818181818182,0.5142857142857142
873600,0.6666666666666666,0.5,0.6,0.36363636363636365,0.5142857142857142
873900,0.6333333333333333,0.5294117647058824,0.7,0.2727272727272727,0.5142857142857142
874200,0.65,0.5294117647058824,0.75,0.22727272727272727,0.5142857142857142
874500,0.65,0.5882352941176471,0.65,0.045454545454545456,0.5142857142857142
874800,0.6666666666666666,0.5882352941176471,0.6,0.045454545454545456,0.5142857142857142
875100,0.65,0.5882352941176471,0.7,0.045454545454545456,0.5142857142857142
875400,0.6333333333333333,0.5294117647058824,0.75,0.0,0.5142857142857142
875700,0.65,0.5,0.75,0.0,0.5142857142857142
876000,0.65,0.5,0.75,0.0,0.5142857142857142
876300,0.7166666666666667,0.5294117647058824,0.65,0.0,0.5142857142857142
876600,0.7333333333333333,0.5294117647058824,0.65,0.0,0.5142857142857142
876900,0.7333333333333333,0.5294117647058824,0.65,0.0,0.5142857142857142
877200,0.7333333333333333,0.5882352941176471,0.55,0.13636363636363635,0.5142857142857142
877500,0.7166666666666667,0.5882352941176471,0.55,0.13636363636363635,0.5142857142857142
877800,0.7166666666666667,0.5294117647058824,0.55,0.13636363636363635,0.5142857142857142
878100,0.7,0.5588235294117647,0.5,0.09090909090909091,0.5
878400,0.7,0.5882352941176471,0.6,0.045454545454545456,0.5
878700,0.6833333333333333,0.5882352941176471,0.6,0.045454545454545456,0.5
879000,0.6333333333333333,0.5882352941176471,0.65,0.045454545454545456,0.5
879300,0.6,0.6176470588235294,0.6,0.09090909090909091,0.5
879600,0.5833333333333334,0.5882352941176471,0.6,0.45454545454545453,0.5
879900,0.5833333333333334,0.5882352941176471,0.6,0.45454545454545453,0.5
880200,0.4666666666666667,0.5588235294117647,0.5,0.45454545454545453,0.5
880500,0.43333333333333335,0.5588235294117647,0.55,0.45454545454545453,0.5
880800,0.43333333333333335,0.5588235294117647,0.55,0.45454545454545453,0.5
881100,0.43333333333333335,0.5882352941176471,0.5,0.5,0.5
881400,0.43333333333333335,0.5588235294117647,0.6,0.5,0.5
881700,0.35,0.5588235294117647,0.65,0.36363636363636365,0.5
882000,0.36666666666666664,0.5294117647058824,0.65,0.45454545454545453,0.5
882300,0.31666666666666665,0.5,0.6,0.45454545454545453,0.5
882600,0.3333333333333333,0.47058823529411764,0.7,0.5,0.5
882900,0.38333333333333336,0.47058823529411764,0.7,0.5454545454545454,0.5
883200,0.43333333333333335,0.47058823529411764,0.65,0.5909090909090909,0.5
883500,0.31666666666666665,0.5294117647058824,0.7,0.5909090909090909,0.5
883800,0.35,0.5294117647058824,0.7,0.5909090909090909,0.5
884100,0.2833333333333333,0.5,0.65,0.5454545454545454,0.5
884400,0.23333333333333334,0.5,0.65,0.45454545454545453,0.5
884700,0.13333333333333333,0.38235294117647056,0.65,0.36363636363636365,0.5
885000,0.18333333333333332,0.35294117647058826,0.6,0.3181818181818182,0.5
885300,0.06666666666666667,0.38235294117647056,0.6,0.2727272727272727,0.5
885600,0.06666666666666667,0.3235294117647059,0.55,0.18181818181818182,0.5142857142857142
885900,0.08333333333333333,0.3235294117647059,0.55,0.18181818181818182,0.5285714285714286
886200,0.05,0.3235294117647059,0.5,0.22727272727272727,0.5285714285714286
886500,0.08333333333333333,0.29411764705882354,0.5,0.3181818181818182,0.5285714285714286
886800,0.03333333333333333,0.35294117647058826,0.45,0.3181818181818182,0.5285714285714286
887100,0.05,0.47058823529411764,0.45,0.22727272727272727,0.5285714285714286
887400,0.1,0.4117647058823529,0.3,0.18181818181818182,0.5285714285714286
887700,0.08333333333333333,0.4411764705882353,0.3,0.18181818181818182,0.5142857142857142
888000,0.1,0.4411764705882353,0.35,0.18181818181818182,0.5142857142857142
888300,0.18333333333333332,0.2647058823529412,0.5,0.4090909090909091,0.5142857142857142
888600,0.18333333333333332,0.23529411764705882,0.6,0.36363636363636365,0.5142857142857142
888900,0.13333333333333333,0.3235294117647059,0.6,0.3181818181818182,0.5285714285714286
889200,0.2,0.23529411764705882,0.8,0.36363636363636365,0.5428571428571428
889500,0.2833333333333333,0.2647058823529412,0.75,0.4090909090909091,0.5857142857142857
889800,0.25,0.3235294117647059,0.75,0.4090909090909091,0.6
890100,0.2833333333333333,0.29411764705882354,0.8,0.45454545454545453,0.6285714285714286
890400,0.36666666666666664,0.20588235294117646,0.8,0.45454545454545453,0.6428571428571429
890700,0.35,0.14705882352941177,0.75,0.45454545454545453,0.6428571428571429
891000,0.26666666666666666,0.14705882352941177,0.75,0.5,0.6571428571428571
891300,0.31666666666666665,0.14705882352941177,0.7,0.5,0.6571428571428571
891600,0.26666666666666666,0.20588235294117646,0.65,0.45454545454545453,0.7142857142857143
891900,0.3,0.20588235294117646,0.6,0.45454545454545453,0.7285714285714285
892200,0.3,0.3235294117647059,0.65,0.45454545454545453,0.7428571428571429
892500,0.38333333333333336,0.35294117647058826,0.7,0.5,0.7857142857142857
892800,0.35,0.4117647058823529,0.75,0.5454545454545454,0.7714285714285715
893100,0.4,0.47058823529411764,0.65,0.5909090909090909,0.8
893400,0.4666666666666667,0.5588235294117647,0.8,0.5909090909090909,0.7857142857142857
893700,0.5,0.5882352941176471,0.8,0.6363636363636364,0.8142857142857143
894000,0.5166666666666667,0.6470588235294118,0.8,0.5909090909090909,0.8285714285714286
894300,0.5833333333333334,0.6764705882352942,0.75,0.6818181818181818,0.8285714285714286
894600,0.6833333333333333,0.7647058823529411,0.7,0.6818181818181818,0.8142857142857143
894900,0.7,0.7647058823529411,0.7,0.6818181818181818,0.8142857142857143
895200,0.7333333333333333,0.8235294117647058,0.65,0.7272727272727273,0.8142857142857143
895500,0.7666666666666667,0.8823529411764706,0.75,0.7272727272727273,0.8285714285714286
895800,0.8333333333333334,0.8823529411764706,0.75,0.6818181818181818,0.8285714285714286
896100,0.9,0.8823529411764706,0.75,0.7272727272727273,0.8285714285714286
896400,0.9666666666666667,0.8823529411764706,0.75,0.6363636363636364,0.8285714285714286
896700,0.9666666666666667,0.8529411764705882,0.8,0.6363636363636364,0.8285714285714286
897000,0.9666666666666667,0.8529411764705882,0.75,0.7272727272727273,0.8285714285714286
897300,0.9166666666666666,0.8235294117647058,0.85,0.7727272727272727,0.8142857142857143
897600,0.9166666666666666,0.8529411764705882,0.9,0.7272727272727273,0.8
897900,0.8666666666666667,0.9117647058823529,0.9,0.7272727272727273,0.8
898200,0.85,0.8823529411764706,0.95,0.7272727272727273,0.8
898500,0.85,0.8823529411764706,0.95,0.7272727272727273,0.8
898800,0.8333333333333334,0.9117647058823529,1.0,0.7727272727272727,0.8
899100,0.85,0.8823529411764706,1.0,0.8181818181818182,0.8
899400,0.8333333333333334,0.8823529411764706,0.95,0.8181818181818182,0.8142857142857143
899700,0.8333333333333334,0.9705882352941176,0.95,0.8181818181818182,0.8142857142857143
900000,0.8666666666666667,0.9705882352941176,0.95,0.8181818181818182,0.8142857142857143
900300,0.8666666666666667,0.9705882352941176,0.95,0.8636363636363636,0.8142857142857143
900600,0.8833333333333333,0.9705882352941176,0.95,0.8636363636363636,0.8285714285714286
900900,0.8833333333333333,1.0,0.85,0.8636363636363636,0.8428571428571429
901200,0.8833333333333333,1.0,0.95,0.8636363636363636,0.8428571428571429
901500,0.9,1.0,0.95,0.8181818181818182,0.8428571428571429
901800,0.9,1.0,0.95,0.8181818181818182,0.8571428571428571
902100,0.9166666666666666,1.0,0.95,0.7727272727272727,0.8571428571428571
902400,0.8833333333333333,1.0,0.85,0.7727272727272727,0.8571428571428571
902700,0.85,1.0,0.85,0.7727272727272727,0.8571428571428571
903000,0.9,1.0,0.75,0.7727272727272727,0.8428571428571429
903300,0.8833333333333333,1.0,0.75,0.7727272727272727,0.8428571428571429
903600,0.8833333333333333,1.0,0.8,0.7727272727272727,0.8142857142857143
903900,0.9333333333333333,1.0,0.8,0.7272727272727273,0.8
904200,0.9333333333333333,1.0,0.8,0.7272727272727273,0.8142857142857143
904500,0.9666666666666667,1.0,0.75,0.7272727272727273,0.8142857142857143
904800,0.9666666666666667,1.0,0.85,0.7272727272727273,0.8285714285714286
905100,0.9666666666666667,0.9705882352941176,0.9,0.7272727272727273,0.8428571428571429
905400,0.95,0.9705882352941176,0.9,0.7272727272727273,0.8428571428571429
905700,0.9666666666666667,0.9705882352941176,0.9,0.7272727272727273,0.8285714285714286
906000,0.9333333333333333,0.9705882352941176,0.9,0.6818181818181818,0.7714285714285715
906300,0.9166666666666666,0.9411764705882353,0.9,0.7272727272727273,0.7571428571428571
906600,0.8833333333333333,0.9411764705882353,0.9,0.7272727272727273,0.7571428571428571
906900,0.8833333333333333,0.9411764705882353,0.85,0.6818181818181818,0.7571428571428571
907200,0.85,0.9705882352941176,0.8,0.6363636363636364,0.7428571428571429
907500,0.8333333333333334,0.9705882352941176,0.8,0.5909090909090909,0.7428571428571429
907800,0.7333333333333333,0.9411764705882353,0.85,0.5909090909090909,0.7285714285714285
908100,0.6833333333333333,0.8823529411764706,0.75,0.5454545454545454,0.7285714285714285
908400,0.6833333333333333,0.8529411764705882,0.75,0.5454545454545454,0.7285714285714285
908700,0.6333333333333333,0.7941176470588235,0.7,0.45454545454545453,0.7
909000,0.6166666666666667,0.6764705882352942,0.7,0.45454545454545453,0.7
909300,0.6166666666666667,0.6764705882352942,0.6,0.45454545454545453,0.7285714285714285
909600,0.6,0.6764705882352942,0.55,0.36363636363636365,0.7571428571428571
909900,0.6,0.6764705882352942,0.55,0.4090909090909091,0.7571428571428571
910200,0.6,0.6764705882352942,0.55,0.4090909090909091,0.7571428571428571
910500,0.6166666666666667,0.6764705882352942,0.4,0.45454545454545453,0.7428571428571429
910800,0.6166666666666667,0.7647058823529411,0.45,0.36363636363636365,0.7571428571428571
911100,0.6,0.7647058823529411,0.45,0.2727272727272727,0.7571428571428571
911400,0.5666666666666667,0.7647058823529411,0.35,0.3181818181818182,0.7
911700,0.5333333333333333,0.7647058823529411,0.4,0.36363636363636365,0.7
912000,0.5333333333333333,0.7647058823529411,0.4,0.36363636363636365,0.7
912300,0.6333333333333333,0.7647058823529411,0.35,0.3181818181818182,0.7
912600,0.6166666666666667,0.7647058823529411,0.35,0.22727272727272727,0.7142857142857143
912900,0.6,0.7647058823529411,0.35,0.22727272727272727,0.7142857142857143
913200,0.65,0.8529411764705882,0.35,0.22727272727272727,0.7428571428571429
913500,0.65,0.8529411764705882,0.55,0.3181818181818182,0.7571428571428571
913800,0.65,0.8529411764705882,0.55,0.3181818181818182,0.7571428571428571
914100,0.7166666666666667,0.8823529411764706,0.6,0.22727272727272727,0.8
914400,0.75,0.8823529411764706,0.55,0.2727272727272727,0.7857142857142857
914700,0.8,0.9117647058823529,0.55,0.4090909090909091,0.7714285714285715
915000,0.8833333333333333,0.9117647058823529,0.8,0.4090909090909091,0.7714285714285715
915300,0.8833333333333333,0.9117647058823529,0.8,0.45454545454545453,0.7857142857142857
915600,0.8833333333333333,0.9117647058823529,0.8,0.45454545454545453,0.7857142857142857
915900,0.8833333333333333,0.9411764705882353,0.85,0.5909090909090909,0.7857142857142857
916200,0.95,0.9411764705882353,0.85,0.6818181818181818,0.8142857142857143
916500,0.9666666666666667,0.9411764705882353,0.85,0.7727272727272727,0.8142857142857143
916800,0.95,0.9411764705882353,0.8,0.7727272727272727,0.8142857142857143
917100,0.9333333333333333,0.9411764705882353,0.9,0.8181818181818182,0.8142857142857143
917400,0.9166666666666666,0.8823529411764706,0.75,0.8181818181818182,0.8142857142857143
917700,0.9333333333333333,0.8529411764705882,0.75,0.8181818181818182,0.7857142857142857
918000,0.9333333333333333,0.8529411764705882,0.75,0.8636363636363636,0.7857142857142857
918300,0.9333333333333333,0.7941176470588235,0.85,0.8636363636363636,0.7857142857142857
918600,0.95,0.8235294117647058,0.8,0.8636363636363636,0.7857142857142857
918900,0.95,0.8235294117647058,0.8,0.8636363636363636,0.7714285714285715
919200,0.95,0.8235294117647058,0.8,0.8636363636363636,0.7857142857142857
919500,0.95,0.8529411764705882,0.9,0.8636363636363636,0.8
919800,0.9666666666666667,0.8235294117647058,0.85,0.8181818181818182,0.8
920100,0.9666666666666667,0.8235294117647058,0.85,0.8181818181818182,0.8
920400,0.9666666666666667,0.8235294117647058,0.85,0.8181818181818182,0.8
920700,0.9666666666666667,0.7941176470588235,0.9,0.8181818181818182,0.7857142857142857
921000,0.9666666666666667,0.8235294117647058,0.8,0.7727272727272727,0.8
921300,0.9666666666666667,0.8529411764705882,0.9,0.7272727272727273,0.7857142857142857
921600,0.0,0.0,0.0,0.0,0.0
921900,0.9666666666666667,0.8529411764705882,0.9,0.7727272727272727,0.7857142857142857
922200,0.9666666666666667,0.8823529411764706,0.9,0.7727272727272727,0.7857142857142857
922500,0.9833333333333333,0.8823529411764706,0.9,0.7272727272727273,0.8
922800,1.0,0.9411764705882353,0.85,0.7272727272727273,0.8
923100,1.0,0.9411764705882353,0.95,0.7727272727272727,0.8285714285714286
923400,0.9666666666666667,0.9411764705882353,0.95,0.7727272727272727,0.8428571428571429
923700,0.95,0.9411764705882353,0.95,0.7272727272727273,0.8428571428571429
924000,0.9333333333333333,0.9411764705882353,0.95,0.7272727272727273,0.8571428571428571
924300,0.9333333333333333,0.9411764705882353,0.9,0.7727272727272727,0.8571428571428571
924600,0.9333333333333333,0.9411764705882353,0.9,0.7272727272727273,0.8714285714285714
924900,0.95,0.9117647058823529,0.85,0.7272727272727273,0.8714285714285714
925200,0.95,0.9117647058823529,0.8,0.7727272727272727,0.8714285714285714
925500,0.95,0.9117647058823529,0.8,0.8636363636363636,0.8714285714285714
925800,0.95,0.9117647058823529,0.8,0.8636363636363636,0.8714285714285714
926100,0.95,0.9411764705882353,0.7,0.9090909090909091,0.9
926400,0.95,0.9705882352941176,0.75,0.9090909090909091,0.9
926700,0.95,1.0,0.75,0.9090909090909091,0.9
927000,0.9333333333333333,1.0,0.75,0.8181818181818182,0.8857142857142857
927300,0.95,0.9705882352941176,0.75,0.8181818181818182,0.8857142857142857
927600,0.95,0.9705882352941176,0.65,0.8181818181818182,0.8857142857142857
927900,0.95,0.9705882352941176,0.8,0.8181818181818182,0.8714285714285714
928200,0.95,0.9411764705882353,0.85,0.7727272727272727,0.8714285714285714
928500,0.95,0.9117647058823529,0.85,0.6818181818181818,0.8857142857142857
928800,0.9666666666666667,0.9117647058823529,0.8,0.6818181818181818,0.9
929100,0.9666666666666667,0.9117647058823529,0.85,0.6818181818181818,0.9
929400,0.95,0.9117647058823529,0.9,0.7272727272727273,0.9142857142857143
929700,0.95,0.9117647058823529,0.9,0.6818181818181818,0.9142857142857143
930000,0.95,0.9411764705882353,0.9,0.5909090909090909,0.9142857142857143
930300,0.9666666666666667,0.9411764705882353,0.9,0.5909090909090909,0.9142857142857143
930600,0.9666666666666667,0.9705882352941176,0.9,0.5909090909090909,0.9142857142857143
930900,0.9666666666666667,0.9705882352941176,0.85,0.6363636363636364,0.9142857142857143
931200,0.95,0.9705882352941176,0.85,0.6818181818181818,0.9285714285714286
931500,0.95,0.9705882352941176,0.8,0.7272727272727273,0.9428571428571428
931800,0.95,0.9411764705882353,0.85,0.7272727272727273,0.9142857142857143
932100,0.9333333333333333,0.9411764705882353,0.85,0.7727272727272727,0.9142857142857143
932400,0.9,0.9411764705882353,0.9,0.8181818181818182,0.9
932700,0.9166666666666666,0.9705882352941176,0.85,0.7727272727272727,0.8857142857142857
933000,0.9333333333333333,0.9705882352941176,0.85,0.7727272727272727,0.8857142857142857
933300,0.9,0.9705882352941176,0.8,0.6363636363636364,0.8714285714285714
933600,0.9166666666666666,0.9705882352941176,0.8,0.6363636363636364,0.8714285714285714
933900,0.85,0.9705882352941176,0.75,0.5909090909090909,0.8857142857142857
934200,0.8333333333333334,0.9411764705882353,0.8,0.5,0.8571428571428571
934500,0.8166666666666667,0.9411764705882353,0.8,0.45454545454545453,0.8571428571428571
934800,0.8166666666666667,0.9411764705882353,0.75,0.45454545454545453,0.8285714285714286
935100,0.7666666666666667,0.8529411764705882,0.7,0.36363636363636365,0.8428571428571429
935400,0.75,0.8529411764705882,0.65,0.36363636363636365,0.8142857142857143
935700,0.7666666666666667,0.8529411764705882,0.65,0.2727272727272727,0.8142857142857143
936000,0.7666666666666667,0.8235294117647058,0.6,0.36363636363636365,0.8
936300,0.8,0.7941176470588235,0.6,0.45454545454545453,0.7857142857142857
936600,0.7666666666666667,0.7941176470588235,0.55,0.45454545454545453,0.7571428571428571
936900,0.7833333333333333,0.7647058823529411,0.7,0.5909090909090909,0.7714285714285715
937200,0.8166666666666667,0.7647058823529411,0.75,0.5,0.7571428571428571
937500,0.8166666666666667,0.7647058823529411,0.75,0.5,0.7714285714285715
937800,0.8,0.7941176470588235,0.7,0.45454545454545453,0.7714285714285715
938100,0.7833333333333333,0.8235294117647058,0.65,0.4090909090909091,0.7714285714285715
938400,0.7833333333333333,0.8235294117647058,0.65,0.4090909090909091,0.7714285714285715
938700,0.75,0.7352941176470589,0.7,0.4090909090909091,0.7714285714285715
939000,0.7333333333333333,0.6176470588235294,0.75,0.3181818181818182,0.7714285714285715
939300,0.7,0.6176470588235294,0.7,0.3181818181818182,0.7857142857142857
939600,0.75,0.6176470588235294,0.7,0.2727272727272727,0.7714285714285715
939900,0.75,0.6176470588235294,0.65,0.18181818181818182,0.7714285714285715
940200,0.7833333333333333,0.6764705882352942,0.65,0.13636363636363635,0.7857142857142857
940500,0.8166666666666667,0.7058823529411765,0.75,0.18181818181818182,0.7857142857142857
940800,0.7833333333333333,0.7058823529411765,0.75,0.18181818181818182,0.7857142857142857
941100,0.8,0.6764705882352942,0.55,0.3181818181818182,0.8142857142857143
941400,0.8,0.6764705882352942,0.55,0.18181818181818182,0.8
941700,0.8333333333333334,0.5882352941176471,0.35,0.13636363636363635,0.8
942000,0.8833333333333333,0.5882352941176471,0.35,0.18181818181818182,0.8
942300,0.8833333333333333,0.5882352941176471,0.35,0.18181818181818182,0.8142857142857143
942600,0.85,0.5,0.3,0.36363636363636365,0.8285714285714286
942900,0.85,0.5294117647058824,0.35,0.4090909090909091,0.8428571428571429
943200,0.8,0.6176470588235294,0.3,0.5,0.8571428571428571
943500,0.7833333333333333,0.6764705882352942,0.4,0.5,0.8714285714285714
943800,0.8,0.6176470588235294,0.35,0.5,0.8857142857142857
944100,0.8,0.5,0.5,0.5454545454545454,0.8714285714285714
944400,0.8,0.5294117647058824,0.5,0.5454545454545454,0.8714285714285714
944700,0.7666666666666667,0.47058823529411764,0.5,0.4090909090909091,0.8428571428571429
945000,0.7,0.47058823529411764,0.45,0.4090909090909091,0.8428571428571429
945300,0.7333333333333333,0.4411764705882353,0.4,0.4090909090909091,0.8428571428571429
945600,0.75,0.4411764705882353,0.45,0.4090909090909091,0.8285714285714286
945900,0.7666666666666667,0.38235294117647056,0.35,0.5454545454545454,0.8142857142857143
946200,0.7333333333333333,0.4411764705882353,0.35,0.6363636363636364,0.8142857142857143
946500,0.7333333333333333,0.47058823529411764,0.45,0.6818181818181818,0.8
946800,0.75,0.47058823529411764,0.45,0.7272727272727273,0.7571428571428571
947100,0.7333333333333333,0.4411764705882353,0.5,0.8181818181818182,0.7428571428571429
947400,0.7833333333333333,0.47058823529411764,0.55,0.8636363636363636,0.7142857142857143
947700,0.75,0.4411764705882353,0.65,0.8181818181818182,0.7142857142857143
948000,0.7833333333333333,0.4411764705882353,0.7,0.7727272727272727,0.7142857142857143
948300,0.8166666666666667,0.4117647058823529,0.65,0.6818181818181818,0.7142857142857143
948600,0.8,0.35294117647058826,0.65,0.7272727272727273,0.7
948900,0.8166666666666667,0.38235294117647056,0.65,0.6818181818181818,0.6857142857142857
949200,0.8166666666666667,0.4117647058823529,0.65,0.6363636363636364,0.6857142857142857
949500,0.8,0.4117647058823529,0.65,0.6818181818181818,0.6714285714285714
949800,0.8,0.47058823529411764,0.6,0.6818181818181818,0.6428571428571429
950100,0.8166666666666667,0.4117647058823529,0.55,0.6818181818181818,0.6285714285714286
950400,0.8,0.38235294117647056,0.6,0.6818181818181818,0.6428571428571429
950700,0.7333333333333333,0.20588235294117646,0.4,0.45454545454545453,0.6428571428571429
951000,0.6166666666666667,0.20588235294117646,0.45,0.45454545454545453,0.6285714285714286
951300,0.6166666666666667,0.20588235294117646,0.45,0.45454545454545453,0.6285714285714286
951600,0.48333333333333334,0.058823529411764705,0.45,0.45454545454545453,0.6285714285714286
951900,0.45,0.14705882352941177,0.45,0.3181818181818182,0.6142857142857143
952200,0.43333333333333335,0.058823529411764705,0.45,0.4090909090909091,0.6142857142857143
952500,0.43333333333333335,0.058823529411764705,0.45,0.4090909090909091,0.6142857142857143
952800,0.4,0.058823529411764705,0.5,0.4090909090909091,0.5857142857142857
953100,0.36666666666666664,0.0,0.5,0.4090909090909091,0.5857142857142857
953400,0.36666666666666664,0.0,0.5,0.4090909090909091,0.5857142857142857
953700,0.36666666666666664,0.0,0.7,0.4090909090909091,0.5857142857142857
954000,0.23333333333333334,0.0,0.7,0.3181818181818182,0.5714285714285714
954300,0.23333333333333334,0.0,0.7,0.3181818181818182,0.5714285714285714
954600,0.26666666666666666,0.0,0.7,0.4090909090909091,0.5714285714285714
954900,0.26666666666666666,0.0,0.7,0.4090909090909091,0.5714285714285714
955200,0.26666666666666666,0.029411764705882353,0.75,0.4090909090909091,0.5714285714285714
955500,0.26666666666666666,0.029411764705882353,0.75,0.45454545454545453,0.5714285714285714
955800,0.2833333333333333,0.08823529411764706,0.6,0.45454545454545453,0.5714285714285714
956100,0.25,0.058823529411764705,0.55,0.45454545454545453,0.5714285714285714
956400,0.25,0.11764705882352941,0.5,0.45454545454545453,0.5714285714285714
956700,0.25,0.11764705882352941,0.6,0.5,0.5714285714285714
957000,0.18333333333333332,0.11764705882352941,0.55,0.5454545454545454,0.5857142857142857
957300,0.3,0.11764705882352941,0.45,0.5909090909090909,0.5857142857142857
957600,0.3333333333333333,0.17647058823529413,0.5,0.5909090909090909,0.5857142857142857
957900,0.35,0.17647058823529413,0.5,0.6363636363636364,0.5714285714285714
958200,0.4166666666666667,0.17647058823529413,0.6,0.5909090909090909,0.5714285714285714
958500,0.45,0.14705882352941177,0.65,0.5909090909090909,0.5714285714285714
958800,0.5,0.14705882352941177,0.6,0.6818181818181818,0.5714285714285714
959100,0.5166666666666667,0.23529411764705882,0.6,0.7272727272727273,0.5714285714285714
959400,0.5166666666666667,0.23529411764705882,0.65,0.6818181818181818,0.5714285714285714
959700,0.5,0.29411764705882354,0.65,0.7727272727272727,0.5714285714285714
960000,0.55,0.3235294117647059,0.55,0.5,0.5714285714285714
960300,0.5666666666666667,0.2647058823529412,0.55,0.3181818181818182,0.5714285714285714
960600,0.6166666666666667,0.23529411764705882,0.5,0.3181818181818182,0.5714285714285714
960900,0.5833333333333334,0.3235294117647059,0.65,0.3181818181818182,0.5714285714285714
961200,0.5166666666666667,0.3235294117647059,0.7,0.36363636363636365,0.5714285714285714
961500,0.5166666666666667,0.38235294117647056,0.7,0.3181818181818182,0.5714285714285714
961800,0.5166666666666667,0.4411764705882353,0.65,0.13636363636363635,0.5714285714285714
962100,0.55,0.4411764705882353,0.65,0.09090909090909091,0.5714285714285714
962400,0.5333333333333333,0.4411764705882353,0.7,0.09090909090909091,0.5714285714285714
962700,0.5333333333333333,0.5,0.8,0.045454545454545456,0.5714285714285714
963000,0.5666666666666667,0.47058823529411764,0.75,0.045454545454545456,0.5714285714285714
963300,0.5333333333333333,0.5,0.75,0.09090909090909091,0.5714285714285714
963600,0.5333333333333333,0.5,0.75,0.09090909090909091,0.5714285714285714
963900,0.5166666666666667,0.5,0.7,0.09090909090909091,0.5714285714285714
964200,0.48333333333333334,0.5,0.8,0.09090909090909091,0.5714285714285714
964500,0.5,0.47058823529411764,0.8,0.13636363636363635,0.5714285714285714
964800,0.5,0.47058823529411764,0.8,0.13636363636363635,0.5714285714285714
965100,0.5333333333333333,0.5588235294117647,0.8,0.09090909090909091,0.5714285714285714
965400,0.5166666666666667,0.5588235294117647,0.85,0.09090909090909091,0.5714285714285714
965700,0.5666666666666667,0.5588235294117647,0.85,0.09090909090909091,0.5714285714285714
966000,0.5666666666666667,0.5882352941176471,0.85,0.09090909090909091,0.5714285714285714
966300,0.55,0.5882352941176471,0.8,0.13636363636363635,0.5714285714285714
966600,0.5333333333333333,0.5588235294117647,0.75,0.13636363636363635,0.5714285714285714
966900,0.55,0.5588235294117647,0.75,0.22727272727272727,0.5714285714285714
967200,0.5166666666666667,0.5588235294117647,0.7,0.4090909090909091,0.5714285714285714
967500,0.4666666666666667,0.5588235294117647,0.75,0.36363636363636365,0.5714285714285714
967800,0.4666666666666667,0.5882352941176471,0.75,0.36363636363636365,0.5857142857142857
968100,0.4666666666666667,0.5882352941176471,0.8,0.5,0.5857142857142857
968400,0.4666666666666667,0.5588235294117647,0.75,0.5454545454545454,0.5857142857142857
968700,0.43333333333333335,0.5882352941176471,0.7,0.5,0.5714285714285714
969000,0.38333333333333336,0.6470588235294118,0.7,0.4090909090909091,0.5714285714285714
969300,0.4166666666666667,0.6470588235294118,0.7,0.3181818181818182,0.5714285714285714
969600,0.25,0.6176470588235294,0.65,0.5909090909090909,0.5714285714285714
969900,0.21666666666666667,0.6470588235294118,0.65,0.5454545454545454,0.5714285714285714
970200,0.21666666666666667,0.5882352941176471,0.65,0.5454545454545454,0.5714285714285714
970500,0.16666666666666666,0.5588235294117647,0.65,0.36363636363636365,0.5714285714285714
970800,0.15,0.5,0.8,0.36363636363636365,0.5714285714285714
971100,0.13333333333333333,0.5,0.85,0.36363636363636365,0.5714285714285714
971400,0.15,0.5294117647058824,0.8,0.2727272727272727,0.5714285714285714
971700,0.15,0.5,0.8,0.2727272727272727,0.5714285714285714
972000,0.11666666666666667,0.47058823529411764,0.7,0.2727272727272727,0.5714285714285714
972300,0.13333333333333333,0.5,0.7,0.3181818181818182,0.5714285714285714
972600,0.13333333333333333,0.47058823529411764,0.65,0.3181818181818182,0.5714285714285714
972900,0.18333333333333332,0.4117647058823529,0.55,0.2727272727272727,0.5714285714285714
973200,0.13333333333333333,0.38235294117647056,0.55,0.22727272727272727,0.5714285714285714
973500,0.15,0.3235294117647059,0.5,0.3181818181818182,0.5714285714285714
973800,0.15,0.29411764705882354,0.5,0.3181818181818182,0.5714285714285714
974100,0.2,0.3235294117647059,0.5,0.3181818181818182,0.5714285714285714
974400,0.16666666666666666,0.23529411764705882,0.55,0.3181818181818182,0.5714285714285714
974700,0.13333333333333333,0.20588235294117646,0.55,0.36363636363636365,0.5714285714285714
975000,0.15,0.20588235294117646,0.55,0.36363636363636365,0.5714285714285714
975300,0.1,0.23529411764705882,0.5,0.3181818181818182,0.5857142857142857
975600,0.08333333333333333,0.17647058823529413,0.6,0.3181818181818182,0.6
975900,0.11666666666666667,0.029411764705882353,0.65,0.2727272727272727,0.6285714285714286
976200,0.03333333333333333,0.058823529411764705,0.65,0.4090909090909091,0.6571428571428571
976500,0.03333333333333333,0.08823529411764706,0.65,0.45454545454545453,0.6714285714285714
976800,0.0,0.08823529411764706,0.6,0.45454545454545453,0.6857142857142857
977100,0.016666666666666666,0.058823529411764705,0.7,0.5,0.7
977400,0.03333333333333333,0.029411764705882353,0.75,0.5,0.7
977700,0.08333333333333333,0.058823529411764705,0.8,0.5,0.7142857142857143
978000,0.11666666666666667,0.058823529411764705,0.65,0.45454545454545453,0.7285714285714285
978300,0.13333333333333333,0.0,0.8,0.5,0.7285714285714285
978600,0.25,0.11764705882352941,0.8,0.4090909090909091,0.7285714285714285
978900,0.2833333333333333,0.058823529411764705,0.8,0.36363636363636365,0.7428571428571429
979200,0.31666666666666665,0.058823529411764705,0.8,0.36363636363636365,0.7857142857142857
979500,0.43333333333333335,0.11764705882352941,0.7,0.4090909090909091,0.7714285714285715
979800,0.55,0.29411764705882354,0.8,0.45454545454545453,0.7857142857142857
980100,0.5666666666666667,0.47058823529411764,0.85,0.36363636363636365,0.8
980400,0.6333333333333333,0.5,0.85,0.3181818181818182,0.8
980700,0.6166666666666667,0.6470588235294118,0.85,0.4090909090909091,0.8142857142857143
981000,0.6333333333333333,0.7352941176470589,0.85,0.4090909090909091,0.8
981300,0.6833333333333333,0.6764705882352942,0.75,0.4090909090909091,0.8
981600,0.6333333333333333,0.7058823529411765,0.85,0.45454545454545453,0.8
981900,0.7,0.7058823529411765,0.85,0.45454545454545453,0.8142857142857143
982200,0.7166666666666667,0.7058823529411765,0.8,0.5,0.8285714285714286
982500,0.7833333333333333,0.7058823529411765,0.85,0.5454545454545454,0.8285714285714286
982800,0.75,0.6470588235294118,0.75,0.5454545454545454,0.8285714285714286
983100,0.8,0.6470588235294118,0.85,0.5454545454545454,0.8428571428571429
983400,0.8166666666666667,0.6764705882352942,0.75,0.45454545454545453,0.8428571428571429
983700,0.8166666666666667,0.7058823529411765,0.8,0.45454545454545453,0.8571428571428571
984000,0.8333333333333334,0.7058823529411765,0.7,0.4090909090909091,0.8428571428571429
984300,0.75,0.7352941176470589,0.75,0.5,0.8428571428571429
984600,0.75,0.7352941176470589,0.65,0.5454545454545454,0.8428571428571429
984900,0.7333333333333333,0.7647058823529411,0.75,0.5909090909090909,0.8428571428571429
985200,0.75,0.7941176470588235,0.8,0.5909090909090909,0.8571428571428571
985500,0.7333333333333333,0.7941176470588235,0.8,0.5909090909090909,0.8571428571428571
985800,0.8,0.7941176470588235,0.75,0.6818181818181818,0.8571428571428571
986100,0.8333333333333334,0.7647058823529411,0.75,0.5909090909090909,0.8428571428571429
986400,0.0,0.0,0.0,0.0,0.0
986700,0.85,0.7352941176470589,0.7,0.6363636363636364,0.8428571428571429
987000,0.8666666666666667,0.7352941176470589,0.55,0.6363636363636364,0.8428571428571429
987300,0.8833333333333333,0.7352941176470589,0.65,0.6363636363636364,0.8428571428571429
987600,0.8666666666666667,0.7647058823529411,0.55,0.6363636363636364,0.8571428571428571
987900,0.9166666666666666,0.7647058823529411,0.55,0.6363636363636364,0.8714285714285714
988200,0.9166666666666666,0.7941176470588235,0.55,0.5909090909090909,0.8428571428571429
988500,0.9333333333333333,0.7647058823529411,0.55,0.6818181818181818,0.8571428571428571
988800,0.9166666666666666,0.7647058823529411,0.65,0.7272727272727273,0.8571428571428571
989100,0.8833333333333333,0.7352941176470589,0.7,0.7272727272727273,0.8714285714285714
989400,0.8833333333333333,0.7352941176470589,0.7,0.7272727272727273,0.8714285714285714
989700,0.8666666666666667,0.7352941176470589,0.8,0.6818181818181818,0.8285714285714286
990000,0.8666666666666667,0.7647058823529411,0.8,0.6818181818181818,0.8285714285714286
990300,0.8833333333333333,0.7647058823529411,0.8,0.6363636363636364,0.8142857142857143
990600,0.9,0.7647058823529411,0.85,0.6363636363636364,0.8142857142857143
990900,0.9,0.7647058823529411,0.85,0.6363636363636364,0.7714285714285715
991200,0.9,0.7647058823529411,0.85,0.6363636363636364,0.7714285714285715
991500,0.8666666666666667,0.7647058823529411,0.85,0.6363636363636364,0.7714285714285715
991800,0.8666666666666667,0.7647058823529411,0.85,0.6363636363636364,0.7714285714285715
992100,0.85,0.8235294117647058,0.9,0.6818181818181818,0.7714285714285715
992400,0.8666666666666667,0.8529411764705882,0.85,0.6818181818181818,0.7857142857142857
992700,0.8666666666666667,0.8529411764705882,0.85,0.6818181818181818,0.7857142857142857
993000,0.8666666666666667,0.8529411764705882,0.8,0.6363636363636364,0.7714285714285715
993300,0.8666666666666667,0.8235294117647058,0.8,0.6363636363636364,0.7428571428571429
993600,0.0,0.0,0.0,0.0,0.0
993900,0.8666666666666667,0.8235294117647058,0.6,0.5909090909090909,0.7142857142857143
994200,0.8333333333333334,0.8235294117647058,0.65,0.5909090909090909,0.7
994500,0.7833333333333333,0.7941176470588235,0.5,0.45454545454545453,0.7142857142857143
994800,0.7666666666666667,0.7058823529411765,0.45,0.3181818181818182,0.7142857142857143
995100,0.75,0.6470588235294118,0.35,0.2727272727272727,0.7
995400,0.7166666666666667,0.6176470588235294,0.3,0.3181818181818182,0.6571428571428571
995700,0.7,0.5,0.3,0.3181818181818182,0.6428571428571429
996000,0.6333333333333333,0.5,0.3,0.4090909090909091,0.6571428571428571
996300,0.65,0.47058823529411764,0.25,0.36363636363636365,0.6428571428571429
996600,0.6333333333333333,0.4411764705882353,0.3,0.18181818181818182,0.6285714285714286
996900,0.6,0.4117647058823529,0.3,0.045454545454545456,0.6428571428571429
997200,0.5666666666666667,0.3235294117647059,0.35,0.13636363636363635,0.6714285714285714
997500,0.5666666666666667,0.29411764705882354,0.35,0.045454545454545456,0.6857142857142857
997800,0.5333333333333333,0.38235294117647056,0.45,0.13636363636363635,0.6571428571428571
998100,0.5666666666666667,0.3235294117647059,0.55,0.22727272727272727,0.6857142857142857
998400,0.5833333333333334,0.29411764705882354,0.5,0.22727272727272727,0.6714285714285714
998700,0.6333333333333333,0.29411764705882354,0.6,0.2727272727272727,0.6857142857142857
999000,0.6833333333333333,0.29411764705882354,0.5,0.3181818181818182,0.6714285714285714
999300,0.6666666666666666,0.29411764705882354,0.6,0.4090909090909091,0.6714285714285714
999600,0.7333333333333333,0.3235294117647059,0.55,0.0,0.7
999900,0.7333333333333333,0.35294117647058826,0.55,0.4090909090909091,0.7285714285714285
1000200,0.7833333333333333,0.38235294117647056,0.65,0.4090909090909091,0.7428571428571429
1000500,0.8166666666666667,0.4411764705882353,0.65,0.5,0.7428571428571429
1000800,0.8166666666666667,0.5,0.75,0.5454545454545454,0.7428571428571429
1001100,0.9166666666666666,0.5882352941176471,0.55,0.6818181818181818,0.7857142857142857
1001400,0.9166666666666666,0.6176470588235294,0.55,0.6818181818181818,0.7857142857142857
1001700,0.9166666666666666,0.6176470588235294,0.5,0.7727272727272727,0.8142857142857143
1002000,0.9,0.6470588235294118,0.6,0.7727272727272727,0.8285714285714286
1002300,0.9,0.7058823529411765,0.65,0.7727272727272727,0.8428571428571429
1002600,0.9,0.7352941176470589,0.65,0.7727272727272727,0.8428571428571429
1002900,0.9333333333333333,0.7647058823529411,0.7,0.8181818181818182,0.8428571428571429
1003200,0.9333333333333333,0.7647058823529411,0.7,0.8181818181818182,0.8428571428571429
1003500,0.9166666666666666,0.7941176470588235,0.65,0.8181818181818182,0.8714285714285714
1003800,0.9,0.7941176470588235,0.75,0.7727272727272727,0.8714285714285714
1004100,0.9,0.7941176470588235,0.65,0.7727272727272727,0.8714285714285714
1004400,0.8833333333333333,0.8823529411764706,0.7,0.7727272727272727,0.8714285714285714
1004700,0.9,0.8823529411764706,0.7,0.7727272727272727,0.8857142857142857
1005000,0.9166666666666666,0.8823529411764706,0.8,0.8181818181818182,0.8857142857142857
1005300,0.9166666666666666,0.8823529411764706,0.8,0.8181818181818182,0.8857142857142857
1005600,0.9166666666666666,0.8529411764705882,0.8,0.8181818181818182,0.8857142857142857
1005900,0.9166666666666666,0.8529411764705882,0.8,0.8181818181818182,0.8857142857142857
1006200,0.9166666666666666,0.8529411764705882,0.8,0.7727272727272727,0.9
1006500,0.9166666666666666,0.8529411764705882,0.8,0.7727272727272727,0.9
1006800,0.9,0.8529411764705882,0.8,0.7272727272727273,0.9
1007100,0.9,0.8529411764705882,0.8,0.7272727272727273,0.9142857142857143
1007400,0.9,0.8529411764705882,0.7,0.7272727272727273,0.9142857142857143
1007700,0.9,0.8529411764705882,0.7,0.7272727272727273,0.9142857142857143
1008000,0.9166666666666666,0.8235294117647058,0.7,0.7272727272727273,0.9142857142857143
1008300,0.9333333333333333,0.8235294117647058,0.7,0.7272727272727273,0.9142857142857143
1008600,0.9333333333333333,0.8529411764705882,0.75,0.6818181818181818,0.9
1008900,0.9333333333333333,0.8529411764705882,0.75,0.6818181818181818,0.9
1009200,0.9333333333333333,0.8529411764705882,0.7,0.6363636363636364,0.8857142857142857
1009500,0.9333333333333333,0.8529411764705882,0.8,0.6363636363636364,0.8857142857142857
1009800,0.9166666666666666,0.8823529411764706,0.75,0.6363636363636364,0.9
1010100,0.9333333333333333,0.8823529411764706,0.75,0.6818181818181818,0.8714285714285714
1010400,0.9166666666666666,0.9117647058823529,0.65,0.6363636363636364,0.8571428571428571
1010700,0.8833333333333333,0.9411764705882353,0.65,0.6363636363636364,0.8571428571428571
1011000,0.85,0.9705882352941176,0.75,0.6363636363636364,0.8428571428571429
1011300,0.85,0.9705882352941176,0.75,0.5454545454545454,0.8142857142857143
1011600,0.8333333333333334,0.9411764705882353,0.8,0.5454545454545454,0.8285714285714286
1011900,0.8333333333333334,0.9411764705882353,0.8,0.5454545454545454,0.8428571428571429
1012200,0.8166666666666667,0.9411764705882353,0.8,0.5909090909090909,0.8428571428571429
1012500,0.8333333333333334,0.9117647058823529,0.85,0.5909090909090909,0.8428571428571429
1012800,0.85,0.9117647058823529,0.8,0.5454545454545454,0.8428571428571429
1013100,0.85,0.8823529411764706,0.8,0.5454545454545454,0.8428571428571429
1013400,0.8833333333333333,0.8823529411764706,0.7,0.5909090909090909,0.8428571428571429
1013700,0.8833333333333333,0.8823529411764706,0.85,0.5,0.8428571428571429
1014000,0.9,0.8823529411764706,0.7,0.45454545454545453,0.8428571428571429
1014300,0.9,0.8823529411764706,0.75,0.45454545454545453,0.8428571428571429
1014600,0.8666666666666667,0.8823529411764706,0.7,0.45454545454545453,0.8142857142857143
1014900,0.9166666666666666,0.8823529411764706,0.8,0.45454545454545453,0.8142857142857143
1015200,0.0,0.0,0.0,0.0,0.0
1015500,0.95,0.9411764705882353,0.85,0.4090909090909091,0.8428571428571429
1015800,0.9666666666666667,0.9411764705882353,0.85,0.45454545454545453,0.8428571428571429
1016100,0.9833333333333333,0.9705882352941176,0.75,0.45454545454545453,0.8428571428571429
1016400,0.9833333333333333,0.9705882352941176,0.75,0.5,0.8428571428571429
1016700,1.0,0.9705882352941176,0.75,0.45454545454545453,0.8571428571428571
1017000,1.0,0.9411764705882353,0.85,0.5,0.8714285714285714
1017300,1.0,0.9411764705882353,0.75,0.5909090909090909,0.8714285714285714
1017600,1.0,0.9411764705882353,0.75,0.5909090909090909,0.8714285714285714
1017900,0.9833333333333333,0.9411764705882353,0.85,0.5454545454545454,0.8571428571428571
1018200,1.0,0.9411764705882353,0.85,0.5909090909090909,0.8571428571428571
1018500,1.0,0.9411764705882353,0.8,0.6363636363636364,0.8571428571428571
1018800,1.0,0.9705882352941176,0.8,0.6363636363636364,0.8571428571428571
1019100,0.9833333333333333,0.9705882352941176,0.8,0.6363636363636364,0.8571428571428571
1019400,0.9666666666666667,0.9117647058823529,0.85,0.6363636363636364,0.8571428571428571
1019700,0.9333333333333333,0.9117647058823529,0.85,0.7272727272727273,0.8285714285714286
1020000,0.9166666666666666,0.8823529411764706,0.85,0.6363636363636364,0.8285714285714286
1020300,0.9166666666666666,0.8823529411764706,0.85,0.6363636363636364,0.8285714285714286
1020600,0.9,0.8529411764705882,0.85,0.5454545454545454,0.8142857142857143
1020900,0.8833333333333333,0.8235294117647058,0.8,0.5454545454545454,0.7857142857142857
1021200,0.8833333333333333,0.7941176470588235,0.55,0.36363636363636365,0.7857142857142857
1021500,0.8833333333333333,0.7941176470588235,0.7,0.3181818181818182,0.7857142857142857
1021800,0.85,0.7941176470588235,0.65,0.3181818181818182,0.7857142857142857
1022100,0.8166666666666667,0.7352941176470589,0.65,0.2727272727272727,0.7857142857142857
1022400,0.8166666666666667,0.7352941176470589,0.75,0.22727272727272727,0.7857142857142857
1022700,0.8333333333333334,0.7352941176470589,0.8,0.22727272727272727,0.7857142857142857
1023000,0.8166666666666667,0.7352941176470589,0.75,0.13636363636363635,0.7714285714285715
1023300,0.8166666666666667,0.6764705882352942,0.75,0.13636363636363635,0.7571428571428571
1023600,0.8166666666666667,0.6764705882352942,0.8,0.09090909090909091,0.7571428571428571
1023900,0.8333333333333334,0.7058823529411765,0.8,0.09090909090909091,0.7571428571428571
1024200,0.8166666666666667,0.7647058823529411,0.85,0.045454545454545456,0.7428571428571429
1024500,0.75,0.8235294117647058,0.7,0.13636363636363635,0.7285714285714285
1024800,0.75,0.8235294117647058,0.75,0.22727272727272727,0.7142857142857143
1025100,0.7666666666666667,0.7941176470588235,0.65,0.36363636363636365,0.7142857142857143
1025400,0.7833333333333333,0.7941176470588235,0.65,0.4090909090909091,0.7142857142857143
1025700,0.85,0.8235294117647058,0.6,0.3181818181818182,0.7285714285714285
1026000,0.85,0.8235294117647058,0.55,0.36363636363636365,0.7428571428571429
1026300,0.8666666666666667,0.7352941176470589,0.55,0.45454545454545453,0.7428571428571429
1026600,0.85,0.7058823529411765,0.55,0.4090909090909091,0.7571428571428571
1026900,0.85,0.7058823529411765,0.55,0.4090909090909091,0.7714285714285715
1027200,0.8166666666666667,0.7058823529411765,0.4,0.45454545454545453,0.7857142857142857
1027500,0.7833333333333333,0.6470588235294118,0.4,0.36363636363636365,0.8
1027800,0.7833333333333333,0.6764705882352942,0.5,0.4090909090909091,0.8
1028100,0.7666666666666667,0.6176470588235294,0.4,0.5,0.8
1028400,0.7833333333333333,0.5882352941176471,0.5,0.45454545454545453,0.8
1028700,0.7166666666666667,0.6176470588235294,0.55,0.4090909090909091,0.8
1029000,0.7166666666666667,0.6176470588235294,0.5,0.2727272727272727,0.8285714285714286
1029300,0.7333333333333333,0.7058823529411765,0.55,0.36363636363636365,0.8285714285714286
1029600,0.75,0.6764705882352942,0.55,0.45454545454545453,0.8
1029900,0.7166666666666667,0.6470588235294118,0.55,0.5,0.8142857142857143
1030200,0.7333333333333333,0.6176470588235294,0.55,0.36363636363636365,0.8
1030500,0.75,0.6176470588235294,0.55,0.3181818181818182,0.8
1030800,0.75,0.6176470588235294,0.55,0.3181818181818182,0.8
1031100,0.75,0.6176470588235294,0.55,0.3181818181818182,0.8
1031400,0.75,0.6176470588235294,0.55,0.3181818181818182,0.8
1031700,0.75,0.6176470588235294,0.55,0.3181818181818182,0.8
1032000,0.75,0.6176470588235294,0.55,0.3181818181818182,0.8
1032300,0.75,0.6176470588235294,0.55,0.3181818181818182,0.8
1032600,0.75,0.6176470588235294,0.55,0.3181818181818182,0.8
1032900,0.75,0.6176470588235294,0.55,0.3181818181818182,0.8
1033200,0.75,0.6176470588235294,0.55,0.3181818181818182,0.8
1033500,0.75,0.6176470588235294,0.55,0.3181818181818182,0.8
1033800,0.75,0.6176470588235294,0.55,0.3181818181818182,0.8
1034100,0.75,0.6176470588235294,0.55,0.3181818181818182,0.8
1034400,0.75,0.6176470588235294,0.55,0.3181818181818182,0.8
1034700,0.75,0.6176470588235294,0.55,0.3181818181818182,0.8
1035000,0.75,0.6176470588235294,0.55,0.3181818181818182,0.8
1035300,0.75,0.6176470588235294,0.55,0.3181818181818182,0.8
1035600,0.75,0.6176470588235294,0.55,0.3181818181818182,0.8
1035900,0.75,0.6176470588235294,0.55,0.3181818181818182,0.8
1036200,0.75,0.6176470588235294,0.55,0.3181818181818182,0.8
1036500,0.75,0.6176470588235294,0.55,0.3181818181818182,0.8
1036800,0.75,0.6176470588235294,0.55,0.3181818181818182,0.8
1037100,0.75,0.6176470588235294,0.55,0.3181818181818182,0.8
1037400,0.75,0.6176470588235294,0.55,0.3181818181818182,0.8
1037700,0.75,0.6176470588235294,0.55,0.3181818181818182,0.8
1038000,0.75,0.6176470588235294,0.55,0.3181818181818182,0.8
1038300,0.75,0.6176470588235294,0.55,0.3181818181818182,0.8
1038600,0.75,0.6176470588235294,0.55,0.3181818181818182,0.8
1038900,0.75,0.6176470588235294,0.55,0.3181818181818182,0.8
1039200,0.75,0.6176470588235294,0.55,0.3181818181818182,0.8
1039500,0.75,0.6176470588235294,0.55,0.3181818181818182,0.8
1039800,0.75,0.6176470588235294,0.55,0.3181818181818182,0.8
1040100,0.75,0.6176470588235294,0.55,0.3181818181818182,0.8
1040400,0.75,0.6176470588235294,0.55,0.3181818181818182,0.8
1040700,0.75,0.6176470588235294,0.55,0.3181818181818182,0.8
1041000,0.75,0.6176470588235294,0.55,0.3181818181818182,0.8
1041300,0.75,0.6176470588235294,0.55,0.3181818181818182,0.8
1041600,0.75,0.6176470588235294,0.55,0.3181818181818182,0.8
1041900,0.75,0.6176470588235294,0.55,0.3181818181818182,0.8
1042200,0.75,0.6176470588235294,0.55,0.3181818181818182,0.8
1042500,0.75,0.6176470588235294,0.55,0.3181818181818182,0.8
1042800,0.75,0.6176470588235294,0.55,0.3181818181818182,0.8
1043100,0.75,0.6176470588235294,0.55,0.3181818181818182,0.8
1043400,0.75,0.6176470588235294,0.55,0.3181818181818182,0.8
1043700,0.75,0.6176470588235294,0.55,0.3181818181818182,0.8
1044000,0.75,0.6176470588235294,0.55,0.3181818181818182,0.8
1044300,0.75,0.6176470588235294,0.55,0.3181818181818182,0.8
1044600,0.75,0.6176470588235294,0.55,0.3181818181818182,0.8
1044900,0.75,0.6176470588235294,0.55,0.3181818181818182,0.8
1045200,0.75,0.6176470588235294,0.55,0.3181818181818182,0.8
1045500,0.75,0.6176470588235294,0.55,0.3181818181818182,0.8
1045800,0.75,0.6176470588235294,0.55,0.3181818181818182,0.8
1046100,0.75,0.6176470588235294,0.55,0.3181818181818182,0.8
1046400,0.75,0.6176470588235294,0.55,0.3181818181818182,0.8
1046700,0.75,0.6176470588235294,0.55,0.3181818181818182,0.8
1047000,0.75,0.6176470588235294,0.55,0.3181818181818182,0.8
1047300,0.75,0.6176470588235294,0.55,0.3181818181818182,0.8
1047600,0.75,0.6176470588235294,0.55,0.3181818181818182,0.8
1047900,0.75,0.6176470588235294,0.55,0.3181818181818182,0.8
1048200,0.75,0.6176470588235294,0.55,0.3181818181818182,0.8
1048500,0.75,0.6176470588235294,0.55,0.3181818181818182,0.8
1048800,0.75,0.6176470588235294,0.55,0.3181818181818182,0.8
1049100,0.75,0.6176470588235294,0.55,0.3181818181818182,0.8
1049400,0.75,0.6176470588235294,0.55,0.3181818181818182,0.8
1049700,0.75,0.6176470588235294,0.55,0.3181818181818182,0.8
1050000,0.75,0.6176470588235294,0.55,0.3181818181818182,0.8
1050300,0.75,0.6176470588235294,0.55,0.3181818181818182,0.8
1050600,0.75,0.6176470588235294,0.55,0.3181818181818182,0.8
1050900,0.75,0.6176470588235294,0.55,0.3181818181818182,0.8
1051200,0.75,0.6176470588235294,0.55,0.3181818181818182,0.8
1051500,0.75,0.6176470588235294,0.55,0.3181818181818182,0.8
1051800,0.75,0.6176470588235294,0.55,0.3181818181818182,0.8
1052100,0.75,0.6176470588235294,0.55,0.3181818181818182,0.8
1052400,0.75,0.6176470588235294,0.55,0.3181818181818182,0.8
1052700,0.75,0.6176470588235294,0.55,0.3181818181818182,0.8
1053000,0.75,0.6176470588235294,0.55,0.3181818181818182,0.8
1053300,0.75,0.6176470588235294,0.55,0.3181818181818182,0.8
1053600,0.75,0.6176470588235294,0.55,0.3181818181818182,0.8
1053900,0.75,0.6176470588235294,0.55,0.3181818181818182,0.8
1054200,0.75,0.6176470588235294,0.55,0.3181818181818182,0.8
1054500,0.75,0.6176470588235294,0.55,0.3181818181818182,0.8
1054800,0.75,0.6176470588235294,0.55,0.3181818181818182,0.8
1055100,0.75,0.6176470588235294,0.55,0.3181818181818182,0.8
1055400,0.75,0.6176470588235294,0.55,0.3181818181818182,0.8
1055700,0.75,0.6176470588235294,0.55,0.3181818181818182,0.8
1056000,0.75,0.6176470588235294,0.55,0.3181818181818182,0.8
1056300,0.75,0.6176470588235294,0.55,0.3181818181818182,0.8
1056600,0.75,0.6176470588235294,0.55,0.3181818181818182,0.8
1056900,0.75,0.6176470588235294,0.55,0.3181818181818182,0.8
1057200,0.75,0.6176470588235294,0.55,0.3181818181818182,0.8
1057500,0.75,0.6176470588235294,0.55,0.3181818181818182,0.8
1057800,0.75,0.6176470588235294,0.55,0.3181818181818182,0.8
1058100,0.75,0.6176470588235294,0.55,0.3181818181818182,0.8
1058400,0.75,0.6176470588235294,0.55,0.3181818181818182,0.8
1058700,0.75,0.6176470588235294,0.55,0.3181818181818182,0.8
1059000,0.75,0.6176470588235294,0.55,0.3181818181818182,0.8
1059300,0.75,0.6176470588235294,0.55,0.3181818181818182,0.8
1059600,0.75,0.6176470588235294,0.55,0.3181818181818182,0.8
1059900,0.75,0.6176470588235294,0.55,0.3181818181818182,0.8
1060200,0.75,0.6176470588235294,0.55,0.3181818181818182,0.8
1060500,0.75,0.6176470588235294,0.55,0.3181818181818182,0.8
1060800,0.75,0.6176470588235294,0.55,0.3181818181818182,0.8
1061100,0.75,0.6176470588235294,0.55,0.3181818181818182,0.8
1061400,0.75,0.6176470588235294,0.55,0.3181818181818182,0.8
1061700,0.75,0.6176470588235294,0.55,0.3181818181818182,0.8
1062000,0.75,0.6176470588235294,0.55,0.3181818181818182,0.8
1062300,0.75,0.6176470588235294,0.55,0.3181818181818182,0.8
1062600,0.75,0.6176470588235294,0.55,0.3181818181818182,0.8
1062900,0.75,0.6176470588235294,0.55,0.3181818181818182,0.8
1063200,0.75,0.6176470588235294,0.55,0.3181818181818182,0.8
1063500,0.75,0.6176470588235294,0.55,0.3181818181818182,0.8
1063800,0.75,0.6176470588235294,0.55,0.3181818181818182,0.8
1064100,0.75,0.6176470588235294,0.55,0.3181818181818182,0.8
1064400,0.75,0.6176470588235294,0.55,0.3181818181818182,0.8
1064700,0.75,0.6176470588235294,0.55,0.3181818181818182,0.8
1065000,0.75,0.6176470588235294,0.55,0.3181818181818182,0.8
1065300,0.75,0.6176470588235294,0.55,0.3181818181818182,0.8
1065600,0.75,0.6176470588235294,0.55,0.3181818181818182,0.8
1065900,0.75,0.6176470588235294,0.55,0.3181818181818182,0.8
1066200,0.75,0.6176470588235294,0.55,0.3181818181818182,0.8
1066500,0.75,0.6176470588235294,0.55,0.3181818181818182,0.8
1066800,0.75,0.6176470588235294,0.55,0.3181818181818182,0.8
1067100,0.75,0.6176470588235294,0.55,0.3181818181818182,0.8
1067400,0.75,0.6176470588235294,0.55,0.3181818181818182,0.8
1067700,0.75,0.6176470588235294,0.55,0.3181818181818182,0.8
1068000,0.75,0.6176470588235294,0.55,0.3181818181818182,0.8
1068300,0.75,0.6176470588235294,0.55,0.3181818181818182,0.8
1068600,0.75,0.6176470588235294,0.55,0.3181818181818182,0.8
1068900,0.75,0.6176470588235294,0.55,0.3181818181818182,0.8
1069200,0.75,0.6176470588235294,0.55,0.3181818181818182,0.8
1069500,0.75,0.6176470588235294,0.55,0.3181818181818182,0.8
1069800,0.75,0.6176470588235294,0.55,0.3181818181818182,0.8
1070100,0.75,0.6176470588235294,0.55,0.3181818181818182,0.8
1070400,0.75,0.6176470588235294,0.55,0.3181818181818182,0.8
1070700,0.75,0.6176470588235294,0.55,0.3181818181818182,0.8
1071000,0.75,0.6176470588235294,0.55,0.3181818181818182,0.8
1071300,0.75,0.6176470588235294,0.55,0.3181818181818182,0.8
1071600,0.75,0.6176470588235294,0.55,0.3181818181818182,0.8
1071900,0.75,0.6176470588235294,0.55,0.3181818181818182,0.8
1072200,0.75,0.6176470588235294,0.55,0.3181818181818182,0.8
1072500,0.75,0.6176470588235294,0.55,0.3181818181818182,0.8
1072800,0.75,0.6176470588235294,0.55,0.3181818181818182,0.8
1073100,0.75,0.6176470588235294,0.55,0.3181818181818182,0.8
1073400,0.75,0.6176470588235294,0.55,0.3181818181818182,0.8
1073700,0.75,0.6176470588235294,0.55,0.3181818181818182,0.8
1074000,0.75,0.6176470588235294,0.55,0.3181818181818182,0.8
1074300,0.75,0.6176470588235294,0.55,0.3181818181818182,0.8
1074600,0.75,0.6176470588235294,0.55,0.3181818181818182,0.8
1074900,0.75,0.6176470588235294,0.55,0.3181818181818182,0.8
1075200,0.75,0.6176470588235294,0.55,0.3181818181818182,0.8
1075500,0.75,0.6176470588235294,0.55,0.3181818181818182,0.8
1075800,0.75,0.6176470588235294,0.55,0.3181818181818182,0.8
1076100,0.75,0.6176470588235294,0.55,0.3181818181818182,0.8
1076400,0.75,0.6176470588235294,0.55,0.3181818181818182,0.8
1076700,0.75,0.6176470588235294,0.55,0.3181818181818182,0.8
1077000,0.75,0.6176470588235294,0.55,0.3181818181818182,0.8
1077300,0.75,0.6176470588235294,0.55,0.3181818181818182,0.8
1077600,0.75,0.6176470588235294,0.55,0.3181818181818182,0.8
1077900,0.75,0.6176470588235294,0.55,0.3181818181818182,0.8
1078200,0.75,0.6176470588235294,0.55,0.3181818181818182,0.8
1078500,0.75,0.6176470588235294,0.55,0.3181818181818182,0.8
1078800,0.75,0.6176470588235294,0.55,0.3181818181818182,0.8
1079100,0.75,0.6176470588235294,0.55,0.3181818181818182,0.8
1079400,0.75,0.6176470588235294,0.55,0.3181818181818182,0.8
1079700,0.75,0.6176470588235294,0.55,0.3181818181818182,0.8
1080000,0.75,0.6176470588235294,0.55,0.3181818181818182,0.8
1080300,0.75,0.6176470588235294,0.55,0.3181818181818182,0.8
1080600,0.75,0.6176470588235294,0.55,0.3181818181818182,0.8
1080900,0.75,0.6176470588235294,0.55,0.3181818181818182,0.8
1081200,0.75,0.6176470588235294,0.55,0.3181818181818182,0.8
1081500,0.75,0.6176470588235294,0.55,0.3181818181818182,0.8
1081800,0.75,0.6176470588235294,0.55,0.3181818181818182,0.8
1082100,0.75,0.6176470588235294,0.55,0.3181818181818182,0.8
1082400,0.75,0.6176470588235294,0.55,0.3181818181818182,0.8
1082700,0.75,0.6176470588235294,0.55,0.3181818181818182,0.8
1083000,0.75,0.6176470588235294,0.55,0.3181818181818182,0.8
1083300,0.75,0.6176470588235294,0.55,0.3181818181818182,0.8
1083600,0.75,0.6176470588235294,0.55,0.3181818181818182,0.8
1083900,0.75,0.6176470588235294,0.55,0.3181818181818182,0.8
1084200,0.75,0.6176470588235294,0.55,0.3181818181818182,0.8
1084500,0.75,0.6176470588235294,0.55,0.3181818181818182,0.8
1084800,0.75,0.6176470588235294,0.55,0.3181818181818182,0.8
1085100,0.75,0.6176470588235294,0.55,0.3181818181818182,0.8
1085400,0.75,0.6176470588235294,0.55,0.3181818181818182,0.8
1085700,0.75,0.6176470588235294,0.55,0.3181818181818182,0.8
1086000,0.75,0.6176470588235294,0.55,0.3181818181818182,0.8
1086300,0.75,0.6176470588235294,0.55,0.3181818181818182,0.8
1086600,0.75,0.6176470588235294,0.55,0.3181818181818182,0.8
1086900,0.75,0.6176470588235294,0.55,0.3181818181818182,0.8
1087200,0.75,0.6176470588235294,0.55,0.3181818181818182,0.8
1087500,0.75,0.6176470588235294,0.55,0.3181818181818182,0.8
1087800,0.75,0.6176470588235294,0.55,0.3181818181818182,0.8
1088100,0.75,0.6176470588235294,0.55,0.3181818181818182,0.8
1088400,0.75,0.6176470588235294,0.55,0.3181818181818182,0.8
1088700,0.75,0.6176470588235294,0.55,0.3181818181818182,0.8
1089000,0.75,0.6176470588235294,0.55,0.3181818181818182,0.8
1089300,0.75,0.6176470588235294,0.55,0.3181818181818182,0.8
1089600,0.75,0.6176470588235294,0.55,0.3181818181818182,0.8
1089900,0.75,0.6176470588235294,0.55,0.3181818181818182,0.8
1090200,0.75,0.6176470588235294,0.55,0.3181818181818182,0.8
1090500,0.75,0.6176470588235294,0.55,0.3181818181818182,0.8
1090800,0.75,0.6176470588235294,0.55,0.3181818181818182,0.8
1091100,0.75,0.6176470588235294,0.55,0.3181818181818182,0.8
1091400,0.75,0.6176470588235294,0.55,0.3181818181818182,0.8
1091700,0.75,0.6176470588235294,0.55,0.3181818181818182,0.8
1092000,0.75,0.6176470588235294,0.55,0.3181818181818182,0.8
1092300,0.75,0.6176470588235294,0.55,0.3181818181818182,0.8
1092600,0.75,0.6176470588235294,0.55,0.3181818181818182,0.8
1092900,0.75,0.6176470588235294,0.55,0.3181818181818182,0.8
1093200,0.75,0.6176470588235294,0.55,0.3181818181818182,0.8
1093500,0.75,0.6176470588235294,0.55,0.3181818181818182,0.8
1093800,0.75,0.6176470588235294,0.55,0.3181818181818182,0.8
1094100,0.75,0.6176470588235294,0.55,0.3181818181818182,0.8
1094400,0.75,0.6176470588235294,0.55,0.3181818181818182,0.8
1094700,0.75,0.6176470588235294,0.55,0.3181818181818182,0.8
1095000,0.75,0.6176470588235294,0.55,0.3181818181818182,0.8
1095300,0.75,0.6176470588235294,0.55,0.3181818181818182,0.8
1095600,0.75,0.6176470588235294,0.55,0.3181818181818182,0.8
1095900,0.75,0.6176470588235294,0.55,0.3181818181818182,0.8
1096200,0.75,0.6176470588235294,0.55,0.3181818181818182,0.8
1096500,0.75,0.6176470588235294,0.55,0.3181818181818182,0.8
1096800,0.75,0.6176470588235294,0.55,0.3181818181818182,0.8
1097100,0.75,0.6176470588235294,0.55,0.3181818181818182,0.8
1097400,0.75,0.6176470588235294,0.55,0.3181818181818182,0.8
1097700,0.75,0.6176470588235294,0.55,0.3181818181818182,0.8
1098000,0.75,0.6176470588235294,0.55,0.3181818181818182,0.8
1098300,0.75,0.6176470588235294,0.55,0.3181818181818182,0.8
1098600,0.75,0.6176470588235294,0.55,0.3181818181818182,0.8
1098900,0.75,0.6176470588235294,0.55,0.3181818181818182,0.8
1099200,0.75,0.6176470588235294,0.55,0.3181818181818182,0.8
1099500,0.75,0.6176470588235294,0.55,0.3181818181818182,0.8
1099800,0.75,0.6176470588235294,0.55,0.3181818181818182,0.8
1100100,0.75,0.6176470588235294,0.55,0.3181818181818182,0.8
1100400,0.75,0.6176470588235294,0.55,0.3181818181818182,0.8
1100700,0.75,0.6176470588235294,0.55,0.3181818181818182,0.8
1101000,0.75,0.6176470588235294,0.55,0.3181818181818182,0.8
1101300,0.75,0.6176470588235294,0.55,0.3181818181818182,0.8
1101600,0.75,0.6176470588235294,0.55,0.3181818181818182,0.8
1101900,0.75,0.6176470588235294,0.55,0.3181818181818182,0.8
1102200,0.75,0.6176470588235294,0.55,0.3181818181818182,0.8
1102500,0.75,0.6176470588235294,0.55,0.3181818181818182,0.8
1102800,0.75,0.6176470588235294,0.55,0.3181818181818182,0.8
1103100,0.75,0.6176470588235294,0.55,0.3181818181818182,0.8
1103400,0.75,0.6176470588235294,0.55,0.3181818181818182,0.8
1103700,0.75,0.6176470588235294,0.55,0.3181818181818182,0.8
1104000,0.75,0.6176470588235294,0.55,0.3181818181818182,0.8
1104300,0.75,0.6176470588235294,0.55,0.3181818181818182,0.8
1104600,0.75,0.6176470588235294,0.55,0.3181818181818182,0.8
1104900,0.75,0.6176470588235294,0.55,0.3181818181818182,0.8
1105200,0.75,0.6176470588235294,0.55,0.3181818181818182,0.8
1105500,0.75,0.6176470588235294,0.55,0.3181818181818182,0.8
1105800,0.75,0.6176470588235294,0.55,0.3181818181818182,0.8
1106100,0.75,0.6176470588235294,0.55,0.3181818181818182,0.8
1106400,0.75,0.6176470588235294,0.55,0.3181818181818182,0.8
1106700,0.75,0.6176470588235294,0.55,0.3181818181818182,0.8
1107000,0.75,0.6176470588235294,0.55,0.3181818181818182,0.8
1107300,0.75,0.6176470588235294,0.55,0.3181818181818182,0.8
1107600,0.75,0.6176470588235294,0.55,0.3181818181818182,0.8
1107900,0.75,0.6176470588235294,0.55,0.3181818181818182,0.8
1108200,0.75,0.6176470588235294,0.55,0.3181818181818182,0.8
1108500,0.75,0.6176470588235294,0.55,0.3181818181818182,0.8
1108800,0.75,0.6176470588235294,0.55,0.3181818181818182,0.8
1109100,0.75,0.6176470588235294,0.55,0.3181818181818182,0.8
1109400,0.75,0.6176470588235294,0.55,0.3181818181818182,0.8
1109700,0.75,0.6176470588235294,0.55,0.3181818181818182,0.8
1110000,0.75,0.6176470588235294,0.55,0.3181818181818182,0.8
1110300,0.75,0.6176470588235294,0.55,0.3181818181818182,0.8
1110600,0.75,0.6176470588235294,0.55,0.3181818181818182,0.8
1110900,0.75,0.6176470588235294,0.55,0.3181818181818182,0.8
1111200,0.75,0.6176470588235294,0.55,0.3181818181818182,0.8
1111500,0.75,0.6176470588235294,0.55,0.3181818181818182,0.8
1111800,0.75,0.6176470588235294,0.55,0.3181818181818182,0.8
1112100,0.75,0.6176470588235294,0.55,0.3181818181818182,0.8
1112400,0.75,0.6176470588235294,0.55,0.3181818181818182,0.8
1112700,0.75,0.6176470588235294,0.55,0.3181818181818182,0.8
1113000,0.75,0.6176470588235294,0.55,0.3181818181818182,0.8
1113300,0.75,0.6176470588235294,0.55,0.3181818181818182,0.8
1113600,0.75,0.6176470588235294,0.55,0.3181818181818182,0.8
1113900,0.75,0.6176470588235294,0.55,0.3181818181818182,0.8
1114200,0.75,0.6176470588235294,0.55,0.3181818181818182,0.8
1114500,0.75,0.6176470588235294,0.55,0.3181818181818182,0.8
1114800,0.75,0.6176470588235294,0.55,0.3181818181818182,0.8
1115100,0.75,0.6176470588235294,0.55,0.3181818181818182,0.8
1115400,0.75,0.6176470588235294,0.55,0.3181818181818182,0.8
1115700,0.75,0.6176470588235294,0.55,0.3181818181818182,0.8
1116000,0.75,0.6176470588235294,0.55,0.3181818181818182,0.8
1116300,0.75,0.6176470588235294,0.55,0.3181818181818182,0.8
1116600,0.75,0.6176470588235294,0.55,0.3181818181818182,0.8
1116900,0.75,0.6176470588235294,0.55,0.3181818181818182,0.8
1117200,0.75,0.6176470588235294,0.55,0.3181818181818182,0.8
1117500,0.75,0.6470588235294118,0.45,0.5454545454545454,0.7857142857142857
1117800,0.7,0.6470588235294118,0.45,0.5,0.7714285714285715
1118100,0.7166666666666667,0.5882352941176471,0.5,0.5454545454545454,0.7571428571428571
1118400,0.6833333333333333,0.5588235294117647,0.55,0.5454545454545454,0.7571428571428571
1118700,0.65,0.5882352941176471,0.55,0.5454545454545454,0.7428571428571429
1119000,0.6666666666666666,0.5294117647058824,0.55,0.6818181818181818,0.7285714285714285
1119300,0.6666666666666666,0.5588235294117647,0.65,0.7272727272727273,0.7142857142857143
1119600,0.6333333333333333,0.5882352941176471,0.65,0.7727272727272727,0.7142857142857143
1119900,0.6333333333333333,0.6176470588235294,0.7,0.7727272727272727,0.7285714285714285
1120200,0.65,0.6176470588235294,0.7,0.7727272727272727,0.7285714285714285
1120500,0.65,0.6176470588235294,0.7,0.7727272727272727,0.7285714285714285
1120800,0.65,0.6176470588235294,0.7,0.7727272727272727,0.7285714285714285
1121100,0.65,0.6176470588235294,0.7,0.7727272727272727,0.7285714285714285
1121400,0.65,0.6176470588235294,0.7,0.7727272727272727,0.7285714285714285
1121700,0.7333333333333333,0.6176470588235294,0.85,0.7272727272727273,0.7285714285714285
1122000,0.7333333333333333,0.6176470588235294,0.85,0.7272727272727273,0.7285714285714285
1122300,0.7,0.47058823529411764,0.8,0.5909090909090909,0.5714285714285714
1122600,0.7,0.4117647058823529,0.85,0.5909090909090909,0.5714285714285714
1122900,0.6166666666666667,0.29411764705882354,0.8,0.6363636363636364,0.5714285714285714
1123200,0.0,0.0,0.8,0.6818181818181818,0.0
1123500,0.0,0.20588235294117646,0.75,0.6818181818181818,0.5571428571428572
1123800,0.48333333333333334,0.20588235294117646,0.6,0.6363636363636364,0.5
1124100,0.38333333333333336,0.14705882352941177,0.55,0.5909090909090909,0.4857142857142857
1124400,0.36666666666666664,0.14705882352941177,0.55,0.6363636363636364,0.4714285714285714
1124700,0.35,0.029411764705882353,0.45,0.5909090909090909,0.45714285714285713
1125000,0.31666666666666665,0.029411764705882353,0.45,0.45454545454545453,0.44285714285714284
1125300,0.26666666666666666,0.0,0.4,0.45454545454545453,0.44285714285714284
1125600,0.21666666666666667,0.029411764705882353,0.35,0.45454545454545453,0.44285714285714284
1125900,0.23333333333333334,0.08823529411764706,0.35,0.4090909090909091,0.44285714285714284
1126200,0.2833333333333333,0.08823529411764706,0.35,0.36363636363636365,0.44285714285714284
1126500,0.26666666666666666,0.08823529411764706,0.35,0.36363636363636365,0.4142857142857143
1126800,0.26666666666666666,0.17647058823529413,0.35,0.36363636363636365,0.4
1127100,0.2833333333333333,0.08823529411764706,0.4,0.4090909090909091,0.4
1127400,0.2833333333333333,0.08823529411764706,0.35,0.36363636363636365,0.4
1127700,0.31666666666666665,0.08823529411764706,0.25,0.36363636363636365,0.38571428571428573
1128000,0.26666666666666666,0.14705882352941177,0.2,0.4090909090909091,0.38571428571428573
1128300,0.3,0.11764705882352941,0.2,0.36363636363636365,0.38571428571428573
1128600,0.38333333333333336,0.14705882352941177,0.15,0.3181818181818182,0.38571428571428573
1128900,0.38333333333333336,0.11764705882352941,0.2,0.3181818181818182,0.4
1129200,0.38333333333333336,0.14705882352941177,0.25,0.3181818181818182,0.4
1129500,0.36666666666666664,0.17647058823529413,0.2,0.3181818181818182,0.4
1129800,0.4166666666666667,0.23529411764705882,0.2,0.3181818181818182,0.4
1130100,0.4166666666666667,0.29411764705882354,0.3,0.4090909090909091,0.4
1130400,0.4666666666666667,0.29411764705882354,0.35,0.5,0.4
1130700,0.48333333333333334,0.35294117647058826,0.35,0.5909090909090909,0.4
1131000,0.48333333333333334,0.35294117647058826,0.35,0.5909090909090909,0.4
1131300,0.4666666666666667,0.47058823529411764,0.35,0.5454545454545454,0.4
1131600,0.43333333333333335,0.5,0.4,0.4090909090909091,0.4
1131900,0.48333333333333334,0.5294117647058824,0.4,0.18181818181818182,0.4
1132200,0.45,0.5,0.4,0.3181818181818182,0.4
1132500,0.48333333333333334,0.4411764705882353,0.45,0.22727272727272727,0.38571428571428573
1132800,0.55,0.5294117647058824,0.5,0.3181818181818182,0.38571428571428573
1133100,0.55,0.47058823529411764,0.6,0.3181818181818182,0.38571428571428573
1133400,0.5166666666666667,0.5,0.65,0.3181818181818182,0.38571428571428573
1133700,0.5666666666666667,0.5294117647058824,0.65,0.3181818181818182,0.38571428571428573
1134000,0.5666666666666667,0.5,0.7,0.09090909090909091,0.38571428571428573
1134300,0.5666666666666667,0.4411764705882353,0.7,0.09090909090909091,0.38571428571428573
1134600,0.5333333333333333,0.4411764705882353,0.7,0.09090909090909091,0.38571428571428573
1134900,0.5666666666666667,0.4411764705882353,0.6,0.045454545454545456,0.38571428571428573
1135200,0.5,0.38235294117647056,0.55,0.09090909090909091,0.38571428571428573
1135500,0.5166666666666667,0.4117647058823529,0.65,0.09090909090909091,0.38571428571428573
1135800,0.5333333333333333,0.47058823529411764,0.65,0.09090909090909091,0.38571428571428573
1136100,0.55,0.35294117647058826,0.65,0.09090909090909091,0.38571428571428573
1136400,0.6,0.38235294117647056,0.65,0.045454545454545456,0.37142857142857144
1136700,0.6166666666666667,0.38235294117647056,0.6,0.045454545454545456,0.37142857142857144
1137000,0.6333333333333333,0.38235294117647056,0.6,0.0,0.37142857142857144
1137300,0.6166666666666667,0.35294117647058826,0.6,0.0,0.37142857142857144
1137600,0.55,0.4411764705882353,0.6,0.045454545454545456,0.37142857142857144
1137900,0.55,0.47058823529411764,0.65,0.045454545454545456,0.37142857142857144
1138200,0.5333333333333333,0.47058823529411764,0.65,0.045454545454545456,0.37142857142857144
1138500,0.5,0.5,0.6,0.0,0.37142857142857144
1138800,0.48333333333333334,0.5,0.55,0.0,0.38571428571428573
1139100,0.5,0.5,0.55,0.045454545454545456,0.37142857142857144
1139400,0.5166666666666667,0.5294117647058824,0.5,0.0,0.37142857142857144
1139700,0.5,0.5588235294117647,0.45,0.13636363636363635,0.37142857142857144
1140000,0.5,0.5588235294117647,0.5,0.09090909090909091,0.37142857142857144
1140300,0.4666666666666667,0.5588235294117647,0.4,0.3181818181818182,0.37142857142857144
1140600,0.43333333333333335,0.5588235294117647,0.45,0.2727272727272727,0.35714285714285715
1140900,0.36666666666666664,0.5,0.45,0.2727272727272727,0.35714285714285715
1141200,0.3,0.5294117647058824,0.3,0.5454545454545454,0.35714285714285715
1141500,0.31666666666666665,0.4411764705882353,0.2,0.6363636363636364,0.35714285714285715
1141800,0.4166666666666667,0.4117647058823529,0.15,0.6363636363636364,0.35714285714285715
1142100,0.4,0.4411764705882353,0.15,0.6363636363636364,0.35714285714285715
1142400,0.38333333333333336,0.4117647058823529,0.1,0.5909090909090909,0.35714285714285715
1142700,0.3333333333333333,0.4117647058823529,0.1,0.5,0.35714285714285715
1143000,0.35,0.47058823529411764,0.15,0.45454545454545453,0.35714285714285715
1143300,0.3,0.4411764705882353,0.15,0.5,0.35714285714285715
1143600,0.3333333333333333,0.47058823529411764,0.1,0.4090909090909091,0.37142857142857144
1143900,0.3333333333333333,0.47058823529411764,0.1,0.36363636363636365,0.37142857142857144
1144200,0.3,0.4117647058823529,0.1,0.36363636363636365,0.37142857142857144
1144500,0.2833333333333333,0.38235294117647056,0.3,0.3181818181818182,0.37142857142857144
1144800,0.2,0.35294117647058826,0.45,0.3181818181818182,0.37142857142857144
1145100,0.23333333333333334,0.3235294117647059,0.45,0.3181818181818182,0.37142857142857144
1145400,0.11666666666666667,0.35294117647058826,0.45,0.22727272727272727,0.37142857142857144
1145700,0.13333333333333333,0.35294117647058826,0.0,0.2727272727272727,0.38571428571428573
1146000,0.23333333333333334,0.35294117647058826,0.45,0.3181818181818182,0.38571428571428573
1146300,0.2,0.23529411764705882,0.45,0.3181818181818182,0.38571428571428573
1146600,0.16666666666666666,0.2647058823529412,0.35,0.36363636363636365,0.38571428571428573
1146900,0.23333333333333334,0.20588235294117646,0.3,0.36363636363636365,0.38571428571428573
1147200,0.25,0.14705882352941177,0.35,0.36363636363636365,0.38571428571428573
1147500,0.2833333333333333,0.08823529411764706,0.25,0.22727272727272727,0.38571428571428573
1147800,0.26666666666666666,0.11764705882352941,0.3,0.22727272727272727,0.4
1148100,0.2833333333333333,0.11764705882352941,0.3,0.13636363636363635,0.4
1148400,0.3333333333333333,0.14705882352941177,0.2,0.2727272727272727,0.4142857142857143
1148700,0.3,0.23529411764705882,0.3,0.3181818181818182,0.4857142857142857
1149000,0.2833333333333333,0.2647058823529412,0.3,0.2727272727272727,0.5
1149300,0.3,0.23529411764705882,0.3,0.3181818181818182,0.5285714285714286
1149600,0.2833333333333333,0.17647058823529413,0.45,0.3181818181818182,0.5571428571428572
1149900,0.2833333333333333,0.17647058823529413,0.45,0.4090909090909091,0.6142857142857143
1150200,0.25,0.17647058823529413,0.5,0.45454545454545453,0.6142857142857143
1150500,0.26666666666666666,0.23529411764705882,0.55,0.5,0.6285714285714286
1150800,0.2,0.20588235294117646,0.7,0.45454545454545453,0.6428571428571429
1151100,0.23333333333333334,0.2647058823529412,0.7,0.5454545454545454,0.6714285714285714
1151400,0.25,0.4117647058823529,0.7,0.5454545454545454,0.7285714285714285
1151700,0.25,0.47058823529411764,0.75,0.5454545454545454,0.7142857142857143
1152000,0.23333333333333334,0.38235294117647056,0.7,0.5454545454545454,0.7285714285714285
1152300,0.31666666666666665,0.4411764705882353,0.65,0.5,0.7428571428571429
1152600,0.4166666666666667,0.5294117647058824,0.75,0.5454545454545454,0.7571428571428571
1152900,0.48333333333333334,0.5294117647058824,0.7,0.5454545454545454,0.7714285714285715
1153200,0.6166666666666667,0.6470588235294118,0.75,0.5,0.8142857142857143
1153500,0.7,0.7647058823529411,0.7,0.5,0.8
1153800,0.7333333333333333,0.7941176470588235,0.7,0.5454545454545454,0.8
1154100,0.7833333333333333,0.8235294117647058,0.7,0.5909090909090909,0.8
1154400,0.8666666666666667,0.8529411764705882,0.7,0.5454545454545454,0.8142857142857143
1154700,0.8833333333333333,0.8823529411764706,0.7,0.5,0.8142857142857143
1155000,0.8833333333333333,0.9117647058823529,0.7,0.5,0.8
1155300,0.8833333333333333,0.9705882352941176,0.75,0.5,0.8
1155600,0.8833333333333333,0.9705882352941176,0.75,0.45454545454545453,0.8
1155900,0.8833333333333333,0.9705882352941176,0.75,0.45454545454545453,0.7857142857142857
1156200,0.8833333333333333,0.9705882352941176,0.75,0.45454545454545453,0.7857142857142857
1156500,0.8833333333333333,0.9705882352941176,0.75,0.5,0.7857142857142857
1156800,0.8833333333333333,0.9411764705882353,0.75,0.5,0.8142857142857143
1157100,0.9,0.9705882352941176,0.8,0.5454545454545454,0.8571428571428571
1157400,0.9166666666666666,0.9411764705882353,0.7,0.5454545454545454,0.8571428571428571
1157700,0.9166666666666666,0.9411764705882353,0.7,0.6363636363636364,0.8571428571428571
1158000,0.9,0.9411764705882353,0.7,0.5454545454545454,0.8571428571428571
1158300,0.9,0.9411764705882353,0.7,0.5909090909090909,0.8428571428571429
1158600,0.8833333333333333,0.9117647058823529,0.7,0.5454545454545454,0.8428571428571429
1158900,0.8666666666666667,0.9117647058823529,0.75,0.5909090909090909,0.8428571428571429
1159200,0.9333333333333333,0.9117647058823529,0.75,0.6363636363636364,0.8571428571428571
1159500,0.95,0.9117647058823529,0.75,0.6818181818181818,0.8571428571428571
1159800,0.9833333333333333,0.9117647058823529,0.85,0.6363636363636364,0.8714285714285714
1160100,0.9833333333333333,0.9117647058823529,0.85,0.7727272727272727,0.8714285714285714
1160400,0.9833333333333333,0.9117647058823529,0.85,0.7727272727272727,0.8714285714285714
1160700,0.9833333333333333,0.9117647058823529,0.85,0.7727272727272727,0.8571428571428571
1161000,0.9833333333333333,0.8823529411764706,0.85,0.7727272727272727,0.8714285714285714
1161300,0.9833333333333333,0.9117647058823529,0.85,0.8181818181818182,0.8571428571428571
1161600,0.9833333333333333,0.9411764705882353,0.85,0.8636363636363636,0.8571428571428571
1161900,0.9833333333333333,0.9117647058823529,0.85,0.8636363636363636,0.8571428571428571
1162200,0.9833333333333333,0.9411764705882353,0.8,0.8636363636363636,0.8571428571428571
1162500,0.9833333333333333,0.9117647058823529,0.85,0.8636363636363636,0.8428571428571429
1162800,0.9833333333333333,0.9117647058823529,0.85,0.8636363636363636,0.8428571428571429
1163100,0.9833333333333333,0.9117647058823529,0.9,0.8636363636363636,0.8428571428571429
1163400,0.9833333333333333,0.9411764705882353,0.9,0.8636363636363636,0.8571428571428571
1163700,1.0,0.9117647058823529,0.85,0.8181818181818182,0.8285714285714286
1164000,0.9666666666666667,0.9117647058823529,0.85,0.8181818181818182,0.8428571428571429
1164300,0.9666666666666667,0.9117647058823529,0.85,0.8181818181818182,0.8285714285714286
1164600,0.9666666666666667,0.9117647058823529,0.85,0.7727272727272727,0.8428571428571429
1164900,0.95,0.9411764705882353,0.85,0.7727272727272727,0.8285714285714286
1165200,0.9833333333333333,0.9411764705882353,0.85,0.7727272727272727,0.8285714285714286
1165500,0.9666666666666667,0.9117647058823529,0.8,0.8181818181818182,0.8285714285714286
1165800,0.9666666666666667,0.9117647058823529,0.7,0.8181818181818182,0.8428571428571429
1166100,0.9333333333333333,0.9117647058823529,0.65,0.8181818181818182,0.8285714285714286
1166400,0.0,0.0,0.65,0.7272727272727273,0.0
1166700,0.85,0.8823529411764706,0.6,0.6363636363636364,0.7285714285714285
1167000,0.7833333333333333,0.7647058823529411,0.45,0.5,0.7142857142857143
1167300,0.7833333333333333,0.7352941176470589,0.45,0.45454545454545453,0.7142857142857143
1167600,0.7833333333333333,0.7058823529411765,0.3,0.4090909090909091,0.6857142857142857
1167900,0.7333333333333333,0.6764705882352942,0.45,0.36363636363636365,0.6571428571428571
1168200,0.7333333333333333,0.6470588235294118,0.55,0.36363636363636365,0.6285714285714286
1168500,0.7166666666666667,0.6470588235294118,0.55,0.3181818181818182,0.6285714285714286
1168800,0.6833333333333333,0.6176470588235294,0.55,0.3181818181818182,0.5857142857142857
1169100,0.6666666666666666,0.6470588235294118,0.6,0.3181818181818182,0.5857142857142857
1169400,0.6333333333333333,0.5882352941176471,0.6,0.22727272727272727,0.5571428571428572
1169700,0.65,0.6176470588235294,0.65,0.2727272727272727,0.5571428571428572
1170000,0.6666666666666666,0.5882352941176471,0.65,0.18181818181818182,0.5714285714285714
1170300,0.6833333333333333,0.5588235294117647,0.6,0.22727272727272727,0.5714285714285714
1170600,0.7,0.5294117647058824,0.6,0.22727272727272727,0.6
1170900,0.6833333333333333,0.5294117647058824,0.5,0.22727272727272727,0.6285714285714286
1171200,0.7333333333333333,0.5294117647058824,0.45,0.22727272727272727,0.6428571428571429
1171500,0.7333333333333333,0.5882352941176471,0.5,0.2727272727272727,0.6428571428571429
1171800,0.7166666666666667,0.6470588235294118,0.5,0.3181818181818182,0.6857142857142857
1172100,0.7,0.7058823529411765,0.6,0.3181818181818182,0.7
1172400,0.7,0.6764705882352942,0.55,0.3181818181818182,0.7
1172700,0.75,0.5882352941176471,0.6,0.3181818181818182,0.7
1173000,0.8,0.6470588235294118,0.5,0.4090909090909091,0.7142857142857143
1173300,0.8,0.7058823529411765,0.45,0.45454545454545453,0.7428571428571429
1173600,0.8166666666666667,0.6764705882352942,0.45,0.45454545454545453,0.7571428571428571
1173900,0.8666666666666667,0.7058823529411765,0.6,0.5454545454545454,0.7571428571428571
1174200,0.8833333333333333,0.7647058823529411,0.6,0.5454545454545454,0.7714285714285715
1174500,0.9166666666666666,0.7647058823529411,0.65,0.6363636363636364,0.7714285714285715
1174800,0.9166666666666666,0.7647058823529411,0.7,0.6363636363636364,0.7571428571428571
1175100,0.9333333333333333,0.7647058823529411,0.75,0.6363636363636364,0.7571428571428571
1175400,0.9666666666666667,0.8235294117647058,0.75,0.6363636363636364,0.7571428571428571
1175700,0.9666666666666667,0.8235294117647058,0.8,0.6363636363636364,0.7571428571428571
1176000,0.9666666666666667,0.8529411764705882,0.8,0.5909090909090909,0.7571428571428571
1176300,0.9333333333333333,0.8529411764705882,0.8,0.6818181818181818,0.7571428571428571
1176600,0.9333333333333333,0.9117647058823529,0.7,0.6818181818181818,0.8
1176900,0.95,0.9117647058823529,0.8,0.6818181818181818,0.7857142857142857
1177200,0.95,0.9117647058823529,0.75,0.7272727272727273,0.8
1177500,0.9333333333333333,0.9117647058823529,0.65,0.7727272727272727,0.8142857142857143
1177800,0.9333333333333333,0.9117647058823529,0.65,0.7727272727272727,0.8142857142857143
1178100,0.9166666666666666,0.8823529411764706,0.65,0.8181818181818182,0.8285714285714286
1178400,0.9166666666666666,0.8823529411764706,0.65,0.8181818181818182,0.8285714285714286
1178700,0.9,0.9117647058823529,0.65,0.8181818181818182,0.8142857142857143
1179000,0.9,0.9117647058823529,0.65,0.7727272727272727,0.7857142857142857
1179300,0.9,0.9117647058823529,0.7,0.7727272727272727,0.8
1179600,0.9,0.9411764705882353,0.7,0.7272727272727273,0.8
1179900,0.9,0.9411764705882353,0.95,0.7272727272727273,0.7857142857142857
1180200,0.9,0.9117647058823529,0.75,0.7272727272727273,0.7857142857142857
1180500,0.9,0.8823529411764706,0.95,0.7272727272727273,0.7714285714285715
1180800,0.9,0.8823529411764706,0.95,0.7272727272727273,0.8
1181100,0.9,0.9117647058823529,0.95,0.7272727272727273,0.8
1181400,0.8833333333333333,0.9117647058823529,0.85,0.7272727272727273,0.8142857142857143
1181700,0.8833333333333333,0.9411764705882353,0.85,0.7272727272727273,0.8142857142857143
1182000,0.8666666666666667,0.9411764705882353,0.95,0.6363636363636364,0.8
1182300,0.8166666666666667,0.9411764705882353,0.95,0.6363636363636364,0.8
1182600,0.8333333333333334,0.9411764705882353,0.95,0.7272727272727273,0.8
1182900,0.8833333333333333,0.9411764705882353,0.95,0.7272727272727273,0.8
1183200,0.8833333333333333,0.9411764705882353,0.95,0.6818181818181818,0.7857142857142857
1183500,0.8666666666666667,0.9117647058823529,0.95,0.7272727272727273,0.7857142857142857
1183800,0.8666666666666667,0.9117647058823529,0.9,0.6818181818181818,0.7857142857142857
1184100,0.8666666666666667,0.9117647058823529,0.8,0.6818181818181818,0.7857142857142857
1184400,0.9,0.9117647058823529,0.8,0.6818181818181818,0.8
1184700,0.8833333333333333,0.9411764705882353,0.8,0.6818181818181818,0.8
1185000,0.9166666666666666,0.9411764705882353,0.8,0.6818181818181818,0.8
1185300,0.9333333333333333,0.9411764705882353,0.8,0.7727272727272727,0.8428571428571429
1185600,0.95,0.9411764705882353,0.8,0.7727272727272727,0.8571428571428571
1185900,0.95,0.9411764705882353,0.7,0.7727272727272727,0.8571428571428571
1186200,0.9333333333333333,0.9411764705882353,0.65,0.7272727272727273,0.8571428571428571
1186500,0.9166666666666666,1.0,0.65,0.7272727272727273,0.8714285714285714
1186800,0.9,1.0,0.7,0.6818181818181818,0.8714285714285714
1187100,0.9,1.0,0.75,0.6818181818181818,0.8857142857142857
1187400,0.9333333333333333,0.9705882352941176,0.85,0.6818181818181818,0.8714285714285714
1187700,0.9,0.9705882352941176,0.85,0.6363636363636364,0.8714285714285714
1188000,0.9166666666666666,0.9411764705882353,0.95,0.6363636363636364,0.8714285714285714
1188300,0.0,0.0,0.0,0.0,0.0
1188600,0.95,0.9117647058823529,0.95,0.5909090909090909,0.8857142857142857
1188900,0.95,0.9117647058823529,0.95,0.5909090909090909,0.8857142857142857
1189200,0.9666666666666667,0.9117647058823529,0.95,0.5909090909090909,0.9
1189500,0.9666666666666667,0.8823529411764706,0.95,0.5909090909090909,0.9
1189800,0.9666666666666667,0.8823529411764706,0.85,0.5454545454545454,0.8857142857142857
1190100,0.9833333333333333,0.8529411764705882,0.8,0.5454545454545454,0.8857142857142857
1190400,0.9666666666666667,0.8823529411764706,0.85,0.5909090909090909,0.8857142857142857
1190700,0.95,0.8235294117647058,0.8,0.6363636363636364,0.8714285714285714
1191000,0.9666666666666667,0.8235294117647058,0.75,0.6363636363636364,0.8714285714285714
1191300,0.9333333333333333,0.7941176470588235,0.8,0.6363636363636364,0.8571428571428571
1191600,0.9333333333333333,0.7941176470588235,0.8,0.6363636363636364,0.8571428571428571
1191900,0.9166666666666666,0.7941176470588235,0.8,0.6818181818181818,0.8571428571428571
1192200,0.85,0.7941176470588235,0.8,0.5454545454545454,0.8428571428571429
1192500,0.85,0.7941176470588235,0.8,0.5454545454545454,0.8142857142857143
1192800,0.85,0.7941176470588235,0.8,0.5,0.8
1193100,0.8333333333333334,0.7941176470588235,0.8,0.4090909090909091,0.7857142857142857
1193400,0.8,0.7647058823529411,0.8,0.45454545454545453,0.8
1193700,0.7833333333333333,0.7352941176470589,0.8,0.4090909090909091,0.7714285714285715
1194000,0.7833333333333333,0.7647058823529411,0.85,0.3181818181818182,0.7571428571428571
1194300,0.7833333333333333,0.7352941176470589,0.8,0.2727272727272727,0.7571428571428571
1194600,0.8,0.7352941176470589,0.8,0.2727272727272727,0.7428571428571429
1194900,0.7833333333333333,0.7352941176470589,0.8,0.22727272727272727,0.7428571428571429
1195200,0.8,0.6764705882352942,0.8,0.2727272727272727,0.7428571428571429
1195500,0.8166666666666667,0.7058823529411765,0.7,0.22727272727272727,0.7428571428571429
1195800,0.85,0.6470588235294118,0.65,0.2727272727272727,0.7428571428571429
1196100,0.8333333333333334,0.6470588235294118,0.6,0.22727272727272727,0.7142857142857143
1196400,0.8,0.7058823529411765,0.7,0.3181818181818182,0.7142857142857143
1196700,0.7833333333333333,0.7058823529411765,0.65,0.3181818181818182,0.6857142857142857
1197000,0.7666666666666667,0.7058823529411765,0.65,0.3181818181818182,0.6714285714285714
1197300,0.7833333333333333,0.7352941176470589,0.7,0.36363636363636365,0.6857142857142857
1197600,0.8166666666666667,0.7058823529411765,0.7,0.45454545454545453,0.6857142857142857
1197900,0.7833333333333333,0.7058823529411765,0.75,0.4090909090909091,0.6857142857142857
1198200,0.8166666666666667,0.6470588235294118,0.8,0.4090909090909091,0.7142857142857143
1198500,0.8,0.6176470588235294,0.85,0.4090909090909091,0.7142857142857143
1198800,0.8,0.6176470588235294,0.75,0.36363636363636365,0.7
1199100,0.85,0.6176470588235294,0.8,0.36363636363636365,0.6857142857142857
1199400,0.8333333333333334,0.5882352941176471,0.8,0.4090909090909091,0.6857142857142857
1199700,0.8333333333333334,0.5588235294117647,0.85,0.4090909090909091,0.7
1200000,0.8166666666666667,0.5294117647058824,0.9,0.5,0.7571428571428571
1200300,0.8,0.5588235294117647,0.95,0.5,0.7714285714285715
1200600,0.7666666666666667,0.5294117647058824,0.95,0.5,0.7714285714285715
1200900,0.7666666666666667,0.5294117647058824,0.95,0.45454545454545453,0.7857142857142857
1201200,0.7833333333333333,0.5588235294117647,0.85,0.4090909090909091,0.7857142857142857
1201500,0.7833333333333333,0.5588235294117647,0.75,0.36363636363636365,0.7857142857142857
1201800,0.8,0.5882352941176471,0.7,0.45454545454545453,0.8142857142857143
1202100,0.7833333333333333,0.6176470588235294,0.6,0.4090909090909091,0.8142857142857143
1202400,0.7666666666666667,0.6176470588235294,0.55,0.4090909090909091,0.8142857142857143
1202700,0.7333333333333333,0.6470588235294118,0.65,0.4090909090909091,0.8142857142857143
1203000,0.75,0.6176470588235294,0.65,0.4090909090909091,0.8142857142857143
1203300,0.8,0.6470588235294118,0.65,0.36363636363636365,0.7857142857142857
1203600,0.7833333333333333,0.6470588235294118,0.65,0.36363636363636365,0.7714285714285715
1203900,0.7833333333333333,0.6470588235294118,0.7,0.45454545454545453,0.7714285714285715
1204200,0.8,0.6764705882352942,0.7,0.45454545454545453,0.7714285714285715
1204500,0.8,0.7058823529411765,0.7,0.5454545454545454,0.8
1204800,0.7833333333333333,0.7058823529411765,0.8,0.6363636363636364,0.7857142857142857
1205100,0.7833333333333333,0.6764705882352942,0.8,0.6363636363636364,0.7857142857142857
1205400,0.7833333333333333,0.6470588235294118,0.75,0.5454545454545454,0.7857142857142857
1205700,0.8333333333333334,0.6470588235294118,0.7,0.5454545454545454,0.7857142857142857
1206000,0.8166666666666667,0.6176470588235294,0.85,0.6363636363636364,0.7571428571428571
1206300,0.8166666666666667,0.6176470588235294,0.85,0.6363636363636364,0.7571428571428571
1206600,0.8166666666666667,0.6470588235294118,0.85,0.6363636363636364,0.7571428571428571
1206900,0.8,0.6470588235294118,0.9,0.6818181818181818,0.7428571428571429
1207200,0.75,0.6470588235294118,0.8,0.7272727272727273,0.7142857142857143
1207500,0.7833333333333333,0.6176470588235294,0.75,0.8636363636363636,0.7
1207800,0.7666666666666667,0.5588235294117647,0.7,0.9090909090909091,0.7
1208100,0.7666666666666667,0.5588235294117647,0.85,0.8636363636363636,0.6857142857142857
1208400,0.8,0.5294117647058824,0.8,0.8636363636363636,0.6571428571428571
1208700,0.8166666666666667,0.5882352941176471,0.85,0.8181818181818182,0.6428571428571429
1209000,0.85,0.38235294117647056,0.9,0.8181818181818182,0.6428571428571429
1209300,0.8666666666666667,0.35294117647058826,0.9,0.8181818181818182,0.6428571428571429
1209600,0.7833333333333333,0.35294117647058826,0.7,0.8636363636363636,0.6285714285714286
1209900,0.0,0.20588235294117646,0.6,0.5454545454545454,0.0
1210200,0.6,0.17647058823529413,0.65,0.5,0.5857142857142857
1210500,0.55,0.029411764705882353,0.55,0.5,0.5857142857142857
1210800,0.5,0.029411764705882353,0.55,0.45454545454545453,0.5714285714285714
1211100,0.5,0.0,0.6,0.4090909090909091,0.5714285714285714
1211400,0.48333333333333334,0.029411764705882353,0.6,0.45454545454545453,0.5714285714285714
1211700,0.4166666666666667,0.029411764705882353,0.55,0.5,0.5714285714285714
1212000,0.4,0.029411764705882353,0.4,0.5454545454545454,0.5714285714285714
1212300,0.4,0.029411764705882353,0.3,0.5909090909090909,0.5571428571428572
1212600,0.3333333333333333,0.0,0.2,0.5909090909090909,0.5428571428571428
1212900,0.38333333333333336,0.058823529411764705,0.1,0.6363636363636364,0.5285714285714286
1213200,0.3333333333333333,0.058823529411764705,0.15,0.6363636363636364,0.5142857142857142
1213500,0.31666666666666665,0.058823529411764705,0.2,0.6818181818181818,0.5
1213800,0.4,0.058823529411764705,0.15,0.6363636363636364,0.5
1214100,0.45,0.11764705882352941,0.05,0.5909090909090909,0.5
1214400,0.45,0.23529411764705882,0.0,0.5909090909090909,0.5
1214700,0.5,0.29411764705882354,0.05,0.5909090909090909,0.4714285714285714
1215000,0.45,0.29411764705882354,0.1,0.5909090909090909,0.4714285714285714
1215300,0.35,0.3235294117647059,0.05,0.5,0.44285714285714284
1215600,0.3,0.2647058823529412,0.2,0.5,0.44285714285714284
1215900,0.3333333333333333,0.3235294117647059,0.15,0.5454545454545454,0.4142857142857143
1216200,0.3,0.3235294117647059,0.3,0.5,0.4
1216500,0.25,0.3235294117647059,0.3,0.5,0.38571428571428573
1216800,0.3,0.3235294117647059,0.35,0.5454545454545454,0.38571428571428573
1217100,0.25,0.3235294117647059,0.35,0.5454545454545454,0.38571428571428573
1217400,0.3,0.4117647058823529,0.45,0.5454545454545454,0.38571428571428573
1217700,0.3,0.4411764705882353,0.5,0.5454545454545454,0.37142857142857144
1218000,0.36666666666666664,0.4117647058823529,0.4,0.5454545454545454,0.37142857142857144
1218300,0.36666666666666664,0.5294117647058824,0.5,0.5909090909090909,0.37142857142857144
1218600,0.31666666666666665,0.5294117647058824,0.4,0.6363636363636364,0.37142857142857144
1218900,0.36666666666666664,0.5588235294117647,0.45,0.6818181818181818,0.37142857142857144
1219200,0.36666666666666664,0.5,0.55,0.5909090909090909,0.37142857142857144
1219500,0.38333333333333336,0.47058823529411764,0.55,0.6818181818181818,0.37142857142857144
1219800,0.38333333333333336,0.5,0.55,0.7272727272727273,0.37142857142857144
1220100,0.4166666666666667,0.47058823529411764,0.55,0.6363636363636364,0.37142857142857144
1220400,0.4166666666666667,0.5,0.55,0.18181818181818182,0.37142857142857144
1220700,0.4,0.5588235294117647,0.6,0.09090909090909091,0.4
1221000,0.4166666666666667,0.5588235294117647,0.7,0.09090909090909091,0.4
1221300,0.43333333333333335,0.6176470588235294,0.75,0.09090909090909091,0.4
1221600,0.4166666666666667,0.6176470588235294,0.8,0.13636363636363635,0.38571428571428573
1221900,0.4,0.5882352941176471,0.8,0.13636363636363635,0.38571428571428573
1222200,0.36666666666666664,0.5588235294117647,0.75,0.13636363636363635,0.38571428571428573
1222500,0.35,0.5294117647058824,0.8,0.18181818181818182,0.38571428571428573
1222800,0.35,0.5588235294117647,0.75,0.18181818181818182,0.38571428571428573
1223100,0.3,0.5588235294117647,0.75,0.18181818181818182,0.38571428571428573
1223400,0.36666666666666664,0.5588235294117647,0.7,0.18181818181818182,0.38571428571428573
1223700,0.38333333333333336,0.5882352941176471,0.8,0.18181818181818182,0.38571428571428573
1224000,0.4,0.5882352941176471,0.8,0.18181818181818182,0.38571428571428573
1224300,0.4166666666666667,0.5882352941176471,0.8,0.13636363636363635,0.38571428571428573
1224600,0.4166666666666667,0.5,0.7,0.13636363636363635,0.38571428571428573
1224900,0.45,0.5588235294117647,0.65,0.13636363636363635,0.38571428571428573
1225200,0.36666666666666664,0.6176470588235294,0.6,0.18181818181818182,0.38571428571428573
1225500,0.36666666666666664,0.6470588235294118,0.5,0.18181818181818182,0.38571428571428573
1225800,0.43333333333333335,0.6176470588235294,0.6,0.18181818181818182,0.37142857142857144
1226100,0.43333333333333335,0.6176470588235294,0.55,0.09090909090909091,0.37142857142857144
1226400,0.4666666666666667,0.6176470588235294,0.5,0.09090909090909091,0.37142857142857144
1226700,0.38333333333333336,0.6176470588235294,0.5,0.18181818181818182,0.37142857142857144
1227000,0.4166666666666667,0.6176470588235294,0.45,0.22727272727272727,0.37142857142857144
1227300,0.43333333333333335,0.5588235294117647,0.45,0.2727272727272727,0.37142857142857144
1227600,0.4166666666666667,0.5294117647058824,0.5,0.3181818181818182,0.37142857142857144
1227900,0.38333333333333336,0.5294117647058824,0.6,0.4090909090909091,0.37142857142857144
1228200,0.38333333333333336,0.5,0.6,0.4090909090909091,0.37142857142857144
1228500,0.43333333333333335,0.5294117647058824,0.35,0.5454545454545454,0.37142857142857144
1228800,0.5,0.5294117647058824,0.4,0.6818181818181818,0.37142857142857144
1229100,0.45,0.5,0.4,0.7272727272727273,0.37142857142857144
1229400,0.43333333333333335,0.5588235294117647,0.5,0.7272727272727273,0.37142857142857144
1229700,0.36666666666666664,0.47058823529411764,0.5,0.8181818181818182,0.37142857142857144
1230000,0.31666666666666665,0.5,0.5,0.7272727272727273,0.37142857142857144
1230300,0.26666666666666666,0.4117647058823529,0.6,0.5909090909090909,0.37142857142857144
1230600,0.21666666666666667,0.4411764705882353,0.5,0.5,0.37142857142857144
1230900,0.26666666666666666,0.38235294117647056,0.5,0.45454545454545453,0.37142857142857144
1231200,0.2833333333333333,0.35294117647058826,0.55,0.45454545454545453,0.37142857142857144
1231500,0.2,0.35294117647058826,0.55,0.45454545454545453,0.37142857142857144
1231800,0.06666666666666667,0.35294117647058826,0.65,0.3181818181818182,0.4
1232100,0.06666666666666667,0.3235294117647059,0.65,0.3181818181818182,0.4
1232400,0.08333333333333333,0.2647058823529412,0.65,0.36363636363636365,0.4
1232700,0.05,0.17647058823529413,0.65,0.4090909090909091,0.4
1233000,0.03333333333333333,0.20588235294117646,0.65,0.36363636363636365,0.4
1233300,0.05,0.058823529411764705,0.6,0.3181818181818182,0.4142857142857143
1233600,0.1,0.11764705882352941,0.7,0.3181818181818182,0.4142857142857143
1233900,0.11666666666666667,0.058823529411764705,0.7,0.3181818181818182,0.4142857142857143
1234200,0.1,0.08823529411764706,0.7,0.36363636363636365,0.44285714285714284
1234500,0.13333333333333333,0.14705882352941177,0.7,0.36363636363636365,0.45714285714285713
1234800,0.13333333333333333,0.11764705882352941,0.55,0.3181818181818182,0.5142857142857142
1235100,0.16666666666666666,0.14705882352941177,0.6,0.36363636363636365,0.5428571428571428
1235400,0.2,0.23529411764705882,0.7,0.4090909090909091,0.5714285714285714
1235700,0.23333333333333334,0.20588235294117646,0.6,0.45454545454545453,0.5714285714285714
1236000,0.2,0.29411764705882354,0.7,0.45454545454545453,0.5857142857142857
1236300,0.23333333333333334,0.20588235294117646,0.6,0.45454545454545453,0.5857142857142857
1236600,0.13333333333333333,0.23529411764705882,0.6,0.36363636363636365,0.5857142857142857
1236900,0.11666666666666667,0.14705882352941177,0.8,0.4090909090909091,0.5857142857142857
1237200,0.11666666666666667,0.20588235294117646,0.8,0.45454545454545453,0.6285714285714286
1237500,0.13333333333333333,0.20588235294117646,0.8,0.36363636363636365,0.6285714285714286
1237800,0.18333333333333332,0.17647058823529413,0.75,0.36363636363636365,0.6571428571428571
1238100,0.25,0.29411764705882354,0.8,0.36363636363636365,0.6714285714285714
1238400,0.3333333333333333,0.3235294117647059,0.8,0.2727272727272727,0.7428571428571429
1238700,0.0,0.0,0.0,0.0,0.0
1239000,0.48333333333333334,0.5,0.95,0.2727272727272727,0.7714285714285715
1239300,0.6,0.5294117647058824,0.95,0.2727272727272727,0.7857142857142857
1239600,0.65,0.5294117647058824,0.9,0.3181818181818182,0.7857142857142857
1239900,0.7166666666666667,0.6764705882352942,0.95,0.45454545454545453,0.8
1240200,0.7666666666666667,0.7352941176470589,0.9,0.5,0.8
1240500,0.75,0.7352941176470589,0.7,0.5,0.8142857142857143
1240800,0.75,0.7647058823529411,0.8,0.5909090909090909,0.8285714285714286
1241100,0.75,0.7941176470588235,0.85,0.6363636363636364,0.8571428571428571
1241400,0.8166666666666667,0.8235294117647058,0.65,0.6363636363636364,0.8571428571428571
1241700,0.8333333333333334,0.8235294117647058,0.6,0.6363636363636364,0.8571428571428571
1242000,0.85,0.8235294117647058,0.8,0.6818181818181818,0.8857142857142857
1242300,0.8833333333333333,0.8529411764705882,0.85,0.6818181818181818,0.8857142857142857
1242600,0.9,0.8235294117647058,0.95,0.6363636363636364,0.9
1242900,0.85,0.8529411764705882,0.75,0.5454545454545454,0.9
1243200,0.8166666666666667,0.8529411764705882,0.8,0.5909090909090909,0.8714285714285714
1243500,0.8,0.8529411764705882,0.75,0.5454545454545454,0.8714285714285714
1243800,0.75,0.8235294117647058,0.75,0.6363636363636364,0.8714285714285714
1244100,0.75,0.8529411764705882,0.65,0.7272727272727273,0.8571428571428571
1244400,0.7666666666666667,0.8823529411764706,0.75,0.7727272727272727,0.8571428571428571
1244700,0.7833333333333333,0.9117647058823529,0.75,0.8181818181818182,0.8714285714285714
1245000,0.8,0.9411764705882353,0.85,0.7272727272727273,0.8857142857142857
1245300,0.7833333333333333,0.9411764705882353,0.8,0.7727272727272727,0.9
1245600,0.8166666666666667,0.9411764705882353,0.9,0.7727272727272727,0.8857142857142857
1245900,0.0,0.0,0.0,0.0,0.0
1246200,0.8666666666666667,0.9117647058823529,0.95,0.8181818181818182,0.8857142857142857
1246500,0.9,0.9117647058823529,0.95,0.8636363636363636,0.8714285714285714
1246800,0.9166666666666666,0.9411764705882353,0.9,0.9090909090909091,0.8428571428571429
1247100,0.9333333333333333,0.9411764705882353,0.95,0.9090909090909091,0.8285714285714286
1247400,0.9333333333333333,0.9117647058823529,0.85,0.9090909090909091,0.8285714285714286
1247700,0.9333333333333333,0.8529411764705882,0.95,0.9545454545454546,0.8142857142857143
1248000,0.9333333333333333,0.8235294117647058,0.95,0.9545454545454546,0.8142857142857143
1248300,0.9333333333333333,0.8235294117647058,0.95,0.9545454545454546,0.8285714285714286
1248600,0.9333333333333333,0.8235294117647058,0.95,0.9545454545454546,0.8285714285714286
1248900,0.9333333333333333,0.8823529411764706,0.85,0.9545454545454546,0.8285714285714286
1249200,0.9333333333333333,0.8823529411764706,0.85,0.9545454545454546,0.8285714285714286
1249500,0.9666666666666667,0.8823529411764706,0.8,0.9545454545454546,0.8285714285714286
1249800,0.9666666666666667,0.8823529411764706,0.8,0.9090909090909091,0.8285714285714286
1250100,0.9666666666666667,0.8823529411764706,0.8,0.9090909090909091,0.8285714285714286
1250400,0.9666666666666667,0.8823529411764706,0.85,0.8636363636363636,0.8285714285714286
1250700,0.9666666666666667,0.8823529411764706,0.85,0.8636363636363636,0.8285714285714286
1251000,0.95,0.8823529411764706,0.9,0.9090909090909091,0.8
1251300,0.95,0.8823529411764706,0.9,0.9090909090909091,0.8
1251600,0.9,0.9411764705882353,0.85,0.9090909090909091,0.7714285714285715
1251900,0.9,0.9411764705882353,0.85,0.8636363636363636,0.7714285714285715
1252200,0.9,0.9411764705882353,0.85,0.8636363636363636,0.7714285714285715
1252500,0.8833333333333333,0.9705882352941176,0.95,0.8636363636363636,0.7714285714285715
1252800,0.8833333333333333,0.9411764705882353,0.95,0.7727272727272727,0.7571428571428571
1253100,0.8,0.8823529411764706,0.8,0.7727272727272727,0.7428571428571429
1253400,0.7166666666666667,0.8823529411764706,0.85,0.7272727272727273,0.6857142857142857
1253700,0.6666666666666666,0.8823529411764706,0.7,0.6818181818181818,0.6857142857142857
1254000,0.6666666666666666,0.8235294117647058,0.75,0.6818181818181818,0.6571428571428571
1254300,0.65,0.7941176470588235,0.7,0.5454545454545454,0.6
1254600,0.6333333333333333,0.8235294117647058,0.6,0.5909090909090909,0.6
1254900,0.6166666666666667,0.8235294117647058,0.6,0.5454545454545454,0.6142857142857143
1255200,0.6,0.7941176470588235,0.65,0.5454545454545454,0.6142857142857143
1255500,0.5833333333333334,0.8235294117647058,0.6,0.5454545454545454,0.6142857142857143
1255800,0.6,0.7647058823529411,0.75,0.5454545454545454,0.6142857142857143
1256100,0.6166666666666667,0.7647058823529411,0.65,0.5454545454545454,0.5714285714285714
1256400,0.5833333333333334,0.6764705882352942,0.8,0.5,0.5571428571428572
1256700,0.6,0.5882352941176471,0.8,0.5,0.5571428571428572
1257000,0.6166666666666667,0.5588235294117647,0.75,0.5,0.5571428571428572
1257300,0.6333333333333333,0.5,0.75,0.5,0.5571428571428572
1257600,0.6833333333333333,0.47058823529411764,0.7,0.45454545454545453,0.5285714285714286
1257900,0.7166666666666667,0.47058823529411764,0.7,0.5,0.5285714285714286
1258200,0.6833333333333333,0.5,0.75,0.5,0.5428571428571428
1258500,0.6833333333333333,0.5,0.75,0.5,0.5571428571428572
1258800,0.7,0.4411764705882353,0.85,0.5454545454545454,0.5714285714285714
1259100,0.7166666666666667,0.4411764705882353,0.85,0.5909090909090909,0.5857142857142857
1259400,0.75,0.5,0.8,0.5909090909090909,0.6
1259700,0.75,0.5588235294117647,0.75,0.5909090909090909,0.6142857142857143
1260000,0.8,0.5588235294117647,0.75,0.6363636363636364,0.6571428571428571
1260300,0.8333333333333334,0.6176470588235294,0.8,0.6818181818181818,0.6571428571428571
1260600,0.8833333333333333,0.6176470588235294,0.8,0.7727272727272727,0.7
1260900,0.9,0.7352941176470589,0.85,0.7272727272727273,0.7285714285714285
1261200,0.9,0.7352941176470589,0.85,0.7272727272727273,0.7428571428571429
1261500,0.9166666666666666,0.7941176470588235,0.8,0.6818181818181818,0.7285714285714285
1261800,0.9333333333333333,0.8235294117647058,0.85,0.6818181818181818,0.7857142857142857
1262100,0.95,0.8235294117647058,0.8,0.7272727272727273,0.8
1262400,0.95,0.7941176470588235,0.85,0.7272727272727273,0.7857142857142857
1262700,0.9333333333333333,0.8235294117647058,0.9,0.7727272727272727,0.8
1263000,0.9333333333333333,0.8235294117647058,0.9,0.7727272727272727,0.7857142857142857
1263300,0.95,0.8529411764705882,0.9,0.7727272727272727,0.7714285714285715
1263600,0.95,0.8529411764705882,0.85,0.8181818181818182,0.7571428571428571
1263900,0.9666666666666667,0.9117647058823529,0.7,0.8181818181818182,0.7571428571428571
1264200,0.9666666666666667,0.9117647058823529,0.85,0.8181818181818182,0.7714285714285715
1264500,0.9666666666666667,0.9117647058823529,0.9,0.8181818181818182,0.7857142857142857
1264800,0.9666666666666667,0.9117647058823529,0.7,0.8181818181818182,0.7857142857142857
1265100,0.9166666666666666,0.9117647058823529,0.9,0.8181818181818182,0.8
1265400,0.9,0.9117647058823529,0.9,0.8181818181818182,0.8
1265700,0.9333333333333333,0.8823529411764706,0.9,0.9090909090909091,0.7714285714285715
1266000,0.9333333333333333,0.8823529411764706,0.9,0.9090909090909091,0.8142857142857143
1266300,0.9333333333333333,0.8823529411764706,0.9,0.9090909090909091,0.8142857142857143
1266600,0.95,0.8823529411764706,0.9,0.9090909090909091,0.8142857142857143
1266900,0.95,0.8823529411764706,0.9,0.8636363636363636,0.8285714285714286
1267200,0.9666666666666667,0.8823529411764706,0.9,0.7727272727272727,0.8285714285714286
1267500,0.0,0.0,0.0,0.0,0.0
1267800,0.9833333333333333,0.9411764705882353,0.85,0.7727272727272727,0.8142857142857143
1268100,0.9666666666666667,0.9705882352941176,0.8,0.7272727272727273,0.8142857142857143
1268400,0.95,0.9705882352941176,0.85,0.7272727272727273,0.8142857142857143
1268700,0.95,0.9705882352941176,0.85,0.7727272727272727,0.8285714285714286
1269000,0.95,0.9705882352941176,0.85,0.7727272727272727,0.8142857142857143
1269300,0.95,0.9705882352941176,0.85,0.7272727272727273,0.8
1269600,0.9666666666666667,0.9705882352941176,0.85,0.6818181818181818,0.8
1269900,0.9666666666666667,0.9705882352941176,0.85,0.6818181818181818,0.7857142857142857
1270200,0.9666666666666667,0.9705882352941176,0.75,0.6818181818181818,0.7714285714285715
1270500,0.9333333333333333,0.9705882352941176,0.65,0.7272727272727273,0.7857142857142857
1270800,0.9333333333333333,0.9705882352941176,0.7,0.7272727272727273,0.8
1271100,0.9333333333333333,0.9705882352941176,0.75,0.7272727272727273,0.8285714285714286
1271400,0.9166666666666666,0.9705882352941176,0.65,0.8636363636363636,0.8428571428571429
1271700,0.9,0.9705882352941176,0.7,0.8181818181818182,0.8571428571428571
1272000,0.9166666666666666,0.9705882352941176,0.7,0.7272727272727273,0.8571428571428571
1272300,0.9,0.9411764705882353,0.75,0.7272727272727273,0.8428571428571429
1272600,0.8833333333333333,0.9411764705882353,0.8,0.7727272727272727,0.8428571428571429
1272900,0.9166666666666666,0.9411764705882353,0.8,0.7727272727272727,0.8285714285714286
1273200,0.9166666666666666,0.9117647058823529,0.75,0.7727272727272727,0.8285714285714286
1273500,0.9333333333333333,0.9117647058823529,0.75,0.7727272727272727,0.8428571428571429
1273800,0.9333333333333333,0.9117647058823529,0.8,0.7727272727272727,0.8428571428571429
1274100,0.9333333333333333,0.9117647058823529,0.8,0.8181818181818182,0.8285714285714286
1274400,0.95,0.8823529411764706,0.8,0.8636363636363636,0.8285714285714286
1274700,0.9666666666666667,0.8823529411764706,0.65,0.8636363636363636,0.8285714285714286
1275000,0.9666666666666667,0.8529411764705882,0.7,0.8636363636363636,0.8285714285714286
1275300,0.9666666666666667,0.8529411764705882,0.85,0.8636363636363636,0.8428571428571429
1275600,0.9833333333333333,0.8529411764705882,0.8,0.8636363636363636,0.8285714285714286
1275900,0.9833333333333333,0.8529411764705882,0.8,0.8181818181818182,0.8285714285714286
1276200,0.9833333333333333,0.8235294117647058,0.8,0.8181818181818182,0.8285714285714286
1276500,1.0,0.8235294117647058,0.8,0.8181818181818182,0.8285714285714286
1276800,1.0,0.8235294117647058,0.8,0.8181818181818182,0.8285714285714286
1277100,1.0,0.8235294117647058,0.9,0.8181818181818182,0.8142857142857143
1277400,1.0,0.8235294117647058,0.95,0.7272727272727273,0.8142857142857143
1277700,0.9833333333333333,0.8235294117647058,1.0,0.7272727272727273,0.8
1278000,0.9833333333333333,0.8235294117647058,1.0,0.7272727272727273,0.8
1278300,0.9,0.8235294117647058,0.8,0.6818181818181818,0.7857142857142857
1278600,0.8666666666666667,0.8823529411764706,0.75,0.6818181818181818,0.7714285714285715
1278900,0.8666666666666667,0.8823529411764706,0.8,0.7272727272727273,0.7714285714285715
1279200,0.8833333333333333,0.8529411764705882,0.8,0.7272727272727273,0.7428571428571429
1279500,0.8666666666666667,0.8529411764705882,0.7,0.7272727272727273,0.7428571428571429
1279800,0.8666666666666667,0.7941176470588235,0.7,0.7272727272727273,0.7285714285714285
1280100,0.8666666666666667,0.7647058823529411,0.65,0.6818181818181818,0.7285714285714285
1280400,0.8666666666666667,0.7941176470588235,0.55,0.5454545454545454,0.7142857142857143
1280700,0.8333333333333334,0.7941176470588235,0.6,0.4090909090909091,0.7142857142857143
1281000,0.8166666666666667,0.7941176470588235,0.5,0.36363636363636365,0.7
1281300,0.7833333333333333,0.7647058823529411,0.7,0.5,0.6714285714285714
1281600,0.7833333333333333,0.7647058823529411,0.65,0.4090909090909091,0.6571428571428571
1281900,0.7833333333333333,0.7352941176470589,0.75,0.45454545454545453,0.6571428571428571
1282200,0.7833333333333333,0.7058823529411765,0.7,0.45454545454545453,0.6285714285714286
1282500,0.7666666666666667,0.6470588235294118,0.9,0.4090909090909091,0.6285714285714286
1282800,0.7666666666666667,0.6470588235294118,0.85,0.36363636363636365,0.6142857142857143
1283100,0.75,0.6764705882352942,0.75,0.36363636363636365,0.5714285714285714
1283400,0.75,0.6764705882352942,0.85,0.36363636363636365,0.5857142857142857
1283700,0.7333333333333333,0.6764705882352942,0.85,0.3181818181818182,0.6
1284000,0.7666666666666667,0.6764705882352942,0.7,0.4090909090909091,0.5714285714285714
1284300,0.7666666666666667,0.6176470588235294,0.7,0.3181818181818182,0.5714285714285714
1284600,0.75,0.6176470588235294,0.7,0.36363636363636365,0.6142857142857143
1284900,0.7666666666666667,0.6764705882352942,0.75,0.45454545454545453,0.5857142857142857
1285200,0.7833333333333333,0.7058823529411765,0.7,0.4090909090909091,0.5714285714285714
1285500,0.8166666666666667,0.7058823529411765,0.7,0.45454545454545453,0.5714285714285714
1285800,0.8333333333333334,0.7058823529411765,0.8,0.5,0.5714285714285714
1286100,0.7833333333333333,0.6764705882352942,0.8,0.6363636363636364,0.5714285714285714
1286400,0.7666666666666667,0.6470588235294118,0.75,0.6818181818181818,0.5714285714285714
1286700,0.7833333333333333,0.5882352941176471,0.8,0.7727272727272727,0.5571428571428572
1287000,0.7833333333333333,0.5,0.9,0.7727272727272727,0.5571428571428572
1287300,0.8333333333333334,0.6176470588235294,0.9,0.7727272727272727,0.5571428571428572
1287600,0.8,0.5882352941176471,0.9,0.7727272727272727,0.6142857142857143
1287900,0.8,0.4117647058823529,0.85,0.7727272727272727,0.6
1288200,0.8,0.38235294117647056,0.65,0.7272727272727273,0.6428571428571429
1288500,0.85,0.38235294117647056,0.65,0.7272727272727273,0.6571428571428571
1288800,0.85,0.47058823529411764,0.7,0.7272727272727273,0.6714285714285714
1289100,0.8666666666666667,0.4411764705882353,0.8,0.6818181818181818,0.6857142857142857
1289400,0.85,0.47058823529411764,0.7,0.6818181818181818,0.7
1289700,0.8833333333333333,0.5,0.7,0.6818181818181818,0.7285714285714285
1290000,0.9,0.5294117647058824,0.65,0.7272727272727273,0.7285714285714285
1290300,0.8833333333333333,0.5294117647058824,0.7,0.6818181818181818,0.8
1290600,0.8666666666666667,0.5294117647058824,0.7,0.6818181818181818,0.7857142857142857
1290900,0.8666666666666667,0.5882352941176471,0.6,0.7272727272727273,0.7571428571428571
1291200,0.8333333333333334,0.5588235294117647,0.6,0.6818181818181818,0.7857142857142857
1291500,0.8,0.5294117647058824,0.6,0.6818181818181818,0.7571428571428571
1291800,0.7833333333333333,0.5294117647058824,0.5,0.6818181818181818,0.7428571428571429
1292100,0.8,0.5588235294117647,0.5,0.7727272727272727,0.7428571428571429
1292400,0.7833333333333333,0.4411764705882353,0.45,0.6818181818181818,0.7428571428571429
1292700,0.7666666666666667,0.38235294117647056,0.5,0.6363636363636364,0.7142857142857143
1293000,0.7666666666666667,0.35294117647058826,0.55,0.6818181818181818,0.6857142857142857
1293300,0.7833333333333333,0.35294117647058826,0.7,0.5909090909090909,0.6714285714285714
1293600,0.75,0.38235294117647056,0.65,0.5909090909090909,0.6714285714285714
1293900,0.75,0.38235294117647056,0.55,0.6363636363636364,0.6285714285714286
1294200,0.75,0.3235294117647059,0.6,0.6818181818181818,0.6285714285714286
1294500,0.7333333333333333,0.35294117647058826,0.8,0.5454545454545454,0.6285714285714286
1294800,0.7,0.29411764705882354,0.75,0.5454545454545454,0.6
1295100,0.7166666666666667,0.35294117647058826,0.65,0.5,0.6
1295400,0.75,0.35294117647058826,0.65,0.5454545454545454,0.5857142857142857
1295700,0.75,0.38235294117647056,0.65,0.5454545454545454,0.5428571428571428
1296000,0.6833333333333333,0.35294117647058826,0.65,0.5,0.5285714285714286
1296300,0.5,0.35294117647058826,0.65,0.4090909090909091,0.5142857142857142
1296600,0.36666666666666664,0.11764705882352941,0.5,0.2727272727272727,0.4857142857142857
1296900,0.26666666666666666,0.11764705882352941,0.4,0.3181818181818182,0.44285714285714284
1297200,0.23333333333333334,0.20588235294117646,0.55,0.2727272727272727,0.42857142857142855
1297500,0.21666666666666667,0.11764705882352941,0.55,0.3181818181818182,0.4142857142857143
1297800,0.13333333333333333,0.058823529411764705,0.45,0.36363636363636365,0.4142857142857143
1298100,0.11666666666666667,0.029411764705882353,0.5,0.3181818181818182,0.4142857142857143
1298400,0.1,0.029411764705882353,0.45,0.36363636363636365,0.38571428571428573
1298700,0.03333333333333333,0.029411764705882353,0.35,0.22727272727272727,0.38571428571428573
1299000,0.05,0.029411764705882353,0.4,0.22727272727272727,0.37142857142857144
1299300,0.05,0.058823529411764705,0.3,0.2727272727272727,0.34285714285714286
1299600,0.1,0.0,0.3,0.22727272727272727,0.32857142857142857
1299900,0.18333333333333332,0.0,0.1,0.22727272727272727,0.32857142857142857
1300200,0.3333333333333333,0.029411764705882353,0.15,0.22727272727272727,0.3142857142857143
1300500,0.4,0.029411764705882353,0.2,0.22727272727272727,0.3
1300800,0.4166666666666667,0.08823529411764706,0.2,0.22727272727272727,0.3
1301100,0.36666666666666664,0.029411764705882353,0.2,0.2727272727272727,0.3142857142857143
1301400,0.31666666666666665,0.058823529411764705,0.15,0.2727272727272727,0.3
1301700,0.2833333333333333,0.029411764705882353,0.25,0.36363636363636365,0.2857142857142857
1302000,0.3,0.029411764705882353,0.3,0.36363636363636365,0.2857142857142857
1302300,0.31666666666666665,0.029411764705882353,0.25,0.36363636363636365,0.24285714285714285
1302600,0.3,0.08823529411764706,0.35,0.4090909090909091,0.24285714285714285
1302900,0.36666666666666664,0.058823529411764705,0.35,0.4090909090909091,0.22857142857142856
1303200,0.3333333333333333,0.029411764705882353,0.25,0.4090909090909091,0.22857142857142856
1303500,0.26666666666666666,0.029411764705882353,0.3,0.45454545454545453,0.24285714285714285
1303800,0.25,0.0,0.35,0.4090909090909091,0.24285714285714285
1304100,0.3,0.0,0.4,0.4090909090909091,0.24285714285714285
1304400,0.31666666666666665,0.08823529411764706,0.45,0.45454545454545453,0.2571428571428571
1304700,0.36666666666666664,0.029411764705882353,0.5,0.5909090909090909,0.2571428571428571
1305000,0.36666666666666664,0.11764705882352941,0.6,0.5909090909090909,0.2571428571428571
1305300,0.45,0.20588235294117646,0.6,0.5909090909090909,0.2571428571428571
1305600,0.48333333333333334,0.29411764705882354,0.6,0.45454545454545453,0.2571428571428571
1305900,0.48333333333333334,0.35294117647058826,0.65,0.2727272727272727,0.2571428571428571
1306200,0.5166666666666667,0.29411764705882354,0.6,0.3181818181818182,0.2571428571428571
1306500,0.5166666666666667,0.29411764705882354,0.6,0.4090909090909091,0.2571428571428571
1306800,0.5333333333333333,0.3235294117647059,0.6,0.2727272727272727,0.24285714285714285
1307100,0.5666666666666667,0.35294117647058826,0.6,0.22727272727272727,0.24285714285714285
1307400,0.5833333333333334,0.4117647058823529,0.6,0.09090909090909091,0.24285714285714285
1307700,0.5666666666666667,0.38235294117647056,0.7,0.09090909090909091,0.22857142857142856
1308000,0.48333333333333334,0.38235294117647056,0.6,0.09090909090909091,0.22857142857142856
1308300,0.5,0.4117647058823529,0.65,0.09090909090909091,0.22857142857142856
1308600,0.5166666666666667,0.38235294117647056,0.65,0.09090909090909091,0.22857142857142856
1308900,0.4666666666666667,0.35294117647058826,0.65,0.09090909090909091,0.22857142857142856
1309200,0.43333333333333335,0.4411764705882353,0.65,0.09090909090909091,0.22857142857142856
1309500,0.43333333333333335,0.4411764705882353,0.6,0.13636363636363635,0.22857142857142856
1309800,0.43333333333333335,0.4117647058823529,0.5,0.13636363636363635,0.21428571428571427
1310100,0.4166666666666667,0.35294117647058826,0.4,0.13636363636363635,0.21428571428571427
1310400,0.4,0.35294117647058826,0.45,0.13636363636363635,0.21428571428571427
1310700,0.0,0.0,0.0,0.0,0.0
1311000,0.31666666666666665,0.38235294117647056,0.45,0.13636363636363635,0.21428571428571427
1311300,0.2833333333333333,0.29411764705882354,0.25,0.13636363636363635,0.21428571428571427
1311600,0.23333333333333334,0.29411764705882354,0.4,0.13636363636363635,0.21428571428571427
1311900,0.23333333333333334,0.2647058823529412,0.35,0.13636363636363635,0.21428571428571427
1312200,0.16666666666666666,0.23529411764705882,0.4,0.13636363636363635,0.21428571428571427
1312500,0.16666666666666666,0.29411764705882354,0.4,0.045454545454545456,0.21428571428571427
1312800,0.25,0.29411764705882354,0.45,0.045454545454545456,0.21428571428571427
1313100,0.26666666666666666,0.29411764705882354,0.45,0.09090909090909091,0.21428571428571427
1313400,0.26666666666666666,0.29411764705882354,0.4,0.18181818181818182,0.21428571428571427
1313700,0.25,0.3235294117647059,0.35,0.2727272727272727,0.21428571428571427
1314000,0.26666666666666666,0.4117647058823529,0.35,0.5,0.21428571428571427
1314300,0.26666666666666666,0.4117647058823529,0.35,0.4090909090909091,0.21428571428571427
1314600,0.23333333333333334,0.4117647058823529,0.45,0.4090909090909091,0.21428571428571427
1314900,0.2,0.4411764705882353,0.5,0.4090909090909091,0.21428571428571427
1315200,0.25,0.4411764705882353,0.45,0.45454545454545453,0.21428571428571427
1315500,0.15,0.35294117647058826,0.3,0.5909090909090909,0.22857142857142856
1315800,0.18333333333333332,0.2647058823529412,0.4,0.5454545454545454,0.22857142857142856
1316100,0.08333333333333333,0.2647058823529412,0.35,0.5,0.22857142857142856
1316400,0.1,0.29411764705882354,0.45,0.5,0.22857142857142856
1316700,0.08333333333333333,0.29411764705882354,0.45,0.5,0.21428571428571427
1317000,0.15,0.23529411764705882,0.45,0.45454545454545453,0.21428571428571427
1317300,0.08333333333333333,0.2647058823529412,0.55,0.45454545454545453,0.22857142857142856
1317600,0.13333333333333333,0.20588235294117646,0.5,0.45454545454545453,0.21428571428571427
1317900,0.13333333333333333,0.23529411764705882,0.5,0.5454545454545454,0.21428571428571427
1318200,0.15,0.20588235294117646,0.4,0.5909090909090909,0.22857142857142856
1318500,0.1,0.17647058823529413,0.45,0.5,0.24285714285714285
1318800,0.13333333333333333,0.23529411764705882,0.45,0.5909090909090909,0.24285714285714285
1319100,0.16666666666666666,0.17647058823529413,0.6,0.5909090909090909,0.24285714285714285
1319400,0.13333333333333333,0.11764705882352941,0.6,0.5909090909090909,0.24285714285714285
1319700,0.11666666666666667,0.14705882352941177,0.55,0.5909090909090909,0.24285714285714285
1320000,0.18333333333333332,0.14705882352941177,0.55,0.5454545454545454,0.2571428571428571
1320300,0.21666666666666667,0.20588235294117646,0.5,0.5454545454545454,0.2571428571428571
1320600,0.25,0.17647058823529413,0.55,0.5,0.24285714285714285
1320900,0.23333333333333334,0.17647058823529413,0.5,0.5,0.24285714285714285
1321200,0.25,0.23529411764705882,0.5,0.4090909090909091,0.2714285714285714
1321500,0.21666666666666667,0.2647058823529412,0.6,0.36363636363636365,0.2571428571428571
1321800,0.25,0.20588235294117646,0.7,0.2727272727272727,0.2714285714285714
1322100,0.25,0.29411764705882354,0.7,0.2727272727272727,0.2857142857142857
1322400,0.21666666666666667,0.35294117647058826,0.75,0.3181818181818182,0.3
1322700,0.21666666666666667,0.38235294117647056,0.75,0.36363636363636365,0.3142857142857143
1323000,0.26666666666666666,0.38235294117647056,0.75,0.5,0.32857142857142857
1323300,0.26666666666666666,0.38235294117647056,0.75,0.5,0.35714285714285715
1323600,0.25,0.38235294117647056,0.7,0.5,0.35714285714285715
1323900,0.26666666666666666,0.4411764705882353,0.7,0.5454545454545454,0.35714285714285715
1324200,0.3333333333333333,0.47058823529411764,0.65,0.5454545454545454,0.38571428571428573
1324500,0.36666666666666664,0.47058823529411764,0.65,0.5454545454545454,0.44285714285714284
1324800,0.36666666666666664,0.5294117647058824,0.65,0.5454545454545454,0.4857142857142857
1325100,0.0,0.0,0.0,0.0,0.0
1325400,0.48333333333333334,0.6470588235294118,0.75,0.6363636363636364,0.6
1325700,0.5166666666666667,0.6764705882352942,0.75,0.6818181818181818,0.6285714285714286
1326000,0.55,0.6764705882352942,0.75,0.6818181818181818,0.6714285714285714
1326300,0.6166666666666667,0.7647058823529411,0.75,0.6818181818181818,0.6714285714285714
1326600,0.65,0.7941176470588235,0.75,0.7272727272727273,0.6714285714285714
1326900,0.6833333333333333,0.8823529411764706,0.75,0.7727272727272727,0.6714285714285714
1327200,0.6666666666666666,0.8823529411764706,0.8,0.7272727272727273,0.6714285714285714
1327500,0.7166666666666667,0.8823529411764706,0.75,0.7727272727272727,0.6571428571428571
1327800,0.75,0.8235294117647058,0.7,0.7727272727272727,0.6285714285714286
1328100,0.7833333333333333,0.7941176470588235,0.75,0.6818181818181818,0.6428571428571429
1328400,0.7833333333333333,0.7941176470588235,0.75,0.7272727272727273,0.6428571428571429
1328700,0.8,0.7941176470588235,0.8,0.7727272727272727,0.6428571428571429
1329000,0.8333333333333334,0.7352941176470589,0.7,0.8181818181818182,0.6714285714285714
1329300,0.8666666666666667,0.7647058823529411,0.7,0.7727272727272727,0.6857142857142857
1329600,0.8333333333333334,0.7647058823529411,0.75,0.7272727272727273,0.6714285714285714
1329900,0.8333333333333334,0.7352941176470589,0.75,0.7272727272727273,0.6714285714285714
1330200,0.8333333333333334,0.7647058823529411,0.75,0.7272727272727273,0.6714285714285714
1330500,0.8166666666666667,0.7352941176470589,0.7,0.7272727272727273,0.6714285714285714
1330800,0.8166666666666667,0.6470588235294118,0.75,0.7727272727272727,0.6714285714285714
1331100,0.8,0.6764705882352942,0.8,0.7727272727272727,0.6857142857142857
1331400,0.8,0.6764705882352942,0.8,0.8181818181818182,0.7
1331700,0.8,0.7058823529411765,0.85,0.7727272727272727,0.7142857142857143
1332000,0.8333333333333334,0.7941176470588235,0.85,0.8181818181818182,0.7285714285714285
1332300,0.85,0.8235294117647058,0.8,0.7727272727272727,0.7285714285714285
1332600,0.8333333333333334,0.8235294117647058,0.85,0.7272727272727273,0.7428571428571429
1332900,0.8666666666666667,0.8823529411764706,0.85,0.6363636363636364,0.7428571428571429
1333200,0.8833333333333333,0.8823529411764706,0.85,0.6818181818181818,0.7428571428571429
1333500,0.8833333333333333,0.8823529411764706,0.8,0.6818181818181818,0.7571428571428571
1333800,0.8833333333333333,0.8823529411764706,0.8,0.6818181818181818,0.7571428571428571
1334100,0.8833333333333333,0.9117647058823529,0.75,0.7272727272727273,0.7428571428571429
1334400,0.8833333333333333,0.9117647058823529,0.75,0.7272727272727273,0.7
1334700,0.9,0.9411764705882353,0.8,0.6818181818181818,0.7
1335000,0.9333333333333333,0.9411764705882353,0.8,0.7272727272727273,0.7
1335300,0.95,0.9117647058823529,0.8,0.7727272727272727,0.7
1335600,0.9333333333333333,0.9117647058823529,0.8,0.7272727272727273,0.7285714285714285
1335900,0.9333333333333333,0.9117647058823529,0.8,0.7727272727272727,0.7285714285714285
1336200,0.9333333333333333,0.9117647058823529,0.85,0.8181818181818182,0.7285714285714285
1336500,0.95,1.0,0.9,0.8181818181818182,0.7142857142857143
1336800,0.9333333333333333,1.0,0.85,0.8181818181818182,0.7428571428571429
1337100,0.9333333333333333,1.0,0.7,0.8181818181818182,0.7285714285714285
1337400,0.95,1.0,0.9,0.8636363636363636,0.7428571428571429
1337700,0.95,1.0,0.9,0.8636363636363636,0.7285714285714285
1338000,0.9666666666666667,1.0,0.9,0.8636363636363636,0.7142857142857143
1338300,0.9333333333333333,1.0,0.9,0.8636363636363636,0.7
1338600,0.9166666666666666,1.0,0.9,0.8181818181818182,0.7285714285714285
1338900,0.9166666666666666,1.0,0.9,0.8181818181818182,0.7285714285714285
1339200,0.85,0.9705882352941176,0.9,0.6818181818181818,0.6857142857142857
1339500,0.0,0.0,0.0,0.0,0.0
1339800,0.8,0.9411764705882353,0.8,0.5454545454545454,0.6571428571428571
1340100,0.75,0.8823529411764706,0.8,0.5454545454545454,0.6571428571428571
1340400,0.75,0.7058823529411765,0.65,0.36363636363636365,0.6571428571428571
1340700,0.75,0.7058823529411765,0.65,0.36363636363636365,0.6571428571428571
1341000,0.75,0.7058823529411765,0.65,0.36363636363636365,0.6571428571428571
1341300,0.6833333333333333,0.7058823529411765,0.65,0.2727272727272727,0.6571428571428571
1341600,0.6833333333333333,0.7058823529411765,0.65,0.2727272727272727,0.6571428571428571
1341900,0.6833333333333333,0.6470588235294118,0.65,0.2727272727272727,0.6571428571428571
1342200,0.6833333333333333,0.6176470588235294,0.5,0.2727272727272727,0.6571428571428571
1342500,0.7833333333333333,0.6176470588235294,0.5,0.2727272727272727,0.6714285714285714
1342800,0.8,0.6470588235294118,0.45,0.2727272727272727,0.6857142857142857
1343100,0.75,0.6470588235294118,0.45,0.3181818181818182,0.6714285714285714
1343400,0.75,0.7058823529411765,0.45,0.3181818181818182,0.6571428571428571
1343700,0.7666666666666667,0.6764705882352942,0.4,0.3181818181818182,0.6857142857142857
1344000,0.8,0.6176470588235294,0.45,0.36363636363636365,0.6857142857142857
1344300,0.8,0.6176470588235294,0.45,0.45454545454545453,0.6857142857142857
1344600,0.8,0.6176470588235294,0.4,0.5,0.7142857142857143
1344900,0.85,0.7647058823529411,0.4,0.5,0.7
1345200,0.8666666666666667,0.7941176470588235,0.45,0.5,0.7142857142857143
1345500,0.8833333333333333,0.7941176470588235,0.45,0.5454545454545454,0.7142857142857143
1345800,0.8833333333333333,0.8235294117647058,0.7,0.5909090909090909,0.7285714285714285
1346100,0.9,0.8529411764705882,0.6,0.6363636363636364,0.7285714285714285
1346400,0.9166666666666666,0.9117647058823529,0.65,0.6363636363636364,0.7
1346700,0.0,0.8823529411764706,0.8,0.7727272727272727,0.0
1347000,0.9166666666666666,0.8823529411764706,0.8,0.8181818181818182,0.7142857142857143
1347300,0.9166666666666666,0.8823529411764706,0.75,0.8181818181818182,0.7142857142857143
1347600,0.9166666666666666,0.8823529411764706,0.75,0.8181818181818182,0.7285714285714285
1347900,0.9166666666666666,0.8823529411764706,0.65,0.8181818181818182,0.7285714285714285
1348200,0.9666666666666667,0.9411764705882353,0.7,0.8181818181818182,0.7142857142857143
1348500,0.9666666666666667,0.9411764705882353,0.7,0.8181818181818182,0.7142857142857143
1348800,0.9833333333333333,0.9705882352941176,0.75,0.8181818181818182,0.7285714285714285
1349100,0.9666666666666667,0.9411764705882353,0.6,0.8181818181818182,0.7142857142857143
1349400,0.95,0.9411764705882353,0.7,0.8181818181818182,0.6857142857142857
1349700,0.95,0.9411764705882353,0.8,0.8181818181818182,0.6857142857142857
1350000,0.95,0.9411764705882353,0.75,0.8181818181818182,0.6714285714285714
1350300,0.95,0.9411764705882353,0.75,0.8181818181818182,0.6714285714285714
1350600,0.95,0.9705882352941176,0.85,0.8181818181818182,0.6571428571428571
1350900,0.95,0.9705882352941176,0.9,0.7727272727272727,0.6571428571428571
1351200,0.95,0.9705882352941176,0.9,0.7727272727272727,0.6714285714285714
1351500,0.95,1.0,0.9,0.7727272727272727,0.6714285714285714
1351800,0.9666666666666667,1.0,0.95,0.7727272727272727,0.6714285714285714
1352100,0.9666666666666667,0.9705882352941176,0.95,0.7727272727272727,0.6857142857142857
1352400,0.95,0.9705882352941176,0.9,0.7727272727272727,0.6714285714285714
1352700,0.95,0.9705882352941176,0.85,0.7727272727272727,0.6714285714285714
1353000,0.95,0.9705882352941176,0.8,0.7727272727272727,0.6714285714285714
1353300,0.9333333333333333,0.9705882352941176,0.9,0.7272727272727273,0.6714285714285714
1353600,0.9333333333333333,0.9705882352941176,0.9,0.7272727272727273,0.6571428571428571
1353900,0.95,0.9705882352941176,0.85,0.7272727272727273,0.6714285714285714
1354200,0.95,0.9705882352941176,0.85,0.7272727272727273,0.7
1354500,0.9166666666666666,0.9705882352941176,0.8,0.6818181818181818,0.6857142857142857
1354800,0.9333333333333333,0.9411764705882353,0.7,0.6363636363636364,0.7
1355100,0.9166666666666666,0.9411764705882353,0.8,0.6818181818181818,0.7
1355400,0.9,0.9411764705882353,0.75,0.6818181818181818,0.7
1355700,0.9,0.9411764705882353,0.7,0.6818181818181818,0.7
1356000,0.8833333333333333,0.9411764705882353,0.7,0.7272727272727273,0.7
1356300,0.8833333333333333,0.9411764705882353,0.65,0.7272727272727273,0.7428571428571429
1356600,0.9,0.9411764705882353,0.7,0.7727272727272727,0.7285714285714285
1356900,0.9333333333333333,0.9411764705882353,0.7,0.7727272727272727,0.7714285714285715
1357200,0.9166666666666666,0.9411764705882353,0.65,0.7272727272727273,0.7571428571428571
1357500,0.8666666666666667,0.9411764705882353,0.75,0.6363636363636364,0.7285714285714285
1357800,0.8666666666666667,0.8823529411764706,0.7,0.6363636363636364,0.7285714285714285
1358100,0.85,0.9117647058823529,0.65,0.7272727272727273,0.7
1358400,0.8666666666666667,0.9117647058823529,0.75,0.7272727272727273,0.6857142857142857
1358700,0.8666666666666667,0.9411764705882353,0.65,0.6818181818181818,0.6714285714285714
1359000,0.8666666666666667,0.9705882352941176,0.8,0.7272727272727273,0.6714285714285714
1359300,0.8833333333333333,0.9705882352941176,0.8,0.7727272727272727,0.6857142857142857
1359600,0.8833333333333333,0.9705882352941176,0.75,0.7727272727272727,0.6857142857142857
1359900,0.8833333333333333,0.9705882352941176,0.75,0.7727272727272727,0.7
1360200,0.9,0.9705882352941176,0.8,0.8181818181818182,0.7
1360500,0.8833333333333333,0.9411764705882353,0.7,0.8636363636363636,0.7
1360800,0.9166666666666666,0.9117647058823529,0.75,0.8636363636363636,0.6428571428571429
1361100,0.0,0.0,0.7,0.8181818181818182,0.0
1361400,0.9333333333333333,0.8235294117647058,0.75,0.8181818181818182,0.6428571428571429
1361700,0.9333333333333333,0.8235294117647058,0.75,0.8181818181818182,0.6428571428571429
1362000,0.95,0.7941176470588235,0.6,0.8181818181818182,0.6571428571428571
1362300,0.9833333333333333,0.8235294117647058,0.6,0.8181818181818182,0.6571428571428571
1362600,0.9833333333333333,0.8235294117647058,0.75,0.8181818181818182,0.6428571428571429
1362900,0.9833333333333333,0.7647058823529411,0.75,0.8181818181818182,0.6428571428571429
1363200,1.0,0.8235294117647058,0.8,0.8181818181818182,0.6428571428571429
1363500,1.0,0.8235294117647058,0.8,0.8181818181818182,0.6428571428571429
1363800,1.0,0.8529411764705882,0.9,0.8636363636363636,0.6285714285714286
1364100,1.0,0.8823529411764706,0.8,0.9090909090909091,0.6285714285714286
1364400,1.0,0.9117647058823529,0.75,0.9545454545454546,0.6428571428571429
1364700,0.9666666666666667,0.9117647058823529,0.85,0.8636363636363636,0.6285714285714286
1365000,0.95,0.9411764705882353,0.8,0.8636363636363636,0.6285714285714286
1365300,0.9333333333333333,0.9411764705882353,0.7,0.8636363636363636,0.6
1365600,0.9166666666666666,0.8823529411764706,0.6,0.7272727272727273,0.6
1365900,0.9,0.8823529411764706,0.7,0.7272727272727273,0.5714285714285714
1366200,0.8666666666666667,0.8823529411764706,0.6,0.7272727272727273,0.6
1366500,0.85,0.8235294117647058,0.6,0.7272727272727273,0.6
1366800,0.85,0.8235294117647058,0.6,0.6818181818181818,0.6428571428571429
1367100,0.8666666666666667,0.7941176470588235,0.7,0.6818181818181818,0.6571428571428571
1367400,0.85,0.7058823529411765,0.8,0.6818181818181818,0.6714285714285714
1367700,0.85,0.7058823529411765,0.7,0.6363636363636364,0.6714285714285714
1368000,0.8666666666666667,0.7352941176470589,0.85,0.7272727272727273,0.6857142857142857
1368300,0.85,0.6470588235294118,0.8,0.6818181818181818,0.7428571428571429
1368600,0.8166666666666667,0.6764705882352942,0.7,0.6818181818181818,0.7142857142857143
1368900,0.85,0.7058823529411765,0.9,0.5909090909090909,0.6428571428571429
1369200,0.85,0.7058823529411765,0.9,0.6363636363636364,0.6428571428571429
1369500,0.8166666666666667,0.7352941176470589,0.85,0.6363636363636364,0.6571428571428571
1369800,0.8333333333333334,0.6470588235294118,0.75,0.6818181818181818,0.6428571428571429
1370100,0.85,0.6470588235294118,0.9,0.6818181818181818,0.6142857142857143
1370400,0.85,0.6176470588235294,0.75,0.6363636363636364,0.5857142857142857
1370700,0.8833333333333333,0.6176470588235294,0.95,0.7727272727272727,0.5857142857142857
1371000,0.8833333333333333,0.6470588235294118,0.8,0.7727272727272727,0.6
1371300,0.85,0.6470588235294118,0.65,0.6818181818181818,0.6
1371600,0.8333333333333334,0.6176470588235294,0.7,0.7727272727272727,0.6142857142857143
1371900,0.85,0.5882352941176471,0.7,0.7272727272727273,0.6142857142857143
1372200,0.8666666666666667,0.5882352941176471,0.75,0.7272727272727273,0.6142857142857143
1372500,0.85,0.5588235294117647,0.75,0.7272727272727273,0.6285714285714286
1372800,0.8833333333333333,0.5588235294117647,0.75,0.6363636363636364,0.6428571428571429
1373100,0.8666666666666667,0.5588235294117647,0.6,0.6363636363636364,0.6714285714285714
1373400,0.8333333333333334,0.6470588235294118,0.7,0.5,0.6714285714285714
1373700,0.7833333333333333,0.6470588235294118,0.7,0.45454545454545453,0.6857142857142857
1374000,0.7833333333333333,0.6470588235294118,0.6,0.45454545454545453,0.7
1374300,0.7833333333333333,0.5882352941176471,0.65,0.45454545454545453,0.7142857142857143
1374600,0.7666666666666667,0.6176470588235294,0.5,0.4090909090909091,0.7142857142857143
1374900,0.8,0.6176470588235294,0.55,0.4090909090909091,0.7857142857142857
1375200,0.8166666666666667,0.6176470588235294,0.55,0.4090909090909091,0.7857142857142857
1375500,0.85,0.5882352941176471,0.7,0.5,0.7857142857142857
1375800,0.7833333333333333,0.6176470588235294,0.7,0.45454545454545453,0.7714285714285715
1376100,0.7833333333333333,0.6764705882352942,0.65,0.5,0.7714285714285715
1376400,0.7833333333333333,0.6176470588235294,0.55,0.5454545454545454,0.7571428571428571
1376700,0.7666666666666667,0.5882352941176471,0.45,0.6363636363636364,0.7285714285714285
1377000,0.7666666666666667,0.5882352941176471,0.7,0.7272727272727273,0.7
1377300,0.75,0.5882352941176471,0.8,0.7727272727272727,0.6857142857142857
1377600,0.7666666666666667,0.5882352941176471,0.8,0.7727272727272727,0.6571428571428571
1377900,0.7333333333333333,0.5882352941176471,0.75,0.7272727272727273,0.6285714285714286
1378200,0.7666666666666667,0.5882352941176471,0.7,0.7727272727272727,0.6428571428571429
1378500,0.75,0.5,0.8,0.8181818181818182,0.6285714285714286
1378800,0.7333333333333333,0.5,0.8,0.8636363636363636,0.6285714285714286
1379100,0.75,0.47058823529411764,0.7,0.8181818181818182,0.6
1379400,0.75,0.47058823529411764,0.8,0.8181818181818182,0.6
1379700,0.7833333333333333,0.47058823529411764,0.8,0.8181818181818182,0.6
1380000,0.7833333333333333,0.5,0.8,0.7272727272727273,0.5857142857142857
1380300,0.8,0.5294117647058824,0.65,0.6818181818181818,0.5857142857142857
1380600,0.8166666666666667,0.47058823529411764,0.8,0.5909090909090909,0.5571428571428572
1380900,0.8333333333333334,0.5,0.8,0.5909090909090909,0.5571428571428572
1381200,0.8333333333333334,0.5,0.7,0.5454545454545454,0.5285714285714286
1381500,0.8333333333333334,0.47058823529411764,0.8,0.45454545454545453,0.5285714285714286
1381800,0.8,0.4117647058823529,0.8,0.5,0.5428571428571428
1382100,0.7833333333333333,0.4117647058823529,0.7,0.5909090909090909,0.5428571428571428
1382400,0.7666666666666667,0.2647058823529412,0.75,0.6363636363636364,0.5285714285714286
1382700,0.65,0.3235294117647059,0.75,0.6363636363636364,0.5428571428571428
1383000,0.5,0.058823529411764705,0.7,0.5,0.5428571428571428
1383300,0.5,0.029411764705882353,0.65,0.45454545454545453,0.5428571428571428
1383600,0.45,0.0,0.65,0.45454545454545453,0.5285714285714286
1383900,0.4166666666666667,0.029411764705882353,0.6,0.45454545454545453,0.4857142857142857
1384200,0.4166666666666667,0.0,0.6,0.45454545454545453,0.4714285714285714
1384500,0.35,0.029411764705882353,0.55,0.5,0.45714285714285713
1384800,0.23333333333333334,0.0,0.55,0.5,0.44285714285714284
1385100,0.26666666666666666,0.029411764705882353,0.45,0.5,0.44285714285714284
1385400,0.21666666666666667,0.11764705882352941,0.4,0.45454545454545453,0.42857142857142855
1385700,0.2,0.058823529411764705,0.5,0.36363636363636365,0.4142857142857143
1386000,0.16666666666666666,0.058823529411764705,0.5,0.36363636363636365,0.37142857142857144
1386300,0.16666666666666666,0.08823529411764706,0.55,0.3181818181818182,0.37142857142857144
1386600,0.11666666666666667,0.058823529411764705,0.6,0.3181818181818182,0.35714285714285715
1386900,0.08333333333333333,0.058823529411764705,0.55,0.3181818181818182,0.35714285714285715
1387200,0.05,0.11764705882352941,0.65,0.22727272727272727,0.35714285714285715
1387500,0.13333333333333333,0.23529411764705882,0.65,0.22727272727272727,0.34285714285714286
1387800,0.16666666666666666,0.17647058823529413,0.65,0.2727272727272727,0.34285714285714286
1388100,0.2,0.20588235294117646,0.6,0.13636363636363635,0.34285714285714286
1388400,0.2,0.14705882352941177,0.5,0.13636363636363635,0.34285714285714286
1388700,0.21666666666666667,0.11764705882352941,0.5,0.13636363636363635,0.34285714285714286
1389000,0.3,0.14705882352941177,0.5,0.13636363636363635,0.34285714285714286
1389300,0.26666666666666666,0.058823529411764705,0.5,0.18181818181818182,0.32857142857142857
1389600,0.2833333333333333,0.058823529411764705,0.5,0.13636363636363635,0.32857142857142857
1389900,0.2833333333333333,0.058823529411764705,0.5,0.13636363636363635,0.32857142857142857
1390200,0.2833333333333333,0.11764705882352941,0.55,0.2727272727272727,0.32857142857142857
1390500,0.23333333333333334,0.14705882352941177,0.55,0.2727272727272727,0.32857142857142857
1390800,0.25,0.17647058823529413,0.55,0.22727272727272727,0.32857142857142857
1391100,0.21666666666666667,0.17647058823529413,0.65,0.22727272727272727,0.32857142857142857
1391400,0.2833333333333333,0.20588235294117646,0.7,0.2727272727272727,0.32857142857142857
1391700,0.3,0.23529411764705882,0.65,0.22727272727272727,0.32857142857142857
1392000,0.3333333333333333,0.20588235294117646,0.7,0.22727272727272727,0.32857142857142857
1392300,0.3333333333333333,0.23529411764705882,0.55,0.2727272727272727,0.32857142857142857
1392600,0.31666666666666665,0.23529411764705882,0.7,0.36363636363636365,0.32857142857142857
1392900,0.35,0.17647058823529413,0.7,0.3181818181818182,0.32857142857142857
1393200,0.4,0.14705882352941177,0.7,0.45454545454545453,0.32857142857142857
1393500,0.43333333333333335,0.17647058823529413,0.75,0.5454545454545454,0.32857142857142857
1393800,0.43333333333333335,0.17647058823529413,0.75,0.5454545454545454,0.32857142857142857
1394100,0.43333333333333335,0.17647058823529413,0.9,0.5,0.32857142857142857
1394400,0.6,0.14705882352941177,0.9,0.5,0.32857142857142857
1394700,0.5833333333333334,0.14705882352941177,0.9,0.5,0.32857142857142857
1395000,0.5833333333333334,0.11764705882352941,0.9,0.2727272727272727,0.3142857142857143
1395300,0.6,0.17647058823529413,0.9,0.2727272727272727,0.3142857142857143
1395600,0.6166666666666667,0.20588235294117646,0.9,0.18181818181818182,0.3142857142857143
1395900,0.6166666666666667,0.35294117647058826,0.85,0.2727272727272727,0.3142857142857143
1396200,0.6166666666666667,0.35294117647058826,0.85,0.2727272727272727,0.3142857142857143
1396500,0.6666666666666666,0.38235294117647056,0.9,0.2727272727272727,0.3142857142857143
1396800,0.65,0.4117647058823529,0.85,0.2727272727272727,0.3142857142857143
1397100,0.6166666666666667,0.4117647058823529,0.85,0.2727272727272727,0.3142857142857143
1397400,0.6,0.38235294117647056,0.65,0.2727272727272727,0.3142857142857143
1397700,0.5666666666666667,0.4411764705882353,0.45,0.2727272727272727,0.3142857142857143
1398000,0.6,0.47058823529411764,0.6,0.3181818181818182,0.3142857142857143
1398300,0.6166666666666667,0.5588235294117647,0.75,0.3181818181818182,0.3142857142857143
1398600,0.7,0.5294117647058824,0.75,0.3181818181818182,0.3142857142857143
1398900,0.6666666666666666,0.5294117647058824,0.65,0.2727272727272727,0.3142857142857143
1399200,0.6,0.5294117647058824,0.65,0.2727272727272727,0.3142857142857143
1399500,0.5833333333333334,0.5,0.65,0.2727272727272727,0.3142857142857143
1399800,0.5333333333333333,0.5,0.65,0.18181818181818182,0.3142857142857143
1400100,0.5333333333333333,0.5294117647058824,0.65,0.18181818181818182,0.3142857142857143
1400400,0.48333333333333334,0.5294117647058824,0.55,0.18181818181818182,0.3142857142857143
1400700,0.4666666666666667,0.5294117647058824,0.6,0.13636363636363635,0.3
1401000,0.4,0.4411764705882353,0.7,0.09090909090909091,0.3
1401300,0.43333333333333335,0.4411764705882353,0.75,0.18181818181818182,0.3
1401600,0.38333333333333336,0.4411764705882353,0.7,0.36363636363636365,0.3
1401900,0.4,0.4411764705882353,0.55,0.4090909090909091,0.3
1402200,0.4166666666666667,0.4411764705882353,0.65,0.36363636363636365,0.3
1402500,0.4,0.4411764705882353,0.7,0.45454545454545453,0.3142857142857143
1402800,0.4166666666666667,0.4411764705882353,0.65,0.45454545454545453,0.3142857142857143
1403100,0.4,0.47058823529411764,0.65,0.5,0.3142857142857143
1403400,0.36666666666666664,0.4411764705882353,0.65,0.5,0.3142857142857143
1403700,0.35,0.4411764705882353,0.7,0.5,0.3142857142857143
1404000,0.26666666666666666,0.4411764705882353,0.7,0.45454545454545453,0.3142857142857143
1404300,0.3,0.35294117647058826,0.65,0.45454545454545453,0.3142857142857143
1404600,0.3333333333333333,0.38235294117647056,0.65,0.4090909090909091,0.3
1404900,0.31666666666666665,0.3235294117647059,0.65,0.4090909090909091,0.3
1405200,0.31666666666666665,0.29411764705882354,0.7,0.4090909090909091,0.3
1405500,0.3333333333333333,0.2647058823529412,0.6,0.45454545454545453,0.3
1405800,0.35,0.38235294117647056,0.45,0.5,0.3
1406100,0.35,0.29411764705882354,0.55,0.5,0.32857142857142857
1406400,0.31666666666666665,0.20588235294117646,0.55,0.5,0.32857142857142857
1406700,0.31666666666666665,0.20588235294117646,0.45,0.45454545454545453,0.32857142857142857
1407000,0.36666666666666664,0.11764705882352941,0.5,0.4090909090909091,0.32857142857142857
1407300,0.38333333333333336,0.029411764705882353,0.5,0.5,0.32857142857142857
1407600,0.35,0.058823529411764705,0.6,0.5,0.32857142857142857
1407900,0.36666666666666664,0.058823529411764705,0.65,0.5454545454545454,0.32857142857142857
1408200,0.36666666666666664,0.058823529411764705,0.65,0.5454545454545454,0.32857142857142857
1408500,0.3,0.029411764705882353,0.65,0.5909090909090909,0.32857142857142857
1408800,0.2833333333333333,0.058823529411764705,0.65,0.5454545454545454,0.32857142857142857
1409100,0.2833333333333333,0.058823529411764705,0.65,0.5454545454545454,0.32857142857142857
1409400,0.2,0.029411764705882353,0.65,0.6363636363636364,0.32857142857142857
1409700,0.21666666666666667,0.029411764705882353,0.6,0.5909090909090909,0.34285714285714286
1410000,0.25,0.058823529411764705,0.6,0.5454545454545454,0.35714285714285715
1410300,0.21666666666666667,0.029411764705882353,0.7,0.5909090909090909,0.35714285714285715
1410600,0.2,0.058823529411764705,0.75,0.5909090909090909,0.35714285714285715
1410900,0.18333333333333332,0.11764705882352941,0.65,0.5909090909090909,0.42857142857142855
1411200,0.23333333333333334,0.17647058823529413,0.55,0.6363636363636364,0.5
1411500,0.3,0.17647058823529413,0.7,0.6818181818181818,0.5571428571428572
1411800,0.38333333333333336,0.29411764705882354,0.75,0.7272727272727273,0.6142857142857143
1412100,0.5166666666666667,0.35294117647058826,0.8,0.6818181818181818,0.6428571428571429
1412400,0.5333333333333333,0.35294117647058826,0.75,0.6818181818181818,0.6857142857142857
1412700,0.55,0.5294117647058824,0.75,0.6818181818181818,0.6857142857142857
1413000,0.6166666666666667,0.5882352941176471,0.7,0.7272727272727273,0.6857142857142857
1413300,0.7,0.6176470588235294,0.7,0.7272727272727273,0.7
1413600,0.75,0.7941176470588235,0.75,0.7727272727272727,0.7
1413900,0.7333333333333333,0.8235294117647058,0.75,0.7727272727272727,0.6857142857142857
1414200,0.7833333333333333,0.7941176470588235,0.75,0.6818181818181818,0.7
1414500,0.7833333333333333,0.8235294117647058,0.8,0.7272727272727273,0.7
1414800,0.85,0.8235294117647058,0.8,0.6818181818181818,0.7
1415100,0.85,0.8235294117647058,0.8,0.6363636363636364,0.7142857142857143
1415400,0.8833333333333333,0.8823529411764706,0.85,0.6818181818181818,0.7428571428571429
1415700,0.9166666666666666,0.8529411764705882,0.85,0.7272727272727273,0.7428571428571429
1416000,0.8833333333333333,0.8529411764705882,0.7,0.7272727272727273,0.7428571428571429
1416300,0.8833333333333333,0.8529411764705882,0.65,0.7272727272727273,0.7428571428571429
1416600,0.8666666666666667,0.8823529411764706,0.65,0.7272727272727273,0.7428571428571429
1416900,0.85,0.8529411764705882,0.8,0.7272727272727273,0.7428571428571429
1417200,0.8166666666666667,0.9117647058823529,0.65,0.7272727272727273,0.7428571428571429
1417500,0.85,0.8235294117647058,0.75,0.7727272727272727,0.7714285714285715
1417800,0.8666666666666667,0.8235294117647058,0.7,0.7727272727272727,0.7714285714285715
1418100,0.8666666666666667,0.7941176470588235,0.65,0.7727272727272727,0.7714285714285715
1418400,0.8666666666666667,0.7941176470588235,0.6,0.8181818181818182,0.7714285714285715
1418700,0.0,0.0,0.0,0.0,0.0
1419000,0.9,0.8235294117647058,0.6,0.5909090909090909,0.7571428571428571
1419300,0.9166666666666666,0.8235294117647058,0.6,0.6363636363636364,0.7428571428571429
1419600,0.9166666666666666,0.8235294117647058,0.6,0.6363636363636364,0.7428571428571429
1419900,0.9333333333333333,0.7941176470588235,0.75,0.6363636363636364,0.7285714285714285
1420200,0.9333333333333333,0.7941176470588235,0.75,0.6363636363636364,0.7428571428571429
1420500,0.9833333333333333,0.7647058823529411,0.75,0.7272727272727273,0.7285714285714285
1420800,1.0,0.7941176470588235,0.6,0.7272727272727273,0.7285714285714285
1421100,1.0,0.8235294117647058,0.85,0.7272727272727273,0.7285714285714285
1421400,1.0,0.8823529411764706,0.8,0.7272727272727273,0.7571428571428571
1421700,1.0,0.9117647058823529,0.75,0.7727272727272727,0.7571428571428571
1422000,1.0,0.9411764705882353,0.85,0.8636363636363636,0.7714285714285715
1422300,1.0,0.9411764705882353,0.9,0.8636363636363636,0.7571428571428571
1422600,1.0,0.9117647058823529,0.75,0.8181818181818182,0.7571428571428571
1422900,1.0,0.9117647058823529,0.8,0.8181818181818182,0.7857142857142857
1423200,0.9833333333333333,0.9117647058823529,0.9,0.8636363636363636,0.7714285714285715
1423500,0.9833333333333333,0.8823529411764706,0.85,0.8636363636363636,0.7714285714285715
1423800,0.9833333333333333,0.8823529411764706,0.8,0.8181818181818182,0.7571428571428571
1424100,0.9833333333333333,0.8529411764705882,0.8,0.7272727272727273,0.7571428571428571
1424400,0.9833333333333333,0.8235294117647058,0.8,0.7272727272727273,0.7714285714285715
1424700,0.9833333333333333,0.8235294117647058,0.9,0.7272727272727273,0.7428571428571429
1425000,0.9833333333333333,0.8529411764705882,0.9,0.7272727272727273,0.7285714285714285
1425300,0.9833333333333333,0.8235294117647058,0.95,0.7272727272727273,0.7285714285714285
1425600,0.9833333333333333,0.7941176470588235,0.8,0.7272727272727273,0.7285714285714285
1425900,0.0,0.0,0.0,0.0,0.0
1426200,0.9333333333333333,0.7647058823529411,0.85,0.6818181818181818,0.7142857142857143
1426500,0.8666666666666667,0.6764705882352942,0.8,0.5909090909090909,0.7285714285714285
1426800,0.8,0.6470588235294118,0.85,0.6363636363636364,0.7571428571428571
1427100,0.7833333333333333,0.5882352941176471,0.75,0.5909090909090909,0.7285714285714285
1427400,0.75,0.6176470588235294,0.75,0.5909090909090909,0.7285714285714285
1427700,0.7,0.5882352941176471,0.75,0.5909090909090909,0.7142857142857143
1428000,0.7,0.6176470588235294,0.8,0.5454545454545454,0.7
1428300,0.6833333333333333,0.6470588235294118,0.8,0.5,0.7
1428600,0.7166666666666667,0.6764705882352942,0.8,0.5,0.7
1428900,0.7333333333333333,0.7058823529411765,0.65,0.45454545454545453,0.7142857142857143
1429200,0.6833333333333333,0.6764705882352942,0.65,0.5,0.7142857142857143
1429500,0.6166666666666667,0.7058823529411765,0.65,0.5,0.7142857142857143
1429800,0.6666666666666666,0.7058823529411765,0.8,0.45454545454545453,0.7
1430100,0.7,0.7058823529411765,0.8,0.4090909090909091,0.7142857142857143
1430400,0.6666666666666666,0.6470588235294118,0.7,0.4090909090909091,0.7285714285714285
1430700,0.7,0.6764705882352942,0.75,0.5454545454545454,0.7571428571428571
1431000,0.7,0.6764705882352942,0.65,0.5454545454545454,0.7285714285714285
1431300,0.7,0.6764705882352942,0.65,0.5454545454545454,0.7142857142857143
1431600,0.7333333333333333,0.5882352941176471,0.65,0.6818181818181818,0.7428571428571429
1431900,0.7333333333333333,0.5588235294117647,0.65,0.6363636363636364,0.7428571428571429
1432200,0.7666666666666667,0.5,0.55,0.5909090909090909,0.7285714285714285
1432500,0.7333333333333333,0.5,0.65,0.6818181818181818,0.7285714285714285
1432800,0.75,0.5294117647058824,0.6,0.7727272727272727,0.7285714285714285
1433100,0.7666666666666667,0.5882352941176471,0.65,0.7727272727272727,0.7285714285714285
1433400,0.8,0.6764705882352942,0.8,0.7727272727272727,0.7142857142857143
1433700,0.8333333333333334,0.7058823529411765,0.8,0.7727272727272727,0.6857142857142857
1434000,0.8,0.6764705882352942,0.75,0.7727272727272727,0.6571428571428571
1434300,0.8333333333333334,0.7352941176470589,0.8,0.8181818181818182,0.6571428571428571
1434600,0.8333333333333334,0.7352941176470589,0.8,0.8181818181818182,0.6428571428571429
1434900,0.8666666666666667,0.7941176470588235,0.85,0.7727272727272727,0.6285714285714286
1435200,0.8833333333333333,0.8529411764705882,0.75,0.7727272727272727,0.6428571428571429
1435500,0.8833333333333333,0.8529411764705882,0.8,0.8181818181818182,0.6571428571428571
1435800,0.8833333333333333,0.8529411764705882,0.85,0.7727272727272727,0.6428571428571429
1436100,0.8833333333333333,0.8529411764705882,0.65,0.8181818181818182,0.6571428571428571
1436400,0.9166666666666666,0.7941176470588235,0.7,0.8636363636363636,0.6714285714285714
1436700,0.95,0.7941176470588235,0.7,0.8636363636363636,0.6571428571428571
1437000,0.95,0.8235294117647058,0.6,0.8636363636363636,0.6571428571428571
1437300,0.9666666666666667,0.8235294117647058,0.75,0.8181818181818182,0.6571428571428571
1437600,0.95,0.8529411764705882,0.85,0.8181818181818182,0.6714285714285714
1437900,0.9833333333333333,0.8823529411764706,0.7,0.7727272727272727,0.6857142857142857
1438200,0.9666666666666667,0.8823529411764706,0.85,0.7272727272727273,0.7428571428571429
1438500,0.95,0.8529411764705882,0.75,0.6818181818181818,0.7285714285714285
1438800,0.95,0.8529411764705882,0.7,0.7272727272727273,0.7285714285714285
1439100,0.9166666666666666,0.8529411764705882,0.7,0.6818181818181818,0.7428571428571429
1439400,0.9166666666666666,0.8529411764705882,0.85,0.7272727272727273,0.7428571428571429
1439700,0.9166666666666666,0.8529411764705882,0.8,0.7272727272727273,0.7142857142857143
1440000,0.9,0.8529411764705882,0.9,0.7727272727272727,0.7
1440300,0.9333333333333333,0.8823529411764706,0.8,0.7727272727272727,0.7
1440600,0.9166666666666666,0.8823529411764706,0.8,0.8181818181818182,0.7
1440900,0.9333333333333333,0.8823529411764706,0.9,0.8181818181818182,0.6857142857142857
1441200,0.9166666666666666,0.8529411764705882,0.85,0.8636363636363636,0.6571428571428571
1441500,0.9166666666666666,0.8529411764705882,0.75,0.8181818181818182,0.6571428571428571
1441800,0.9,0.8529411764705882,0.8,0.8181818181818182,0.6714285714285714
1442100,0.8833333333333333,0.8529411764705882,0.7,0.8181818181818182,0.6714285714285714
1442400,0.9,0.8529411764705882,0.8,0.8181818181818182,0.7
1442700,0.8833333333333333,0.8529411764705882,0.75,0.8181818181818182,0.6857142857142857
1443000,0.8833333333333333,0.8529411764705882,0.75,0.8636363636363636,0.7
1443300,0.8833333333333333,0.8529411764705882,0.65,0.8636363636363636,0.7
1443600,0.8666666666666667,0.8529411764705882,0.6,0.9090909090909091,0.7
1443900,0.8833333333333333,0.8235294117647058,0.65,0.8181818181818182,0.7
1444200,0.9,0.8823529411764706,0.6,0.8181818181818182,0.7142857142857143
1444500,0.8833333333333333,0.8235294117647058,0.6,0.8181818181818182,0.7285714285714285
1444800,0.8833333333333333,0.8235294117647058,0.6,0.8181818181818182,0.7
1445100,0.8833333333333333,0.8235294117647058,0.6,0.8181818181818182,0.7142857142857143
1445400,0.8833333333333333,0.7941176470588235,0.6,0.8181818181818182,0.7
1445700,0.8833333333333333,0.8235294117647058,0.5,0.8181818181818182,0.7
1446000,0.9,0.8235294117647058,0.65,0.8181818181818182,0.7142857142857143
1446300,0.9333333333333333,0.8529411764705882,0.55,0.8181818181818182,0.7285714285714285
1446600,0.9666666666666667,0.8529411764705882,0.65,0.7272727272727273,0.7285714285714285
1446900,0.9833333333333333,0.8529411764705882,0.7,0.7272727272727273,0.7285714285714285
1447200,0.9833333333333333,0.8529411764705882,0.7,0.7727272727272727,0.7142857142857143
1447500,0.9833333333333333,0.8823529411764706,0.7,0.7727272727272727,0.7142857142857143
1447800,0.95,0.8823529411764706,0.85,0.9090909090909091,0.6857142857142857
1448100,0.9333333333333333,0.8823529411764706,0.9,0.9090909090909091,0.6714285714285714
1448400,0.9166666666666666,0.8823529411764706,0.85,0.9090909090909091,0.6571428571428571
1448700,0.9333333333333333,0.8529411764705882,0.8,0.8636363636363636,0.6857142857142857
1449000,0.9333333333333333,0.8529411764705882,0.9,0.8181818181818182,0.6714285714285714
1449300,0.9333333333333333,0.8529411764705882,0.9,0.8181818181818182,0.6714285714285714
1449600,0.9166666666666666,0.8235294117647058,0.85,0.8181818181818182,0.7142857142857143
1449900,0.9166666666666666,0.8235294117647058,0.85,0.8181818181818182,0.7142857142857143
1450200,0.9166666666666666,0.8235294117647058,0.8,0.8636363636363636,0.7142857142857143
1450500,0.9166666666666666,0.8235294117647058,0.8,0.8636363636363636,0.6857142857142857
1450800,0.9333333333333333,0.8235294117647058,0.8,0.8636363636363636,0.6857142857142857
1451100,0.9166666666666666,0.8529411764705882,0.85,0.8636363636363636,0.6714285714285714
1451400,0.9166666666666666,0.8235294117647058,0.85,0.7272727272727273,0.6428571428571429
1451700,0.9166666666666666,0.8235294117647058,0.9,0.6818181818181818,0.6571428571428571
1452000,0.9166666666666666,0.7941176470588235,0.85,0.6363636363636364,0.6428571428571429
1452300,0.9,0.7941176470588235,0.85,0.6363636363636364,0.6285714285714286
1452600,0.8833333333333333,0.7941176470588235,0.85,0.7272727272727273,0.6142857142857143
1452900,0.8666666666666667,0.7941176470588235,0.8,0.7272727272727273,0.5857142857142857
1453200,0.8833333333333333,0.7647058823529411,0.7,0.5909090909090909,0.5428571428571428
1453500,0.8333333333333334,0.7352941176470589,0.75,0.5,0.5571428571428572
1453800,0.7833333333333333,0.6176470588235294,0.8,0.45454545454545453,0.5285714285714286
1454100,0.7666666666666667,0.6470588235294118,0.8,0.45454545454545453,0.5285714285714286
1454400,0.8,0.6764705882352942,0.7,0.4090909090909091,0.5142857142857142
1454700,0.8166666666666667,0.6470588235294118,0.55,0.36363636363636365,0.5285714285714286
1455000,0.8333333333333334,0.6764705882352942,0.85,0.4090909090909091,0.5428571428571428
1455300,0.7833333333333333,0.7058823529411765,0.75,0.36363636363636365,0.5714285714285714
1455600,0.75,0.6764705882352942,0.7,0.36363636363636365,0.5428571428571428
1455900,0.75,0.6764705882352942,0.85,0.36363636363636365,0.5571428571428572
1456200,0.6666666666666666,0.6176470588235294,0.8,0.3181818181818182,0.5714285714285714
1456500,0.6666666666666666,0.6176470588235294,0.8,0.4090909090909091,0.6
1456800,0.65,0.6176470588235294,0.6,0.45454545454545453,0.6142857142857143
1457100,0.65,0.6176470588235294,0.75,0.45454545454545453,0.6428571428571429
1457400,0.6166666666666667,0.6176470588235294,0.75,0.6363636363636364,0.6428571428571429
1457700,0.5833333333333334,0.5588235294117647,0.6,0.6818181818181818,0.6428571428571429
1458000,0.5666666666666667,0.5294117647058824,0.7,0.6818181818181818,0.6428571428571429
1458300,0.5833333333333334,0.47058823529411764,0.7,0.6363636363636364,0.6714285714285714
1458600,0.6166666666666667,0.5588235294117647,0.65,0.7272727272727273,0.6714285714285714
1458900,0.5833333333333334,0.6176470588235294,0.55,0.8181818181818182,0.6857142857142857
1459200,0.5833333333333334,0.6176470588235294,0.6,0.7727272727272727,0.7
1459500,0.6,0.5294117647058824,0.65,0.7272727272727273,0.7428571428571429
1459800,0.5333333333333333,0.5294117647058824,0.65,0.7272727272727273,0.7857142857142857
1460100,0.5166666666666667,0.4411764705882353,0.6,0.7727272727272727,0.7857142857142857
1460400,0.55,0.5,0.7,0.7727272727272727,0.7857142857142857
1460700,0.55,0.5294117647058824,0.75,0.7727272727272727,0.7857142857142857
1461000,0.55,0.5,0.75,0.8181818181818182,0.8142857142857143
1461300,0.6333333333333333,0.47058823529411764,0.75,0.8181818181818182,0.8142857142857143
1461600,0.6666666666666666,0.4117647058823529,0.65,0.8181818181818182,0.8285714285714286
1461900,0.0,0.0,0.0,0.0,0.0
1462200,0.6833333333333333,0.4117647058823529,0.5,0.7272727272727273,0.7857142857142857
1462500,0.75,0.4411764705882353,0.65,0.7272727272727273,0.7714285714285715
1462800,0.7833333333333333,0.4411764705882353,0.6,0.6818181818181818,0.8
1463100,0.8,0.47058823529411764,0.45,0.6818181818181818,0.8
1463400,0.85,0.4411764705882353,0.55,0.6818181818181818,0.8
1463700,0.8166666666666667,0.4117647058823529,0.45,0.7272727272727273,0.7857142857142857
1464000,0.7833333333333333,0.4117647058823529,0.55,0.7272727272727273,0.7857142857142857
1464300,0.7333333333333333,0.38235294117647056,0.4,0.6818181818181818,0.7714285714285715
1464600,0.75,0.38235294117647056,0.55,0.5909090909090909,0.7714285714285715
1464900,0.7666666666666667,0.4117647058823529,0.65,0.5454545454545454,0.7714285714285715
1465200,0.8166666666666667,0.4117647058823529,0.6,0.5454545454545454,0.7428571428571429
1465500,0.8,0.4117647058823529,0.5,0.5,0.7142857142857143
1465800,0.7333333333333333,0.4117647058823529,0.65,0.5454545454545454,0.7142857142857143
1466100,0.7,0.4117647058823529,0.65,0.5454545454545454,0.7142857142857143
1466400,0.7166666666666667,0.4411764705882353,0.7,0.5454545454545454,0.6857142857142857
1466700,0.6833333333333333,0.4411764705882353,0.7,0.5454545454545454,0.6857142857142857
1467000,0.6666666666666666,0.47058823529411764,0.7,0.6363636363636364,0.6857142857142857
1467300,0.6666666666666666,0.47058823529411764,0.5,0.5909090909090909,0.6857142857142857
1467600,0.6833333333333333,0.47058823529411764,0.6,0.5454545454545454,0.6857142857142857
1467900,0.6833333333333333,0.4117647058823529,0.75,0.45454545454545453,0.6857142857142857
1468200,0.7,0.2647058823529412,0.75,0.4090909090909091,0.6571428571428571
1468500,0.7,0.2647058823529412,0.75,0.5454545454545454,0.6571428571428571
1468800,0.6666666666666666,0.2647058823529412,0.8,0.5,0.6428571428571429
1469100,0.6166666666666667,0.2647058823529412,0.8,0.5454545454545454,0.6428571428571429
1469400,0.5,0.058823529411764705,0.8,0.36363636363636365,0.6285714285714286
1469700,0.45,0.029411764705882353,0.75,0.3181818181818182,0.6142857142857143
1470000,0.3333333333333333,0.058823529411764705,0.75,0.3181818181818182,0.6142857142857143
1470300,0.2833333333333333,0.08823529411764706,0.7,0.22727272727272727,0.5857142857142857
1470600,0.23333333333333334,0.029411764705882353,0.7,0.18181818181818182,0.5857142857142857
1470900,0.21666666666666667,0.0,0.65,0.09090909090909091,0.5857142857142857
1471200,0.2,0.0,0.65,0.13636363636363635,0.5857142857142857
1471500,0.16666666666666666,0.029411764705882353,0.6,0.18181818181818182,0.5714285714285714
1471800,0.13333333333333333,0.029411764705882353,0.6,0.09090909090909091,0.5571428571428572
1472100,0.08333333333333333,0.0,0.65,0.045454545454545456,0.5428571428571428
1472400,0.08333333333333333,0.058823529411764705,0.6,0.09090909090909091,0.5428571428571428
1472700,0.13333333333333333,0.058823529411764705,0.55,0.13636363636363635,0.5428571428571428
1473000,0.1,0.08823529411764706,0.65,0.13636363636363635,0.5428571428571428
1473300,0.06666666666666667,0.029411764705882353,0.55,0.09090909090909091,0.5428571428571428
1473600,0.1,0.029411764705882353,0.6,0.13636363636363635,0.5428571428571428
1473900,0.15,0.029411764705882353,0.5,0.13636363636363635,0.5428571428571428
1474200,0.08333333333333333,0.029411764705882353,0.55,0.13636363636363635,0.5285714285714286
1474500,0.11666666666666667,0.0,0.45,0.22727272727272727,0.5142857142857142
1474800,0.2,0.058823529411764705,0.55,0.3181818181818182,0.5
1475100,0.13333333333333333,0.0,0.55,0.36363636363636365,0.4857142857142857
1475400,0.16666666666666666,0.029411764705882353,0.7,0.45454545454545453,0.4714285714285714
1475700,0.2,0.08823529411764706,0.7,0.4090909090909091,0.4714285714285714
1476000,0.18333333333333332,0.029411764705882353,0.65,0.4090909090909091,0.4714285714285714
1476300,0.23333333333333334,0.058823529411764705,0.75,0.3181818181818182,0.4714285714285714
1476600,0.21666666666666667,0.08823529411764706,0.8,0.36363636363636365,0.45714285714285713
1476900,0.23333333333333334,0.08823529411764706,0.75,0.4090909090909091,0.45714285714285713
1477200,0.21666666666666667,0.14705882352941177,0.8,0.36363636363636365,0.45714285714285713
1477500,0.23333333333333334,0.17647058823529413,0.7,0.4090909090909091,0.45714285714285713
1477800,0.25,0.17647058823529413,0.8,0.45454545454545453,0.4714285714285714
1478100,0.2833333333333333,0.23529411764705882,0.8,0.2727272727272727,0.4714285714285714
1478400,0.3333333333333333,0.23529411764705882,0.65,0.22727272727272727,0.4714285714285714
1478700,0.3,0.3235294117647059,0.7,0.22727272727272727,0.4714285714285714
1479000,0.35,0.4117647058823529,0.75,0.09090909090909091,0.4714285714285714
1479300,0.3333333333333333,0.4117647058823529,0.8,0.18181818181818182,0.4714285714285714
1479600,0.3333333333333333,0.4117647058823529,0.8,0.13636363636363635,0.4714285714285714
1479900,0.4,0.4117647058823529,0.9,0.13636363636363635,0.4714285714285714
1480200,0.4166666666666667,0.4117647058823529,0.95,0.045454545454545456,0.4714285714285714
1480500,0.38333333333333336,0.4117647058823529,0.95,0.045454545454545456,0.4714285714285714
1480800,0.36666666666666664,0.4117647058823529,0.95,0.045454545454545456,0.4714285714285714
1481100,0.36666666666666664,0.4117647058823529,0.9,0.045454545454545456,0.4714285714285714
1481400,0.4,0.4117647058823529,0.85,0.045454545454545456,0.4714285714285714
1481700,0.36666666666666664,0.4411764705882353,0.85,0.045454545454545456,0.4714285714285714
1482000,0.36666666666666664,0.4117647058823529,0.85,0.045454545454545456,0.4714285714285714
1482300,0.4166666666666667,0.4411764705882353,0.7,0.045454545454545456,0.4714285714285714
1482600,0.4666666666666667,0.4411764705882353,0.7,0.09090909090909091,0.4714285714285714
1482900,0.5,0.4411764705882353,0.6,0.09090909090909091,0.4714285714285714
1483200,0.5,0.47058823529411764,0.6,0.09090909090909091,0.4714285714285714
1483500,0.55,0.47058823529411764,0.6,0.09090909090909091,0.4714285714285714
1483800,0.5333333333333333,0.47058823529411764,0.55,0.09090909090909091,0.4714285714285714
1484100,0.5166666666666667,0.5,0.5,0.13636363636363635,0.4714285714285714
1484400,0.5666666666666667,0.5,0.5,0.13636363636363635,0.4714285714285714
1484700,0.6166666666666667,0.47058823529411764,0.4,0.09090909090909091,0.4857142857142857
1485000,0.6166666666666667,0.47058823529411764,0.3,0.09090909090909091,0.4857142857142857
1485300,0.5833333333333334,0.5,0.3,0.09090909090909091,0.4857142857142857
1485600,0.55,0.4411764705882353,0.35,0.045454545454545456,0.4857142857142857
1485900,0.5166666666666667,0.5,0.4,0.13636363636363635,0.4857142857142857
1486200,0.5166666666666667,0.5,0.45,0.36363636363636365,0.4857142857142857
1486500,0.55,0.47058823529411764,0.5,0.5,0.4857142857142857
1486800,0.55,0.47058823529411764,0.45,0.5,0.4857142857142857
1487100,0.5,0.5,0.45,0.5,0.4857142857142857
1487400,0.5333333333333333,0.5294117647058824,0.5,0.4090909090909091,0.4857142857142857
1487700,0.55,0.5294117647058824,0.55,0.45454545454545453,0.4857142857142857
1488000,0.5166666666666667,0.5294117647058824,0.55,0.45454545454545453,0.4857142857142857
1488300,0.5166666666666667,0.5294117647058824,0.55,0.45454545454545453,0.4857142857142857
1488600,0.5166666666666667,0.5294117647058824,0.55,0.45454545454545453,0.4857142857142857
1488900,0.5166666666666667,0.5294117647058824,0.55,0.45454545454545453,0.4857142857142857
1489200,0.5166666666666667,0.5294117647058824,0.55,0.45454545454545453,0.4857142857142857
1489500,0.5166666666666667,0.5294117647058824,0.55,0.45454545454545453,0.4857142857142857
1489800,0.5166666666666667,0.5294117647058824,0.55,0.45454545454545453,0.4857142857142857
1490100,0.5166666666666667,0.5294117647058824,0.55,0.45454545454545453,0.4857142857142857
1490400,0.5166666666666667,0.5294117647058824,0.55,0.45454545454545453,0.4857142857142857
1490700,0.5166666666666667,0.5294117647058824,0.55,0.45454545454545453,0.4857142857142857
1491000,0.5166666666666667,0.5294117647058824,0.55,0.45454545454545453,0.4857142857142857
1491300,0.5166666666666667,0.5294117647058824,0.55,0.45454545454545453,0.4857142857142857
1491600,0.5166666666666667,0.5294117647058824,0.55,0.45454545454545453,0.4857142857142857
1491900,0.5166666666666667,0.5294117647058824,0.55,0.45454545454545453,0.4857142857142857
1492200,0.5166666666666667,0.5294117647058824,0.55,0.45454545454545453,0.4857142857142857
1492500,0.5166666666666667,0.5294117647058824,0.55,0.45454545454545453,0.4857142857142857
1492800,0.5166666666666667,0.5294117647058824,0.55,0.45454545454545453,0.4857142857142857
1493100,0.5166666666666667,0.5294117647058824,0.55,0.45454545454545453,0.4857142857142857
1493400,0.5166666666666667,0.5294117647058824,0.55,0.45454545454545453,0.4857142857142857
1493700,0.5166666666666667,0.5294117647058824,0.55,0.45454545454545453,0.4857142857142857
1494000,0.5166666666666667,0.5294117647058824,0.55,0.45454545454545453,0.4857142857142857
1494300,0.5166666666666667,0.5294117647058824,0.55,0.45454545454545453,0.4857142857142857
1494600,0.5166666666666667,0.5294117647058824,0.55,0.45454545454545453,0.4857142857142857
1494900,0.5166666666666667,0.5294117647058824,0.55,0.45454545454545453,0.4857142857142857
1495200,0.5166666666666667,0.5294117647058824,0.55,0.45454545454545453,0.4857142857142857
1495500,0.5166666666666667,0.5294117647058824,0.55,0.45454545454545453,0.4857142857142857
1495800,0.5166666666666667,0.5294117647058824,0.55,0.45454545454545453,0.4857142857142857
1496100,0.5166666666666667,0.5294117647058824,0.55,0.45454545454545453,0.4857142857142857
1496400,0.5166666666666667,0.5294117647058824,0.55,0.45454545454545453,0.4857142857142857
1496700,0.5166666666666667,0.5294117647058824,0.55,0.45454545454545453,0.4857142857142857
1497000,0.5166666666666667,0.5294117647058824,0.55,0.45454545454545453,0.4857142857142857
1497300,0.5166666666666667,0.5294117647058824,0.55,0.45454545454545453,0.4857142857142857
1497600,0.5166666666666667,0.5294117647058824,0.55,0.45454545454545453,0.4857142857142857
1497900,0.5166666666666667,0.5294117647058824,0.55,0.45454545454545453,0.4857142857142857
1498200,0.5166666666666667,0.5294117647058824,0.55,0.45454545454545453,0.4857142857142857
1498500,0.35,0.5294117647058824,0.7,0.7727272727272727,0.4857142857142857
1498800,0.38333333333333336,0.5,0.7,0.6818181818181818,0.8142857142857143
1499100,0.38333333333333336,0.5588235294117647,0.7,0.7272727272727273,0.8142857142857143
1499400,0.38333333333333336,0.6176470588235294,0.9,0.7272727272727273,0.8428571428571429
1499700,0.6,0.7058823529411765,0.9,0.5909090909090909,0.8428571428571429
1500000,0.6,0.7058823529411765,0.8,0.5909090909090909,0.8571428571428571
1500300,0.65,0.7352941176470589,0.8,0.5909090909090909,0.8571428571428571
1500600,0.7333333333333333,0.9117647058823529,0.9,0.5454545454545454,0.8571428571428571
1500900,0.7666666666666667,0.9117647058823529,0.9,0.6363636363636364,0.8857142857142857
1501200,0.8,0.9411764705882353,0.9,0.6363636363636364,0.8714285714285714
1501500,0.8333333333333334,0.9705882352941176,0.85,0.6818181818181818,0.8714285714285714
1501800,0.8333333333333334,0.9411764705882353,0.95,0.6818181818181818,0.8714285714285714
1502100,0.8166666666666667,0.9411764705882353,0.85,0.6818181818181818,0.8857142857142857
1502400,0.85,0.9411764705882353,0.85,0.7727272727272727,0.8857142857142857
1502700,0.8666666666666667,0.9411764705882353,0.85,0.7727272727272727,0.8714285714285714
1503000,0.85,0.9411764705882353,0.95,0.8181818181818182,0.8714285714285714
1503300,0.8166666666666667,0.9411764705882353,0.9,0.7272727272727273,0.8714285714285714
1503600,0.75,0.9411764705882353,0.8,0.6818181818181818,0.8571428571428571
1503900,0.7666666666666667,0.9705882352941176,0.9,0.6818181818181818,0.8571428571428571
1504200,0.7666666666666667,0.9705882352941176,0.9,0.6363636363636364,0.8571428571428571
1504500,0.75,0.9705882352941176,0.9,0.6818181818181818,0.8714285714285714
1504800,0.7333333333333333,0.9705882352941176,0.85,0.6818181818181818,0.8714285714285714
1505100,0.0,0.0,0.0,0.0,0.0
1505400,0.7833333333333333,1.0,0.85,0.7727272727272727,0.8428571428571429
1505700,0.8,1.0,0.85,0.7272727272727273,0.8714285714285714
1506000,0.8333333333333334,1.0,0.85,0.7727272727272727,0.8714285714285714
1506300,0.85,0.9705882352941176,0.75,0.7727272727272727,0.8857142857142857
1506600,0.85,0.9705882352941176,0.85,0.8636363636363636,0.8571428571428571
1506900,0.85,0.9705882352941176,0.9,0.8636363636363636,0.8428571428571429
1507200,0.8666666666666667,0.9411764705882353,0.8,0.8636363636363636,0.8428571428571429
1507500,0.8666666666666667,0.9411764705882353,0.9,0.8636363636363636,0.8142857142857143
1507800,0.8833333333333333,0.9411764705882353,0.8,0.8636363636363636,0.8142857142857143
1508100,0.8833333333333333,0.9411764705882353,0.85,0.8636363636363636,0.8142857142857143
1508400,0.9166666666666666,0.9411764705882353,0.9,0.8636363636363636,0.7857142857142857
1508700,0.9166666666666666,0.9705882352941176,0.9,0.8181818181818182,0.7571428571428571
1509000,0.9333333333333333,0.9411764705882353,0.9,0.8181818181818182,0.7571428571428571
1509300,0.9333333333333333,0.9411764705882353,0.8,0.8181818181818182,0.7428571428571429
1509600,0.9333333333333333,0.9411764705882353,0.75,0.7727272727272727,0.7428571428571429
1509900,0.9166666666666666,0.9411764705882353,0.9,0.8181818181818182,0.7285714285714285
1510200,0.9333333333333333,0.9705882352941176,0.7,0.8181818181818182,0.7285714285714285
1510500,0.9333333333333333,0.9411764705882353,0.8,0.8181818181818182,0.7428571428571429
1510800,0.9333333333333333,0.8823529411764706,0.8,0.7727272727272727,0.7142857142857143
1511100,0.9166666666666666,0.8235294117647058,0.8,0.8181818181818182,0.7142857142857143
1511400,0.9,0.7941176470588235,0.75,0.8181818181818182,0.7142857142857143
1511700,0.8833333333333333,0.7647058823529411,0.8,0.7272727272727273,0.7
1512000,0.8666666666666667,0.7058823529411765,0.8,0.6363636363636364,0.7
1512300,0.8666666666666667,0.6764705882352942,0.8,0.5909090909090909,0.7
1512600,0.8166666666666667,0.6470588235294118,0.7,0.5454545454545454,0.7
1512900,0.8,0.5882352941176471,0.6,0.5,0.6857142857142857
1513200,0.7333333333333333,0.5588235294117647,0.6,0.36363636363636365,0.7
1513500,0.65,0.5882352941176471,0.55,0.36363636363636365,0.6857142857142857
1513800,0.6333333333333333,0.5588235294117647,0.55,0.2727272727272727,0.6714285714285714
1514100,0.5833333333333334,0.47058823529411764,0.6,0.09090909090909091,0.6714285714285714
1514400,0.5833333333333334,0.47058823529411764,0.6,0.09090909090909091,0.7
1514700,0.6,0.38235294117647056,0.6,0.09090909090909091,0.6857142857142857
1515000,0.6166666666666667,0.4117647058823529,0.5,0.0,0.6857142857142857
1515300,0.5666666666666667,0.38235294117647056,0.45,0.0,0.6857142857142857
1515600,0.6,0.35294117647058826,0.6,0.0,0.7
1515900,0.55,0.2647058823529412,0.55,0.13636363636363635,0.6857142857142857
1516200,0.5,0.23529411764705882,0.5,0.22727272727272727,0.6714285714285714
1516500,0.48333333333333334,0.17647058823529413,0.35,0.22727272727272727,0.6857142857142857
1516800,0.45,0.2647058823529412,0.25,0.22727272727272727,0.7142857142857143
1517100,0.45,0.23529411764705882,0.45,0.22727272727272727,0.7
1517400,0.55,0.23529411764705882,0.5,0.3181818181818182,0.7142857142857143
1517700,0.5833333333333334,0.29411764705882354,0.5,0.22727272727272727,0.7428571428571429
1518000,0.5833333333333334,0.35294117647058826,0.55,0.4090909090909091,0.7571428571428571
1518300,0.6333333333333333,0.38235294117647056,0.6,0.2727272727272727,0.7571428571428571
1518600,0.6166666666666667,0.38235294117647056,0.55,0.3181818181818182,0.7571428571428571
1518900,0.6333333333333333,0.35294117647058826,0.5,0.36363636363636365,0.7571428571428571
1519200,0.6666666666666666,0.38235294117647056,0.5,0.4090909090909091,0.7428571428571429
1519500,0.8,0.5294117647058824,0.45,0.5,0.7571428571428571
1519800,0.8166666666666667,0.6764705882352942,0.5,0.5454545454545454,0.7714285714285715
1520100,0.8166666666666667,0.6764705882352942,0.5,0.5454545454545454,0.7571428571428571
1520400,0.8833333333333333,0.6764705882352942,0.65,0.5,0.7714285714285715
1520700,0.8833333333333333,0.6764705882352942,0.65,0.5909090909090909,0.7714285714285715
1521000,0.8666666666666667,0.7058823529411765,0.8,0.5454545454545454,0.7714285714285715
1521300,0.85,0.7647058823529411,0.85,0.5,0.7857142857142857
1521600,0.8833333333333333,0.7352941176470589,0.75,0.5454545454545454,0.7857142857142857
1521900,0.9166666666666666,0.7647058823529411,0.85,0.5909090909090909,0.8
1522200,0.9166666666666666,0.8529411764705882,0.85,0.5909090909090909,0.8
1522500,0.9,0.8529411764705882,0.7,0.6363636363636364,0.8
1522800,0.9,0.8529411764705882,0.8,0.6363636363636364,0.8285714285714286
1523100,0.9166666666666666,0.8823529411764706,0.7,0.6363636363636364,0.8142857142857143
1523400,0.9166666666666666,0.9117647058823529,0.8,0.6818181818181818,0.8285714285714286
1523700,0.9166666666666666,0.9117647058823529,0.75,0.6363636363636364,0.8428571428571429
1524000,0.9,0.9117647058823529,0.8,0.6363636363636364,0.8571428571428571
1524300,0.9,0.9117647058823529,0.65,0.6363636363636364,0.8285714285714286
1524600,0.9166666666666666,0.9117647058823529,0.55,0.5909090909090909,0.8285714285714286
1524900,0.9166666666666666,0.9117647058823529,0.7,0.5,0.8571428571428571
1525200,0.9333333333333333,0.9117647058823529,0.5,0.45454545454545453,0.8857142857142857
1525500,0.8833333333333333,0.8823529411764706,0.6,0.5,0.8857142857142857
1525800,0.5,0.8823529411764706,0.75,0.5,0.9
1526100,0.4,0.7058823529411765,0.8,0.5909090909090909,0.9
1526400,0.3333333333333333,0.029411764705882353,0.85,0.5909090909090909,0.9
1526700,0.16666666666666666,0.0,0.8,0.6363636363636364,0.9
1527000,0.0,0.0,0.8,0.6363636363636364,0.9142857142857143
1527300,0.0,0.0,0.85,0.6363636363636364,0.9142857142857143
1527600,0.0,0.0,0.85,0.6363636363636364,0.9142857142857143
1527900,0.0,0.0,0.8,0.6818181818181818,0.9142857142857143
1528200,0.0,0.0,0.6,0.6818181818181818,0.9
1528500,0.0,0.0,0.7,0.6818181818181818,0.9
1528800,0.0,0.0,0.65,0.5909090909090909,0.9
1529100,0.0,0.0,0.65,0.6363636363636364,0.8857142857142857
1529400,0.0,0.0,0.75,0.5909090909090909,0.8857142857142857
1529700,0.0,0.0,0.7,0.6363636363636364,0.9
1530000,0.0,0.0,0.7,0.5909090909090909,0.9
1530300,0.0,0.0,0.65,0.5909090909090909,0.9
1530600,0.0,0.0,0.7,0.5,0.8857142857142857
1530900,0.0,0.0,0.6,0.5,0.8857142857142857
1531200,0.0,0.0,0.5,0.45454545454545453,0.8857142857142857
1531500,0.0,0.0,0.6,0.4090909090909091,0.8714285714285714
1531800,0.0,0.0,0.65,0.45454545454545453,0.8857142857142857
1532100,0.0,0.0,0.65,0.5909090909090909,0.8857142857142857
1532400,0.0,0.0,0.55,0.5454545454545454,0.9
1532700,0.0,0.0,0.55,0.5454545454545454,0.9142857142857143
1533000,0.0,0.0,0.65,0.5454545454545454,0.9
1533300,0.0,0.0,0.75,0.5909090909090909,0.8857142857142857
1533600,0.0,0.0,0.65,0.5909090909090909,0.8857142857142857
1533900,0.0,0.0,0.65,0.5454545454545454,0.8857142857142857
1534200,0.0,0.0,0.65,0.5454545454545454,0.8714285714285714
1534500,0.0,0.0,0.65,0.5454545454545454,0.8571428571428571
1534800,0.0,0.0,0.7,0.5,0.8571428571428571
1535100,0.0,0.0,0.8,0.4090909090909091,0.8285714285714286
1535400,0.0,0.0,0.8,0.45454545454545453,0.8142857142857143
1535700,0.0,0.0,0.85,0.5,0.8142857142857143
1536000,0.0,0.0,0.7,0.5,0.8285714285714286
1536300,0.0,0.0,0.8,0.5,0.8285714285714286
1536600,0.0,0.0,0.75,0.5,0.8
1536900,0.0,0.0,0.7,0.5454545454545454,0.8142857142857143
1537200,0.0,0.0,0.7,0.6363636363636364,0.7857142857142857
1537500,0.0,0.0,0.65,0.6818181818181818,0.7285714285714285
1537800,0.0,0.0,0.6,0.6818181818181818,0.7285714285714285
1538100,0.0,0.0,0.7,0.6818181818181818,0.7571428571428571
1538400,0.0,0.0,0.65,0.5454545454545454,0.7428571428571429
1538700,0.0,0.0,0.6,0.5454545454545454,0.7428571428571429
1539000,0.0,0.0,0.7,0.5,0.7571428571428571
1539300,0.0,0.0,0.65,0.5,0.7142857142857143
1539600,0.0,0.0,0.6,0.5454545454545454,0.6857142857142857
1539900,0.0,0.0,0.7,0.45454545454545453,0.7
1540200,0.0,0.0,0.8,0.3181818181818182,0.7
1540500,0.0,0.0,0.6,0.2727272727272727,0.6714285714285714
1540800,0.0,0.0,0.6,0.2727272727272727,0.6714285714285714
1541100,0.0,0.0,0.5,0.22727272727272727,0.0
1541400,0.0,0.0,0.5,0.18181818181818182,0.6142857142857143
1541700,0.0,0.0,0.5,0.22727272727272727,0.6142857142857143
1542000,0.0,0.0,0.55,0.22727272727272727,0.5857142857142857
1542300,0.0,0.0,0.5,0.09090909090909091,0.5857142857142857
1542600,0.0,0.0,0.4,0.13636363636363635,0.5857142857142857
1542900,0.0,0.0,0.5,0.13636363636363635,0.5857142857142857
1543200,0.0,0.0,0.35,0.13636363636363635,0.5857142857142857
1543500,0.0,0.0,0.45,0.09090909090909091,0.5857142857142857
1543800,0.0,0.0,0.4,0.09090909090909091,0.6142857142857143
1544100,0.0,0.0,0.4,0.13636363636363635,0.6142857142857143
1544400,0.0,0.0,0.35,0.13636363636363635,0.6428571428571429
1544700,0.0,0.0,0.35,0.045454545454545456,0.6714285714285714
1545000,0.0,0.0,0.5,0.09090909090909091,0.6571428571428571
1545300,0.0,0.0,0.4,0.09090909090909091,0.6857142857142857
1545600,0.0,0.0,0.55,0.09090909090909091,0.6857142857142857
1545900,0.0,0.0,0.55,0.13636363636363635,0.6714285714285714
1546200,0.0,0.0,0.6,0.09090909090909091,0.7
1546500,0.0,0.0,0.6,0.09090909090909091,0.7
1546800,0.0,0.0,0.6,0.045454545454545456,0.6857142857142857
1547100,0.0,0.0,0.6,0.045454545454545456,0.6857142857142857
1547400,0.0,0.0,0.5,0.13636363636363635,0.7
1547700,0.0,0.0,0.55,0.09090909090909091,0.7571428571428571
1548000,0.0,0.0,0.5,0.09090909090909091,0.7857142857142857
1548300,0.4166666666666667,0.5294117647058824,0.4,0.18181818181818182,0.8
1548600,0.75,0.6764705882352942,0.35,0.2727272727272727,0.8
1548900,0.7333333333333333,0.6470588235294118,0.3,0.2727272727272727,0.7857142857142857
1549200,0.75,0.6470588235294118,0.3,0.3181818181818182,0.7857142857142857
1549500,0.7333333333333333,0.5882352941176471,0.3,0.2727272727272727,0.7714285714285715
1549800,0.7,0.5588235294117647,0.35,0.3181818181818182,0.7714285714285715
1550100,0.6833333333333333,0.5588235294117647,0.25,0.3181818181818182,0.7428571428571429
1550400,0.5833333333333334,0.5294117647058824,0.3,0.45454545454545453,0.7571428571428571
1550700,0.5833333333333334,0.5,0.4,0.45454545454545453,0.7428571428571429
1551000,0.5833333333333334,0.5,0.4,0.45454545454545453,0.7428571428571429
1551300,0.5,0.47058823529411764,0.45,0.36363636363636365,0.7
1551600,0.4666666666666667,0.4411764705882353,0.45,0.36363636363636365,0.6857142857142857
1551900,0.5166666666666667,0.4411764705882353,0.4,0.36363636363636365,0.6857142857142857
1552200,0.5333333333333333,0.4117647058823529,0.4,0.3181818181818182,0.6714285714285714
1552500,0.5333333333333333,0.4117647058823529,0.5,0.2727272727272727,0.6428571428571429
1552800,0.5166666666666667,0.4117647058823529,0.4,0.22727272727272727,0.6142857142857143
1553100,0.5333333333333333,0.35294117647058826,0.5,0.3181818181818182,0.6142857142857143
1553400,0.5833333333333334,0.3235294117647059,0.45,0.3181818181818182,0.5714285714285714
1553700,0.6166666666666667,0.35294117647058826,0.5,0.36363636363636365,0.5714285714285714
1554000,0.6,0.3235294117647059,0.6,0.36363636363636365,0.5571428571428572
1554300,0.6166666666666667,0.29411764705882354,0.65,0.36363636363636365,0.5428571428571428
1554600,0.65,0.20588235294117646,0.7,0.36363636363636365,0.5428571428571428
1554900,0.65,0.20588235294117646,0.7,0.36363636363636365,0.5142857142857142
1555200,0.5833333333333334,0.17647058823529413,0.75,0.36363636363636365,0.5285714285714286
1555500,0.5666666666666667,0.11764705882352941,0.75,0.36363636363636365,0.5285714285714286
1555800,0.45,0.029411764705882353,0.65,0.3181818181818182,0.5142857142857142
1556100,0.43333333333333335,0.08823529411764706,0.55,0.3181818181818182,0.45714285714285713
1556400,0.36666666666666664,0.0,0.7,0.2727272727272727,0.42857142857142855
1556700,0.3333333333333333,0.0,0.75,0.22727272727272727,0.42857142857142855
1557000,0.36666666666666664,0.058823529411764705,0.7,0.2727272727272727,0.4142857142857143
1557300,0.31666666666666665,0.029411764705882353,0.6,0.2727272727272727,0.4142857142857143
1557600,0.21666666666666667,0.058823529411764705,0.5,0.36363636363636365,0.4142857142857143
1557900,0.2,0.058823529411764705,0.5,0.3181818181818182,0.4142857142857143
1558200,0.15,0.0,0.5,0.2727272727272727,0.4
1558500,0.15,0.029411764705882353,0.45,0.2727272727272727,0.4
1558800,0.16666666666666666,0.029411764705882353,0.4,0.3181818181818182,0.4
1559100,0.11666666666666667,0.029411764705882353,0.45,0.3181818181818182,0.38571428571428573
1559400,0.13333333333333333,0.058823529411764705,0.35,0.2727272727272727,0.35714285714285715
1559700,0.11666666666666667,0.029411764705882353,0.35,0.2727272727272727,0.35714285714285715
1560000,0.11666666666666667,0.058823529411764705,0.35,0.18181818181818182,0.35714285714285715
1560300,0.21666666666666667,0.058823529411764705,0.4,0.22727272727272727,0.35714285714285715
1560600,0.2,0.0,0.4,0.18181818181818182,0.35714285714285715
1560900,0.23333333333333334,0.058823529411764705,0.4,0.22727272727272727,0.37142857142857144
1561200,0.23333333333333334,0.058823529411764705,0.45,0.22727272727272727,0.35714285714285715
1561500,0.2833333333333333,0.058823529411764705,0.5,0.2727272727272727,0.35714285714285715
1561800,0.26666666666666666,0.11764705882352941,0.5,0.2727272727272727,0.35714285714285715
1562100,0.36666666666666664,0.08823529411764706,0.5,0.2727272727272727,0.35714285714285715
1562400,0.36666666666666664,0.20588235294117646,0.65,0.2727272727272727,0.35714285714285715
1562700,0.4166666666666667,0.23529411764705882,0.65,0.3181818181818182,0.34285714285714286
1563000,0.45,0.2647058823529412,0.6,0.3181818181818182,0.34285714285714286
1563300,0.5333333333333333,0.20588235294117646,0.65,0.36363636363636365,0.34285714285714286
1563600,0.5166666666666667,0.2647058823529412,0.65,0.36363636363636365,0.35714285714285715
1563900,0.5166666666666667,0.23529411764705882,0.65,0.36363636363636365,0.35714285714285715
1564200,0.5666666666666667,0.3235294117647059,0.7,0.36363636363636365,0.35714285714285715
1564500,0.65,0.35294117647058826,0.6,0.36363636363636365,0.37142857142857144
1564800,0.6166666666666667,0.3235294117647059,0.8,0.6363636363636364,0.37142857142857144
1565100,0.6166666666666667,0.2647058823529412,0.8,0.6818181818181818,0.37142857142857144
1565400,0.55,0.38235294117647056,0.75,0.8181818181818182,0.37142857142857144
1565700,0.5666666666666667,0.5,0.75,0.7272727272727273,0.37142857142857144
1566000,0.5833333333333334,0.5588235294117647,0.75,0.7727272727272727,0.37142857142857144
1566300,0.6,0.6470588235294118,0.7,0.7272727272727273,0.37142857142857144
1566600,0.5666666666666667,0.6470588235294118,0.7,0.5454545454545454,0.37142857142857144
1566900,0.6,0.5882352941176471,0.7,0.4090909090909091,0.37142857142857144
1567200,0.6166666666666667,0.5294117647058824,0.65,0.4090909090909091,0.37142857142857144
1567500,0.6,0.5294117647058824,0.65,0.18181818181818182,0.37142857142857144
1567800,0.6166666666666667,0.5,0.65,0.18181818181818182,0.37142857142857144
1568100,0.6,0.5,0.7,0.13636363636363635,0.37142857142857144
1568400,0.6,0.5294117647058824,0.75,0.09090909090909091,0.37142857142857144
1568700,0.5666666666666667,0.5294117647058824,0.65,0.09090909090909091,0.37142857142857144
1569000,0.5666666666666667,0.5588235294117647,0.7,0.09090909090909091,0.37142857142857144
1569300,0.55,0.5,0.65,0.09090909090909091,0.37142857142857144
1569600,0.5,0.5,0.6,0.09090909090909091,0.37142857142857144
1569900,0.5666666666666667,0.47058823529411764,0.6,0.09090909090909091,0.37142857142857144
1570200,0.55,0.4411764705882353,0.6,0.09090909090909091,0.37142857142857144
1570500,0.5333333333333333,0.4117647058823529,0.6,0.09090909090909091,0.37142857142857144
1570800,0.48333333333333334,0.4117647058823529,0.5,0.09090909090909091,0.37142857142857144
1571100,0.4666666666666667,0.4117647058823529,0.6,0.09090909090909091,0.37142857142857144
1571400,0.4166666666666667,0.47058823529411764,0.6,0.13636363636363635,0.37142857142857144
1571700,0.38333333333333336,0.5,0.65,0.2727272727272727,0.37142857142857144
1572000,0.35,0.47058823529411764,0.6,0.3181818181818182,0.37142857142857144
1572300,0.35,0.47058823529411764,0.6,0.36363636363636365,0.37142857142857144
1572600,0.3,0.4411764705882353,0.6,0.3181818181818182,0.37142857142857144
1572900,0.2833333333333333,0.4411764705882353,0.55,0.3181818181818182,0.37142857142857144
1573200,0.26666666666666666,0.4411764705882353,0.55,0.3181818181818182,0.37142857142857144
1573500,0.26666666666666666,0.47058823529411764,0.55,0.3181818181818182,0.37142857142857144
1573800,0.26666666666666666,0.47058823529411764,0.55,0.3181818181818182,0.37142857142857144
1574100,0.21666666666666667,0.4117647058823529,0.55,0.2727272727272727,0.37142857142857144
1574400,0.26666666666666666,0.47058823529411764,0.6,0.2727272727272727,0.37142857142857144
1574700,0.2833333333333333,0.5,0.55,0.22727272727272727,0.37142857142857144
1575000,0.3333333333333333,0.5294117647058824,0.45,0.2727272727272727,0.37142857142857144
1575300,0.26666666666666666,0.5294117647058824,0.5,0.22727272727272727,0.37142857142857144
1575600,0.2,0.4411764705882353,0.5,0.18181818181818182,0.37142857142857144
1575900,0.2,0.38235294117647056,0.4,0.13636363636363635,0.37142857142857144
1576200,0.21666666666666667,0.38235294117647056,0.35,0.13636363636363635,0.37142857142857144
1576500,0.26666666666666666,0.4411764705882353,0.35,0.18181818181818182,0.37142857142857144
1576800,0.18333333333333332,0.35294117647058826,0.35,0.22727272727272727,0.37142857142857144
1577100,0.21666666666666667,0.3235294117647059,0.35,0.36363636363636365,0.37142857142857144
1577400,0.21666666666666667,0.38235294117647056,0.3,0.5454545454545454,0.37142857142857144
1577700,0.23333333333333334,0.38235294117647056,0.4,0.5,0.38571428571428573
1578000,0.16666666666666666,0.38235294117647056,0.4,0.45454545454545453,0.38571428571428573
1578300,0.23333333333333334,0.2647058823529412,0.4,0.2727272727272727,0.38571428571428573
1578600,0.16666666666666666,0.20588235294117646,0.25,0.2727272727272727,0.38571428571428573
1578900,0.1,0.11764705882352941,0.45,0.2727272727272727,0.4
1579200,0.06666666666666667,0.0,0.45,0.2727272727272727,0.38571428571428573
1579500,0.15,0.029411764705882353,0.35,0.18181818181818182,0.38571428571428573
1579800,0.16666666666666666,0.0,0.25,0.18181818181818182,0.37142857142857144
1580100,0.16666666666666666,0.08823529411764706,0.35,0.22727272727272727,0.38571428571428573
1580400,0.2,0.0,0.45,0.3181818181818182,0.4
1580700,0.21666666666666667,0.08823529411764706,0.4,0.2727272727272727,0.4142857142857143
1581000,0.18333333333333332,0.08823529411764706,0.4,0.3181818181818182,0.45714285714285713
1581300,0.18333333333333332,0.11764705882352941,0.4,0.36363636363636365,0.4857142857142857
1581600,0.15,0.17647058823529413,0.45,0.4090909090909091,0.5
1581900,0.13333333333333333,0.20588235294117646,0.5,0.3181818181818182,0.5142857142857142
1582200,0.13333333333333333,0.058823529411764705,0.45,0.45454545454545453,0.5142857142857142
1582500,0.16666666666666666,0.14705882352941177,0.5,0.45454545454545453,0.5285714285714286
1582800,0.16666666666666666,0.17647058823529413,0.6,0.45454545454545453,0.5285714285714286
1583100,0.15,0.20588235294117646,0.6,0.5,0.5571428571428572
1583400,0.18333333333333332,0.3235294117647059,0.85,0.45454545454545453,0.5714285714285714
1583700,0.15,0.3235294117647059,0.85,0.4090909090909091,0.6285714285714286
1584000,0.18333333333333332,0.3235294117647059,0.8,0.4090909090909091,0.6714285714285714
1584300,0.21666666666666667,0.4117647058823529,0.9,0.36363636363636365,0.7142857142857143
1584600,0.35,0.47058823529411764,0.85,0.36363636363636365,0.7285714285714285
1584900,0.4166666666666667,0.5294117647058824,0.8,0.4090909090909091,0.7428571428571429
1585200,0.5,0.5588235294117647,0.9,0.45454545454545453,0.7428571428571429
1585500,0.5666666666666667,0.5882352941176471,0.9,0.5,0.7428571428571429
1585800,0.5666666666666667,0.5882352941176471,0.9,0.6363636363636364,0.7428571428571429
1586100,0.7333333333333333,0.6176470588235294,0.9,0.7727272727272727,0.7428571428571429
1586400,0.8,0.6470588235294118,0.9,0.7727272727272727,0.7428571428571429
1586700,0.8166666666666667,0.7058823529411765,0.9,0.8181818181818182,0.7571428571428571
1587000,0.8333333333333334,0.7647058823529411,0.8,0.8181818181818182,0.7571428571428571
1587300,0.8666666666666667,0.7941176470588235,0.9,0.8181818181818182,0.7714285714285715
1587600,0.8833333333333333,0.8529411764705882,0.9,0.8636363636363636,0.7714285714285715
1587900,0.8833333333333333,0.8529411764705882,0.8,0.9090909090909091,0.7714285714285715
1588200,0.85,0.8529411764705882,0.9,0.9090909090909091,0.7714285714285715
1588500,0.85,0.8823529411764706,0.9,0.9090909090909091,0.7714285714285715
1588800,0.7833333333333333,0.8823529411764706,0.95,0.9090909090909091,0.7857142857142857
1589100,0.8,0.9411764705882353,0.9,0.9090909090909091,0.7857142857142857
1589400,0.75,0.9411764705882353,0.9,0.9090909090909091,0.7857142857142857
1589700,0.75,0.9117647058823529,0.9,0.9545454545454546,0.8
1590000,0.7833333333333333,0.9117647058823529,0.9,0.9545454545454546,0.8142857142857143
1590300,0.7833333333333333,0.8823529411764706,0.9,0.9090909090909091,0.8142857142857143
1590600,0.7666666666666667,0.8823529411764706,0.9,0.9090909090909091,0.8142857142857143
1590900,0.75,0.8823529411764706,0.8,0.8636363636363636,0.8142857142857143
1591200,0.75,0.8823529411764706,0.95,0.8636363636363636,0.8285714285714286
1591500,0.0,0.0,0.0,0.0,0.0
1591800,0.8166666666666667,0.8529411764705882,0.9,0.7727272727272727,0.8142857142857143
1592100,0.8666666666666667,0.8529411764705882,0.9,0.7727272727272727,0.8142857142857143
1592400,0.85,0.9117647058823529,0.8,0.7727272727272727,0.8142857142857143
1592700,0.8333333333333334,0.9411764705882353,0.7,0.8181818181818182,0.8428571428571429
1593000,0.8666666666666667,0.9411764705882353,0.7,0.7727272727272727,0.8428571428571429
1593300,0.85,0.9411764705882353,0.7,0.8181818181818182,0.8571428571428571
1593600,0.9166666666666666,0.9117647058823529,0.7,0.9090909090909091,0.8428571428571429
1593900,0.9333333333333333,0.9117647058823529,0.7,0.8636363636363636,0.8571428571428571
1594200,0.95,0.9117647058823529,0.7,0.8636363636363636,0.8428571428571429
1594500,0.9333333333333333,0.9117647058823529,0.75,0.8181818181818182,0.8428571428571429
1594800,0.9333333333333333,0.9117647058823529,0.7,0.8636363636363636,0.8571428571428571
1595100,0.9666666666666667,0.9117647058823529,0.8,0.8636363636363636,0.8714285714285714
1595400,0.9666666666666667,0.9117647058823529,0.85,0.8636363636363636,0.8714285714285714
1595700,0.9666666666666667,0.8823529411764706,0.85,0.8636363636363636,0.8571428571428571
1596000,0.95,0.8529411764705882,0.75,0.8636363636363636,0.8428571428571429
1596300,0.9666666666666667,0.8823529411764706,0.75,0.9090909090909091,0.8285714285714286
1596600,0.95,0.8823529411764706,0.9,0.8636363636363636,0.8285714285714286
1596900,0.95,0.9117647058823529,0.85,0.8636363636363636,0.8142857142857143
1597200,0.9166666666666666,0.9117647058823529,0.7,0.8636363636363636,0.8142857142857143
1597500,0.8833333333333333,0.9411764705882353,0.8,0.8181818181818182,0.8
1597800,0.8666666666666667,0.9411764705882353,0.8,0.7727272727272727,0.7857142857142857
1598100,0.8666666666666667,0.9411764705882353,0.8,0.7272727272727273,0.7714285714285715
1598400,0.8666666666666667,0.9411764705882353,0.7,0.6818181818181818,0.7571428571428571
1598700,0.0,0.0,0.0,0.0,0.0
1599000,0.8,0.7647058823529411,0.75,0.5454545454545454,0.7571428571428571
1599300,0.7833333333333333,0.7352941176470589,0.7,0.45454545454545453,0.7571428571428571
1599600,0.6833333333333333,0.6176470588235294,0.65,0.4090909090909091,0.7428571428571429
1599900,0.6,0.6176470588235294,0.6,0.4090909090909091,0.7428571428571429
1600200,0.5833333333333334,0.6176470588235294,0.45,0.36363636363636365,0.7142857142857143
1600500,0.55,0.5882352941176471,0.45,0.36363636363636365,0.7142857142857143
1600800,0.5166666666666667,0.5882352941176471,0.45,0.36363636363636365,0.7285714285714285
1601100,0.55,0.5294117647058824,0.45,0.3181818181818182,0.7
1601400,0.5333333333333333,0.5588235294117647,0.5,0.3181818181818182,0.6857142857142857
1601700,0.5333333333333333,0.5882352941176471,0.5,0.2727272727272727,0.6571428571428571
1602000,0.5333333333333333,0.5,0.55,0.2727272727272727,0.6571428571428571
1602300,0.5,0.47058823529411764,0.5,0.18181818181818182,0.6428571428571429
1602600,0.5333333333333333,0.47058823529411764,0.55,0.18181818181818182,0.6285714285714286
1602900,0.55,0.4411764705882353,0.55,0.18181818181818182,0.6285714285714286
1603200,0.48333333333333334,0.4117647058823529,0.6,0.18181818181818182,0.6285714285714286
1603500,0.5166666666666667,0.38235294117647056,0.55,0.18181818181818182,0.6142857142857143
1603800,0.4666666666666667,0.4411764705882353,0.7,0.18181818181818182,0.6285714285714286
1604100,0.48333333333333334,0.5294117647058824,0.7,0.3181818181818182,0.6714285714285714
1604400,0.5333333333333333,0.5588235294117647,0.75,0.2727272727272727,0.6714285714285714
1604700,0.55,0.5588235294117647,0.8,0.36363636363636365,0.6714285714285714
1605000,0.55,0.6176470588235294,0.8,0.36363636363636365,0.6571428571428571
1605300,0.5333333333333333,0.7058823529411765,0.85,0.36363636363636365,0.6714285714285714
1605600,0.5,0.7352941176470589,0.85,0.5454545454545454,0.7142857142857143
1605900,0.0,0.0,0.0,0.0,0.0
1606200,0.6,0.7941176470588235,0.95,0.7272727272727273,0.7142857142857143
1606500,0.6333333333333333,0.7941176470588235,0.95,0.7727272727272727,0.7142857142857143
1606800,0.6666666666666666,0.8235294117647058,0.85,0.8181818181818182,0.7142857142857143
1607100,0.65,0.8529411764705882,0.95,0.7727272727272727,0.7142857142857143
1607400,0.7,0.9117647058823529,0.85,0.7727272727272727,0.7285714285714285
1607700,0.7333333333333333,0.9117647058823529,0.65,0.7272727272727273,0.7428571428571429
1608000,0.75,0.9117647058823529,0.75,0.6363636363636364,0.7428571428571429
1608300,0.7666666666666667,0.9117647058823529,0.75,0.6363636363636364,0.7571428571428571
1608600,0.7666666666666667,0.9117647058823529,0.75,0.6363636363636364,0.7571428571428571
1608900,0.8,0.9117647058823529,0.6,0.5909090909090909,0.7428571428571429
1609200,0.8166666666666667,0.9411764705882353,0.75,0.5909090909090909,0.7428571428571429
1609500,0.8333333333333334,0.9411764705882353,0.85,0.6818181818181818,0.7571428571428571
1609800,0.8166666666666667,0.9411764705882353,0.65,0.7272727272727273,0.7428571428571429
1610100,0.8166666666666667,0.9411764705882353,0.8,0.7272727272727273,0.7571428571428571
1610400,0.85,0.9411764705882353,0.8,0.7272727272727273,0.7571428571428571
1610700,0.8666666666666667,0.9117647058823529,0.8,0.7272727272727273,0.7571428571428571
1611000,0.8666666666666667,0.9411764705882353,0.95,0.7272727272727273,0.7571428571428571
1611300,0.8166666666666667,0.9411764705882353,0.95,0.7727272727272727,0.7714285714285715
1611600,0.8666666666666667,0.9411764705882353,0.95,0.7727272727272727,0.7857142857142857
1611900,0.85,0.9411764705882353,0.95,0.8181818181818182,0.8
1612200,0.8333333333333334,0.9411764705882353,1.0,0.8181818181818182,0.8
1612500,0.85,0.9117647058823529,0.9,0.8636363636363636,0.8142857142857143
1612800,0.8666666666666667,0.029411764705882353,1.0,0.7727272727272727,0.8142857142857143
1613100,0.5166666666666667,0.029411764705882353,1.0,0.7727272727272727,0.8
1613400,0.0,0.029411764705882353,0.9,0.7727272727272727,0.8142857142857143
1613700,0.0,0.058823529411764705,0.9,0.7727272727272727,0.8285714285714286
1614000,0.0,0.0,0.9,0.7727272727272727,0.8285714285714286
1614300,0.0,0.0,0.9,0.7727272727272727,0.8285714285714286
1614600,0.0,0.0,0.8,0.7272727272727273,0.8285714285714286
1614900,0.0,0.0,0.8,0.7272727272727273,0.8428571428571429
1615200,0.0,0.0,0.6,0.7272727272727273,0.8571428571428571
1615500,0.0,0.0,0.6,0.7727272727272727,0.8571428571428571
1615800,0.0,0.0,0.65,0.7727272727272727,0.8714285714285714
1616100,0.0,0.0,0.65,0.7272727272727273,0.9
1616400,0.0,0.0,0.55,0.7272727272727273,0.9
1616700,0.0,0.0,0.55,0.7272727272727273,0.9
1617000,0.0,0.0,0.55,0.7272727272727273,0.9
1617300,0.0,0.0,0.6,0.6818181818181818,0.9
1617600,0.0,0.0,0.6,0.6818181818181818,0.9
1617900,0.0,0.0,0.65,0.6818181818181818,0.9142857142857143
1618200,0.0,0.0,0.75,0.7272727272727273,0.9142857142857143
1618500,0.0,0.0,0.55,0.7727272727272727,0.9142857142857143
1618800,0.0,0.0,0.6,0.7727272727272727,0.9285714285714286
1619100,0.0,0.0,0.6,0.7727272727272727,0.9142857142857143
1619400,0.0,0.0,0.7,0.8181818181818182,0.9
1619700,0.0,0.0,0.5,0.7272727272727273,0.9
1620000,0.0,0.0,0.6,0.7272727272727273,0.9
1620300,0.0,0.0,0.65,0.7272727272727273,0.9
1620600,0.0,0.0,0.7,0.7272727272727273,0.8714285714285714
1620900,0.0,0.0,0.6,0.8181818181818182,0.8714285714285714
1621200,0.0,0.0,0.6,0.8181818181818182,0.8714285714285714
1621500,0.0,0.0,0.65,0.7272727272727273,0.8714285714285714
1621800,0.0,0.0,0.8,0.7727272727272727,0.8571428571428571
1622100,0.0,0.0,0.8,0.7727272727272727,0.8428571428571429
1622400,0.0,0.0,0.65,0.7727272727272727,0.8285714285714286
1622700,0.0,0.0,0.7,0.7272727272727273,0.8285714285714286
1623000,0.0,0.0,0.7,0.7272727272727273,0.8285714285714286
1623300,0.0,0.0,0.75,0.7272727272727273,0.8285714285714286
1623600,0.0,0.0,0.75,0.7727272727272727,0.8285714285714286
1623900,0.0,0.0,0.75,0.7272727272727273,0.8142857142857143
1624200,0.0,0.0,0.75,0.7272727272727273,0.8
1624500,0.0,0.0,0.8,0.7727272727272727,0.8
1624800,0.0,0.0,0.8,0.7727272727272727,0.7571428571428571
1625100,0.0,0.0,0.8,0.8181818181818182,0.7285714285714285
1625400,0.0,0.0,0.7,0.8181818181818182,0.7285714285714285
1625700,0.0,0.0,0.85,0.7272727272727273,0.7285714285714285
1626000,0.0,0.0,0.7,0.7272727272727273,0.7285714285714285
1626300,0.0,0.0,0.75,0.7272727272727273,0.7285714285714285
1626600,0.0,0.0,0.75,0.6818181818181818,0.7285714285714285
1626900,0.0,0.0,0.55,0.7727272727272727,0.7428571428571429
1627200,0.0,0.0,0.55,0.7727272727272727,0.7285714285714285
1627500,0.0,0.0,0.6,0.7272727272727273,0.7285714285714285
1627800,0.0,0.0,0.55,0.6363636363636364,0.7285714285714285
1628100,0.0,0.0,0.65,0.5909090909090909,0.7285714285714285
1628400,0.0,0.0,0.55,0.45454545454545453,0.7428571428571429
1628700,0.0,0.0,0.65,0.4090909090909091,0.7714285714285715
1629000,0.0,0.0,0.6,0.4090909090909091,0.8
1629300,0.0,0.0,0.55,0.2727272727272727,0.7857142857142857
1629600,0.0,0.0,0.7,0.2727272727272727,0.7714285714285715
1629900,0.0,0.0,0.6,0.18181818181818182,0.8
1630200,0.0,0.0,0.6,0.13636363636363635,0.7857142857142857
1630500,0.0,0.0,0.6,0.13636363636363635,0.7428571428571429
1630800,0.0,0.0,0.6,0.13636363636363635,0.7571428571428571
1631100,0.0,0.0,0.5,0.13636363636363635,0.7142857142857143
1631400,0.0,0.0,0.45,0.13636363636363635,0.7285714285714285
1631700,0.0,0.0,0.55,0.09090909090909091,0.7285714285714285
1632000,0.0,0.0,0.75,0.045454545454545456,0.7428571428571429
1632300,0.0,0.0,0.6,0.2727272727272727,0.7428571428571429
1632600,0.0,0.0,0.6,0.4090909090909091,0.7714285714285715
1632900,0.0,0.0,0.6,0.36363636363636365,0.7714285714285715
1633200,0.0,0.0,0.45,0.36363636363636365,0.7571428571428571
1633500,0.0,0.0,0.5,0.5,0.7714285714285715
1633800,0.0,0.0,0.55,0.45454545454545453,0.7714285714285715
1634100,0.0,0.0,0.55,0.5454545454545454,0.7857142857142857
1634400,0.0,0.23529411764705882,0.5,0.5454545454545454,0.7857142857142857
1634700,0.0,0.0,0.0,0.0,0.0
1635000,0.7,0.7352941176470589,0.55,0.5454545454545454,0.7857142857142857
1635300,0.7333333333333333,0.6764705882352942,0.6,0.5454545454545454,0.7571428571428571
1635600,0.75,0.6764705882352942,0.55,0.5454545454545454,0.7714285714285715
1635900,0.7333333333333333,0.6470588235294118,0.55,0.5454545454545454,0.7714285714285715
1636200,0.7166666666666667,0.6176470588235294,0.55,0.5454545454545454,0.7571428571428571
1636500,0.7166666666666667,0.5882352941176471,0.55,0.5454545454545454,0.7571428571428571
1636800,0.6833333333333333,0.5882352941176471,0.4,0.45454545454545453,0.7285714285714285
1637100,0.6833333333333333,0.5588235294117647,0.35,0.45454545454545453,0.7
1637400,0.6666666666666666,0.5588235294117647,0.4,0.5,0.7
1637700,0.6666666666666666,0.4117647058823529,0.35,0.5909090909090909,0.6857142857142857
1638000,0.6666666666666666,0.38235294117647056,0.4,0.5,0.7
1638300,0.6333333333333333,0.3235294117647059,0.4,0.5,0.6714285714285714
1638600,0.6166666666666667,0.29411764705882354,0.4,0.5,0.6857142857142857
1638900,0.6333333333333333,0.29411764705882354,0.6,0.5454545454545454,0.6571428571428571
1639200,0.6,0.2647058823529412,0.55,0.5454545454545454,0.6571428571428571
1639500,0.55,0.3235294117647059,0.65,0.5454545454545454,0.6714285714285714
1639800,0.5166666666666667,0.3235294117647059,0.65,0.5909090909090909,0.6428571428571429
1640100,0.5833333333333334,0.20588235294117646,0.65,0.6818181818181818,0.6428571428571429
1640400,0.6,0.23529411764705882,0.55,0.6818181818181818,0.6428571428571429
1640700,0.5833333333333334,0.23529411764705882,0.6,0.5909090909090909,0.6142857142857143
1641000,0.6166666666666667,0.23529411764705882,0.5,0.6363636363636364,0.6
1641300,0.6166666666666667,0.17647058823529413,0.65,0.6363636363636364,0.6
1641600,0.6333333333333333,0.08823529411764706,0.65,0.6818181818181818,0.5714285714285714
1641900,0.0,0.0,0.7,0.7272727272727273,0.0
1642200,0.5166666666666667,0.0,0.7,0.7727272727272727,0.5571428571428572
1642500,0.5166666666666667,0.0,0.7,0.7272727272727273,0.5285714285714286
1642800,0.4666666666666667,0.029411764705882353,0.65,0.6818181818181818,0.5
1643100,0.4166666666666667,0.058823529411764705,0.6,0.6363636363636364,0.4714285714285714
1643400,0.25,0.029411764705882353,0.55,0.5454545454545454,0.45714285714285713
1643700,0.18333333333333332,0.0,0.6,0.5454545454545454,0.42857142857142855
1644000,0.11666666666666667,0.029411764705882353,0.5,0.5454545454545454,0.42857142857142855
1644300,0.08333333333333333,0.029411764705882353,0.5,0.5454545454545454,0.42857142857142855
1644600,0.05,0.029411764705882353,0.45,0.5454545454545454,0.4
1644900,0.08333333333333333,0.058823529411764705,0.25,0.5909090909090909,0.4
1645200,0.05,0.058823529411764705,0.3,0.5909090909090909,0.4142857142857143
1645500,0.08333333333333333,0.029411764705882353,0.5,0.5,0.4142857142857143
1645800,0.06666666666666667,0.029411764705882353,0.5,0.5454545454545454,0.37142857142857144
1646100,0.06666666666666667,0.029411764705882353,0.5,0.45454545454545453,0.37142857142857144
1646400,0.08333333333333333,0.058823529411764705,0.55,0.4090909090909091,0.37142857142857144
1646700,0.08333333333333333,0.08823529411764706,0.6,0.3181818181818182,0.37142857142857144
1647000,0.13333333333333333,0.058823529411764705,0.6,0.36363636363636365,0.37142857142857144
1647300,0.18333333333333332,0.08823529411764706,0.7,0.36363636363636365,0.37142857142857144
1647600,0.16666666666666666,0.08823529411764706,0.65,0.3181818181818182,0.37142857142857144
1647900,0.26666666666666666,0.058823529411764705,0.7,0.36363636363636365,0.37142857142857144
1648200,0.2833333333333333,0.058823529411764705,0.7,0.4090909090909091,0.37142857142857144
1648500,0.35,0.11764705882352941,0.5,0.36363636363636365,0.37142857142857144
1648800,0.35,0.20588235294117646,0.65,0.36363636363636365,0.37142857142857144
1649100,0.0,0.0,0.0,0.0,0.0
1649400,0.45,0.23529411764705882,0.7,0.4090909090909091,0.37142857142857144
1649700,0.45,0.20588235294117646,0.7,0.5454545454545454,0.37142857142857144
1650000,0.4666666666666667,0.2647058823529412,0.65,0.7272727272727273,0.37142857142857144
1650300,0.5166666666666667,0.23529411764705882,0.65,0.7727272727272727,0.35714285714285715
1650600,0.48333333333333334,0.20588235294117646,0.75,0.7727272727272727,0.35714285714285715
1650900,0.5,0.20588235294117646,0.75,0.36363636363636365,0.35714285714285715
1651200,0.5,0.20588235294117646,0.65,0.3181818181818182,0.35714285714285715
1651500,0.5166666666666667,0.29411764705882354,0.65,0.36363636363636365,0.35714285714285715
1651800,0.5166666666666667,0.3235294117647059,0.65,0.2727272727272727,0.35714285714285715
1652100,0.5333333333333333,0.29411764705882354,0.75,0.09090909090909091,0.35714285714285715
1652400,0.5,0.2647058823529412,0.75,0.13636363636363635,0.35714285714285715
1652700,0.5,0.29411764705882354,0.8,0.045454545454545456,0.35714285714285715
1653000,0.5,0.29411764705882354,0.85,0.13636363636363635,0.35714285714285715
1653300,0.5666666666666667,0.35294117647058826,0.65,0.13636363636363635,0.35714285714285715
1653600,0.5666666666666667,0.38235294117647056,0.8,0.09090909090909091,0.35714285714285715
1653900,0.55,0.4411764705882353,0.65,0.09090909090909091,0.35714285714285715
1654200,0.5666666666666667,0.4117647058823529,0.65,0.09090909090909091,0.35714285714285715
1654500,0.55,0.38235294117647056,0.75,0.0,0.35714285714285715
1654800,0.5333333333333333,0.38235294117647056,0.65,0.045454545454545456,0.35714285714285715
1655100,0.5,0.38235294117647056,0.7,0.045454545454545456,0.35714285714285715
1655400,0.4666666666666667,0.4117647058823529,0.55,0.09090909090909091,0.35714285714285715
1655700,0.5166666666666667,0.38235294117647056,0.6,0.13636363636363635,0.35714285714285715
1656000,0.5,0.3235294117647059,0.65,0.13636363636363635,0.35714285714285715
1656300,0.5166666666666667,0.35294117647058826,0.55,0.13636363636363635,0.35714285714285715
1656600,0.5166666666666667,0.38235294117647056,0.5,0.13636363636363635,0.35714285714285715
1656900,0.5,0.38235294117647056,0.55,0.3181818181818182,0.35714285714285715
1657200,0.4666666666666667,0.4117647058823529,0.55,0.36363636363636365,0.35714285714285715
1657500,0.45,0.4117647058823529,0.55,0.5,0.37142857142857144
1657800,0.45,0.4117647058823529,0.6,0.5454545454545454,0.37142857142857144
1658100,0.45,0.4411764705882353,0.6,0.5,0.37142857142857144
1658400,0.45,0.4411764705882353,0.6,0.5909090909090909,0.37142857142857144
1658700,0.4666666666666667,0.4411764705882353,0.6,0.6363636363636364,0.37142857142857144
1659000,0.45,0.4411764705882353,0.55,0.5454545454545454,0.37142857142857144
1659300,0.43333333333333335,0.4411764705882353,0.6,0.5454545454545454,0.37142857142857144
1659600,0.36666666666666664,0.47058823529411764,0.55,0.5909090909090909,0.37142857142857144
1659900,0.31666666666666665,0.47058823529411764,0.55,0.6363636363636364,0.37142857142857144
1660200,0.3,0.5,0.5,0.6363636363636364,0.37142857142857144
1660500,0.35,0.47058823529411764,0.5,0.6363636363636364,0.37142857142857144
1660800,0.3333333333333333,0.4117647058823529,0.45,0.5909090909090909,0.37142857142857144
1661100,0.3,0.4117647058823529,0.4,0.5909090909090909,0.37142857142857144
1661400,0.26666666666666666,0.4117647058823529,0.4,0.5909090909090909,0.37142857142857144
1661700,0.25,0.35294117647058826,0.4,0.5909090909090909,0.37142857142857144
1662000,0.21666666666666667,0.38235294117647056,0.3,0.5909090909090909,0.37142857142857144
1662300,0.15,0.29411764705882354,0.3,0.5,0.37142857142857144
1662600,0.16666666666666666,0.29411764705882354,0.3,0.4090909090909091,0.37142857142857144
1662900,0.15,0.2647058823529412,0.4,0.3181818181818182,0.37142857142857144
1663200,0.11666666666666667,0.17647058823529413,0.4,0.45454545454545453,0.37142857142857144
1663500,0.11666666666666667,0.11764705882352941,0.4,0.36363636363636365,0.37142857142857144
1663800,0.15,0.11764705882352941,0.5,0.36363636363636365,0.37142857142857144
1664100,0.16666666666666666,0.058823529411764705,0.5,0.4090909090909091,0.37142857142857144
1664400,0.18333333333333332,0.11764705882352941,0.55,0.4090909090909091,0.37142857142857144
1664700,0.18333333333333332,0.058823529411764705,0.6,0.45454545454545453,0.4
1665000,0.11666666666666667,0.08823529411764706,0.6,0.45454545454545453,0.4
1665300,0.13333333333333333,0.11764705882352941,0.5,0.4090909090909091,0.4
1665600,0.13333333333333333,0.058823529411764705,0.5,0.4090909090909091,0.38571428571428573
1665900,0.11666666666666667,0.058823529411764705,0.6,0.5,0.38571428571428573
1666200,0.08333333333333333,0.029411764705882353,0.6,0.45454545454545453,0.4
1666500,0.06666666666666667,0.029411764705882353,0.55,0.45454545454545453,0.4
1666800,0.1,0.058823529411764705,0.55,0.5,0.4
1667100,0.18333333333333332,0.14705882352941177,0.55,0.5,0.45714285714285713
1667400,0.15,0.11764705882352941,0.55,0.45454545454545453,0.4714285714285714
1667700,0.08333333333333333,0.058823529411764705,0.65,0.45454545454545453,0.5
1668000,0.05,0.08823529411764706,0.6,0.45454545454545453,0.5
1668300,0.05,0.058823529411764705,0.7,0.5,0.5142857142857142
1668600,0.08333333333333333,0.11764705882352941,0.7,0.5,0.5428571428571428
1668900,0.03333333333333333,0.08823529411764706,0.7,0.5454545454545454,0.5285714285714286
1669200,0.08333333333333333,0.23529411764705882,0.75,0.6818181818181818,0.5428571428571428
1669500,0.11666666666666667,0.29411764705882354,0.75,0.5909090909090909,0.5428571428571428
1669800,0.15,0.29411764705882354,0.65,0.6363636363636364,0.5714285714285714
1670100,0.16666666666666666,0.23529411764705882,0.85,0.5454545454545454,0.6
1670400,0.2,0.29411764705882354,0.8,0.5454545454545454,0.6857142857142857
1670700,0.23333333333333334,0.23529411764705882,0.85,0.5454545454545454,0.6857142857142857
1671000,0.3333333333333333,0.4411764705882353,0.8,0.5454545454545454,0.7285714285714285
1671300,0.43333333333333335,0.5294117647058824,0.55,0.5909090909090909,0.7714285714285715
1671600,0.5333333333333333,0.6176470588235294,0.75,0.7272727272727273,0.7714285714285715
1671900,0.6,0.6470588235294118,0.75,0.7272727272727273,0.7714285714285715
1672200,0.6666666666666666,0.6470588235294118,0.75,0.7272727272727273,0.7571428571428571
1672500,0.6833333333333333,0.7647058823529411,0.75,0.6818181818181818,0.7571428571428571
1672800,0.7,0.8235294117647058,0.8,0.6818181818181818,0.7571428571428571
1673100,0.6833333333333333,0.8529411764705882,0.7,0.6818181818181818,0.7714285714285715
1673400,0.75,0.8823529411764706,0.85,0.5909090909090909,0.8
1673700,0.8,0.9117647058823529,0.85,0.5,0.7857142857142857
1674000,0.8,1.0,0.85,0.5454545454545454,0.8
1674300,0.8666666666666667,0.9705882352941176,0.75,0.5454545454545454,0.7857142857142857
1674600,0.8833333333333333,0.9411764705882353,0.9,0.5909090909090909,0.7857142857142857
1674900,0.8666666666666667,0.9411764705882353,0.9,0.5909090909090909,0.7857142857142857
1675200,0.85,0.9117647058823529,0.9,0.6818181818181818,0.8142857142857143
1675500,0.85,0.9411764705882353,0.8,0.6363636363636364,0.8142857142857143
1675800,0.8666666666666667,0.9411764705882353,0.9,0.5909090909090909,0.8285714285714286
1676100,0.8833333333333333,0.9411764705882353,0.8,0.5454545454545454,0.8142857142857143
1676400,0.8666666666666667,0.9411764705882353,0.8,0.5454545454545454,0.8142857142857143
1676700,0.8833333333333333,0.9705882352941176,0.9,0.5454545454545454,0.8285714285714286
1677000,0.9166666666666666,0.9411764705882353,0.85,0.5909090909090909,0.8285714285714286
1677300,0.9166666666666666,0.9411764705882353,0.75,0.6363636363636364,0.8285714285714286
1677600,0.9166666666666666,0.9411764705882353,0.85,0.7272727272727273,0.8285714285714286
1677900,0.9333333333333333,0.9411764705882353,0.85,0.8181818181818182,0.8285714285714286
1678200,0.9833333333333333,0.9117647058823529,0.9,0.8636363636363636,0.8285714285714286
1678500,0.95,0.9117647058823529,0.9,0.8636363636363636,0.8571428571428571
1678800,0.95,0.9117647058823529,0.9,0.8636363636363636,0.8428571428571429
1679100,0.9333333333333333,0.9117647058823529,0.9,0.9090909090909091,0.8428571428571429
1679400,0.9333333333333333,0.9411764705882353,0.85,1.0,0.8428571428571429
1679700,0.9333333333333333,0.9117647058823529,0.85,0.9545454545454546,0.8428571428571429
1680000,0.9333333333333333,0.9117647058823529,0.85,0.9545454545454546,0.8428571428571429
1680300,0.9333333333333333,0.9411764705882353,0.85,0.9545454545454546,0.8571428571428571
1680600,0.9333333333333333,0.9411764705882353,0.75,1.0,0.8428571428571429
1680900,0.9666666666666667,0.9411764705882353,0.85,1.0,0.8428571428571429
1681200,0.95,0.8823529411764706,0.75,1.0,0.8428571428571429
1681500,0.9666666666666667,0.8823529411764706,0.75,1.0,0.8714285714285714
1681800,0.95,0.8823529411764706,0.65,0.9545454545454546,0.8571428571428571
1682100,0.9666666666666667,0.8529411764705882,0.75,0.9545454545454546,0.8285714285714286
1682400,0.9666666666666667,0.8823529411764706,0.7,0.9545454545454546,0.8285714285714286
1682700,0.95,0.8823529411764706,0.6,0.9545454545454546,0.8285714285714286
1683000,0.9166666666666666,0.8529411764705882,0.6,0.9545454545454546,0.8142857142857143
1683300,0.9166666666666666,0.8529411764705882,0.6,0.9545454545454546,0.8
1683600,0.9333333333333333,0.8235294117647058,0.7,0.9090909090909091,0.8
1683900,0.9166666666666666,0.8529411764705882,0.65,0.9545454545454546,0.8
1684200,0.9166666666666666,0.8235294117647058,0.65,0.9090909090909091,0.7714285714285715
1684500,0.8833333333333333,0.8235294117647058,0.6,0.9090909090909091,0.7571428571428571
1684800,0.8333333333333334,0.8235294117647058,0.6,0.9090909090909091,0.7428571428571429
1685100,0.7666666666666667,0.7058823529411765,0.5,0.8181818181818182,0.7428571428571429
1685400,0.7,0.6764705882352942,0.5,0.8181818181818182,0.7714285714285715
1685700,0.6833333333333333,0.6176470588235294,0.55,0.7272727272727273,0.7714285714285715
1686000,0.6333333333333333,0.5882352941176471,0.6,0.5,0.7571428571428571
1686300,0.6333333333333333,0.5588235294117647,0.6,0.36363636363636365,0.7142857142857143
1686600,0.6,0.5,0.6,0.4090909090909091,0.7142857142857143
1686900,0.55,0.47058823529411764,0.5,0.36363636363636365,0.6857142857142857
1687200,0.5166666666666667,0.4411764705882353,0.55,0.36363636363636365,0.7
1687500,0.5166666666666667,0.4117647058823529,0.5,0.3181818181818182,0.6857142857142857
1687800,0.5,0.38235294117647056,0.45,0.36363636363636365,0.6714285714285714
1688100,0.5,0.4411764705882353,0.45,0.36363636363636365,0.6571428571428571
1688400,0.5,0.35294117647058826,0.45,0.36363636363636365,0.6
1688700,0.55,0.3235294117647059,0.35,0.4090909090909091,0.6
1689000,0.6,0.35294117647058826,0.5,0.4090909090909091,0.6
1689300,0.6,0.5,0.5,0.5,0.6285714285714286
1689600,0.6166666666666667,0.47058823529411764,0.5,0.5454545454545454,0.6857142857142857
1689900,0.6,0.5,0.6,0.5909090909090909,0.6857142857142857
1690200,0.6166666666666667,0.5882352941176471,0.55,0.5909090909090909,0.6857142857142857
1690500,0.65,0.6764705882352942,0.6,0.7272727272727273,0.6857142857142857
1690800,0.65,0.6764705882352942,0.55,0.7727272727272727,0.7142857142857143
1691100,0.6833333333333333,0.6470588235294118,0.55,0.7727272727272727,0.7
1691400,0.75,0.6764705882352942,0.6,0.7727272727272727,0.6857142857142857
1691700,0.75,0.7352941176470589,0.6,0.8181818181818182,0.7142857142857143
1692000,0.7833333333333333,0.7647058823529411,0.65,0.8636363636363636,0.7142857142857143
1692300,0.0,0.0,0.0,0.0,0.0
1692600,0.8333333333333334,0.8529411764705882,0.65,0.8181818181818182,0.7714285714285715
1692900,0.8666666666666667,0.8823529411764706,0.75,0.8181818181818182,0.7571428571428571
1693200,0.8666666666666667,0.8823529411764706,0.75,0.8636363636363636,0.7571428571428571
1693500,0.9,0.9411764705882353,0.8,0.8636363636363636,0.7714285714285715
1693800,0.8833333333333333,0.9705882352941176,0.7,0.8636363636363636,0.8
1694100,0.8666666666666667,1.0,0.8,0.8181818181818182,0.8
1694400,0.8833333333333333,1.0,0.7,0.8181818181818182,0.8
1694700,0.8666666666666667,1.0,0.85,0.8636363636363636,0.8
1695000,0.8833333333333333,1.0,0.85,0.8636363636363636,0.8142857142857143
1695300,0.9,0.9705882352941176,0.9,0.9090909090909091,0.8428571428571429
1695600,0.9,0.9411764705882353,0.9,0.9545454545454546,0.8285714285714286
1695900,0.8833333333333333,0.9117647058823529,0.85,0.9545454545454546,0.8285714285714286
1696200,0.8833333333333333,0.9117647058823529,0.95,0.9545454545454546,0.8285714285714286
1696500,0.9333333333333333,0.9117647058823529,0.85,0.9545454545454546,0.8714285714285714
1696800,0.9666666666666667,0.9117647058823529,0.85,0.9090909090909091,0.8714285714285714
1697100,0.9666666666666667,0.9117647058823529,0.85,0.8181818181818182,0.8714285714285714
1697400,0.9833333333333333,0.9117647058823529,0.95,0.8181818181818182,0.8714285714285714
1697700,1.0,0.9117647058823529,0.95,0.8181818181818182,0.8571428571428571
1698000,1.0,0.9117647058823529,0.95,0.8181818181818182,0.8428571428571429
1698300,0.9833333333333333,0.9117647058823529,0.95,0.8181818181818182,0.8428571428571429
1698600,0.9666666666666667,0.9117647058823529,0.9,0.7727272727272727,0.8428571428571429
1698900,0.9666666666666667,0.9117647058823529,0.9,0.8181818181818182,0.8428571428571429
1699200,0.95,0.8823529411764706,0.8,0.8181818181818182,0.8428571428571429
1699500,0.0,0.0,0.0,0.0,0.0
1699800,0.8666666666666667,0.8529411764705882,0.8,0.8181818181818182,0.8285714285714286
1700100,0.8666666666666667,0.8235294117647058,0.9,0.7727272727272727,0.8142857142857143
1700400,0.8666666666666667,0.8235294117647058,0.8,0.7727272727272727,0.8
1700700,0.85,0.8235294117647058,0.9,0.8181818181818182,0.8
1701000,0.8833333333333333,0.8235294117647058,0.9,0.8636363636363636,0.8142857142857143
1701300,0.8833333333333333,0.8823529411764706,0.75,0.9545454545454546,0.8142857142857143
1701600,0.9,0.9117647058823529,0.7,0.9090909090909091,0.8285714285714286
1701900,0.9166666666666666,0.8823529411764706,0.6,0.9090909090909091,0.8428571428571429
1702200,0.9333333333333333,0.8823529411764706,0.65,0.9090909090909091,0.8428571428571429
1702500,0.9333333333333333,0.8823529411764706,0.6,0.8636363636363636,0.8428571428571429
1702800,0.9166666666666666,0.8823529411764706,0.65,0.8636363636363636,0.8428571428571429
1703100,0.9333333333333333,0.8823529411764706,0.6,0.8636363636363636,0.8428571428571429
1703400,0.8833333333333333,0.8823529411764706,0.65,0.8636363636363636,0.8428571428571429
1703700,0.8666666666666667,0.8823529411764706,0.55,0.8636363636363636,0.8428571428571429
1704000,0.8666666666666667,0.9117647058823529,0.65,0.7727272727272727,0.8571428571428571
1704300,0.9,0.9117647058823529,0.65,0.7272727272727273,0.8714285714285714
1704600,0.8666666666666667,0.9117647058823529,0.55,0.6818181818181818,0.8714285714285714
1704900,0.9166666666666666,0.9705882352941176,0.55,0.6818181818181818,0.8571428571428571
1705200,0.9333333333333333,0.9705882352941176,0.55,0.6818181818181818,0.8428571428571429
1705500,0.95,0.9411764705882353,0.65,0.6818181818181818,0.8428571428571429
1705800,0.95,0.9117647058823529,0.6,0.6818181818181818,0.8428571428571429
1706100,0.9666666666666667,0.9117647058823529,0.6,0.6818181818181818,0.8571428571428571
1706400,0.9666666666666667,0.9117647058823529,0.7,0.6818181818181818,0.8571428571428571
1706700,0.0,0.0,0.7,0.7727272727272727,0.0
1707000,0.9666666666666667,0.8529411764705882,0.7,0.7727272727272727,0.8571428571428571
1707300,0.9666666666666667,0.8235294117647058,0.7,0.7727272727272727,0.8714285714285714
1707600,0.9666666666666667,0.8235294117647058,0.75,0.7727272727272727,0.8714285714285714
1707900,0.9833333333333333,0.8235294117647058,0.8,0.7727272727272727,0.8714285714285714
1708200,0.9666666666666667,0.8235294117647058,0.8,0.7272727272727273,0.8857142857142857
1708500,0.9833333333333333,0.8529411764705882,0.75,0.7272727272727273,0.8857142857142857
1708800,0.9833333333333333,0.8529411764705882,0.85,0.6363636363636364,0.8714285714285714
1709100,0.9833333333333333,0.8529411764705882,0.75,0.6818181818181818,0.8571428571428571
1709400,0.9833333333333333,0.8235294117647058,0.8,0.6818181818181818,0.8285714285714286
1709700,0.9833333333333333,0.8235294117647058,0.85,0.6818181818181818,0.8428571428571429
1710000,0.9666666666666667,0.8235294117647058,0.85,0.7272727272727273,0.8285714285714286
1710300,0.9333333333333333,0.7941176470588235,0.8,0.7272727272727273,0.7857142857142857
1710600,0.9333333333333333,0.7647058823529411,0.8,0.6818181818181818,0.7857142857142857
1710900,0.9333333333333333,0.7647058823529411,0.8,0.6818181818181818,0.7857142857142857
1711200,0.9166666666666666,0.7352941176470589,0.75,0.5909090909090909,0.7857142857142857
1711500,0.8666666666666667,0.6764705882352942,0.7,0.5909090909090909,0.7857142857142857
1711800,0.8,0.6470588235294118,0.7,0.6363636363636364,0.7714285714285715
1712100,0.8,0.6176470588235294,0.7,0.5909090909090909,0.7571428571428571
1712400,0.7666666666666667,0.6176470588235294,0.8,0.5909090909090909,0.8
1712700,0.7666666666666667,0.6764705882352942,0.7,0.6363636363636364,0.7714285714285715
1713000,0.7666666666666667,0.6176470588235294,0.8,0.6363636363636364,0.7714285714285715
1713300,0.7666666666666667,0.6176470588235294,0.7,0.6818181818181818,0.7571428571428571
1713600,0.7666666666666667,0.5882352941176471,0.8,0.7272727272727273,0.7428571428571429
1713900,0.7333333333333333,0.5882352941176471,0.8,0.7272727272727273,0.7428571428571429
1714200,0.75,0.6470588235294118,0.8,0.7272727272727273,0.7714285714285715
1714500,0.8,0.6470588235294118,0.7,0.7272727272727273,0.7857142857142857
1714800,0.8166666666666667,0.6470588235294118,0.8,0.6363636363636364,0.7428571428571429
1715100,0.8,0.6764705882352942,0.75,0.7272727272727273,0.7571428571428571
1715400,0.8333333333333334,0.7352941176470589,0.65,0.7272727272727273,0.7428571428571429
1715700,0.85,0.7352941176470589,0.55,0.7272727272727273,0.7428571428571429
1716000,0.8666666666666667,0.6176470588235294,0.65,0.7272727272727273,0.7285714285714285
1716300,0.8833333333333333,0.5882352941176471,0.7,0.6363636363636364,0.7285714285714285
1716600,0.85,0.5294117647058824,0.6,0.6818181818181818,0.7285714285714285
1716900,0.85,0.5588235294117647,0.55,0.6818181818181818,0.7285714285714285
1717200,0.8833333333333333,0.5294117647058824,0.55,0.7272727272727273,0.7571428571428571
1717500,0.8,0.5294117647058824,0.55,0.5909090909090909,0.7714285714285715
1717800,0.7833333333333333,0.5882352941176471,0.6,0.45454545454545453,0.7571428571428571
1718100,0.7833333333333333,0.5294117647058824,0.65,0.45454545454545453,0.7571428571428571
1718400,0.7666666666666667,0.5294117647058824,0.65,0.45454545454545453,0.7428571428571429
1718700,0.7833333333333333,0.5588235294117647,0.65,0.5,0.7428571428571429
1719000,0.8,0.6470588235294118,0.6,0.6818181818181818,0.7571428571428571
1719300,0.7666666666666667,0.6176470588235294,0.6,0.7272727272727273,0.7714285714285715
1719600,0.75,0.5882352941176471,0.6,0.7272727272727273,0.7857142857142857
1719900,0.75,0.5588235294117647,0.6,0.6818181818181818,0.7857142857142857
1720200,0.7333333333333333,0.5588235294117647,0.55,0.6818181818181818,0.8142857142857143
1720500,0.75,0.5882352941176471,0.55,0.7272727272727273,0.8142857142857143
1720800,0.7,0.5882352941176471,0.45,0.6818181818181818,0.8142857142857143
1721100,0.6833333333333333,0.6176470588235294,0.5,0.6363636363636364,0.8428571428571429
1721400,0.7,0.6470588235294118,0.55,0.6818181818181818,0.8571428571428571
1721700,0.7333333333333333,0.6764705882352942,0.5,0.6363636363636364,0.8571428571428571
1722000,0.7666666666666667,0.6470588235294118,0.5,0.5909090909090909,0.8428571428571429
1722300,0.7333333333333333,0.5882352941176471,0.55,0.5454545454545454,0.8428571428571429
1722600,0.7166666666666667,0.5588235294117647,0.45,0.5454545454545454,0.7857142857142857
1722900,0.7,0.5588235294117647,0.45,0.5909090909090909,0.7714285714285715
1723200,0.6666666666666666,0.5294117647058824,0.45,0.6363636363636364,0.7571428571428571
1723500,0.6666666666666666,0.5882352941176471,0.5,0.7272727272727273,0.7571428571428571
1723800,0.7,0.5588235294117647,0.3,0.6818181818181818,0.7428571428571429
1724100,0.7,0.5294117647058824,0.4,0.6363636363636364,0.7285714285714285
1724400,0.7166666666666667,0.47058823529411764,0.4,0.6818181818181818,0.7285714285714285
1724700,0.7333333333333333,0.5,0.4,0.6363636363636364,0.7142857142857143
1725000,0.7166666666666667,0.47058823529411764,0.4,0.6818181818181818,0.7
1725300,0.7166666666666667,0.47058823529411764,0.5,0.7272727272727273,0.7
1725600,0.7333333333333333,0.47058823529411764,0.4,0.6818181818181818,0.7
1725900,0.6666666666666666,0.47058823529411764,0.4,0.6818181818181818,0.7
1726200,0.6833333333333333,0.4411764705882353,0.45,0.6818181818181818,0.6857142857142857
1726500,0.7333333333333333,0.5,0.5,0.6363636363636364,0.6857142857142857
1726800,0.7833333333333333,0.5,0.45,0.7272727272727273,0.6714285714285714
1727100,0.6666666666666666,0.5,0.6,0.6818181818181818,0.6428571428571429
1727400,0.6333333333333333,0.5,0.7,0.6818181818181818,0.6285714285714286
1727700,0.65,0.5,0.7,0.6363636363636364,0.5857142857142857
1728000,0.6333333333333333,0.3235294117647059,0.6,0.6363636363636364,0.5857142857142857
1728300,0.5,0.14705882352941177,0.8,0.6363636363636364,0.5857142857142857
1728600,0.4666666666666667,0.0,0.75,0.5909090909090909,0.5714285714285714
1728900,0.2833333333333333,0.029411764705882353,0.75,0.5,0.5428571428571428
1729200,0.26666666666666666,0.029411764705882353,0.6,0.5,0.5428571428571428
1729500,0.26666666666666666,0.029411764705882353,0.7,0.5909090909090909,0.5428571428571428
1729800,0.21666666666666667,0.058823529411764705,0.55,0.5909090909090909,0.5285714285714286
1730100,0.1,0.058823529411764705,0.6,0.6363636363636364,0.5285714285714286
1730400,0.16666666666666666,0.0,0.7,0.5909090909090909,0.5142857142857142
1730700,0.2,0.0,0.7,0.5454545454545454,0.4714285714285714
1731000,0.18333333333333332,0.0,0.65,0.5909090909090909,0.4714285714285714
1731300,0.2,0.029411764705882353,0.6,0.5909090909090909,0.4714285714285714
1731600,0.18333333333333332,0.029411764705882353,0.55,0.5909090909090909,0.45714285714285713
1731900,0.21666666666666667,0.0,0.55,0.5454545454545454,0.45714285714285713
1732200,0.2,0.14705882352941177,0.55,0.5,0.45714285714285713
1732500,0.21666666666666667,0.11764705882352941,0.55,0.4090909090909091,0.45714285714285713
1732800,0.21666666666666667,0.14705882352941177,0.45,0.36363636363636365,0.42857142857142855
1733100,0.21666666666666667,0.17647058823529413,0.35,0.4090909090909091,0.42857142857142855
1733400,0.26666666666666666,0.17647058823529413,0.4,0.4090909090909091,0.42857142857142855
1733700,0.3333333333333333,0.14705882352941177,0.5,0.4090909090909091,0.42857142857142855
1734000,0.3333333333333333,0.29411764705882354,0.45,0.45454545454545453,0.4142857142857143
1734300,0.31666666666666665,0.2647058823529412,0.4,0.45454545454545453,0.4142857142857143
1734600,0.3,0.23529411764705882,0.5,0.5454545454545454,0.4142857142857143
1734900,0.2833333333333333,0.23529411764705882,0.5,0.5454545454545454,0.4
1735200,0.2833333333333333,0.14705882352941177,0.45,0.5909090909090909,0.4
1735500,0.35,0.20588235294117646,0.55,0.6363636363636364,0.4
1735800,0.3333333333333333,0.20588235294117646,0.55,0.5909090909090909,0.4
1736100,0.2833333333333333,0.23529411764705882,0.55,0.6363636363636364,0.4
1736400,0.3,0.29411764705882354,0.5,0.5454545454545454,0.4
1736700,0.3333333333333333,0.29411764705882354,0.45,0.5,0.4
1737000,0.36666666666666664,0.23529411764705882,0.55,0.5454545454545454,0.4
1737300,0.38333333333333336,0.23529411764705882,0.55,0.6363636363636364,0.4
1737600,0.35,0.23529411764705882,0.6,0.5909090909090909,0.4
1737900,0.38333333333333336,0.17647058823529413,0.6,0.45454545454545453,0.4
1738200,0.43333333333333335,0.11764705882352941,0.7,0.36363636363636365,0.38571428571428573
1738500,0.5666666666666667,0.14705882352941177,0.6,0.2727272727272727,0.38571428571428573
1738800,0.5333333333333333,0.14705882352941177,0.65,0.2727272727272727,0.38571428571428573
1739100,0.5166666666666667,0.17647058823529413,0.7,0.2727272727272727,0.38571428571428573
1739400,0.5666666666666667,0.17647058823529413,0.7,0.2727272727272727,0.38571428571428573
1739700,0.5666666666666667,0.23529411764705882,0.65,0.2727272727272727,0.38571428571428573
1740000,0.5666666666666667,0.29411764705882354,0.7,0.2727272727272727,0.38571428571428573
1740300,0.5833333333333334,0.2647058823529412,0.7,0.22727272727272727,0.4
1740600,0.5666666666666667,0.29411764705882354,0.75,0.18181818181818182,0.4
1740900,0.0,0.2647058823529412,0.75,0.18181818181818182,0.4
1741200,0.6,0.23529411764705882,0.75,0.18181818181818182,0.4
1741500,0.5666666666666667,0.3235294117647059,0.75,0.13636363636363635,0.4
1741800,0.6166666666666667,0.35294117647058826,0.75,0.13636363636363635,0.4
1742100,0.65,0.3235294117647059,0.75,0.09090909090909091,0.4
1742400,0.65,0.3235294117647059,0.75,0.13636363636363635,0.4
1742700,0.6166666666666667,0.3235294117647059,0.75,0.13636363636363635,0.4
1743000,0.6,0.35294117647058826,0.75,0.13636363636363635,0.4
1743300,0.6166666666666667,0.38235294117647056,0.85,0.13636363636363635,0.4
1743600,0.5666666666666667,0.4411764705882353,0.85,0.13636363636363635,0.4
1743900,0.55,0.47058823529411764,0.75,0.18181818181818182,0.4142857142857143
1744200,0.5666666666666667,0.47058823529411764,0.75,0.18181818181818182,0.4142857142857143
1744500,0.5166666666666667,0.5294117647058824,0.7,0.18181818181818182,0.4142857142857143
1744800,0.45,0.5588235294117647,0.75,0.18181818181818182,0.4
1745100,0.43333333333333335,0.5588235294117647,0.6,0.22727272727272727,0.4
1745400,0.43333333333333335,0.6176470588235294,0.55,0.22727272727272727,0.4
1745700,0.38333333333333336,0.6176470588235294,0.55,0.22727272727272727,0.4
1746000,0.2833333333333333,0.6176470588235294,0.45,0.2727272727272727,0.4142857142857143
1746300,0.26666666666666666,0.6176470588235294,0.5,0.45454545454545453,0.4142857142857143
1746600,0.26666666666666666,0.6470588235294118,0.5,0.5909090909090909,0.4142857142857143
1746900,0.2,0.6176470588235294,0.25,0.8181818181818182,0.4142857142857143
1747200,0.21666666666666667,0.6176470588235294,0.2,0.7727272727272727,0.42857142857142855
1747500,0.16666666666666666,0.6176470588235294,0.35,0.7727272727272727,0.42857142857142855
1747800,0.18333333333333332,0.5882352941176471,0.3,0.7272727272727273,0.42857142857142855
1748100,0.21666666666666667,0.5,0.3,0.6818181818181818,0.42857142857142855
1748400,0.16666666666666666,0.5294117647058824,0.4,0.6818181818181818,0.44285714285714284
1748700,0.2,0.5,0.45,0.6363636363636364,0.44285714285714284
1749000,0.21666666666666667,0.4411764705882353,0.5,0.5909090909090909,0.44285714285714284
1749300,0.15,0.4117647058823529,0.55,0.5454545454545454,0.44285714285714284
1749600,0.1,0.38235294117647056,0.5,0.5,0.44285714285714284
1749900,0.11666666666666667,0.38235294117647056,0.5,0.5,0.44285714285714284
1750200,0.1,0.38235294117647056,0.45,0.5454545454545454,0.44285714285714284
1750500,0.016666666666666666,0.35294117647058826,0.45,0.5909090909090909,0.44285714285714284
1750800,0.03333333333333333,0.2647058823529412,0.5,0.5454545454545454,0.44285714285714284
1751100,0.05,0.20588235294117646,0.45,0.5,0.44285714285714284
1751400,0.08333333333333333,0.17647058823529413,0.5,0.5,0.44285714285714284
1751700,0.08333333333333333,0.11764705882352941,0.45,0.5,0.44285714285714284
1752000,0.08333333333333333,0.17647058823529413,0.45,0.5,0.4714285714285714
1752300,0.1,0.14705882352941177,0.45,0.5,0.4714285714285714
1752600,0.15,0.14705882352941177,0.5,0.5,0.4714285714285714
1752900,0.11666666666666667,0.17647058823529413,0.6,0.45454545454545453,0.45714285714285713
1753200,0.06666666666666667,0.058823529411764705,0.55,0.45454545454545453,0.4714285714285714
1753500,0.08333333333333333,0.029411764705882353,0.5,0.45454545454545453,0.4857142857142857
1753800,0.11666666666666667,0.029411764705882353,0.55,0.5,0.5142857142857142
1754100,0.2,0.0,0.5,0.45454545454545453,0.5285714285714286
1754400,0.18333333333333332,0.08823529411764706,0.65,0.5,0.5571428571428572
1754700,0.15,0.058823529411764705,0.55,0.5454545454545454,0.5857142857142857
1755000,0.11666666666666667,0.08823529411764706,0.55,0.5,0.5857142857142857
1755300,0.11666666666666667,0.08823529411764706,0.4,0.5,0.5857142857142857
1755600,0.18333333333333332,0.08823529411764706,0.55,0.45454545454545453,0.6
1755900,0.2,0.14705882352941177,0.55,0.4090909090909091,0.6
1756200,0.21666666666666667,0.2647058823529412,0.75,0.45454545454545453,0.6285714285714286
1756500,0.3333333333333333,0.17647058823529413,0.75,0.5,0.6285714285714286
1756800,0.4,0.23529411764705882,0.75,0.45454545454545453,0.6428571428571429
1757100,0.5,0.23529411764705882,0.65,0.45454545454545453,0.6857142857142857
1757400,0.6,0.2647058823529412,0.7,0.45454545454545453,0.6714285714285714
1757700,0.65,0.29411764705882354,0.8,0.45454545454545453,0.7
1758000,0.65,0.4411764705882353,0.7,0.5,0.7142857142857143
1758300,0.65,0.5882352941176471,0.85,0.45454545454545453,0.7142857142857143
1758600,0.6833333333333333,0.6176470588235294,0.85,0.5,0.7142857142857143
1758900,0.7333333333333333,0.6764705882352942,0.75,0.45454545454545453,0.7142857142857143
1759200,0.7833333333333333,0.7058823529411765,0.85,0.4090909090909091,0.7142857142857143
1759500,0.8333333333333334,0.7352941176470589,0.85,0.36363636363636365,0.7285714285714285
1759800,0.8666666666666667,0.7647058823529411,0.85,0.4090909090909091,0.7
1760100,0.8666666666666667,0.7941176470588235,0.85,0.45454545454545453,0.7
1760400,0.8666666666666667,0.8823529411764706,0.85,0.45454545454545453,0.7285714285714285
1760700,0.8666666666666667,0.9117647058823529,0.85,0.5,0.7428571428571429
1761000,0.8833333333333333,0.8823529411764706,0.9,0.45454545454545453,0.7428571428571429
1761300,0.8833333333333333,0.8529411764705882,0.9,0.45454545454545453,0.7571428571428571
1761600,0.8833333333333333,0.8529411764705882,0.9,0.5454545454545454,0.7571428571428571
1761900,0.8833333333333333,0.8529411764705882,0.95,0.5454545454545454,0.7571428571428571
1762200,0.8833333333333333,0.8529411764705882,0.95,0.5909090909090909,0.7571428571428571
1762500,0.8833333333333333,0.8529411764705882,0.9,0.5909090909090909,0.7571428571428571
1762800,0.9,0.8529411764705882,0.95,0.6363636363636364,0.7571428571428571
1763100,0.8666666666666667,0.8529411764705882,0.85,0.6818181818181818,0.7571428571428571
1763400,0.8833333333333333,0.9117647058823529,0.95,0.7272727272727273,0.7571428571428571
1763700,0.8833333333333333,0.8823529411764706,0.9,0.7272727272727273,0.7571428571428571
1764000,0.8833333333333333,0.9117647058823529,0.9,0.6818181818181818,0.7571428571428571
1764300,0.8833333333333333,0.9117647058823529,0.9,0.6818181818181818,0.7571428571428571
1764600,0.95,0.9411764705882353,0.8,0.7272727272727273,0.7714285714285715
1764900,0.95,0.9411764705882353,0.8,0.7272727272727273,0.7714285714285715
1765200,0.95,0.9411764705882353,0.85,0.7727272727272727,0.7857142857142857
1765500,0.95,0.9411764705882353,0.9,0.8181818181818182,0.7857142857142857
1765800,0.9333333333333333,0.9411764705882353,0.9,0.8636363636363636,0.8
1766100,0.9166666666666666,0.9411764705882353,0.9,0.8636363636363636,0.8285714285714286
1766400,0.9166666666666666,0.9705882352941176,0.8,0.8636363636363636,0.8285714285714286
1766700,0.9333333333333333,0.9411764705882353,0.75,0.8636363636363636,0.8
1767000,0.95,0.9411764705882353,0.75,0.8636363636363636,0.8285714285714286
1767300,0.9333333333333333,0.9411764705882353,0.8,0.8636363636363636,0.8142857142857143
1767600,0.9166666666666666,0.9411764705882353,0.8,0.8636363636363636,0.8285714285714286
1767900,0.9333333333333333,0.9411764705882353,0.9,0.8181818181818182,0.8285714285714286
1768200,0.9166666666666666,0.9411764705882353,0.95,0.8181818181818182,0.8142857142857143
1768500,0.9166666666666666,0.9411764705882353,0.8,0.7727272727272727,0.8142857142857143
1768800,0.9,0.9411764705882353,0.9,0.8181818181818182,0.8142857142857143
1769100,0.9,0.9411764705882353,0.9,0.8181818181818182,0.7857142857142857
1769400,0.9,0.9411764705882353,0.9,0.7727272727272727,0.7714285714285715
1769700,0.9,0.9705882352941176,0.9,0.7727272727272727,0.7428571428571429
1770000,0.9166666666666666,0.9411764705882353,0.9,0.7727272727272727,0.7428571428571429
1770300,0.85,0.9117647058823529,0.75,0.7727272727272727,0.7285714285714285
1770600,0.8333333333333334,0.9117647058823529,0.7,0.6818181818181818,0.7714285714285715
1770900,0.85,0.9117647058823529,0.6,0.6818181818181818,0.7714285714285715
1771200,0.8333333333333334,0.9117647058823529,0.5,0.6363636363636364,0.7714285714285715
1771500,0.0,0.0,0.0,0.0,0.0
1771800,0.6666666666666666,0.7941176470588235,0.45,0.5909090909090909,0.7571428571428571
1772100,0.6666666666666666,0.7941176470588235,0.45,0.5909090909090909,0.7571428571428571
1772400,0.5833333333333334,0.7647058823529411,0.4,0.5,0.7285714285714285
1772700,0.5833333333333334,0.6764705882352942,0.4,0.45454545454545453,0.7
1773000,0.55,0.6176470588235294,0.4,0.3181818181818182,0.6428571428571429
1773300,0.5,0.5882352941176471,0.4,0.3181818181818182,0.6428571428571429
1773600,0.5,0.5882352941176471,0.45,0.3181818181818182,0.6285714285714286
1773900,0.55,0.5588235294117647,0.35,0.18181818181818182,0.6285714285714286
1774200,0.5333333333333333,0.5294117647058824,0.35,0.18181818181818182,0.6142857142857143
1774500,0.48333333333333334,0.47058823529411764,0.45,0.18181818181818182,0.6
1774800,0.4666666666666667,0.4117647058823529,0.35,0.13636363636363635,0.5714285714285714
1775100,0.45,0.4411764705882353,0.4,0.18181818181818182,0.6
1775400,0.45,0.4411764705882353,0.5,0.09090909090909091,0.6
1775700,0.45,0.5,0.45,0.18181818181818182,0.6
1776000,0.43333333333333335,0.5,0.45,0.22727272727272727,0.6285714285714286
1776300,0.5166666666666667,0.5,0.55,0.22727272727272727,0.6142857142857143
1776600,0.55,0.47058823529411764,0.6,0.18181818181818182,0.6
1776900,0.4666666666666667,0.5,0.6,0.13636363636363635,0.6142857142857143
1777200,0.5,0.5882352941176471,0.65,0.18181818181818182,0.6285714285714286
1777500,0.6,0.5588235294117647,0.7,0.2727272727272727,0.6714285714285714
1777800,0.6333333333333333,0.5588235294117647,0.75,0.3181818181818182,0.6857142857142857
1778100,0.6833333333333333,0.6176470588235294,0.75,0.4090909090909091,0.7
1778400,0.6833333333333333,0.6176470588235294,0.7,0.36363636363636365,0.7
1778700,0.0,0.0,0.0,0.0,0.0
1779000,0.85,0.7647058823529411,0.65,0.5454545454545454,0.7142857142857143
1779300,0.8666666666666667,0.8235294117647058,0.65,0.6818181818181818,0.7428571428571429
1779600,0.9,0.8823529411764706,0.7,0.7272727272727273,0.7571428571428571
1779900,0.9,0.8823529411764706,0.7,0.7727272727272727,0.7571428571428571
1780200,0.9,0.8823529411764706,0.8,0.7727272727272727,0.7714285714285715
1780500,0.9,0.8823529411764706,0.9,0.7727272727272727,0.7714285714285715
1780800,0.95,0.9117647058823529,0.9,0.8636363636363636,0.7571428571428571
1781100,0.9166666666666666,0.9411764705882353,0.9,0.8636363636363636,0.7714285714285715
1781400,0.9166666666666666,0.9705882352941176,0.9,0.8636363636363636,0.7714285714285715
1781700,0.9,1.0,0.9,0.8636363636363636,0.7571428571428571
1782000,0.9166666666666666,0.9705882352941176,0.95,0.8636363636363636,0.7571428571428571
1782300,0.85,0.8529411764705882,0.95,0.8181818181818182,0.7714285714285715
1782600,0.8666666666666667,0.9705882352941176,0.95,0.9090909090909091,0.7857142857142857
1782900,0.85,0.9705882352941176,0.95,0.9090909090909091,0.7714285714285715
1783200,0.85,0.9705882352941176,1.0,0.9090909090909091,0.8142857142857143
1783500,0.8333333333333334,0.9705882352941176,1.0,0.8636363636363636,0.8285714285714286
1783800,0.8333333333333334,0.9705882352941176,1.0,0.8636363636363636,0.8285714285714286
1784100,0.8333333333333334,1.0,1.0,0.8636363636363636,0.8
1784400,0.85,0.9705882352941176,0.9,0.8181818181818182,0.8
1784700,0.8833333333333333,0.9705882352941176,1.0,0.8181818181818182,0.8142857142857143
1785000,0.8833333333333333,0.9705882352941176,1.0,0.8181818181818182,0.8142857142857143
1785300,0.8666666666666667,0.9705882352941176,1.0,0.7272727272727273,0.8142857142857143
1785600,0.8833333333333333,0.9705882352941176,1.0,0.7272727272727273,0.8285714285714286
1785900,0.0,0.0,0.0,0.0,0.0
1786200,0.9,0.9705882352941176,1.0,0.7272727272727273,0.8142857142857143
1786500,0.9,0.9411764705882353,0.95,0.7272727272727273,0.8285714285714286
1786800,0.9166666666666666,0.9411764705882353,0.9,0.7727272727272727,0.8285714285714286
1787100,0.9166666666666666,0.9411764705882353,0.85,0.8181818181818182,0.8285714285714286
1787400,0.9,0.9411764705882353,0.85,0.9090909090909091,0.8285714285714286
1787700,0.9,0.9411764705882353,0.85,0.9090909090909091,0.8285714285714286
1788000,0.8833333333333333,0.9705882352941176,0.85,0.9090909090909091,0.8285714285714286
1788300,0.8666666666666667,0.9705882352941176,0.8,0.8636363636363636,0.8285714285714286
1788600,0.8833333333333333,0.9705882352941176,0.7,0.7727272727272727,0.8285714285714286
1788900,0.9,0.9411764705882353,0.7,0.7727272727272727,0.8285714285714286
1789200,0.9,0.9411764705882353,0.7,0.7272727272727273,0.8285714285714286
1789500,0.9333333333333333,0.9705882352941176,0.7,0.6818181818181818,0.8285714285714286
1789800,0.9333333333333333,0.9705882352941176,0.75,0.6818181818181818,0.8428571428571429
1790100,0.9166666666666666,0.9705882352941176,0.75,0.7272727272727273,0.8571428571428571
1790400,0.9333333333333333,0.9705882352941176,0.8,0.6818181818181818,0.8857142857142857
1790700,0.95,0.9411764705882353,0.8,0.7272727272727273,0.8857142857142857
1791000,0.95,0.9411764705882353,0.8,0.7272727272727273,0.8714285714285714
1791300,0.95,0.9117647058823529,0.85,0.7272727272727273,0.8857142857142857
1791600,0.95,0.8823529411764706,0.85,0.7272727272727273,0.8857142857142857
1791900,0.9166666666666666,0.8235294117647058,0.85,0.7727272727272727,0.8857142857142857
1792200,0.9,0.7941176470588235,0.7,0.7727272727272727,0.9
1792500,0.8833333333333333,0.7941176470588235,0.6,0.7727272727272727,0.9
1792800,0.8833333333333333,0.8529411764705882,0.75,0.8636363636363636,0.9
1793100,0.8833333333333333,0.8529411764705882,0.75,0.8181818181818182,0.8714285714285714
1793400,0.9333333333333333,0.8529411764705882,0.8,0.7727272727272727,0.9
1793700,0.9333333333333333,0.8823529411764706,0.8,0.7727272727272727,0.9
1794000,0.95,0.8823529411764706,0.7,0.7272727272727273,0.8857142857142857
1794300,0.9666666666666667,0.8823529411764706,0.7,0.7727272727272727,0.8285714285714286
1794600,0.9666666666666667,0.8823529411764706,0.7,0.7727272727272727,0.8428571428571429
1794900,0.95,0.8823529411764706,0.75,0.7272727272727273,0.8285714285714286
1795200,0.9166666666666666,0.8823529411764706,0.8,0.6818181818181818,0.8285714285714286
1795500,0.95,0.8823529411764706,0.8,0.6818181818181818,0.8285714285714286
1795800,0.9333333333333333,0.8529411764705882,0.65,0.7272727272727273,0.8285714285714286
1796100,0.9166666666666666,0.8529411764705882,0.8,0.7272727272727273,0.8285714285714286
1796400,0.9166666666666666,0.8529411764705882,0.75,0.7727272727272727,0.8142857142857143
1796700,0.9166666666666666,0.8235294117647058,0.7,0.8181818181818182,0.8142857142857143
1797000,0.8833333333333333,0.7941176470588235,0.6,0.8181818181818182,0.8285714285714286
1797300,0.85,0.7647058823529411,0.6,0.8181818181818182,0.8142857142857143
1797600,0.8333333333333334,0.7941176470588235,0.65,0.8636363636363636,0.7857142857142857
1797900,0.8333333333333334,0.7647058823529411,0.6,0.8636363636363636,0.7714285714285715
1798200,0.85,0.7941176470588235,0.65,0.8181818181818182,0.7857142857142857
1798500,0.85,0.7352941176470589,0.65,0.8181818181818182,0.7857142857142857
1798800,0.7833333333333333,0.7352941176470589,0.75,0.8181818181818182,0.8
1799100,0.7833333333333333,0.7352941176470589,0.7,0.6818181818181818,0.8
1799400,0.8,0.7352941176470589,0.65,0.6818181818181818,0.7857142857142857
1799700,0.7833333333333333,0.7352941176470589,0.75,0.5454545454545454,0.7285714285714285
1800000,0.8,0.7352941176470589,0.75,0.5909090909090909,0.7142857142857143
1800300,0.8166666666666667,0.7352941176470589,0.85,0.5909090909090909,0.7142857142857143
1800600,0.8,0.7058823529411765,0.6,0.5909090909090909,0.7
1800900,0.7833333333333333,0.7058823529411765,0.6,0.5909090909090909,0.6857142857142857
1801200,0.7833333333333333,0.7647058823529411,0.7,0.5909090909090909,0.6857142857142857
1801500,0.8,0.7352941176470589,0.7,0.5909090909090909,0.6857142857142857
1801800,0.8333333333333334,0.7058823529411765,0.7,0.5909090909090909,0.6857142857142857
1802100,0.8333333333333334,0.6764705882352942,0.7,0.5909090909090909,0.6571428571428571
1802400,0.8666666666666667,0.6470588235294118,0.7,0.5454545454545454,0.6714285714285714
1802700,0.8666666666666667,0.6470588235294118,0.65,0.5454545454545454,0.6714285714285714
1803000,0.85,0.6470588235294118,0.65,0.5454545454545454,0.7
1803300,0.8333333333333334,0.6470588235294118,0.7,0.5909090909090909,0.7142857142857143
1803600,0.85,0.6764705882352942,0.75,0.5454545454545454,0.6857142857142857
1803900,0.8666666666666667,0.6470588235294118,0.6,0.5,0.6857142857142857
1804200,0.8333333333333334,0.5588235294117647,0.75,0.5454545454545454,0.6857142857142857
1804500,0.8166666666666667,0.5882352941176471,0.75,0.5454545454545454,0.6857142857142857
1804800,0.7666666666666667,0.5588235294117647,0.75,0.45454545454545453,0.7
1805100,0.7333333333333333,0.5588235294117647,0.75,0.4090909090909091,0.7
1805400,0.7333333333333333,0.5,0.7,0.4090909090909091,0.7142857142857143
1805700,0.7166666666666667,0.5,0.7,0.36363636363636365,0.7428571428571429
1806000,0.7166666666666667,0.47058823529411764,0.7,0.2727272727272727,0.7285714285714285
1806300,0.7333333333333333,0.5,0.85,0.22727272727272727,0.7571428571428571
1806600,0.7166666666666667,0.47058823529411764,0.7,0.22727272727272727,0.7857142857142857
1806900,0.7,0.47058823529411764,0.55,0.13636363636363635,0.7857142857142857
1807200,0.7666666666666667,0.5,0.7,0.3181818181818182,0.8
1807500,0.7666666666666667,0.47058823529411764,0.75,0.36363636363636365,0.8
1807800,0.75,0.38235294117647056,0.65,0.22727272727272727,0.7714285714285715
1808100,0.75,0.4411764705882353,0.65,0.18181818181818182,0.7857142857142857
1808400,0.7833333333333333,0.5,0.6,0.18181818181818182,0.7857142857142857
1808700,0.8166666666666667,0.5,0.65,0.2727272727272727,0.7571428571428571
1809000,0.8166666666666667,0.5,0.7,0.2727272727272727,0.7428571428571429
1809300,0.7833333333333333,0.5,0.65,0.22727272727272727,0.7
1809600,0.7666666666666667,0.5,0.65,0.22727272727272727,0.7
1809900,0.7666666666666667,0.5,0.65,0.36363636363636365,0.7
1810200,0.7666666666666667,0.47058823529411764,0.65,0.36363636363636365,0.6571428571428571
1810500,0.75,0.47058823529411764,0.6,0.22727272727272727,0.6428571428571429
1810800,0.75,0.47058823529411764,0.6,0.2727272727272727,0.6714285714285714
1811100,0.7333333333333333,0.5,0.65,0.2727272727272727,0.6428571428571429
1811400,0.7333333333333333,0.4411764705882353,0.7,0.3181818181818182,0.6571428571428571
1811700,0.6666666666666666,0.4411764705882353,0.8,0.4090909090909091,0.6428571428571429
1812000,0.6666666666666666,0.4411764705882353,0.8,0.4090909090909091,0.6428571428571429
1812300,0.7166666666666667,0.4411764705882353,0.8,0.5454545454545454,0.6285714285714286
1812600,0.7333333333333333,0.47058823529411764,0.85,0.5454545454545454,0.6142857142857143
1812900,0.75,0.47058823529411764,0.85,0.5454545454545454,0.5857142857142857
1813200,0.6833333333333333,0.5,0.85,0.5909090909090909,0.5714285714285714
1813500,0.6833333333333333,0.5,0.85,0.5909090909090909,0.5714285714285714
1813800,0.6833333333333333,0.5,0.85,0.5909090909090909,0.5714285714285714
1814100,0.6833333333333333,0.5,0.85,0.5909090909090909,0.5714285714285714
1814400,0.6833333333333333,0.5,0.85,0.5909090909090909,0.5714285714285714
1814700,0.6833333333333333,0.5,0.85,0.5909090909090909,0.5714285714285714
1815000,0.6833333333333333,0.5,0.85,0.5909090909090909,0.5714285714285714
1815300,0.6833333333333333,0.5,0.85,0.5909090909090909,0.5714285714285714
1815600,0.6833333333333333,0.5,0.85,0.5909090909090909,0.5714285714285714
1815900,0.6833333333333333,0.5,0.85,0.5909090909090909,0.5714285714285714
1816200,0.6833333333333333,0.5,0.85,0.5909090909090909,0.5714285714285714
1816500,0.13333333333333333,0.0,0.4,0.5,0.4714285714285714
1816800,0.08333333333333333,0.0,0.4,0.5,0.4714285714285714
1817100,0.06666666666666667,0.0,0.35,0.5,0.4714285714285714
1817400,0.1,0.029411764705882353,0.15,0.5454545454545454,0.45714285714285713
1817700,0.1,0.08823529411764706,0.35,0.5,0.45714285714285713
1818000,0.11666666666666667,0.029411764705882353,0.35,0.45454545454545453,0.44285714285714284
1818300,0.2,0.029411764705882353,0.45,0.5,0.42857142857142855
1818600,0.21666666666666667,0.058823529411764705,0.55,0.45454545454545453,0.42857142857142855
1818900,0.21666666666666667,0.058823529411764705,0.55,0.45454545454545453,0.42857142857142855
1819200,0.21666666666666667,0.058823529411764705,0.55,0.45454545454545453,0.42857142857142855
1819500,0.3,0.08823529411764706,0.55,0.45454545454545453,0.42857142857142855
1819800,0.38333333333333336,0.058823529411764705,0.55,0.4090909090909091,0.42857142857142855
1820100,0.38333333333333336,0.029411764705882353,0.6,0.4090909090909091,0.42857142857142855
1820400,0.38333333333333336,0.058823529411764705,0.55,0.45454545454545453,0.42857142857142855
1820700,0.35,0.029411764705882353,0.5,0.5,0.42857142857142855
1821000,0.3,0.08823529411764706,0.5,0.5,0.42857142857142855
1821300,0.25,0.08823529411764706,0.6,0.5,0.42857142857142855
1821600,0.25,0.058823529411764705,0.6,0.5,0.42857142857142855
1821900,0.31666666666666665,0.17647058823529413,0.65,0.6363636363636364,0.4142857142857143
1822200,0.2833333333333333,0.11764705882352941,0.55,0.8636363636363636,0.38571428571428573
1822500,0.31666666666666665,0.14705882352941177,0.7,0.8636363636363636,0.38571428571428573
1822800,0.26666666666666666,0.17647058823529413,0.7,0.9090909090909091,0.38571428571428573
1823100,0.23333333333333334,0.29411764705882354,0.75,0.9090909090909091,0.4
1823400,0.2833333333333333,0.35294117647058826,0.7,0.9545454545454546,0.38571428571428573
1823700,0.3333333333333333,0.4117647058823529,0.7,0.9545454545454546,0.38571428571428573
1824000,0.35,0.4411764705882353,0.7,0.9545454545454546,0.38571428571428573
1824300,0.36666666666666664,0.47058823529411764,0.7,0.4090909090909091,0.38571428571428573
1824600,0.45,0.4117647058823529,0.7,0.3181818181818182,0.38571428571428573
1824900,0.4166666666666667,0.4117647058823529,0.65,0.3181818181818182,0.38571428571428573
1825200,0.36666666666666664,0.4117647058823529,0.65,0.3181818181818182,0.38571428571428573
1825500,0.35,0.35294117647058826,0.75,0.3181818181818182,0.38571428571428573
1825800,0.38333333333333336,0.29411764705882354,0.8,0.3181818181818182,0.38571428571428573
1826100,0.4,0.29411764705882354,0.7,0.3181818181818182,0.38571428571428573
1826400,0.43333333333333335,0.2647058823529412,0.7,0.2727272727272727,0.37142857142857144
1826700,0.45,0.2647058823529412,0.7,0.2727272727272727,0.37142857142857144
1827000,0.43333333333333335,0.2647058823529412,0.8,0.2727272727272727,0.37142857142857144
1827300,0.4166666666666667,0.23529411764705882,0.8,0.3181818181818182,0.37142857142857144
1827600,0.43333333333333335,0.23529411764705882,0.75,0.3181818181818182,0.37142857142857144
1827900,0.45,0.14705882352941177,0.7,0.3181818181818182,0.37142857142857144
1828200,0.38333333333333336,0.11764705882352941,0.7,0.3181818181818182,0.37142857142857144
1828500,0.4166666666666667,0.17647058823529413,0.65,0.3181818181818182,0.37142857142857144
1828800,0.43333333333333335,0.08823529411764706,0.65,0.2727272727272727,0.37142857142857144
1829100,0.4166666666666667,0.11764705882352941,0.6,0.3181818181818182,0.37142857142857144
1829400,0.4666666666666667,0.11764705882352941,0.5,0.3181818181818182,0.37142857142857144
1829700,0.5,0.14705882352941177,0.5,0.22727272727272727,0.37142857142857144
1830000,0.48333333333333334,0.14705882352941177,0.4,0.2727272727272727,0.35714285714285715
1830300,0.5,0.17647058823529413,0.4,0.5454545454545454,0.35714285714285715
1830600,0.5333333333333333,0.2647058823529412,0.35,0.5,0.37142857142857144
1830900,0.55,0.23529411764705882,0.35,0.5,0.37142857142857144
1831200,0.45,0.2647058823529412,0.35,0.5909090909090909,0.35714285714285715
1831500,0.4,0.20588235294117646,0.4,0.6818181818181818,0.35714285714285715
1831800,0.35,0.20588235294117646,0.45,0.6363636363636364,0.35714285714285715
1832100,0.3333333333333333,0.17647058823529413,0.4,0.6818181818181818,0.35714285714285715
1832400,0.3,0.23529411764705882,0.65,0.6363636363636364,0.35714285714285715
1832700,0.3333333333333333,0.2647058823529412,0.7,0.6818181818181818,0.35714285714285715
1833000,0.31666666666666665,0.2647058823529412,0.7,0.6363636363636364,0.35714285714285715
1833300,0.31666666666666665,0.29411764705882354,0.55,0.5909090909090909,0.35714285714285715
1833600,0.3,0.35294117647058826,0.5,0.5909090909090909,0.35714285714285715
1833900,0.26666666666666666,0.35294117647058826,0.5,0.5909090909090909,0.35714285714285715
1834200,0.35,0.35294117647058826,0.35,0.5454545454545454,0.35714285714285715
1834500,0.35,0.29411764705882354,0.35,0.5454545454545454,0.35714285714285715
1834800,0.3,0.29411764705882354,0.45,0.5454545454545454,0.35714285714285715
1835100,0.2833333333333333,0.2647058823529412,0.45,0.45454545454545453,0.37142857142857144
1835400,0.25,0.2647058823529412,0.5,0.45454545454545453,0.37142857142857144
1835700,0.2833333333333333,0.2647058823529412,0.55,0.45454545454545453,0.37142857142857144
1836000,0.35,0.29411764705882354,0.5,0.45454545454545453,0.37142857142857144
1836300,0.0,0.0,0.0,0.0,0.0
1836600,0.26666666666666666,0.14705882352941177,0.35,0.4090909090909091,0.38571428571428573
1836900,0.21666666666666667,0.14705882352941177,0.45,0.36363636363636365,0.38571428571428573
1837200,0.18333333333333332,0.17647058823529413,0.4,0.36363636363636365,0.38571428571428573
1837500,0.18333333333333332,0.14705882352941177,0.3,0.3181818181818182,0.38571428571428573
1837800,0.2,0.14705882352941177,0.3,0.36363636363636365,0.38571428571428573
1838100,0.15,0.08823529411764706,0.35,0.4090909090909091,0.4142857142857143
1838400,0.15,0.029411764705882353,0.3,0.4090909090909091,0.42857142857142855
1838700,0.2,0.029411764705882353,0.3,0.36363636363636365,0.42857142857142855
1839000,0.21666666666666667,0.029411764705882353,0.35,0.36363636363636365,0.42857142857142855
1839300,0.2,0.11764705882352941,0.35,0.3181818181818182,0.44285714285714284
1839600,0.2,0.11764705882352941,0.5,0.3181818181818182,0.4714285714285714
1839900,0.2,0.0,0.6,0.2727272727272727,0.4714285714285714
1840200,0.13333333333333333,0.11764705882352941,0.6,0.3181818181818182,0.5285714285714286
1840500,0.2,0.058823529411764705,0.6,0.22727272727272727,0.5285714285714286
1840800,0.18333333333333332,0.0,0.65,0.36363636363636365,0.5571428571428572
1841100,0.16666666666666666,0.058823529411764705,0.8,0.36363636363636365,0.5857142857142857
1841400,0.21666666666666667,0.029411764705882353,0.75,0.5,0.5857142857142857
1841700,0.21666666666666667,0.029411764705882353,0.75,0.5,0.6142857142857143
1842000,0.2,0.029411764705882353,0.8,0.45454545454545453,0.6142857142857143
1842300,0.23333333333333334,0.11764705882352941,0.75,0.4090909090909091,0.6571428571428571
1842600,0.26666666666666666,0.17647058823529413,0.85,0.4090909090909091,0.6857142857142857
1842900,0.31666666666666665,0.17647058823529413,0.85,0.4090909090909091,0.7
1843200,0.38333333333333336,0.29411764705882354,0.65,0.45454545454545453,0.7428571428571429
1843500,0.0,0.0,0.0,0.0,0.0
1843800,0.5,0.4411764705882353,0.9,0.5,0.7857142857142857
1844100,0.5833333333333334,0.5588235294117647,0.95,0.5,0.8
1844400,0.6333333333333333,0.5882352941176471,0.65,0.45454545454545453,0.8
1844700,0.5833333333333334,0.5882352941176471,0.85,0.5909090909090909,0.8
1845000,0.65,0.6764705882352942,0.95,0.5909090909090909,0.7857142857142857
1845300,0.6666666666666666,0.6764705882352942,0.95,0.6363636363636364,0.7857142857142857
1845600,0.7333333333333333,0.7352941176470589,0.8,0.5,0.7857142857142857
1845900,0.7833333333333333,0.7647058823529411,0.85,0.5,0.7571428571428571
1846200,0.8166666666666667,0.7647058823529411,0.95,0.5454545454545454,0.7571428571428571
1846500,0.85,0.8235294117647058,0.85,0.45454545454545453,0.7714285714285715
1846800,0.8666666666666667,0.8235294117647058,0.85,0.45454545454545453,0.7714285714285715
1847100,0.8833333333333333,0.8529411764705882,0.95,0.45454545454545453,0.7857142857142857
1847400,0.8166666666666667,0.8823529411764706,0.95,0.4090909090909091,0.7857142857142857
1847700,0.8,0.9411764705882353,0.85,0.5909090909090909,0.8
1848000,0.8,0.9411764705882353,0.95,0.6363636363636364,0.8142857142857143
1848300,0.8166666666666667,0.9705882352941176,0.95,0.5909090909090909,0.8142857142857143
1848600,0.8166666666666667,0.9705882352941176,0.95,0.6363636363636364,0.8142857142857143
1848900,0.8166666666666667,0.9705882352941176,0.95,0.6363636363636364,0.8285714285714286
1849200,0.8333333333333334,0.9705882352941176,1.0,0.6818181818181818,0.8285714285714286
1849500,0.85,0.9705882352941176,1.0,0.7272727272727273,0.8285714285714286
1849800,0.85,0.9411764705882353,0.95,0.7272727272727273,0.8428571428571429
1850100,0.8333333333333334,0.9117647058823529,0.9,0.7272727272727273,0.8428571428571429
1850400,0.85,0.9117647058823529,0.9,0.7272727272727273,0.8428571428571429
1850700,0.8833333333333333,0.9117647058823529,0.85,0.7272727272727273,0.8428571428571429
1851000,0.9166666666666666,0.9411764705882353,0.9,0.7272727272727273,0.8285714285714286
1851300,0.9333333333333333,0.9411764705882353,0.95,0.7272727272727273,0.8285714285714286
1851600,0.9333333333333333,0.9411764705882353,0.75,0.7272727272727273,0.8571428571428571
1851900,0.9166666666666666,0.9411764705882353,0.75,0.7727272727272727,0.8571428571428571
1852200,0.9166666666666666,0.9411764705882353,0.95,0.8181818181818182,0.8571428571428571
1852500,0.9,0.9411764705882353,0.8,0.8181818181818182,0.8428571428571429
1852800,0.9166666666666666,0.9411764705882353,0.8,0.7727272727272727,0.8428571428571429
1853100,0.9,0.9411764705882353,0.8,0.7727272727272727,0.8428571428571429
1853400,0.9166666666666666,0.9411764705882353,0.9,0.7727272727272727,0.8142857142857143
1853700,0.9,0.9117647058823529,0.9,0.7727272727272727,0.8
1854000,0.9,0.9411764705882353,0.95,0.7727272727272727,0.7857142857142857
1854300,0.8833333333333333,0.9411764705882353,0.95,0.7727272727272727,0.7714285714285715
1854600,0.8833333333333333,0.9411764705882353,1.0,0.8181818181818182,0.7714285714285715
1854900,0.8833333333333333,0.9411764705882353,0.9,0.8636363636363636,0.7571428571428571
1855200,0.8833333333333333,0.9117647058823529,1.0,0.7727272727272727,0.7714285714285715
1855500,0.8833333333333333,0.9117647058823529,0.95,0.8181818181818182,0.7571428571428571
1855800,0.8833333333333333,0.9117647058823529,0.9,0.7272727272727273,0.7714285714285715
1856100,0.9166666666666666,0.9117647058823529,0.9,0.7272727272727273,0.7857142857142857
1856400,0.9166666666666666,0.9117647058823529,0.85,0.6818181818181818,0.8285714285714286
1856700,0.9166666666666666,0.9117647058823529,0.85,0.6818181818181818,0.8285714285714286
1857000,0.85,0.8823529411764706,0.6,0.6818181818181818,0.8571428571428571
1857300,0.8333333333333334,0.8529411764705882,0.6,0.6363636363636364,0.8714285714285714
1857600,0.8833333333333333,0.7647058823529411,0.55,0.5909090909090909,0.8428571428571429
1857900,0.0,0.0,0.0,0.0,0.0
1858200,0.7166666666666667,0.6764705882352942,0.45,0.5454545454545454,0.8428571428571429
1858500,0.7,0.6470588235294118,0.4,0.5,0.8428571428571429
1858800,0.6833333333333333,0.5882352941176471,0.4,0.45454545454545453,0.8428571428571429
1859100,0.65,0.5294117647058824,0.35,0.45454545454545453,0.7857142857142857
1859400,0.6333333333333333,0.4411764705882353,0.55,0.2727272727272727,0.7857142857142857
1859700,0.5666666666666667,0.38235294117647056,0.5,0.13636363636363635,0.7428571428571429
1860000,0.6,0.38235294117647056,0.5,0.09090909090909091,0.7428571428571429
1860300,0.6,0.4117647058823529,0.5,0.09090909090909091,0.7285714285714285
1860600,0.6333333333333333,0.4117647058823529,0.5,0.13636363636363635,0.7142857142857143
1860900,0.6833333333333333,0.4411764705882353,0.5,0.18181818181818182,0.7
1861200,0.6833333333333333,0.47058823529411764,0.55,0.13636363636363635,0.6571428571428571
1861500,0.6666666666666666,0.47058823529411764,0.55,0.22727272727272727,0.6571428571428571
1861800,0.5833333333333334,0.47058823529411764,0.6,0.3181818181818182,0.6714285714285714
1862100,0.5666666666666667,0.38235294117647056,0.6,0.3181818181818182,0.6714285714285714
1862400,0.5666666666666667,0.38235294117647056,0.7,0.36363636363636365,0.7
1862700,0.55,0.35294117647058826,0.7,0.36363636363636365,0.6571428571428571
1863000,0.55,0.3235294117647059,0.75,0.36363636363636365,0.6571428571428571
1863300,0.65,0.38235294117647056,0.75,0.45454545454545453,0.6428571428571429
1863600,0.65,0.38235294117647056,0.7,0.5,0.6428571428571429
1863900,0.6833333333333333,0.38235294117647056,0.8,0.5454545454545454,0.6285714285714286
1864200,0.7,0.38235294117647056,0.8,0.6363636363636364,0.6142857142857143
1864500,0.7166666666666667,0.4411764705882353,0.9,0.6363636363636364,0.6285714285714286
1864800,0.75,0.5294117647058824,0.95,0.7272727272727273,0.6571428571428571
1865100,0.75,0.5882352941176471,0.95,0.7272727272727273,0.6714285714285714
1865400,0.7666666666666667,0.6176470588235294,0.95,0.7272727272727273,0.6857142857142857
1865700,0.8,0.6764705882352942,0.95,0.7727272727272727,0.6714285714285714
1866000,0.7833333333333333,0.7647058823529411,0.95,0.8636363636363636,0.6857142857142857
1866300,0.7833333333333333,0.7941176470588235,0.95,0.9090909090909091,0.6714285714285714
1866600,0.8,0.8529411764705882,0.95,0.9090909090909091,0.7285714285714285
1866900,0.8166666666666667,0.8529411764705882,0.85,0.9545454545454546,0.7428571428571429
1867200,0.8,0.8823529411764706,0.95,0.9545454545454546,0.7571428571428571
1867500,0.8166666666666667,0.9117647058823529,0.95,0.9090909090909091,0.7714285714285715
1867800,0.85,0.9117647058823529,0.95,0.9090909090909091,0.7857142857142857
1868100,0.85,0.9411764705882353,0.95,0.9090909090909091,0.7857142857142857
1868400,0.9,0.9411764705882353,0.95,0.9090909090909091,0.7857142857142857
1868700,0.8666666666666667,0.9117647058823529,0.75,0.9090909090909091,0.7571428571428571
1869000,0.9333333333333333,0.8823529411764706,0.95,0.9090909090909091,0.7714285714285715
1869300,0.9166666666666666,0.8529411764705882,0.9,0.9090909090909091,0.7857142857142857
1869600,0.9,0.7941176470588235,0.9,0.8636363636363636,0.8
1869900,0.95,0.7941176470588235,0.9,0.9090909090909091,0.8
1870200,0.95,0.8529411764705882,0.85,0.9090909090909091,0.8142857142857143
1870500,0.9333333333333333,0.8235294117647058,0.85,0.9090909090909091,0.7714285714285715
1870800,0.95,0.8235294117647058,0.9,0.9090909090909091,0.7857142857142857
1871100,0.95,0.8529411764705882,0.8,0.8636363636363636,0.7857142857142857
1871400,0.9333333333333333,0.8529411764705882,0.8,0.8636363636363636,0.8
1871700,0.9333333333333333,0.8529411764705882,0.9,0.8636363636363636,0.7857142857142857
1872000,0.9333333333333333,0.8529411764705882,0.8,0.8636363636363636,0.8142857142857143
1872300,0.9,0.8529411764705882,0.8,0.9090909090909091,0.8142857142857143
1872600,0.95,0.8529411764705882,0.75,0.8636363636363636,0.8142857142857143
1872900,0.9333333333333333,0.8823529411764706,0.8,0.8636363636363636,0.8
1873200,0.95,0.8823529411764706,0.7,0.8636363636363636,0.8142857142857143
1873500,0.9333333333333333,0.8529411764705882,0.85,0.9090909090909091,0.8142857142857143
1873800,0.9166666666666666,0.8823529411764706,0.85,0.9090909090909091,0.8285714285714286
1874100,0.95,0.8823529411764706,0.85,0.9090909090909091,0.8285714285714286
1874400,0.95,0.8823529411764706,0.85,0.9090909090909091,0.8285714285714286
1874700,0.95,0.8823529411764706,0.85,0.9090909090909091,0.8285714285714286
1875000,0.9,0.8529411764705882,0.95,0.9090909090909091,0.8285714285714286
1875300,0.9166666666666666,0.8529411764705882,0.95,0.9090909090909091,0.8428571428571429
1875600,0.9,0.8529411764705882,0.9,0.9090909090909091,0.8285714285714286
1875900,0.8833333333333333,0.9117647058823529,0.8,0.8636363636363636,0.8285714285714286
1876200,0.8833333333333333,0.9117647058823529,0.75,0.9545454545454546,0.8428571428571429
1876500,0.85,0.8529411764705882,0.8,0.9545454545454546,0.8428571428571429
1876800,0.8333333333333334,0.8235294117647058,0.8,0.8181818181818182,0.8285714285714286
1877100,0.8666666666666667,0.8235294117647058,0.8,0.8181818181818182,0.8285714285714286
1877400,0.85,0.8235294117647058,0.75,0.7272727272727273,0.8285714285714286
1877700,0.85,0.8235294117647058,0.6,0.7272727272727273,0.8285714285714286
1878000,0.85,0.8235294117647058,0.75,0.7272727272727273,0.8285714285714286
1878300,0.8333333333333334,0.8235294117647058,0.7,0.7272727272727273,0.8285714285714286
1878600,0.8833333333333333,0.8235294117647058,0.7,0.6818181818181818,0.8428571428571429
1878900,0.8833333333333333,0.8235294117647058,0.7,0.6818181818181818,0.8428571428571429
1879200,0.9166666666666666,0.8823529411764706,0.8,0.6363636363636364,0.8571428571428571
1879500,0.9166666666666666,0.8823529411764706,0.85,0.6363636363636364,0.8285714285714286
1879800,0.9333333333333333,0.9117647058823529,0.85,0.6818181818181818,0.8142857142857143
1880100,0.9166666666666666,0.9117647058823529,0.75,0.7272727272727273,0.8428571428571429
1880400,0.9333333333333333,0.8529411764705882,0.85,0.7272727272727273,0.8142857142857143
1880700,0.95,0.8529411764705882,0.75,0.7727272727272727,0.8
1881000,0.95,0.8823529411764706,0.85,0.8181818181818182,0.7857142857142857
1881300,0.9833333333333333,0.8823529411764706,0.75,0.8636363636363636,0.7857142857142857
1881600,0.9666666666666667,0.8823529411764706,0.85,0.8636363636363636,0.7857142857142857
1881900,0.9833333333333333,0.8823529411764706,0.85,0.9090909090909091,0.7714285714285715
1882200,0.9666666666666667,0.8823529411764706,0.85,0.8636363636363636,0.7571428571428571
1882500,0.9666666666666667,0.8529411764705882,0.8,0.8636363636363636,0.7571428571428571
1882800,0.95,0.8529411764705882,0.85,0.8181818181818182,0.7428571428571429
1883100,0.9333333333333333,0.8235294117647058,0.8,0.8636363636363636,0.7285714285714285
1883400,0.95,0.8235294117647058,0.85,0.8181818181818182,0.6714285714285714
1883700,0.95,0.8235294117647058,0.8,0.7727272727272727,0.6571428571428571
1884000,0.9333333333333333,0.7941176470588235,0.8,0.7727272727272727,0.6571428571428571
1884300,0.9333333333333333,0.7647058823529411,0.8,0.7727272727272727,0.6857142857142857
1884600,0.9166666666666666,0.7058823529411765,0.9,0.7727272727272727,0.6714285714285714
1884900,0.8833333333333333,0.6764705882352942,0.9,0.7272727272727273,0.6571428571428571
1885200,0.8833333333333333,0.6764705882352942,0.9,0.6818181818181818,0.6428571428571429
1885500,0.9,0.7058823529411765,0.85,0.5909090909090909,0.6428571428571429
1885800,0.8833333333333333,0.7058823529411765,0.85,0.5454545454545454,0.6571428571428571
1886100,0.8833333333333333,0.7058823529411765,0.9,0.5454545454545454,0.6571428571428571
1886400,0.8833333333333333,0.6470588235294118,0.9,0.5,0.6428571428571429
1886700,0.85,0.5882352941176471,0.8,0.5909090909090909,0.6285714285714286
1887000,0.85,0.6176470588235294,0.7,0.5909090909090909,0.6571428571428571
1887300,0.8333333333333334,0.6764705882352942,0.75,0.5909090909090909,0.6428571428571429
1887600,0.8333333333333334,0.7352941176470589,0.7,0.6818181818181818,0.6285714285714286
1887900,0.8333333333333334,0.6470588235294118,0.65,0.6818181818181818,0.6285714285714286
1888200,0.8333333333333334,0.6470588235294118,0.55,0.7272727272727273,0.6
1888500,0.8166666666666667,0.5882352941176471,0.55,0.7272727272727273,0.6285714285714286
1888800,0.8333333333333334,0.5882352941176471,0.65,0.5909090909090909,0.6571428571428571
1889100,0.8333333333333334,0.5588235294117647,0.75,0.5454545454545454,0.6428571428571429
1889400,0.8166666666666667,0.5294117647058824,0.75,0.5909090909090909,0.6285714285714286
1889700,0.85,0.47058823529411764,0.7,0.6363636363636364,0.6285714285714286
1890000,0.85,0.47058823529411764,0.75,0.6363636363636364,0.6714285714285714
1890300,0.8333333333333334,0.4411764705882353,0.8,0.5909090909090909,0.6714285714285714
1890600,0.85,0.47058823529411764,0.85,0.6818181818181818,0.7
1890900,0.85,0.5,0.8,0.7272727272727273,0.7142857142857143
1891200,0.8666666666666667,0.5,0.8,0.7727272727272727,0.7142857142857143
1891500,0.8666666666666667,0.5294117647058824,0.8,0.8181818181818182,0.7285714285714285
1891800,0.8666666666666667,0.5588235294117647,0.8,0.8181818181818182,0.7285714285714285
1892100,0.85,0.5294117647058824,0.65,0.7727272727272727,0.7428571428571429
1892400,0.8,0.5294117647058824,0.7,0.7727272727272727,0.7428571428571429
1892700,0.8333333333333334,0.6470588235294118,0.55,0.8181818181818182,0.7142857142857143
1893000,0.8833333333333333,0.6470588235294118,0.65,0.7727272727272727,0.7428571428571429
1893300,0.8833333333333333,0.6764705882352942,0.7,0.7727272727272727,0.7571428571428571
1893600,0.8833333333333333,0.6470588235294118,0.7,0.7272727272727273,0.7571428571428571
1893900,0.8833333333333333,0.7058823529411765,0.75,0.7272727272727273,0.7714285714285715
1894200,0.85,0.6764705882352942,0.7,0.7272727272727273,0.7428571428571429
1894500,0.8166666666666667,0.7058823529411765,0.7,0.6818181818181818,0.7428571428571429
1894800,0.8833333333333333,0.6764705882352942,0.7,0.6818181818181818,0.7428571428571429
1895100,0.9,0.6470588235294118,0.75,0.6363636363636364,0.7571428571428571
1895400,0.9166666666666666,0.6764705882352942,0.6,0.5,0.7571428571428571
1895700,0.9166666666666666,0.6470588235294118,0.75,0.4090909090909091,0.7714285714285715
1896000,0.8833333333333333,0.6470588235294118,0.75,0.4090909090909091,0.7571428571428571
1896300,0.8666666666666667,0.6470588235294118,0.8,0.36363636363636365,0.7285714285714285
1896600,0.85,0.6470588235294118,0.65,0.45454545454545453,0.7428571428571429
1896900,0.85,0.6470588235294118,0.55,0.4090909090909091,0.7428571428571429
1897200,0.8666666666666667,0.5588235294117647,0.6,0.3181818181818182,0.7285714285714285
1897500,0.85,0.5588235294117647,0.55,0.3181818181818182,0.7285714285714285
1897800,0.8666666666666667,0.5,0.65,0.36363636363636365,0.7428571428571429
1898100,0.8666666666666667,0.5588235294117647,0.7,0.4090909090909091,0.7285714285714285
1898400,0.9,0.5882352941176471,0.75,0.45454545454545453,0.7285714285714285
1898700,0.8666666666666667,0.6176470588235294,0.75,0.5,0.7285714285714285
1899000,0.8166666666666667,0.6176470588235294,0.7,0.5,0.7428571428571429
1899300,0.8,0.6176470588235294,0.75,0.45454545454545453,0.7285714285714285
1899600,0.7666666666666667,0.5588235294117647,0.85,0.45454545454545453,0.7285714285714285
1899900,0.7666666666666667,0.5588235294117647,0.75,0.5454545454545454,0.7285714285714285
1900200,0.7666666666666667,0.5,0.7,0.5909090909090909,0.7428571428571429
1900500,0.8,0.3235294117647059,0.7,0.6363636363636364,0.7285714285714285
1900800,0.7666666666666667,0.2647058823529412,0.6,0.6363636363636364,0.7285714285714285
1901100,0.6833333333333333,0.14705882352941177,0.45,0.5909090909090909,0.7142857142857143
1901400,0.65,0.08823529411764706,0.45,0.5454545454545454,0.7142857142857143
1901700,0.6166666666666667,0.058823529411764705,0.4,0.5454545454545454,0.0
1902000,0.55,0.0,0.4,0.5909090909090909,0.0
1902300,0.5,0.0,0.45,0.5909090909090909,0.0
1902600,0.45,0.029411764705882353,0.45,0.5909090909090909,0.0
1902900,0.43333333333333335,0.058823529411764705,0.35,0.5,0.0
1903200,0.4,0.08823529411764706,0.3,0.5,0.0
1903500,0.36666666666666664,0.0,0.25,0.45454545454545453,0.0
1903800,0.35,0.058823529411764705,0.25,0.4090909090909091,0.0
1904100,0.26666666666666666,0.14705882352941177,0.25,0.4090909090909091,0.7
1904400,0.26666666666666666,0.14705882352941177,0.3,0.36363636363636365,0.7
1904700,0.21666666666666667,0.17647058823529413,0.3,0.36363636363636365,0.6857142857142857
1905000,0.2833333333333333,0.17647058823529413,0.4,0.36363636363636365,0.6857142857142857
1905300,0.3333333333333333,0.23529411764705882,0.4,0.4090909090909091,0.6857142857142857
1905600,0.3333333333333333,0.2647058823529412,0.35,0.36363636363636365,0.6857142857142857
1905900,0.36666666666666664,0.20588235294117646,0.4,0.2727272727272727,0.6857142857142857
1906200,0.36666666666666664,0.20588235294117646,0.4,0.3181818181818182,0.6857142857142857
1906500,0.38333333333333336,0.17647058823529413,0.45,0.3181818181818182,0.6714285714285714
1906800,0.3333333333333333,0.11764705882352941,0.45,0.36363636363636365,0.6571428571428571
1907100,0.3,0.11764705882352941,0.45,0.36363636363636365,0.6571428571428571
1907400,0.35,0.058823529411764705,0.55,0.3181818181818182,0.6571428571428571
1907700,0.43333333333333335,0.029411764705882353,0.55,0.3181818181818182,0.6285714285714286
1908000,0.43333333333333335,0.11764705882352941,0.55,0.22727272727272727,0.6142857142857143
1908300,0.4166666666666667,0.11764705882352941,0.55,0.22727272727272727,0.6285714285714286
1908600,0.48333333333333334,0.11764705882352941,0.6,0.36363636363636365,0.6285714285714286
1908900,0.55,0.08823529411764706,0.5,0.36363636363636365,0.6285714285714286
1909200,0.5333333333333333,0.14705882352941177,0.4,0.4090909090909091,0.6285714285714286
1909500,0.48333333333333334,0.11764705882352941,0.45,0.4090909090909091,0.6142857142857143
1909800,0.48333333333333334,0.029411764705882353,0.55,0.5,0.6142857142857143
1910100,0.48333333333333334,0.0,0.55,0.5909090909090909,0.6142857142857143
1910400,0.4666666666666667,0.058823529411764705,0.45,0.5909090909090909,0.6142857142857143
1910700,0.4,0.08823529411764706,0.5,0.6818181818181818,0.6142857142857143
1911000,0.31666666666666665,0.14705882352941177,0.4,0.6818181818181818,0.6142857142857143
1911300,0.26666666666666666,0.11764705882352941,0.4,0.5,0.6
1911600,0.38333333333333336,0.20588235294117646,0.3,0.22727272727272727,0.6
1911900,0.4166666666666667,0.20588235294117646,0.45,0.18181818181818182,0.6
1912200,0.4,0.23529411764705882,0.35,0.22727272727272727,0.6
1912500,0.38333333333333336,0.23529411764705882,0.45,0.09090909090909091,0.6
1912800,0.38333333333333336,0.20588235294117646,0.45,0.09090909090909091,0.6
1913100,0.35,0.11764705882352941,0.4,0.0,0.6
1913400,0.3333333333333333,0.14705882352941177,0.4,0.09090909090909091,0.6
1913700,0.38333333333333336,0.17647058823529413,0.45,0.045454545454545456,0.6
1914000,0.36666666666666664,0.11764705882352941,0.45,0.0,0.5857142857142857
1914300,0.45,0.11764705882352941,0.4,0.0,0.5857142857142857
1914600,0.4666666666666667,0.11764705882352941,0.4,0.09090909090909091,0.5857142857142857
1914900,0.4666666666666667,0.11764705882352941,0.5,0.09090909090909091,0.5857142857142857
1915200,0.4666666666666667,0.08823529411764706,0.5,0.18181818181818182,0.5857142857142857
1915500,0.0,0.0,0.0,0.0,0.0
1915800,0.4,0.11764705882352941,0.55,0.13636363636363635,0.5714285714285714
1916100,0.36666666666666664,0.11764705882352941,0.55,0.09090909090909091,0.5714285714285714
1916400,0.3333333333333333,0.14705882352941177,0.55,0.09090909090909091,0.5714285714285714
1916700,0.3333333333333333,0.17647058823529413,0.5,0.09090909090909091,0.5714285714285714
1917000,0.38333333333333336,0.23529411764705882,0.5,0.09090909090909091,0.5714285714285714
1917300,0.3,0.20588235294117646,0.5,0.13636363636363635,0.5714285714285714
1917600,0.3333333333333333,0.23529411764705882,0.5,0.36363636363636365,0.5714285714285714
1917900,0.26666666666666666,0.23529411764705882,0.5,0.36363636363636365,0.5714285714285714
1918200,0.23333333333333334,0.29411764705882354,0.4,0.45454545454545453,0.5714285714285714
1918500,0.21666666666666667,0.2647058823529412,0.5,0.5,0.5714285714285714
1918800,0.21666666666666667,0.23529411764705882,0.4,0.5,0.5714285714285714
1919100,0.21666666666666667,0.29411764705882354,0.5,0.36363636363636365,0.5714285714285714
1919400,0.2,0.29411764705882354,0.45,0.36363636363636365,0.5571428571428572
1919700,0.18333333333333332,0.2647058823529412,0.5,0.36363636363636365,0.5571428571428572
1920000,0.11666666666666667,0.23529411764705882,0.5,0.3181818181818182,0.5571428571428572
1920300,0.11666666666666667,0.2647058823529412,0.5,0.3181818181818182,0.5571428571428572
1920600,0.1,0.29411764705882354,0.4,0.2727272727272727,0.5571428571428572
1920900,0.16666666666666666,0.29411764705882354,0.4,0.18181818181818182,0.5571428571428572
1921200,0.15,0.29411764705882354,0.4,0.13636363636363635,0.5571428571428572
1921500,0.16666666666666666,0.2647058823529412,0.3,0.2727272727272727,0.5571428571428572
1921800,0.11666666666666667,0.29411764705882354,0.35,0.3181818181818182,0.5428571428571428
1922100,0.08333333333333333,0.3235294117647059,0.2,0.3181818181818182,0.5428571428571428
1922400,0.03333333333333333,0.35294117647058826,0.2,0.2727272727272727,0.5428571428571428
1922700,0.08333333333333333,0.3235294117647059,0.3,0.22727272727272727,0.5428571428571428
1923000,0.11666666666666667,0.29411764705882354,0.15,0.22727272727272727,0.5428571428571428
1923300,0.03333333333333333,0.3235294117647059,0.25,0.13636363636363635,0.5285714285714286
1923600,0.06666666666666667,0.3235294117647059,0.25,0.22727272727272727,0.5285714285714286
1923900,0.1,0.23529411764705882,0.3,0.18181818181818182,0.5285714285714286
1924200,0.11666666666666667,0.23529411764705882,0.3,0.13636363636363635,0.5285714285714286
1924500,0.08333333333333333,0.23529411764705882,0.25,0.13636363636363635,0.5428571428571428
1924800,0.03333333333333333,0.2647058823529412,0.4,0.18181818181818182,0.5428571428571428
1925100,0.05,0.35294117647058826,0.35,0.22727272727272727,0.5428571428571428
1925400,0.03333333333333333,0.2647058823529412,0.35,0.18181818181818182,0.5428571428571428
1925700,0.05,0.29411764705882354,0.5,0.22727272727272727,0.5428571428571428
1926000,0.05,0.23529411764705882,0.6,0.3181818181818182,0.5142857142857142
1926300,0.06666666666666667,0.23529411764705882,0.65,0.4090909090909091,0.5285714285714286
1926600,0.06666666666666667,0.2647058823529412,0.75,0.5,0.5428571428571428
1926900,0.08333333333333333,0.2647058823529412,0.7,0.5454545454545454,0.5571428571428572
1927200,0.06666666666666667,0.29411764705882354,0.6,0.5909090909090909,0.5428571428571428
1927500,0.06666666666666667,0.20588235294117646,0.6,0.5909090909090909,0.5428571428571428
1927800,0.05,0.23529411764705882,0.65,0.6363636363636364,0.5428571428571428
1928100,0.05,0.20588235294117646,0.7,0.5909090909090909,0.5428571428571428
1928400,0.05,0.20588235294117646,0.65,0.5909090909090909,0.5714285714285714
1928700,0.03333333333333333,0.17647058823529413,0.5,0.4090909090909091,0.6428571428571429
1929000,0.06666666666666667,0.17647058823529413,0.6,0.4090909090909091,0.6428571428571429
1929300,0.1,0.17647058823529413,0.6,0.45454545454545453,0.6142857142857143
1929600,0.11666666666666667,0.2647058823529412,0.5,0.5454545454545454,0.6714285714285714
1929900,0.18333333333333332,0.3235294117647059,0.65,0.45454545454545453,0.6714285714285714
1930200,0.21666666666666667,0.35294117647058826,0.65,0.45454545454545453,0.6857142857142857
1930500,0.31666666666666665,0.38235294117647056,0.75,0.4090909090909091,0.7285714285714285
1930800,0.4,0.38235294117647056,0.6,0.4090909090909091,0.7285714285714285
1931100,0.43333333333333335,0.4117647058823529,0.75,0.36363636363636365,0.7285714285714285
1931400,0.5333333333333333,0.5,0.85,0.4090909090909091,0.7428571428571429
1931700,0.6333333333333333,0.5294117647058824,0.9,0.45454545454545453,0.7428571428571429
1932000,0.6166666666666667,0.5882352941176471,0.95,0.4090909090909091,0.7714285714285715
1932300,0.6333333333333333,0.5588235294117647,0.95,0.45454545454545453,0.7714285714285715
1932600,0.6833333333333333,0.5588235294117647,0.95,0.45454545454545453,0.7571428571428571
1932900,0.8,0.6470588235294118,0.8,0.5,0.7571428571428571
1933200,0.8166666666666667,0.6176470588235294,0.95,0.5454545454545454,0.7285714285714285
1933500,0.8333333333333334,0.6176470588235294,0.9,0.6363636363636364,0.7285714285714285
1933800,0.85,0.5294117647058824,0.9,0.6818181818181818,0.7285714285714285
1934100,0.85,0.5588235294117647,0.8,0.7727272727272727,0.7285714285714285
1934400,0.8333333333333334,0.5294117647058824,0.9,0.7727272727272727,0.7285714285714285
1934700,0.8166666666666667,0.5588235294117647,0.9,0.8181818181818182,0.7285714285714285
1935000,0.8166666666666667,0.5588235294117647,0.75,0.8636363636363636,0.7142857142857143
1935300,0.8166666666666667,0.5882352941176471,0.75,0.9545454545454546,0.7285714285714285
1935600,0.8333333333333334,0.5588235294117647,0.85,0.9545454545454546,0.7142857142857143
1935900,0.8333333333333334,0.5882352941176471,0.9,0.9090909090909091,0.7
1936200,0.85,0.6470588235294118,0.9,0.8636363636363636,0.7
1936500,0.85,0.6470588235294118,0.8,0.8181818181818182,0.7285714285714285
1936800,0.85,0.6470588235294118,0.7,0.8181818181818182,0.7428571428571429
1937100,0.0,0.6764705882352942,0.9,0.8181818181818182,0.0
1937400,0.8833333333333333,0.6764705882352942,0.75,0.8181818181818182,0.7714285714285715
1937700,0.8833333333333333,0.6764705882352942,0.85,0.7727272727272727,0.7714285714285715
1938000,0.9166666666666666,0.6764705882352942,0.8,0.7727272727272727,0.7714285714285715
1938300,0.9166666666666666,0.6764705882352942,0.95,0.8181818181818182,0.7571428571428571
1938600,0.9333333333333333,0.6764705882352942,1.0,0.8181818181818182,0.7571428571428571
1938900,0.9166666666666666,0.7058823529411765,0.85,0.8636363636363636,0.8
1939200,0.9166666666666666,0.7058823529411765,0.85,0.8636363636363636,0.8
1939500,0.9166666666666666,0.7647058823529411,0.95,0.8636363636363636,0.7714285714285715
1939800,0.9,0.7647058823529411,0.95,0.9090909090909091,0.7571428571428571
1940100,0.9,0.7647058823529411,0.8,0.9090909090909091,0.7571428571428571
1940400,0.9,0.7647058823529411,0.9,0.9545454545454546,0.7428571428571429
1940700,0.9,0.7647058823529411,0.9,0.9545454545454546,0.7285714285714285
1941000,0.9,0.7941176470588235,0.75,0.9090909090909091,0.7142857142857143
1941300,0.9,0.8823529411764706,0.75,0.9090909090909091,0.7142857142857143
1941600,0.9,0.8823529411764706,0.9,0.8636363636363636,0.7142857142857143
1941900,0.9,0.9411764705882353,0.8,0.8636363636363636,0.7285714285714285
1942200,0.9,0.9705882352941176,0.9,0.8636363636363636,0.7428571428571429
1942500,0.9,0.9705882352941176,0.85,0.9090909090909091,0.7571428571428571
1942800,0.9,0.9411764705882353,0.9,0.9090909090909091,0.7428571428571429
1943100,0.9,0.9117647058823529,0.9,0.9090909090909091,0.7571428571428571
1943400,0.9,0.9117647058823529,0.85,0.8636363636363636,0.7428571428571429
1943700,0.9,0.9117647058823529,0.85,0.8636363636363636,0.7285714285714285
1944000,0.8833333333333333,0.9117647058823529,0.85,0.8636363636363636,0.7285714285714285
1944300,0.8833333333333333,0.9117647058823529,0.85,0.9090909090909091,0.7142857142857143
1944600,0.8833333333333333,0.8235294117647058,0.8,0.8636363636363636,0.6714285714285714
1944900,0.8333333333333334,0.7941176470588235,0.75,0.7727272727272727,0.6571428571428571
1945200,0.85,0.7647058823529411,0.75,0.6818181818181818,0.6857142857142857
1945500,0.8333333333333334,0.7352941176470589,0.7,0.6363636363636364,0.7
1945800,0.8,0.7352941176470589,0.7,0.6818181818181818,0.6714285714285714
1946100,0.7833333333333333,0.7058823529411765,0.65,0.6363636363636364,0.6714285714285714
1946400,0.7833333333333333,0.6764705882352942,0.65,0.6363636363636364,0.6714285714285714
1946700,0.7666666666666667,0.5882352941176471,0.7,0.5454545454545454,0.6857142857142857
1947000,0.75,0.5588235294117647,0.65,0.5,0.6857142857142857
1947300,0.7333333333333333,0.5588235294117647,0.6,0.5,0.6857142857142857
1947600,0.7333333333333333,0.5882352941176471,0.55,0.5,0.6857142857142857
1947900,0.75,0.5882352941176471,0.45,0.5909090909090909,0.6857142857142857
1948200,0.7333333333333333,0.6470588235294118,0.5,0.5454545454545454,0.6857142857142857
1948500,0.75,0.7058823529411765,0.45,0.5454545454545454,0.6714285714285714
1948800,0.7833333333333333,0.7058823529411765,0.5,0.5454545454545454,0.6571428571428571
1949100,0.8166666666666667,0.7647058823529411,0.45,0.5909090909090909,0.6571428571428571
1949400,0.8,0.7058823529411765,0.5,0.5909090909090909,0.6428571428571429
1949700,0.8166666666666667,0.7647058823529411,0.5,0.6363636363636364,0.6428571428571429
1950000,0.8166666666666667,0.7352941176470589,0.5,0.6363636363636364,0.6285714285714286
1950300,0.8333333333333334,0.7352941176470589,0.55,0.6363636363636364,0.6142857142857143
1950600,0.7666666666666667,0.7941176470588235,0.55,0.6363636363636364,0.6285714285714286
1950900,0.7833333333333333,0.8235294117647058,0.7,0.5909090909090909,0.6142857142857143
1951200,0.8,0.8235294117647058,0.7,0.6363636363636364,0.6285714285714286
1951500,0.7833333333333333,0.8529411764705882,0.7,0.7272727272727273,0.6142857142857143
1951800,0.7833333333333333,0.8823529411764706,0.75,0.7272727272727273,0.5857142857142857
1952100,0.85,0.8823529411764706,0.75,0.6818181818181818,0.5857142857142857
1952400,0.85,0.9411764705882353,0.8,0.6818181818181818,0.5857142857142857
1952700,0.8333333333333334,0.9117647058823529,0.8,0.6818181818181818,0.6
1953000,0.85,0.9117647058823529,0.9,0.7727272727272727,0.5857142857142857
1953300,0.8666666666666667,0.9117647058823529,0.9,0.7727272727272727,0.6
1953600,0.85,0.9411764705882353,0.9,0.7272727272727273,0.5857142857142857
1953900,0.85,0.9411764705882353,0.9,0.7272727272727273,0.5285714285714286
1954200,0.85,0.9411764705882353,0.9,0.7272727272727273,0.5714285714285714
1954500,0.8166666666666667,0.9705882352941176,0.9,0.7727272727272727,0.6142857142857143
1954800,0.8166666666666667,0.9705882352941176,0.95,0.7727272727272727,0.6428571428571429
1955100,0.8,0.9705882352941176,0.9,0.8636363636363636,0.6714285714285714
1955400,0.8833333333333333,0.9705882352941176,1.0,0.8636363636363636,0.6714285714285714
1955700,0.8833333333333333,0.9705882352941176,1.0,0.8636363636363636,0.6714285714285714
1956000,0.9,0.9705882352941176,1.0,0.8636363636363636,0.6714285714285714
1956300,0.9,0.9705882352941176,0.9,0.9545454545454546,0.6571428571428571
1956600,0.9166666666666666,0.9705882352941176,1.0,0.9545454545454546,0.7285714285714285
1956900,0.9666666666666667,0.9705882352941176,1.0,0.9545454545454546,0.7285714285714285
1957200,0.9666666666666667,0.9705882352941176,1.0,0.9545454545454546,0.7142857142857143
1957500,0.9333333333333333,0.9705882352941176,1.0,0.9090909090909091,0.7142857142857143
1957800,0.9333333333333333,0.9411764705882353,1.0,0.8636363636363636,0.7142857142857143
1958100,0.9666666666666667,0.9411764705882353,1.0,0.8181818181818182,0.6857142857142857
1958400,0.9666666666666667,0.9411764705882353,1.0,0.7272727272727273,0.7
1958700,0.9666666666666667,0.9411764705882353,1.0,0.7272727272727273,0.7
1959000,0.9166666666666666,0.9411764705882353,0.9,0.7272727272727273,0.7142857142857143
1959300,0.9333333333333333,0.9411764705882353,0.95,0.6363636363636364,0.7285714285714285
1959600,0.95,0.9117647058823529,0.95,0.6363636363636364,0.7285714285714285
1959900,0.9333333333333333,0.9117647058823529,0.95,0.6818181818181818,0.7285714285714285
1960200,0.9,0.9117647058823529,0.75,0.7272727272727273,0.7142857142857143
1960500,0.9,0.9117647058823529,0.6,0.7272727272727273,0.7285714285714285
1960800,0.9,0.9117647058823529,0.6,0.6818181818181818,0.7142857142857143
1961100,0.85,0.9117647058823529,0.65,0.7272727272727273,0.7142857142857143
1961400,0.8833333333333333,0.9117647058823529,0.7,0.6363636363636364,0.6857142857142857
1961700,0.85,0.9411764705882353,0.65,0.7272727272727273,0.7
1962000,0.8166666666666667,0.9411764705882353,0.7,0.7727272727272727,0.6714285714285714
1962300,0.8333333333333334,0.8823529411764706,0.65,0.8181818181818182,0.6857142857142857
1962600,0.8,0.8823529411764706,0.55,0.8181818181818182,0.6714285714285714
1962900,0.8,0.8823529411764706,0.65,0.8636363636363636,0.6857142857142857
1963200,0.8,0.8823529411764706,0.6,0.8636363636363636,0.6285714285714286
1963500,0.8,0.8823529411764706,0.5,0.8636363636363636,0.6
1963800,0.8,0.9117647058823529,0.6,0.8636363636363636,0.5714285714285714
1964100,0.7833333333333333,0.9117647058823529,0.65,0.8636363636363636,0.5571428571428572
1964400,0.7833333333333333,0.8823529411764706,0.7,0.8181818181818182,0.5714285714285714
1964700,0.7666666666666667,0.8823529411764706,0.9,0.7727272727272727,0.6
1965000,0.7666666666666667,0.9117647058823529,0.9,0.7727272727272727,0.6285714285714286
1965300,0.8,0.9117647058823529,0.8,0.7272727272727273,0.6285714285714286
1965600,0.8166666666666667,0.9117647058823529,0.9,0.7272727272727273,0.6428571428571429
1965900,0.8833333333333333,0.8823529411764706,0.9,0.7727272727272727,0.6428571428571429
1966200,0.9,0.8823529411764706,0.8,0.8636363636363636,0.6285714285714286
1966500,0.9,0.8823529411764706,0.9,0.8636363636363636,0.6428571428571429
1966800,0.9166666666666666,0.8823529411764706,0.9,0.8636363636363636,0.6571428571428571
1967100,0.9333333333333333,0.8823529411764706,0.9,0.8636363636363636,0.7142857142857143
1967400,0.9166666666666666,0.8823529411764706,0.9,0.8636363636363636,0.7142857142857143
1967700,0.95,0.8529411764705882,0.85,0.8636363636363636,0.7142857142857143
1968000,0.95,0.8529411764705882,0.75,0.8636363636363636,0.7
1968300,0.9666666666666667,0.8529411764705882,0.75,0.8636363636363636,0.6857142857142857
1968600,0.9666666666666667,0.8529411764705882,0.75,0.8636363636363636,0.6714285714285714
1968900,0.95,0.8529411764705882,0.75,0.8636363636363636,0.6714285714285714
1969200,0.95,0.8529411764705882,0.8,0.8636363636363636,0.6714285714285714
1969500,0.9333333333333333,0.8235294117647058,0.8,0.8636363636363636,0.6428571428571429
1969800,0.9,0.8235294117647058,0.7,0.8636363636363636,0.6571428571428571
1970100,0.9,0.8823529411764706,0.8,0.8181818181818182,0.6571428571428571
1970400,0.8666666666666667,0.8823529411764706,0.8,0.7727272727272727,0.6428571428571429
1970700,0.85,0.8823529411764706,0.85,0.6818181818181818,0.6428571428571429
1971000,0.8666666666666667,0.8823529411764706,0.9,0.6818181818181818,0.6714285714285714
1971300,0.8666666666666667,0.8823529411764706,0.8,0.6818181818181818,0.6857142857142857
1971600,0.85,0.8823529411764706,0.65,0.6363636363636364,0.6857142857142857
1971900,0.8666666666666667,0.9117647058823529,0.85,0.6818181818181818,0.7
1972200,0.8666666666666667,0.9117647058823529,0.8,0.7272727272727273,0.7
1972500,0.85,0.9117647058823529,0.95,0.7272727272727273,0.7142857142857143
1972800,0.8833333333333333,0.8823529411764706,0.85,0.7272727272727273,0.7
1973100,0.8833333333333333,0.8823529411764706,0.85,0.6363636363636364,0.7142857142857143
1973400,0.8666666666666667,0.8529411764705882,0.85,0.6363636363636364,0.7
1973700,0.8833333333333333,0.8529411764705882,0.8,0.6363636363636364,0.7285714285714285
1974000,0.8833333333333333,0.8529411764705882,0.8,0.6818181818181818,0.7285714285714285
1974300,0.85,0.8529411764705882,0.85,0.7727272727272727,0.7285714285714285
1974600,0.85,0.8235294117647058,0.9,0.8181818181818182,0.7142857142857143
1974900,0.85,0.7941176470588235,0.9,0.8181818181818182,0.7571428571428571
1975200,0.8666666666666667,0.7941176470588235,0.9,0.8181818181818182,0.7571428571428571
1975500,0.8666666666666667,0.7647058823529411,0.85,0.7727272727272727,0.7428571428571429
1975800,0.8833333333333333,0.7058823529411765,0.8,0.7727272727272727,0.7571428571428571
1976100,0.9,0.6764705882352942,0.8,0.7727272727272727,0.7714285714285715
1976400,0.8833333333333333,0.6470588235294118,0.75,0.7727272727272727,0.7714285714285715
1976700,0.8833333333333333,0.6764705882352942,0.75,0.8181818181818182,0.7714285714285715
1977000,0.8833333333333333,0.6764705882352942,0.75,0.8181818181818182,0.7714285714285715
1977300,0.8166666666666667,0.5882352941176471,0.75,0.7727272727272727,0.7857142857142857
1977600,0.85,0.6176470588235294,0.8,0.7272727272727273,0.8142857142857143
1977900,0.85,0.6470588235294118,0.8,0.6818181818181818,0.8142857142857143
1978200,0.8166666666666667,0.6470588235294118,0.7,0.6363636363636364,0.8142857142857143
1978500,0.8166666666666667,0.6764705882352942,0.7,0.6818181818181818,0.8142857142857143
1978800,0.8166666666666667,0.6764705882352942,0.7,0.5909090909090909,0.8142857142857143
1979100,0.7833333333333333,0.5882352941176471,0.85,0.6363636363636364,0.8285714285714286
1979400,0.7833333333333333,0.5882352941176471,0.8,0.6363636363636364,0.8285714285714286
1979700,0.8,0.6176470588235294,0.8,0.5454545454545454,0.8571428571428571
1980000,0.7666666666666667,0.5882352941176471,0.8,0.5454545454545454,0.8571428571428571
1980300,0.75,0.5882352941176471,0.75,0.5454545454545454,0.8571428571428571
1980600,0.75,0.5294117647058824,0.75,0.5454545454545454,0.8285714285714286
1980900,0.7166666666666667,0.5294117647058824,0.7,0.5454545454545454,0.8285714285714286
1981200,0.75,0.5294117647058824,0.7,0.7272727272727273,0.8285714285714286
1981500,0.7666666666666667,0.5294117647058824,0.65,0.6818181818181818,0.8142857142857143
1981800,0.75,0.5588235294117647,0.7,0.6818181818181818,0.8285714285714286
1982100,0.75,0.5882352941176471,0.75,0.8181818181818182,0.8142857142857143
1982400,0.8,0.5882352941176471,0.75,0.8181818181818182,0.8
1982700,0.7666666666666667,0.6176470588235294,0.8,0.8181818181818182,0.7714285714285715
1983000,0.75,0.6176470588235294,0.8,0.8181818181818182,0.7428571428571429
1983300,0.7666666666666667,0.6176470588235294,0.7,0.7727272727272727,0.7285714285714285
1983600,0.7666666666666667,0.6176470588235294,0.65,0.7272727272727273,0.7285714285714285
1983900,0.7833333333333333,0.47058823529411764,0.7,0.6363636363636364,0.7
1984200,0.8166666666666667,0.4117647058823529,0.6,0.6818181818181818,0.7
1984500,0.8,0.4411764705882353,0.7,0.7272727272727273,0.6857142857142857
1984800,0.7666666666666667,0.4117647058823529,0.6,0.6818181818181818,0.6857142857142857
1985100,0.7333333333333333,0.47058823529411764,0.75,0.6818181818181818,0.6857142857142857
1985400,0.7166666666666667,0.4411764705882353,0.75,0.6818181818181818,0.6571428571428571
1985700,0.7333333333333333,0.4411764705882353,0.85,0.5454545454545454,0.6714285714285714
1986000,0.7166666666666667,0.38235294117647056,0.85,0.5909090909090909,0.6285714285714286
1986300,0.6666666666666666,0.35294117647058826,0.95,0.5909090909090909,0.6285714285714286
1986600,0.6333333333333333,0.3235294117647059,0.95,0.5454545454545454,0.6285714285714286
1986900,0.5833333333333334,0.2647058823529412,0.85,0.5909090909090909,0.6142857142857143
1987200,0.55,0.2647058823529412,0.85,0.5909090909090909,0.6
1987500,0.4166666666666667,0.17647058823529413,0.65,0.5909090909090909,0.5857142857142857
1987800,0.25,0.11764705882352941,0.65,0.45454545454545453,0.5857142857142857
1988100,0.18333333333333332,0.14705882352941177,0.65,0.36363636363636365,0.5857142857142857
1988400,0.11666666666666667,0.11764705882352941,0.5,0.3181818181818182,0.5571428571428572
1988700,0.1,0.14705882352941177,0.6,0.2727272727272727,0.5142857142857142
1989000,0.05,0.14705882352941177,0.45,0.3181818181818182,0.4857142857142857
1989300,0.03333333333333333,0.17647058823529413,0.55,0.2727272727272727,0.4857142857142857
1989600,0.05,0.20588235294117646,0.55,0.3181818181818182,0.4714285714285714
1989900,0.06666666666666667,0.23529411764705882,0.65,0.3181818181818182,0.44285714285714284
1990200,0.06666666666666667,0.23529411764705882,0.5,0.3181818181818182,0.45714285714285713
1990500,0.13333333333333333,0.23529411764705882,0.5,0.2727272727272727,0.44285714285714284
1990800,0.18333333333333332,0.29411764705882354,0.5,0.22727272727272727,0.44285714285714284
1991100,0.23333333333333334,0.2647058823529412,0.5,0.3181818181818182,0.44285714285714284
1991400,0.31666666666666665,0.29411764705882354,0.55,0.36363636363636365,0.44285714285714284
1991700,0.2833333333333333,0.35294117647058826,0.6,0.4090909090909091,0.44285714285714284
1992000,0.26666666666666666,0.35294117647058826,0.6,0.36363636363636365,0.44285714285714284
1992300,0.3333333333333333,0.38235294117647056,0.5,0.2727272727272727,0.44285714285714284
1992600,0.31666666666666665,0.35294117647058826,0.5,0.2727272727272727,0.44285714285714284
1992900,0.38333333333333336,0.38235294117647056,0.5,0.2727272727272727,0.44285714285714284
1993200,0.48333333333333334,0.4117647058823529,0.45,0.3181818181818182,0.44285714285714284
1993500,0.5,0.4411764705882353,0.5,0.3181818181818182,0.42857142857142855
1993800,0.4166666666666667,0.4411764705882353,0.5,0.5454545454545454,0.42857142857142855
1994100,0.38333333333333336,0.4117647058823529,0.5,0.5909090909090909,0.38571428571428573
1994400,0.36666666666666664,0.4117647058823529,0.55,0.5909090909090909,0.37142857142857144
1994700,0.4,0.4117647058823529,0.75,0.5454545454545454,0.37142857142857144
1995000,0.36666666666666664,0.4117647058823529,0.8,0.5454545454545454,0.37142857142857144
1995300,0.38333333333333336,0.35294117647058826,0.85,0.4090909090909091,0.37142857142857144
1995600,0.4,0.38235294117647056,0.7,0.5454545454545454,0.35714285714285715
1995900,0.48333333333333334,0.38235294117647056,0.75,0.5454545454545454,0.35714285714285715
1996200,0.5,0.38235294117647056,0.75,0.5909090909090909,0.35714285714285715
1996500,0.48333333333333334,0.4117647058823529,0.8,0.5454545454545454,0.35714285714285715
1996800,0.5333333333333333,0.4411764705882353,0.85,0.5454545454545454,0.35714285714285715
1997100,0.5,0.4411764705882353,0.75,0.5454545454545454,0.35714285714285715
1997400,0.48333333333333334,0.4411764705882353,0.8,0.5,0.35714285714285715
1997700,0.48333333333333334,0.4117647058823529,0.8,0.5,0.34285714285714286
1998000,0.55,0.5294117647058824,0.8,0.5,0.34285714285714286
1998300,0.6,0.5,0.8,0.5,0.34285714285714286
1998600,0.5333333333333333,0.47058823529411764,0.8,0.5,0.35714285714285715
1998900,0.55,0.47058823529411764,0.8,0.45454545454545453,0.35714285714285715
1999200,0.6166666666666667,0.5,0.85,0.4090909090909091,0.35714285714285715
1999500,0.5833333333333334,0.5294117647058824,0.85,0.4090909090909091,0.35714285714285715
1999800,0.5833333333333334,0.5,0.95,0.36363636363636365,0.35714285714285715
2000100,0.6166666666666667,0.5294117647058824,0.95,0.4090909090909091,0.35714285714285715
2000400,0.6333333333333333,0.47058823529411764,0.95,0.4090909090909091,0.34285714285714286
2000700,0.6333333333333333,0.5,0.8,0.4090909090909091,0.35714285714285715
2001000,0.65,0.4411764705882353,0.9,0.4090909090909091,0.34285714285714286
2001300,0.6333333333333333,0.4117647058823529,0.9,0.4090909090909091,0.34285714285714286
2001600,0.65,0.38235294117647056,0.8,0.4090909090909091,0.34285714285714286
2001900,0.5666666666666667,0.38235294117647056,0.75,0.4090909090909091,0.34285714285714286
2002200,0.55,0.35294117647058826,0.75,0.4090909090909091,0.34285714285714286
2002500,0.5833333333333334,0.38235294117647056,0.85,0.5909090909090909,0.34285714285714286
2002800,0.55,0.38235294117647056,0.85,0.8636363636363636,0.34285714285714286
2003100,0.5666666666666667,0.4117647058823529,0.85,0.8636363636363636,0.34285714285714286
2003400,0.5666666666666667,0.4117647058823529,0.8,0.9090909090909091,0.35714285714285715
2003700,0.5833333333333334,0.4411764705882353,0.75,0.9090909090909091,0.35714285714285715
2004000,0.5666666666666667,0.4117647058823529,0.7,0.9090909090909091,0.35714285714285715
2004300,0.43333333333333335,0.4411764705882353,0.65,0.9090909090909091,0.34285714285714286
2004600,0.45,0.4411764705882353,0.65,0.9545454545454546,0.34285714285714286
2004900,0.4166666666666667,0.47058823529411764,0.65,0.9090909090909091,0.34285714285714286
2005200,0.35,0.47058823529411764,0.6,0.8636363636363636,0.34285714285714286
2005500,0.31666666666666665,0.47058823529411764,0.55,0.8181818181818182,0.34285714285714286
2005800,0.31666666666666665,0.47058823529411764,0.55,0.8181818181818182,0.35714285714285715
2006100,0.3333333333333333,0.47058823529411764,0.5,0.8181818181818182,0.35714285714285715
2006400,0.35,0.5,0.5,0.8181818181818182,0.35714285714285715
2006700,0.38333333333333336,0.5294117647058824,0.45,0.7272727272727273,0.37142857142857144
2007000,0.4,0.5,0.35,0.6818181818181818,0.37142857142857144
2007300,0.4166666666666667,0.5588235294117647,0.3,0.6363636363636364,0.37142857142857144
2007600,0.36666666666666664,0.5,0.35,0.6363636363636364,0.37142857142857144
2007900,0.4166666666666667,0.5,0.3,0.6363636363636364,0.37142857142857144
2008200,0.35,0.47058823529411764,0.35,0.5909090909090909,0.37142857142857144
2008500,0.35,0.5,0.3,0.5454545454545454,0.37142857142857144
2008800,0.4666666666666667,0.47058823529411764,0.45,0.5,0.37142857142857144
2009100,0.45,0.47058823529411764,0.5,0.5,0.37142857142857144
2009400,0.5,0.4117647058823529,0.45,0.5454545454545454,0.35714285714285715
2009700,0.43333333333333335,0.4411764705882353,0.5,0.5,0.35714285714285715
2010000,0.4,0.4411764705882353,0.55,0.5454545454545454,0.35714285714285715
2010300,0.4,0.4411764705882353,0.55,0.5909090909090909,0.37142857142857144
2010600,0.4166666666666667,0.5,0.5,0.45454545454545453,0.37142857142857144
2010900,0.4166666666666667,0.47058823529411764,0.6,0.45454545454545453,0.37142857142857144
2011200,0.4166666666666667,0.4411764705882353,0.6,0.4090909090909091,0.37142857142857144
2011500,0.4,0.4411764705882353,0.6,0.4090909090909091,0.37142857142857144
2011800,0.35,0.4117647058823529,0.65,0.4090909090909091,0.38571428571428573
2012100,0.31666666666666665,0.47058823529411764,0.65,0.36363636363636365,0.4
2012400,0.25,0.4117647058823529,0.6,0.4090909090909091,0.4
2012700,0.23333333333333334,0.4117647058823529,0.65,0.45454545454545453,0.4
2013000,0.2,0.38235294117647056,0.6,0.45454545454545453,0.38571428571428573
2013300,0.13333333333333333,0.47058823529411764,0.4,0.45454545454545453,0.4142857142857143
2013600,0.1,0.4411764705882353,0.45,0.45454545454545453,0.4142857142857143
2013900,0.1,0.4411764705882353,0.4,0.45454545454545453,0.42857142857142855
2014200,0.06666666666666667,0.4117647058823529,0.55,0.4090909090909091,0.4142857142857143
2014500,0.1,0.29411764705882354,0.6,0.45454545454545453,0.4142857142857143
2014800,0.15,0.29411764705882354,0.5,0.45454545454545453,0.42857142857142855
2015100,0.13333333333333333,0.29411764705882354,0.55,0.45454545454545453,0.44285714285714284
2015400,0.16666666666666666,0.3235294117647059,0.55,0.45454545454545453,0.45714285714285713
2015700,0.16666666666666666,0.4411764705882353,0.65,0.36363636363636365,0.5142857142857142
2016000,0.23333333333333334,0.5,0.6,0.4090909090909091,0.5571428571428572
2016300,0.3,0.5588235294117647,0.75,0.3181818181818182,0.6142857142857143
2016600,0.48333333333333334,0.6176470588235294,0.65,0.3181818181818182,0.7285714285714285
2016900,0.5333333333333333,0.6176470588235294,0.8,0.3181818181818182,0.7571428571428571
2017200,0.6,0.5882352941176471,0.85,0.36363636363636365,0.7571428571428571
2017500,0.6166666666666667,0.5588235294117647,0.9,0.4090909090909091,0.7571428571428571
2017800,0.6666666666666666,0.5882352941176471,0.95,0.36363636363636365,0.7571428571428571
2018100,0.7166666666666667,0.6470588235294118,0.9,0.36363636363636365,0.7571428571428571
2018400,0.75,0.7058823529411765,0.95,0.4090909090909091,0.7571428571428571
2018700,0.7666666666666667,0.6470588235294118,0.95,0.36363636363636365,0.7571428571428571
2019000,0.7833333333333333,0.6470588235294118,0.95,0.36363636363636365,0.7714285714285715
2019300,0.7666666666666667,0.6470588235294118,0.95,0.36363636363636365,0.7857142857142857
2019600,0.7666666666666667,0.6470588235294118,0.95,0.36363636363636365,0.7857142857142857
2019900,0.7666666666666667,0.6470588235294118,0.95,0.36363636363636365,0.7857142857142857
2020200,0.7666666666666667,0.6470588235294118,0.95,0.36363636363636365,0.7857142857142857
2020500,0.7666666666666667,0.6470588235294118,0.95,0.36363636363636365,0.7857142857142857
2020800,0.7666666666666667,0.6470588235294118,0.95,0.36363636363636365,0.7857142857142857
2021100,0.7666666666666667,0.6470588235294118,0.95,0.36363636363636365,0.7857142857142857
2021400,0.7666666666666667,0.6470588235294118,0.95,0.36363636363636365,0.7857142857142857
2021700,0.7666666666666667,0.6470588235294118,0.95,0.36363636363636365,0.7857142857142857
2022000,0.7666666666666667,0.6470588235294118,0.95,0.36363636363636365,0.7857142857142857
2022300,0.7666666666666667,0.6470588235294118,0.95,0.36363636363636365,0.7857142857142857
2022600,0.7666666666666667,0.6470588235294118,0.95,0.36363636363636365,0.7857142857142857
2022900,0.7666666666666667,0.6470588235294118,0.95,0.36363636363636365,0.7857142857142857
2023200,0.7666666666666667,0.6470588235294118,0.95,0.36363636363636365,0.7857142857142857
2023500,0.7666666666666667,0.6470588235294118,0.95,0.36363636363636365,0.7857142857142857
2023800,0.7666666666666667,0.6470588235294118,0.95,0.36363636363636365,0.7857142857142857
2024100,0.7666666666666667,0.6470588235294118,0.95,0.36363636363636365,0.7857142857142857
2024400,0.7666666666666667,0.6470588235294118,0.95,0.36363636363636365,0.7857142857142857
2024700,0.7666666666666667,0.6470588235294118,0.95,0.36363636363636365,0.7857142857142857
2025000,0.7666666666666667,0.6470588235294118,0.95,0.36363636363636365,0.7857142857142857
2025300,0.7666666666666667,0.6470588235294118,0.95,0.36363636363636365,0.7857142857142857
2025600,0.7666666666666667,0.6470588235294118,0.95,0.36363636363636365,0.7857142857142857
2025900,0.7666666666666667,0.6470588235294118,0.95,0.36363636363636365,0.7857142857142857
2026200,0.7666666666666667,0.6470588235294118,0.95,0.36363636363636365,0.7857142857142857
2026500,0.7666666666666667,0.6470588235294118,0.95,0.36363636363636365,0.7857142857142857
2026800,0.7666666666666667,0.6470588235294118,0.95,0.36363636363636365,0.7857142857142857
2027100,0.7666666666666667,0.6470588235294118,0.95,0.36363636363636365,0.7857142857142857
2027400,0.7666666666666667,0.6470588235294118,0.95,0.36363636363636365,0.7857142857142857
2027700,0.7666666666666667,0.6470588235294118,0.95,0.36363636363636365,0.7857142857142857
2028000,0.7666666666666667,0.6470588235294118,0.95,0.36363636363636365,0.7857142857142857
2028300,0.7666666666666667,0.6470588235294118,0.95,0.36363636363636365,0.7857142857142857
2028600,0.7666666666666667,0.6470588235294118,0.95,0.36363636363636365,0.7857142857142857
2028900,0.7666666666666667,0.6470588235294118,0.95,0.36363636363636365,0.7857142857142857
2029200,0.7666666666666667,0.6470588235294118,0.95,0.36363636363636365,0.7857142857142857
2029500,0.7666666666666667,0.6470588235294118,0.95,0.36363636363636365,0.7857142857142857
2029800,0.7666666666666667,0.6470588235294118,0.95,0.36363636363636365,0.7857142857142857
2030100,0.7666666666666667,0.6470588235294118,0.95,0.36363636363636365,0.7857142857142857
2030400,0.7666666666666667,0.6470588235294118,0.95,0.36363636363636365,0.7857142857142857
2030700,0.7666666666666667,0.6470588235294118,0.95,0.36363636363636365,0.7857142857142857
2031000,0.7666666666666667,0.6470588235294118,0.95,0.36363636363636365,0.7857142857142857
2031300,0.7666666666666667,0.6470588235294118,0.95,0.36363636363636365,0.7857142857142857
2031600,0.7666666666666667,0.6470588235294118,0.95,0.36363636363636365,0.7857142857142857
2031900,0.7666666666666667,0.6470588235294118,0.95,0.36363636363636365,0.7857142857142857
2032200,0.7666666666666667,0.6470588235294118,0.95,0.36363636363636365,0.7857142857142857
2032500,0.7666666666666667,0.6470588235294118,0.95,0.36363636363636365,0.7857142857142857
2032800,0.7666666666666667,0.6470588235294118,0.95,0.36363636363636365,0.7857142857142857
2033100,0.7666666666666667,0.6470588235294118,0.95,0.36363636363636365,0.7857142857142857
2033400,0.7666666666666667,0.6470588235294118,0.95,0.36363636363636365,0.7857142857142857
2033700,0.7666666666666667,0.6470588235294118,0.95,0.36363636363636365,0.7857142857142857
2034000,0.7666666666666667,0.6470588235294118,0.95,0.36363636363636365,0.7857142857142857
2034300,0.7666666666666667,0.6470588235294118,0.95,0.36363636363636365,0.7857142857142857
2034600,0.7666666666666667,0.6470588235294118,0.95,0.36363636363636365,0.7857142857142857
2034900,0.7666666666666667,0.6470588235294118,0.95,0.36363636363636365,0.7857142857142857
2035200,0.7666666666666667,0.6470588235294118,0.95,0.36363636363636365,0.7857142857142857
2035500,0.7666666666666667,0.6470588235294118,0.95,0.36363636363636365,0.7857142857142857
2035800,0.7666666666666667,0.6470588235294118,0.95,0.36363636363636365,0.7857142857142857
2036100,0.7666666666666667,0.6470588235294118,0.95,0.36363636363636365,0.7857142857142857
2036400,0.7666666666666667,0.6470588235294118,0.95,0.36363636363636365,0.7857142857142857
2036700,0.7666666666666667,0.6470588235294118,0.95,0.36363636363636365,0.7857142857142857
2037000,0.7666666666666667,0.6470588235294118,0.95,0.36363636363636365,0.7857142857142857
2037300,0.7666666666666667,0.6470588235294118,0.95,0.36363636363636365,0.7857142857142857
2037600,0.7666666666666667,0.6470588235294118,0.95,0.36363636363636365,0.7857142857142857
2037900,0.7666666666666667,0.6470588235294118,0.95,0.36363636363636365,0.7857142857142857
2038200,0.7666666666666667,0.6470588235294118,0.95,0.36363636363636365,0.7857142857142857
2038500,0.7666666666666667,0.6470588235294118,0.95,0.36363636363636365,0.7857142857142857
2038800,0.7666666666666667,0.6470588235294118,0.95,0.36363636363636365,0.7857142857142857
2039100,0.7666666666666667,0.6470588235294118,0.95,0.36363636363636365,0.7857142857142857
2039400,0.7666666666666667,0.6470588235294118,0.95,0.36363636363636365,0.7857142857142857
2039700,0.9166666666666666,0.7941176470588235,0.9,0.9090909090909091,0.7428571428571429
2040000,0.9666666666666667,0.7941176470588235,0.9,0.9090909090909091,0.7571428571428571
2040300,0.9666666666666667,0.7941176470588235,0.9,0.9090909090909091,0.7714285714285715
2040600,0.9166666666666666,0.8235294117647058,0.9,0.8636363636363636,0.7714285714285715
2040900,0.9166666666666666,0.8529411764705882,0.85,0.8636363636363636,0.8142857142857143
2041200,0.9,0.8529411764705882,0.95,0.8181818181818182,0.8142857142857143
2041500,0.8833333333333333,0.8529411764705882,0.85,0.7727272727272727,0.8
2041800,0.8833333333333333,0.8529411764705882,0.95,0.7272727272727273,0.8
2042100,0.8666666666666667,0.7941176470588235,0.9,0.6363636363636364,0.8
2042400,0.8833333333333333,0.8235294117647058,0.9,0.6818181818181818,0.8142857142857143
2042700,0.9,0.8235294117647058,0.9,0.6818181818181818,0.8
2043000,0.8833333333333333,0.8235294117647058,0.9,0.5909090909090909,0.8
2043300,0.9,0.7941176470588235,0.85,0.5909090909090909,0.8
2043600,0.9,0.7941176470588235,0.75,0.5909090909090909,0.8
2043900,0.95,0.7941176470588235,0.75,0.5909090909090909,0.8142857142857143
2044200,0.95,0.7647058823529411,0.75,0.5909090909090909,0.7857142857142857
2044500,0.95,0.7647058823529411,0.75,0.5909090909090909,0.7857142857142857
2044800,0.95,0.7647058823529411,0.75,0.5909090909090909,0.7857142857142857
2045100,0.95,0.7647058823529411,0.75,0.5909090909090909,0.7857142857142857
2045400,0.95,0.7647058823529411,0.75,0.5909090909090909,0.7857142857142857
2045700,0.95,0.7647058823529411,0.75,0.5909090909090909,0.7857142857142857
2046000,0.9,0.8529411764705882,0.7,0.7727272727272727,0.8142857142857143
2046300,0.9,0.8823529411764706,0.65,0.7727272727272727,0.7714285714285715
2046600,0.9,0.8823529411764706,0.65,0.7272727272727273,0.7571428571428571
2046900,0.9333333333333333,0.8529411764705882,0.75,0.7272727272727273,0.7714285714285715
2047200,0.9333333333333333,0.8529411764705882,0.75,0.7272727272727273,0.7714285714285715
2047500,0.9333333333333333,0.8529411764705882,0.75,0.7272727272727273,0.7714285714285715
2047800,0.9333333333333333,0.8529411764705882,0.75,0.7272727272727273,0.7714285714285715
2048100,0.9333333333333333,0.8529411764705882,0.75,0.7272727272727273,0.7714285714285715
2048400,0.9333333333333333,0.8529411764705882,0.75,0.7272727272727273,0.7714285714285715
2048700,0.8833333333333333,0.9705882352941176,0.85,0.7727272727272727,0.7714285714285715
2049000,0.9,0.9705882352941176,0.9,0.7727272727272727,0.7571428571428571
2049300,0.8833333333333333,1.0,0.9,0.8181818181818182,0.7571428571428571
2049600,0.8666666666666667,1.0,0.85,0.8181818181818182,0.7571428571428571
2049900,0.8666666666666667,1.0,0.85,0.7727272727272727,0.7285714285714285
2050200,0.8666666666666667,0.9705882352941176,0.85,0.6818181818181818,0.7428571428571429
2050500,0.8666666666666667,0.9705882352941176,0.85,0.6818181818181818,0.7428571428571429
2050800,0.85,0.9705882352941176,0.85,0.6818181818181818,0.7857142857142857
2051100,0.85,0.9117647058823529,0.7,0.6818181818181818,0.7857142857142857
2051400,0.85,0.9117647058823529,0.7,0.6818181818181818,0.7857142857142857
2051700,0.85,0.9117647058823529,0.7,0.6818181818181818,0.7857142857142857
2052000,0.9,0.8235294117647058,0.75,0.6818181818181818,0.7571428571428571
2052300,0.9666666666666667,0.8235294117647058,0.7,0.6818181818181818,0.7571428571428571
2052600,0.95,0.8235294117647058,0.75,0.6818181818181818,0.7428571428571429
2052900,0.95,0.7941176470588235,0.85,0.6363636363636364,0.7428571428571429
2053200,0.95,0.7941176470588235,0.85,0.6363636363636364,0.7428571428571429
2053500,0.95,0.7941176470588235,0.75,0.6363636363636364,0.7714285714285715
2053800,0.95,0.8235294117647058,0.9,0.5909090909090909,0.7285714285714285
2054100,0.95,0.8235294117647058,0.9,0.5909090909090909,0.7
2054400,0.9666666666666667,0.7941176470588235,0.85,0.6363636363636364,0.6857142857142857
2054700,0.9666666666666667,0.7941176470588235,0.75,0.6363636363636364,0.6714285714285714
2055000,0.9333333333333333,0.7941176470588235,0.85,0.7272727272727273,0.6428571428571429
2055300,0.9333333333333333,0.8235294117647058,0.85,0.8181818181818182,0.6571428571428571
2055600,0.9333333333333333,0.7941176470588235,0.85,0.8181818181818182,0.6857142857142857
2055900,0.9166666666666666,0.7647058823529411,0.8,0.8181818181818182,0.6857142857142857
2056200,0.9,0.7941176470588235,0.8,0.7727272727272727,0.6714285714285714
2056500,0.8666666666666667,0.7941176470588235,0.8,0.7272727272727273,0.6857142857142857
2056800,0.8333333333333334,0.7647058823529411,0.8,0.6818181818181818,0.6857142857142857
2057100,0.8333333333333334,0.7941176470588235,0.7,0.6818181818181818,0.7142857142857143
2057400,0.8333333333333334,0.7941176470588235,0.8,0.6818181818181818,0.7
2057700,0.7666666666666667,0.7941176470588235,0.8,0.6818181818181818,0.7
2058000,0.75,0.7941176470588235,0.9,0.6363636363636364,0.7
2058300,0.8,0.7647058823529411,0.9,0.5909090909090909,0.7285714285714285
2058600,0.7666666666666667,0.7647058823529411,0.75,0.5909090909090909,0.7285714285714285
2058900,0.75,0.7941176470588235,0.85,0.5909090909090909,0.7285714285714285
2059200,0.8166666666666667,0.7647058823529411,0.85,0.5454545454545454,0.6428571428571429
2059500,0.8333333333333334,0.7647058823529411,0.8,0.5454545454545454,0.6
2059800,0.85,0.7941176470588235,0.75,0.5454545454545454,0.6
2060100,0.85,0.7058823529411765,0.65,0.45454545454545453,0.5571428571428572
2060400,0.8333333333333334,0.7352941176470589,0.65,0.5,0.5714285714285714
2060700,0.8333333333333334,0.7941176470588235,0.5,0.5,0.5857142857142857
2061000,0.8166666666666667,0.7941176470588235,0.5,0.5454545454545454,0.5857142857142857
2061300,0.7833333333333333,0.7941176470588235,0.45,0.5454545454545454,0.6
2061600,0.8,0.7941176470588235,0.5,0.5909090909090909,0.5571428571428572
2061900,0.8,0.7941176470588235,0.55,0.5909090909090909,0.5857142857142857
2062200,0.8166666666666667,0.7647058823529411,0.6,0.5909090909090909,0.6
2062500,0.7333333333333333,0.7352941176470589,0.6,0.5454545454545454,0.6857142857142857
2062800,0.7166666666666667,0.7058823529411765,0.6,0.5909090909090909,0.7428571428571429
2063100,0.7166666666666667,0.7058823529411765,0.7,0.5,0.7428571428571429
2063400,0.7666666666666667,0.6764705882352942,0.8,0.5,0.7428571428571429
2063700,0.7666666666666667,0.6764705882352942,0.8,0.45454545454545453,0.7285714285714285
2064000,0.7833333333333333,0.7058823529411765,0.8,0.5,0.7285714285714285
2064300,0.7666666666666667,0.7058823529411765,0.8,0.5454545454545454,0.7285714285714285
2064600,0.7666666666666667,0.7058823529411765,0.8,0.45454545454545453,0.7285714285714285
2064900,0.8,0.6470588235294118,0.75,0.5909090909090909,0.7571428571428571
2065200,0.85,0.6470588235294118,0.8,0.5909090909090909,0.7571428571428571
2065500,0.8166666666666667,0.6470588235294118,0.8,0.6363636363636364,0.7571428571428571
2065800,0.8166666666666667,0.6764705882352942,0.7,0.7272727272727273,0.7714285714285715
2066100,0.8166666666666667,0.6470588235294118,0.8,0.7272727272727273,0.8
2066400,0.85,0.6764705882352942,0.75,0.7272727272727273,0.8142857142857143
2066700,0.0,0.7058823529411765,0.8,0.7272727272727273,0.0
2067000,0.8333333333333334,0.7352941176470589,0.7,0.7272727272727273,0.7714285714285715
2067300,0.8666666666666667,0.7352941176470589,0.7,0.7272727272727273,0.7571428571428571
2067600,0.8166666666666667,0.7352941176470589,0.7,0.7272727272727273,0.7571428571428571
2067900,0.8166666666666667,0.7647058823529411,0.8,0.7272727272727273,0.7428571428571429
2068200,0.8166666666666667,0.7941176470588235,0.8,0.7727272727272727,0.7285714285714285
2068500,0.8,0.7058823529411765,0.8,0.8181818181818182,0.7
2068800,0.7833333333333333,0.7352941176470589,0.75,0.8636363636363636,0.7142857142857143
2069100,0.7666666666666667,0.6764705882352942,0.6,0.8636363636363636,0.6857142857142857
2069400,0.75,0.6764705882352942,0.5,0.8181818181818182,0.6571428571428571
2069700,0.75,0.6764705882352942,0.7,0.8181818181818182,0.6571428571428571
2070000,0.7166666666666667,0.6470588235294118,0.7,0.8181818181818182,0.6571428571428571
2070300,0.7166666666666667,0.6176470588235294,0.7,0.7727272727272727,0.6571428571428571
2070600,0.6833333333333333,0.5588235294117647,0.7,0.7727272727272727,0.6571428571428571
2070900,0.7,0.5294117647058824,0.55,0.6818181818181818,0.6285714285714286
2071200,0.7166666666666667,0.5588235294117647,0.55,0.6818181818181818,0.6285714285714286
2071500,0.7333333333333333,0.5,0.55,0.5909090909090909,0.6
2071800,0.7,0.47058823529411764,0.55,0.5909090909090909,0.5857142857142857
2072100,0.7166666666666667,0.47058823529411764,0.55,0.5909090909090909,0.5857142857142857
2072400,0.7333333333333333,0.4117647058823529,0.55,0.5909090909090909,0.5857142857142857
2072700,0.75,0.35294117647058826,0.55,0.6363636363636364,0.5714285714285714
2073000,0.7333333333333333,0.4117647058823529,0.5,0.5909090909090909,0.5571428571428572
2073300,0.7333333333333333,0.4117647058823529,0.5,0.5,0.5571428571428572
2073600,0.7333333333333333,0.20588235294117646,0.45,0.5,0.5571428571428572
2073900,0.0,0.0,0.5,0.36363636363636365,0.0
2074200,0.5833333333333334,0.14705882352941177,0.5,0.36363636363636365,0.5571428571428572
2074500,0.45,0.0,0.45,0.2727272727272727,0.5428571428571428
2074800,0.4166666666666667,0.0,0.5,0.22727272727272727,0.5428571428571428
2075100,0.38333333333333336,0.0,0.4,0.22727272727272727,0.5142857142857142
2075400,0.3333333333333333,0.0,0.5,0.22727272727272727,0.4857142857142857
2075700,0.3333333333333333,0.0,0.5,0.2727272727272727,0.4714285714285714
2076000,0.2833333333333333,0.0,0.6,0.4090909090909091,0.44285714285714284
2076300,0.26666666666666666,0.11764705882352941,0.65,0.5,0.44285714285714284
2076600,0.4,0.0,0.7,0.5,0.42857142857142855
2076900,0.35,0.029411764705882353,0.75,0.5,0.4
2077200,0.3333333333333333,0.08823529411764706,0.75,0.45454545454545453,0.4
2077500,0.3,0.058823529411764705,0.75,0.45454545454545453,0.4
2077800,0.4,0.14705882352941177,0.65,0.5,0.37142857142857144
2078100,0.38333333333333336,0.20588235294117646,0.7,0.5454545454545454,0.35714285714285715
2078400,0.43333333333333335,0.23529411764705882,0.65,0.5454545454545454,0.35714285714285715
2078700,0.4666666666666667,0.20588235294117646,0.65,0.5,0.35714285714285715
2079000,0.5,0.17647058823529413,0.65,0.4090909090909091,0.32857142857142857
2079300,0.5166666666666667,0.20588235294117646,0.65,0.45454545454545453,0.32857142857142857
2079600,0.55,0.20588235294117646,0.6,0.45454545454545453,0.32857142857142857
2079900,0.55,0.23529411764705882,0.45,0.5454545454545454,0.32857142857142857
2080200,0.5333333333333333,0.29411764705882354,0.45,0.5454545454545454,0.32857142857142857
2080500,0.55,0.3235294117647059,0.5,0.5909090909090909,0.32857142857142857
2080800,0.5333333333333333,0.38235294117647056,0.5,0.5454545454545454,0.32857142857142857
2081100,0.5,0.47058823529411764,0.45,0.5,0.32857142857142857
2081400,0.45,0.4411764705882353,0.5,0.36363636363636365,0.32857142857142857
2081700,0.5166666666666667,0.5294117647058824,0.5,0.4090909090909091,0.32857142857142857
2082000,0.55,0.5588235294117647,0.6,0.36363636363636365,0.32857142857142857
2082300,0.5666666666666667,0.6176470588235294,0.6,0.4090909090909091,0.34285714285714286
2082600,0.55,0.5882352941176471,0.6,0.36363636363636365,0.34285714285714286
2082900,0.5666666666666667,0.5588235294117647,0.65,0.36363636363636365,0.34285714285714286
2083200,0.5833333333333334,0.5588235294117647,0.7,0.3181818181818182,0.32857142857142857
2083500,0.5833333333333334,0.5294117647058824,0.75,0.3181818181818182,0.32857142857142857
2083800,0.5833333333333334,0.5588235294117647,0.65,0.3181818181818182,0.32857142857142857
2084100,0.5833333333333334,0.5294117647058824,0.7,0.3181818181818182,0.32857142857142857
2084400,0.6333333333333333,0.5294117647058824,0.7,0.3181818181818182,0.32857142857142857
2084700,0.5666666666666667,0.5294117647058824,0.65,0.3181818181818182,0.32857142857142857
2085000,0.5666666666666667,0.5588235294117647,0.75,0.3181818181818182,0.3142857142857143
2085300,0.5666666666666667,0.5294117647058824,0.7,0.2727272727272727,0.3142857142857143
2085600,0.5333333333333333,0.5588235294117647,0.75,0.22727272727272727,0.3142857142857143
2085900,0.55,0.5588235294117647,0.8,0.45454545454545453,0.3142857142857143
2086200,0.6166666666666667,0.5294117647058824,0.75,0.45454545454545453,0.3142857142857143
2086500,0.6,0.47058823529411764,0.7,0.5,0.3142857142857143
2086800,0.6166666666666667,0.4411764705882353,0.7,0.5,0.3142857142857143
2087100,0.65,0.4117647058823529,0.8,0.5,0.3142857142857143
2087400,0.65,0.4117647058823529,0.8,0.5,0.3142857142857143
2087700,0.6166666666666667,0.4411764705882353,0.8,0.5,0.3142857142857143
2088000,0.6,0.4411764705882353,0.75,0.5,0.3142857142857143
2088300,0.6,0.47058823529411764,0.75,0.45454545454545453,0.3
2088600,0.5833333333333334,0.5,0.7,0.45454545454545453,0.3142857142857143
2088900,0.6166666666666667,0.5,0.75,0.45454545454545453,0.3142857142857143
2089200,0.6166666666666667,0.5294117647058824,0.75,0.4090909090909091,0.3
2089500,0.6,0.5588235294117647,0.65,0.4090909090909091,0.3
2089800,0.5666666666666667,0.5294117647058824,0.7,0.4090909090909091,0.3
2090100,0.5833333333333334,0.5294117647058824,0.6,0.4090909090909091,0.3
2090400,0.5833333333333334,0.5294117647058824,0.5,0.36363636363636365,0.3
2090700,0.6,0.5294117647058824,0.55,0.4090909090909091,0.3
2091000,0.6,0.5588235294117647,0.45,0.5,0.3
2091300,0.55,0.5588235294117647,0.45,0.5454545454545454,0.3
2091600,0.55,0.6176470588235294,0.55,0.5909090909090909,0.3
2091900,0.48333333333333334,0.6176470588235294,0.45,0.5454545454545454,0.3
2092200,0.5,0.5588235294117647,0.45,0.5909090909090909,0.3
2092500,0.43333333333333335,0.5882352941176471,0.5,0.6363636363636364,0.3
2092800,0.35,0.6176470588235294,0.4,0.5909090909090909,0.3142857142857143
2093100,0.3333333333333333,0.6470588235294118,0.3,0.5454545454545454,0.3142857142857143
2093400,0.31666666666666665,0.6176470588235294,0.4,0.5909090909090909,0.3142857142857143
2093700,0.36666666666666664,0.5882352941176471,0.2,0.5454545454545454,0.3142857142857143
2094000,0.3,0.5882352941176471,0.25,0.5909090909090909,0.3142857142857143
2094300,0.25,0.5882352941176471,0.25,0.5454545454545454,0.3142857142857143
2094600,0.25,0.47058823529411764,0.15,0.5454545454545454,0.3142857142857143
2094900,0.2833333333333333,0.47058823529411764,0.3,0.5454545454545454,0.3142857142857143
2095200,0.2833333333333333,0.47058823529411764,0.1,0.5,0.3142857142857143
2095500,0.26666666666666666,0.5294117647058824,0.1,0.4090909090909091,0.3142857142857143
2095800,0.0,0.0,0.25,0.5,0.0
2096100,0.2833333333333333,0.47058823529411764,0.35,0.5,0.3142857142857143
2096400,0.31666666666666665,0.5294117647058824,0.4,0.5,0.3142857142857143
2096700,0.35,0.5,0.6,0.45454545454545453,0.32857142857142857
2097000,0.38333333333333336,0.47058823529411764,0.6,0.45454545454545453,0.34285714285714286
2097300,0.4166666666666667,0.4411764705882353,0.6,0.5,0.34285714285714286
2097600,0.43333333333333335,0.4411764705882353,0.6,0.5,0.34285714285714286
2097900,0.45,0.4411764705882353,0.55,0.4090909090909091,0.34285714285714286
2098200,0.4166666666666667,0.4117647058823529,0.55,0.4090909090909091,0.34285714285714286
2098500,0.38333333333333336,0.35294117647058826,0.6,0.45454545454545453,0.34285714285714286
2098800,0.43333333333333335,0.29411764705882354,0.6,0.5,0.32857142857142857
2099100,0.36666666666666664,0.35294117647058826,0.6,0.5454545454545454,0.32857142857142857
2099400,0.3333333333333333,0.23529411764705882,0.7,0.4090909090909091,0.34285714285714286
2099700,0.26666666666666666,0.2647058823529412,0.75,0.4090909090909091,0.35714285714285715
2100000,0.23333333333333334,0.20588235294117646,0.7,0.4090909090909091,0.4
2100300,0.25,0.14705882352941177,0.65,0.4090909090909091,0.4142857142857143
2100600,0.16666666666666666,0.20588235294117646,0.65,0.3181818181818182,0.4142857142857143
2100900,0.05,0.20588235294117646,0.5,0.36363636363636365,0.44285714285714284
2101200,0.03333333333333333,0.23529411764705882,0.7,0.36363636363636365,0.45714285714285713
2101500,0.06666666666666667,0.4117647058823529,0.65,0.36363636363636365,0.44285714285714284
2101800,0.08333333333333333,0.38235294117647056,0.65,0.36363636363636365,0.45714285714285713
2102100,0.11666666666666667,0.38235294117647056,0.65,0.4090909090909091,0.4714285714285714
2102400,0.15,0.38235294117647056,0.7,0.45454545454545453,0.5
2102700,0.26666666666666666,0.4117647058823529,0.7,0.5454545454545454,0.5571428571428572
2103000,0.38333333333333336,0.5,0.8,0.6818181818181818,0.6
2103300,0.45,0.5,0.75,0.6818181818181818,0.6142857142857143
2103600,0.55,0.5294117647058824,0.75,0.8181818181818182,0.6571428571428571
2103900,0.5833333333333334,0.5882352941176471,0.7,0.7727272727272727,0.6571428571428571
2104200,0.6,0.6470588235294118,0.8,0.7727272727272727,0.6714285714285714
2104500,0.65,0.7058823529411765,0.75,0.7727272727272727,0.6857142857142857
2104800,0.7,0.7352941176470589,0.8,0.7272727272727273,0.7
2105100,0.75,0.7941176470588235,0.9,0.7272727272727273,0.6857142857142857
2105400,0.8333333333333334,0.8529411764705882,0.9,0.7272727272727273,0.6857142857142857
2105700,0.8833333333333333,0.8823529411764706,0.9,0.6818181818181818,0.6857142857142857
2106000,0.8833333333333333,0.9411764705882353,0.95,0.7272727272727273,0.7
2106300,0.8833333333333333,0.9411764705882353,1.0,0.6818181818181818,0.7142857142857143
2106600,0.8666666666666667,0.9411764705882353,1.0,0.6818181818181818,0.7142857142857143
2106900,0.8666666666666667,0.9411764705882353,1.0,0.7272727272727273,0.7142857142857143
2107200,0.8166666666666667,0.9411764705882353,0.95,0.6818181818181818,0.7
2107500,0.7833333333333333,0.9705882352941176,0.95,0.5909090909090909,0.6857142857142857
2107800,0.7833333333333333,0.8823529411764706,0.9,0.6363636363636364,0.7
2108100,0.7833333333333333,0.8823529411764706,0.9,0.6363636363636364,0.6714285714285714
2108400,0.8,0.8823529411764706,0.9,0.6363636363636364,0.6857142857142857
2108700,0.8,0.9117647058823529,0.9,0.5,0.7
2109000,0.8,0.9117647058823529,0.9,0.5909090909090909,0.7
2109300,0.7833333333333333,0.8823529411764706,0.85,0.5909090909090909,0.7142857142857143
2109600,0.7833333333333333,0.8823529411764706,0.85,0.5909090909090909,0.7142857142857143
2109900,0.8166666666666667,0.8823529411764706,0.85,0.6818181818181818,0.7142857142857143
2110200,0.8166666666666667,0.8823529411764706,0.85,0.6818181818181818,0.7285714285714285
2110500,0.85,0.8823529411764706,0.85,0.6818181818181818,0.7714285714285715
2110800,0.85,0.8823529411764706,1.0,0.7727272727272727,0.8142857142857143
2111100,0.8666666666666667,0.9411764705882353,1.0,0.8636363636363636,0.8285714285714286
2111400,0.85,0.9117647058823529,1.0,0.8636363636363636,0.8428571428571429
2111700,0.8833333333333333,0.9411764705882353,1.0,0.9090909090909091,0.8428571428571429
2112000,0.8833333333333333,0.9411764705882353,0.9,0.9090909090909091,0.8428571428571429
2112300,0.8833333333333333,0.9411764705882353,0.9,0.9545454545454546,0.8285714285714286
2112600,0.8833333333333333,0.9117647058823529,0.85,1.0,0.8142857142857143
2112900,0.8833333333333333,0.9411764705882353,0.95,1.0,0.8
2113200,0.8833333333333333,0.9411764705882353,0.95,1.0,0.8142857142857143
2113500,0.8833333333333333,0.9117647058823529,0.9,1.0,0.8142857142857143
2113800,0.8833333333333333,0.8823529411764706,0.9,1.0,0.8285714285714286
2114100,0.8666666666666667,0.8529411764705882,0.9,1.0,0.8285714285714286
2114400,0.85,0.8529411764705882,0.9,0.9545454545454546,0.8285714285714286
2114700,0.85,0.8529411764705882,0.9,0.9545454545454546,0.8285714285714286
2115000,0.9,0.8529411764705882,0.9,0.9545454545454546,0.8285714285714286
2115300,0.95,0.9117647058823529,0.65,0.9545454545454546,0.8285714285714286
2115600,0.9666666666666667,0.9117647058823529,0.8,0.9545454545454546,0.8285714285714286
2115900,0.9666666666666667,0.9117647058823529,0.7,0.9090909090909091,0.8285714285714286
2116200,0.9666666666666667,0.8823529411764706,0.6,0.9090909090909091,0.8285714285714286
2116500,0.95,0.8823529411764706,0.65,0.9090909090909091,0.8285714285714286
2116800,0.9,0.9117647058823529,0.65,0.8636363636363636,0.8142857142857143
2117100,0.8166666666666667,0.8823529411764706,0.65,0.6363636363636364,0.8
2117400,0.7,0.8529411764705882,0.65,0.5454545454545454,0.7714285714285715
2117700,0.6333333333333333,0.8235294117647058,0.65,0.36363636363636365,0.7571428571428571
2118000,0.5666666666666667,0.8235294117647058,0.65,0.3181818181818182,0.7857142857142857
2118300,0.5666666666666667,0.7941176470588235,0.55,0.36363636363636365,0.8285714285714286
2118600,0.5666666666666667,0.7941176470588235,0.6,0.36363636363636365,0.8285714285714286
2118900,0.5666666666666667,0.7352941176470589,0.7,0.4090909090909091,0.8428571428571429
2119200,0.6,0.7352941176470589,0.65,0.4090909090909091,0.8428571428571429
2119500,0.4666666666666667,0.6764705882352942,0.5,0.22727272727272727,0.8571428571428571
2119800,0.5,0.6470588235294118,0.5,0.09090909090909091,0.8714285714285714
2120100,0.55,0.6470588235294118,0.5,0.045454545454545456,0.8714285714285714
2120400,0.6166666666666667,0.6176470588235294,0.6,0.09090909090909091,0.8571428571428571
2120700,0.6166666666666667,0.5882352941176471,0.6,0.09090909090909091,0.8428571428571429
2121000,0.6666666666666666,0.6176470588235294,0.65,0.0,0.8428571428571429
2121300,0.6833333333333333,0.6470588235294118,0.65,0.09090909090909091,0.8285714285714286
2121600,0.6833333333333333,0.6470588235294118,0.65,0.18181818181818182,0.8
2121900,0.6833333333333333,0.6470588235294118,0.8,0.18181818181818182,0.8142857142857143
2122200,0.7166666666666667,0.6470588235294118,0.8,0.2727272727272727,0.8
2122500,0.7166666666666667,0.6470588235294118,0.85,0.22727272727272727,0.8
2122800,0.7833333333333333,0.7058823529411765,0.8,0.4090909090909091,0.7857142857142857
2123100,0.8,0.7352941176470589,0.75,0.45454545454545453,0.7714285714285715
2123400,0.7833333333333333,0.7647058823529411,0.7,0.36363636363636365,0.7714285714285715
2123700,0.8333333333333334,0.7647058823529411,0.65,0.2727272727272727,0.7714285714285715
2124000,0.8333333333333334,0.8235294117647058,0.65,0.4090909090909091,0.7857142857142857
2124300,0.85,0.8529411764705882,0.6,0.4090909090909091,0.7714285714285715
2124600,0.9,0.8823529411764706,0.65,0.5454545454545454,0.7857142857142857
2124900,0.9333333333333333,0.8823529411764706,0.75,0.6363636363636364,0.7857142857142857
2125200,0.9,0.9117647058823529,0.85,0.7272727272727273,0.7714285714285715
2125500,0.9,0.9117647058823529,0.85,0.7272727272727273,0.7714285714285715
2125800,0.9333333333333333,0.9117647058823529,0.8,0.9090909090909091,0.7571428571428571
2126100,0.9333333333333333,0.9117647058823529,0.85,0.9545454545454546,0.7428571428571429
2126400,0.9333333333333333,0.9117647058823529,0.85,0.9545454545454546,0.7428571428571429
2126700,0.9166666666666666,0.9117647058823529,0.85,0.9545454545454546,0.7428571428571429
2127000,0.9166666666666666,0.9411764705882353,0.9,1.0,0.7714285714285715
2127300,0.9,0.9411764705882353,0.95,1.0,0.7714285714285715
2127600,0.8666666666666667,0.9411764705882353,0.85,1.0,0.7714285714285715
2127900,0.8166666666666667,0.9411764705882353,0.9,1.0,0.7571428571428571
2128200,0.8333333333333334,0.9411764705882353,0.75,1.0,0.7571428571428571
2128500,0.8,0.9705882352941176,0.75,1.0,0.7142857142857143
2128800,0.8,0.9705882352941176,0.75,1.0,0.7
2129100,0.8166666666666667,0.9705882352941176,0.75,1.0,0.7285714285714285
2129400,0.8333333333333334,0.9705882352941176,0.8,1.0,0.7142857142857143
2129700,0.8333333333333334,0.9705882352941176,0.85,1.0,0.7
2130000,0.8333333333333334,0.9705882352941176,0.8,1.0,0.7142857142857143
2130300,0.8333333333333334,0.9705882352941176,0.8,1.0,0.7142857142857143
2130600,0.8833333333333333,0.9705882352941176,0.85,0.9545454545454546,0.7
2130900,0.8833333333333333,0.9705882352941176,0.85,0.9545454545454546,0.7
2131200,0.9,0.9411764705882353,0.8,0.8636363636363636,0.6857142857142857
2131500,0.9166666666666666,0.9411764705882353,0.0,0.8636363636363636,0.6857142857142857
2131800,0.0,0.0,0.85,0.8181818181818182,0.0
2132100,0.9166666666666666,0.9705882352941176,0.8,0.8181818181818182,0.7
2132400,0.9333333333333333,0.9705882352941176,0.75,0.8181818181818182,0.6857142857142857
2132700,0.9166666666666666,0.9705882352941176,0.7,0.8181818181818182,0.6857142857142857
2133000,0.9,0.9705882352941176,0.7,0.7727272727272727,0.6571428571428571
2133300,0.9,0.9411764705882353,0.75,0.7727272727272727,0.6571428571428571
2133600,0.9333333333333333,0.9411764705882353,0.85,0.7727272727272727,0.6714285714285714
2133900,0.9333333333333333,0.9411764705882353,0.8,0.7272727272727273,0.6571428571428571
2134200,0.9166666666666666,0.9117647058823529,0.85,0.7727272727272727,0.6714285714285714
2134500,0.9,0.9117647058823529,0.9,0.7727272727272727,0.6571428571428571
2134800,0.8833333333333333,0.9117647058823529,0.9,0.8636363636363636,0.6714285714285714
2135100,0.8833333333333333,0.9117647058823529,0.9,0.9090909090909091,0.7
2135400,0.85,0.8529411764705882,0.9,0.8636363636363636,0.7142857142857143
2135700,0.8666666666666667,0.8529411764705882,0.95,0.8181818181818182,0.7142857142857143
2136000,0.8833333333333333,0.8235294117647058,0.95,0.8636363636363636,0.7428571428571429
2136300,0.9,0.8235294117647058,0.95,0.8636363636363636,0.7428571428571429
2136600,0.9,0.8235294117647058,0.95,0.8636363636363636,0.7428571428571429
2136900,0.9,0.9117647058823529,0.95,0.7727272727272727,0.7428571428571429
2137200,0.9,0.8823529411764706,0.95,0.8181818181818182,0.7285714285714285
2137500,0.9166666666666666,0.8529411764705882,0.85,0.7272727272727273,0.7285714285714285
2137800,0.9166666666666666,0.8529411764705882,0.85,0.7272727272727273,0.7285714285714285
2138100,0.9166666666666666,0.8529411764705882,0.8,0.7272727272727273,0.7142857142857143
2138400,0.95,0.8823529411764706,0.9,0.7272727272727273,0.7142857142857143
2138700,0.95,0.9117647058823529,0.9,0.7727272727272727,0.7
2139000,0.95,0.9411764705882353,0.8,0.7727272727272727,0.7571428571428571
2139300,0.9666666666666667,0.9411764705882353,0.9,0.6818181818181818,0.7428571428571429
2139600,0.9666666666666667,0.9411764705882353,0.8,0.8181818181818182,0.7571428571428571
2139900,0.9833333333333333,0.9411764705882353,0.9,0.8181818181818182,0.7571428571428571
2140200,0.9833333333333333,0.9411764705882353,0.85,0.8181818181818182,0.7714285714285715
2140500,0.9666666666666667,0.9117647058823529,0.8,0.8181818181818182,0.7571428571428571
2140800,0.9833333333333333,0.8529411764705882,0.9,0.7727272727272727,0.7428571428571429
2141100,0.9666666666666667,0.8529411764705882,0.9,0.7727272727272727,0.7142857142857143
2141400,0.9666666666666667,0.7647058823529411,0.8,0.7272727272727273,0.7
2141700,0.9666666666666667,0.7647058823529411,0.9,0.6818181818181818,0.7142857142857143
2142000,0.9666666666666667,0.7647058823529411,0.9,0.6818181818181818,0.7285714285714285
2142300,0.95,0.7647058823529411,0.9,0.5454545454545454,0.7428571428571429
2142600,0.95,0.7352941176470589,0.85,0.45454545454545453,0.7285714285714285
2142900,0.9166666666666666,0.7352941176470589,0.9,0.22727272727272727,0.7285714285714285
2143200,0.9,0.7352941176470589,0.9,0.18181818181818182,0.7428571428571429
2143500,0.8666666666666667,0.7352941176470589,0.85,0.13636363636363635,0.7428571428571429
2143800,0.8333333333333334,0.7647058823529411,0.75,0.13636363636363635,0.7428571428571429
2144100,0.8,0.7058823529411765,0.8,0.18181818181818182,0.7571428571428571
2144400,0.7833333333333333,0.6764705882352942,0.8,0.18181818181818182,0.7714285714285715
2144700,0.75,0.6764705882352942,0.75,0.22727272727272727,0.7571428571428571
2145000,0.7666666666666667,0.6764705882352942,0.75,0.22727272727272727,0.7428571428571429
2145300,0.75,0.6470588235294118,0.7,0.3181818181818182,0.7428571428571429
2145600,0.8166666666666667,0.6470588235294118,0.7,0.22727272727272727,0.7285714285714285
2145900,0.8166666666666667,0.6176470588235294,0.0,0.0,0.7285714285714285
2146200,0.0,0.0,0.0,0.0,0.0
2146500,0.7833333333333333,0.6470588235294118,0.8,0.2727272727272727,0.7285714285714285
2146800,0.7833333333333333,0.6470588235294118,0.7,0.18181818181818182,0.7142857142857143
2147100,0.8,0.6176470588235294,0.7,0.13636363636363635,0.7142857142857143
2147400,0.8166666666666667,0.6176470588235294,0.65,0.18181818181818182,0.7285714285714285
2147700,0.8166666666666667,0.5588235294117647,0.8,0.4090909090909091,0.7142857142857143
2148000,0.8333333333333334,0.5,0.75,0.22727272727272727,0.7142857142857143
2148300,0.7833333333333333,0.5294117647058824,0.85,0.3181818181818182,0.7
2148600,0.7833333333333333,0.5588235294117647,0.9,0.45454545454545453,0.7
2148900,0.7666666666666667,0.5882352941176471,0.95,0.45454545454545453,0.7285714285714285
2149200,0.75,0.5882352941176471,0.85,0.36363636363636365,0.7285714285714285
2149500,0.7833333333333333,0.47058823529411764,0.65,0.3181818181818182,0.7428571428571429
2149800,0.7666666666666667,0.47058823529411764,0.75,0.3181818181818182,0.7571428571428571
2150100,0.8,0.47058823529411764,0.75,0.2727272727272727,0.7285714285714285
2150400,0.8166666666666667,0.4411764705882353,0.7,0.2727272727272727,0.7428571428571429
2150700,0.7666666666666667,0.5294117647058824,0.75,0.3181818181818182,0.7714285714285715
2151000,0.75,0.47058823529411764,0.75,0.2727272727272727,0.7714285714285715
2151300,0.7833333333333333,0.47058823529411764,0.75,0.13636363636363635,0.7857142857142857
2151600,0.8,0.47058823529411764,0.55,0.2727272727272727,0.8285714285714286
2151900,0.7666666666666667,0.5294117647058824,0.6,0.2727272727272727,0.8142857142857143
2152200,0.7833333333333333,0.5882352941176471,0.7,0.18181818181818182,0.8428571428571429
2152500,0.8,0.5588235294117647,0.7,0.2727272727272727,0.8571428571428571
2152800,0.8166666666666667,0.5588235294117647,0.7,0.2727272727272727,0.8571428571428571
2153100,0.8166666666666667,0.5294117647058824,0.7,0.3181818181818182,0.8142857142857143
2153400,0.7833333333333333,0.5294117647058824,0.75,0.2727272727272727,0.7428571428571429
2153700,0.7833333333333333,0.5,0.75,0.3181818181818182,0.7142857142857143
2154000,0.8,0.5294117647058824,0.65,0.3181818181818182,0.7
2154300,0.8166666666666667,0.5294117647058824,0.7,0.45454545454545453,0.7
2154600,0.8166666666666667,0.5294117647058824,0.65,0.5454545454545454,0.7
2154900,0.7833333333333333,0.5,0.7,0.45454545454545453,0.7
2155200,0.7833333333333333,0.4117647058823529,0.75,0.45454545454545453,0.7
2155500,0.8,0.4411764705882353,0.65,0.4090909090909091,0.6857142857142857
2155800,0.7833333333333333,0.4117647058823529,0.7,0.45454545454545453,0.6571428571428571
2156100,0.7833333333333333,0.38235294117647056,0.7,0.5,0.6428571428571429
2156400,0.7833333333333333,0.35294117647058826,0.85,0.5454545454545454,0.6428571428571429
2156700,0.7666666666666667,0.35294117647058826,0.8,0.45454545454545453,0.6
2157000,0.7166666666666667,0.4117647058823529,0.75,0.5,0.5714285714285714
2157300,0.7333333333333333,0.4411764705882353,0.7,0.45454545454545453,0.5571428571428572
2157600,0.7,0.4411764705882353,0.8,0.4090909090909091,0.5571428571428572
2157900,0.6833333333333333,0.4411764705882353,0.6,0.36363636363636365,0.5571428571428572
2158200,0.6833333333333333,0.5,0.6,0.4090909090909091,0.5571428571428572
2158500,0.6666666666666666,0.4117647058823529,0.7,0.5,0.5428571428571428
2158800,0.7,0.35294117647058826,0.7,0.5909090909090909,0.5285714285714286
2159100,0.7,0.2647058823529412,0.7,0.6363636363636364,0.5285714285714286
2159400,0.6666666666666666,0.2647058823529412,0.7,0.7727272727272727,0.5142857142857142
2159700,0.6833333333333333,0.3235294117647059,0.75,0.8181818181818182,0.5285714285714286
2160000,0.6333333333333333,0.14705882352941177,0.75,0.9545454545454546,0.5285714285714286
2160300,0.5833333333333334,0.08823529411764706,0.65,0.8636363636363636,0.5
2160600,0.48333333333333334,0.029411764705882353,0.7,0.6818181818181818,0.5
2160900,0.45,0.058823529411764705,0.5,0.6363636363636364,0.4714285714285714
2161200,0.43333333333333335,0.058823529411764705,0.5,0.6818181818181818,0.4714285714285714
2161500,0.36666666666666664,0.058823529411764705,0.5,0.6363636363636364,0.4714285714285714
2161800,0.3,0.058823529411764705,0.5,0.5909090909090909,0.4714285714285714
2162100,0.25,0.08823529411764706,0.55,0.5,0.4714285714285714
2162400,0.35,0.11764705882352941,0.55,0.5454545454545454,0.4714285714285714
2162700,0.3333333333333333,0.08823529411764706,0.55,0.5454545454545454,0.4714285714285714
2163000,0.38333333333333336,0.08823529411764706,0.55,0.36363636363636365,0.44285714285714284
2163300,0.38333333333333336,0.08823529411764706,0.55,0.4090909090909091,0.42857142857142855
2163600,0.4166666666666667,0.14705882352941177,0.55,0.45454545454545453,0.4142857142857143
2163900,0.48333333333333334,0.17647058823529413,0.6,0.36363636363636365,0.4142857142857143
2164200,0.55,0.23529411764705882,0.7,0.3181818181818182,0.38571428571428573
2164500,0.5666666666666667,0.23529411764705882,0.6,0.3181818181818182,0.4
2164800,0.5166666666666667,0.23529411764705882,0.65,0.4090909090909091,0.4
2165100,0.5166666666666667,0.23529411764705882,0.65,0.4090909090909091,0.4
2165400,0.55,0.14705882352941177,0.65,0.36363636363636365,0.4
2165700,0.6166666666666667,0.14705882352941177,0.55,0.4090909090909091,0.4
2166000,0.5833333333333334,0.11764705882352941,0.6,0.45454545454545453,0.37142857142857144
2166300,0.5666666666666667,0.11764705882352941,0.6,0.45454545454545453,0.37142857142857144
2166600,0.5833333333333334,0.08823529411764706,0.65,0.5,0.37142857142857144
2166900,0.6166666666666667,0.058823529411764705,0.65,0.5,0.37142857142857144
2167200,0.6666666666666666,0.11764705882352941,0.65,0.36363636363636365,0.37142857142857144
2167500,0.6166666666666667,0.17647058823529413,0.7,0.36363636363636365,0.34285714285714286
2167800,0.6166666666666667,0.23529411764705882,0.7,0.4090909090909091,0.34285714285714286
2168100,0.6166666666666667,0.29411764705882354,0.7,0.45454545454545453,0.34285714285714286
2168400,0.6,0.3235294117647059,0.75,0.36363636363636365,0.34285714285714286
2168700,0.5666666666666667,0.35294117647058826,0.75,0.4090909090909091,0.34285714285714286
2169000,0.6,0.35294117647058826,0.75,0.4090909090909091,0.34285714285714286
2169300,0.5833333333333334,0.4117647058823529,0.8,0.5454545454545454,0.34285714285714286
2169600,0.6,0.4411764705882353,0.85,0.6363636363636364,0.34285714285714286
2169900,0.5666666666666667,0.5,0.85,0.5454545454545454,0.34285714285714286
2170200,0.6,0.4411764705882353,0.85,0.45454545454545453,0.34285714285714286
2170500,0.6166666666666667,0.47058823529411764,0.85,0.5,0.34285714285714286
2170800,0.6166666666666667,0.47058823529411764,0.9,0.5454545454545454,0.34285714285714286
2171100,0.6166666666666667,0.47058823529411764,0.9,0.5909090909090909,0.34285714285714286
2171400,0.5833333333333334,0.47058823529411764,0.9,0.5454545454545454,0.32857142857142857
2171700,0.7,0.4411764705882353,0.85,0.4090909090909091,0.32857142857142857
2172000,0.7166666666666667,0.4411764705882353,0.85,0.4090909090909091,0.32857142857142857
2172300,0.7,0.4117647058823529,0.85,0.36363636363636365,0.32857142857142857
2172600,0.7333333333333333,0.35294117647058826,0.85,0.2727272727272727,0.32857142857142857
2172900,0.7,0.35294117647058826,0.8,0.2727272727272727,0.32857142857142857
2173200,0.7166666666666667,0.35294117647058826,0.8,0.13636363636363635,0.32857142857142857
2173500,0.7166666666666667,0.3235294117647059,0.75,0.13636363636363635,0.32857142857142857
2173800,0.7,0.35294117647058826,0.7,0.13636363636363635,0.32857142857142857
2174100,0.6666666666666666,0.3235294117647059,0.7,0.09090909090909091,0.32857142857142857
2174400,0.6666666666666666,0.29411764705882354,0.75,0.045454545454545456,0.32857142857142857
2174700,0.6,0.29411764705882354,0.75,0.045454545454545456,0.34285714285714286
2175000,0.0,0.0,0.7,0.045454545454545456,0.0
2175300,0.55,0.3235294117647059,0.7,0.045454545454545456,0.34285714285714286
2175600,0.5666666666666667,0.38235294117647056,0.7,0.045454545454545456,0.34285714285714286
2175900,0.48333333333333334,0.38235294117647056,0.7,0.09090909090909091,0.32857142857142857
2176200,0.48333333333333334,0.35294117647058826,0.6,0.09090909090909091,0.32857142857142857
2176500,0.4666666666666667,0.35294117647058826,0.55,0.09090909090909091,0.32857142857142857
2176800,0.48333333333333334,0.29411764705882354,0.5,0.2727272727272727,0.32857142857142857
2177100,0.4666666666666667,0.3235294117647059,0.55,0.36363636363636365,0.32857142857142857
2177400,0.48333333333333334,0.29411764705882354,0.5,0.2727272727272727,0.32857142857142857
2177700,0.5333333333333333,0.29411764705882354,0.55,0.36363636363636365,0.32857142857142857
2178000,0.5166666666666667,0.3235294117647059,0.45,0.36363636363636365,0.32857142857142857
2178300,0.48333333333333334,0.38235294117647056,0.45,0.36363636363636365,0.32857142857142857
2178600,0.5,0.38235294117647056,0.45,0.4090909090909091,0.32857142857142857
2178900,0.5,0.4411764705882353,0.55,0.4090909090909091,0.32857142857142857
2179200,0.5,0.4411764705882353,0.55,0.4090909090909091,0.32857142857142857
2179500,0.4,0.5,0.55,0.4090909090909091,0.32857142857142857
2179800,0.4166666666666667,0.47058823529411764,0.6,0.4090909090909091,0.32857142857142857
2180100,0.4,0.47058823529411764,0.55,0.45454545454545453,0.32857142857142857
2180400,0.4166666666666667,0.5294117647058824,0.4,0.45454545454545453,0.32857142857142857
2180700,0.36666666666666664,0.47058823529411764,0.35,0.5,0.32857142857142857
2181000,0.4,0.4411764705882353,0.5,0.45454545454545453,0.34285714285714286
2181300,0.31666666666666665,0.2647058823529412,0.55,0.45454545454545453,0.34285714285714286
2181600,0.31666666666666665,0.29411764705882354,0.5,0.45454545454545453,0.34285714285714286
2181900,0.2833333333333333,0.29411764705882354,0.55,0.5,0.34285714285714286
2182200,0.2833333333333333,0.29411764705882354,0.35,0.45454545454545453,0.34285714285714286
2182500,0.3,0.29411764705882354,0.3,0.5909090909090909,0.35714285714285715
2182800,0.3,0.29411764705882354,0.45,0.6363636363636364,0.35714285714285715
2183100,0.25,0.3235294117647059,0.45,0.6363636363636364,0.37142857142857144
2183400,0.26666666666666666,0.2647058823529412,0.4,0.5909090909090909,0.37142857142857144
2183700,0.26666666666666666,0.2647058823529412,0.4,0.5,0.38571428571428573
2184000,0.3,0.2647058823529412,0.45,0.4090909090909091,0.37142857142857144
2184300,0.3,0.20588235294117646,0.45,0.36363636363636365,0.38571428571428573
2184600,0.25,0.2647058823529412,0.4,0.36363636363636365,0.38571428571428573
2184900,0.25,0.20588235294117646,0.5,0.36363636363636365,0.4
2185200,0.3,0.2647058823529412,0.55,0.4090909090909091,0.4142857142857143
2185500,0.3,0.23529411764705882,0.7,0.3181818181818182,0.42857142857142855
2185800,0.2833333333333333,0.17647058823529413,0.75,0.3181818181818182,0.44285714285714284
2186100,0.31666666666666665,0.20588235294117646,0.75,0.3181818181818182,0.45714285714285713
2186400,0.31666666666666665,0.17647058823529413,0.75,0.36363636363636365,0.4857142857142857
2186700,0.3,0.20588235294117646,0.65,0.2727272727272727,0.4857142857142857
2187000,0.31666666666666665,0.20588235294117646,0.85,0.2727272727272727,0.4857142857142857
2187300,0.2833333333333333,0.17647058823529413,0.9,0.3181818181818182,0.4857142857142857
2187600,0.3333333333333333,0.17647058823529413,0.8,0.3181818181818182,0.5142857142857142
2187900,0.36666666666666664,0.2647058823529412,0.85,0.4090909090909091,0.5285714285714286
2188200,0.36666666666666664,0.35294117647058826,0.9,0.4090909090909091,0.5428571428571428
2188500,0.38333333333333336,0.4117647058823529,0.85,0.4090909090909091,0.5857142857142857
2188800,0.4,0.5,0.8,0.5,0.6285714285714286
2189100,0.43333333333333335,0.5,0.75,0.5,0.6285714285714286
2189400,0.0,0.0,0.0,0.0,0.0
2189700,0.5666666666666667,0.7058823529411765,0.8,0.5909090909090909,0.6714285714285714
2190000,0.6166666666666667,0.7352941176470589,0.8,0.5454545454545454,0.6857142857142857
2190300,0.6333333333333333,0.8235294117647058,0.8,0.5909090909090909,0.6714285714285714
2190600,0.6333333333333333,0.8529411764705882,0.85,0.5909090909090909,0.6857142857142857
2190900,0.6833333333333333,0.8823529411764706,0.8,0.5454545454545454,0.6714285714285714
2191200,0.7333333333333333,0.9117647058823529,0.8,0.5,0.6857142857142857
2191500,0.7666666666666667,0.8823529411764706,0.7,0.36363636363636365,0.6857142857142857
2191800,0.8,0.8823529411764706,0.7,0.3181818181818182,0.6857142857142857
2192100,0.8,0.8823529411764706,0.8,0.3181818181818182,0.7
2192400,0.8166666666666667,0.8529411764705882,0.8,0.22727272727272727,0.7142857142857143
2192700,0.8666666666666667,0.8529411764705882,0.75,0.2727272727272727,0.7142857142857143
2193000,0.8666666666666667,0.8823529411764706,0.75,0.36363636363636365,0.7142857142857143
2193300,0.8333333333333334,0.8823529411764706,0.8,0.45454545454545453,0.7
2193600,0.8333333333333334,0.8823529411764706,0.85,0.5454545454545454,0.7
2193900,0.8166666666666667,0.8823529411764706,0.9,0.5454545454545454,0.6857142857142857
2194200,0.8166666666666667,0.8823529411764706,0.95,0.5454545454545454,0.7
2194500,0.85,0.9117647058823529,0.95,0.5,0.7
2194800,0.8333333333333334,0.9411764705882353,0.95,0.6363636363636364,0.7
2195100,0.85,0.9411764705882353,0.95,0.6818181818181818,0.7
2195400,0.8333333333333334,0.9117647058823529,0.95,0.7272727272727273,0.7
2195700,0.8333333333333334,0.8823529411764706,0.95,0.7727272727272727,0.7
2196000,0.8833333333333333,0.9117647058823529,0.95,0.7727272727272727,0.7
2196300,0.8833333333333333,0.9117647058823529,1.0,0.7727272727272727,0.7142857142857143
2196600,0.0,0.0,0.9,0.8181818181818182,0.0
2196900,0.9166666666666666,0.9411764705882353,0.9,0.8636363636363636,0.7285714285714285
2197200,0.9333333333333333,0.9411764705882353,0.9,0.8636363636363636,0.7285714285714285
2197500,0.9,0.9705882352941176,0.9,0.8636363636363636,0.7285714285714285
2197800,0.9,0.9705882352941176,0.9,0.8636363636363636,0.7571428571428571
2198100,0.9,0.9705882352941176,0.85,0.8636363636363636,0.7714285714285715
2198400,0.9166666666666666,0.9705882352941176,0.85,0.8636363636363636,0.7714285714285715
2198700,0.9333333333333333,0.9117647058823529,0.9,0.8636363636363636,0.7428571428571429
2199000,0.9166666666666666,0.9117647058823529,0.9,0.8181818181818182,0.7428571428571429
2199300,0.9166666666666666,0.9117647058823529,0.9,0.8181818181818182,0.7285714285714285
2199600,0.9,0.9117647058823529,0.9,0.8181818181818182,0.7285714285714285
2199900,0.8666666666666667,0.9411764705882353,0.9,0.7727272727272727,0.7285714285714285
2200200,0.8833333333333333,0.9705882352941176,0.9,0.7727272727272727,0.7428571428571429
2200500,0.8833333333333333,0.9705882352941176,0.9,0.7727272727272727,0.7428571428571429
2200800,0.8833333333333333,0.9705882352941176,0.85,0.8181818181818182,0.7428571428571429
2201100,0.9,0.9705882352941176,0.8,0.8181818181818182,0.7428571428571429
2201400,0.8666666666666667,0.9705882352941176,0.8,0.8181818181818182,0.7571428571428571
2201700,0.9,0.9705882352941176,0.9,0.8181818181818182,0.7571428571428571
2202000,0.9,0.9705882352941176,0.85,0.7727272727272727,0.7571428571428571
2202300,0.9,0.9705882352941176,0.85,0.7727272727272727,0.7857142857142857
2202600,0.9,0.9411764705882353,0.85,0.7727272727272727,0.7571428571428571
2202900,0.9166666666666666,0.9117647058823529,0.9,0.6818181818181818,0.7714285714285715
2203200,0.9333333333333333,0.9117647058823529,0.9,0.6363636363636364,0.7714285714285715
2203500,0.8833333333333333,0.7941176470588235,0.0,0.0,0.7571428571428571
2203800,0.0,0.7058823529411765,0.75,0.5,0.0
2204100,0.8,0.7941176470588235,0.7,0.45454545454545453,0.7571428571428571
2204400,0.7833333333333333,0.7647058823529411,0.7,0.4090909090909091,0.7714285714285715
2204700,0.7833333333333333,0.7352941176470589,0.65,0.36363636363636365,0.7571428571428571
2205000,0.7833333333333333,0.7058823529411765,0.65,0.45454545454545453,0.7285714285714285
2205300,0.75,0.6764705882352942,0.65,0.45454545454545453,0.7142857142857143
2205600,0.75,0.6470588235294118,0.55,0.2727272727272727,0.6857142857142857
2205900,0.7166666666666667,0.6176470588235294,0.45,0.18181818181818182,0.6857142857142857
2206200,0.7166666666666667,0.6470588235294118,0.4,0.18181818181818182,0.6857142857142857
2206500,0.7,0.6176470588235294,0.45,0.09090909090909091,0.7
2206800,0.7166666666666667,0.5882352941176471,0.45,0.13636363636363635,0.7142857142857143
2207100,0.6666666666666666,0.5882352941176471,0.4,0.18181818181818182,0.7142857142857143
2207400,0.6333333333333333,0.5882352941176471,0.4,0.22727272727272727,0.7
2207700,0.6,0.5588235294117647,0.5,0.45454545454545453,0.6714285714285714
2208000,0.6,0.5882352941176471,0.5,0.5454545454545454,0.6714285714285714
2208300,0.6,0.6176470588235294,0.55,0.45454545454545453,0.6714285714285714
2208600,0.6166666666666667,0.6764705882352942,0.6,0.36363636363636365,0.6857142857142857
2208900,0.65,0.6764705882352942,0.5,0.5,0.7
2209200,0.6333333333333333,0.6176470588235294,0.65,0.5,0.7
2209500,0.65,0.5588235294117647,0.65,0.4090909090909091,0.7
2209800,0.7166666666666667,0.6764705882352942,0.75,0.5,0.7
2210100,0.7666666666666667,0.6764705882352942,0.65,0.5454545454545454,0.7
2210400,0.8,0.7352941176470589,0.65,0.5909090909090909,0.7
2210700,0.8833333333333333,0.7647058823529411,0.7,0.6818181818181818,0.7285714285714285
2211000,0.8833333333333333,0.7941176470588235,0.75,0.6818181818181818,0.7428571428571429
2211300,0.9,0.7352941176470589,0.75,0.8181818181818182,0.7714285714285715
2211600,0.9166666666666666,0.7941176470588235,0.75,0.8636363636363636,0.8
2211900,0.9333333333333333,0.7941176470588235,0.8,0.8636363636363636,0.8142857142857143
2212200,0.9333333333333333,0.7941176470588235,0.85,0.9090909090909091,0.8428571428571429
2212500,0.95,0.8235294117647058,0.85,0.9090909090909091,0.8571428571428571
2212800,0.95,0.8235294117647058,0.85,0.9090909090909091,0.8571428571428571
2213100,0.9333333333333333,0.8235294117647058,0.85,0.9090909090909091,0.8571428571428571
2213400,0.9333333333333333,0.8823529411764706,0.85,0.9090909090909091,0.8571428571428571
2213700,0.9166666666666666,0.9117647058823529,0.85,0.9090909090909091,0.8571428571428571
2214000,0.9333333333333333,0.9411764705882353,0.8,0.9545454545454546,0.8571428571428571
2214300,0.9333333333333333,0.9411764705882353,0.8,0.9545454545454546,0.8571428571428571
2214600,0.9,0.9117647058823529,0.8,0.9545454545454546,0.8571428571428571
2214900,0.9333333333333333,0.9117647058823529,0.85,0.9545454545454546,0.8571428571428571
2215200,0.9166666666666666,0.9117647058823529,0.75,0.9090909090909091,0.8571428571428571
2215500,0.9166666666666666,0.9117647058823529,0.85,0.9090909090909091,0.8714285714285714
2215800,0.9,0.8823529411764706,0.85,0.9090909090909091,0.9
2216100,0.9,0.8823529411764706,0.9,0.9090909090909091,0.9
2216400,0.8666666666666667,0.8529411764705882,0.75,0.9090909090909091,0.9
2216700,0.8666666666666667,0.8529411764705882,0.8,0.9090909090909091,0.9
2217000,0.9,0.8529411764705882,0.75,0.9090909090909091,0.9142857142857143
2217300,0.8166666666666667,0.8529411764705882,0.85,0.9090909090909091,0.9142857142857143
2217600,0.8166666666666667,0.8529411764705882,0.8,0.8636363636363636,0.9
2217900,0.8166666666666667,0.8529411764705882,0.8,0.8181818181818182,0.9
2218200,0.0,0.9411764705882353,0.9,0.8181818181818182,0.0
2218500,0.85,1.0,0.9,0.8181818181818182,0.9
2218800,0.85,1.0,0.9,0.8181818181818182,0.9142857142857143
2219100,0.8166666666666667,1.0,0.85,0.8181818181818182,0.9142857142857143
2219400,0.8333333333333334,1.0,0.7,0.7727272727272727,0.8857142857142857
2219700,0.8666666666666667,0.9705882352941176,0.7,0.7727272727272727,0.8857142857142857
2220000,0.8166666666666667,0.9705882352941176,0.7,0.8181818181818182,0.8857142857142857
2220300,0.8333333333333334,0.9705882352941176,0.75,0.8181818181818182,0.9
2220600,0.8,0.9705882352941176,0.75,0.9545454545454546,0.9
2220900,0.8333333333333334,0.9411764705882353,0.65,0.9545454545454546,0.8857142857142857
2221200,0.85,0.9117647058823529,0.6,0.9545454545454546,0.9
2221500,0.85,0.9117647058823529,0.55,0.9090909090909091,0.9
2221800,0.9,0.9117647058823529,0.6,0.9090909090909091,0.9
2222100,0.8666666666666667,0.9117647058823529,0.7,0.9090909090909091,0.9
2222400,0.8666666666666667,0.9117647058823529,0.6,0.9090909090909091,0.9
2222700,0.8833333333333333,0.9117647058823529,0.55,0.9090909090909091,0.9142857142857143
2223000,0.8833333333333333,0.8823529411764706,0.7,0.9090909090909091,0.9142857142857143
2223300,0.9,0.9411764705882353,0.6,0.9090909090909091,0.8428571428571429
2223600,0.9166666666666666,0.9411764705882353,0.6,0.9090909090909091,0.8428571428571429
2223900,0.9166666666666666,0.9411764705882353,0.6,0.9090909090909091,0.8428571428571429
2224200,0.9,0.9411764705882353,0.8,0.8181818181818182,0.8285714285714286
2224500,0.9,0.9411764705882353,0.75,0.8181818181818182,0.8285714285714286
2224800,0.9,0.9117647058823529,0.8,0.8181818181818182,0.8142857142857143
2225100,0.9,0.8823529411764706,0.8,0.8181818181818182,0.8
2225400,0.9,0.8823529411764706,0.8,0.8181818181818182,0.8
2225700,0.9333333333333333,0.8529411764705882,0.8,0.8636363636363636,0.8
2226000,0.9333333333333333,0.8235294117647058,0.85,0.8636363636363636,0.7571428571428571
2226300,0.9666666666666667,0.8235294117647058,0.9,0.8636363636363636,0.7428571428571429
2226600,0.9833333333333333,0.8235294117647058,0.9,0.8636363636363636,0.7428571428571429
2226900,0.9833333333333333,0.8235294117647058,0.85,0.8636363636363636,0.7285714285714285
2227200,0.9833333333333333,0.7647058823529411,0.85,0.7727272727272727,0.7285714285714285
2227500,0.95,0.6764705882352942,0.85,0.7727272727272727,0.7142857142857143
2227800,0.9666666666666667,0.6470588235294118,0.8,0.7727272727272727,0.6857142857142857
2228100,0.95,0.7058823529411765,0.75,0.7272727272727273,0.7142857142857143
2228400,0.95,0.6764705882352942,0.85,0.8636363636363636,0.7142857142857143
2228700,0.9333333333333333,0.6764705882352942,0.7,0.6363636363636364,0.7
2229000,0.95,0.6764705882352942,0.65,0.6363636363636364,0.7
2229300,0.9166666666666666,0.6470588235294118,0.7,0.5909090909090909,0.7
2229600,0.9,0.5588235294117647,0.7,0.5454545454545454,0.7
2229900,0.9,0.5588235294117647,0.6,0.5,0.7
2230200,0.9,0.5,0.8,0.5,0.6857142857142857
2230500,0.8833333333333333,0.4411764705882353,0.85,0.5,0.7
2230800,0.8833333333333333,0.4411764705882353,0.9,0.5,0.6714285714285714
2231100,0.8666666666666667,0.38235294117647056,0.95,0.5454545454545454,0.6571428571428571
2231400,0.85,0.4411764705882353,0.95,0.5454545454545454,0.6428571428571429
2231700,0.8333333333333334,0.4117647058823529,0.9,0.45454545454545453,0.6285714285714286
2232000,0.8166666666666667,0.4117647058823529,0.75,0.5,0.6142857142857143
2232300,0.8333333333333334,0.0,0.0,0.0,0.6285714285714286
2232600,0.0,0.0,0.85,0.3181818181818182,0.0
2232900,0.8,0.3235294117647059,0.85,0.22727272727272727,0.6142857142857143
2233200,0.8,0.3235294117647059,0.75,0.13636363636363635,0.6285714285714286
2233500,0.8333333333333334,0.35294117647058826,0.75,0.2727272727272727,0.6142857142857143
2233800,0.8333333333333334,0.38235294117647056,0.7,0.2727272727272727,0.6285714285714286
2234100,0.8166666666666667,0.4117647058823529,0.65,0.18181818181818182,0.6285714285714286
2234400,0.8333333333333334,0.47058823529411764,0.65,0.2727272727272727,0.6142857142857143
2234700,0.8,0.47058823529411764,0.75,0.2727272727272727,0.6142857142857143
2235000,0.8166666666666667,0.5294117647058824,0.7,0.2727272727272727,0.6
2235300,0.7833333333333333,0.5882352941176471,0.55,0.22727272727272727,0.6142857142857143
2235600,0.8,0.6176470588235294,0.7,0.13636363636363635,0.6285714285714286
2235900,0.7833333333333333,0.6764705882352942,0.65,0.13636363636363635,0.6428571428571429
2236200,0.7833333333333333,0.7647058823529411,0.75,0.13636363636363635,0.6428571428571429
2236500,0.7666666666666667,0.7941176470588235,0.7,0.09090909090909091,0.6714285714285714
2236800,0.7666666666666667,0.7647058823529411,0.6,0.13636363636363635,0.6714285714285714
2237100,0.7666666666666667,0.7941176470588235,0.9,0.22727272727272727,0.6714285714285714
2237400,0.7666666666666667,0.7941176470588235,0.9,0.18181818181818182,0.6714285714285714
2237700,0.8,0.7352941176470589,0.8,0.2727272727272727,0.6714285714285714
2238000,0.8,0.6764705882352942,0.85,0.22727272727272727,0.6857142857142857
2238300,0.8,0.6764705882352942,0.75,0.22727272727272727,0.6857142857142857
2238600,0.7833333333333333,0.6764705882352942,0.75,0.2727272727272727,0.6857142857142857
2238900,0.7666666666666667,0.6764705882352942,0.8,0.36363636363636365,0.6857142857142857
2239200,0.8,0.6176470588235294,0.8,0.36363636363636365,0.7285714285714285
2239500,0.8,0.6176470588235294,0.8,0.36363636363636365,0.7285714285714285
2239800,0.75,0.6176470588235294,0.8,0.4090909090909091,0.6857142857142857
2240100,0.75,0.6470588235294118,0.8,0.45454545454545453,0.6714285714285714
2240400,0.7666666666666667,0.6176470588235294,0.75,0.5454545454545454,0.6142857142857143
2240700,0.8166666666666667,0.6470588235294118,0.8,0.5,0.6
2241000,0.7833333333333333,0.5588235294117647,0.7,0.45454545454545453,0.5714285714285714
2241300,0.75,0.5294117647058824,0.75,0.45454545454545453,0.5571428571428572
2241600,0.7333333333333333,0.5294117647058824,0.75,0.5454545454545454,0.5857142857142857
2241900,0.7333333333333333,0.47058823529411764,0.75,0.5909090909090909,0.5142857142857142
2242200,0.7,0.5,0.75,0.5909090909090909,0.5
2242500,0.7,0.4411764705882353,0.85,0.6818181818181818,0.4857142857142857
2242800,0.7,0.47058823529411764,0.8,0.6363636363636364,0.45714285714285713
2243100,0.6333333333333333,0.47058823529411764,0.8,0.6363636363636364,0.42857142857142855
2243400,0.6,0.47058823529411764,0.85,0.6363636363636364,0.42857142857142855
2243700,0.6,0.4411764705882353,0.95,0.5909090909090909,0.42857142857142855
2244000,0.6333333333333333,0.4411764705882353,0.95,0.5909090909090909,0.44285714285714284
2244300,0.6333333333333333,0.4411764705882353,0.95,0.5454545454545454,0.4142857142857143
2244600,0.5666666666666667,0.38235294117647056,0.95,0.6363636363636364,0.4
2244900,0.5666666666666667,0.3235294117647059,0.95,0.6363636363636364,0.37142857142857144
2245200,0.55,0.3235294117647059,0.9,0.5909090909090909,0.35714285714285715
2245500,0.5333333333333333,0.3235294117647059,0.85,0.5909090909090909,0.34285714285714286
2245800,0.5833333333333334,0.35294117647058826,0.85,0.5454545454545454,0.32857142857142857
2246100,0.6166666666666667,0.3235294117647059,0.7,0.5454545454545454,0.32857142857142857
2246400,0.5666666666666667,0.2647058823529412,0.8,0.5454545454545454,0.3142857142857143
2246700,0.3333333333333333,0.17647058823529413,0.6,0.36363636363636365,0.3
2247000,0.3,0.14705882352941177,0.65,0.3181818181818182,0.2857142857142857
2247300,0.25,0.20588235294117646,0.55,0.36363636363636365,0.2857142857142857
2247600,0.15,0.14705882352941177,0.4,0.3181818181818182,0.2857142857142857
2247900,0.13333333333333333,0.14705882352941177,0.4,0.3181818181818182,0.2857142857142857
2248200,0.11666666666666667,0.17647058823529413,0.4,0.22727272727272727,0.2714285714285714
2248500,0.13333333333333333,0.11764705882352941,0.45,0.2727272727272727,0.2571428571428571
2248800,0.16666666666666666,0.14705882352941177,0.5,0.3181818181818182,0.2571428571428571
2249100,0.15,0.17647058823529413,0.5,0.36363636363636365,0.2571428571428571
2249400,0.25,0.11764705882352941,0.45,0.2727272727272727,0.2571428571428571
2249700,0.3333333333333333,0.11764705882352941,0.4,0.2727272727272727,0.2571428571428571
2250000,0.31666666666666665,0.11764705882352941,0.4,0.18181818181818182,0.2571428571428571
2250300,0.36666666666666664,0.17647058823529413,0.4,0.13636363636363635,0.2571428571428571
2250600,0.36666666666666664,0.14705882352941177,0.3,0.22727272727272727,0.2571428571428571
2250900,0.48333333333333334,0.14705882352941177,0.35,0.22727272727272727,0.2571428571428571
2251200,0.48333333333333334,0.14705882352941177,0.5,0.2727272727272727,0.2571428571428571
2251500,0.48333333333333334,0.14705882352941177,0.55,0.3181818181818182,0.24285714285714285
2251800,0.5166666666666667,0.20588235294117646,0.65,0.3181818181818182,0.24285714285714285
2252100,0.55,0.23529411764705882,0.65,0.3181818181818182,0.24285714285714285
2252400,0.6333333333333333,0.23529411764705882,0.6,0.2727272727272727,0.24285714285714285
2252700,0.6,0.29411764705882354,0.5,0.3181818181818182,0.22857142857142856
2253000,0.6333333333333333,0.3235294117647059,0.55,0.36363636363636365,0.21428571428571427
2253300,0.6666666666666666,0.3235294117647059,0.55,0.4090909090909091,0.21428571428571427
2253600,0.6666666666666666,0.2647058823529412,0.6,0.45454545454545453,0.21428571428571427
2253900,0.7,0.2647058823529412,0.75,0.45454545454545453,0.21428571428571427
2254200,0.6833333333333333,0.29411764705882354,0.75,0.45454545454545453,0.21428571428571427
2254500,0.6833333333333333,0.2647058823529412,0.7,0.5,0.2
2254800,0.7,0.29411764705882354,0.8,0.5454545454545454,0.18571428571428572
2255100,0.7333333333333333,0.35294117647058826,0.8,0.7727272727272727,0.18571428571428572
2255400,0.75,0.38235294117647056,0.9,0.7727272727272727,0.18571428571428572
2255700,0.75,0.4411764705882353,0.8,0.7727272727272727,0.24285714285714285
2256000,0.7333333333333333,0.5,0.8,0.6818181818181818,0.2857142857142857
2256300,0.75,0.5294117647058824,0.8,0.22727272727272727,0.2857142857142857
2256600,0.7333333333333333,0.5588235294117647,0.8,0.2727272727272727,0.2857142857142857
2256900,0.7,0.5882352941176471,0.75,0.18181818181818182,0.2857142857142857
2257200,0.7166666666666667,0.5294117647058824,0.75,0.13636363636363635,0.2857142857142857
2257500,0.7,0.5294117647058824,0.7,0.045454545454545456,0.2857142857142857
2257800,0.6833333333333333,0.5294117647058824,0.75,0.09090909090909091,0.2857142857142857
2258100,0.6833333333333333,0.5588235294117647,0.75,0.0,0.2857142857142857
2258400,0.7,0.5294117647058824,0.65,0.0,0.2857142857142857
2258700,0.7166666666666667,0.5294117647058824,0.75,0.0,0.2857142857142857
2259000,0.7333333333333333,0.5588235294117647,0.65,0.0,0.2857142857142857
2259300,0.75,0.5882352941176471,0.75,0.0,0.2857142857142857
2259600,0.75,0.5882352941176471,0.75,0.0,0.2857142857142857
2259900,0.7333333333333333,0.5294117647058824,0.75,0.045454545454545456,0.2857142857142857
2260200,0.6833333333333333,0.5294117647058824,0.65,0.13636363636363635,0.2857142857142857
2260500,0.6666666666666666,0.5588235294117647,0.75,0.18181818181818182,0.2714285714285714
2260800,0.6666666666666666,0.5588235294117647,0.65,0.13636363636363635,0.2571428571428571
2261100,0.6666666666666666,0.5882352941176471,0.7,0.13636363636363635,0.2571428571428571
2261400,0.7,0.6176470588235294,0.8,0.09090909090909091,0.2571428571428571
2261700,0.6333333333333333,0.5882352941176471,0.8,0.13636363636363635,0.2571428571428571
2262000,0.6333333333333333,0.6176470588235294,0.8,0.13636363636363635,0.2571428571428571
2262300,0.5333333333333333,0.6176470588235294,0.8,0.18181818181818182,0.2714285714285714
2262600,0.48333333333333334,0.5882352941176471,0.75,0.18181818181818182,0.2714285714285714
2262900,0.48333333333333334,0.5882352941176471,0.65,0.13636363636363635,0.2714285714285714
2263200,0.45,0.5882352941176471,0.65,0.09090909090909091,0.2714285714285714
2263500,0.45,0.5882352941176471,0.55,0.18181818181818182,0.2714285714285714
2263800,0.45,0.6176470588235294,0.55,0.22727272727272727,0.2714285714285714
2264100,0.5,0.5588235294117647,0.5,0.2727272727272727,0.2714285714285714
2264400,0.48333333333333334,0.5588235294117647,0.5,0.2727272727272727,0.2714285714285714
2264700,0.4666666666666667,0.5294117647058824,0.4,0.45454545454545453,0.2714285714285714
2265000,0.4666666666666667,0.4411764705882353,0.4,0.5,0.2714285714285714
2265300,0.5166666666666667,0.38235294117647056,0.4,0.5909090909090909,0.2714285714285714
2265600,0.55,0.35294117647058826,0.45,0.5909090909090909,0.2714285714285714
2265900,0.48333333333333334,0.38235294117647056,0.45,0.5909090909090909,0.2714285714285714
2266200,0.36666666666666664,0.35294117647058826,0.45,0.5454545454545454,0.2714285714285714
2266500,0.35,0.38235294117647056,0.4,0.6363636363636364,0.2857142857142857
2266800,0.3333333333333333,0.35294117647058826,0.45,0.5454545454545454,0.2857142857142857
2267100,0.2833333333333333,0.29411764705882354,0.45,0.5454545454545454,0.2857142857142857
2267400,0.31666666666666665,0.23529411764705882,0.45,0.5,0.2857142857142857
2267700,0.2833333333333333,0.17647058823529413,0.45,0.5,0.2857142857142857
2268000,0.26666666666666666,0.2647058823529412,0.45,0.5454545454545454,0.2857142857142857
2268300,0.25,0.29411764705882354,0.4,0.5909090909090909,0.2857142857142857
2268600,0.08333333333333333,0.20588235294117646,0.4,0.5454545454545454,0.2857142857142857
2268900,0.11666666666666667,0.23529411764705882,0.4,0.5454545454545454,0.2857142857142857
2269200,0.06666666666666667,0.2647058823529412,0.35,0.5454545454545454,0.2857142857142857
2269500,0.06666666666666667,0.20588235294117646,0.35,0.5454545454545454,0.3
2269800,0.1,0.20588235294117646,0.35,0.5454545454545454,0.3
2270100,0.08333333333333333,0.2647058823529412,0.35,0.45454545454545453,0.3
2270400,0.13333333333333333,0.29411764705882354,0.4,0.45454545454545453,0.3
2270700,0.16666666666666666,0.29411764705882354,0.5,0.45454545454545453,0.3
2271000,0.15,0.3235294117647059,0.55,0.45454545454545453,0.3
2271300,0.16666666666666666,0.2647058823529412,0.55,0.5454545454545454,0.32857142857142857
2271600,0.23333333333333334,0.23529411764705882,0.65,0.5909090909090909,0.32857142857142857
2271900,0.3,0.23529411764705882,0.6,0.5909090909090909,0.34285714285714286
2272200,0.4666666666666667,0.23529411764705882,0.65,0.5909090909090909,0.35714285714285715
2272500,0.4666666666666667,0.3235294117647059,0.65,0.6363636363636364,0.42857142857142855
2272800,0.48333333333333334,0.3235294117647059,0.7,0.6363636363636364,0.42857142857142855
2273100,0.5333333333333333,0.3235294117647059,0.65,0.5909090909090909,0.42857142857142855
2273400,0.48333333333333334,0.3235294117647059,0.65,0.5,0.44285714285714284
2273700,0.43333333333333335,0.3235294117647059,0.65,0.5909090909090909,0.44285714285714284
2274000,0.5,0.35294117647058826,0.6,0.5909090909090909,0.45714285714285713
2274300,0.48333333333333334,0.38235294117647056,0.6,0.5454545454545454,0.4857142857142857
2274600,0.48333333333333334,0.4117647058823529,0.8,0.5,0.5285714285714286
2274900,0.5166666666666667,0.38235294117647056,0.8,0.4090909090909091,0.5857142857142857
2275200,0.5166666666666667,0.38235294117647056,0.8,0.45454545454545453,0.5714285714285714
2275500,0.5333333333333333,0.47058823529411764,0.75,0.4090909090909091,0.6
2275800,0.5833333333333334,0.6176470588235294,0.7,0.4090909090909091,0.6428571428571429
2276100,0.6333333333333333,0.7352941176470589,0.7,0.3181818181818182,0.7142857142857143
2276400,0.6833333333333333,0.7352941176470589,0.7,0.36363636363636365,0.7285714285714285
2276700,0.6666666666666666,0.7647058823529411,0.8,0.36363636363636365,0.7
2277000,0.7,0.7647058823529411,0.85,0.4090909090909091,0.7142857142857143
2277300,0.75,0.8529411764705882,0.75,0.3181818181818182,0.7142857142857143
2277600,0.8,0.8823529411764706,0.7,0.3181818181818182,0.7142857142857143
2277900,0.8166666666666667,0.8823529411764706,0.75,0.3181818181818182,0.7285714285714285
2278200,0.8666666666666667,0.8823529411764706,0.8,0.36363636363636365,0.7142857142857143
2278500,0.8833333333333333,0.9117647058823529,0.8,0.36363636363636365,0.7142857142857143
2278800,0.85,0.9411764705882353,0.8,0.3181818181818182,0.7285714285714285
2279100,0.8666666666666667,0.9705882352941176,0.65,0.22727272727272727,0.7285714285714285
2279400,0.8666666666666667,0.9705882352941176,0.7,0.3181818181818182,0.7142857142857143
2279700,0.8833333333333333,0.9705882352941176,0.75,0.4090909090909091,0.7
2280000,0.8833333333333333,0.9117647058823529,0.75,0.4090909090909091,0.7142857142857143
2280300,0.8833333333333333,0.8823529411764706,0.75,0.45454545454545453,0.7285714285714285
2280600,0.8833333333333333,0.8823529411764706,0.65,0.5,0.7428571428571429
2280900,0.8833333333333333,0.8823529411764706,0.6,0.5909090909090909,0.7428571428571429
2281200,0.8666666666666667,0.8823529411764706,0.75,0.5454545454545454,0.7571428571428571
2281500,0.8666666666666667,0.8823529411764706,0.75,0.45454545454545453,0.7571428571428571
2281800,0.8666666666666667,0.9117647058823529,0.85,0.45454545454545453,0.7571428571428571
2282100,0.85,0.9117647058823529,0.85,0.4090909090909091,0.7571428571428571
2282400,0.8333333333333334,0.9411764705882353,0.85,0.5,0.7714285714285715
2282700,0.8833333333333333,0.9705882352941176,0.95,0.5909090909090909,0.7714285714285715
2283000,0.0,0.0,0.0,0.0,0.0
2283300,0.85,0.9705882352941176,0.95,0.6818181818181818,0.7857142857142857
2283600,0.8333333333333334,0.9705882352941176,0.95,0.6363636363636364,0.8
2283900,0.8666666666666667,0.9705882352941176,0.8,0.6818181818181818,0.8142857142857143
2284200,0.8666666666666667,0.9705882352941176,0.85,0.6818181818181818,0.8142857142857143
2284500,0.8833333333333333,0.9705882352941176,0.85,0.6818181818181818,0.8142857142857143
2284800,0.8833333333333333,0.9411764705882353,0.85,0.6818181818181818,0.8
2285100,0.9,0.9117647058823529,0.8,0.7272727272727273,0.8
2285400,0.95,0.9117647058823529,0.9,0.8181818181818182,0.8
2285700,0.95,0.9117647058823529,0.9,0.8636363636363636,0.8
2286000,0.9166666666666666,0.8823529411764706,0.9,0.8181818181818182,0.8142857142857143
2286300,0.9166666666666666,0.8823529411764706,0.9,0.8181818181818182,0.8285714285714286
2286600,0.95,0.8823529411764706,0.9,0.8181818181818182,0.8285714285714286
2286900,0.9333333333333333,0.8823529411764706,0.85,0.8181818181818182,0.8142857142857143
2287200,0.95,0.9117647058823529,0.85,0.7727272727272727,0.8142857142857143
2287500,0.95,0.8823529411764706,0.85,0.7272727272727273,0.8142857142857143
2287800,0.9333333333333333,0.9117647058823529,0.8,0.6818181818181818,0.7857142857142857
2288100,0.95,0.9117647058823529,0.8,0.6818181818181818,0.7857142857142857
2288400,0.95,0.9117647058823529,0.85,0.7272727272727273,0.7857142857142857
2288700,0.9333333333333333,0.8823529411764706,0.85,0.7727272727272727,0.7714285714285715
2289000,0.9,0.8529411764705882,0.85,0.8181818181818182,0.7714285714285715
2289300,0.9,0.8529411764705882,0.85,0.8181818181818182,0.7857142857142857
2289600,0.8833333333333333,0.8235294117647058,0.8,0.7727272727272727,0.7857142857142857
2289900,0.8166666666666667,0.7352941176470589,0.85,0.7272727272727273,0.7857142857142857
2290200,0.8,0.7058823529411765,0.8,0.7272727272727273,0.7571428571428571
2290500,0.8,0.6470588235294118,0.7,0.5909090909090909,0.7714285714285715
2290800,0.7166666666666667,0.6470588235294118,0.8,0.5,0.7428571428571429
2291100,0.7,0.6176470588235294,0.75,0.3181818181818182,0.7142857142857143
2291400,0.6833333333333333,0.6470588235294118,0.7,0.3181818181818182,0.7142857142857143
2291700,0.6666666666666666,0.6764705882352942,0.55,0.2727272727272727,0.6857142857142857
2292000,0.65,0.6176470588235294,0.55,0.18181818181818182,0.7
2292300,0.6,0.5882352941176471,0.55,0.09090909090909091,0.7
2292600,0.6,0.5588235294117647,0.6,0.09090909090909091,0.7142857142857143
2292900,0.55,0.5882352941176471,0.55,0.2727272727272727,0.7285714285714285
2293200,0.5666666666666667,0.5588235294117647,0.55,0.2727272727272727,0.7142857142857143
2293500,0.5666666666666667,0.5588235294117647,0.55,0.2727272727272727,0.7142857142857143
2293800,0.6,0.5588235294117647,0.45,0.22727272727272727,0.7
2294100,0.5833333333333334,0.6470588235294118,0.5,0.36363636363636365,0.7
2294400,0.55,0.6764705882352942,0.5,0.36363636363636365,0.7428571428571429
2294700,0.5333333333333333,0.7352941176470589,0.5,0.5,0.7714285714285715
2295000,0.5166666666666667,0.7647058823529411,0.5,0.5,0.8
2295300,0.5666666666666667,0.7352941176470589,0.5,0.5909090909090909,0.8
2295600,0.6,0.8235294117647058,0.4,0.6363636363636364,0.8
2295900,0.6333333333333333,0.8235294117647058,0.4,0.6818181818181818,0.8142857142857143
2296200,0.6666666666666666,0.8823529411764706,0.45,0.6818181818181818,0.8285714285714286
2296500,0.7,0.9117647058823529,0.55,0.8181818181818182,0.8285714285714286
2296800,0.7166666666666667,0.9117647058823529,0.55,0.7727272727272727,0.8285714285714286
2297100,0.8166666666666667,0.8823529411764706,0.6,0.7727272727272727,0.8285714285714286
2297400,0.0,0.0,0.0,0.0,0.0
2297700,0.8333333333333334,0.9411764705882353,0.75,0.7272727272727273,0.8714285714285714
2298000,0.8666666666666667,0.9411764705882353,0.9,0.6818181818181818,0.8857142857142857
2298300,0.8833333333333333,0.9411764705882353,0.9,0.7272727272727273,0.9
2298600,0.8833333333333333,0.9117647058823529,0.85,0.7727272727272727,0.9
2298900,0.9333333333333333,0.9117647058823529,0.85,0.7727272727272727,0.9142857142857143
2299200,0.9166666666666666,0.8823529411764706,0.85,0.7727272727272727,0.9
2299500,0.9333333333333333,0.8823529411764706,0.9,0.7727272727272727,0.9
2299800,0.9333333333333333,0.8823529411764706,0.9,0.7727272727272727,0.9
2300100,0.9333333333333333,0.8823529411764706,0.9,0.7727272727272727,0.9
2300400,0.8666666666666667,0.9117647058823529,0.8,0.8636363636363636,0.9
2300700,0.9166666666666666,0.9117647058823529,0.85,0.8636363636363636,0.9
2301000,0.9,0.9117647058823529,0.95,0.9090909090909091,0.9142857142857143
2301300,0.9166666666666666,0.9411764705882353,0.95,0.9090909090909091,0.9142857142857143
2301600,0.9,0.9117647058823529,0.9,0.9545454545454546,0.9142857142857143
2301900,0.8833333333333333,0.8823529411764706,0.9,0.9545454545454546,0.9142857142857143
2302200,0.85,0.8823529411764706,0.95,0.9545454545454546,0.9142857142857143
2302500,0.8,0.8823529411764706,0.95,0.9090909090909091,0.9142857142857143
2302800,0.8166666666666667,0.8823529411764706,0.95,0.7727272727272727,0.9142857142857143
2303100,0.8,0.8823529411764706,0.9,0.8636363636363636,0.9
2303400,0.8166666666666667,0.8823529411764706,0.95,0.8181818181818182,0.9142857142857143
2303700,0.8,0.8823529411764706,0.95,0.8181818181818182,0.9142857142857143
2304000,0.8,0.8823529411764706,0.85,0.8181818181818182,0.9142857142857143
2304300,0.8333333333333334,0.8823529411764706,0.85,0.8181818181818182,0.9142857142857143
2304600,0.8333333333333334,0.8823529411764706,0.85,0.8181818181818182,0.9142857142857143
2304900,0.7833333333333333,0.8823529411764706,0.8,0.8181818181818182,0.9285714285714286
2305200,0.8,0.9117647058823529,0.7,0.8636363636363636,0.9285714285714286
2305500,0.7666666666666667,0.9411764705882353,0.7,0.7727272727272727,0.9285714285714286
2305800,0.8,0.9411764705882353,0.7,0.8181818181818182,0.9428571428571428
2306100,0.8,0.9411764705882353,0.7,0.8181818181818182,0.9285714285714286
2306400,0.8166666666666667,0.9411764705882353,0.7,0.8181818181818182,0.9285714285714286
2306700,0.8333333333333334,0.9411764705882353,0.8,0.8181818181818182,0.9428571428571428
2307000,0.8333333333333334,0.9411764705882353,0.85,0.7727272727272727,0.9285714285714286
2307300,0.8,0.9411764705882353,0.85,0.7727272727272727,0.9285714285714286
2307600,0.8,0.9411764705882353,0.7,0.7727272727272727,0.9142857142857143
2307900,0.8,0.9117647058823529,0.65,0.8181818181818182,0.9142857142857143
2308200,0.8,0.9411764705882353,0.7,0.8181818181818182,0.9142857142857143
2308500,0.8166666666666667,0.9705882352941176,0.7,0.9090909090909091,0.8857142857142857
2308800,0.8166666666666667,0.9411764705882353,0.8,0.8636363636363636,0.9142857142857143
2309100,0.8833333333333333,0.9411764705882353,0.8,0.9090909090909091,0.9142857142857143
2309400,0.8666666666666667,0.9705882352941176,0.7,0.9090909090909091,0.9142857142857143
2309700,0.8666666666666667,0.9705882352941176,0.85,0.9090909090909091,0.9142857142857143
2310000,0.9,0.8823529411764706,0.85,0.9090909090909091,0.9285714285714286
2310300,0.9,0.8823529411764706,0.85,0.9545454545454546,0.9142857142857143
2310600,0.9,0.8529411764705882,0.7,0.9545454545454546,0.9142857142857143
2310900,0.9,0.8529411764705882,0.8,0.9545454545454546,0.9142857142857143
2311200,0.8833333333333333,0.8529411764705882,0.75,0.9545454545454546,0.9285714285714286
2311500,0.8833333333333333,0.8823529411764706,0.7,0.9090909090909091,0.9285714285714286
2311800,0.0,0.9411764705882353,0.75,0.8636363636363636,0.0
2312100,0.9,0.9117647058823529,0.75,0.8636363636363636,0.9428571428571428
2312400,0.9166666666666666,0.9411764705882353,0.8,0.7272727272727273,0.9428571428571428
2312700,0.9,0.8529411764705882,0.8,0.7272727272727273,0.9285714285714286
2313000,0.9166666666666666,0.8235294117647058,0.7,0.6818181818181818,0.9142857142857143
2313300,0.9166666666666666,0.8235294117647058,0.8,0.6818181818181818,0.9
2313600,0.9333333333333333,0.7352941176470589,0.8,0.6818181818181818,0.8857142857142857
2313900,0.95,0.7352941176470589,0.8,0.7272727272727273,0.8857142857142857
2314200,0.95,0.7647058823529411,0.95,0.7272727272727273,0.8714285714285714
2314500,0.95,0.7647058823529411,0.95,0.6363636363636364,0.8428571428571429
2314800,0.95,0.7941176470588235,0.95,0.5909090909090909,0.8428571428571429
2315100,0.95,0.7941176470588235,0.95,0.5909090909090909,0.8571428571428571
2315400,0.9166666666666666,0.7647058823529411,0.75,0.5454545454545454,0.8428571428571429
2315700,0.9,0.6470588235294118,0.75,0.6363636363636364,0.8285714285714286
2316000,0.9,0.6176470588235294,0.85,0.5909090909090909,0.8285714285714286
2316300,0.8666666666666667,0.5882352941176471,0.85,0.5,0.8285714285714286
2316600,0.8666666666666667,0.5882352941176471,0.85,0.4090909090909091,0.8285714285714286
2316900,0.8833333333333333,0.5882352941176471,0.9,0.4090909090909091,0.8428571428571429
2317200,0.8666666666666667,0.6470588235294118,0.85,0.36363636363636365,0.8
2317500,0.8666666666666667,0.6470588235294118,0.7,0.2727272727272727,0.7857142857142857
2317800,0.8666666666666667,0.6176470588235294,0.8,0.09090909090909091,0.7285714285714285
2318100,0.85,0.5294117647058824,0.8,0.18181818181818182,0.7142857142857143
2318400,0.8666666666666667,0.47058823529411764,0.8,0.18181818181818182,0.7
2318700,0.8666666666666667,0.47058823529411764,0.8,0.09090909090909091,0.6714285714285714
2319000,0.8666666666666667,0.47058823529411764,0.75,0.09090909090909091,0.6714285714285714
2319300,0.8333333333333334,0.4411764705882353,0.75,0.13636363636363635,0.6571428571428571
2319600,0.8166666666666667,0.4117647058823529,0.75,0.22727272727272727,0.6285714285714286
2319900,0.8166666666666667,0.5294117647058824,0.7,0.22727272727272727,0.6142857142857143
2320200,0.8166666666666667,0.5,0.65,0.36363636363636365,0.6142857142857143
2320500,0.8,0.4411764705882353,0.65,0.22727272727272727,0.5857142857142857
2320800,0.7833333333333333,0.4117647058823529,0.7,0.2727272727272727,0.6142857142857143
2321100,0.7833333333333333,0.4117647058823529,0.65,0.2727272727272727,0.6142857142857143
2321400,0.7666666666666667,0.4411764705882353,0.7,0.2727272727272727,0.6285714285714286
2321700,0.7333333333333333,0.47058823529411764,0.65,0.3181818181818182,0.6571428571428571
2322000,0.7666666666666667,0.4411764705882353,0.6,0.18181818181818182,0.6714285714285714
2322300,0.7833333333333333,0.5,0.5,0.13636363636363635,0.6714285714285714
2322600,0.8,0.5294117647058824,0.5,0.2727272727272727,0.6857142857142857
2322900,0.8,0.47058823529411764,0.5,0.36363636363636365,0.7
2323200,0.8,0.5,0.55,0.3181818181818182,0.7
2323500,0.8333333333333334,0.4117647058823529,0.5,0.3181818181818182,0.7428571428571429
2323800,0.8333333333333334,0.4411764705882353,0.55,0.2727272727272727,0.7285714285714285
2324100,0.8333333333333334,0.47058823529411764,0.55,0.36363636363636365,0.7571428571428571
2324400,0.8333333333333334,0.5,0.5,0.4090909090909091,0.7571428571428571
2324700,0.8166666666666667,0.47058823529411764,0.55,0.36363636363636365,0.7714285714285715
2325000,0.8333333333333334,0.4117647058823529,0.55,0.36363636363636365,0.7857142857142857
2325300,0.8,0.4411764705882353,0.6,0.36363636363636365,0.7714285714285715
2325600,0.7833333333333333,0.4117647058823529,0.65,0.36363636363636365,0.8
2325900,0.8166666666666667,0.38235294117647056,0.7,0.2727272727272727,0.8
2326200,0.8166666666666667,0.4117647058823529,0.7,0.3181818181818182,0.6857142857142857
2326500,0.85,0.4411764705882353,0.6,0.2727272727272727,0.6857142857142857
2326800,0.85,0.4411764705882353,0.65,0.22727272727272727,0.6571428571428571
2327100,0.8333333333333334,0.4411764705882353,0.7,0.3181818181818182,0.6714285714285714
2327400,0.8166666666666667,0.4411764705882353,0.8,0.3181818181818182,0.6714285714285714
2327700,0.8333333333333334,0.5588235294117647,0.65,0.3181818181818182,0.6571428571428571
2328000,0.8833333333333333,0.5,0.65,0.45454545454545453,0.7
2328300,0.8833333333333333,0.5294117647058824,0.6,0.45454545454545453,0.7
2328600,0.9,0.5588235294117647,0.6,0.45454545454545453,0.7
2328900,0.85,0.5294117647058824,0.6,0.5,0.6714285714285714
2329200,0.8333333333333334,0.5294117647058824,0.7,0.4090909090909091,0.6571428571428571
2329500,0.8166666666666667,0.5588235294117647,0.7,0.45454545454545453,0.6428571428571429
2329800,0.8,0.5588235294117647,0.65,0.5454545454545454,0.6285714285714286
2330100,0.8333333333333334,0.5882352941176471,0.7,0.5454545454545454,0.6285714285714286
2330400,0.8166666666666667,0.5588235294117647,0.65,0.6363636363636364,0.6142857142857143
2330700,0.75,0.5294117647058824,0.8,0.5909090909090909,0.6142857142857143
2331000,0.7333333333333333,0.5,0.85,0.5454545454545454,0.6142857142857143
2331300,0.7333333333333333,0.5,0.9,0.5,0.6
2331600,0.7333333333333333,0.5294117647058824,0.9,0.45454545454545453,0.6
2331900,0.7333333333333333,0.5294117647058824,0.9,0.45454545454545453,0.5857142857142857
2332200,0.6666666666666666,0.47058823529411764,0.9,0.5454545454545454,0.5714285714285714
2332500,0.6666666666666666,0.4117647058823529,0.9,0.5454545454545454,0.5714285714285714
2332800,0.6666666666666666,0.35294117647058826,0.9,0.45454545454545453,0.5714285714285714
2333100,0.6333333333333333,0.20588235294117646,0.9,0.45454545454545453,0.5714285714285714
2333400,0.55,0.11764705882352941,0.85,0.36363636363636365,0.5714285714285714
2333700,0.48333333333333334,0.11764705882352941,0.8,0.45454545454545453,0.5714285714285714
2334000,0.38333333333333336,0.08823529411764706,0.75,0.36363636363636365,0.5714285714285714
2334300,0.38333333333333336,0.058823529411764705,0.75,0.45454545454545453,0.5714285714285714
2334600,0.2833333333333333,0.029411764705882353,0.75,0.45454545454545453,0.5714285714285714
2334900,0.23333333333333334,0.058823529411764705,0.7,0.45454545454545453,0.5714285714285714
2335200,0.23333333333333334,0.058823529411764705,0.7,0.45454545454545453,0.5714285714285714
2335500,0.21666666666666667,0.08823529411764706,0.7,0.5,0.5857142857142857
2335800,0.15,0.058823529411764705,0.7,0.5,0.5857142857142857
2336100,0.16666666666666666,0.11764705882352941,0.8,0.5454545454545454,0.6
2336400,0.18333333333333332,0.23529411764705882,0.65,0.5,0.6
2336700,0.16666666666666666,0.20588235294117646,0.6,0.5454545454545454,0.6
2337000,0.23333333333333334,0.17647058823529413,0.6,0.5454545454545454,0.6
2337300,0.23333333333333334,0.17647058823529413,0.75,0.5454545454545454,0.6
2337600,0.26666666666666666,0.11764705882352941,0.7,0.5,0.6
2337900,0.36666666666666664,0.14705882352941177,0.7,0.5,0.6
2338200,0.45,0.23529411764705882,0.6,0.2727272727272727,0.6
2338500,0.5,0.20588235294117646,0.55,0.3181818181818182,0.6
2338800,0.55,0.23529411764705882,0.65,0.3181818181818182,0.6
2339100,0.5666666666666667,0.29411764705882354,0.65,0.4090909090909091,0.6
2339400,0.6166666666666667,0.35294117647058826,0.65,0.4090909090909091,0.6
2339700,0.6,0.35294117647058826,0.55,0.4090909090909091,0.6
2340000,0.65,0.4117647058823529,0.6,0.45454545454545453,0.6
2340300,0.6,0.4411764705882353,0.55,0.45454545454545453,0.6
2340600,0.65,0.5,0.5,0.45454545454545453,0.6
2340900,0.6333333333333333,0.5,0.65,0.5909090909090909,0.6
2341200,0.6,0.5,0.6,0.5454545454545454,0.6
2341500,0.6833333333333333,0.5294117647058824,0.6,0.45454545454545453,0.6
2341800,0.7,0.47058823529411764,0.6,0.5454545454545454,0.6
2342100,0.6833333333333333,0.4411764705882353,0.65,0.5454545454545454,0.6
2342400,0.7,0.4117647058823529,0.65,0.45454545454545453,0.5857142857142857
2342700,0.6666666666666666,0.38235294117647056,0.5,0.3181818181818182,0.5714285714285714
2343000,0.6666666666666666,0.38235294117647056,0.65,0.22727272727272727,0.5714285714285714
2343300,0.6666666666666666,0.4411764705882353,0.75,0.13636363636363635,0.5714285714285714
2343600,0.65,0.4117647058823529,0.75,0.18181818181818182,0.5714285714285714
2343900,0.6166666666666667,0.4411764705882353,0.85,0.22727272727272727,0.5714285714285714
2344200,0.6333333333333333,0.4411764705882353,0.75,0.2727272727272727,0.5714285714285714
2344500,0.65,0.4411764705882353,0.75,0.2727272727272727,0.5714285714285714
2344800,0.6833333333333333,0.4117647058823529,0.8,0.2727272727272727,0.5714285714285714
2345100,0.6666666666666666,0.38235294117647056,0.85,0.22727272727272727,0.5714285714285714
2345400,0.6,0.38235294117647056,0.85,0.22727272727272727,0.5714285714285714
2345700,0.6,0.38235294117647056,0.85,0.2727272727272727,0.5714285714285714
2346000,0.6,0.4117647058823529,0.8,0.3181818181818182,0.5571428571428572
2346300,0.6,0.4117647058823529,0.8,0.3181818181818182,0.5571428571428572
2346600,0.5833333333333334,0.4411764705882353,0.85,0.3181818181818182,0.5571428571428572
2346900,0.5666666666666667,0.4117647058823529,0.85,0.3181818181818182,0.5571428571428572
2347200,0.55,0.4411764705882353,0.8,0.3181818181818182,0.5428571428571428
2347500,0.5833333333333334,0.4411764705882353,0.8,0.3181818181818182,0.5428571428571428
2347800,0.0,0.0,0.0,0.0,0.0
2348100,0.5833333333333334,0.5294117647058824,0.8,0.2727272727272727,0.5428571428571428
2348400,0.5333333333333333,0.5588235294117647,0.65,0.2727272727272727,0.5428571428571428
2348700,0.55,0.5588235294117647,0.75,0.2727272727272727,0.5285714285714286
2349000,0.55,0.6176470588235294,0.75,0.2727272727272727,0.5285714285714286
2349300,0.5,0.5,0.7,0.2727272727272727,0.5285714285714286
2349600,0.55,0.5,0.7,0.2727272727272727,0.5285714285714286
2349900,0.5333333333333333,0.5,0.55,0.22727272727272727,0.5285714285714286
2350200,0.5333333333333333,0.5,0.5,0.2727272727272727,0.5285714285714286
2350500,0.5,0.5294117647058824,0.45,0.4090909090909091,0.5285714285714286
2350800,0.4666666666666667,0.5,0.4,0.36363636363636365,0.5285714285714286
2351100,0.48333333333333334,0.5,0.4,0.5,0.5285714285714286
2351400,0.5166666666666667,0.47058823529411764,0.4,0.5,0.5285714285714286
2351700,0.48333333333333334,0.47058823529411764,0.4,0.45454545454545453,0.5285714285714286
2352000,0.5166666666666667,0.5,0.4,0.45454545454545453,0.5285714285714286
2352300,0.5,0.5,0.5,0.3181818181818182,0.5285714285714286
2352600,0.45,0.47058823529411764,0.6,0.2727272727272727,0.5285714285714286
2352900,0.3333333333333333,0.4117647058823529,0.6,0.2727272727272727,0.5285714285714286
2353200,0.31666666666666665,0.4117647058823529,0.6,0.22727272727272727,0.5285714285714286
2353500,0.3,0.4411764705882353,0.65,0.22727272727272727,0.5285714285714286
2353800,0.3,0.4117647058823529,0.65,0.2727272727272727,0.5428571428571428
2354100,0.3,0.4117647058823529,0.65,0.22727272727272727,0.5428571428571428
2354400,0.31666666666666665,0.38235294117647056,0.65,0.2727272727272727,0.5428571428571428
2354700,0.2833333333333333,0.35294117647058826,0.55,0.3181818181818182,0.5428571428571428
2355000,0.23333333333333334,0.38235294117647056,0.6,0.22727272727272727,0.5428571428571428
2355300,0.26666666666666666,0.38235294117647056,0.5,0.2727272727272727,0.5571428571428572
2355600,0.3,0.35294117647058826,0.55,0.3181818181818182,0.5571428571428572
2355900,0.2,0.38235294117647056,0.5,0.2727272727272727,0.5571428571428572
2356200,0.15,0.35294117647058826,0.45,0.2727272727272727,0.5714285714285714
2356500,0.23333333333333334,0.38235294117647056,0.45,0.22727272727272727,0.5714285714285714
2356800,0.35,0.35294117647058826,0.5,0.22727272727272727,0.5714285714285714
2357100,0.38333333333333336,0.29411764705882354,0.3,0.18181818181818182,0.5714285714285714
2357400,0.38333333333333336,0.20588235294117646,0.35,0.13636363636363635,0.5857142857142857
2357700,0.4,0.2647058823529412,0.4,0.2727272727272727,0.5857142857142857
2358000,0.4,0.23529411764705882,0.45,0.3181818181818182,0.5857142857142857
2358300,0.35,0.17647058823529413,0.4,0.36363636363636365,0.6
2358600,0.31666666666666665,0.23529411764705882,0.45,0.36363636363636365,0.6285714285714286
2358900,0.23333333333333334,0.23529411764705882,0.45,0.36363636363636365,0.6285714285714286
2359200,0.18333333333333332,0.2647058823529412,0.55,0.45454545454545453,0.6142857142857143
2359500,0.21666666666666667,0.29411764705882354,0.5,0.45454545454545453,0.6142857142857143
2359800,0.2,0.35294117647058826,0.4,0.5909090909090909,0.6285714285714286
2360100,0.2833333333333333,0.38235294117647056,0.45,0.5454545454545454,0.6571428571428571
2360400,0.3,0.4117647058823529,0.35,0.5,0.6571428571428571
2360700,0.2833333333333333,0.4117647058823529,0.5,0.5,0.6714285714285714
2361000,0.3,0.5,0.5,0.4090909090909091,0.6857142857142857
2361300,0.36666666666666664,0.5882352941176471,0.45,0.4090909090909091,0.6857142857142857
2361600,0.38333333333333336,0.6470588235294118,0.65,0.4090909090909091,0.7285714285714285
2361900,0.38333333333333336,0.6764705882352942,0.6,0.36363636363636365,0.8
2362200,0.43333333333333335,0.7058823529411765,0.65,0.3181818181818182,0.8
2362500,0.45,0.7058823529411765,0.75,0.5454545454545454,0.8285714285714286
2362800,0.55,0.7352941176470589,0.75,0.5909090909090909,0.8285714285714286
2363100,0.6333333333333333,0.7647058823529411,0.65,0.5909090909090909,0.8428571428571429
2363400,0.7166666666666667,0.7941176470588235,0.65,0.6363636363636364,0.8285714285714286
2363700,0.7333333333333333,0.8529411764705882,0.65,0.5909090909090909,0.8285714285714286
2364000,0.8166666666666667,0.8529411764705882,0.7,0.45454545454545453,0.8428571428571429
2364300,0.8,0.8823529411764706,0.7,0.36363636363636365,0.8428571428571429
2364600,0.85,0.8823529411764706,0.75,0.45454545454545453,0.8428571428571429
2364900,0.8833333333333333,0.8529411764705882,0.65,0.3181818181818182,0.8428571428571429
2365200,0.9,0.8529411764705882,0.75,0.36363636363636365,0.8428571428571429
2365500,0.9,0.7941176470588235,0.75,0.4090909090909091,0.8428571428571429
2365800,0.9,0.8235294117647058,0.75,0.4090909090909091,0.8571428571428571
2366100,0.8833333333333333,0.8529411764705882,0.75,0.4090909090909091,0.8571428571428571
2366400,0.8833333333333333,0.8529411764705882,0.75,0.5454545454545454,0.8714285714285714
2366700,0.8333333333333334,0.9117647058823529,0.7,0.45454545454545453,0.8714285714285714
2367000,0.8333333333333334,0.9117647058823529,0.7,0.5,0.8714285714285714
2367300,0.85,0.9117647058823529,0.7,0.5454545454545454,0.8714285714285714
2367600,0.8833333333333333,0.9117647058823529,0.7,0.5454545454545454,0.8714285714285714
2367900,0.8333333333333334,0.9117647058823529,0.6,0.5,0.8714285714285714
2368200,0.7833333333333333,0.8823529411764706,0.6,0.5454545454545454,0.8714285714285714
2368500,0.7666666666666667,0.8823529411764706,0.65,0.5454545454545454,0.8714285714285714
2368800,0.7833333333333333,0.8823529411764706,0.65,0.6818181818181818,0.8714285714285714
2369100,0.8333333333333334,0.9117647058823529,0.7,0.8636363636363636,0.8714285714285714
2369400,0.0,0.0,0.0,0.0,0.0
2369700,0.8666666666666667,0.9117647058823529,0.8,0.9090909090909091,0.8714285714285714
2370000,0.9,0.9411764705882353,0.85,0.9090909090909091,0.8714285714285714
2370300,0.8833333333333333,0.9411764705882353,0.85,0.9090909090909091,0.8714285714285714
2370600,0.9166666666666666,0.9705882352941176,0.9,0.8636363636363636,0.8571428571428571
2370900,0.9333333333333333,0.9705882352941176,0.9,0.9090909090909091,0.8857142857142857
2371200,0.9333333333333333,0.9705882352941176,0.9,0.9090909090909091,0.8857142857142857
2371500,0.95,0.9705882352941176,0.85,0.9090909090909091,0.8714285714285714
2371800,0.95,0.9705882352941176,0.8,0.9090909090909091,0.8714285714285714
2372100,0.95,0.9411764705882353,0.9,0.9090909090909091,0.8571428571428571
2372400,0.9333333333333333,0.9705882352941176,0.85,0.8181818181818182,0.8571428571428571
2372700,0.95,0.9705882352941176,0.85,0.8181818181818182,0.8428571428571429
2373000,0.95,0.9705882352941176,0.85,0.8181818181818182,0.8428571428571429
2373300,0.95,0.9705882352941176,0.9,0.8181818181818182,0.8285714285714286
2373600,0.95,0.9705882352941176,0.9,0.8181818181818182,0.8285714285714286
2373900,0.95,0.9411764705882353,0.9,0.8181818181818182,0.8285714285714286
2374200,0.95,0.9411764705882353,0.9,0.8181818181818182,0.8
2374500,0.9333333333333333,0.9411764705882353,0.9,0.8181818181818182,0.8285714285714286
2374800,0.9333333333333333,0.9411764705882353,0.85,0.9090909090909091,0.8285714285714286
2375100,0.9,0.9411764705882353,0.9,0.8636363636363636,0.8285714285714286
2375400,0.8833333333333333,0.9705882352941176,0.85,0.8636363636363636,0.8142857142857143
2375700,0.8666666666666667,0.9705882352941176,0.85,0.8181818181818182,0.8
2376000,0.8833333333333333,0.9705882352941176,0.85,0.6818181818181818,0.8
2376300,0.8833333333333333,0.9411764705882353,0.85,0.6818181818181818,0.8
2376600,0.0,0.0,0.8,0.5909090909090909,0.0
2376900,0.75,0.8823529411764706,0.75,0.5,0.7857142857142857
2377200,0.7333333333333333,0.8529411764705882,0.7,0.3181818181818182,0.7857142857142857
2377500,0.7,0.7941176470588235,0.65,0.22727272727272727,0.7571428571428571
2377800,0.7166666666666667,0.7941176470588235,0.65,0.13636363636363635,0.7571428571428571
2378100,0.7166666666666667,0.7352941176470589,0.55,0.13636363636363635,0.7428571428571429
2378400,0.75,0.7941176470588235,0.6,0.0,0.7142857142857143
2378700,0.75,0.7647058823529411,0.6,0.045454545454545456,0.7285714285714285
2379000,0.7,0.7058823529411765,0.6,0.09090909090909091,0.7285714285714285
2379300,0.75,0.7058823529411765,0.65,0.18181818181818182,0.7142857142857143
2379600,0.7166666666666667,0.7058823529411765,0.65,0.0,0.7285714285714285
2379900,0.7333333333333333,0.7058823529411765,0.55,0.0,0.7285714285714285
2380200,0.75,0.6470588235294118,0.65,0.045454545454545456,0.7285714285714285
2380500,0.7333333333333333,0.6176470588235294,0.6,0.18181818181818182,0.7285714285714285
2380800,0.6833333333333333,0.5588235294117647,0.55,0.18181818181818182,0.7714285714285715
2381100,0.6333333333333333,0.5588235294117647,0.65,0.2727272727272727,0.7428571428571429
2381400,0.6333333333333333,0.5588235294117647,0.6,0.3181818181818182,0.7571428571428571
2381700,0.65,0.5588235294117647,0.65,0.3181818181818182,0.7428571428571429
2382000,0.6333333333333333,0.5588235294117647,0.75,0.5,0.7714285714285715
2382300,0.6666666666666666,0.6764705882352942,0.75,0.5454545454545454,0.7714285714285715
2382600,0.7166666666666667,0.6470588235294118,0.65,0.6363636363636364,0.7857142857142857
2382900,0.7,0.6176470588235294,0.6,0.6363636363636364,0.8
2383200,0.7166666666666667,0.5882352941176471,0.65,0.6818181818181818,0.7857142857142857
2383500,0.75,0.6764705882352942,0.6,0.7272727272727273,0.7857142857142857
2383800,0.75,0.7058823529411765,0.8,0.7727272727272727,0.7857142857142857
2384100,0.7666666666666667,0.7941176470588235,0.85,0.7727272727272727,0.7857142857142857
2384400,0.8,0.8529411764705882,0.75,0.6818181818181818,0.7857142857142857
2384700,0.8166666666666667,0.9117647058823529,0.7,0.7272727272727273,0.7857142857142857
2385000,0.85,0.9411764705882353,0.85,0.7727272727272727,0.7857142857142857
2385300,0.8666666666666667,0.9705882352941176,0.75,0.7727272727272727,0.7714285714285715
2385600,0.8833333333333333,0.9705882352941176,0.9,0.7727272727272727,0.7714285714285715
2385900,0.95,0.9411764705882353,0.9,0.8636363636363636,0.7857142857142857
2386200,0.9333333333333333,0.9411764705882353,0.9,0.8181818181818182,0.8142857142857143
2386500,0.9333333333333333,0.9411764705882353,0.9,0.8636363636363636,0.8142857142857143
2386800,0.9166666666666666,0.9411764705882353,0.9,0.8181818181818182,0.8142857142857143
2387100,0.9166666666666666,0.9117647058823529,0.9,0.8181818181818182,0.8
2387400,0.9333333333333333,0.9117647058823529,0.9,0.8181818181818182,0.8
2387700,0.9333333333333333,0.9411764705882353,0.85,0.8181818181818182,0.8
2388000,0.8833333333333333,0.9411764705882353,0.9,0.8636363636363636,0.8142857142857143
2388300,0.8833333333333333,0.9117647058823529,0.9,0.8181818181818182,0.8142857142857143
2388600,0.8666666666666667,0.9117647058823529,0.9,0.8181818181818182,0.8285714285714286
2388900,0.8666666666666667,0.8823529411764706,0.85,0.7727272727272727,0.8142857142857143
2389200,0.85,0.8529411764705882,0.85,0.8181818181818182,0.8142857142857143
2389500,0.85,0.8529411764705882,0.9,0.7727272727272727,0.8142857142857143
2389800,0.8333333333333334,0.8529411764705882,0.9,0.7727272727272727,0.8285714285714286
2390100,0.85,0.8823529411764706,0.8,0.6818181818181818,0.8285714285714286
2390400,0.8833333333333333,0.8529411764705882,0.8,0.7272727272727273,0.8428571428571429
2390700,0.9,0.8235294117647058,0.8,0.7272727272727273,0.8285714285714286
2391000,0.9,0.8235294117647058,0.75,0.8181818181818182,0.8571428571428571
2391300,0.8833333333333333,0.8529411764705882,0.75,0.7727272727272727,0.8571428571428571
2391600,0.8166666666666667,0.8529411764705882,0.75,0.7727272727272727,0.8571428571428571
2391900,0.85,0.8529411764705882,0.75,0.7727272727272727,0.8428571428571429
2392200,0.8333333333333334,0.9117647058823529,0.75,0.7727272727272727,0.8428571428571429
2392500,0.8,0.9117647058823529,0.8,0.8181818181818182,0.8571428571428571
2392800,0.7666666666666667,0.8823529411764706,0.9,0.7727272727272727,0.8571428571428571
2393100,0.8,0.8823529411764706,0.9,0.7727272727272727,0.8571428571428571
2393400,0.85,0.8529411764705882,0.9,0.7727272727272727,0.8571428571428571
2393700,0.85,0.8529411764705882,0.85,0.7727272727272727,0.8428571428571429
2394000,0.85,0.8823529411764706,0.85,0.8181818181818182,0.8571428571428571
2394300,0.85,0.9117647058823529,0.85,0.7727272727272727,0.8714285714285714
2394600,0.85,0.9117647058823529,0.75,0.7272727272727273,0.8571428571428571
2394900,0.8666666666666667,0.9411764705882353,0.8,0.6818181818181818,0.8571428571428571
2395200,0.85,0.9117647058823529,0.75,0.6363636363636364,0.8571428571428571
2395500,0.8833333333333333,0.8823529411764706,0.8,0.7272727272727273,0.8285714285714286
2395800,0.8833333333333333,0.9117647058823529,0.8,0.6818181818181818,0.8428571428571429
2396100,0.9,0.8823529411764706,0.8,0.6818181818181818,0.8428571428571429
2396400,0.9166666666666666,0.8823529411764706,0.85,0.7272727272727273,0.8428571428571429
2396700,0.9666666666666667,0.9117647058823529,0.85,0.7727272727272727,0.8428571428571429
2397000,0.9333333333333333,0.9117647058823529,0.85,0.7272727272727273,0.8428571428571429
2397300,0.95,0.9117647058823529,0.85,0.7272727272727273,0.8428571428571429
2397600,0.95,0.8823529411764706,0.95,0.6818181818181818,0.8428571428571429
2397900,0.95,0.8529411764705882,0.0,0.0,0.8428571428571429
2398200,0.0,0.0,0.0,0.0,0.0
2398500,0.0,0.0,0.0,0.0,0.0
2398800,0.9333333333333333,0.8529411764705882,0.7,0.6363636363636364,0.8428571428571429
2399100,0.9166666666666666,0.8529411764705882,0.65,0.6818181818181818,0.8571428571428571
2399400,0.9166666666666666,0.8529411764705882,0.65,0.6818181818181818,0.8428571428571429
2399700,0.9333333333333333,0.8823529411764706,0.65,0.6818181818181818,0.8285714285714286
2400000,0.9333333333333333,0.8823529411764706,0.7,0.6818181818181818,0.8142857142857143
2400300,0.9333333333333333,0.8823529411764706,0.7,0.6818181818181818,0.8142857142857143
2400600,0.9166666666666666,0.8823529411764706,0.85,0.7727272727272727,0.8142857142857143
2400900,0.9,0.9117647058823529,0.8,0.8181818181818182,0.8142857142857143
2401200,0.9166666666666666,0.9117647058823529,0.95,0.8636363636363636,0.8142857142857143
2401500,0.9166666666666666,0.9117647058823529,0.95,0.8636363636363636,0.8142857142857143
2401800,0.9166666666666666,0.7941176470588235,0.95,0.7272727272727273,0.8142857142857143
2402100,0.8833333333333333,0.7647058823529411,0.9,0.6818181818181818,0.8142857142857143
2402400,0.8833333333333333,0.7647058823529411,0.9,0.5909090909090909,0.8142857142857143
2402700,0.8833333333333333,0.7352941176470589,0.8,0.45454545454545453,0.8142857142857143
2403000,0.8833333333333333,0.6764705882352942,0.85,0.45454545454545453,0.8
2403300,0.9333333333333333,0.6764705882352942,0.85,0.5,0.7857142857142857
2403600,0.9166666666666666,0.7058823529411765,0.85,0.5,0.8142857142857143
2403900,0.8833333333333333,0.7058823529411765,0.85,0.5,0.8142857142857143
2404200,0.9,0.6764705882352942,0.85,0.45454545454545453,0.8571428571428571
2404500,0.9,0.5882352941176471,0.8,0.4090909090909091,0.8285714285714286
2404800,0.9,0.5882352941176471,0.75,0.22727272727272727,0.7857142857142857
2405100,0.9,0.5882352941176471,0.75,0.2727272727272727,0.7857142857142857
2405400,0.8833333333333333,0.5882352941176471,0.8,0.22727272727272727,0.7714285714285715
2405700,0.8833333333333333,0.5588235294117647,0.85,0.22727272727272727,0.7714285714285715
2406000,0.8666666666666667,0.6176470588235294,0.85,0.3181818181818182,0.7571428571428571
2406300,0.85,0.6176470588235294,0.85,0.2727272727272727,0.7428571428571429
2406600,0.8333333333333334,0.5882352941176471,0.9,0.2727272727272727,0.7428571428571429
2406900,0.8333333333333334,0.5882352941176471,0.9,0.18181818181818182,0.7428571428571429
2407200,0.8166666666666667,0.5882352941176471,0.9,0.18181818181818182,0.7285714285714285
2407500,0.8166666666666667,0.5588235294117647,0.8,0.22727272727272727,0.7428571428571429
2407800,0.85,0.6176470588235294,0.95,0.3181818181818182,0.7285714285714285
2408100,0.8166666666666667,0.6764705882352942,0.9,0.3181818181818182,0.7428571428571429
2408400,0.75,0.6764705882352942,0.9,0.4090909090909091,0.7571428571428571
2408700,0.7666666666666667,0.6764705882352942,0.9,0.36363636363636365,0.7714285714285715
2409000,0.7666666666666667,0.5588235294117647,0.9,0.4090909090909091,0.7857142857142857
2409300,0.7333333333333333,0.5588235294117647,0.95,0.36363636363636365,0.7857142857142857
2409600,0.75,0.5294117647058824,0.9,0.2727272727272727,0.7857142857142857
2409900,0.7333333333333333,0.5294117647058824,0.9,0.2727272727272727,0.7714285714285715
2410200,0.7333333333333333,0.5,0.95,0.2727272727272727,0.7714285714285715
2410500,0.75,0.47058823529411764,0.95,0.36363636363636365,0.7857142857142857
2410800,0.7666666666666667,0.4117647058823529,0.95,0.36363636363636365,0.8
2411100,0.7666666666666667,0.35294117647058826,0.85,0.36363636363636365,0.8
2411400,0.7833333333333333,0.4117647058823529,0.85,0.3181818181818182,0.8
2411700,0.7333333333333333,0.4411764705882353,0.9,0.4090909090909091,0.8285714285714286
2412000,0.7333333333333333,0.47058823529411764,0.9,0.36363636363636365,0.8142857142857143
2412300,0.7333333333333333,0.47058823529411764,0.9,0.36363636363636365,0.8142857142857143
2412600,0.0,0.0,0.8,0.3181818181818182,0.0
2412900,0.8166666666666667,0.5294117647058824,0.65,0.36363636363636365,0.7428571428571429
2413200,0.8,0.5,0.7,0.36363636363636365,0.7285714285714285
2413500,0.7833333333333333,0.5294117647058824,0.8,0.36363636363636365,0.7285714285714285
2413800,0.7166666666666667,0.5294117647058824,0.85,0.4090909090909091,0.7
2414100,0.7333333333333333,0.5,0.85,0.3181818181818182,0.7
2414400,0.7,0.5,0.9,0.36363636363636365,0.7
2414700,0.6666666666666666,0.5,0.9,0.3181818181818182,0.7
2415000,0.6666666666666666,0.47058823529411764,0.75,0.45454545454545453,0.6857142857142857
2415300,0.6833333333333333,0.47058823529411764,0.55,0.4090909090909091,0.6714285714285714
2415600,0.7166666666666667,0.4411764705882353,0.65,0.5,0.6714285714285714
2415900,0.6666666666666666,0.38235294117647056,0.55,0.45454545454545453,0.6714285714285714
2416200,0.7,0.38235294117647056,0.7,0.5,0.6571428571428571
2416500,0.7,0.4117647058823529,0.6,0.5,0.6571428571428571
2416800,0.7,0.38235294117647056,0.55,0.5,0.6428571428571429
2417100,0.7166666666666667,0.35294117647058826,0.7,0.5909090909090909,0.6285714285714286
2417400,0.6666666666666666,0.38235294117647056,0.7,0.5454545454545454,0.6
2417700,0.7,0.35294117647058826,0.7,0.5454545454545454,0.5857142857142857
2418000,0.7,0.35294117647058826,0.6,0.6363636363636364,0.5571428571428572
2418300,0.6666666666666666,0.29411764705882354,0.6,0.5909090909090909,0.5571428571428572
2418600,0.6666666666666666,0.3235294117647059,0.75,0.5454545454545454,0.5571428571428572
2418900,0.6833333333333333,0.17647058823529413,0.75,0.5,0.5142857142857142
2419200,0.7,0.08823529411764706,0.75,0.5,0.5
2419500,0.5,0.029411764705882353,0.75,0.36363636363636365,0.4857142857142857
2419800,0.4166666666666667,0.058823529411764705,0.7,0.3181818181818182,0.4857142857142857
2420100,0.3333333333333333,0.029411764705882353,0.55,0.36363636363636365,0.4857142857142857
2420400,0.31666666666666665,0.029411764705882353,0.45,0.3181818181818182,0.4857142857142857
2420700,0.2833333333333333,0.058823529411764705,0.5,0.22727272727272727,0.45714285714285713
2421000,0.26666666666666666,0.14705882352941177,0.5,0.2727272727272727,0.44285714285714284
2421300,0.3,0.11764705882352941,0.5,0.22727272727272727,0.44285714285714284
2421600,0.2833333333333333,0.17647058823529413,0.5,0.22727272727272727,0.44285714285714284
2421900,0.21666666666666667,0.23529411764705882,0.5,0.18181818181818182,0.44285714285714284
2422200,0.25,0.2647058823529412,0.5,0.18181818181818182,0.4142857142857143
2422500,0.23333333333333334,0.3235294117647059,0.55,0.18181818181818182,0.4142857142857143
2422800,0.31666666666666665,0.35294117647058826,0.5,0.18181818181818182,0.4
2423100,0.26666666666666666,0.35294117647058826,0.5,0.22727272727272727,0.4
2423400,0.2833333333333333,0.3235294117647059,0.45,0.22727272727272727,0.4
2423700,0.36666666666666664,0.23529411764705882,0.35,0.2727272727272727,0.37142857142857144
2424000,0.38333333333333336,0.14705882352941177,0.5,0.2727272727272727,0.35714285714285715
2424300,0.36666666666666664,0.20588235294117646,0.5,0.2727272727272727,0.35714285714285715
2424600,0.36666666666666664,0.17647058823529413,0.55,0.2727272727272727,0.35714285714285715
2424900,0.45,0.17647058823529413,0.65,0.22727272727272727,0.34285714285714286
2425200,0.4666666666666667,0.23529411764705882,0.5,0.22727272727272727,0.34285714285714286
2425500,0.4666666666666667,0.20588235294117646,0.65,0.2727272727272727,0.32857142857142857
2425800,0.5,0.20588235294117646,0.6,0.3181818181818182,0.32857142857142857
2426100,0.5166666666666667,0.20588235294117646,0.65,0.3181818181818182,0.3142857142857143
2426400,0.6,0.17647058823529413,0.7,0.3181818181818182,0.3142857142857143
2426700,0.6,0.14705882352941177,0.6,0.4090909090909091,0.3142857142857143
2427000,0.5333333333333333,0.14705882352941177,0.65,0.4090909090909091,0.3142857142857143
2427300,0.5,0.17647058823529413,0.55,0.36363636363636365,0.3142857142857143
2427600,0.5333333333333333,0.23529411764705882,0.55,0.3181818181818182,0.3142857142857143
2427900,0.5833333333333334,0.2647058823529412,0.55,0.3181818181818182,0.3142857142857143
2428200,0.6166666666666667,0.29411764705882354,0.55,0.2727272727272727,0.3142857142857143
2428500,0.6,0.3235294117647059,0.65,0.22727272727272727,0.3142857142857143
2428800,0.65,0.38235294117647056,0.65,0.36363636363636365,0.2857142857142857
2429100,0.6666666666666666,0.38235294117647056,0.65,0.3181818181818182,0.2857142857142857
2429400,0.6666666666666666,0.4117647058823529,0.7,0.2727272727272727,0.2857142857142857
2429700,0.6666666666666666,0.4117647058823529,0.6,0.045454545454545456,0.2857142857142857
2430000,0.6333333333333333,0.38235294117647056,0.7,0.045454545454545456,0.2857142857142857
2430300,0.6166666666666667,0.4117647058823529,0.7,0.045454545454545456,0.2714285714285714
2430600,0.6333333333333333,0.35294117647058826,0.7,0.045454545454545456,0.2857142857142857
2430900,0.6166666666666667,0.35294117647058826,0.7,0.045454545454545456,0.2857142857142857
2431200,0.65,0.3235294117647059,0.55,0.045454545454545456,0.2857142857142857
2431500,0.65,0.3235294117647059,0.65,0.045454545454545456,0.2857142857142857
2431800,0.6166666666666667,0.29411764705882354,0.6,0.045454545454545456,0.2857142857142857
2432100,0.6166666666666667,0.29411764705882354,0.65,0.045454545454545456,0.2857142857142857
2432400,0.5666666666666667,0.29411764705882354,0.6,0.13636363636363635,0.2857142857142857
2432700,0.5833333333333334,0.29411764705882354,0.65,0.13636363636363635,0.2857142857142857
2433000,0.5666666666666667,0.3235294117647059,0.55,0.09090909090909091,0.2714285714285714
2433300,0.55,0.35294117647058826,0.5,0.18181818181818182,0.2714285714285714
2433600,0.5,0.4117647058823529,0.55,0.22727272727272727,0.2714285714285714
2433900,0.5333333333333333,0.38235294117647056,0.6,0.18181818181818182,0.2571428571428571
2434200,0.5166666666666667,0.4117647058823529,0.6,0.36363636363636365,0.2571428571428571
2434500,0.48333333333333334,0.4411764705882353,0.6,0.45454545454545453,0.2571428571428571
2434800,0.5,0.47058823529411764,0.65,0.4090909090909091,0.2571428571428571
2435100,0.5333333333333333,0.47058823529411764,0.6,0.4090909090909091,0.2571428571428571
2435400,0.55,0.5,0.65,0.4090909090909091,0.2571428571428571
2435700,0.55,0.47058823529411764,0.5,0.4090909090909091,0.2571428571428571
2436000,0.55,0.4411764705882353,0.6,0.36363636363636365,0.24285714285714285
2436300,0.5166666666666667,0.4411764705882353,0.5,0.36363636363636365,0.24285714285714285
2436600,0.5333333333333333,0.47058823529411764,0.45,0.4090909090909091,0.24285714285714285
2436900,0.48333333333333334,0.4411764705882353,0.5,0.45454545454545453,0.24285714285714285
2437200,0.48333333333333334,0.47058823529411764,0.5,0.4090909090909091,0.24285714285714285
2437500,0.4666666666666667,0.4411764705882353,0.4,0.3181818181818182,0.2571428571428571
2437800,0.48333333333333334,0.5,0.55,0.3181818181818182,0.2571428571428571
2438100,0.45,0.5294117647058824,0.45,0.2727272727272727,0.2571428571428571
2438400,0.4,0.47058823529411764,0.55,0.2727272727272727,0.2714285714285714
2438700,0.36666666666666664,0.47058823529411764,0.6,0.2727272727272727,0.2714285714285714
2439000,0.3,0.47058823529411764,0.7,0.2727272727272727,0.2714285714285714
2439300,0.25,0.4117647058823529,0.65,0.2727272727272727,0.2714285714285714
2439600,0.21666666666666667,0.4411764705882353,0.65,0.2727272727272727,0.2714285714285714
2439900,0.2,0.38235294117647056,0.7,0.22727272727272727,0.2714285714285714
2440200,0.26666666666666666,0.38235294117647056,0.45,0.2727272727272727,0.2714285714285714
2440500,0.26666666666666666,0.38235294117647056,0.6,0.3181818181818182,0.2714285714285714
2440800,0.26666666666666666,0.38235294117647056,0.45,0.5,0.2714285714285714
2441100,0.21666666666666667,0.38235294117647056,0.55,0.5454545454545454,0.2714285714285714
2441400,0.2,0.4117647058823529,0.55,0.6363636363636364,0.2857142857142857
2441700,0.23333333333333334,0.35294117647058826,0.5,0.6818181818181818,0.2857142857142857
2442000,0.21666666666666667,0.35294117647058826,0.4,0.6818181818181818,0.3
2442300,0.16666666666666666,0.29411764705882354,0.35,0.5909090909090909,0.3
2442600,0.23333333333333334,0.20588235294117646,0.4,0.5454545454545454,0.3
2442900,0.18333333333333332,0.23529411764705882,0.35,0.5454545454545454,0.3
2443200,0.18333333333333332,0.23529411764705882,0.45,0.5454545454545454,0.3
2443500,0.3,0.2647058823529412,0.45,0.5909090909090909,0.3
2443800,0.26666666666666666,0.29411764705882354,0.45,0.5454545454545454,0.3142857142857143
2444100,0.25,0.23529411764705882,0.4,0.5454545454545454,0.32857142857142857
2444400,0.3,0.058823529411764705,0.65,0.6818181818181818,0.32857142857142857
2444700,0.26666666666666666,0.14705882352941177,0.6,0.6818181818181818,0.37142857142857144
2445000,0.26666666666666666,0.3235294117647059,0.55,0.6363636363636364,0.38571428571428573
2445300,0.25,0.3235294117647059,0.6,0.5909090909090909,0.4
2445600,0.3,0.2647058823529412,0.65,0.5454545454545454,0.44285714285714284
2445900,0.35,0.29411764705882354,0.65,0.45454545454545453,0.45714285714285713
2446200,0.3333333333333333,0.3235294117647059,0.65,0.5,0.45714285714285713
2446500,0.4,0.4411764705882353,0.7,0.45454545454545453,0.5
2446800,0.4,0.3235294117647059,0.75,0.4090909090909091,0.5428571428571428
2447100,0.45,0.38235294117647056,0.85,0.3181818181818182,0.5857142857142857
2447400,0.45,0.4411764705882353,0.8,0.22727272727272727,0.5857142857142857
2447700,0.5,0.4117647058823529,0.9,0.2727272727272727,0.5857142857142857
2448000,0.4666666666666667,0.4117647058823529,0.9,0.36363636363636365,0.5857142857142857
2448300,0.5,0.5294117647058824,0.85,0.2727272727272727,0.6285714285714286
2448600,0.55,0.5588235294117647,0.9,0.2727272727272727,0.6571428571428571
2448900,0.6,0.6470588235294118,0.95,0.22727272727272727,0.6857142857142857
2449200,0.6,0.6764705882352942,0.95,0.2727272727272727,0.7
2449500,0.65,0.7058823529411765,0.9,0.2727272727272727,0.7142857142857143
2449800,0.7166666666666667,0.7352941176470589,0.8,0.2727272727272727,0.7285714285714285
2450100,0.7166666666666667,0.7941176470588235,0.9,0.36363636363636365,0.7285714285714285
2450400,0.7666666666666667,0.8235294117647058,0.9,0.3181818181818182,0.7428571428571429
2450700,0.7666666666666667,0.8235294117647058,0.85,0.36363636363636365,0.7571428571428571
2451000,0.7833333333333333,0.8529411764705882,0.7,0.22727272727272727,0.7714285714285715
2451300,0.8,0.9117647058823529,0.7,0.4090909090909091,0.7714285714285715
2451600,0.8166666666666667,0.9117647058823529,0.8,0.45454545454545453,0.8142857142857143
2451900,0.8333333333333334,0.9411764705882353,0.85,0.45454545454545453,0.8
2452200,0.8333333333333334,0.9117647058823529,0.75,0.4090909090909091,0.8142857142857143
2452500,0.8333333333333334,0.9117647058823529,0.75,0.5,0.8285714285714286
2452800,0.85,0.9411764705882353,0.85,0.45454545454545453,0.8428571428571429
2453100,0.8166666666666667,0.9411764705882353,0.85,0.45454545454545453,0.8428571428571429
2453400,0.8166666666666667,0.9411764705882353,0.85,0.45454545454545453,0.8428571428571429
2453700,0.8333333333333334,0.9411764705882353,0.75,0.5,0.8428571428571429
2454000,0.8333333333333334,0.9705882352941176,0.95,0.5454545454545454,0.8285714285714286
2454300,0.8333333333333334,0.9411764705882353,0.95,0.5909090909090909,0.8285714285714286
2454600,0.85,0.9411764705882353,0.95,0.6363636363636364,0.8285714285714286
2454900,0.85,0.9411764705882353,0.95,0.6818181818181818,0.8285714285714286
2455200,0.8666666666666667,0.9411764705882353,0.95,0.7272727272727273,0.8285714285714286
2455500,0.9,0.9411764705882353,0.9,0.7727272727272727,0.8285714285714286
2455800,0.0,0.0,0.85,0.0,0.0
2456100,0.9333333333333333,0.9411764705882353,0.85,0.8181818181818182,0.8428571428571429
2456400,0.9333333333333333,0.9705882352941176,0.85,0.8636363636363636,0.8571428571428571
2456700,0.9333333333333333,0.9411764705882353,0.85,0.8636363636363636,0.8571428571428571
2457000,0.9333333333333333,0.9705882352941176,0.9,0.9090909090909091,0.8714285714285714
2457300,0.95,0.9411764705882353,0.85,0.8181818181818182,0.8714285714285714
2457600,0.9333333333333333,0.9411764705882353,0.85,0.8181818181818182,0.8857142857142857
2457900,0.9166666666666666,0.9411764705882353,0.8,0.8181818181818182,0.9
2458200,0.9333333333333333,0.9411764705882353,0.8,0.8181818181818182,0.8857142857142857
2458500,0.9166666666666666,0.9117647058823529,0.9,0.8181818181818182,0.8857142857142857
2458800,0.9333333333333333,0.9117647058823529,0.9,0.8636363636363636,0.8714285714285714
2459100,0.9333333333333333,0.9117647058823529,0.85,0.8636363636363636,0.8571428571428571
2459400,0.9333333333333333,0.9411764705882353,0.85,0.8636363636363636,0.8571428571428571
2459700,0.9333333333333333,0.9411764705882353,0.9,0.8636363636363636,0.8571428571428571
2460000,0.9333333333333333,0.9705882352941176,0.85,0.8636363636363636,0.8571428571428571
2460300,0.95,0.9705882352941176,0.9,0.8181818181818182,0.8285714285714286
2460600,0.95,0.9705882352941176,0.8,0.8181818181818182,0.8285714285714286
2460900,0.95,1.0,0.95,0.8181818181818182,0.8285714285714286
2461200,0.95,1.0,0.9,0.7727272727272727,0.8142857142857143
2461500,0.9333333333333333,1.0,0.9,0.7727272727272727,0.8285714285714286
2461800,0.9333333333333333,1.0,1.0,0.6363636363636364,0.8142857142857143
2462100,0.9166666666666666,0.9705882352941176,0.95,0.6363636363636364,0.8
2462400,0.8166666666666667,0.9705882352941176,0.9,0.5,0.7857142857142857
2462700,0.7666666666666667,0.9411764705882353,0.85,0.36363636363636365,0.7857142857142857
2463000,0.0,0.8529411764705882,0.65,0.3181818181818182,0.0
2463300,0.7166666666666667,0.8235294117647058,0.55,0.3181818181818182,0.7571428571428571
2463600,0.7166666666666667,0.7941176470588235,0.55,0.2727272727272727,0.7571428571428571
2463900,0.7166666666666667,0.7058823529411765,0.5,0.18181818181818182,0.7285714285714285
2464200,0.6,0.7058823529411765,0.55,0.22727272727272727,0.6857142857142857
2464500,0.6,0.6176470588235294,0.4,0.2727272727272727,0.6857142857142857
2464800,0.65,0.5882352941176471,0.35,0.22727272727272727,0.6857142857142857
2465100,0.65,0.5882352941176471,0.35,0.18181818181818182,0.7
2465400,0.6666666666666666,0.5882352941176471,0.5,0.13636363636363635,0.6571428571428571
2465700,0.7,0.5882352941176471,0.5,0.13636363636363635,0.6428571428571429
2466000,0.7166666666666667,0.6176470588235294,0.5,0.18181818181818182,0.6428571428571429
2466300,0.7,0.5,0.5,0.18181818181818182,0.6285714285714286
2466600,0.7333333333333333,0.4117647058823529,0.55,0.09090909090909091,0.6428571428571429
2466900,0.65,0.4411764705882353,0.45,0.2727272727272727,0.6428571428571429
2467200,0.6666666666666666,0.4411764705882353,0.65,0.3181818181818182,0.6571428571428571
2467500,0.6666666666666666,0.4117647058823529,0.75,0.18181818181818182,0.6571428571428571
2467800,0.6666666666666666,0.4117647058823529,0.7,0.18181818181818182,0.6714285714285714
2468100,0.7166666666666667,0.47058823529411764,0.75,0.22727272727272727,0.6857142857142857
2468400,0.7333333333333333,0.5882352941176471,0.6,0.4090909090909091,0.7285714285714285
2468700,0.7333333333333333,0.6176470588235294,0.6,0.45454545454545453,0.7285714285714285
2469000,0.8,0.6470588235294118,0.6,0.5,0.7428571428571429
2469300,0.8166666666666667,0.6764705882352942,0.65,0.5454545454545454,0.7571428571428571
2469600,0.8666666666666667,0.7352941176470589,0.75,0.5909090909090909,0.7714285714285715
2469900,0.8666666666666667,0.7941176470588235,0.65,0.5909090909090909,0.7714285714285715
2470200,0.8666666666666667,0.8529411764705882,0.75,0.6818181818181818,0.7714285714285715
2470500,0.9,0.8235294117647058,0.7,0.6818181818181818,0.7714285714285715
2470800,0.8833333333333333,0.8235294117647058,0.7,0.6818181818181818,0.7857142857142857
2471100,0.9,0.8235294117647058,0.7,0.6818181818181818,0.7857142857142857
2471400,0.8166666666666667,0.8529411764705882,0.8,0.7272727272727273,0.8
2471700,0.8666666666666667,0.8529411764705882,0.85,0.7727272727272727,0.8
2472000,0.9,0.8529411764705882,0.85,0.8181818181818182,0.8142857142857143
2472300,0.9166666666666666,0.8235294117647058,0.75,0.8636363636363636,0.7857142857142857
2472600,0.9333333333333333,0.8235294117647058,0.75,0.8636363636363636,0.7857142857142857
2472900,0.9833333333333333,0.7941176470588235,0.8,0.8636363636363636,0.7857142857142857
2473200,0.9833333333333333,0.7941176470588235,0.75,0.8636363636363636,0.7714285714285715
2473500,0.9666666666666667,0.7941176470588235,0.75,0.8636363636363636,0.7857142857142857
2473800,0.9666666666666667,0.7941176470588235,0.75,0.8636363636363636,0.7714285714285715
2474100,0.9666666666666667,0.8529411764705882,0.85,0.8636363636363636,0.7857142857142857
2474400,0.9666666666666667,0.8529411764705882,0.9,0.8636363636363636,0.7857142857142857
2474700,0.9666666666666667,0.8529411764705882,0.95,0.8636363636363636,0.8
2475000,0.9666666666666667,0.8823529411764706,0.95,0.9090909090909091,0.8142857142857143
2475300,0.95,0.8823529411764706,0.85,0.8636363636363636,0.8142857142857143
2475600,0.95,0.8823529411764706,0.85,0.8636363636363636,0.8142857142857143
2475900,0.95,0.8823529411764706,0.85,0.8636363636363636,0.8142857142857143
2476200,0.95,0.8823529411764706,0.85,0.8636363636363636,0.8142857142857143
2476500,0.95,0.8529411764705882,0.85,0.8181818181818182,0.8285714285714286
2476800,0.9333333333333333,0.8529411764705882,0.8,0.8181818181818182,0.8142857142857143
2477100,0.9333333333333333,0.8823529411764706,0.8,0.8181818181818182,0.8
2477400,0.9333333333333333,0.8823529411764706,0.8,0.8181818181818182,0.8
2477700,0.9333333333333333,0.8529411764705882,0.7,0.7727272727272727,0.8142857142857143
2478000,0.9166666666666666,0.8529411764705882,0.7,0.7727272727272727,0.8285714285714286
2478300,0.9166666666666666,0.8823529411764706,0.6,0.8181818181818182,0.8428571428571429
2478600,0.9166666666666666,0.9411764705882353,0.6,0.8181818181818182,0.8428571428571429
2478900,0.9,0.9411764705882353,0.65,0.8181818181818182,0.8571428571428571
2479200,0.8833333333333333,0.9411764705882353,0.65,0.7727272727272727,0.8571428571428571
2479500,0.8833333333333333,0.9411764705882353,0.65,0.7727272727272727,0.8571428571428571
2479800,0.8666666666666667,0.9411764705882353,0.65,0.7727272727272727,0.8571428571428571
2480100,0.85,0.9411764705882353,0.7,0.7727272727272727,0.8714285714285714
2480400,0.8166666666666667,0.9705882352941176,0.7,0.7272727272727273,0.8714285714285714
2480700,0.7833333333333333,0.9705882352941176,0.8,0.7272727272727273,0.8428571428571429
2481000,0.8166666666666667,0.9705882352941176,0.9,0.7727272727272727,0.8428571428571429
2481300,0.8166666666666667,0.9411764705882353,0.85,0.7727272727272727,0.8428571428571429
2481600,0.8,0.9411764705882353,0.8,0.7727272727272727,0.8571428571428571
2481900,0.8,0.9411764705882353,0.8,0.8181818181818182,0.8571428571428571
2482200,0.8,0.9411764705882353,0.75,0.8181818181818182,0.8571428571428571
2482500,0.7833333333333333,0.9411764705882353,0.7,0.7727272727272727,0.8571428571428571
2482800,0.8,0.9411764705882353,0.7,0.6818181818181818,0.8142857142857143
2483100,0.8,0.9411764705882353,0.7,0.6363636363636364,0.8142857142857143
2483400,0.7833333333333333,0.9411764705882353,0.65,0.6363636363636364,0.8285714285714286
2483700,0.85,0.9117647058823529,0.75,0.6818181818181818,0.8142857142857143
2484000,0.8833333333333333,0.9117647058823529,0.8,0.6363636363636364,0.8142857142857143
2484300,0.8333333333333334,0.8823529411764706,0.85,0.5909090909090909,0.8142857142857143
2484600,0.0,0.0,0.8,0.5,0.0
2484900,0.8833333333333333,0.8529411764705882,0.8,0.5,0.8142857142857143
2485200,0.8833333333333333,0.8529411764705882,0.9,0.5454545454545454,0.8142857142857143
2485500,0.8833333333333333,0.8235294117647058,0.85,0.5,0.8
2485800,0.8833333333333333,0.8529411764705882,0.85,0.5454545454545454,0.8142857142857143
2486100,0.9,0.8529411764705882,0.7,0.5454545454545454,0.8142857142857143
2486400,0.8833333333333333,0.7941176470588235,0.8,0.45454545454545453,0.8
2486700,0.8833333333333333,0.7647058823529411,0.8,0.5,0.7857142857142857
2487000,0.9166666666666666,0.7647058823529411,0.8,0.45454545454545453,0.7571428571428571
2487300,0.9333333333333333,0.7941176470588235,0.9,0.5454545454545454,0.7285714285714285
2487600,0.9,0.7941176470588235,0.9,0.5454545454545454,0.7428571428571429
2487900,0.8833333333333333,0.7647058823529411,0.8,0.6818181818181818,0.7142857142857143
2488200,0.8833333333333333,0.7647058823529411,0.85,0.5909090909090909,0.7142857142857143
2488500,0.8,0.7647058823529411,0.85,0.5,0.7
2488800,0.7833333333333333,0.7647058823529411,0.8,0.45454545454545453,0.7
2489100,0.7833333333333333,0.7058823529411765,0.8,0.45454545454545453,0.7
2489400,0.8166666666666667,0.6764705882352942,0.7,0.5,0.7
2489700,0.8,0.6470588235294118,0.7,0.5,0.7
2490000,0.8,0.6764705882352942,0.65,0.5909090909090909,0.6857142857142857
2490300,0.8,0.6176470588235294,0.55,0.5909090909090909,0.6857142857142857
2490600,0.8333333333333334,0.6176470588235294,0.55,0.5454545454545454,0.7
2490900,0.8166666666666667,0.5588235294117647,0.75,0.5454545454545454,0.6857142857142857
2491200,0.8,0.6176470588235294,0.55,0.4090909090909091,0.7
2491500,0.7833333333333333,0.5882352941176471,0.5,0.5,0.6857142857142857
2491800,0.7833333333333333,0.5882352941176471,0.6,0.5454545454545454,0.6571428571428571
2492100,0.8,0.6176470588235294,0.6,0.5454545454545454,0.6571428571428571
2492400,0.7333333333333333,0.6764705882352942,0.55,0.5454545454545454,0.6571428571428571
2492700,0.75,0.6764705882352942,0.55,0.6818181818181818,0.6428571428571429
2493000,0.6833333333333333,0.7058823529411765,0.7,0.7272727272727273,0.6571428571428571
2493300,0.7166666666666667,0.6764705882352942,0.7,0.7272727272727273,0.6571428571428571
2493600,0.7333333333333333,0.6470588235294118,0.75,0.5909090909090909,0.6428571428571429
2493900,0.7666666666666667,0.6470588235294118,0.75,0.5454545454545454,0.6714285714285714
2494200,0.7333333333333333,0.6176470588235294,0.7,0.5,0.6571428571428571
2494500,0.7166666666666667,0.6470588235294118,0.75,0.4090909090909091,0.6571428571428571
2494800,0.7166666666666667,0.5882352941176471,0.65,0.36363636363636365,0.6571428571428571
2495100,0.7666666666666667,0.5294117647058824,0.7,0.4090909090909091,0.7142857142857143
2495400,0.7666666666666667,0.5294117647058824,0.75,0.36363636363636365,0.7142857142857143
2495700,0.75,0.5588235294117647,0.75,0.36363636363636365,0.7
2496000,0.8166666666666667,0.5294117647058824,0.8,0.45454545454545453,0.6857142857142857
2496300,0.8,0.5588235294117647,0.8,0.5454545454545454,0.6857142857142857
2496600,0.8166666666666667,0.5882352941176471,0.8,0.45454545454545453,0.6714285714285714
2496900,0.8166666666666667,0.6176470588235294,0.8,0.5,0.6857142857142857
2497200,0.8,0.6176470588235294,0.8,0.5454545454545454,0.7142857142857143
2497500,0.8,0.5882352941176471,0.8,0.36363636363636365,0.7285714285714285
2497800,0.8166666666666667,0.5882352941176471,0.75,0.36363636363636365,0.7428571428571429
2498100,0.8,0.6176470588235294,0.8,0.4090909090909091,0.7285714285714285
2498400,0.7833333333333333,0.6176470588235294,0.85,0.36363636363636365,0.7714285714285715
2498700,0.8,0.6470588235294118,0.9,0.2727272727272727,0.7714285714285715
2499000,0.0,0.0,0.8,0.2727272727272727,0.0
2499300,0.8,0.5882352941176471,0.8,0.2727272727272727,0.7571428571428571
2499600,0.8,0.5588235294117647,0.8,0.2727272727272727,0.7428571428571429
2499900,0.75,0.5294117647058824,0.7,0.36363636363636365,0.7142857142857143
2500200,0.7833333333333333,0.5882352941176471,0.7,0.36363636363636365,0.7
2500500,0.8,0.5294117647058824,0.65,0.2727272727272727,0.6857142857142857
2500800,0.8166666666666667,0.5882352941176471,0.65,0.3181818181818182,0.7
2501100,0.8666666666666667,0.5882352941176471,0.6,0.45454545454545453,0.7
2501400,0.8666666666666667,0.5882352941176471,0.65,0.45454545454545453,0.7
2501700,0.8666666666666667,0.5588235294117647,0.65,0.5,0.7
2502000,0.8666666666666667,0.5,0.65,0.5,0.6857142857142857
2502300,0.8166666666666667,0.5294117647058824,0.75,0.45454545454545453,0.6714285714285714
2502600,0.8166666666666667,0.5882352941176471,0.7,0.5,0.6714285714285714
2502900,0.75,0.5882352941176471,0.7,0.4090909090909091,0.6428571428571429
2503200,0.7333333333333333,0.5882352941176471,0.65,0.4090909090909091,0.6142857142857143
2503500,0.75,0.5294117647058824,0.8,0.5,0.6142857142857143
2503800,0.75,0.5588235294117647,0.8,0.5,0.6142857142857143
2504100,0.7333333333333333,0.5,0.75,0.5454545454545454,0.6
2504400,0.6833333333333333,0.5294117647058824,0.8,0.5909090909090909,0.5857142857142857
2504700,0.6666666666666666,0.5294117647058824,0.7,0.5454545454545454,0.5714285714285714
2505000,0.6333333333333333,0.5,0.7,0.5454545454545454,0.5571428571428572
2505300,0.5833333333333334,0.5294117647058824,0.75,0.6363636363636364,0.5571428571428572
