timestamp,80458,89451,86229,43989,72022
0,0.5,0.5517241379310345,0.36666666666666664,0.5625,0.35
300,0.25,0.4827586206896552,0.03333333333333333,0.40625,0.35
600,0.2,0.5172413793103449,0.06666666666666667,0.28125,0.25
900,0.25,0.4482758620689655,0.1,0.21875,0.15
1200,0.2,0.41379310344827586,0.1,0.1875,0.15
1500,0.35,0.41379310344827586,0.03333333333333333,0.03125,0.05
1800,0.35,0.27586206896551724,0.06666666666666667,0.0,0.05
2100,0.35,0.20689655172413793,0.06666666666666667,0.0625,0.05
2400,0.2,0.3103448275862069,0.06666666666666667,0.03125,0.15
2700,0.15,0.27586206896551724,0.06666666666666667,0.0625,0.15
3000,0.2,0.2413793103448276,0.1,0.0,0.05
3300,0.2,0.2413793103448276,0.1,0.0,0.15
3600,0.15,0.2413793103448276,0.16666666666666666,0.09375,0.25
3900,0.25,0.3793103448275862,0.1,0.03125,0.3
4200,0.35,0.4482758620689655,0.16666666666666666,0.21875,0.15
4500,0.35,0.4827586206896552,0.2,0.125,0.15
4800,0.35,0.4827586206896552,0.26666666666666666,0.125,0.15
5100,0.45,0.41379310344827586,0.2,0.15625,0.15
5400,0.4,0.41379310344827586,0.23333333333333334,0.15625,0.2
5700,0.4,0.4482758620689655,0.3,0.0625,0.1
6000,0.4,0.41379310344827586,0.4,0.03125,0.05
6300,0.45,0.41379310344827586,0.36666666666666664,0.0,0.05
6600,0.4,0.3793103448275862,0.4,0.125,0.05
6900,0.4,0.41379310344827586,0.43333333333333335,0.0625,0.15
7200,0.4,0.41379310344827586,0.36666666666666664,0.15625,0.05
7500,0.4,0.41379310344827586,0.4666666666666667,0.125,0.15
7800,0.45,0.4827586206896552,0.36666666666666664,0.09375,0.1
8100,0.3,0.4827586206896552,0.36666666666666664,0.09375,0.05
8400,0.25,0.5862068965517241,0.4,0.1875,0.05
8700,0.2,0.6206896551724138,0.43333333333333335,0.09375,0.1
9000,0.2,0.6551724137931034,0.4,0.0625,0.15
9300,0.2,0.6551724137931034,0.3333333333333333,0.09375,0.4
9600,0.0,0.6206896551724138,0.26666666666666666,0.0625,0.3
9900,0.0,0.6206896551724138,0.16666666666666666,0.0625,0.3
10200,0.0,0.6551724137931034,0.06666666666666667,0.09375,0.2
10500,0.0,0.6551724137931034,0.0,0.0,0.0
10800,0.1,0.5862068965517241,0.1,0.09375,0.15
11100,0.1,0.5862068965517241,0.13333333333333333,0.0625,0.2
11400,0.0,0.5172413793103449,0.13333333333333333,0.03125,0.2
11700,0.0,0.5172413793103449,0.1,0.125,0.2
12000,0.0,0.5517241379310345,0.13333333333333333,0.15625,0.15
12300,0.05,0.6206896551724138,0.13333333333333333,0.15625,0.1
12600,0.0,0.6896551724137931,0.13333333333333333,0.15625,0.15
12900,0.05,0.6551724137931034,0.13333333333333333,0.09375,0.2
13200,0.2,0.6896551724137931,0.16666666666666666,0.0625,0.3
13500,0.15,0.6551724137931034,0.16666666666666666,0.03125,0.25
13800,0.2,0.6551724137931034,0.23333333333333334,0.0625,0.25
14100,0.25,0.6551724137931034,0.2,0.03125,0.35
14400,0.3,0.6551724137931034,0.2,0.0625,0.35
14700,0.25,0.6551724137931034,0.23333333333333334,0.15625,0.3
15000,0.2,0.6206896551724138,0.2,0.28125,0.25
15300,0.2,0.6551724137931034,0.26666666666666666,0.25,0.25
15600,0.15,0.6551724137931034,0.26666666666666666,0.25,0.2
15900,0.1,0.6206896551724138,0.26666666666666666,0.375,0.15
16200,0.1,0.5517241379310345,0.3,0.53125,0.05
16500,0.05,0.6206896551724138,0.3,0.5,0.1
16800,0.05,0.6206896551724138,0.4,0.5,0.2
17100,0.05,0.6206896551724138,0.36666666666666664,0.5625,0.1
17400,0.1,0.6551724137931034,0.5,0.5625,0.05
17700,0.2,0.7241379310344828,0.0,0.0,0.0
18000,0.15,0.8620689655172413,0.4666666666666667,0.5625,0.1
18300,0.15,0.8620689655172413,0.43333333333333335,0.53125,0.05
18600,0.1,0.8620689655172413,0.43333333333333335,0.5625,0.2
18900,0.25,0.8275862068965517,0.43333333333333335,0.5,0.35
19200,0.25,0.7931034482758621,0.36666666666666664,0.53125,0.1
19500,0.25,0.7241379310344828,0.3333333333333333,0.4375,0.15
19800,0.15,0.6896551724137931,0.3,0.40625,0.1
20100,0.15,0.6551724137931034,0.23333333333333334,0.375,0.15
20400,0.15,0.6206896551724138,0.2,0.28125,0.2
20700,0.15,0.6206896551724138,0.13333333333333333,0.34375,0.15
21000,0.15,0.6551724137931034,0.1,0.21875,0.15
21300,0.05,0.6551724137931034,0.06666666666666667,0.21875,0.1
21600,0.1,0.6206896551724138,0.1,0.125,0.05
21900,0.15,0.5862068965517241,0.1,0.125,0.05
22200,0.2,0.5862068965517241,0.1,0.25,0.05
22500,0.1,0.5862068965517241,0.1,0.09375,0.1
22800,0.1,0.5862068965517241,0.1,0.125,0.05
23100,0.1,0.5517241379310345,0.06666666666666667,0.125,0.15
23400,0.0,0.4827586206896552,0.1,0.09375,0.25
23700,0.05,0.5172413793103449,0.16666666666666666,0.09375,0.15
24000,0.1,0.5172413793103449,0.2,0.09375,0.0
24300,0.05,0.5172413793103449,0.13333333333333333,0.03125,0.0
24600,0.05,0.5517241379310345,0.23333333333333334,0.09375,0.1
24900,0.05,0.6206896551724138,0.0,0.0,0.0
25200,0.1,0.6206896551724138,0.26666666666666666,0.15625,0.05
25500,0.35,0.6896551724137931,0.26666666666666666,0.1875,0.05
25800,0.25,0.7241379310344828,0.23333333333333334,0.1875,0.15
26100,0.2,0.7586206896551724,0.2,0.21875,0.15
26400,0.15,0.7931034482758621,0.16666666666666666,0.1875,0.2
26700,0.25,0.7586206896551724,0.26666666666666666,0.25,0.3
27000,0.35,0.7586206896551724,0.3,0.15625,0.35
27300,0.15,0.7586206896551724,0.3333333333333333,0.125,0.4
27600,0.15,0.7586206896551724,0.4,0.1875,0.4
27900,0.15,0.7586206896551724,0.4666666666666667,0.25,0.4
28200,0.15,0.7931034482758621,0.3,0.375,0.6
28500,0.1,0.7586206896551724,0.36666666666666664,0.4375,0.65
28800,0.1,0.7586206896551724,0.5,0.53125,0.7
29100,0.15,0.7931034482758621,0.5666666666666667,0.59375,0.8
29400,0.15,0.896551724137931,0.7666666666666667,0.59375,0.85
29700,0.3,0.9310344827586207,0.7666666666666667,0.6875,0.85
30000,0.3,0.9310344827586207,0.6666666666666666,0.6875,0.9
30300,0.5,0.9310344827586207,0.7,0.75,1.0
30600,0.45,0.9655172413793104,0.6666666666666666,0.75,1.0
30900,0.45,0.9655172413793104,0.7666666666666667,0.71875,0.9
31200,0.45,0.9655172413793104,0.8333333333333334,0.6875,0.9
31500,0.5,0.9655172413793104,0.8,0.59375,0.9
31800,0.45,0.9655172413793104,0.8,0.625,0.9
32100,0.55,0.9655172413793104,0.8,0.65625,0.9
32400,0.6,1.0,0.7666666666666667,0.6875,0.9
32700,0.6,1.0,0.6666666666666666,0.71875,0.85
33000,0.7,1.0,0.6333333333333333,0.71875,0.9
33300,0.75,1.0,0.6333333333333333,0.6875,0.9
33600,0.75,1.0,0.6333333333333333,0.6875,0.85
33900,0.8,1.0,0.6,0.65625,0.85
34200,0.8,1.0,0.6333333333333333,0.59375,0.85
34500,0.75,0.9655172413793104,0.6333333333333333,0.625,0.85
34800,0.85,0.9655172413793104,0.6333333333333333,0.65625,0.8
35100,0.85,0.9310344827586207,0.5,0.65625,0.9
35400,0.85,0.9310344827586207,0.5,0.65625,0.8
35700,0.85,0.9310344827586207,0.5,0.65625,0.85
36000,0.8,0.9310344827586207,0.4666666666666667,0.65625,0.85
36300,0.8,0.9310344827586207,0.5,0.75,0.85
36600,0.8,0.9310344827586207,0.5333333333333333,0.71875,0.8
36900,0.8,0.896551724137931,0.5666666666666667,0.78125,0.8
37200,0.75,0.896551724137931,0.5666666666666667,0.78125,0.8
37500,0.75,0.896551724137931,0.5333333333333333,0.875,0.75
37800,0.8,0.896551724137931,0.5666666666666667,0.90625,0.75
38100,0.8,0.9310344827586207,0.6333333333333333,0.90625,0.75
38400,0.8,0.9310344827586207,0.7,0.9375,0.8
38700,0.75,0.9310344827586207,0.7,0.9375,0.8
39000,0.0,0.9655172413793104,0.8333333333333334,0.90625,0.9
39300,0.75,0.9655172413793104,0.8,0.90625,0.9
39600,0.8,0.9655172413793104,0.0,0.0,0.0
39900,0.75,0.9655172413793104,0.7333333333333333,0.90625,0.8
40200,0.75,0.9655172413793104,0.8,0.875,0.75
40500,0.8,0.9310344827586207,0.7666666666666667,0.875,0.75
40800,0.8,0.9310344827586207,0.8,0.875,0.75
41100,0.8,0.9310344827586207,0.8,0.84375,0.75
41400,0.75,0.9310344827586207,0.8,0.875,0.75
41700,0.75,0.9310344827586207,0.7333333333333333,0.875,0.85
42000,0.75,0.9655172413793104,0.7666666666666667,0.90625,0.85
42300,0.7,0.9655172413793104,0.7666666666666667,0.9375,0.9
42600,0.6,0.9655172413793104,0.6333333333333333,0.90625,0.85
42900,0.55,0.896551724137931,0.5,0.875,0.9
43200,0.35,0.8275862068965517,0.4666666666666667,0.75,0.85
43500,0.2,0.7931034482758621,0.26666666666666666,0.65625,0.75
43800,0.15,0.7586206896551724,0.1,0.53125,0.65
44100,0.05,0.7931034482758621,0.1,0.46875,0.45
44400,0.15,0.7241379310344828,0.06666666666666667,0.4375,0.35
44700,0.1,0.7241379310344828,0.06666666666666667,0.40625,0.25
45000,0.05,0.7241379310344828,0.03333333333333333,0.40625,0.05
45300,0.1,0.7241379310344828,0.13333333333333333,0.28125,0.1
45600,0.1,0.7241379310344828,0.23333333333333334,0.28125,0.05
45900,0.1,0.7931034482758621,0.2,0.28125,0.0
46200,0.1,0.7586206896551724,0.2,0.21875,0.05
46500,0.15,0.8620689655172413,0.16666666666666666,0.21875,0.15
46800,0.0,0.8620689655172413,0.0,0.0,0.0
47100,0.1,0.8620689655172413,0.16666666666666666,0.25,0.2
47400,0.05,0.8620689655172413,0.1,0.28125,0.25
47700,0.05,0.8620689655172413,0.06666666666666667,0.25,0.15
48000,0.15,0.896551724137931,0.23333333333333334,0.1875,0.1
48300,0.3,0.8620689655172413,0.26666666666666666,0.28125,0.25
48600,0.25,0.9310344827586207,0.3,0.28125,0.15
48900,0.2,0.9310344827586207,0.3,0.375,0.2
49200,0.15,0.9310344827586207,0.3,0.3125,0.3
49500,0.25,0.9310344827586207,0.36666666666666664,0.34375,0.25
49800,0.3,0.896551724137931,0.4,0.3125,0.1
50100,0.35,0.896551724137931,0.5,0.40625,0.15
50400,0.35,0.9310344827586207,0.5333333333333333,0.4375,0.25
50700,0.4,0.9310344827586207,0.43333333333333335,0.625,0.15
51000,0.6,0.9655172413793104,0.43333333333333335,0.65625,0.35
51300,0.75,0.9310344827586207,0.4666666666666667,0.6875,0.25
51600,0.75,0.9310344827586207,0.5666666666666667,0.75,0.4
51900,0.8,0.896551724137931,0.6,0.90625,0.55
52200,0.8,0.896551724137931,0.6333333333333333,0.96875,0.55
52500,0.8,0.896551724137931,0.6333333333333333,0.9375,0.65
52800,0.9,0.896551724137931,0.7666666666666667,0.9375,0.65
53100,0.9,0.9655172413793104,0.8666666666666667,0.90625,0.75
53400,0.9,0.9655172413793104,0.8,0.90625,0.75
53700,0.9,0.9655172413793104,0.8333333333333334,0.90625,0.65
54000,0.9,1.0,0.9,0.875,0.65
54300,0.95,1.0,0.8666666666666667,0.875,0.65
54600,0.9,0.9655172413793104,0.8666666666666667,0.875,0.55
54900,0.9,0.9655172413793104,0.8333333333333334,0.9375,0.7
55200,0.9,0.9310344827586207,0.8,0.90625,0.7
55500,0.9,0.9655172413793104,0.8,0.90625,0.7
55800,0.9,0.9655172413793104,0.8333333333333334,0.90625,0.7
56100,0.8,0.9655172413793104,0.8,0.90625,0.75
56400,0.7,0.9655172413793104,0.7666666666666667,0.875,0.75
56700,0.7,0.9655172413793104,0.7333333333333333,0.875,0.7
57000,0.65,0.9655172413793104,0.7,0.90625,0.7
57300,0.7,0.9310344827586207,0.7333333333333333,0.90625,0.7
57600,0.75,0.9310344827586207,0.6666666666666666,0.90625,0.7
57900,0.7,0.9655172413793104,0.7,0.90625,0.8
58200,0.7,0.9655172413793104,0.7333333333333333,0.90625,0.85
58500,0.75,0.9655172413793104,0.7666666666666667,0.875,0.9
58800,0.8,1.0,0.7666666666666667,0.9375,0.9
59100,0.75,1.0,0.7333333333333333,0.9375,0.85
59400,0.75,0.9655172413793104,0.6666666666666666,0.90625,0.9
59700,0.65,1.0,0.7333333333333333,0.90625,0.85
60000,0.7,1.0,0.7666666666666667,0.90625,0.8
60300,0.7,0.9655172413793104,0.7333333333333333,0.90625,0.65
60600,0.0,0.9655172413793104,0.7666666666666667,0.90625,0.75
60900,0.6,0.9655172413793104,0.7666666666666667,0.90625,0.85
61200,0.6,0.9655172413793104,0.7666666666666667,0.90625,0.9
61500,0.7,1.0,0.0,0.0,0.0
61800,0.7,1.0,0.6333333333333333,0.9375,0.95
62100,0.75,1.0,0.6333333333333333,0.90625,0.95
62400,0.75,1.0,0.6,0.90625,0.9
62700,0.75,0.9655172413793104,0.5666666666666667,0.90625,0.85
63000,0.7,0.9310344827586207,0.5333333333333333,0.84375,0.8
63300,0.75,0.9310344827586207,0.5333333333333333,0.8125,0.8
63600,0.55,0.896551724137931,0.5666666666666667,0.78125,0.85
63900,0.65,0.896551724137931,0.5666666666666667,0.8125,0.85
64200,0.55,0.9310344827586207,0.5,0.84375,0.85
64500,0.5,0.9310344827586207,0.6333333333333333,0.78125,0.85
64800,0.5,0.9310344827586207,0.7333333333333333,0.78125,0.85
65100,0.5,0.9310344827586207,0.7333333333333333,0.78125,0.8
65400,0.55,0.9310344827586207,0.7666666666666667,0.78125,0.8
65700,0.55,1.0,0.8,0.78125,0.8
66000,0.55,1.0,0.8333333333333334,0.8125,0.7
66300,0.55,1.0,0.8333333333333334,0.875,0.75
66600,0.55,1.0,0.8333333333333334,0.90625,0.8
66900,0.55,1.0,0.8666666666666667,0.90625,0.8
67200,0.55,1.0,0.9,0.90625,0.85
67500,0.6,1.0,0.8666666666666667,0.90625,0.85
67800,0.0,1.0,0.8,0.875,0.85
68100,0.55,1.0,0.7666666666666667,0.84375,0.85
68400,0.45,1.0,0.8,0.90625,0.9
68700,0.4,1.0,0.7,0.9375,0.85
69000,0.4,1.0,0.5666666666666667,0.9375,0.85
69300,0.3,1.0,0.5,0.84375,0.85
69600,0.45,1.0,0.5,0.8125,0.9
69900,0.45,0.9655172413793104,0.4666666666666667,0.78125,0.95
70200,0.45,0.9655172413793104,0.4,0.75,0.95
70500,0.4,0.9655172413793104,0.43333333333333335,0.6875,0.8
70800,0.35,0.9655172413793104,0.4,0.6875,0.8
71100,0.3,0.9310344827586207,0.3,0.65625,0.85
71400,0.2,0.896551724137931,0.36666666666666664,0.65625,0.7
71700,0.25,0.896551724137931,0.4,0.6875,0.6
72000,0.3,0.9655172413793104,0.3333333333333333,0.59375,0.5
72300,0.25,0.9655172413793104,0.3333333333333333,0.5625,0.45
72600,0.25,0.9655172413793104,0.4666666666666667,0.5,0.45
72900,0.2,0.9655172413793104,0.5,0.40625,0.3
73200,0.25,1.0,0.5333333333333333,0.5,0.2
73500,0.35,1.0,0.5333333333333333,0.375,0.2
73800,0.3,0.9655172413793104,0.5,0.375,0.15
74100,0.2,0.9655172413793104,0.5,0.34375,0.1
74400,0.25,0.9310344827586207,0.36666666666666664,0.4375,0.2
74700,0.35,0.896551724137931,0.36666666666666664,0.34375,0.1
75000,0.2,0.896551724137931,0.3333333333333333,0.34375,0.25
75300,0.25,0.896551724137931,0.26666666666666666,0.3125,0.25
75600,0.25,0.896551724137931,0.3,0.375,0.45
75900,0.2,0.896551724137931,0.36666666666666664,0.34375,0.55
76200,0.15,0.9310344827586207,0.3333333333333333,0.4375,0.65
76500,0.1,0.896551724137931,0.43333333333333335,0.4375,0.7
76800,0.05,0.896551724137931,0.5333333333333333,0.46875,0.8
77100,0.1,0.896551724137931,0.6333333333333333,0.53125,0.7
77400,0.15,0.896551724137931,0.6,0.5625,0.65
77700,0.1,0.9310344827586207,0.6333333333333333,0.5625,0.65
78000,0.25,0.9310344827586207,0.7333333333333333,0.6875,0.75
78300,0.4,0.9310344827586207,0.7666666666666667,0.6875,0.75
78600,0.35,0.8620689655172413,0.7666666666666667,0.75,0.75
78900,0.4,0.8620689655172413,0.8,0.75,0.75
79200,0.5,0.8620689655172413,0.7666666666666667,0.78125,0.7
79500,0.5,0.8275862068965517,0.7666666666666667,0.8125,0.7
79800,0.65,0.8275862068965517,0.8,0.78125,0.85
80100,0.65,0.8275862068965517,0.8333333333333334,0.84375,0.7
80400,0.7,0.7586206896551724,0.8333333333333334,0.8125,0.8
80700,0.75,0.8275862068965517,0.8666666666666667,0.78125,0.65
81000,0.75,0.8275862068965517,0.8,0.78125,0.7
81300,0.8,0.8275862068965517,0.7666666666666667,0.875,0.8
81600,0.85,0.8275862068965517,0.7666666666666667,0.90625,0.75
81900,0.85,0.8275862068965517,0.7666666666666667,0.875,0.7
82200,0.85,0.896551724137931,0.7333333333333333,0.84375,0.7
82500,0.9,0.896551724137931,0.7,0.84375,0.7
82800,0.85,0.896551724137931,0.7,0.75,0.55
83100,0.8,0.896551724137931,0.7333333333333333,0.71875,0.55
83400,0.75,0.8620689655172413,0.0,0.0,0.0
83700,0.75,0.8275862068965517,0.7333333333333333,0.625,0.55
84000,0.75,0.8620689655172413,0.7666666666666667,0.6875,0.65
84300,0.65,0.8620689655172413,0.8,0.5625,0.7
84600,0.7,0.7931034482758621,0.8,0.625,0.65
84900,0.8,0.7931034482758621,0.8333333333333334,0.53125,0.75
85200,0.8,0.7931034482758621,0.8,0.5,0.8
85500,0.8,0.7241379310344828,0.7333333333333333,0.5625,0.75
85800,0.8,0.6896551724137931,0.7333333333333333,0.53125,0.65
86100,0.85,0.6551724137931034,0.7666666666666667,0.53125,0.65
86400,0.85,0.6551724137931034,0.5666666666666667,0.40625,0.55
86700,0.85,0.6206896551724138,0.5,0.21875,0.4
87000,0.75,0.5517241379310345,0.4666666666666667,0.0625,0.15
87300,0.65,0.4827586206896552,0.3333333333333333,0.03125,0.15
87600,0.55,0.5172413793103449,0.2,0.03125,0.15
87900,0.4,0.5517241379310345,0.16666666666666666,0.0,0.15
88200,0.3,0.4827586206896552,0.1,0.09375,0.1
88500,0.25,0.4482758620689655,0.13333333333333333,0.0,0.2
88800,0.25,0.4827586206896552,0.03333333333333333,0.0,0.15
89100,0.2,0.3793103448275862,0.06666666666666667,0.0,0.15
89400,0.05,0.3793103448275862,0.06666666666666667,0.03125,0.05
89700,0.0,0.3448275862068966,0.03333333333333333,0.03125,0.1
90000,0.1,0.3793103448275862,0.06666666666666667,0.09375,0.15
90300,0.1,0.4482758620689655,0.03333333333333333,0.125,0.15
90600,0.15,0.41379310344827586,0.0,0.125,0.25
90900,0.15,0.41379310344827586,0.06666666666666667,0.09375,0.15
91200,0.05,0.27586206896551724,0.13333333333333333,0.0625,0.25
91500,0.05,0.2413793103448276,0.03333333333333333,0.0625,0.35
91800,0.1,0.2413793103448276,0.1,0.0625,0.2
92100,0.2,0.3103448275862069,0.0,0.03125,0.05
92400,0.3,0.27586206896551724,0.03333333333333333,0.03125,0.1
92700,0.45,0.27586206896551724,0.06666666666666667,0.09375,0.2
93000,0.4,0.3103448275862069,0.03333333333333333,0.125,0.15
93300,0.45,0.2413793103448276,0.03333333333333333,0.125,0.1
93600,0.4,0.27586206896551724,0.1,0.0625,0.15
93900,0.5,0.27586206896551724,0.06666666666666667,0.0625,0.1
94200,0.45,0.3448275862068966,0.0,0.0,0.15
94500,0.35,0.3103448275862069,0.03333333333333333,0.09375,0.1
94800,0.3,0.27586206896551724,0.1,0.21875,0.25
95100,0.25,0.3103448275862069,0.13333333333333333,0.15625,0.25
95400,0.25,0.3448275862068966,0.0,0.21875,0.25
95700,0.25,0.27586206896551724,0.06666666666666667,0.21875,0.2
96000,0.25,0.27586206896551724,0.13333333333333333,0.25,0.15
96300,0.25,0.3448275862068966,0.1,0.28125,0.1
96600,0.35,0.3103448275862069,0.1,0.21875,0.2
96900,0.35,0.3103448275862069,0.13333333333333333,0.125,0.2
97200,0.35,0.3448275862068966,0.23333333333333334,0.125,0.15
97500,0.35,0.41379310344827586,0.3,0.09375,0.1
97800,0.25,0.41379310344827586,0.26666666666666666,0.125,0.0
98100,0.15,0.5172413793103449,0.0,0.0,0.0
98400,0.1,0.5862068965517241,0.23333333333333334,0.1875,0.15
98700,0.2,0.5172413793103449,0.23333333333333334,0.125,0.1
99000,0.25,0.5862068965517241,0.3,0.15625,0.1
99300,0.3,0.6206896551724138,0.3333333333333333,0.15625,0.05
99600,0.2,0.4827586206896552,0.4,0.25,0.05
99900,0.15,0.5172413793103449,0.26666666666666666,0.25,0.1
100200,0.25,0.5517241379310345,0.3333333333333333,0.1875,0.05
100500,0.25,0.5517241379310345,0.26666666666666666,0.21875,0.1
100800,0.25,0.6206896551724138,0.43333333333333335,0.28125,0.15
101100,0.15,0.6206896551724138,0.4,0.28125,0.25
101400,0.2,0.6551724137931034,0.4,0.375,0.1
101700,0.25,0.6551724137931034,0.36666666666666664,0.3125,0.1
102000,0.15,0.6551724137931034,0.36666666666666664,0.28125,0.0
102300,0.2,0.6896551724137931,0.3333333333333333,0.21875,0.15
102600,0.2,0.6896551724137931,0.26666666666666666,0.25,0.05
102900,0.25,0.7241379310344828,0.3333333333333333,0.28125,0.1
103200,0.25,0.7241379310344828,0.3,0.375,0.15
103500,0.35,0.7241379310344828,0.23333333333333334,0.375,0.1
103800,0.35,0.7241379310344828,0.23333333333333334,0.34375,0.05
104100,0.2,0.7586206896551724,0.23333333333333334,0.46875,0.1
104400,0.2,0.7586206896551724,0.16666666666666666,0.40625,0.1
104700,0.15,0.7931034482758621,0.13333333333333333,0.5,0.2
105000,0.25,0.7241379310344828,0.26666666666666666,0.53125,0.15
105300,0.15,0.6896551724137931,0.0,0.0,0.0
105600,0.1,0.6551724137931034,0.26666666666666666,0.59375,0.1
105900,0.05,0.6551724137931034,0.2,0.5,0.0
106200,0.0,0.6551724137931034,0.4,0.4375,0.15
106500,0.05,0.6206896551724138,0.3333333333333333,0.40625,0.0
106800,0.0,0.6206896551724138,0.3,0.375,0.05
107100,0.05,0.6551724137931034,0.26666666666666666,0.25,0.0
107400,0.05,0.6551724137931034,0.3333333333333333,0.1875,0.05
107700,0.1,0.6896551724137931,0.36666666666666664,0.1875,0.05
108000,0.15,0.7241379310344828,0.3,0.25,0.15
108300,0.15,0.7241379310344828,0.2,0.21875,0.2
108600,0.05,0.7586206896551724,0.2,0.21875,0.15
108900,0.05,0.6896551724137931,0.13333333333333333,0.28125,0.15
109200,0.1,0.6896551724137931,0.1,0.25,0.2
109500,0.1,0.6206896551724138,0.23333333333333334,0.28125,0.25
109800,0.15,0.6206896551724138,0.16666666666666666,0.34375,0.25
110100,0.2,0.6206896551724138,0.2,0.34375,0.3
110400,0.3,0.6551724137931034,0.16666666666666666,0.21875,0.25
110700,0.25,0.6896551724137931,0.3333333333333333,0.15625,0.15
111000,0.25,0.6551724137931034,0.2,0.1875,0.2
111300,0.2,0.6551724137931034,0.2,0.09375,0.3
111600,0.35,0.6896551724137931,0.23333333333333334,0.0625,0.15
111900,0.4,0.6551724137931034,0.26666666666666666,0.0625,0.15
112200,0.3,0.6896551724137931,0.36666666666666664,0.0625,0.25
112500,0.3,0.6551724137931034,0.0,0.0,0.0
112800,0.3,0.6896551724137931,0.3,0.0625,0.35
113100,0.25,0.6206896551724138,0.16666666666666666,0.09375,0.3
113400,0.25,0.6206896551724138,0.2,0.03125,0.35
113700,0.35,0.6206896551724138,0.3,0.0625,0.25
114000,0.25,0.6551724137931034,0.36666666666666664,0.1875,0.25
114300,0.2,0.6551724137931034,0.3,0.25,0.25
114600,0.05,0.6896551724137931,0.26666666666666666,0.28125,0.35
114900,0.0,0.6551724137931034,0.26666666666666666,0.375,0.35
115200,0.0,0.7241379310344828,0.2,0.46875,0.4
115500,0.0,0.7586206896551724,0.43333333333333335,0.46875,0.4
115800,0.05,0.7931034482758621,0.43333333333333335,0.53125,0.5
116100,0.1,0.8275862068965517,0.5,0.71875,0.55
116400,0.05,0.8275862068965517,0.6666666666666666,0.6875,0.5
116700,0.1,0.9310344827586207,0.6666666666666666,0.6875,0.5
117000,0.15,0.8620689655172413,0.7,0.78125,0.6
117300,0.1,0.8620689655172413,0.8333333333333334,0.8125,0.6
117600,0.3,0.896551724137931,0.8333333333333334,0.75,0.6
117900,0.35,0.896551724137931,0.8,0.8125,0.7
118200,0.3,0.896551724137931,0.8333333333333334,0.78125,0.7
118500,0.35,0.8620689655172413,0.9,0.78125,0.7
118800,0.35,0.8620689655172413,0.9,0.75,0.75
119100,0.4,0.8620689655172413,0.9333333333333333,0.8125,0.75
119400,0.5,0.8620689655172413,0.9333333333333333,0.78125,0.8
119700,0.5,0.8620689655172413,0.9,0.84375,0.8
120000,0.65,0.8620689655172413,0.9,0.84375,0.8
120300,0.7,0.8620689655172413,0.8666666666666667,0.84375,0.8
120600,0.55,0.896551724137931,0.9333333333333333,0.875,0.75
120900,0.6,0.896551724137931,0.8666666666666667,0.875,0.75
121200,0.65,0.9310344827586207,0.8666666666666667,0.90625,0.75
121500,0.7,0.9310344827586207,0.8666666666666667,0.90625,0.8
121800,0.65,0.9310344827586207,0.8666666666666667,0.90625,0.75
122100,0.65,0.9310344827586207,0.8666666666666667,0.8125,0.75
122400,0.65,0.9310344827586207,0.8333333333333334,0.8125,0.75
122700,0.65,0.9310344827586207,0.7666666666666667,0.8125,0.8
123000,0.65,0.9310344827586207,0.8,0.8125,0.85
123300,0.65,0.9310344827586207,0.7666666666666667,0.84375,0.95
123600,0.65,0.9310344827586207,0.7333333333333333,0.875,0.95
123900,0.65,0.9310344827586207,0.7333333333333333,0.875,0.95
124200,0.65,0.9310344827586207,0.7,0.875,0.95
124500,0.7,0.9310344827586207,0.7666666666666667,0.875,0.85
124800,0.65,0.9310344827586207,0.8,0.90625,0.85
125100,0.65,0.9310344827586207,0.7666666666666667,0.90625,0.85
125400,0.0,0.9310344827586207,0.8,0.9375,0.85
125700,0.65,0.9310344827586207,0.8333333333333334,1.0,0.85
126000,0.65,0.9310344827586207,0.8333333333333334,1.0,0.85
126300,0.75,0.9310344827586207,0.8333333333333334,1.0,0.85
126600,0.7,0.896551724137931,0.9,1.0,0.85
126900,0.6,0.896551724137931,0.8666666666666667,0.96875,0.85
127200,0.6,0.896551724137931,0.8666666666666667,0.96875,0.85
127500,0.55,0.896551724137931,0.8666666666666667,0.96875,0.9
127800,0.45,0.896551724137931,0.8,0.90625,0.9
128100,0.3,0.9310344827586207,0.8,0.90625,0.9
128400,0.35,0.896551724137931,0.8,0.90625,0.95
128700,0.4,0.896551724137931,0.8333333333333334,0.90625,0.9
129000,0.4,0.896551724137931,0.8666666666666667,0.875,0.85
129300,0.35,0.9310344827586207,0.9,0.78125,0.75
129600,0.2,0.9310344827586207,0.8666666666666667,0.78125,0.75
129900,0.35,0.9310344827586207,0.7666666666666667,0.59375,0.6
130200,0.4,0.8620689655172413,0.7,0.46875,0.65
130500,0.4,0.8620689655172413,0.6666666666666666,0.4375,0.65
130800,0.25,0.8620689655172413,0.5333333333333333,0.40625,0.5
131100,0.2,0.8620689655172413,0.36666666666666664,0.375,0.4
131400,0.15,0.8620689655172413,0.3,0.40625,0.25
131700,0.15,0.8620689655172413,0.2,0.28125,0.2
132000,0.15,0.7931034482758621,0.13333333333333333,0.25,0.1
132300,0.15,0.7931034482758621,0.13333333333333333,0.21875,0.0
132600,0.15,0.7586206896551724,0.16666666666666666,0.1875,0.05
132900,0.2,0.7586206896551724,0.26666666666666666,0.21875,0.1
133200,0.15,0.7931034482758621,0.26666666666666666,0.3125,0.15
133500,0.1,0.7931034482758621,0.3,0.25,0.15
133800,0.1,0.7586206896551724,0.3,0.25,0.2
134100,0.1,0.7241379310344828,0.3,0.1875,0.25
134400,0.1,0.7241379310344828,0.0,0.0,0.0
134700,0.25,0.7241379310344828,0.3,0.34375,0.4
135000,0.3,0.6551724137931034,0.4,0.34375,0.4
135300,0.4,0.6896551724137931,0.36666666666666664,0.4375,0.25
135600,0.45,0.7241379310344828,0.4666666666666667,0.46875,0.3
135900,0.45,0.7241379310344828,0.4666666666666667,0.4375,0.25
136200,0.45,0.7241379310344828,0.5,0.4375,0.25
136500,0.4,0.7586206896551724,0.5333333333333333,0.5625,0.15
136800,0.4,0.7241379310344828,0.5666666666666667,0.5625,0.25
137100,0.45,0.7241379310344828,0.7,0.5625,0.25
137400,0.5,0.6896551724137931,0.8,0.71875,0.4
137700,0.55,0.6896551724137931,0.8,0.71875,0.4
138000,0.65,0.6896551724137931,0.8333333333333334,0.78125,0.4
138300,0.7,0.6896551724137931,0.8,0.78125,0.5
138600,0.7,0.7586206896551724,0.7,0.84375,0.6
138900,0.65,0.7931034482758621,0.6666666666666666,0.84375,0.65
139200,0.55,0.7931034482758621,0.7,0.84375,0.65
139500,0.6,0.8275862068965517,0.7333333333333333,0.8125,0.65
139800,0.65,0.8620689655172413,0.7333333333333333,0.875,0.7
140100,0.65,0.8620689655172413,0.7333333333333333,0.84375,0.75
140400,0.65,0.8620689655172413,0.7666666666666667,0.84375,0.8
140700,0.75,0.9655172413793104,0.7666666666666667,0.9375,0.85
141000,0.65,0.9655172413793104,0.7333333333333333,0.9375,0.85
141300,0.55,0.9655172413793104,0.7,0.9375,0.85
141600,0.55,0.9655172413793104,0.7333333333333333,0.9375,0.9
141900,0.55,0.9655172413793104,0.7666666666666667,0.9375,0.9
142200,0.5,0.9655172413793104,0.7666666666666667,0.9375,0.8
142500,0.45,0.9655172413793104,0.7333333333333333,0.9375,0.8
142800,0.5,0.9655172413793104,0.8,0.96875,0.8
143100,0.45,0.9655172413793104,0.8,0.96875,0.8
143400,0.5,0.9310344827586207,0.8,0.96875,0.8
143700,0.45,0.9310344827586207,0.8,0.96875,0.8
144000,0.4,0.9310344827586207,0.8333333333333334,0.96875,0.85
144300,0.35,0.9310344827586207,0.8,0.96875,0.75
144600,0.3,0.896551724137931,0.8666666666666667,0.96875,0.75
144900,0.3,0.896551724137931,0.8666666666666667,0.96875,0.7
145200,0.25,0.896551724137931,0.8666666666666667,1.0,0.75
145500,0.3,0.896551724137931,0.9,1.0,0.75
145800,0.2,0.896551724137931,0.9,0.96875,0.75
146100,0.2,0.896551724137931,0.8666666666666667,0.96875,0.8
146400,0.2,0.9655172413793104,0.8,0.9375,0.75
146700,0.2,0.9655172413793104,0.8,0.9375,0.8
147000,0.25,0.9655172413793104,0.8333333333333334,0.9375,0.8
147300,0.35,0.9310344827586207,0.8333333333333334,0.90625,0.8
147600,0.4,0.9310344827586207,0.8666666666666667,0.90625,0.8
147900,0.35,0.9310344827586207,0.8666666666666667,0.875,0.75
148200,0.35,0.9310344827586207,0.8,0.875,0.75
148500,0.2,0.9310344827586207,0.8,0.875,0.8
148800,0.25,0.9310344827586207,0.8333333333333334,0.9375,0.75
149100,0.25,0.9310344827586207,0.0,0.0,0.0
149400,0.35,0.9310344827586207,0.9333333333333333,0.9375,0.7
149700,0.3,0.9310344827586207,0.9666666666666667,0.9375,0.65
150000,0.35,0.9310344827586207,0.9666666666666667,0.96875,0.65
150300,0.25,0.9310344827586207,0.9333333333333333,0.96875,0.7
150600,0.4,0.9310344827586207,0.9333333333333333,0.9375,0.65
150900,0.5,0.896551724137931,0.9333333333333333,0.9375,0.7
151200,0.45,0.896551724137931,0.9,0.9375,0.75
151500,0.45,0.896551724137931,0.9,0.90625,0.8
151800,0.4,0.9310344827586207,0.9,0.90625,0.9
152100,0.35,0.9310344827586207,0.9,0.9375,0.9
152400,0.4,0.9310344827586207,0.9,0.90625,0.9
152700,0.45,0.9310344827586207,0.9,0.90625,0.9
153000,0.5,0.9655172413793104,0.9666666666666667,0.90625,0.9
153300,0.5,0.9310344827586207,1.0,0.875,0.9
153600,0.55,0.9310344827586207,1.0,0.9375,0.95
153900,0.6,0.9310344827586207,1.0,0.9375,0.95
154200,0.6,0.9310344827586207,1.0,0.9375,0.95
154500,0.65,0.896551724137931,1.0,0.90625,0.95
154800,0.65,0.896551724137931,0.9666666666666667,0.9375,0.95
155100,0.7,0.8620689655172413,0.9,0.90625,1.0
155400,0.7,0.8620689655172413,0.7666666666666667,0.84375,0.95
155700,0.7,0.8620689655172413,0.7,0.78125,0.95
156000,0.7,0.896551724137931,0.6666666666666666,0.78125,0.7
156300,0.6,0.896551724137931,0.0,0.0,0.0
156600,0.6,0.8275862068965517,0.5333333333333333,0.5625,0.35
156900,0.45,0.7931034482758621,0.5333333333333333,0.625,0.25
157200,0.45,0.7931034482758621,0.5,0.59375,0.1
157500,0.45,0.7931034482758621,0.5,0.5625,0.15
157800,0.4,0.8275862068965517,0.5333333333333333,0.46875,0.1
158100,0.3,0.8620689655172413,0.6333333333333333,0.46875,0.15
158400,0.1,0.7931034482758621,0.7333333333333333,0.375,0.35
158700,0.05,0.7586206896551724,0.8333333333333334,0.3125,0.35
159000,0.1,0.7931034482758621,0.8666666666666667,0.4375,0.4
159300,0.05,0.7931034482758621,0.8666666666666667,0.46875,0.4
159600,0.25,0.8620689655172413,0.8333333333333334,0.34375,0.5
159900,0.2,0.8275862068965517,0.8,0.34375,0.55
160200,0.15,0.8275862068965517,0.7666666666666667,0.4375,0.6
160500,0.15,0.8620689655172413,0.7,0.4375,0.6
160800,0.15,0.8620689655172413,0.6333333333333333,0.46875,0.6
161100,0.15,0.896551724137931,0.6,0.375,0.55
161400,0.15,0.896551724137931,0.5333333333333333,0.375,0.55
161700,0.1,0.896551724137931,0.5333333333333333,0.375,0.7
162000,0.1,0.896551724137931,0.4666666666666667,0.40625,0.7
162300,0.15,0.896551724137931,0.4,0.4375,0.75
162600,0.1,0.896551724137931,0.43333333333333335,0.4375,0.75
162900,0.05,0.896551724137931,0.4,0.5,0.75
163200,0.15,0.896551724137931,0.43333333333333335,0.5625,0.75
163500,0.15,0.896551724137931,0.5,0.53125,0.75
163800,0.1,0.896551724137931,0.0,0.0,0.0
164100,0.2,0.896551724137931,0.6333333333333333,0.5625,0.75
164400,0.25,0.896551724137931,0.7333333333333333,0.59375,0.85
164700,0.2,0.896551724137931,0.7333333333333333,0.59375,0.85
165000,0.2,0.9310344827586207,0.7666666666666667,0.59375,0.85
165300,0.2,0.896551724137931,0.8,0.59375,0.8
165600,0.2,0.896551724137931,0.8666666666666667,0.75,0.65
165900,0.25,0.896551724137931,0.8666666666666667,0.75,0.7
166200,0.4,0.8620689655172413,0.8333333333333334,0.78125,0.7
166500,0.4,0.8275862068965517,0.9333333333333333,0.8125,0.75
166800,0.4,0.8275862068965517,0.8333333333333334,0.75,0.75
167100,0.45,0.8275862068965517,0.8333333333333334,0.75,0.8
167400,0.45,0.8275862068965517,0.8333333333333334,0.71875,0.8
167700,0.45,0.896551724137931,0.8333333333333334,0.75,0.8
168000,0.55,0.896551724137931,0.8333333333333334,0.75,0.85
168300,0.6,0.8620689655172413,0.8666666666666667,0.78125,0.75
168600,0.0,0.8620689655172413,0.8333333333333334,0.78125,0.75
168900,0.6,0.8620689655172413,0.8333333333333334,0.75,0.75
169200,0.65,0.896551724137931,0.8666666666666667,0.75,0.8
169500,0.55,0.8275862068965517,0.8666666666666667,0.71875,0.8
169800,0.6,0.7931034482758621,0.8666666666666667,0.59375,0.7
170100,0.5,0.7931034482758621,0.8666666666666667,0.5625,0.7
170400,0.45,0.6896551724137931,0.8666666666666667,0.5,0.75
170700,0.45,0.5862068965517241,0.8666666666666667,0.5,0.75
171000,0.5,0.5517241379310345,0.8333333333333334,0.5625,0.75
171300,0.55,0.5172413793103449,0.8333333333333334,0.5625,0.85
171600,0.6,0.4827586206896552,0.8,0.625,0.85
171900,0.55,0.5862068965517241,0.8333333333333334,0.625,0.85
172200,0.55,0.6551724137931034,0.7,0.625,0.8
172500,0.55,0.6206896551724138,0.6333333333333333,0.53125,0.7
172800,0.55,0.6206896551724138,0.6,0.5625,0.65
173100,0.5,0.5862068965517241,0.36666666666666664,0.375,0.5
173400,0.4,0.41379310344827586,0.3333333333333333,0.21875,0.35
173700,0.45,0.3448275862068966,0.0,0.09375,0.25
174000,0.35,0.3793103448275862,0.0,0.0,0.25
174300,0.25,0.3793103448275862,0.03333333333333333,0.0,0.15
174600,0.2,0.3448275862068966,0.03333333333333333,0.03125,0.1
174900,0.2,0.3103448275862069,0.03333333333333333,0.0,0.05
175200,0.15,0.3103448275862069,0.0,0.03125,0.0
175500,0.2,0.1724137931034483,0.03333333333333333,0.03125,0.15
175800,0.1,0.2413793103448276,0.1,0.15625,0.1
176100,0.2,0.20689655172413793,0.1,0.03125,0.1
176400,0.25,0.2413793103448276,0.1,0.09375,0.05
176700,0.3,0.3103448275862069,0.1,0.09375,0.1
177000,0.35,0.2413793103448276,0.06666666666666667,0.125,0.2
177300,0.4,0.2413793103448276,0.2,0.09375,0.25
177600,0.4,0.2413793103448276,0.16666666666666666,0.125,0.15
177900,0.4,0.20689655172413793,0.2,0.125,0.2
178200,0.35,0.2413793103448276,0.0,0.0,0.0
178500,0.35,0.3103448275862069,0.23333333333333334,0.0,0.1
178800,0.35,0.3793103448275862,0.26666666666666666,0.125,0.15
179100,0.3,0.3793103448275862,0.23333333333333334,0.03125,0.1
179400,0.3,0.3793103448275862,0.23333333333333334,0.03125,0.1
179700,0.4,0.3448275862068966,0.26666666666666666,0.1875,0.15
180000,0.45,0.3793103448275862,0.3333333333333333,0.125,0.1
180300,0.45,0.3793103448275862,0.3333333333333333,0.125,0.1
180600,0.5,0.41379310344827586,0.26666666666666666,0.15625,0.3
180900,0.6,0.4827586206896552,0.23333333333333334,0.1875,0.2
181200,0.55,0.4827586206896552,0.16666666666666666,0.09375,0.15
181500,0.6,0.5172413793103449,0.26666666666666666,0.125,0.25
181800,0.55,0.5517241379310345,0.16666666666666666,0.125,0.2
182100,0.6,0.6206896551724138,0.23333333333333334,0.0625,0.15
182400,0.6,0.6896551724137931,0.26666666666666666,0.0625,0.05
182700,0.5,0.6551724137931034,0.3,0.03125,0.1
183000,0.55,0.6551724137931034,0.43333333333333335,0.09375,0.2
183300,0.0,0.6206896551724138,0.43333333333333335,0.0625,0.1
183600,0.45,0.6206896551724138,0.4666666666666667,0.0,0.2
183900,0.4,0.6551724137931034,0.6333333333333333,0.09375,0.15
184200,0.45,0.6896551724137931,0.6,0.09375,0.25
184500,0.45,0.6896551724137931,0.5666666666666667,0.1875,0.15
184800,0.45,0.6896551724137931,0.43333333333333335,0.15625,0.2
185100,0.45,0.7241379310344828,0.4,0.125,0.2
185400,0.5,0.7241379310344828,0.0,0.0,0.0
185700,0.45,0.6551724137931034,0.36666666666666664,0.09375,0.15
186000,0.4,0.5862068965517241,0.23333333333333334,0.09375,0.15
186300,0.4,0.6206896551724138,0.23333333333333334,0.21875,0.15
186600,0.3,0.6551724137931034,0.2,0.1875,0.15
186900,0.3,0.6206896551724138,0.2,0.15625,0.2
187200,0.3,0.6551724137931034,0.2,0.125,0.1
187500,0.25,0.6896551724137931,0.3,0.09375,0.1
187800,0.2,0.5862068965517241,0.3333333333333333,0.125,0.2
188100,0.2,0.5517241379310345,0.23333333333333334,0.1875,0.15
188400,0.4,0.5517241379310345,0.2,0.25,0.3
188700,0.3,0.5517241379310345,0.26666666666666666,0.375,0.15
189000,0.3,0.6896551724137931,0.3333333333333333,0.40625,0.05
189300,0.25,0.6896551724137931,0.43333333333333335,0.40625,0.15
189600,0.4,0.6551724137931034,0.4666666666666667,0.46875,0.1
189900,0.4,0.6206896551724138,0.43333333333333335,0.4375,0.2
190200,0.4,0.6206896551724138,0.43333333333333335,0.46875,0.15
190500,0.0,0.6206896551724138,0.4,0.40625,0.2
190800,0.4,0.5517241379310345,0.3333333333333333,0.4375,0.15
191100,0.35,0.5517241379310345,0.43333333333333335,0.5,0.05
191400,0.3,0.5517241379310345,0.4,0.46875,0.2
191700,0.35,0.4827586206896552,0.43333333333333335,0.53125,0.0
192000,0.35,0.4827586206896552,0.4,0.46875,0.05
192300,0.35,0.5172413793103449,0.3,0.4375,0.15
192600,0.4,0.5517241379310345,0.0,0.0,0.0
192900,0.25,0.5517241379310345,0.3333333333333333,0.3125,0.05
193200,0.2,0.5862068965517241,0.3333333333333333,0.25,0.0
193500,0.25,0.6206896551724138,0.26666666666666666,0.25,0.1
193800,0.3,0.7241379310344828,0.36666666666666664,0.28125,0.05
194100,0.3,0.6896551724137931,0.3,0.34375,0.0
194400,0.3,0.6551724137931034,0.26666666666666666,0.3125,0.05
194700,0.3,0.6206896551724138,0.3333333333333333,0.4375,0.0
195000,0.25,0.6206896551724138,0.3,0.46875,0.05
195300,0.3,0.5862068965517241,0.16666666666666666,0.46875,0.1
195600,0.3,0.5517241379310345,0.13333333333333333,0.4375,0.2
195900,0.25,0.6206896551724138,0.2,0.4375,0.1
196200,0.3,0.5172413793103449,0.16666666666666666,0.34375,0.2
196500,0.3,0.4827586206896552,0.23333333333333334,0.34375,0.2
196800,0.35,0.4827586206896552,0.16666666666666666,0.375,0.3
197100,0.4,0.4827586206896552,0.2,0.28125,0.1
197400,0.35,0.5517241379310345,0.2,0.125,0.15
197700,0.3,0.5172413793103449,0.16666666666666666,0.03125,0.05
198000,0.35,0.5517241379310345,0.16666666666666666,0.125,0.05
198300,0.35,0.5517241379310345,0.13333333333333333,0.09375,0.15
198600,0.25,0.6206896551724138,0.23333333333333334,0.0625,0.25
198900,0.2,0.6206896551724138,0.3333333333333333,0.03125,0.25
199200,0.2,0.6206896551724138,0.3333333333333333,0.0625,0.35
199500,0.4,0.6206896551724138,0.26666666666666666,0.15625,0.4
199800,0.5,0.6551724137931034,0.2,0.125,0.3
200100,0.45,0.6551724137931034,0.0,0.0,0.0
200400,0.3,0.6896551724137931,0.06666666666666667,0.125,0.35
200700,0.3,0.6896551724137931,0.06666666666666667,0.15625,0.3
201000,0.35,0.7586206896551724,0.06666666666666667,0.125,0.4
201300,0.35,0.7586206896551724,0.16666666666666666,0.21875,0.4
201600,0.3,0.7586206896551724,0.2,0.15625,0.35
201900,0.2,0.7586206896551724,0.2,0.28125,0.45
202200,0.2,0.7931034482758621,0.23333333333333334,0.28125,0.65
202500,0.35,0.8275862068965517,0.23333333333333334,0.3125,0.7
202800,0.45,0.8275862068965517,0.26666666666666666,0.5,0.75
203100,0.5,0.7931034482758621,0.5,0.5625,0.8
203400,0.55,0.7931034482758621,0.5666666666666667,0.5625,0.85
203700,0.55,0.7931034482758621,0.6,0.625,0.85
204000,0.65,0.8620689655172413,0.7,0.625,0.8
204300,0.7,0.8275862068965517,0.7333333333333333,0.78125,0.85
204600,0.7,0.8275862068965517,0.6666666666666666,0.78125,0.8
204900,0.6,0.8275862068965517,0.7333333333333333,0.78125,0.8
205200,0.7,0.8275862068965517,0.7333333333333333,0.78125,0.8
205500,0.75,0.7931034482758621,0.7666666666666667,0.75,0.8
205800,0.75,0.7931034482758621,0.7666666666666667,0.78125,0.7
206100,0.7,0.8620689655172413,0.8333333333333334,0.78125,0.6
206400,0.7,0.8275862068965517,0.7666666666666667,0.875,0.6
206700,0.7,0.8620689655172413,0.7666666666666667,0.875,0.6
207000,0.65,0.8275862068965517,0.7666666666666667,0.84375,0.65
207300,0.65,0.8275862068965517,0.0,0.0,0.0
207600,0.65,0.8275862068965517,0.8,0.8125,0.65
207900,0.7,0.8275862068965517,0.8,0.8125,0.75
208200,0.7,0.8275862068965517,0.8,0.8125,0.8
208500,0.65,0.8275862068965517,0.9,0.78125,0.8
208800,0.65,0.896551724137931,0.9,0.8125,0.8
209100,0.7,0.8275862068965517,0.9,0.875,0.85
209400,0.75,0.8275862068965517,0.9333333333333333,0.875,0.8
209700,0.7,0.7931034482758621,0.9666666666666667,0.875,0.8
210000,0.7,0.7931034482758621,1.0,0.84375,0.8
210300,0.65,0.7931034482758621,0.9333333333333333,0.84375,0.8
210600,0.75,0.7586206896551724,0.9,0.84375,0.85
210900,0.8,0.6896551724137931,0.9,0.84375,0.85
211200,0.8,0.7586206896551724,0.9,0.84375,0.9
211500,0.8,0.7241379310344828,0.8333333333333334,0.9375,0.9
211800,0.8,0.7586206896551724,0.8333333333333334,0.90625,0.9
212100,0.85,0.7586206896551724,0.8333333333333334,0.875,0.9
212400,0.8,0.7931034482758621,0.8333333333333334,0.90625,0.9
212700,0.8,0.7931034482758621,0.8666666666666667,0.90625,0.9
213000,0.8,0.8275862068965517,0.8666666666666667,0.90625,0.9
213300,0.85,0.8275862068965517,0.8666666666666667,0.90625,0.9
213600,0.8,0.8620689655172413,0.9,0.90625,0.85
213900,0.75,0.8620689655172413,0.9,0.90625,0.9
214200,0.8,0.8620689655172413,0.9666666666666667,0.90625,0.9
214500,0.7,0.8620689655172413,0.0,0.0,0.0
214800,0.7,0.8620689655172413,0.9333333333333333,0.9375,0.8
215100,0.7,0.8620689655172413,0.9333333333333333,0.90625,0.85
215400,0.75,0.8275862068965517,0.9,0.90625,0.85
215700,0.8,0.8275862068965517,0.8333333333333334,0.90625,0.8
216000,0.75,0.8275862068965517,0.8333333333333334,0.9375,0.7
216300,0.6,0.8275862068965517,0.8,0.875,0.75
216600,0.55,0.7586206896551724,0.7666666666666667,0.8125,0.7
216900,0.45,0.7586206896551724,0.7333333333333333,0.65625,0.6
217200,0.5,0.7586206896551724,0.7333333333333333,0.59375,0.65
217500,0.55,0.7586206896551724,0.7333333333333333,0.5625,0.55
217800,0.45,0.7586206896551724,0.7,0.46875,0.55
218100,0.5,0.7241379310344828,0.7,0.34375,0.5
218400,0.45,0.7241379310344828,0.7333333333333333,0.28125,0.4
218700,0.45,0.7241379310344828,0.7,0.15625,0.35
219000,0.45,0.7241379310344828,0.6666666666666666,0.15625,0.3
219300,0.35,0.6896551724137931,0.6,0.3125,0.2
219600,0.35,0.6551724137931034,0.5666666666666667,0.28125,0.2
219900,0.3,0.6896551724137931,0.5666666666666667,0.25,0.1
220200,0.25,0.6896551724137931,0.5666666666666667,0.25,0.25
220500,0.35,0.7241379310344828,0.5333333333333333,0.21875,0.25
220800,0.35,0.7241379310344828,0.5333333333333333,0.25,0.2
221100,0.35,0.6551724137931034,0.6333333333333333,0.3125,0.15
221400,0.35,0.6551724137931034,0.6,0.375,0.15
221700,0.3,0.6896551724137931,0.5,0.375,0.15
222000,0.3,0.6551724137931034,0.0,0.0,0.0
222300,0.3,0.6551724137931034,0.5666666666666667,0.46875,0.2
222600,0.35,0.6551724137931034,0.6333333333333333,0.53125,0.35
222900,0.3,0.6551724137931034,0.6666666666666666,0.5,0.25
223200,0.4,0.7586206896551724,0.7,0.5625,0.3
223500,0.4,0.7586206896551724,0.8,0.625,0.3
223800,0.4,0.7931034482758621,0.8666666666666667,0.65625,0.4
224100,0.4,0.7931034482758621,0.9333333333333333,0.71875,0.4
224400,0.45,0.7931034482758621,0.9333333333333333,0.75,0.4
224700,0.4,0.7931034482758621,0.9333333333333333,0.78125,0.4
225000,0.45,0.7931034482758621,0.9333333333333333,0.75,0.35
225300,0.4,0.7931034482758621,0.9,0.75,0.5
225600,0.35,0.8275862068965517,0.9,0.75,0.45
225900,0.45,0.8275862068965517,0.9,0.75,0.65
226200,0.55,0.8275862068965517,0.9,0.78125,0.7
226500,0.6,0.8620689655172413,0.8666666666666667,0.8125,0.7
226800,0.65,0.8620689655172413,0.8666666666666667,0.8125,0.7
227100,0.7,0.8620689655172413,0.9,0.84375,0.8
227400,0.7,0.8620689655172413,0.9,0.875,0.9
227700,0.65,0.8620689655172413,0.8666666666666667,0.90625,0.9
228000,0.6,0.896551724137931,0.8666666666666667,0.90625,0.9
228300,0.55,0.896551724137931,0.8666666666666667,0.90625,0.9
228600,0.5,0.896551724137931,0.8666666666666667,0.84375,0.95
228900,0.45,0.896551724137931,0.8333333333333334,0.84375,0.9
229200,0.4,0.896551724137931,0.0,0.0,0.0
229500,0.3,0.8620689655172413,0.8333333333333334,0.84375,0.85
229800,0.25,0.8620689655172413,0.8333333333333334,0.78125,0.8
230100,0.35,0.8620689655172413,0.8333333333333334,0.78125,0.8
230400,0.45,0.8620689655172413,0.8666666666666667,0.78125,0.8
230700,0.4,0.8620689655172413,0.8666666666666667,0.8125,0.75
231000,0.4,0.8620689655172413,0.8666666666666667,0.78125,0.75
231300,0.4,0.8620689655172413,0.8333333333333334,0.75,0.8
231600,0.45,0.8620689655172413,0.8666666666666667,0.75,0.8
231900,0.45,0.8275862068965517,0.8,0.75,0.85
232200,0.45,0.8620689655172413,0.7666666666666667,0.8125,0.8
232500,0.5,0.8620689655172413,0.7666666666666667,0.84375,0.8
232800,0.5,0.8620689655172413,0.8,0.875,0.8
233100,0.35,0.8620689655172413,0.8,0.90625,0.75
233400,0.35,0.8620689655172413,0.9,0.875,0.8
233700,0.2,0.8620689655172413,0.9,0.875,0.8
234000,0.2,0.8620689655172413,0.9,0.90625,0.8
234300,0.25,0.896551724137931,0.9333333333333333,0.9375,0.85
234600,0.25,0.896551724137931,0.9333333333333333,1.0,0.85
234900,0.35,0.896551724137931,0.9333333333333333,0.96875,0.85
235200,0.3,0.896551724137931,0.9333333333333333,0.90625,0.85
235500,0.4,0.896551724137931,0.9333333333333333,0.90625,0.85
235800,0.5,0.8275862068965517,0.9333333333333333,0.90625,0.9
236100,0.45,0.8275862068965517,0.9333333333333333,0.90625,0.85
236400,0.35,0.8275862068965517,0.9333333333333333,0.90625,0.85
236700,0.35,0.8275862068965517,0.9333333333333333,0.90625,0.85
237000,0.25,0.8275862068965517,0.9333333333333333,0.90625,0.8
237300,0.3,0.8275862068965517,0.9666666666666667,0.90625,0.8
237600,0.3,0.8275862068965517,1.0,0.90625,0.85
237900,0.25,0.8620689655172413,0.9666666666666667,0.90625,0.9
238200,0.25,0.8620689655172413,0.9666666666666667,0.90625,0.9
238500,0.3,0.8620689655172413,0.9666666666666667,0.875,0.9
238800,0.25,0.8275862068965517,1.0,0.90625,0.9
239100,0.3,0.8275862068965517,1.0,0.9375,0.9
239400,0.4,0.8620689655172413,1.0,0.90625,0.95
239700,0.4,0.8620689655172413,0.9666666666666667,0.90625,0.9
240000,0.4,0.8620689655172413,0.9,0.875,0.9
240300,0.5,0.8620689655172413,0.9,0.875,0.9
240600,0.5,0.8620689655172413,0.9,0.90625,0.9
240900,0.35,0.8620689655172413,0.9333333333333333,0.875,0.9
241200,0.3,0.8620689655172413,0.9666666666666667,0.8125,0.9
241500,0.35,0.8620689655172413,1.0,0.78125,0.75
241800,0.3,0.8620689655172413,0.9,0.6875,0.75
242100,0.25,0.8275862068965517,0.8666666666666667,0.5625,0.75
242400,0.4,0.8275862068965517,0.8666666666666667,0.625,0.8
242700,0.4,0.7931034482758621,0.8333333333333334,0.65625,0.7
243000,0.3,0.8275862068965517,0.7666666666666667,0.625,0.6
243300,0.05,0.7931034482758621,0.7,0.53125,0.65
243600,0.1,0.7586206896551724,0.5666666666666667,0.5,0.6
243900,0.1,0.7241379310344828,0.0,0.0,0.0
244200,0.05,0.7241379310344828,0.4666666666666667,0.40625,0.5
244500,0.1,0.7931034482758621,0.4,0.34375,0.4
244800,0.1,0.7586206896551724,0.43333333333333335,0.40625,0.35
245100,0.15,0.7586206896551724,0.5666666666666667,0.3125,0.45
245400,0.15,0.7241379310344828,0.5,0.375,0.35
245700,0.3,0.6551724137931034,0.4666666666666667,0.40625,0.35
246000,0.4,0.6206896551724138,0.5,0.375,0.3
246300,0.35,0.6551724137931034,0.5333333333333333,0.46875,0.5
246600,0.4,0.6896551724137931,0.5666666666666667,0.5625,0.55
246900,0.4,0.6896551724137931,0.6,0.5625,0.6
247200,0.35,0.6896551724137931,0.6333333333333333,0.5625,0.65
247500,0.4,0.7241379310344828,0.7,0.53125,0.6
247800,0.35,0.7241379310344828,0.7333333333333333,0.53125,0.6
248100,0.3,0.7931034482758621,0.8,0.5,0.35
248400,0.2,0.7931034482758621,0.7666666666666667,0.53125,0.4
248700,0.25,0.7586206896551724,0.7666666666666667,0.53125,0.45
249000,0.25,0.7931034482758621,0.7666666666666667,0.5625,0.45
249300,0.25,0.7586206896551724,0.7666666666666667,0.5,0.55
249600,0.25,0.8275862068965517,0.8,0.46875,0.6
249900,0.3,0.7586206896551724,0.7333333333333333,0.46875,0.6
250200,0.35,0.7931034482758621,0.7333333333333333,0.5,0.65
250500,0.3,0.7241379310344828,0.8,0.5625,0.7
250800,0.45,0.7586206896551724,0.8,0.5625,0.65
251100,0.4,0.7241379310344828,0.0,0.0,0.0
251400,0.35,0.7241379310344828,0.7666666666666667,0.5,0.75
251700,0.6,0.6896551724137931,0.8,0.46875,0.75
252000,0.5,0.6551724137931034,0.6666666666666666,0.53125,0.75
252300,0.6,0.6551724137931034,0.6333333333333333,0.5,0.7
252600,0.65,0.5862068965517241,0.6333333333333333,0.53125,0.65
252900,0.6,0.5517241379310345,0.6666666666666666,0.5625,0.8
253200,0.7,0.5862068965517241,0.7,0.5625,0.8
253500,0.7,0.6206896551724138,0.6666666666666666,0.5625,0.8
253800,0.75,0.5517241379310345,0.6333333333333333,0.53125,0.8
254100,0.65,0.5517241379310345,0.6666666666666666,0.5625,0.7
254400,0.65,0.5517241379310345,0.7333333333333333,0.59375,0.55
254700,0.55,0.6896551724137931,0.7,0.59375,0.5
255000,0.55,0.6551724137931034,0.7333333333333333,0.625,0.5
255300,0.5,0.6551724137931034,0.7333333333333333,0.6875,0.5
255600,0.45,0.6551724137931034,0.7666666666666667,0.71875,0.5
255900,0.45,0.6896551724137931,0.8333333333333334,0.625,0.65
256200,0.4,0.7586206896551724,0.8,0.5625,0.6
256500,0.4,0.7586206896551724,0.8333333333333334,0.625,0.45
256800,0.45,0.7241379310344828,0.8,0.625,0.45
257100,0.5,0.7586206896551724,0.8333333333333334,0.625,0.6
257400,0.5,0.7586206896551724,0.8666666666666667,0.5625,0.65
257700,0.45,0.7586206896551724,0.8,0.5,0.7
258000,0.4,0.7241379310344828,0.8333333333333334,0.4375,0.65
258300,0.45,0.7241379310344828,0.8666666666666667,0.4375,0.65
258600,0.35,0.7586206896551724,0.0,0.0,0.0
258900,0.45,0.7241379310344828,0.7,0.34375,0.5
259200,0.4,0.6896551724137931,0.6666666666666666,0.25,0.4
259500,0.45,0.5862068965517241,0.4,0.15625,0.25
259800,0.35,0.4482758620689655,0.2,0.15625,0.15
260100,0.35,0.4482758620689655,0.16666666666666666,0.0625,0.25
260400,0.4,0.3793103448275862,0.03333333333333333,0.09375,0.15
260700,0.4,0.27586206896551724,0.03333333333333333,0.09375,0.15
261000,0.35,0.13793103448275862,0.0,0.125,0.05
261300,0.45,0.10344827586206896,0.0,0.125,0.05
261600,0.45,0.06896551724137931,0.03333333333333333,0.125,0.0
261900,0.4,0.06896551724137931,0.06666666666666667,0.125,0.0
262200,0.4,0.06896551724137931,0.16666666666666666,0.09375,0.1
262500,0.3,0.06896551724137931,0.0,0.125,0.25
262800,0.25,0.06896551724137931,0.06666666666666667,0.125,0.15
263100,0.35,0.13793103448275862,0.13333333333333333,0.09375,0.15
263400,0.3,0.1724137931034483,0.0,0.0625,0.2
263700,0.35,0.27586206896551724,0.06666666666666667,0.0625,0.15
264000,0.5,0.3103448275862069,0.1,0.125,0.1
264300,0.5,0.3793103448275862,0.06666666666666667,0.0625,0.1
264600,0.45,0.3793103448275862,0.06666666666666667,0.09375,0.05
264900,0.5,0.3448275862068966,0.16666666666666666,0.09375,0.1
265200,0.5,0.4482758620689655,0.03333333333333333,0.09375,0.15
265500,0.45,0.41379310344827586,0.1,0.15625,0.15
265800,0.55,0.3793103448275862,0.0,0.0,0.0
266100,0.5,0.5172413793103449,0.1,0.125,0.15
266400,0.5,0.4827586206896552,0.13333333333333333,0.15625,0.15
266700,0.5,0.5172413793103449,0.1,0.03125,0.25
267000,0.5,0.4482758620689655,0.13333333333333333,0.125,0.15
267300,0.45,0.5172413793103449,0.16666666666666666,0.15625,0.15
267600,0.3,0.5172413793103449,0.2,0.0625,0.05
267900,0.35,0.5517241379310345,0.26666666666666666,0.09375,0.1
268200,0.35,0.5172413793103449,0.26666666666666666,0.125,0.05
268500,0.35,0.5517241379310345,0.3333333333333333,0.125,0.05
268800,0.4,0.6206896551724138,0.43333333333333335,0.09375,0.05
269100,0.4,0.5862068965517241,0.4666666666666667,0.15625,0.05
269400,0.55,0.6206896551724138,0.4,0.09375,0.1
269700,0.55,0.6206896551724138,0.4,0.125,0.15
270000,0.5,0.6206896551724138,0.4666666666666667,0.125,0.2
270300,0.5,0.5862068965517241,0.36666666666666664,0.125,0.15
270600,0.55,0.5172413793103449,0.3333333333333333,0.09375,0.1
270900,0.45,0.5172413793103449,0.36666666666666664,0.0625,0.25
271200,0.45,0.6206896551724138,0.3333333333333333,0.0625,0.15
271500,0.4,0.5862068965517241,0.36666666666666664,0.09375,0.2
271800,0.45,0.5862068965517241,0.3,0.0625,0.2
272100,0.4,0.6206896551724138,0.3333333333333333,0.125,0.1
272400,0.45,0.6206896551724138,0.2,0.09375,0.2
272700,0.45,0.6206896551724138,0.16666666666666666,0.0625,0.15
273000,0.5,0.6206896551724138,0.0,0.0,0.0
273300,0.45,0.6206896551724138,0.2,0.09375,0.45
273600,0.45,0.6551724137931034,0.16666666666666666,0.1875,0.45
273900,0.45,0.6896551724137931,0.13333333333333333,0.1875,0.45
274200,0.55,0.6551724137931034,0.23333333333333334,0.125,0.4
274500,0.55,0.6551724137931034,0.2,0.125,0.3
274800,0.55,0.6551724137931034,0.23333333333333334,0.125,0.5
275100,0.5,0.6896551724137931,0.26666666666666666,0.15625,0.5
275400,0.4,0.7241379310344828,0.36666666666666664,0.15625,0.45
275700,0.35,0.6896551724137931,0.3333333333333333,0.25,0.5
276000,0.3,0.6206896551724138,0.43333333333333335,0.21875,0.45
276300,0.2,0.6551724137931034,0.43333333333333335,0.15625,0.55
276600,0.2,0.6206896551724138,0.4,0.25,0.55
276900,0.2,0.6551724137931034,0.36666666666666664,0.21875,0.5
277200,0.2,0.6551724137931034,0.4666666666666667,0.21875,0.5
277500,0.1,0.6551724137931034,0.4,0.21875,0.45
277800,0.15,0.7241379310344828,0.5,0.25,0.45
278100,0.25,0.6896551724137931,0.5333333333333333,0.28125,0.45
278400,0.25,0.6896551724137931,0.43333333333333335,0.28125,0.3
278700,0.2,0.6551724137931034,0.4,0.3125,0.3
279000,0.2,0.5517241379310345,0.36666666666666664,0.15625,0.1
279300,0.2,0.5517241379310345,0.26666666666666666,0.15625,0.05
279600,0.2,0.4482758620689655,0.23333333333333334,0.125,0.0
279900,0.3,0.4482758620689655,0.3333333333333333,0.1875,0.0
280200,0.35,0.4827586206896552,0.3,0.125,0.05
280500,0.45,0.4482758620689655,0.13333333333333333,0.125,0.15
280800,0.45,0.4482758620689655,0.16666666666666666,0.09375,0.25
281100,0.4,0.5172413793103449,0.13333333333333333,0.0625,0.15
281400,0.4,0.5172413793103449,0.1,0.15625,0.1
281700,0.4,0.4827586206896552,0.06666666666666667,0.1875,0.15
282000,0.45,0.4482758620689655,0.06666666666666667,0.21875,0.3
282300,0.5,0.41379310344827586,0.1,0.0625,0.15
282600,0.45,0.3793103448275862,0.13333333333333333,0.1875,0.2
282900,0.45,0.41379310344827586,0.0,0.125,0.1
283200,0.5,0.4482758620689655,0.0,0.03125,0.05
283500,0.5,0.5862068965517241,0.06666666666666667,0.125,0.05
283800,0.4,0.5862068965517241,0.06666666666666667,0.15625,0.1
284100,0.3,0.5862068965517241,0.06666666666666667,0.09375,0.15
284400,0.25,0.6206896551724138,0.03333333333333333,0.09375,0.2
284700,0.15,0.7241379310344828,0.13333333333333333,0.09375,0.4
285000,0.2,0.6896551724137931,0.23333333333333334,0.15625,0.6
285300,0.35,0.6896551724137931,0.2,0.1875,0.7
285600,0.25,0.6551724137931034,0.2,0.3125,0.8
285900,0.35,0.5862068965517241,0.3,0.34375,0.8
286200,0.45,0.6206896551724138,0.3333333333333333,0.375,0.65
286500,0.5,0.6206896551724138,0.2,0.375,0.65
286800,0.5,0.6551724137931034,0.26666666666666666,0.40625,0.55
287100,0.55,0.6206896551724138,0.2,0.4375,0.6
287400,0.6,0.6206896551724138,0.2,0.53125,0.55
287700,0.6,0.6206896551724138,0.26666666666666666,0.5625,0.6
288000,0.65,0.6206896551724138,0.3333333333333333,0.59375,0.6
288300,0.65,0.7931034482758621,0.43333333333333335,0.71875,0.6
288600,0.6,0.7586206896551724,0.5333333333333333,0.8125,0.7
288900,0.6,0.7586206896551724,0.5333333333333333,0.8125,0.8
289200,0.65,0.8275862068965517,0.6,0.8125,0.85
289500,0.7,0.7931034482758621,0.6333333333333333,0.8125,0.9
289800,0.8,0.7586206896551724,0.7,0.71875,0.85
290100,0.7,0.7586206896551724,0.7666666666666667,0.75,0.9
290400,0.75,0.7586206896551724,0.8,0.78125,0.9
290700,0.75,0.7586206896551724,0.7666666666666667,0.78125,0.95
291000,0.75,0.7586206896551724,0.8333333333333334,0.75,0.95
291300,0.0,0.7586206896551724,0.8333333333333334,0.71875,0.95
291600,0.7,0.7586206896551724,0.8,0.6875,0.95
291900,0.75,0.7931034482758621,0.7666666666666667,0.65625,0.95
292200,0.8,0.7931034482758621,0.6666666666666666,0.71875,0.95
292500,0.8,0.7931034482758621,0.6,0.71875,0.85
292800,0.8,0.7931034482758621,0.6,0.6875,0.85
293100,0.8,0.7931034482758621,0.6333333333333333,0.75,0.8
293400,0.8,0.7931034482758621,0.5333333333333333,0.6875,0.8
293700,0.85,0.7586206896551724,0.5333333333333333,0.6875,0.7
294000,0.8,0.7586206896551724,0.5333333333333333,0.75,0.65
294300,0.85,0.7586206896551724,0.43333333333333335,0.8125,0.65
294600,0.8,0.7586206896551724,0.4,0.875,0.5
294900,0.8,0.8620689655172413,0.0,0.0,0.0
295200,0.8,0.8620689655172413,0.43333333333333335,0.8125,0.55
295500,0.75,0.8620689655172413,0.4666666666666667,0.8125,0.65
295800,0.75,0.8620689655172413,0.5666666666666667,0.78125,0.65
296100,0.7,0.8620689655172413,0.5666666666666667,0.78125,0.65
296400,0.7,0.896551724137931,0.5333333333333333,0.78125,0.65
296700,0.7,0.896551724137931,0.5666666666666667,0.8125,0.65
297000,0.65,0.896551724137931,0.6666666666666666,0.84375,0.85
297300,0.65,0.896551724137931,0.6,0.875,0.85
297600,0.55,0.896551724137931,0.6666666666666666,0.875,0.9
297900,0.55,0.896551724137931,0.7,0.875,0.75
298200,0.55,0.896551724137931,0.6333333333333333,0.875,0.8
298500,0.0,0.896551724137931,0.6,0.9375,0.75
298800,0.45,0.896551724137931,0.6,0.9375,0.75
299100,0.5,0.896551724137931,0.6,0.9375,0.75
299400,0.4,0.896551724137931,0.6,0.90625,0.7
299700,0.45,0.896551724137931,0.5333333333333333,0.875,0.55
300000,0.5,0.896551724137931,0.4666666666666667,0.875,0.6
300300,0.5,0.896551724137931,0.5333333333333333,0.875,0.6
300600,0.5,0.896551724137931,0.5666666666666667,0.84375,0.65
300900,0.6,0.896551724137931,0.5,0.875,0.6
301200,0.55,0.8620689655172413,0.5333333333333333,0.90625,0.65
301500,0.6,0.8620689655172413,0.6,0.875,0.7
301800,0.55,0.8620689655172413,0.6333333333333333,0.875,0.7
302100,0.55,0.896551724137931,0.0,0.0,0.0
302400,0.55,0.896551724137931,0.5,0.8125,0.45
302700,0.4,0.896551724137931,0.36666666666666664,0.78125,0.3
303000,0.2,0.8620689655172413,0.23333333333333334,0.625,0.3
303300,0.05,0.8620689655172413,0.13333333333333333,0.5625,0.15
303600,0.1,0.8275862068965517,0.03333333333333333,0.46875,0.05
303900,0.2,0.7931034482758621,0.1,0.40625,0.05
304200,0.2,0.7931034482758621,0.06666666666666667,0.21875,0.1
304500,0.1,0.7931034482758621,0.1,0.21875,0.05
304800,0.1,0.7586206896551724,0.0,0.15625,0.2
305100,0.15,0.7586206896551724,0.1,0.0625,0.1
305400,0.0,0.7241379310344828,0.03333333333333333,0.125,0.2
305700,0.0,0.7241379310344828,0.13333333333333333,0.125,0.35
306000,0.15,0.6896551724137931,0.06666666666666667,0.09375,0.3
306300,0.2,0.6896551724137931,0.16666666666666666,0.0625,0.25
306600,0.2,0.6896551724137931,0.13333333333333333,0.03125,0.25
306900,0.15,0.6551724137931034,0.06666666666666667,0.15625,0.2
307200,0.25,0.6896551724137931,0.16666666666666666,0.0625,0.25
307500,0.3,0.6896551724137931,0.13333333333333333,0.03125,0.3
307800,0.2,0.6896551724137931,0.06666666666666667,0.09375,0.5
308100,0.2,0.6551724137931034,0.13333333333333333,0.0625,0.55
308400,0.15,0.6206896551724138,0.23333333333333334,0.125,0.5
308700,0.2,0.5862068965517241,0.23333333333333334,0.15625,0.3
309000,0.3,0.5862068965517241,0.4,0.1875,0.3
309300,0.45,0.6896551724137931,0.5,0.21875,0.25
309600,0.55,0.7586206896551724,0.5,0.375,0.35
309900,0.55,0.7586206896551724,0.6,0.5,0.25
310200,0.65,0.8275862068965517,0.6666666666666666,0.53125,0.5
310500,0.7,0.8620689655172413,0.7666666666666667,0.59375,0.55
310800,0.6,0.8620689655172413,0.8333333333333334,0.625,0.6
311100,0.6,0.8620689655172413,0.8666666666666667,0.6875,0.7
311400,0.6,0.8620689655172413,0.8666666666666667,0.71875,0.75
311700,0.45,0.8620689655172413,0.8666666666666667,0.75,0.8
312000,0.5,0.8620689655172413,0.8666666666666667,0.78125,0.75
312300,0.5,0.896551724137931,0.9,0.71875,0.8
312600,0.4,0.8620689655172413,0.8666666666666667,0.71875,0.75
312900,0.4,0.8620689655172413,0.8,0.78125,0.8
313200,0.55,0.8620689655172413,0.8,0.8125,0.8
313500,0.5,0.8620689655172413,0.8666666666666667,0.78125,0.8
313800,0.55,0.8620689655172413,0.9,0.78125,0.9
314100,0.5,0.8620689655172413,0.9,0.71875,0.95
314400,0.5,0.8620689655172413,0.9666666666666667,0.78125,0.9
314700,0.45,0.8620689655172413,0.9666666666666667,0.78125,0.9
315000,0.4,0.8620689655172413,0.9,0.84375,0.9
315300,0.35,0.8620689655172413,0.9,0.84375,0.9
315600,0.35,0.8620689655172413,0.8333333333333334,0.84375,0.9
315900,0.4,0.8620689655172413,0.8,0.84375,0.9
316200,0.45,0.8620689655172413,0.7666666666666667,0.84375,0.9
316500,0.55,0.9310344827586207,0.7666666666666667,0.84375,0.95
316800,0.6,0.9310344827586207,0.0,0.0,0.0
317100,0.6,0.896551724137931,0.7666666666666667,0.875,0.9
317400,0.6,0.896551724137931,0.7333333333333333,0.84375,0.95
317700,0.55,0.8620689655172413,0.7666666666666667,0.84375,0.95
318000,0.6,0.8620689655172413,0.8,0.875,0.95
318300,0.55,0.8620689655172413,0.7666666666666667,0.875,0.95
318600,0.6,0.8620689655172413,0.8,0.90625,0.95
318900,0.55,0.8620689655172413,0.8666666666666667,0.90625,0.95
319200,0.45,0.9310344827586207,0.8333333333333334,0.9375,0.9
319500,0.45,0.9310344827586207,0.8333333333333334,0.90625,0.9
319800,0.45,0.9310344827586207,0.8,0.90625,0.85
320100,0.0,0.9310344827586207,0.7666666666666667,0.90625,0.85
320400,0.5,0.896551724137931,0.6666666666666666,0.90625,0.8
320700,0.55,0.896551724137931,0.6666666666666666,0.90625,0.85
321000,0.7,0.896551724137931,0.7,0.96875,0.8
321300,0.75,0.896551724137931,0.6666666666666666,0.96875,0.75
321600,0.7,0.9655172413793104,0.6666666666666666,0.96875,0.75
321900,0.7,0.9655172413793104,0.7,0.96875,0.75
322200,0.7,0.9310344827586207,0.7666666666666667,0.96875,0.8
322500,0.65,0.9310344827586207,0.7333333333333333,0.9375,0.75
322800,0.7,0.9655172413793104,0.7333333333333333,0.9375,0.75
323100,0.7,0.9655172413793104,0.7333333333333333,0.9375,0.7
323400,0.65,0.9655172413793104,0.7333333333333333,0.90625,0.65
323700,0.6,0.9655172413793104,0.7,0.90625,0.6
324000,0.55,0.9655172413793104,0.0,0.0,0.0
324300,0.45,0.9655172413793104,0.7333333333333333,0.9375,0.55
324600,0.5,0.9655172413793104,0.7,0.9375,0.55
324900,0.45,0.9655172413793104,0.7,0.9375,0.65
325200,0.45,0.9655172413793104,0.7333333333333333,0.90625,0.65
325500,0.45,0.9655172413793104,0.7333333333333333,0.90625,0.65
325800,0.5,0.9655172413793104,0.7666666666666667,0.875,0.65
326100,0.45,0.9655172413793104,0.7666666666666667,0.84375,0.65
326400,0.45,0.896551724137931,0.8333333333333334,0.84375,0.65
326700,0.5,0.896551724137931,0.8333333333333334,0.875,0.75
327000,0.45,0.896551724137931,0.8,0.875,0.85
327300,0.5,0.896551724137931,0.8,0.90625,0.8
327600,0.5,0.896551724137931,0.7,0.875,0.75
327900,0.4,0.896551724137931,0.6666666666666666,0.84375,0.7
328200,0.4,0.9310344827586207,0.5666666666666667,0.71875,0.65
328500,0.5,0.9310344827586207,0.5333333333333333,0.65625,0.6
328800,0.6,0.9310344827586207,0.4,0.625,0.6
329100,0.55,0.9310344827586207,0.3333333333333333,0.625,0.6
329400,0.5,0.9310344827586207,0.23333333333333334,0.59375,0.45
329700,0.5,0.9310344827586207,0.3,0.5625,0.5
330000,0.45,0.9310344827586207,0.16666666666666666,0.5625,0.45
330300,0.4,0.9310344827586207,0.13333333333333333,0.53125,0.35
330600,0.35,0.8620689655172413,0.23333333333333334,0.625,0.2
330900,0.25,0.8620689655172413,0.2,0.625,0.15
331200,0.25,0.7931034482758621,0.2,0.5625,0.1
331500,0.2,0.7931034482758621,0.0,0.0,0.0
331800,0.3,0.8275862068965517,0.2,0.5,0.2
332100,0.25,0.8275862068965517,0.23333333333333334,0.625,0.3
332400,0.3,0.7931034482758621,0.26666666666666666,0.65625,0.45
332700,0.3,0.8620689655172413,0.3,0.65625,0.45
333000,0.35,0.8620689655172413,0.3,0.65625,0.55
333300,0.3,0.8620689655172413,0.4,0.6875,0.5
333600,0.15,0.7931034482758621,0.4,0.6875,0.45
333900,0.05,0.8275862068965517,0.4,0.625,0.4
334200,0.1,0.8275862068965517,0.5333333333333333,0.625,0.35
334500,0.1,0.8275862068965517,0.6333333333333333,0.625,0.4
334800,0.15,0.8620689655172413,0.6,0.59375,0.65
335100,0.15,0.8620689655172413,0.6333333333333333,0.59375,0.75
335400,0.25,0.8620689655172413,0.7,0.59375,0.9
335700,0.25,0.896551724137931,0.8,0.59375,0.9
336000,0.25,0.896551724137931,0.9,0.65625,0.9
336300,0.25,0.8275862068965517,0.8666666666666667,0.71875,0.9
336600,0.3,0.8275862068965517,0.7666666666666667,0.75,0.85
336900,0.35,0.8620689655172413,0.7333333333333333,0.75,0.85
337200,0.4,0.8620689655172413,0.7,0.71875,0.85
337500,0.55,0.7931034482758621,0.6666666666666666,0.71875,0.85
337800,0.6,0.7931034482758621,0.6666666666666666,0.6875,0.85
338100,0.55,0.7586206896551724,0.6,0.5625,0.85
338400,0.6,0.7586206896551724,0.6333333333333333,0.5625,0.8
338700,0.55,0.7241379310344828,0.0,0.0,0.0
339000,0.5,0.7241379310344828,0.7,0.53125,0.85
339300,0.5,0.7931034482758621,0.7,0.46875,0.85
339600,0.45,0.7931034482758621,0.6333333333333333,0.4375,0.8
339900,0.45,0.7586206896551724,0.6666666666666666,0.4375,0.9
340200,0.35,0.7241379310344828,0.6333333333333333,0.46875,0.7
340500,0.3,0.7931034482758621,0.7,0.5,0.65
340800,0.3,0.7586206896551724,0.7333333333333333,0.375,0.6
341100,0.35,0.7241379310344828,0.7666666666666667,0.40625,0.65
341400,0.35,0.7241379310344828,0.7666666666666667,0.40625,0.6
341700,0.4,0.7241379310344828,0.7333333333333333,0.46875,0.55
342000,0.5,0.7241379310344828,0.8,0.4375,0.55
342300,0.55,0.6896551724137931,0.8,0.46875,0.4
342600,0.7,0.7586206896551724,0.8333333333333334,0.53125,0.4
342900,0.7,0.7241379310344828,0.8,0.5625,0.45
343200,0.7,0.7931034482758621,0.7666666666666667,0.59375,0.65
343500,0.75,0.7931034482758621,0.8,0.59375,0.7
343800,0.65,0.7931034482758621,0.7666666666666667,0.46875,0.65
344100,0.7,0.8275862068965517,0.7333333333333333,0.46875,0.7
344400,0.65,0.8275862068965517,0.7666666666666667,0.53125,0.75
344700,0.55,0.8620689655172413,0.7333333333333333,0.5,0.75
345000,0.55,0.7931034482758621,0.7,0.5,0.8
345300,0.6,0.6551724137931034,0.6333333333333333,0.5,0.8
345600,0.55,0.6206896551724138,0.5333333333333333,0.46875,0.8
345900,0.55,0.5172413793103449,0.3,0.28125,0.4
346200,0.35,0.41379310344827586,0.3,0.1875,0.35
346500,0.4,0.3793103448275862,0.16666666666666666,0.09375,0.2
346800,0.4,0.2413793103448276,0.13333333333333333,0.09375,0.05
347100,0.4,0.2413793103448276,0.06666666666666667,0.0625,0.05
347400,0.45,0.20689655172413793,0.0,0.0625,0.05
347700,0.45,0.3103448275862069,0.03333333333333333,0.03125,0.15
348000,0.5,0.3103448275862069,0.03333333333333333,0.09375,0.1
348300,0.5,0.3103448275862069,0.03333333333333333,0.0,0.15
348600,0.4,0.3103448275862069,0.1,0.0,0.3
348900,0.0,0.3793103448275862,0.03333333333333333,0.0,0.25
349200,0.35,0.3103448275862069,0.0,0.09375,0.15
349500,0.35,0.3793103448275862,0.1,0.09375,0.2
349800,0.4,0.3448275862068966,0.13333333333333333,0.125,0.3
350100,0.4,0.3103448275862069,0.13333333333333333,0.125,0.15
350400,0.45,0.3448275862068966,0.23333333333333334,0.1875,0.15
350700,0.45,0.27586206896551724,0.36666666666666664,0.125,0.15
351000,0.45,0.3448275862068966,0.43333333333333335,0.09375,0.2
351300,0.55,0.4482758620689655,0.3333333333333333,0.0625,0.3
351600,0.6,0.4482758620689655,0.43333333333333335,0.09375,0.15
351900,0.65,0.4827586206896552,0.26666666666666666,0.0625,0.15
352200,0.65,0.5517241379310345,0.23333333333333334,0.0625,0.15
352500,0.7,0.6551724137931034,0.3333333333333333,0.1875,0.15
352800,0.7,0.6206896551724138,0.3333333333333333,0.09375,0.15
353100,0.7,0.6206896551724138,0.3333333333333333,0.0625,0.05
353400,0.8,0.6206896551724138,0.0,0.0,0.0
353700,0.8,0.5862068965517241,0.3,0.0625,0.1
354000,0.8,0.6206896551724138,0.16666666666666666,0.0625,0.1
354300,0.8,0.6206896551724138,0.26666666666666666,0.125,0.25
354600,0.8,0.6206896551724138,0.16666666666666666,0.15625,0.3
354900,0.85,0.5862068965517241,0.16666666666666666,0.125,0.35
355200,0.7,0.5862068965517241,0.13333333333333333,0.21875,0.15
355500,0.7,0.5862068965517241,0.13333333333333333,0.15625,0.15
355800,0.65,0.6206896551724138,0.23333333333333334,0.15625,0.15
356100,0.7,0.6206896551724138,0.3,0.15625,0.15
356400,0.6,0.6551724137931034,0.23333333333333334,0.25,0.15
356700,0.5,0.7931034482758621,0.23333333333333334,0.28125,0.3
357000,0.45,0.7931034482758621,0.36666666666666664,0.25,0.3
357300,0.4,0.8275862068965517,0.43333333333333335,0.375,0.25
357600,0.4,0.8275862068965517,0.43333333333333335,0.375,0.2
357900,0.3,0.8275862068965517,0.5333333333333333,0.34375,0.2
358200,0.3,0.8275862068965517,0.4666666666666667,0.375,0.2
358500,0.3,0.8275862068965517,0.5333333333333333,0.53125,0.15
358800,0.4,0.6896551724137931,0.6333333333333333,0.53125,0.2
359100,0.3,0.6551724137931034,0.5,0.53125,0.1
359400,0.4,0.6206896551724138,0.4666666666666667,0.59375,0.25
359700,0.5,0.5862068965517241,0.4,0.65625,0.2
360000,0.5,0.4827586206896552,0.43333333333333335,0.65625,0.1
360300,0.6,0.5862068965517241,0.36666666666666664,0.59375,0.15
360600,0.5,0.5862068965517241,0.0,0.0,0.0
360900,0.5,0.6206896551724138,0.3333333333333333,0.625,0.2
361200,0.55,0.6206896551724138,0.36666666666666664,0.65625,0.2
361500,0.6,0.6206896551724138,0.4,0.6875,0.1
361800,0.65,0.6206896551724138,0.4,0.65625,0.15
362100,0.65,0.6206896551724138,0.36666666666666664,0.625,0.15
362400,0.6,0.6551724137931034,0.36666666666666664,0.625,0.1
362700,0.6,0.6551724137931034,0.43333333333333335,0.625,0.0
363000,0.5,0.7241379310344828,0.5333333333333333,0.59375,0.1
363300,0.45,0.7241379310344828,0.5333333333333333,0.53125,0.15
363600,0.45,0.7241379310344828,0.5666666666666667,0.5,0.25
363900,0.4,0.6896551724137931,0.5666666666666667,0.53125,0.1
364200,0.4,0.6896551724137931,0.5333333333333333,0.59375,0.15
364500,0.4,0.6551724137931034,0.5333333333333333,0.625,0.2
364800,0.35,0.6896551724137931,0.5,0.46875,0.0
365100,0.35,0.6551724137931034,0.4,0.53125,0.15
365400,0.35,0.6206896551724138,0.3333333333333333,0.375,0.1
365700,0.4,0.6206896551724138,0.23333333333333334,0.40625,0.1
366000,0.45,0.6896551724137931,0.16666666666666666,0.25,0.0
366300,0.4,0.6206896551724138,0.13333333333333333,0.25,0.1
366600,0.4,0.6206896551724138,0.1,0.25,0.0
366900,0.4,0.6551724137931034,0.06666666666666667,0.25,0.15
367200,0.35,0.5862068965517241,0.13333333333333333,0.125,0.05
367500,0.4,0.5862068965517241,0.1,0.15625,0.0
367800,0.4,0.5517241379310345,0.0,0.0,0.0
368100,0.45,0.5862068965517241,0.16666666666666666,0.125,0.1
368400,0.45,0.5862068965517241,0.2,0.21875,0.1
368700,0.45,0.5517241379310345,0.2,0.09375,0.3
369000,0.25,0.5172413793103449,0.26666666666666666,0.09375,0.25
369300,0.2,0.4827586206896552,0.2,0.03125,0.25
369600,0.25,0.4482758620689655,0.13333333333333333,0.03125,0.25
369900,0.2,0.4827586206896552,0.13333333333333333,0.125,0.15
370200,0.2,0.5862068965517241,0.3,0.0625,0.15
370500,0.25,0.5862068965517241,0.26666666666666666,0.0625,0.25
370800,0.4,0.5862068965517241,0.2,0.09375,0.3
371100,0.45,0.6551724137931034,0.1,0.125,0.3
371400,0.5,0.6896551724137931,0.13333333333333333,0.21875,0.35
371700,0.45,0.6551724137931034,0.13333333333333333,0.25,0.3
372000,0.5,0.6551724137931034,0.16666666666666666,0.25,0.35
372300,0.45,0.6896551724137931,0.26666666666666666,0.375,0.35
372600,0.45,0.6551724137931034,0.23333333333333334,0.34375,0.4
372900,0.5,0.6551724137931034,0.3,0.34375,0.4
373200,0.5,0.6896551724137931,0.3333333333333333,0.375,0.5
373500,0.45,0.7241379310344828,0.36666666666666664,0.4375,0.55
373800,0.45,0.7241379310344828,0.4,0.4375,0.6
374100,0.4,0.7931034482758621,0.5666666666666667,0.5,0.65
374400,0.45,0.7931034482758621,0.5666666666666667,0.5625,0.75
374700,0.45,0.8275862068965517,0.6,0.5625,0.85
375000,0.55,0.8620689655172413,0.6,0.625,0.85
375300,0.5,0.8620689655172413,0.0,0.0,0.0
375600,0.6,0.7931034482758621,0.7666666666666667,0.71875,0.8
375900,0.6,0.7931034482758621,0.8,0.78125,0.9
376200,0.55,0.7931034482758621,0.8333333333333334,0.8125,0.9
376500,0.6,0.8275862068965517,0.8666666666666667,0.75,0.9
376800,0.6,0.8275862068965517,0.8666666666666667,0.78125,0.95
377100,0.65,0.8275862068965517,0.8333333333333334,0.78125,0.9
377400,0.65,0.8620689655172413,0.8333333333333334,0.78125,0.9
377700,0.7,0.8620689655172413,0.8333333333333334,0.71875,0.9
378000,0.75,0.8620689655172413,0.9,0.71875,0.9
378300,0.75,0.8620689655172413,0.8333333333333334,0.6875,0.9
378600,0.75,0.8620689655172413,0.7,0.75,0.85
378900,0.75,0.8620689655172413,0.6333333333333333,0.75,0.85
379200,0.75,0.8620689655172413,0.6666666666666666,0.75,0.85
379500,0.8,0.8620689655172413,0.6333333333333333,0.65625,0.85
379800,0.85,0.8620689655172413,0.6333333333333333,0.6875,0.9
380100,0.9,0.8620689655172413,0.6333333333333333,0.65625,0.8
380400,0.95,0.8620689655172413,0.5666666666666667,0.625,0.75
380700,0.95,0.8620689655172413,0.6,0.625,0.8
381000,0.95,0.8620689655172413,0.5666666666666667,0.71875,0.8
381300,0.95,0.8620689655172413,0.5333333333333333,0.71875,0.7
381600,0.95,0.8620689655172413,0.5666666666666667,0.6875,0.7
381900,0.95,0.8620689655172413,0.5,0.65625,0.6
382200,0.95,0.8620689655172413,0.5666666666666667,0.6875,0.6
382500,0.95,0.8275862068965517,0.0,0.0,0.0
382800,0.95,0.8275862068965517,0.5666666666666667,0.71875,0.8
383100,0.95,0.8275862068965517,0.5333333333333333,0.75,0.75
383400,0.95,0.8275862068965517,0.4666666666666667,0.78125,0.65
383700,0.95,0.8275862068965517,0.5333333333333333,0.78125,0.7
384000,0.95,0.7931034482758621,0.5333333333333333,0.78125,0.75
384300,0.95,0.7931034482758621,0.5,0.8125,0.75
384600,0.95,0.7931034482758621,0.5666666666666667,0.78125,0.7
384900,0.9,0.7931034482758621,0.6333333333333333,0.8125,0.75
385200,0.85,0.8620689655172413,0.7,0.78125,0.9
385500,0.8,0.8620689655172413,0.7666666666666667,0.8125,0.9
385800,0.75,0.8620689655172413,0.7333333333333333,0.875,0.9
386100,0.75,0.8620689655172413,0.7333333333333333,0.84375,0.8
386400,0.75,0.8620689655172413,0.8333333333333334,0.78125,0.8
386700,0.7,0.8275862068965517,0.9333333333333333,0.8125,0.8
387000,0.75,0.8275862068965517,0.9,0.8125,0.8
387300,0.7,0.8620689655172413,0.8666666666666667,0.78125,0.75
387600,0.7,0.8275862068965517,0.8333333333333334,0.78125,0.75
387900,0.7,0.7586206896551724,0.8,0.78125,0.75
388200,0.65,0.7586206896551724,0.8,0.84375,0.8
388500,0.65,0.7586206896551724,0.7666666666666667,0.84375,0.8
388800,0.5,0.7586206896551724,0.7666666666666667,0.8125,0.75
389100,0.3,0.7586206896551724,0.6333333333333333,0.6875,0.65
389400,0.25,0.7586206896551724,0.36666666666666664,0.71875,0.3
389700,0.15,0.7241379310344828,0.3,0.65625,0.25
390000,0.1,0.6896551724137931,0.26666666666666666,0.59375,0.25
390300,0.0,0.6896551724137931,0.2,0.46875,0.15
390600,0.0,0.6896551724137931,0.23333333333333334,0.40625,0.15
390900,0.2,0.6551724137931034,0.13333333333333333,0.375,0.1
391200,0.2,0.6551724137931034,0.16666666666666666,0.40625,0.1
391500,0.1,0.6551724137931034,0.23333333333333334,0.34375,0.2
391800,0.15,0.6206896551724138,0.1,0.40625,0.15
392100,0.0,0.6551724137931034,0.1,0.40625,0.05
392400,0.15,0.6551724137931034,0.06666666666666667,0.40625,0.05
392700,0.0,0.6896551724137931,0.03333333333333333,0.3125,0.1
393000,0.25,0.6896551724137931,0.1,0.3125,0.3
393300,0.2,0.6896551724137931,0.06666666666666667,0.375,0.3
393600,0.25,0.7241379310344828,0.1,0.34375,0.25
393900,0.25,0.7241379310344828,0.23333333333333334,0.40625,0.15
394200,0.35,0.7586206896551724,0.23333333333333334,0.4375,0.2
394500,0.3,0.7586206896551724,0.2,0.46875,0.35
394800,0.35,0.7931034482758621,0.23333333333333334,0.5,0.3
395100,0.45,0.7931034482758621,0.26666666666666666,0.375,0.25
395400,0.45,0.7931034482758621,0.36666666666666664,0.4375,0.35
395700,0.4,0.7931034482758621,0.4,0.46875,0.2
396000,0.45,0.8275862068965517,0.43333333333333335,0.59375,0.15
396300,0.45,0.8275862068965517,0.6333333333333333,0.65625,0.35
396600,0.35,0.8620689655172413,0.6,0.78125,0.4
396900,0.35,0.8620689655172413,0.7,0.78125,0.45
397200,0.4,0.8620689655172413,0.7666666666666667,0.75,0.5
397500,0.4,0.8620689655172413,0.7666666666666667,0.78125,0.55
397800,0.55,0.896551724137931,0.8,0.84375,0.55
398100,0.65,0.896551724137931,0.8666666666666667,0.875,0.6
398400,0.6,0.8620689655172413,0.8666666666666667,0.875,0.7
398700,0.55,0.8620689655172413,0.8666666666666667,0.9375,0.75
399000,0.55,0.8620689655172413,0.9333333333333333,0.90625,0.8
399300,0.0,0.8620689655172413,0.9333333333333333,0.90625,0.75
399600,0.65,0.8620689655172413,0.9666666666666667,0.9375,0.8
399900,0.6,0.896551724137931,1.0,0.90625,0.85
400200,0.6,0.896551724137931,1.0,0.9375,0.85
400500,0.6,0.896551724137931,0.9666666666666667,0.9375,0.85
400800,0.75,0.896551724137931,0.9,0.9375,0.9
401100,0.65,0.9310344827586207,0.8666666666666667,0.9375,0.8
401400,0.7,0.896551724137931,0.8666666666666667,0.90625,0.8
401700,0.7,0.896551724137931,0.8333333333333334,0.90625,0.8
402000,0.7,0.8620689655172413,0.8,0.9375,0.8
402300,0.7,0.8620689655172413,0.7333333333333333,0.90625,0.85
402600,0.75,0.8620689655172413,0.7333333333333333,0.875,0.85
402900,0.7,0.8620689655172413,0.8,0.875,0.85
403200,0.7,0.8620689655172413,0.8333333333333334,0.90625,0.9
403500,0.7,0.896551724137931,0.8333333333333334,0.90625,0.9
403800,0.7,0.896551724137931,0.9333333333333333,0.84375,0.9
404100,0.7,0.896551724137931,0.9666666666666667,0.90625,0.85
404400,0.75,0.9655172413793104,0.9333333333333333,0.9375,0.9
404700,0.75,0.9655172413793104,0.9,0.9375,0.9
405000,0.7,0.9655172413793104,0.9,0.9375,0.9
405300,0.7,0.9655172413793104,0.9,0.9375,0.9
405600,0.7,0.9655172413793104,0.8666666666666667,0.9375,0.9
405900,0.7,0.9655172413793104,0.8666666666666667,0.90625,0.95
406200,0.7,0.9655172413793104,0.8333333333333334,0.875,0.95
406500,0.7,0.9655172413793104,0.8333333333333334,0.875,0.9
406800,0.7,0.9310344827586207,0.8333333333333334,0.90625,0.9
407100,0.7,0.9310344827586207,0.8666666666666667,0.9375,0.9
407400,0.65,0.9310344827586207,0.8333333333333334,0.90625,0.85
407700,0.65,0.9310344827586207,0.8333333333333334,0.90625,0.85
408000,0.7,0.9310344827586207,0.8,0.90625,0.85
408300,0.7,0.9310344827586207,0.8,0.90625,0.85
408600,0.7,0.9655172413793104,0.8,0.9375,0.85
408900,0.75,0.9655172413793104,0.7666666666666667,0.96875,0.85
409200,0.75,0.9655172413793104,0.8,1.0,0.85
409500,0.75,0.9655172413793104,0.8666666666666667,1.0,0.8
409800,0.75,0.9655172413793104,0.9,1.0,0.85
410100,0.75,0.9655172413793104,0.9,1.0,0.85
410400,0.75,0.9655172413793104,0.9,1.0,0.9
410700,0.8,0.9655172413793104,0.9,1.0,0.9
411000,0.75,0.9655172413793104,0.9,0.96875,0.9
411300,0.7,0.9655172413793104,0.8666666666666667,0.96875,0.9
411600,0.7,0.9655172413793104,0.0,0.0,0.0
411900,0.65,0.9655172413793104,0.9,1.0,0.9
412200,0.65,0.9655172413793104,0.8666666666666667,1.0,0.9
412500,0.65,0.9655172413793104,0.8,1.0,0.9
412800,0.7,0.9655172413793104,0.8,0.9375,0.85
413100,0.75,0.9655172413793104,0.7666666666666667,0.90625,0.85
413400,0.75,0.9310344827586207,0.8333333333333334,0.9375,0.95
413700,0.0,0.9310344827586207,0.7666666666666667,0.90625,0.95
414000,0.75,0.9655172413793104,0.7333333333333333,0.875,0.95
414300,0.8,0.9655172413793104,0.6666666666666666,0.84375,0.9
414600,0.65,0.9655172413793104,0.6,0.75,0.75
414900,0.65,0.9655172413793104,0.6,0.75,0.75
415200,0.6,0.9655172413793104,0.5333333333333333,0.78125,0.65
415500,0.55,0.9655172413793104,0.5333333333333333,0.78125,0.55
415800,0.5,0.9655172413793104,0.4666666666666667,0.78125,0.55
416100,0.45,0.9655172413793104,0.4666666666666667,0.75,0.6
416400,0.5,0.9655172413793104,0.4,0.75,0.55
416700,0.5,0.9655172413793104,0.5666666666666667,0.78125,0.45
417000,0.45,0.9655172413793104,0.5,0.71875,0.45
417300,0.45,0.9655172413793104,0.4,0.75,0.4
417600,0.5,0.9655172413793104,0.3,0.75,0.35
417900,0.55,0.9655172413793104,0.4,0.78125,0.4
418200,0.35,0.8620689655172413,0.4,0.78125,0.3
418500,0.35,0.8275862068965517,0.36666666666666664,0.8125,0.35
418800,0.35,0.7931034482758621,0.3,0.8125,0.3
419100,0.35,0.7586206896551724,0.3333333333333333,0.78125,0.3
419400,0.3,0.7241379310344828,0.36666666666666664,0.75,0.4
419700,0.3,0.6896551724137931,0.3333333333333333,0.6875,0.3
420000,0.35,0.6551724137931034,0.3,0.6875,0.4
420300,0.55,0.6206896551724138,0.3,0.65625,0.35
420600,0.4,0.5517241379310345,0.3,0.625,0.35
420900,0.5,0.6206896551724138,0.36666666666666664,0.59375,0.3
421200,0.55,0.7586206896551724,0.36666666666666664,0.5625,0.35
421500,0.5,0.7931034482758621,0.43333333333333335,0.5625,0.45
421800,0.65,0.8275862068965517,0.5,0.625,0.55
422100,0.6,0.7931034482758621,0.5666666666666667,0.625,0.65
422400,0.6,0.7931034482758621,0.7333333333333333,0.625,0.65
422700,0.45,0.7931034482758621,0.7666666666666667,0.65625,0.7
423000,0.45,0.7586206896551724,0.8,0.75,0.7
423300,0.55,0.7241379310344828,0.8,0.8125,0.75
423600,0.5,0.7586206896551724,0.8333333333333334,0.78125,0.65
423900,0.5,0.7931034482758621,0.8333333333333334,0.78125,0.7
424200,0.5,0.7241379310344828,0.8,0.71875,0.8
424500,0.5,0.7241379310344828,0.8,0.71875,0.85
424800,0.45,0.7586206896551724,0.7333333333333333,0.65625,0.85
425100,0.45,0.7241379310344828,0.7,0.6875,0.7
425400,0.45,0.7931034482758621,0.7,0.625,0.8
425700,0.45,0.8275862068965517,0.7333333333333333,0.59375,0.75
426000,0.5,0.7931034482758621,0.8,0.65625,0.75
426300,0.55,0.7931034482758621,0.0,0.0,0.0
426600,0.6,0.8275862068965517,0.7666666666666667,0.65625,0.75
426900,0.6,0.8620689655172413,0.7666666666666667,0.5625,0.85
427200,0.7,0.8275862068965517,0.7,0.59375,0.85
427500,0.7,0.896551724137931,0.7333333333333333,0.5625,0.8
427800,0.65,0.896551724137931,0.8,0.5625,0.75
428100,0.0,0.8620689655172413,0.8,0.53125,0.75
428400,0.6,0.8620689655172413,0.7,0.5,0.75
428700,0.6,0.9310344827586207,0.6333333333333333,0.5625,0.8
429000,0.6,0.8275862068965517,0.6333333333333333,0.46875,0.8
429300,0.65,0.8275862068965517,0.6666666666666666,0.46875,0.8
429600,0.65,0.8275862068965517,0.8,0.4375,0.8
429900,0.65,0.7931034482758621,0.7666666666666667,0.46875,0.7
430200,0.65,0.7586206896551724,0.8333333333333334,0.375,0.8
430500,0.55,0.7931034482758621,0.8,0.4375,0.75
430800,0.5,0.8275862068965517,0.8333333333333334,0.3125,0.75
431100,0.55,0.7931034482758621,0.8333333333333334,0.375,0.8
431400,0.5,0.6551724137931034,0.7666666666666667,0.40625,0.8
431700,0.45,0.5862068965517241,0.7666666666666667,0.34375,0.65
432000,0.45,0.5172413793103449,0.7,0.34375,0.6
432300,0.45,0.3448275862068966,0.36666666666666664,0.21875,0.3
432600,0.35,0.3103448275862069,0.3333333333333333,0.25,0.15
432900,0.35,0.27586206896551724,0.36666666666666664,0.28125,0.1
433200,0.25,0.27586206896551724,0.3,0.28125,0.1
433500,0.3,0.20689655172413793,0.13333333333333333,0.15625,0.0
433800,0.3,0.20689655172413793,0.06666666666666667,0.0625,0.0
434100,0.25,0.1724137931034483,0.03333333333333333,0.09375,0.0
434400,0.35,0.20689655172413793,0.06666666666666667,0.03125,0.05
434700,0.4,0.20689655172413793,0.06666666666666667,0.09375,0.05
435000,0.45,0.27586206896551724,0.06666666666666667,0.0,0.25
435300,0.5,0.3103448275862069,0.1,0.0625,0.5
435600,0.5,0.3448275862068966,0.03333333333333333,0.03125,0.45
435900,0.5,0.27586206896551724,0.0,0.1875,0.5
436200,0.55,0.2413793103448276,0.06666666666666667,0.15625,0.4
436500,0.55,0.27586206896551724,0.03333333333333333,0.1875,0.4
436800,0.55,0.20689655172413793,0.03333333333333333,0.21875,0.45
437100,0.6,0.27586206896551724,0.13333333333333333,0.15625,0.35
437400,0.6,0.27586206896551724,0.1,0.125,0.3
437700,0.6,0.20689655172413793,0.1,0.125,0.25
438000,0.5,0.13793103448275862,0.03333333333333333,0.125,0.1
438300,0.5,0.06896551724137931,0.13333333333333333,0.09375,0.0
438600,0.55,0.06896551724137931,0.16666666666666666,0.1875,0.05
438900,0.5,0.13793103448275862,0.2,0.25,0.1
439200,0.4,0.13793103448275862,0.1,0.1875,0.05
439500,0.35,0.20689655172413793,0.2,0.1875,0.05
439800,0.3,0.3103448275862069,0.13333333333333333,0.09375,0.15
440100,0.2,0.41379310344827586,0.13333333333333333,0.09375,0.15
440400,0.4,0.5172413793103449,0.2,0.09375,0.2
440700,0.35,0.5172413793103449,0.2,0.15625,0.3
441000,0.3,0.5517241379310345,0.2,0.125,0.25
441300,0.25,0.6551724137931034,0.13333333333333333,0.21875,0.35
441600,0.1,0.6206896551724138,0.1,0.1875,0.35
441900,0.2,0.5862068965517241,0.16666666666666666,0.28125,0.4
442200,0.25,0.6206896551724138,0.16666666666666666,0.375,0.25
442500,0.25,0.5862068965517241,0.16666666666666666,0.375,0.2
442800,0.2,0.5862068965517241,0.13333333333333333,0.34375,0.3
443100,0.25,0.6206896551724138,0.16666666666666666,0.46875,0.2
443400,0.4,0.6206896551724138,0.13333333333333333,0.4375,0.2
443700,0.6,0.6551724137931034,0.13333333333333333,0.4375,0.15
444000,0.65,0.6551724137931034,0.16666666666666666,0.34375,0.2
444300,0.7,0.7241379310344828,0.23333333333333334,0.21875,0.2
444600,0.65,0.6896551724137931,0.13333333333333333,0.3125,0.3
444900,0.65,0.6206896551724138,0.06666666666666667,0.3125,0.3
445200,0.6,0.6206896551724138,0.03333333333333333,0.3125,0.25
445500,0.6,0.6206896551724138,0.13333333333333333,0.3125,0.2
445800,0.55,0.5862068965517241,0.23333333333333334,0.34375,0.4
446100,0.5,0.5862068965517241,0.16666666666666666,0.34375,0.3
446400,0.5,0.5172413793103449,0.26666666666666666,0.34375,0.35
446700,0.5,0.4827586206896552,0.23333333333333334,0.4375,0.45
447000,0.45,0.4827586206896552,0.26666666666666666,0.53125,0.4
447300,0.4,0.4482758620689655,0.26666666666666666,0.625,0.45
447600,0.4,0.5172413793103449,0.2,0.6875,0.4
447900,0.4,0.5172413793103449,0.3,0.65625,0.25
448200,0.5,0.4482758620689655,0.36666666666666664,0.6875,0.15
448500,0.45,0.4827586206896552,0.43333333333333335,0.65625,0.15
448800,0.4,0.4827586206896552,0.43333333333333335,0.65625,0.1
449100,0.5,0.41379310344827586,0.5333333333333333,0.65625,0.1
449400,0.5,0.3793103448275862,0.5333333333333333,0.6875,0.05
449700,0.6,0.4482758620689655,0.6,0.6875,0.1
450000,0.55,0.4482758620689655,0.6333333333333333,0.65625,0.1
450300,0.6,0.4482758620689655,0.6333333333333333,0.6875,0.05
450600,0.65,0.4827586206896552,0.6333333333333333,0.59375,0.1
450900,0.6,0.4827586206896552,0.6333333333333333,0.5,0.2
451200,0.7,0.5517241379310345,0.6666666666666666,0.46875,0.15
451500,0.65,0.5172413793103449,0.5666666666666667,0.46875,0.1
451800,0.7,0.4827586206896552,0.4666666666666667,0.40625,0.25
452100,0.65,0.4827586206896552,0.4666666666666667,0.40625,0.3
452400,0.55,0.5517241379310345,0.4,0.375,0.2
452700,0.45,0.6206896551724138,0.36666666666666664,0.3125,0.2
453000,0.4,0.5862068965517241,0.3,0.28125,0.1
453300,0.4,0.5862068965517241,0.23333333333333334,0.375,0.15
453600,0.3,0.5862068965517241,0.26666666666666666,0.25,0.15
453900,0.35,0.6551724137931034,0.13333333333333333,0.1875,0.1
454200,0.4,0.5862068965517241,0.16666666666666666,0.25,0.2
454500,0.35,0.5517241379310345,0.16666666666666666,0.125,0.1
454800,0.35,0.5172413793103449,0.16666666666666666,0.125,0.2
455100,0.35,0.4482758620689655,0.23333333333333334,0.0625,0.1
455400,0.3,0.3793103448275862,0.0,0.0,0.0
455700,0.3,0.3793103448275862,0.3,0.0625,0.2
456000,0.3,0.41379310344827586,0.3,0.09375,0.15
456300,0.15,0.4482758620689655,0.4,0.09375,0.3
456600,0.25,0.5172413793103449,0.3,0.0625,0.1
456900,0.45,0.4827586206896552,0.36666666666666664,0.125,0.1
457200,0.4,0.4827586206896552,0.3333333333333333,0.125,0.05
457500,0.4,0.5517241379310345,0.23333333333333334,0.1875,0.15
457800,0.3,0.6551724137931034,0.13333333333333333,0.1875,0.2
458100,0.3,0.6551724137931034,0.13333333333333333,0.25,0.25
458400,0.25,0.6896551724137931,0.06666666666666667,0.25,0.4
458700,0.25,0.6896551724137931,0.16666666666666666,0.25,0.35
459000,0.3,0.7241379310344828,0.13333333333333333,0.21875,0.45
459300,0.4,0.6896551724137931,0.16666666666666666,0.125,0.45
459600,0.35,0.6896551724137931,0.16666666666666666,0.1875,0.6
459900,0.3,0.7931034482758621,0.2,0.21875,0.55
460200,0.3,0.7931034482758621,0.3,0.25,0.6
460500,0.3,0.7931034482758621,0.26666666666666666,0.3125,0.65
460800,0.35,0.7931034482758621,0.36666666666666664,0.40625,0.75
461100,0.3,0.7586206896551724,0.5,0.5625,0.7
461400,0.45,0.7931034482758621,0.5333333333333333,0.6875,0.75
461700,0.55,0.7931034482758621,0.6666666666666666,0.78125,0.75
462000,0.55,0.8275862068965517,0.7666666666666667,0.84375,0.85
462300,0.6,0.8620689655172413,0.8333333333333334,0.78125,0.9
462600,0.6,0.8275862068965517,0.0,0.0,0.0
462900,0.6,0.8275862068965517,0.9666666666666667,0.75,0.9
463200,0.65,0.7931034482758621,0.9333333333333333,0.71875,0.95
463500,0.7,0.7931034482758621,0.9,0.71875,0.95
463800,0.75,0.7931034482758621,0.9,0.75,0.95
464100,0.0,0.7931034482758621,0.9,0.75,0.95
464400,0.85,0.7931034482758621,0.9,0.6875,0.95
464700,0.85,0.8275862068965517,0.9,0.65625,0.9
465000,0.9,0.896551724137931,0.9,0.5625,0.85
465300,0.9,0.896551724137931,0.8333333333333334,0.53125,0.75
465600,0.9,0.896551724137931,0.8333333333333334,0.53125,0.65
465900,0.9,0.896551724137931,0.8333333333333334,0.5625,0.65
466200,0.9,0.896551724137931,0.6666666666666666,0.65625,0.6
466500,0.85,0.896551724137931,0.5666666666666667,0.625,0.5
466800,0.85,0.896551724137931,0.4,0.6875,0.5
467100,0.85,0.8620689655172413,0.4,0.59375,0.55
467400,0.85,0.7931034482758621,0.4,0.65625,0.65
467700,0.85,0.7931034482758621,0.36666666666666664,0.6875,0.65
468000,0.9,0.7586206896551724,0.36666666666666664,0.71875,0.55
468300,0.85,0.7586206896551724,0.4,0.75,0.6
468600,0.85,0.7586206896551724,0.6,0.71875,0.65
468900,0.8,0.7586206896551724,0.6,0.78125,0.65
469200,0.75,0.7586206896551724,0.5333333333333333,0.75,0.7
469500,0.75,0.7931034482758621,0.6,0.78125,0.75
469800,0.75,0.8275862068965517,0.0,0.0,0.0
470100,0.75,0.7931034482758621,0.6333333333333333,0.8125,0.8
470400,0.8,0.7931034482758621,0.6666666666666666,0.84375,0.75
470700,0.85,0.8275862068965517,0.7,0.8125,0.85
471000,0.9,0.8275862068965517,0.7333333333333333,0.875,0.85
471300,0.85,0.8275862068965517,0.7333333333333333,0.84375,0.9
471600,0.8,0.8620689655172413,0.7,0.84375,0.9
471900,0.75,0.8620689655172413,0.8,0.8125,0.95
472200,0.75,0.7931034482758621,0.8,0.78125,0.9
472500,0.65,0.8620689655172413,0.7666666666666667,0.78125,0.85
472800,0.65,0.8275862068965517,0.7666666666666667,0.8125,0.9
473100,0.65,0.8275862068965517,0.8,0.875,0.85
473400,0.65,0.8275862068965517,0.8,0.90625,0.8
473700,0.6,0.8275862068965517,0.8,0.9375,0.8
474000,0.55,0.8275862068965517,0.8,0.9375,0.75
474300,0.5,0.8275862068965517,0.7666666666666667,0.9375,0.75
474600,0.3,0.8275862068965517,0.6666666666666666,0.90625,0.75
474900,0.35,0.8275862068965517,0.7333333333333333,0.84375,0.7
475200,0.25,0.7931034482758621,0.6,0.78125,0.5
475500,0.2,0.7586206896551724,0.5333333333333333,0.625,0.4
475800,0.1,0.7241379310344828,0.3333333333333333,0.5,0.25
476100,0.1,0.6551724137931034,0.2,0.28125,0.1
476400,0.0,0.6206896551724138,0.06666666666666667,0.125,0.05
476700,0.0,0.6206896551724138,0.1,0.15625,0.05
477000,0.0,0.4827586206896552,0.0,0.0,0.0
477300,0.0,0.4482758620689655,0.1,0.15625,0.2
477600,0.0,0.4827586206896552,0.13333333333333333,0.15625,0.4
477900,0.1,0.5172413793103449,0.2,0.15625,0.4
478200,0.0,0.4827586206896552,0.03333333333333333,0.125,0.4
478500,0.2,0.41379310344827586,0.06666666666666667,0.15625,0.45
478800,0.1,0.4827586206896552,0.13333333333333333,0.125,0.25
479100,0.05,0.5172413793103449,0.06666666666666667,0.25,0.35
479400,0.1,0.5517241379310345,0.16666666666666666,0.375,0.4
479700,0.0,0.6551724137931034,0.06666666666666667,0.34375,0.25
480000,0.1,0.5862068965517241,0.1,0.28125,0.25
480300,0.05,0.6551724137931034,0.1,0.3125,0.15
480600,0.05,0.6206896551724138,0.2,0.34375,0.3
480900,0.05,0.6206896551724138,0.13333333333333333,0.375,0.35
481200,0.1,0.6896551724137931,0.2,0.4375,0.25
481500,0.2,0.7241379310344828,0.16666666666666666,0.4375,0.3
481800,0.35,0.7241379310344828,0.2,0.40625,0.4
482100,0.45,0.7241379310344828,0.13333333333333333,0.40625,0.35
482400,0.55,0.7931034482758621,0.26666666666666666,0.4375,0.35
482700,0.55,0.7931034482758621,0.36666666666666664,0.625,0.4
483000,0.55,0.8275862068965517,0.4,0.8125,0.5
483300,0.6,0.8275862068965517,0.43333333333333335,0.875,0.5
483600,0.6,0.8275862068965517,0.5666666666666667,0.84375,0.45
483900,0.65,0.8275862068965517,0.6333333333333333,0.84375,0.45
484200,0.75,0.7931034482758621,0.6666666666666666,0.875,0.45
484500,0.8,0.8275862068965517,0.7,0.90625,0.5
484800,0.9,0.7931034482758621,0.7666666666666667,0.90625,0.55
485100,0.9,0.7931034482758621,0.8,0.875,0.65
485400,0.85,0.7586206896551724,0.8333333333333334,0.875,0.75
485700,0.0,0.7931034482758621,0.9,0.90625,0.75
486000,0.85,0.7931034482758621,0.8666666666666667,0.90625,0.75
486300,0.85,0.7931034482758621,0.8333333333333334,0.90625,0.8
486600,0.85,0.7931034482758621,0.8,0.90625,0.85
486900,0.85,0.8275862068965517,0.8,0.875,0.85
487200,0.85,0.7586206896551724,0.8333333333333334,0.875,0.85
487500,0.85,0.896551724137931,0.8,0.875,0.9
487800,0.85,0.8275862068965517,0.7666666666666667,0.875,0.9
488100,0.85,0.8620689655172413,0.7333333333333333,0.875,0.9
488400,0.85,0.8275862068965517,0.7333333333333333,0.875,0.9
488700,0.8,0.8275862068965517,0.7333333333333333,0.90625,0.9
489000,0.8,0.8275862068965517,0.8,0.90625,0.9
489300,0.75,0.8275862068965517,0.7666666666666667,0.90625,0.9
489600,0.7,0.896551724137931,0.7666666666666667,0.96875,0.85
489900,0.65,0.896551724137931,0.8,0.9375,0.9
490200,0.6,0.9310344827586207,0.8,0.9375,0.9
490500,0.75,0.9310344827586207,0.8333333333333334,0.9375,0.85
490800,0.8,0.8275862068965517,0.8333333333333334,0.9375,0.85
491100,0.65,0.896551724137931,0.7666666666666667,0.9375,0.85
491400,0.65,0.896551724137931,0.7666666666666667,0.90625,0.9
491700,0.55,0.896551724137931,0.0,0.0,0.0
492000,0.5,0.896551724137931,0.8,0.84375,0.95
492300,0.5,0.896551724137931,0.8,0.875,1.0
492600,0.6,0.896551724137931,0.8,0.84375,1.0
492900,0.0,0.9310344827586207,0.8333333333333334,0.875,0.95
493200,0.65,0.9310344827586207,0.7333333333333333,0.875,0.95
493500,0.65,0.9310344827586207,0.7,0.84375,0.95
493800,0.7,0.896551724137931,0.7,0.84375,0.9
494100,0.7,0.896551724137931,0.7333333333333333,0.84375,0.85
494400,0.65,0.896551724137931,0.7,0.875,0.85
494700,0.65,0.9310344827586207,0.7333333333333333,0.875,0.85
495000,0.75,0.9310344827586207,0.7333333333333333,0.90625,0.85
495300,0.75,0.9655172413793104,0.7666666666666667,0.90625,0.85
495600,0.75,0.9655172413793104,0.7666666666666667,0.90625,0.85
495900,0.75,0.9655172413793104,0.7666666666666667,0.90625,0.85
496200,0.75,0.9655172413793104,0.7666666666666667,0.90625,0.85
496500,0.75,0.9655172413793104,0.7666666666666667,0.90625,0.85
496800,0.75,0.9655172413793104,0.7666666666666667,0.90625,0.85
497100,0.75,0.9655172413793104,0.7666666666666667,0.90625,0.85
497400,0.75,0.9655172413793104,0.7666666666666667,0.90625,0.85
497700,0.75,0.9655172413793104,0.7666666666666667,0.90625,0.85
498000,0.75,0.9655172413793104,0.7666666666666667,0.90625,0.85
498300,0.75,0.9655172413793104,0.7666666666666667,0.90625,0.85
498600,0.75,0.9655172413793104,0.7666666666666667,0.90625,0.85
498900,0.75,0.9655172413793104,0.7666666666666667,0.90625,0.85
499200,0.75,0.9655172413793104,0.7666666666666667,0.90625,0.85
499500,0.75,0.9655172413793104,0.7666666666666667,0.90625,0.85
499800,0.75,0.9655172413793104,0.7666666666666667,0.90625,0.85
500100,0.75,0.9655172413793104,0.7666666666666667,0.90625,0.85
500400,0.75,0.9655172413793104,0.7666666666666667,0.90625,0.85
500700,0.75,0.9655172413793104,0.7666666666666667,0.90625,0.85
501000,0.75,0.9655172413793104,0.7666666666666667,0.90625,0.85
501300,0.75,0.9655172413793104,0.7666666666666667,0.90625,0.85
501600,0.75,0.9655172413793104,0.7666666666666667,0.90625,0.85
501900,0.75,0.9655172413793104,0.7666666666666667,0.90625,0.85
502200,0.75,0.9655172413793104,0.7666666666666667,0.90625,0.85
502500,0.75,0.9655172413793104,0.7666666666666667,0.90625,0.85
502800,0.75,0.9655172413793104,0.7666666666666667,0.90625,0.85
503100,0.75,0.9655172413793104,0.7666666666666667,0.90625,0.85
503400,0.75,0.9655172413793104,0.7666666666666667,0.90625,0.85
503700,0.75,0.9655172413793104,0.7666666666666667,0.90625,0.85
504000,0.75,0.9655172413793104,0.7666666666666667,0.90625,0.85
504300,0.75,0.9655172413793104,0.7666666666666667,0.90625,0.85
504600,0.75,0.9655172413793104,0.7666666666666667,0.90625,0.85
504900,0.75,0.9655172413793104,0.7666666666666667,0.90625,0.85
505200,0.75,0.9655172413793104,0.7666666666666667,0.90625,0.85
505500,0.75,0.9655172413793104,0.7666666666666667,0.90625,0.85
505800,0.75,0.9655172413793104,0.7666666666666667,0.90625,0.85
506100,0.75,0.9655172413793104,0.7666666666666667,0.90625,0.85
506400,0.75,0.9655172413793104,0.7666666666666667,0.90625,0.85
506700,0.75,0.9655172413793104,0.7666666666666667,0.90625,0.85
507000,0.75,0.9655172413793104,0.7666666666666667,0.90625,0.85
507300,0.75,0.9655172413793104,0.7666666666666667,0.90625,0.85
507600,0.75,0.9655172413793104,0.7666666666666667,0.90625,0.85
507900,0.75,0.9655172413793104,0.7666666666666667,0.90625,0.85
508200,0.75,0.9655172413793104,0.7666666666666667,0.90625,0.85
508500,0.75,0.9655172413793104,0.7666666666666667,0.90625,0.85
508800,0.75,0.9655172413793104,0.7666666666666667,0.90625,0.85
509100,0.75,0.9655172413793104,0.7666666666666667,0.90625,0.85
509400,0.75,0.9655172413793104,0.7666666666666667,0.90625,0.85
509700,0.75,0.9655172413793104,0.7666666666666667,0.90625,0.85
510000,0.75,0.9655172413793104,0.7666666666666667,0.90625,0.85
510300,0.75,0.9655172413793104,0.7666666666666667,0.90625,0.85
510600,0.75,0.9655172413793104,0.7666666666666667,0.90625,0.85
510900,0.75,0.9655172413793104,0.7666666666666667,0.90625,0.85
511200,0.75,0.9655172413793104,0.7666666666666667,0.90625,0.85
511500,0.75,0.9655172413793104,0.7666666666666667,0.90625,0.85
511800,0.75,0.9655172413793104,0.7666666666666667,0.90625,0.85
512100,0.75,0.9655172413793104,0.7666666666666667,0.90625,0.85
512400,0.75,0.9655172413793104,0.7666666666666667,0.90625,0.85
512700,0.75,0.9655172413793104,0.7666666666666667,0.90625,0.85
513000,0.75,0.9655172413793104,0.7666666666666667,0.90625,0.85
513300,0.75,0.9655172413793104,0.7666666666666667,0.90625,0.85
513600,0.75,0.9655172413793104,0.7666666666666667,0.90625,0.85
513900,0.75,0.9655172413793104,0.7666666666666667,0.90625,0.85
514200,0.75,0.9655172413793104,0.7666666666666667,0.90625,0.85
514500,0.75,0.9655172413793104,0.7666666666666667,0.90625,0.85
514800,0.75,0.9655172413793104,0.7666666666666667,0.90625,0.85
515100,0.75,0.9655172413793104,0.7666666666666667,0.90625,0.85
515400,0.75,0.9655172413793104,0.7666666666666667,0.90625,0.85
515700,0.75,0.9655172413793104,0.7666666666666667,0.90625,0.85
516000,0.75,0.9655172413793104,0.7666666666666667,0.90625,0.85
516300,0.75,0.9655172413793104,0.7666666666666667,0.90625,0.85
516600,0.75,0.9655172413793104,0.7666666666666667,0.90625,0.85
516900,0.75,0.9655172413793104,0.7666666666666667,0.90625,0.85
517200,0.75,0.9655172413793104,0.7666666666666667,0.90625,0.85
517500,0.75,0.9655172413793104,0.7666666666666667,0.90625,0.85
517800,0.75,0.9655172413793104,0.7666666666666667,0.90625,0.85
518100,0.75,0.9655172413793104,0.7666666666666667,0.90625,0.85
518400,0.75,0.9655172413793104,0.7666666666666667,0.90625,0.85
518700,0.75,0.9655172413793104,0.7666666666666667,0.90625,0.85
519000,0.75,0.9655172413793104,0.7666666666666667,0.90625,0.85
519300,0.75,0.9655172413793104,0.7666666666666667,0.90625,0.85
519600,0.75,0.9655172413793104,0.7666666666666667,0.90625,0.85
519900,0.75,0.9655172413793104,0.7666666666666667,0.90625,0.85
520200,0.75,0.9655172413793104,0.7666666666666667,0.90625,0.85
520500,0.75,0.9655172413793104,0.7666666666666667,0.90625,0.85
520800,0.75,0.9655172413793104,0.7666666666666667,0.90625,0.85
521100,0.75,0.9655172413793104,0.7666666666666667,0.90625,0.85
521400,0.75,0.9655172413793104,0.7666666666666667,0.90625,0.85
521700,0.75,0.9655172413793104,0.7666666666666667,0.90625,0.85
522000,0.75,0.9655172413793104,0.7666666666666667,0.90625,0.85
522300,0.75,0.9655172413793104,0.7666666666666667,0.90625,0.85
522600,0.75,0.9655172413793104,0.7666666666666667,0.90625,0.85
522900,0.75,0.9655172413793104,0.7666666666666667,0.90625,0.85
523200,0.75,0.9655172413793104,0.7666666666666667,0.90625,0.85
523500,0.75,0.9655172413793104,0.7666666666666667,0.90625,0.85
523800,0.75,0.9655172413793104,0.7666666666666667,0.90625,0.85
524100,0.75,0.9655172413793104,0.7666666666666667,0.90625,0.85
524400,0.75,0.9655172413793104,0.7666666666666667,0.90625,0.85
524700,0.75,0.9655172413793104,0.7666666666666667,0.90625,0.85
525000,0.75,0.9655172413793104,0.7666666666666667,0.90625,0.85
525300,0.75,0.9655172413793104,0.7666666666666667,0.90625,0.85
525600,0.75,0.9655172413793104,0.7666666666666667,0.90625,0.85
525900,0.75,0.9655172413793104,0.7666666666666667,0.90625,0.85
526200,0.75,0.9655172413793104,0.7666666666666667,0.90625,0.85
526500,0.75,0.9655172413793104,0.7666666666666667,0.90625,0.85
526800,0.75,0.9655172413793104,0.7666666666666667,0.90625,0.85
527100,0.75,0.9655172413793104,0.7666666666666667,0.90625,0.85
527400,0.75,0.9655172413793104,0.7666666666666667,0.90625,0.85
527700,0.75,0.9655172413793104,0.7666666666666667,0.90625,0.85
528000,0.75,0.9655172413793104,0.7666666666666667,0.90625,0.85
528300,0.75,0.9655172413793104,0.7666666666666667,0.90625,0.85
528600,0.75,0.9655172413793104,0.7666666666666667,0.90625,0.85
528900,0.75,0.9655172413793104,0.7666666666666667,0.90625,0.85
529200,0.75,0.9655172413793104,0.7666666666666667,0.90625,0.85
529500,0.75,0.9655172413793104,0.7666666666666667,0.90625,0.85
529800,0.75,0.9655172413793104,0.7666666666666667,0.90625,0.85
530100,0.75,0.9655172413793104,0.7666666666666667,0.90625,0.85
530400,0.75,0.9655172413793104,0.7666666666666667,0.90625,0.85
530700,0.75,0.9655172413793104,0.7666666666666667,0.90625,0.85
531000,0.75,0.9655172413793104,0.7666666666666667,0.90625,0.85
531300,0.75,0.9655172413793104,0.7666666666666667,0.90625,0.85
531600,0.75,0.9655172413793104,0.7666666666666667,0.90625,0.85
531900,0.75,0.9655172413793104,0.7666666666666667,0.90625,0.85
532200,0.75,0.9655172413793104,0.7666666666666667,0.90625,0.85
532500,0.75,0.9655172413793104,0.7666666666666667,0.90625,0.85
532800,0.75,0.9655172413793104,0.7666666666666667,0.90625,0.85
533100,0.75,0.9655172413793104,0.7666666666666667,0.90625,0.85
533400,0.75,0.9655172413793104,0.7666666666666667,0.90625,0.85
533700,0.75,0.9655172413793104,0.7666666666666667,0.90625,0.85
534000,0.75,0.9655172413793104,0.7666666666666667,0.90625,0.85
534300,0.75,0.9655172413793104,0.7666666666666667,0.90625,0.85
534600,0.75,0.9655172413793104,0.7666666666666667,0.90625,0.85
534900,0.75,0.9655172413793104,0.7666666666666667,0.90625,0.85
535200,0.75,0.9655172413793104,0.7666666666666667,0.90625,0.85
535500,0.75,0.9655172413793104,0.7666666666666667,0.90625,0.85
535800,0.75,0.9655172413793104,0.7666666666666667,0.90625,0.85
536100,0.75,0.9655172413793104,0.7666666666666667,0.90625,0.85
536400,0.75,0.9655172413793104,0.7666666666666667,0.90625,0.85
536700,0.75,0.9655172413793104,0.7666666666666667,0.90625,0.85
537000,0.75,0.9655172413793104,0.7666666666666667,0.90625,0.85
537300,0.75,0.9655172413793104,0.7666666666666667,0.90625,0.85
537600,0.75,0.9655172413793104,0.7666666666666667,0.90625,0.85
537900,0.75,0.9655172413793104,0.7666666666666667,0.90625,0.85
538200,0.75,0.9655172413793104,0.7666666666666667,0.90625,0.85
538500,0.75,0.9655172413793104,0.7666666666666667,0.90625,0.85
538800,0.75,0.9655172413793104,0.7666666666666667,0.90625,0.85
539100,0.75,0.9655172413793104,0.7666666666666667,0.90625,0.85
539400,0.75,0.9655172413793104,0.7666666666666667,0.90625,0.85
539700,0.75,0.9655172413793104,0.7666666666666667,0.90625,0.85
540000,0.75,0.9655172413793104,0.7666666666666667,0.90625,0.85
540300,0.75,0.9655172413793104,0.7666666666666667,0.90625,0.85
540600,0.75,0.9655172413793104,0.7666666666666667,0.90625,0.85
540900,0.75,0.9655172413793104,0.7666666666666667,0.90625,0.85
541200,0.75,0.9655172413793104,0.7666666666666667,0.90625,0.85
541500,0.75,0.9655172413793104,0.7666666666666667,0.90625,0.85
541800,0.75,0.9655172413793104,0.7666666666666667,0.90625,0.85
542100,0.75,0.9655172413793104,0.7666666666666667,0.90625,0.85
542400,0.75,0.9655172413793104,0.7666666666666667,0.90625,0.85
542700,0.75,0.9655172413793104,0.7666666666666667,0.90625,0.85
543000,0.75,0.9655172413793104,0.7666666666666667,0.90625,0.85
543300,0.75,0.9655172413793104,0.7666666666666667,0.90625,0.85
543600,0.75,0.9655172413793104,0.7666666666666667,0.90625,0.85
543900,0.75,0.9655172413793104,0.7666666666666667,0.90625,0.85
544200,0.75,0.9655172413793104,0.7666666666666667,0.90625,0.85
544500,0.75,0.9655172413793104,0.7666666666666667,0.90625,0.85
544800,0.75,0.9655172413793104,0.7666666666666667,0.90625,0.85
545100,0.75,0.9655172413793104,0.7666666666666667,0.90625,0.85
545400,0.75,0.9655172413793104,0.7666666666666667,0.90625,0.85
545700,0.75,0.9655172413793104,0.7666666666666667,0.90625,0.85
546000,0.75,0.9655172413793104,0.7666666666666667,0.90625,0.85
546300,0.75,0.9655172413793104,0.7666666666666667,0.90625,0.85
546600,0.75,0.9655172413793104,0.7666666666666667,0.90625,0.85
546900,0.75,0.9655172413793104,0.7666666666666667,0.90625,0.85
547200,0.75,0.9655172413793104,0.7666666666666667,0.90625,0.85
547500,0.75,0.9655172413793104,0.7666666666666667,0.90625,0.85
547800,0.75,0.9655172413793104,0.7666666666666667,0.90625,0.85
548100,0.75,0.9655172413793104,0.7666666666666667,0.90625,0.85
548400,0.75,0.9655172413793104,0.7666666666666667,0.90625,0.85
548700,0.75,0.9655172413793104,0.7666666666666667,0.90625,0.85
549000,0.75,0.9655172413793104,0.7666666666666667,0.90625,0.85
549300,0.75,0.9655172413793104,0.7666666666666667,0.90625,0.85
549600,0.75,0.9655172413793104,0.7666666666666667,0.90625,0.85
549900,0.75,0.9655172413793104,0.7666666666666667,0.90625,0.85
550200,0.75,0.9655172413793104,0.7666666666666667,0.90625,0.85
550500,0.75,0.9655172413793104,0.7666666666666667,0.90625,0.85
550800,0.75,0.9655172413793104,0.7666666666666667,0.90625,0.85
551100,0.75,0.9655172413793104,0.7666666666666667,0.90625,0.85
551400,0.75,0.9655172413793104,0.7666666666666667,0.90625,0.85
551700,0.75,0.9655172413793104,0.7666666666666667,0.90625,0.85
552000,0.75,0.9655172413793104,0.7666666666666667,0.90625,0.85
552300,0.75,0.9655172413793104,0.7666666666666667,0.90625,0.85
552600,0.75,0.9655172413793104,0.7666666666666667,0.90625,0.85
552900,0.75,0.9655172413793104,0.7666666666666667,0.90625,0.85
553200,0.75,0.9655172413793104,0.7666666666666667,0.90625,0.85
553500,0.75,0.9655172413793104,0.7666666666666667,0.90625,0.85
553800,0.75,0.9655172413793104,0.7666666666666667,0.90625,0.85
554100,0.75,0.9655172413793104,0.7666666666666667,0.90625,0.85
554400,0.75,0.9655172413793104,0.7666666666666667,0.90625,0.85
554700,0.75,0.9655172413793104,0.7666666666666667,0.90625,0.85
555000,0.75,0.9655172413793104,0.7666666666666667,0.90625,0.85
555300,0.75,0.9655172413793104,0.7666666666666667,0.90625,0.85
555600,0.75,0.9655172413793104,0.7666666666666667,0.90625,0.85
555900,0.75,0.9655172413793104,0.7666666666666667,0.90625,0.85
556200,0.75,0.9655172413793104,0.7666666666666667,0.90625,0.85
556500,0.75,0.9655172413793104,0.7666666666666667,0.90625,0.85
556800,0.75,0.9655172413793104,0.6333333333333333,0.9375,0.8
557100,0.75,0.9655172413793104,0.6666666666666666,0.9375,0.8
557400,0.75,0.9655172413793104,0.0,0.0,0.0
557700,0.7,0.9655172413793104,0.7,0.90625,0.65
558000,0.7,0.9655172413793104,0.7,0.90625,0.65
558300,0.7,0.9655172413793104,0.6,0.90625,0.65
558600,0.65,0.9655172413793104,0.5666666666666667,0.90625,0.75
558900,0.7,0.9655172413793104,0.5666666666666667,0.96875,0.7
559200,0.7,0.9655172413793104,0.5666666666666667,0.96875,0.65
559500,0.75,0.9655172413793104,0.6333333333333333,0.90625,0.75
559800,0.8,0.9655172413793104,0.6666666666666666,0.90625,0.8
560100,0.8,0.9655172413793104,0.6,0.90625,0.8
560400,0.75,0.9655172413793104,0.7,0.9375,0.85
560700,0.6,0.896551724137931,0.6666666666666666,0.96875,0.8
561000,0.55,0.8620689655172413,0.6,0.96875,0.8
561300,0.45,0.8620689655172413,0.6,0.9375,0.85
561600,0.25,0.8620689655172413,0.5333333333333333,0.90625,0.85
561900,0.1,0.7586206896551724,0.36666666666666664,0.8125,0.65
562200,0.0,0.7586206896551724,0.23333333333333334,0.71875,0.55
562500,0.05,0.7241379310344828,0.23333333333333334,0.625,0.6
562800,0.0,0.6896551724137931,0.2,0.53125,0.6
563100,0.0,0.6551724137931034,0.1,0.46875,0.45
563400,0.05,0.6206896551724138,0.1,0.34375,0.1
563700,0.05,0.6551724137931034,0.06666666666666667,0.3125,0.05
564000,0.25,0.5862068965517241,0.03333333333333333,0.28125,0.0
564300,0.15,0.5862068965517241,0.13333333333333333,0.25,0.05
564600,0.05,0.6551724137931034,0.13333333333333333,0.25,0.0
564900,0.1,0.5862068965517241,0.13333333333333333,0.4375,0.05
565200,0.15,0.5862068965517241,0.23333333333333334,0.53125,0.0
565500,0.3,0.5517241379310345,0.3333333333333333,0.53125,0.2
565800,0.35,0.6551724137931034,0.3,0.375,0.25
566100,0.2,0.5862068965517241,0.06666666666666667,0.34375,0.1
566400,0.15,0.5517241379310345,0.03333333333333333,0.4375,0.15
566700,0.25,0.6551724137931034,0.03333333333333333,0.4375,0.3
567000,0.15,0.6206896551724138,0.1,0.40625,0.3
567300,0.15,0.6896551724137931,0.06666666666666667,0.375,0.2
567600,0.3,0.7241379310344828,0.13333333333333333,0.34375,0.2
567900,0.3,0.7241379310344828,0.13333333333333333,0.40625,0.3
568200,0.4,0.7241379310344828,0.26666666666666666,0.375,0.4
568500,0.35,0.7586206896551724,0.26666666666666666,0.34375,0.35
568800,0.35,0.7241379310344828,0.2,0.40625,0.35
569100,0.45,0.7241379310344828,0.3333333333333333,0.4375,0.35
569400,0.6,0.7241379310344828,0.4666666666666667,0.625,0.55
569700,0.65,0.6896551724137931,0.5333333333333333,0.6875,0.65
570000,0.65,0.6896551724137931,0.5666666666666667,0.78125,0.75
570300,0.65,0.7586206896551724,0.6666666666666666,0.84375,0.75
570600,0.65,0.7586206896551724,0.6333333333333333,0.84375,0.9
570900,0.7,0.7586206896551724,0.7,0.90625,0.8
571200,0.8,0.7586206896551724,0.7,0.875,0.85
571500,0.8,0.7241379310344828,0.7,0.90625,0.8
571800,0.8,0.7241379310344828,0.7333333333333333,0.90625,0.75
572100,0.0,0.8275862068965517,0.8,0.90625,0.8
572400,0.85,0.8620689655172413,0.8333333333333334,0.9375,0.8
572700,0.85,0.8620689655172413,0.8333333333333334,0.90625,0.75
573000,0.85,0.8620689655172413,0.8,0.90625,0.75
573300,0.85,0.8620689655172413,0.8666666666666667,0.90625,0.75
573600,0.9,0.896551724137931,0.9333333333333333,0.9375,0.75
573900,0.9,0.896551724137931,1.0,0.96875,0.65
574200,0.9,0.896551724137931,1.0,0.96875,0.65
574500,0.9,0.9310344827586207,0.9666666666666667,0.96875,0.75
574800,0.85,0.9310344827586207,0.8666666666666667,0.96875,0.7
575100,0.85,0.896551724137931,0.8666666666666667,0.96875,0.8
575400,0.8,0.8620689655172413,0.8666666666666667,0.9375,0.85
575700,0.8,0.8620689655172413,0.8666666666666667,0.90625,0.85
576000,0.65,0.8620689655172413,0.8333333333333334,0.90625,0.9
576300,0.55,0.8275862068965517,0.7666666666666667,0.875,0.9
576600,0.6,0.7931034482758621,0.8,0.90625,0.85
576900,0.65,0.7931034482758621,0.8,0.96875,0.9
577200,0.6,0.7931034482758621,0.8,0.9375,0.85
577500,0.6,0.8275862068965517,0.7666666666666667,0.9375,0.7
577800,0.7,0.8275862068965517,0.7333333333333333,0.9375,0.7
578100,0.7,0.8620689655172413,0.7,0.90625,0.65
578400,0.75,0.8620689655172413,0.7666666666666667,0.90625,0.7
578700,0.8,0.8620689655172413,0.7666666666666667,0.90625,0.7
579000,0.8,0.8620689655172413,0.7666666666666667,0.875,0.75
579300,0.0,0.8620689655172413,0.7333333333333333,0.90625,0.7
579600,0.7,0.8620689655172413,0.7,0.9375,0.7
579900,0.65,0.8275862068965517,0.7333333333333333,0.9375,0.8
580200,0.7,0.7586206896551724,0.7333333333333333,0.9375,0.8
580500,0.65,0.7931034482758621,0.7666666666666667,0.9375,0.7
580800,0.55,0.8275862068965517,0.7666666666666667,0.9375,0.6
581100,0.55,0.8275862068965517,0.7666666666666667,0.9375,0.65
581400,0.4,0.8620689655172413,0.7333333333333333,0.9375,0.75
581700,0.4,0.8620689655172413,0.7333333333333333,0.9375,0.8
582000,0.35,0.8620689655172413,0.7,0.9375,0.85
582300,0.45,0.8620689655172413,0.6666666666666666,0.9375,0.85
582600,0.55,0.8620689655172413,0.6333333333333333,0.9375,0.85
582900,0.65,0.896551724137931,0.6333333333333333,0.9375,0.85
583200,0.65,0.8620689655172413,0.7666666666666667,0.9375,0.9
583500,0.7,0.8620689655172413,0.7333333333333333,0.9375,0.9
583800,0.75,0.8620689655172413,0.8,0.9375,0.9
584100,0.7,0.8620689655172413,0.9,0.9375,0.9
584400,0.7,0.8620689655172413,0.9,0.96875,0.9
584700,0.75,0.8620689655172413,0.9333333333333333,0.96875,0.95
585000,0.8,0.8620689655172413,0.9333333333333333,1.0,0.9
585300,0.8,0.896551724137931,0.9333333333333333,1.0,0.9
585600,0.8,0.896551724137931,0.9333333333333333,1.0,0.9
585900,0.85,0.896551724137931,0.9333333333333333,1.0,0.9
586200,0.85,0.896551724137931,0.8666666666666667,0.96875,0.8
586500,0.0,0.896551724137931,0.0,0.0,0.0
586800,0.85,0.896551724137931,0.8666666666666667,0.9375,0.9
587100,0.75,0.896551724137931,0.7,0.875,0.85
587400,0.75,0.896551724137931,0.5666666666666667,0.8125,0.85
587700,0.65,0.8620689655172413,0.5,0.75,0.8
588000,0.55,0.896551724137931,0.36666666666666664,0.65625,0.7
588300,0.55,0.8620689655172413,0.36666666666666664,0.625,0.7
588600,0.45,0.8275862068965517,0.26666666666666666,0.5625,0.65
588900,0.5,0.7586206896551724,0.26666666666666666,0.5625,0.55
589200,0.55,0.7931034482758621,0.26666666666666666,0.59375,0.5
589500,0.45,0.7931034482758621,0.23333333333333334,0.59375,0.3
589800,0.4,0.7241379310344828,0.3333333333333333,0.5,0.25
590100,0.4,0.6896551724137931,0.26666666666666666,0.65625,0.25
590400,0.4,0.6551724137931034,0.3,0.625,0.25
590700,0.4,0.6551724137931034,0.36666666666666664,0.71875,0.25
591000,0.45,0.7241379310344828,0.36666666666666664,0.78125,0.2
591300,0.5,0.7586206896551724,0.43333333333333335,0.75,0.25
591600,0.5,0.7586206896551724,0.43333333333333335,0.75,0.25
591900,0.5,0.7586206896551724,0.43333333333333335,0.75,0.25
592200,0.5,0.7586206896551724,0.43333333333333335,0.75,0.25
592500,0.5,0.7586206896551724,0.43333333333333335,0.75,0.25
592800,0.5,0.7586206896551724,0.43333333333333335,0.75,0.25
593100,0.5,0.7586206896551724,0.43333333333333335,0.75,0.25
593400,0.5,0.7586206896551724,0.43333333333333335,0.75,0.25
593700,0.5,0.7586206896551724,0.43333333333333335,0.75,0.25
594000,0.5,0.7586206896551724,0.43333333333333335,0.75,0.25
594300,0.5,0.7586206896551724,0.43333333333333335,0.75,0.25
594600,0.5,0.7586206896551724,0.43333333333333335,0.75,0.25
594900,0.5,0.7586206896551724,0.43333333333333335,0.75,0.25
595200,0.1,0.896551724137931,0.7666666666666667,0.5625,0.7
595500,0.1,0.896551724137931,0.7666666666666667,0.5625,0.7
595800,0.25,0.8620689655172413,0.6666666666666666,0.53125,0.8
596100,0.35,0.7931034482758621,0.6666666666666666,0.53125,0.8
596400,0.5,0.7931034482758621,0.7,0.5625,0.8
596700,0.6,0.7931034482758621,0.6666666666666666,0.59375,0.9
597000,0.65,0.8275862068965517,0.6666666666666666,0.59375,0.85
597300,0.55,0.8620689655172413,0.7333333333333333,0.53125,0.85
597600,0.65,0.896551724137931,0.6333333333333333,0.53125,0.8
597900,0.8,0.8275862068965517,0.7333333333333333,0.59375,0.8
598200,0.7,0.8275862068965517,0.7666666666666667,0.625,0.8
598500,0.7,0.8275862068965517,0.7333333333333333,0.65625,0.85
598800,0.7,0.896551724137931,0.8,0.71875,0.8
599100,0.75,0.8620689655172413,0.8,0.75,0.8
599400,0.65,0.7931034482758621,0.8,0.8125,0.7
599700,0.7,0.7586206896551724,0.7666666666666667,0.8125,0.6
600000,0.8,0.7931034482758621,0.8,0.78125,0.65
600300,0.75,0.7931034482758621,0.8333333333333334,0.71875,0.7
600600,0.8,0.7931034482758621,0.8333333333333334,0.6875,0.65
600900,0.8,0.7931034482758621,0.0,0.0,0.0
601200,0.75,0.7931034482758621,0.8666666666666667,0.59375,0.6
601500,0.75,0.8275862068965517,0.8333333333333334,0.5,0.6
601800,0.8,0.8275862068965517,0.8666666666666667,0.46875,0.7
602100,0.75,0.8620689655172413,0.8666666666666667,0.375,0.8
602400,0.75,0.8620689655172413,0.8333333333333334,0.40625,0.9
602700,0.85,0.8275862068965517,0.8333333333333334,0.4375,0.95
603000,0.8,0.7586206896551724,0.8,0.4375,0.9
603300,0.8,0.7931034482758621,0.8,0.53125,0.8
603600,0.8,0.7931034482758621,0.8333333333333334,0.46875,0.7
603900,0.7,0.7586206896551724,0.7666666666666667,0.375,0.7
604200,0.7,0.7241379310344828,0.7666666666666667,0.375,0.65
604500,0.65,0.7241379310344828,0.7333333333333333,0.46875,0.6
604800,0.5,0.6896551724137931,0.4666666666666667,0.375,0.45
605100,0.4,0.6551724137931034,0.26666666666666666,0.25,0.2
605400,0.25,0.6896551724137931,0.1,0.1875,0.1
605700,0.35,0.5172413793103449,0.03333333333333333,0.15625,0.1
606000,0.45,0.5517241379310345,0.03333333333333333,0.0625,0.1
606300,0.45,0.3793103448275862,0.03333333333333333,0.03125,0.15
606600,0.45,0.3793103448275862,0.03333333333333333,0.03125,0.15
606900,0.5,0.41379310344827586,0.1,0.0,0.1
607200,0.45,0.4482758620689655,0.06666666666666667,0.03125,0.0
607500,0.55,0.4827586206896552,0.06666666666666667,0.0,0.05
607800,0.55,0.41379310344827586,0.03333333333333333,0.03125,0.0
608100,0.5,0.3448275862068966,0.03333333333333333,0.125,0.05
608400,0.6,0.3103448275862069,0.0,0.0,0.0
608700,0.65,0.27586206896551724,0.13333333333333333,0.15625,0.3
609000,0.6,0.27586206896551724,0.1,0.09375,0.2
609300,0.6,0.3448275862068966,0.2,0.125,0.45
609600,0.6,0.3448275862068966,0.16666666666666666,0.0625,0.25
609900,0.5,0.3448275862068966,0.0,0.125,0.2
610200,0.45,0.3793103448275862,0.13333333333333333,0.15625,0.05
610500,0.5,0.4482758620689655,0.13333333333333333,0.09375,0.1
610800,0.55,0.5172413793103449,0.06666666666666667,0.09375,0.05
611100,0.65,0.3793103448275862,0.16666666666666666,0.1875,0.05
611400,0.65,0.3448275862068966,0.1,0.15625,0.0
611700,0.55,0.41379310344827586,0.13333333333333333,0.15625,0.1
612000,0.55,0.4482758620689655,0.16666666666666666,0.15625,0.1
612300,0.55,0.4482758620689655,0.06666666666666667,0.15625,0.25
612600,0.55,0.5517241379310345,0.1,0.21875,0.1
612900,0.65,0.5172413793103449,0.13333333333333333,0.21875,0.15
613200,0.8,0.5862068965517241,0.16666666666666666,0.3125,0.1
613500,0.8,0.5517241379310345,0.2,0.4375,0.1
613800,0.75,0.4827586206896552,0.4,0.40625,0.1
614100,0.8,0.5862068965517241,0.4,0.375,0.1
614400,0.8,0.5862068965517241,0.5,0.375,0.1
614700,0.8,0.6551724137931034,0.3333333333333333,0.34375,0.05
615000,0.7,0.6206896551724138,0.3333333333333333,0.34375,0.05
615300,0.7,0.6896551724137931,0.36666666666666664,0.28125,0.15
615600,0.65,0.6551724137931034,0.3333333333333333,0.28125,0.2
615900,0.5,0.6206896551724138,0.0,0.0,0.0
616200,0.45,0.6206896551724138,0.3,0.3125,0.1
616500,0.4,0.6896551724137931,0.26666666666666666,0.34375,0.1
616800,0.4,0.6896551724137931,0.23333333333333334,0.375,0.1
617100,0.5,0.7241379310344828,0.2,0.34375,0.15
617400,0.55,0.7586206896551724,0.16666666666666666,0.46875,0.05
617700,0.55,0.7931034482758621,0.16666666666666666,0.46875,0.1
618000,0.55,0.7931034482758621,0.23333333333333334,0.40625,0.2
618300,0.6,0.7931034482758621,0.26666666666666666,0.4375,0.2
618600,0.6,0.7586206896551724,0.36666666666666664,0.5,0.15
618900,0.65,0.7931034482758621,0.4,0.5625,0.05
619200,0.65,0.7931034482758621,0.4,0.5625,0.05
619500,0.65,0.7931034482758621,0.5,0.46875,0.0
619800,0.75,0.7931034482758621,0.5333333333333333,0.46875,0.1
620100,0.75,0.7931034482758621,0.4666666666666667,0.4375,0.15
620400,0.65,0.7931034482758621,0.4,0.53125,0.1
620700,0.7,0.7931034482758621,0.36666666666666664,0.5,0.1
621000,0.65,0.7931034482758621,0.3333333333333333,0.4375,0.0
621300,0.6,0.7241379310344828,0.26666666666666666,0.40625,0.15
621600,0.6,0.7241379310344828,0.3,0.46875,0.1
621900,0.6,0.7586206896551724,0.3333333333333333,0.5,0.05
622200,0.6,0.7586206896551724,0.43333333333333335,0.53125,0.25
622500,0.65,0.7586206896551724,0.3333333333333333,0.65625,0.05
622800,0.6,0.7586206896551724,0.3,0.75,0.15
623100,0.6,0.7586206896551724,0.26666666666666666,0.71875,0.2
623400,0.55,0.7586206896551724,0.26666666666666666,0.71875,0.1
623700,0.55,0.7931034482758621,0.3333333333333333,0.71875,0.05
624000,0.45,0.8620689655172413,0.3333333333333333,0.75,0.05
624300,0.35,0.8275862068965517,0.36666666666666664,0.6875,0.05
624600,0.3,0.8275862068965517,0.36666666666666664,0.625,0.05
624900,0.25,0.7586206896551724,0.3333333333333333,0.53125,0.1
625200,0.3,0.7931034482758621,0.3,0.46875,0.25
625500,0.3,0.7586206896551724,0.3333333333333333,0.40625,0.3
625800,0.3,0.7586206896551724,0.3,0.46875,0.2
626100,0.35,0.7586206896551724,0.2,0.4375,0.15
626400,0.4,0.6551724137931034,0.13333333333333333,0.34375,0.1
626700,0.35,0.6896551724137931,0.2,0.3125,0.1
627000,0.3,0.7241379310344828,0.23333333333333334,0.25,0.05
627300,0.45,0.7241379310344828,0.2,0.125,0.05
627600,0.55,0.7241379310344828,0.16666666666666666,0.21875,0.05
627900,0.6,0.5172413793103449,0.13333333333333333,0.28125,0.05
628200,0.55,0.4827586206896552,0.2,0.3125,0.2
628500,0.4,0.41379310344827586,0.16666666666666666,0.25,0.05
628800,0.3,0.4482758620689655,0.13333333333333333,0.125,0.1
629100,0.25,0.4482758620689655,0.1,0.0625,0.15
629400,0.2,0.3793103448275862,0.1,0.1875,0.1
629700,0.2,0.3448275862068966,0.06666666666666667,0.15625,0.2
630000,0.3,0.4827586206896552,0.13333333333333333,0.21875,0.2
630300,0.25,0.5862068965517241,0.06666666666666667,0.3125,0.0
630600,0.2,0.7241379310344828,0.03333333333333333,0.21875,0.25
630900,0.3,0.7586206896551724,0.1,0.1875,0.4
631200,0.3,0.7586206896551724,0.1,0.1875,0.4
631500,0.35,0.7586206896551724,0.16666666666666666,0.25,0.3
631800,0.3,0.7931034482758621,0.2,0.3125,0.25
632100,0.3,0.8275862068965517,0.26666666666666666,0.3125,0.2
632400,0.35,0.896551724137931,0.23333333333333334,0.3125,0.25
632700,0.4,0.9655172413793104,0.4,0.375,0.35
633000,0.35,0.9655172413793104,0.43333333333333335,0.375,0.4
633300,0.25,0.896551724137931,0.5333333333333333,0.375,0.45
633600,0.3,0.896551724137931,0.5333333333333333,0.4375,0.45
633900,0.3,0.8620689655172413,0.5,0.53125,0.6
634200,0.4,0.896551724137931,0.6,0.65625,0.7
634500,0.45,0.896551724137931,0.7,0.6875,0.75
634800,0.35,0.8620689655172413,0.7,0.75,0.8
635100,0.3,0.8620689655172413,0.7333333333333333,0.78125,0.9
635400,0.4,0.8620689655172413,0.7333333333333333,0.78125,0.95
635700,0.4,0.8275862068965517,0.8,0.8125,0.95
636000,0.45,0.8620689655172413,0.8333333333333334,0.8125,0.95
636300,0.45,0.8620689655172413,0.8333333333333334,0.8125,0.95
636600,0.6,0.9310344827586207,0.8333333333333334,0.78125,0.9
636900,0.0,0.9655172413793104,0.8,0.78125,0.85
637200,0.55,0.9655172413793104,0.7666666666666667,0.75,0.85
637500,0.6,0.9655172413793104,0.8333333333333334,0.71875,0.9
637800,0.65,0.9655172413793104,0.8,0.75,0.9
638100,0.75,0.9310344827586207,0.8,0.71875,0.9
638400,0.75,0.9310344827586207,0.7333333333333333,0.71875,0.75
638700,0.8,0.9310344827586207,0.7666666666666667,0.75,0.7
639000,0.8,0.9310344827586207,0.7333333333333333,0.75,0.65
639300,0.8,0.9655172413793104,0.6333333333333333,0.78125,0.7
639600,0.9,0.896551724137931,0.5666666666666667,0.8125,0.65
639900,0.9,0.896551724137931,0.5666666666666667,0.875,0.5
640200,0.9,0.896551724137931,0.5666666666666667,0.875,0.5
640500,0.85,0.896551724137931,0.5,0.9375,0.45
640800,0.85,0.896551724137931,0.5,0.9375,0.45
641100,0.75,0.896551724137931,0.43333333333333335,0.90625,0.45
641400,0.75,0.896551724137931,0.5,0.875,0.4
641700,0.75,0.9310344827586207,0.5666666666666667,0.90625,0.5
642000,0.75,0.9310344827586207,0.6,0.90625,0.7
642300,0.7,0.9655172413793104,0.6333333333333333,0.90625,0.75
642600,0.7,0.9310344827586207,0.6,0.9375,0.8
642900,0.6,0.9310344827586207,0.6666666666666666,0.9375,0.85
643200,0.55,0.9310344827586207,0.6666666666666666,0.9375,0.8
643500,0.6,0.9310344827586207,0.6,0.96875,0.8
643800,0.6,0.9310344827586207,0.6666666666666666,0.96875,0.8
644100,0.0,0.9310344827586207,0.7333333333333333,0.96875,0.85
644400,0.65,0.9310344827586207,0.6333333333333333,0.96875,0.85
644700,0.65,0.896551724137931,0.7,0.96875,0.8
645000,0.6,0.896551724137931,0.7,0.96875,0.8
645300,0.7,0.8275862068965517,0.0,0.0,0.0
645600,0.65,0.7931034482758621,0.7333333333333333,0.96875,0.75
645900,0.65,0.7931034482758621,0.7666666666666667,0.9375,0.75
646200,0.65,0.8275862068965517,0.7333333333333333,0.875,0.75
646500,0.6,0.7931034482758621,0.7,0.875,0.75
646800,0.55,0.8275862068965517,0.5666666666666667,0.8125,0.8
647100,0.55,0.8275862068965517,0.43333333333333335,0.78125,0.8
647400,0.5,0.8620689655172413,0.26666666666666666,0.8125,0.8
647700,0.35,0.896551724137931,0.2,0.78125,0.75
648000,0.3,0.8620689655172413,0.2,0.8125,0.65
648300,0.15,0.7931034482758621,0.06666666666666667,0.8125,0.45
648600,0.15,0.7931034482758621,0.06666666666666667,0.8125,0.45
648900,0.1,0.7586206896551724,0.0,0.75,0.35
649200,0.05,0.7586206896551724,0.03333333333333333,0.75,0.2
649500,0.15,0.5862068965517241,0.0,0.6875,0.1
649800,0.2,0.5862068965517241,0.03333333333333333,0.5,0.05
650100,0.15,0.5172413793103449,0.06666666666666667,0.53125,0.05
650400,0.2,0.4482758620689655,0.06666666666666667,0.46875,0.05
650700,0.1,0.4482758620689655,0.06666666666666667,0.40625,0.05
651000,0.1,0.4482758620689655,0.1,0.25,0.15
651300,0.15,0.4482758620689655,0.2,0.28125,0.2
651600,0.1,0.5517241379310345,0.16666666666666666,0.3125,0.25
651900,0.15,0.5172413793103449,0.23333333333333334,0.34375,0.35
652200,0.15,0.4482758620689655,0.16666666666666666,0.3125,0.15
652500,0.3,0.4827586206896552,0.0,0.0,0.0
652800,0.4,0.4482758620689655,0.13333333333333333,0.25,0.25
653100,0.4,0.41379310344827586,0.23333333333333334,0.1875,0.1
653400,0.35,0.4827586206896552,0.23333333333333334,0.15625,0.1
653700,0.3,0.5862068965517241,0.16666666666666666,0.28125,0.15
654000,0.3,0.6551724137931034,0.1,0.40625,0.05
654300,0.25,0.6896551724137931,0.16666666666666666,0.4375,0.1
654600,0.3,0.7241379310344828,0.3,0.4375,0.15
654900,0.4,0.6896551724137931,0.26666666666666666,0.53125,0.25
655200,0.6,0.8620689655172413,0.26666666666666666,0.53125,0.3
655500,0.65,0.8620689655172413,0.3,0.65625,0.25
655800,0.65,0.9310344827586207,0.36666666666666664,0.65625,0.5
656100,0.55,0.896551724137931,0.4666666666666667,0.8125,0.55
656400,0.45,0.9310344827586207,0.4666666666666667,0.78125,0.4
656700,0.55,0.9310344827586207,0.5666666666666667,0.90625,0.4
657000,0.5,0.9655172413793104,0.5666666666666667,0.9375,0.5
657300,0.5,0.9655172413793104,0.6,0.90625,0.55
657600,0.55,0.9655172413793104,0.6666666666666666,0.90625,0.65
657900,0.6,0.9655172413793104,0.7666666666666667,0.9375,0.65
658200,0.6,0.9655172413793104,0.7666666666666667,0.9375,0.75
658500,0.65,0.9655172413793104,0.8,0.90625,0.75
658800,0.6,0.9655172413793104,0.8333333333333334,0.90625,0.65
659100,0.6,0.9655172413793104,0.8333333333333334,0.90625,0.7
659400,0.6,0.9655172413793104,0.8333333333333334,0.90625,0.7
659700,0.65,0.9655172413793104,0.8333333333333334,0.90625,0.7
660000,0.55,0.9310344827586207,0.0,0.0,0.0
660300,0.55,0.9310344827586207,0.7333333333333333,0.875,0.8
660600,0.55,0.9310344827586207,0.6666666666666666,0.90625,0.85
660900,0.6,0.9310344827586207,0.7,0.9375,0.85
661200,0.65,0.9655172413793104,0.7,0.90625,0.85
661500,0.65,1.0,0.7333333333333333,0.875,0.8
661800,0.7,1.0,0.7,0.875,0.75
662100,0.75,0.9655172413793104,0.6666666666666666,0.90625,0.75
662400,0.6,0.9655172413793104,0.7,0.875,0.75
662700,0.5,0.9655172413793104,0.6666666666666666,0.875,0.8
663000,0.45,0.9310344827586207,0.7,0.875,0.75
663300,0.45,0.9310344827586207,0.7333333333333333,0.875,0.7
663600,0.5,0.9310344827586207,0.7666666666666667,0.84375,0.7
663900,0.5,0.896551724137931,0.8333333333333334,0.84375,0.75
664200,0.55,0.8620689655172413,0.8666666666666667,0.875,0.85
664500,0.6,0.8620689655172413,0.8333333333333334,0.875,0.8
664800,0.7,0.8620689655172413,0.7666666666666667,0.90625,0.75
665100,0.75,0.896551724137931,0.7666666666666667,0.875,0.8
665400,0.7,0.9310344827586207,0.8333333333333334,0.9375,0.75
665700,0.0,0.9310344827586207,0.8666666666666667,0.9375,0.8
666000,0.65,0.9310344827586207,0.9,0.90625,0.8
666300,0.65,0.9655172413793104,0.9,0.9375,0.8
666600,0.7,0.9655172413793104,0.8333333333333334,0.9375,0.8
666900,0.8,1.0,0.8333333333333334,0.96875,0.0
667200,0.9,1.0,0.7,1.0,0.9
667500,0.9,1.0,0.7,1.0,0.9
667800,0.85,1.0,0.6333333333333333,0.96875,0.85
668100,0.85,1.0,0.6333333333333333,0.96875,0.8
668400,0.85,1.0,0.6666666666666666,0.96875,0.8
668700,0.75,1.0,0.6666666666666666,0.9375,0.8
669000,0.75,1.0,0.6666666666666666,0.9375,0.8
669300,0.75,0.9655172413793104,0.6666666666666666,0.96875,0.75
669600,0.7,0.9655172413793104,0.7666666666666667,0.875,0.75
669900,0.7,0.9655172413793104,0.8,0.875,0.8
670200,0.75,0.9655172413793104,0.8333333333333334,0.875,0.9
670500,0.7,0.9655172413793104,0.8666666666666667,0.84375,0.9
670800,0.65,1.0,0.9333333333333333,0.875,0.8
671100,0.65,1.0,0.9,0.875,0.75
671400,0.6,0.9655172413793104,0.9666666666666667,0.84375,0.75
671700,0.65,0.896551724137931,0.9666666666666667,0.8125,0.75
672000,0.7,0.896551724137931,0.9333333333333333,0.78125,0.75
672300,0.7,0.896551724137931,0.9333333333333333,0.8125,0.7
672600,0.75,0.896551724137931,0.9333333333333333,0.78125,0.85
672900,0.75,0.8620689655172413,0.8666666666666667,0.8125,0.85
673200,0.75,0.8620689655172413,0.8666666666666667,0.8125,0.85
673500,0.75,0.8620689655172413,0.8,0.8125,0.85
673800,0.75,0.8620689655172413,0.6333333333333333,0.8125,0.8
674100,0.65,0.8275862068965517,0.5666666666666667,0.78125,0.75
674400,0.5,0.8275862068965517,0.0,0.0,0.0
674700,0.55,0.8275862068965517,0.43333333333333335,0.75,0.55
675000,0.55,0.8275862068965517,0.3,0.75,0.55
675300,0.4,0.8275862068965517,0.23333333333333334,0.75,0.5
675600,0.4,0.8275862068965517,0.3,0.78125,0.5
675900,0.4,0.8620689655172413,0.4,0.71875,0.55
676200,0.4,0.896551724137931,0.36666666666666664,0.6875,0.6
676500,0.25,0.896551724137931,0.26666666666666666,0.6875,0.65
676800,0.25,0.8620689655172413,0.3,0.625,0.75
677100,0.2,0.8275862068965517,0.3333333333333333,0.5625,0.7
677400,0.2,0.8275862068965517,0.23333333333333334,0.5,0.75
677700,0.2,0.8275862068965517,0.23333333333333334,0.5625,0.75
678000,0.3,0.7586206896551724,0.26666666666666666,0.5625,0.7
678300,0.4,0.7241379310344828,0.43333333333333335,0.5,0.6
678600,0.4,0.7241379310344828,0.5666666666666667,0.53125,0.45
678900,0.3,0.6896551724137931,0.5,0.5,0.4
679200,0.25,0.7586206896551724,0.5,0.46875,0.4
679500,0.35,0.6896551724137931,0.5333333333333333,0.53125,0.3
679800,0.4,0.7241379310344828,0.6333333333333333,0.59375,0.35
680100,0.4,0.7241379310344828,0.6333333333333333,0.59375,0.35
680400,0.4,0.7241379310344828,0.6333333333333333,0.5625,0.35
680700,0.45,0.6896551724137931,0.6666666666666666,0.5,0.45
681000,0.45,0.6551724137931034,0.6666666666666666,0.5625,0.55
681300,0.35,0.6551724137931034,0.6666666666666666,0.59375,0.55
681600,0.35,0.6551724137931034,0.7333333333333333,0.59375,0.55
681900,0.4,0.6206896551724138,0.0,0.0,0.0
682200,0.35,0.6206896551724138,0.7333333333333333,0.625,0.6
682500,0.3,0.6551724137931034,0.7,0.625,0.55
682800,0.35,0.6551724137931034,0.6333333333333333,0.625,0.55
683100,0.4,0.7586206896551724,0.6,0.625,0.6
683400,0.35,0.7586206896551724,0.6333333333333333,0.59375,0.7
683700,0.3,0.8275862068965517,0.6666666666666666,0.59375,0.7
684000,0.45,0.8620689655172413,0.6,0.625,0.75
684300,0.5,0.8620689655172413,0.6,0.625,0.85
684600,0.65,0.896551724137931,0.6333333333333333,0.625,0.8
684900,0.6,0.896551724137931,0.6666666666666666,0.625,0.8
685200,0.6,0.9310344827586207,0.5666666666666667,0.625,0.75
685500,0.55,0.9310344827586207,0.5666666666666667,0.59375,0.75
685800,0.55,0.9310344827586207,0.6333333333333333,0.65625,0.8
686100,0.6,0.8620689655172413,0.6666666666666666,0.6875,0.85
686400,0.55,0.8275862068965517,0.7,0.71875,0.85
686700,0.5,0.8275862068965517,0.7333333333333333,0.71875,0.9
687000,0.7,0.8620689655172413,0.8333333333333334,0.71875,0.9
687300,0.65,0.8620689655172413,0.8,0.75,0.9
687600,0.65,0.8620689655172413,0.8,0.75,0.85
687900,0.7,0.896551724137931,0.8,0.71875,0.8
688200,0.65,0.9310344827586207,0.8333333333333334,0.59375,0.8
688500,0.65,0.9310344827586207,0.8666666666666667,0.59375,0.75
688800,0.8,0.9310344827586207,0.8333333333333334,0.4375,0.75
689100,0.8,0.9310344827586207,0.0,0.0,0.0
689400,0.8,0.9310344827586207,0.9333333333333333,0.40625,0.7
689700,0.8,0.9310344827586207,0.9333333333333333,0.40625,0.7
690000,0.8,0.8275862068965517,0.8666666666666667,0.34375,0.55
690300,0.7,0.8275862068965517,0.8333333333333334,0.3125,0.5
690600,0.8,0.7931034482758621,0.8666666666666667,0.4375,0.4
690900,0.8,0.7931034482758621,0.7666666666666667,0.53125,0.4
691200,0.85,0.6896551724137931,0.6,0.53125,0.45
691500,0.9,0.6896551724137931,0.3333333333333333,0.40625,0.35
691800,0.75,0.6206896551724138,0.16666666666666666,0.28125,0.1
692100,0.7,0.4827586206896552,0.1,0.25,0.1
692400,0.75,0.3448275862068966,0.0,0.1875,0.1
692700,0.6,0.1724137931034483,0.0,0.03125,0.0
693000,0.55,0.1724137931034483,0.06666666666666667,0.0,0.0
693300,0.45,0.13793103448275862,0.0,0.0,0.15
693600,0.4,0.10344827586206896,0.06666666666666667,0.0625,0.05
693900,0.4,0.06896551724137931,0.03333333333333333,0.0,0.05
694200,0.3,0.06896551724137931,0.1,0.0625,0.05
694500,0.3,0.034482758620689655,0.1,0.0625,0.05
694800,0.3,0.10344827586206896,0.1,0.03125,0.25
695100,0.3,0.10344827586206896,0.06666666666666667,0.0625,0.25
695400,0.2,0.10344827586206896,0.0,0.03125,0.2
695700,0.2,0.10344827586206896,0.03333333333333333,0.03125,0.15
696000,0.2,0.27586206896551724,0.03333333333333333,0.125,0.1
696300,0.35,0.2413793103448276,0.0,0.0,0.0
696600,0.3,0.3103448275862069,0.06666666666666667,0.125,0.05
696900,0.35,0.27586206896551724,0.2,0.15625,0.1
697200,0.45,0.3103448275862069,0.16666666666666666,0.09375,0.05
697500,0.25,0.27586206896551724,0.26666666666666666,0.1875,0.15
697800,0.25,0.2413793103448276,0.36666666666666664,0.1875,0.15
698100,0.25,0.3448275862068966,0.36666666666666664,0.28125,0.05
698400,0.25,0.41379310344827586,0.2,0.28125,0.05
698700,0.25,0.41379310344827586,0.23333333333333334,0.15625,0.05
699000,0.25,0.4482758620689655,0.23333333333333334,0.1875,0.15
699300,0.2,0.4482758620689655,0.13333333333333333,0.15625,0.2
699600,0.2,0.4482758620689655,0.1,0.15625,0.2
699900,0.25,0.4482758620689655,0.16666666666666666,0.21875,0.1
700200,0.3,0.41379310344827586,0.23333333333333334,0.21875,0.15
700500,0.25,0.4482758620689655,0.23333333333333334,0.25,0.05
700800,0.3,0.5172413793103449,0.16666666666666666,0.3125,0.2
701100,0.3,0.5517241379310345,0.1,0.375,0.25
701400,0.15,0.5862068965517241,0.2,0.28125,0.25
701700,0.35,0.6206896551724138,0.03333333333333333,0.21875,0.15
702000,0.3,0.6551724137931034,0.1,0.125,0.0
702300,0.35,0.6206896551724138,0.26666666666666666,0.125,0.0
702600,0.25,0.6206896551724138,0.3333333333333333,0.1875,0.0
702900,0.25,0.5862068965517241,0.3,0.09375,0.05
703200,0.2,0.6206896551724138,0.2,0.09375,0.25
703500,0.2,0.6206896551724138,0.2,0.125,0.3
703800,0.25,0.5517241379310345,0.03333333333333333,0.1875,0.1
704100,0.3,0.5517241379310345,0.06666666666666667,0.15625,0.2
704400,0.25,0.5862068965517241,0.2,0.125,0.25
704700,0.25,0.5172413793103449,0.2,0.15625,0.1
705000,0.25,0.5517241379310345,0.23333333333333334,0.21875,0.05
705300,0.25,0.6206896551724138,0.23333333333333334,0.21875,0.05
705600,0.25,0.6551724137931034,0.23333333333333334,0.25,0.0
705900,0.25,0.6896551724137931,0.3333333333333333,0.3125,0.05
706200,0.3,0.6551724137931034,0.23333333333333334,0.28125,0.0
706500,0.3,0.6896551724137931,0.3,0.25,0.0
706800,0.3,0.6551724137931034,0.3333333333333333,0.34375,0.0
707100,0.15,0.6551724137931034,0.36666666666666664,0.40625,0.1
707400,0.4,0.6206896551724138,0.4666666666666667,0.53125,0.15
707700,0.45,0.6206896551724138,0.4666666666666667,0.53125,0.4
708000,0.3,0.5862068965517241,0.4666666666666667,0.46875,0.3
708300,0.2,0.5517241379310345,0.5333333333333333,0.5625,0.35
708600,0.2,0.5517241379310345,0.4666666666666667,0.53125,0.2
708900,0.2,0.5517241379310345,0.43333333333333335,0.59375,0.1
709200,0.2,0.5172413793103449,0.4666666666666667,0.5625,0.05
709500,0.15,0.4827586206896552,0.4666666666666667,0.5,0.1
709800,0.1,0.5172413793103449,0.43333333333333335,0.46875,0.05
710100,0.1,0.6206896551724138,0.5333333333333333,0.4375,0.0
710400,0.1,0.5517241379310345,0.6,0.375,0.1
710700,0.15,0.5862068965517241,0.6333333333333333,0.3125,0.05
711000,0.05,0.6206896551724138,0.0,0.0,0.0
711300,0.0,0.6206896551724138,0.5666666666666667,0.25,0.1
711600,0.05,0.7586206896551724,0.6,0.21875,0.05
711900,0.05,0.7586206896551724,0.4666666666666667,0.21875,0.1
712200,0.05,0.7586206896551724,0.3333333333333333,0.28125,0.2
712500,0.0,0.7241379310344828,0.36666666666666664,0.3125,0.1
712800,0.25,0.7586206896551724,0.36666666666666664,0.34375,0.2
713100,0.25,0.7931034482758621,0.3333333333333333,0.3125,0.25
713400,0.35,0.7586206896551724,0.23333333333333334,0.3125,0.2
713700,0.35,0.7241379310344828,0.3,0.28125,0.1
714000,0.6,0.7586206896551724,0.26666666666666666,0.28125,0.0
714300,0.7,0.7586206896551724,0.26666666666666666,0.28125,0.1
714600,0.65,0.7586206896551724,0.16666666666666666,0.34375,0.05
714900,0.65,0.7241379310344828,0.13333333333333333,0.3125,0.05
715200,0.55,0.7241379310344828,0.2,0.3125,0.05
715500,0.45,0.7241379310344828,0.23333333333333334,0.15625,0.2
715800,0.45,0.6206896551724138,0.2,0.125,0.05
716100,0.45,0.6206896551724138,0.2,0.0,0.05
716400,0.55,0.5517241379310345,0.16666666666666666,0.0625,0.15
716700,0.45,0.6206896551724138,0.06666666666666667,0.03125,0.05
717000,0.35,0.5862068965517241,0.03333333333333333,0.125,0.0
717300,0.3,0.5862068965517241,0.03333333333333333,0.0,0.05
717600,0.25,0.5517241379310345,0.06666666666666667,0.03125,0.15
717900,0.25,0.5517241379310345,0.06666666666666667,0.125,0.05
718200,0.25,0.5517241379310345,0.0,0.0,0.0
718500,0.25,0.5172413793103449,0.03333333333333333,0.09375,0.1
718800,0.2,0.5862068965517241,0.03333333333333333,0.09375,0.1
719100,0.3,0.6206896551724138,0.06666666666666667,0.03125,0.05
719400,0.25,0.6551724137931034,0.1,0.03125,0.05
719700,0.2,0.6551724137931034,0.16666666666666666,0.03125,0.1
720000,0.1,0.6551724137931034,0.16666666666666666,0.15625,0.05
720300,0.05,0.6551724137931034,0.1,0.15625,0.05
720600,0.25,0.6896551724137931,0.23333333333333334,0.21875,0.25
720900,0.25,0.6896551724137931,0.3333333333333333,0.53125,0.35
721200,0.25,0.6896551724137931,0.36666666666666664,0.6875,0.45
721500,0.35,0.7586206896551724,0.3333333333333333,0.71875,0.4
721800,0.4,0.7586206896551724,0.43333333333333335,0.75,0.55
722100,0.4,0.7586206896551724,0.5333333333333333,0.75,0.5
722400,0.45,0.7931034482758621,0.5333333333333333,0.78125,0.6
722700,0.5,0.8620689655172413,0.5666666666666667,0.84375,0.6
723000,0.5,0.8620689655172413,0.5666666666666667,0.8125,0.6
723300,0.5,0.8620689655172413,0.5666666666666667,0.8125,0.6
723600,0.5,0.8620689655172413,0.5666666666666667,0.8125,0.6
723900,0.5,0.8620689655172413,0.5666666666666667,0.8125,0.6
724200,0.5,0.8620689655172413,0.5666666666666667,0.8125,0.6
724500,0.5,0.8620689655172413,0.5666666666666667,0.8125,0.6
724800,0.5,0.8620689655172413,0.5666666666666667,0.8125,0.6
725100,0.5,0.8620689655172413,0.5666666666666667,0.8125,0.6
725400,0.5,0.8620689655172413,0.5666666666666667,0.8125,0.6
725700,0.5,0.8620689655172413,0.5666666666666667,0.8125,0.6
726000,0.5,0.8620689655172413,0.5666666666666667,0.8125,0.6
726300,0.5,0.8620689655172413,0.5666666666666667,0.8125,0.6
726600,0.5,0.8620689655172413,0.5666666666666667,0.8125,0.6
726900,0.5,0.8620689655172413,0.5666666666666667,0.8125,0.6
727200,0.5,0.8620689655172413,0.5666666666666667,0.8125,0.6
727500,0.5,0.8620689655172413,0.5666666666666667,0.8125,0.6
727800,0.5,0.8620689655172413,0.5666666666666667,0.8125,0.6
728100,0.5,0.8620689655172413,0.5666666666666667,0.8125,0.6
728400,0.5,0.8620689655172413,0.5666666666666667,0.8125,0.6
728700,0.5,0.8620689655172413,0.5666666666666667,0.8125,0.6
729000,0.5,0.8620689655172413,0.5666666666666667,0.8125,0.6
729300,0.5,0.8620689655172413,0.5666666666666667,0.8125,0.6
729600,0.5,0.8620689655172413,0.5666666666666667,0.8125,0.6
729900,0.5,0.8620689655172413,0.5666666666666667,0.8125,0.6
730200,0.5,0.8620689655172413,0.5666666666666667,0.8125,0.6
730500,0.5,0.8620689655172413,0.5666666666666667,0.8125,0.6
730800,0.5,0.8620689655172413,0.5666666666666667,0.8125,0.6
731100,0.5,0.8620689655172413,0.5666666666666667,0.8125,0.6
731400,0.5,0.8620689655172413,0.5666666666666667,0.8125,0.6
731700,0.5,0.8620689655172413,0.5666666666666667,0.8125,0.6
732000,0.5,0.8620689655172413,0.5666666666666667,0.8125,0.6
732300,0.5,0.8620689655172413,0.5666666666666667,0.8125,0.6
732600,0.5,0.8620689655172413,0.5666666666666667,0.8125,0.6
732900,0.5,0.8620689655172413,0.5666666666666667,0.8125,0.6
733200,0.5,0.8620689655172413,0.5666666666666667,0.8125,0.6
733500,0.5,0.8620689655172413,0.5666666666666667,0.8125,0.6
733800,0.5,0.0,0.0,0.0,0.6
734100,0.6,0.7931034482758621,0.8,0.8125,0.85
734400,0.55,0.8275862068965517,0.8,0.75,0.75
734700,0.45,0.8620689655172413,0.7,0.65625,0.6
735000,0.35,0.8275862068965517,0.43333333333333335,0.53125,0.35
735300,0.3,0.7931034482758621,0.36666666666666664,0.5,0.2
735600,0.3,0.7241379310344828,0.16666666666666666,0.4375,0.15
735900,0.2,0.7241379310344828,0.13333333333333333,0.3125,0.0
736200,0.15,0.7241379310344828,0.06666666666666667,0.34375,0.0
736500,0.15,0.6896551724137931,0.03333333333333333,0.40625,0.0
736800,0.05,0.6551724137931034,0.06666666666666667,0.40625,0.1
737100,0.05,0.6551724137931034,0.1,0.40625,0.1
737400,0.0,0.6551724137931034,0.1,0.46875,0.25
737700,0.05,0.6551724137931034,0.16666666666666666,0.46875,0.2
738000,0.05,0.6551724137931034,0.16666666666666666,0.375,0.2
738300,0.15,0.5862068965517241,0.13333333333333333,0.25,0.15
738600,0.2,0.5517241379310345,0.0,0.25,0.2
738900,0.3,0.5172413793103449,0.03333333333333333,0.28125,0.25
739200,0.3,0.4827586206896552,0.1,0.21875,0.1
739500,0.25,0.4482758620689655,0.06666666666666667,0.25,0.15
739800,0.25,0.3448275862068966,0.03333333333333333,0.21875,0.1
740100,0.4,0.27586206896551724,0.0,0.0,0.0
740400,0.35,0.3448275862068966,0.1,0.28125,0.05
740700,0.2,0.3793103448275862,0.2,0.40625,0.1
741000,0.2,0.4482758620689655,0.3333333333333333,0.5625,0.15
741300,0.25,0.4827586206896552,0.43333333333333335,0.5625,0.2
741600,0.2,0.4827586206896552,0.5666666666666667,0.625,0.25
741900,0.3,0.4482758620689655,0.7666666666666667,0.75,0.35
742200,0.3,0.5862068965517241,0.8,0.6875,0.3
742500,0.3,0.5862068965517241,0.8,0.71875,0.35
742800,0.4,0.6551724137931034,0.8,0.71875,0.55
743100,0.5,0.6896551724137931,0.7666666666666667,0.6875,0.55
743400,0.6,0.7241379310344828,0.7666666666666667,0.65625,0.45
743700,0.65,0.7586206896551724,0.7333333333333333,0.6875,0.5
744000,0.6,0.8275862068965517,0.7,0.75,0.45
744300,0.6,0.7931034482758621,0.7,0.78125,0.5
744600,0.6,0.8275862068965517,0.8333333333333334,0.8125,0.55
744900,0.65,0.8275862068965517,0.8333333333333334,0.8125,0.6
745200,0.65,0.8275862068965517,0.8,0.84375,0.6
745500,0.7,0.8620689655172413,0.8666666666666667,0.875,0.6
745800,0.7,0.8620689655172413,0.9,0.875,0.65
746100,0.7,0.8275862068965517,0.8666666666666667,0.875,0.75
746400,0.7,0.8275862068965517,0.8333333333333334,0.875,0.8
746700,0.65,0.8275862068965517,0.8333333333333334,0.875,0.8
747000,0.7,0.7586206896551724,0.9,0.90625,0.75
747300,0.7,0.7586206896551724,0.0,0.0,0.0
747600,0.65,0.7241379310344828,0.9333333333333333,0.9375,0.75
747900,0.7,0.7586206896551724,0.9333333333333333,0.9375,0.75
748200,0.75,0.7586206896551724,0.9,0.90625,0.75
748500,0.8,0.7586206896551724,0.9,0.90625,0.7
748800,0.75,0.7931034482758621,0.9,0.90625,0.75
749100,0.75,0.7931034482758621,0.8666666666666667,0.90625,0.8
749400,0.75,0.8275862068965517,0.8666666666666667,0.875,0.8
749700,0.7,0.8275862068965517,0.9,0.90625,0.8
750000,0.7,0.7931034482758621,0.8666666666666667,0.90625,0.75
750300,0.65,0.7241379310344828,0.8666666666666667,0.9375,0.75
750600,0.55,0.6896551724137931,0.8,0.9375,0.75
750900,0.5,0.7241379310344828,0.8333333333333334,0.9375,0.75
751200,0.45,0.7241379310344828,0.8,0.96875,0.7
751500,0.5,0.7241379310344828,0.8333333333333334,0.96875,0.8
751800,0.5,0.7241379310344828,0.8,0.96875,0.85
752100,0.55,0.7586206896551724,0.7666666666666667,0.96875,0.85
752400,0.55,0.8275862068965517,0.7666666666666667,1.0,0.85
752700,0.6,0.8275862068965517,0.7666666666666667,0.96875,0.85
753000,0.55,0.7931034482758621,0.7333333333333333,0.9375,0.8
753300,0.5,0.7586206896551724,0.7666666666666667,0.90625,0.8
753600,0.45,0.7586206896551724,0.8,0.90625,0.8
753900,0.55,0.7586206896551724,0.8333333333333334,0.90625,0.9
754200,0.45,0.7931034482758621,0.8333333333333334,0.9375,0.9
754500,0.4,0.7931034482758621,0.0,0.0,0.0
754800,0.5,0.7931034482758621,0.7666666666666667,0.9375,0.8
755100,0.5,0.7931034482758621,0.7666666666666667,0.9375,0.8
755400,0.5,0.7931034482758621,0.7333333333333333,0.9375,0.85
755700,0.5,0.7931034482758621,0.7333333333333333,0.9375,0.9
756000,0.4,0.7586206896551724,0.6666666666666666,0.90625,0.9
756300,0.4,0.7586206896551724,0.6666666666666666,0.90625,0.9
756600,0.4,0.7586206896551724,0.6666666666666666,0.90625,0.9
756900,0.35,0.8275862068965517,0.7,0.90625,0.9
757200,0.3,0.7931034482758621,0.7333333333333333,0.90625,0.9
757500,0.3,0.8275862068965517,0.8,0.90625,0.95
757800,0.3,0.8275862068965517,0.9,0.90625,0.95
758100,0.3,0.8275862068965517,0.9,0.90625,0.95
758400,0.35,0.8275862068965517,0.9333333333333333,0.90625,0.95
758700,0.35,0.8275862068965517,0.9333333333333333,0.9375,0.95
759000,0.4,0.8275862068965517,0.9666666666666667,0.9375,0.95
759300,0.4,0.8275862068965517,0.9333333333333333,0.9375,0.95
759600,0.2,0.8275862068965517,0.9333333333333333,0.90625,0.95
759900,0.2,0.8275862068965517,0.8333333333333334,0.84375,0.95
760200,0.15,0.7931034482758621,0.8,0.78125,0.85
760500,0.25,0.8275862068965517,0.7,0.71875,0.9
760800,0.3,0.8275862068965517,0.5333333333333333,0.71875,0.9
761100,0.35,0.8275862068965517,0.5,0.53125,0.75
761400,0.35,0.8275862068965517,0.36666666666666664,0.5,0.75
761700,0.2,0.8275862068965517,0.43333333333333335,0.53125,0.7
762000,0.1,0.8275862068965517,0.3333333333333333,0.5,0.5
762300,0.1,0.8620689655172413,0.26666666666666666,0.5,0.5
762600,0.2,0.8275862068965517,0.23333333333333334,0.5,0.35
762900,0.15,0.6551724137931034,0.3,0.5625,0.3
763200,0.15,0.6206896551724138,0.3,0.5,0.3
763500,0.2,0.6206896551724138,0.4,0.59375,0.3
763800,0.25,0.6206896551724138,0.4666666666666667,0.71875,0.2
764100,0.3,0.5517241379310345,0.5,0.6875,0.2
764400,0.15,0.5517241379310345,0.5333333333333333,0.6875,0.2
764700,0.25,0.5862068965517241,0.6,0.6875,0.3
765000,0.4,0.6206896551724138,0.6666666666666666,0.59375,0.3
765300,0.5,0.6206896551724138,0.7,0.625,0.35
765600,0.6,0.6206896551724138,0.7,0.65625,0.45
765900,0.6,0.5862068965517241,0.7333333333333333,0.6875,0.45
766200,0.6,0.6206896551724138,0.7333333333333333,0.71875,0.5
766500,0.55,0.7241379310344828,0.8,0.6875,0.55
766800,0.6,0.7241379310344828,0.7666666666666667,0.71875,0.55
767100,0.65,0.7241379310344828,0.7,0.75,0.55
767400,0.6,0.6551724137931034,0.6666666666666666,0.75,0.5
767700,0.55,0.6896551724137931,0.7,0.6875,0.4
768000,0.5,0.6551724137931034,0.6333333333333333,0.78125,0.4
768300,0.5,0.6896551724137931,0.6,0.75,0.45
768600,0.5,0.7241379310344828,0.6333333333333333,0.75,0.4
768900,0.45,0.7931034482758621,0.6666666666666666,0.75,0.4
769200,0.5,0.7586206896551724,0.7333333333333333,0.625,0.45
769500,0.3,0.7241379310344828,0.7333333333333333,0.625,0.5
769800,0.3,0.7241379310344828,0.7,0.5625,0.55
770100,0.35,0.7586206896551724,0.7333333333333333,0.625,0.65
770400,0.25,0.7931034482758621,0.7,0.65625,0.75
770700,0.35,0.7931034482758621,0.7,0.59375,0.8
771000,0.35,0.7931034482758621,0.7333333333333333,0.625,0.85
771300,0.4,0.7931034482758621,0.7666666666666667,0.625,0.8
771600,0.5,0.7586206896551724,0.7666666666666667,0.6875,0.8
771900,0.45,0.7586206896551724,0.7333333333333333,0.75,0.8
772200,0.5,0.7241379310344828,0.7333333333333333,0.6875,0.8
772500,0.55,0.7241379310344828,0.7333333333333333,0.6875,0.75
772800,0.55,0.6896551724137931,0.7666666666666667,0.53125,0.8
773100,0.6,0.6896551724137931,0.8,0.46875,0.8
773400,0.55,0.7586206896551724,0.8333333333333334,0.53125,0.7
773700,0.55,0.7586206896551724,0.8,0.53125,0.7
774000,0.65,0.7931034482758621,0.8666666666666667,0.53125,0.75
774300,0.6,0.7241379310344828,0.9,0.5,0.8
774600,0.65,0.7586206896551724,0.8,0.53125,0.85
774900,0.65,0.7586206896551724,0.8,0.5,0.9
775200,0.75,0.7241379310344828,0.8,0.53125,0.9
775500,0.8,0.6551724137931034,0.7666666666666667,0.5625,0.95
775800,0.85,0.7241379310344828,0.7666666666666667,0.46875,0.95
776100,0.8,0.6551724137931034,0.7333333333333333,0.5,0.95
776400,0.85,0.6551724137931034,0.7,0.46875,0.85
776700,0.8,0.5862068965517241,0.7,0.375,0.85
777000,0.85,0.5862068965517241,0.6666666666666666,0.375,0.75
777300,0.8,0.5172413793103449,0.5666666666666667,0.3125,0.75
777600,0.8,0.5172413793103449,0.5666666666666667,0.3125,0.75
777900,0.65,0.41379310344827586,0.0,0.15625,0.3
778200,0.6,0.3448275862068966,0.06666666666666667,0.0625,0.2
778500,0.55,0.3103448275862069,0.0,0.0625,0.05
778800,0.5,0.2413793103448276,0.0,0.09375,0.0
779100,0.45,0.2413793103448276,0.03333333333333333,0.125,0.15
779400,0.45,0.27586206896551724,0.03333333333333333,0.0625,0.05
779700,0.5,0.20689655172413793,0.06666666666666667,0.125,0.1
780000,0.5,0.13793103448275862,0.03333333333333333,0.1875,0.05
780300,0.45,0.1724137931034483,0.06666666666666667,0.1875,0.05
780600,0.45,0.034482758620689655,0.06666666666666667,0.15625,0.15
780900,0.4,0.13793103448275862,0.0,0.09375,0.1
781200,0.4,0.2413793103448276,0.1,0.0,0.1
781500,0.45,0.27586206896551724,0.2,0.03125,0.15
781800,0.4,0.3103448275862069,0.23333333333333334,0.09375,0.1
782100,0.45,0.2413793103448276,0.16666666666666666,0.125,0.1
782400,0.5,0.27586206896551724,0.16666666666666666,0.1875,0.05
782700,0.4,0.20689655172413793,0.13333333333333333,0.15625,0.15
783000,0.45,0.3448275862068966,0.3,0.0625,0.2
783300,0.6,0.4827586206896552,0.4,0.0,0.15
783600,0.65,0.5172413793103449,0.0,0.0,0.0
783900,0.7,0.5172413793103449,0.26666666666666666,0.03125,0.3
784200,0.75,0.4827586206896552,0.3333333333333333,0.0625,0.2
784500,0.75,0.4827586206896552,0.3333333333333333,0.125,0.15
784800,0.7,0.4482758620689655,0.4,0.125,0.2
785100,0.7,0.41379310344827586,0.4,0.15625,0.3
785400,0.7,0.4482758620689655,0.4,0.1875,0.25
785700,0.0,0.4482758620689655,0.43333333333333335,0.1875,0.2
786000,0.6,0.4827586206896552,0.5,0.1875,0.2
786300,0.45,0.5517241379310345,0.6333333333333333,0.15625,0.35
786600,0.45,0.5172413793103449,0.6,0.09375,0.35
786900,0.45,0.4827586206896552,0.6333333333333333,0.125,0.4
787200,0.45,0.5172413793103449,0.6333333333333333,0.1875,0.35
787500,0.4,0.5517241379310345,0.6333333333333333,0.1875,0.1
787800,0.4,0.5862068965517241,0.6,0.15625,0.05
788100,0.4,0.6551724137931034,0.5333333333333333,0.1875,0.0
788400,0.4,0.7241379310344828,0.5,0.15625,0.1
788700,0.5,0.6551724137931034,0.4,0.15625,0.05
789000,0.5,0.6551724137931034,0.36666666666666664,0.1875,0.1
789300,0.5,0.6551724137931034,0.3,0.15625,0.2
789600,0.3,0.6206896551724138,0.3,0.1875,0.2
789900,0.35,0.6206896551724138,0.3,0.25,0.15
790200,0.35,0.5862068965517241,0.3,0.3125,0.1
790500,0.35,0.5862068965517241,0.23333333333333334,0.34375,0.1
790800,0.35,0.5862068965517241,0.0,0.0,0.0
791100,0.4,0.5517241379310345,0.23333333333333334,0.34375,0.25
791400,0.35,0.5862068965517241,0.3,0.34375,0.15
791700,0.35,0.5172413793103449,0.36666666666666664,0.34375,0.25
792000,0.3,0.5172413793103449,0.43333333333333335,0.3125,0.35
792300,0.4,0.4827586206896552,0.5,0.3125,0.3
792600,0.4,0.4482758620689655,0.5333333333333333,0.3125,0.3
792900,0.35,0.4827586206896552,0.5333333333333333,0.3125,0.25
793200,0.25,0.4827586206896552,0.4666666666666667,0.28125,0.15
793500,0.25,0.4482758620689655,0.4666666666666667,0.375,0.15
793800,0.35,0.4482758620689655,0.43333333333333335,0.46875,0.2
794100,0.35,0.4482758620689655,0.43333333333333335,0.4375,0.1
794400,0.35,0.4827586206896552,0.5333333333333333,0.4375,0.05
794700,0.45,0.4827586206896552,0.5666666666666667,0.375,0.0
795000,0.35,0.6206896551724138,0.6,0.375,0.0
795300,0.35,0.6206896551724138,0.6,0.34375,0.05
795600,0.4,0.6206896551724138,0.5333333333333333,0.375,0.1
795900,0.4,0.5862068965517241,0.4666666666666667,0.34375,0.05
796200,0.35,0.6206896551724138,0.5,0.34375,0.1
796500,0.3,0.6206896551724138,0.5333333333333333,0.3125,0.1
796800,0.3,0.6206896551724138,0.43333333333333335,0.34375,0.1
797100,0.3,0.6206896551724138,0.43333333333333335,0.375,0.0
797400,0.35,0.6551724137931034,0.43333333333333335,0.40625,0.15
797700,0.3,0.5862068965517241,0.36666666666666664,0.34375,0.05
798000,0.25,0.5862068965517241,0.0,0.0,0.0
798300,0.3,0.6551724137931034,0.4,0.5,0.15
798600,0.35,0.6551724137931034,0.3333333333333333,0.5,0.25
798900,0.35,0.6896551724137931,0.26666666666666666,0.46875,0.1
799200,0.3,0.6551724137931034,0.3,0.46875,0.15
799500,0.25,0.7241379310344828,0.26666666666666666,0.53125,0.1
799800,0.35,0.7586206896551724,0.16666666666666666,0.59375,0.15
800100,0.55,0.7586206896551724,0.16666666666666666,0.53125,0.1
800400,0.5,0.7586206896551724,0.2,0.4375,0.1
800700,0.5,0.7586206896551724,0.23333333333333334,0.40625,0.05
801000,0.5,0.7586206896551724,0.2,0.375,0.05
801300,0.55,0.7241379310344828,0.16666666666666666,0.375,0.3
801600,0.5,0.7586206896551724,0.23333333333333334,0.25,0.2
801900,0.45,0.7241379310344828,0.13333333333333333,0.15625,0.2
802200,0.4,0.6551724137931034,0.1,0.15625,0.1
802500,0.35,0.6206896551724138,0.13333333333333333,0.09375,0.2
802800,0.4,0.5862068965517241,0.1,0.15625,0.3
803100,0.3,0.5862068965517241,0.16666666666666666,0.125,0.15
803400,0.3,0.5172413793103449,0.13333333333333333,0.125,0.3
803700,0.2,0.5172413793103449,0.06666666666666667,0.09375,0.3
804000,0.15,0.5172413793103449,0.1,0.0625,0.3
804300,0.05,0.5172413793103449,0.03333333333333333,0.15625,0.25
804600,0.05,0.5172413793103449,0.13333333333333333,0.1875,0.2
804900,0.1,0.5172413793103449,0.1,0.09375,0.1
805200,0.1,0.5172413793103449,0.0,0.0,0.0
805500,0.1,0.4827586206896552,0.13333333333333333,0.25,0.1
805800,0.1,0.5172413793103449,0.26666666666666666,0.15625,0.15
806100,0.1,0.6206896551724138,0.23333333333333334,0.15625,0.3
806400,0.0,0.6551724137931034,0.23333333333333334,0.28125,0.4
806700,0.25,0.6896551724137931,0.2,0.34375,0.45
807000,0.3,0.7931034482758621,0.23333333333333334,0.40625,0.55
807300,0.45,0.7931034482758621,0.4,0.53125,0.55
807600,0.6,0.8275862068965517,0.5,0.625,0.5
807900,0.55,0.8275862068965517,0.6,0.59375,0.8
808200,0.55,0.8275862068965517,0.6666666666666666,0.59375,0.75
808500,0.7,0.8275862068965517,0.6666666666666666,0.65625,0.8
808800,0.75,0.7931034482758621,0.8,0.6875,0.8
809100,0.7,0.8275862068965517,0.8333333333333334,0.65625,0.9
809400,0.7,0.8275862068965517,0.9,0.5625,0.8
809700,0.8,0.8275862068965517,0.9,0.625,0.85
810000,0.8,0.896551724137931,0.7666666666666667,0.625,0.8
810300,0.8,0.896551724137931,0.8,0.6875,0.75
810600,0.8,0.8620689655172413,0.8,0.65625,0.75
810900,0.85,0.8620689655172413,0.7666666666666667,0.6875,0.75
811200,0.85,0.8620689655172413,0.7333333333333333,0.71875,0.75
811500,0.8,0.8620689655172413,0.6666666666666666,0.71875,0.75
811800,0.7,0.8620689655172413,0.6,0.75,0.7
812100,0.7,0.896551724137931,0.5333333333333333,0.78125,0.6
812400,0.7,0.896551724137931,0.5333333333333333,0.75,0.6
812700,0.7,0.896551724137931,0.5666666666666667,0.8125,0.65
813000,0.7,0.896551724137931,0.5,0.78125,0.65
813300,0.6,0.896551724137931,0.5333333333333333,0.8125,0.65
813600,0.0,0.8620689655172413,0.6333333333333333,0.8125,0.55
813900,0.65,0.8620689655172413,0.6666666666666666,0.84375,0.55
814200,0.7,0.8620689655172413,0.6333333333333333,0.875,0.55
814500,0.7,0.8620689655172413,0.6,0.84375,0.55
814800,0.7,0.8620689655172413,0.7,0.84375,0.55
815100,0.7,0.8620689655172413,0.7,0.8125,0.55
815400,0.8,0.8620689655172413,0.7,0.8125,0.65
815700,0.8,0.9310344827586207,0.7333333333333333,0.84375,0.75
816000,0.8,0.9655172413793104,0.8,0.875,0.75
816300,0.8,0.9655172413793104,0.8,0.84375,0.8
816600,0.8,0.9655172413793104,0.8666666666666667,0.84375,0.8
816900,0.8,0.9655172413793104,0.8666666666666667,0.875,0.85
817200,0.8,0.9310344827586207,0.9,0.9375,0.8
817500,0.75,0.9310344827586207,0.8666666666666667,0.96875,0.8
817800,0.7,0.896551724137931,0.9,1.0,0.85
818100,0.7,0.8620689655172413,0.9,0.9375,0.85
818400,0.7,0.8620689655172413,0.9,0.9375,0.75
818700,0.7,0.896551724137931,0.9,0.9375,0.75
819000,0.65,0.896551724137931,0.9,0.9375,0.75
819300,0.7,0.8620689655172413,0.9,0.9375,0.75
819600,0.75,0.896551724137931,0.9,0.9375,0.85
819900,0.75,0.8620689655172413,0.0,0.0,0.0
820200,0.75,0.8275862068965517,0.9,0.90625,0.85
820500,0.7,0.7931034482758621,0.9333333333333333,0.90625,0.95
820800,0.8,0.7586206896551724,0.9333333333333333,0.9375,0.8
821100,0.4,0.7586206896551724,0.8666666666666667,0.78125,0.65
821400,0.35,0.7586206896551724,0.8666666666666667,0.75,0.65
821700,0.35,0.7241379310344828,0.8666666666666667,0.625,0.65
822000,0.25,0.7586206896551724,0.8666666666666667,0.59375,0.4
822300,0.05,0.7586206896551724,0.7333333333333333,0.53125,0.2
822600,0.1,0.7241379310344828,0.7,0.53125,0.15
822900,0.05,0.7241379310344828,0.7,0.53125,0.1
823200,0.05,0.7586206896551724,0.6666666666666666,0.46875,0.2
823500,0.05,0.7931034482758621,0.7,0.5625,0.15
823800,0.15,0.7586206896551724,0.7,0.5,0.15
824100,0.1,0.7586206896551724,0.6666666666666666,0.53125,0.15
824400,0.1,0.6551724137931034,0.6666666666666666,0.46875,0.15
824700,0.1,0.5862068965517241,0.6666666666666666,0.5,0.1
825000,0.2,0.6206896551724138,0.6,0.5,0.15
825300,0.25,0.5862068965517241,0.6666666666666666,0.5,0.35
825600,0.15,0.5862068965517241,0.6333333333333333,0.53125,0.3
825900,0.15,0.5862068965517241,0.6666666666666666,0.53125,0.1
826200,0.1,0.6206896551724138,0.5333333333333333,0.53125,0.1
826500,0.15,0.7241379310344828,0.43333333333333335,0.5625,0.1
826800,0.15,0.6896551724137931,0.5,0.5625,0.15
827100,0.25,0.6896551724137931,0.0,0.0,0.0
827400,0.35,0.7586206896551724,0.5,0.59375,0.15
827700,0.3,0.7931034482758621,0.6333333333333333,0.6875,0.15
828000,0.3,0.7931034482758621,0.7,0.6875,0.25
828300,0.4,0.7586206896551724,0.7666666666666667,0.6875,0.45
828600,0.3,0.7586206896551724,0.8333333333333334,0.625,0.65
828900,0.4,0.7586206896551724,0.8666666666666667,0.625,0.7
829200,0.4,0.7586206896551724,0.8,0.6875,0.8
829500,0.5,0.7586206896551724,0.7666666666666667,0.75,0.8
829800,0.5,0.7931034482758621,0.7666666666666667,0.75,0.8
830100,0.45,0.8275862068965517,0.8,0.75,0.85
830400,0.45,0.8275862068965517,0.8,0.75,0.85
830700,0.55,1.0,0.8666666666666667,0.78125,0.85
831000,0.55,1.0,0.8666666666666667,0.75,0.85
831300,0.55,1.0,0.8666666666666667,0.75,0.8
831600,0.55,1.0,0.8666666666666667,0.75,0.8
831900,0.6,1.0,0.8666666666666667,0.75,0.8
832200,0.6,1.0,0.8666666666666667,0.8125,0.85
832500,0.7,0.8620689655172413,0.9666666666666667,0.84375,0.9
832800,0.65,0.8620689655172413,0.9,0.84375,0.95
833100,0.65,0.8620689655172413,0.9333333333333333,0.84375,0.95
833400,0.65,0.8620689655172413,0.9333333333333333,0.84375,0.95
833700,0.7,0.8620689655172413,0.9666666666666667,0.875,0.9
834000,0.7,0.8620689655172413,0.9666666666666667,0.875,0.9
834300,0.7,0.8620689655172413,0.0,0.0,0.0
834600,0.55,0.896551724137931,0.9666666666666667,0.875,0.95
834900,0.55,0.896551724137931,0.9666666666666667,0.875,0.9
835200,0.6,0.896551724137931,0.9666666666666667,0.875,0.9
835500,0.6,0.9310344827586207,1.0,0.875,0.8
835800,0.65,0.9310344827586207,0.9666666666666667,0.90625,0.8
836100,0.65,0.9655172413793104,1.0,0.875,0.75
836400,0.6,0.9655172413793104,0.9666666666666667,0.84375,0.75
836700,0.5,0.896551724137931,0.9333333333333333,0.71875,0.75
837000,0.5,0.896551724137931,0.9333333333333333,0.71875,0.75
837300,0.55,0.896551724137931,0.9,0.71875,0.75
837600,0.5,0.896551724137931,0.8333333333333334,0.71875,0.8
837900,0.65,0.896551724137931,0.8333333333333334,0.71875,0.8
838200,0.6,0.9310344827586207,0.9,0.75,0.8
838500,0.6,0.9310344827586207,0.9,0.75,0.85
838800,0.45,0.9310344827586207,0.8666666666666667,0.71875,0.85
839100,0.3,0.9655172413793104,0.8333333333333334,0.84375,0.95
839400,0.35,0.9655172413793104,0.8,0.90625,0.9
839700,0.3,0.9655172413793104,0.8,0.90625,0.85
840000,0.3,0.9655172413793104,0.7333333333333333,0.90625,0.85
840300,0.35,0.9655172413793104,0.7,0.90625,0.8
840600,0.4,0.9655172413793104,0.7333333333333333,0.90625,0.85
840900,0.35,0.9655172413793104,0.7,0.90625,0.85
841200,0.4,0.896551724137931,0.7333333333333333,0.90625,0.85
841500,0.5,0.896551724137931,0.7666666666666667,0.90625,0.8
841800,0.5,0.896551724137931,0.7333333333333333,0.90625,0.75
842100,0.55,0.9310344827586207,0.7666666666666667,0.90625,0.75
842400,0.45,0.9655172413793104,0.7666666666666667,0.96875,0.85
842700,0.5,0.9655172413793104,0.7666666666666667,0.96875,0.8
843000,0.55,0.9310344827586207,0.8666666666666667,1.0,0.85
843300,0.65,0.9310344827586207,0.8666666666666667,0.96875,0.85
843600,0.55,0.9310344827586207,0.8666666666666667,0.9375,0.8
843900,0.5,0.9655172413793104,0.9333333333333333,0.9375,0.8
844200,0.45,0.9655172413793104,0.9333333333333333,0.9375,0.8
844500,0.45,0.9655172413793104,0.9333333333333333,0.9375,0.8
844800,0.35,0.9310344827586207,0.9333333333333333,0.90625,0.75
845100,0.35,0.9310344827586207,0.9,0.90625,0.75
845400,0.35,0.9310344827586207,0.9333333333333333,0.9375,0.75
845700,0.4,0.9310344827586207,0.9333333333333333,0.9375,0.75
846000,0.35,0.9310344827586207,0.9,0.84375,0.8
846300,0.25,0.9310344827586207,0.9,0.78125,0.7
846600,0.05,0.8275862068965517,0.9333333333333333,0.6875,0.55
846900,0.1,0.8275862068965517,0.9,0.625,0.4
847200,0.15,0.8620689655172413,0.8,0.53125,0.4
847500,0.1,0.8620689655172413,0.7333333333333333,0.53125,0.3
847800,0.1,0.8275862068965517,0.7,0.5,0.35
848100,0.1,0.8275862068965517,0.7,0.53125,0.35
848400,0.2,0.8275862068965517,0.6666666666666666,0.53125,0.4
848700,0.05,0.8275862068965517,0.6,0.5625,0.5
849000,0.05,0.8275862068965517,0.6333333333333333,0.40625,0.5
849300,0.1,0.7931034482758621,0.6333333333333333,0.53125,0.5
849600,0.0,0.8275862068965517,0.6,0.5625,0.7
849900,0.15,0.7586206896551724,0.6666666666666666,0.5,0.65
850200,0.15,0.7586206896551724,0.6666666666666666,0.53125,0.6
850500,0.1,0.8620689655172413,0.7,0.5625,0.55
850800,0.15,0.7931034482758621,0.6666666666666666,0.59375,0.6
851100,0.1,0.7931034482758621,0.6,0.59375,0.5
851400,0.15,0.7931034482758621,0.5333333333333333,0.59375,0.4
851700,0.2,0.7931034482758621,0.5333333333333333,0.71875,0.4
852000,0.2,0.7931034482758621,0.4666666666666667,0.71875,0.3
852300,0.25,0.8275862068965517,0.5333333333333333,0.71875,0.3
852600,0.25,0.8275862068965517,0.6,0.78125,0.45
852900,0.2,0.8620689655172413,0.6,0.78125,0.3
853200,0.2,0.7931034482758621,0.6666666666666666,0.84375,0.4
853500,0.2,0.7931034482758621,0.7,0.875,0.6
853800,0.3,0.7931034482758621,0.6666666666666666,0.8125,0.65
854100,0.35,0.8275862068965517,0.7333333333333333,0.71875,0.6
854400,0.4,0.8275862068965517,0.7333333333333333,0.59375,0.6
854700,0.45,0.8620689655172413,0.6666666666666666,0.5625,0.75
855000,0.45,0.8620689655172413,0.7,0.5625,0.75
855300,0.4,0.9310344827586207,0.7333333333333333,0.5625,0.75
855600,0.45,0.9310344827586207,0.7333333333333333,0.6875,0.75
855900,0.45,0.8620689655172413,0.7,0.71875,0.75
856200,0.45,0.7931034482758621,0.0,0.0,0.0
856500,0.45,0.7586206896551724,0.6666666666666666,0.71875,0.8
856800,0.45,0.7586206896551724,0.6666666666666666,0.71875,0.8
857100,0.55,0.7931034482758621,0.6,0.6875,0.75
857400,0.5,0.7931034482758621,0.6,0.6875,0.75
857700,0.5,0.7931034482758621,0.6,0.6875,0.75
858000,0.55,0.7931034482758621,0.6333333333333333,0.6875,0.75
858300,0.55,0.8275862068965517,0.6666666666666666,0.75,0.8
858600,0.55,0.8275862068965517,0.6333333333333333,0.75,0.8
858900,0.65,0.896551724137931,0.6333333333333333,0.6875,0.8
859200,0.65,0.896551724137931,0.6,0.65625,0.8
859500,0.65,0.9655172413793104,0.6,0.53125,0.9
859800,0.65,0.9310344827586207,0.6333333333333333,0.46875,0.9
860100,0.65,0.8620689655172413,0.4666666666666667,0.625,0.85
860400,0.65,0.7931034482758621,0.5,0.625,0.8
860700,0.7,0.7586206896551724,0.5,0.625,0.75
861000,0.7,0.7586206896551724,0.4666666666666667,0.59375,0.8
861300,0.8,0.7241379310344828,0.5333333333333333,0.71875,0.75
861600,0.85,0.6896551724137931,0.5,0.75,0.75
861900,0.8,0.6896551724137931,0.6,0.75,0.75
862200,0.8,0.6206896551724138,0.7333333333333333,0.75,0.8
862500,0.75,0.5862068965517241,0.7,0.78125,0.8
862800,0.65,0.5862068965517241,0.7333333333333333,0.65625,0.8
863100,0.65,0.6206896551724138,0.7,0.625,0.75
863400,0.6,0.6551724137931034,0.6333333333333333,0.5625,0.7
863700,0.55,0.6896551724137931,0.5333333333333333,0.53125,0.75
864000,0.55,0.6206896551724138,0.36666666666666664,0.4375,0.65
864300,0.55,0.5172413793103449,0.16666666666666666,0.21875,0.45
864600,0.55,0.5517241379310345,0.2,0.21875,0.35
864900,0.55,0.5517241379310345,0.2,0.125,0.15
865200,0.65,0.5172413793103449,0.03333333333333333,0.09375,0.05
865500,0.45,0.5172413793103449,0.0,0.125,0.05
865800,0.45,0.4827586206896552,0.06666666666666667,0.0625,0.05
866100,0.5,0.4482758620689655,0.03333333333333333,0.03125,0.0
866400,0.5,0.4482758620689655,0.06666666666666667,0.09375,0.1
866700,0.5,0.41379310344827586,0.16666666666666666,0.125,0.05
867000,0.5,0.27586206896551724,0.2,0.09375,0.1
867300,0.45,0.27586206896551724,0.13333333333333333,0.125,0.05
867600,0.5,0.27586206896551724,0.13333333333333333,0.0625,0.15
867900,0.35,0.3448275862068966,0.06666666666666667,0.125,0.1
868200,0.3,0.27586206896551724,0.06666666666666667,0.15625,0.1
868500,0.35,0.27586206896551724,0.1,0.0625,0.05
868800,0.35,0.2413793103448276,0.06666666666666667,0.125,0.0
869100,0.35,0.3448275862068966,0.16666666666666666,0.125,0.1
869400,0.4,0.41379310344827586,0.13333333333333333,0.15625,0.1
869700,0.4,0.41379310344827586,0.1,0.25,0.05
870000,0.55,0.41379310344827586,0.16666666666666666,0.3125,0.1
870300,0.55,0.5517241379310345,0.2,0.3125,0.05
870600,0.55,0.6206896551724138,0.0,0.0,0.0
870900,0.55,0.6206896551724138,0.26666666666666666,0.125,0.25
871200,0.55,0.6551724137931034,0.3,0.15625,0.25
871500,0.45,0.6206896551724138,0.36666666666666664,0.09375,0.1
871800,0.5,0.5862068965517241,0.5333333333333333,0.0625,0.05
872100,0.35,0.5517241379310345,0.5,0.0625,0.15
872400,0.3,0.5517241379310345,0.5,0.1875,0.15
872700,0.45,0.5517241379310345,0.43333333333333335,0.25,0.1
873000,0.4,0.5172413793103449,0.5,0.21875,0.05
873300,0.4,0.5172413793103449,0.5,0.21875,0.05
873600,0.4,0.6206896551724138,0.26666666666666666,0.1875,0.05
873900,0.45,0.6896551724137931,0.3333333333333333,0.25,0.1
874200,0.45,0.6896551724137931,0.3333333333333333,0.21875,0.1
874500,0.5,0.5862068965517241,0.16666666666666666,0.28125,0.15
874800,0.5,0.5517241379310345,0.2,0.3125,0.1
875100,0.5,0.5862068965517241,0.16666666666666666,0.375,0.2
875400,0.5,0.5862068965517241,0.2,0.4375,0.35
875700,0.5,0.6206896551724138,0.26666666666666666,0.40625,0.4
876000,0.5,0.6206896551724138,0.26666666666666666,0.40625,0.4
876300,0.55,0.6551724137931034,0.26666666666666666,0.5,0.15
876600,0.5,0.6896551724137931,0.3,0.59375,0.2
876900,0.5,0.6896551724137931,0.3,0.59375,0.2
877200,0.5,0.6896551724137931,0.26666666666666666,0.59375,0.15
877500,0.5,0.7931034482758621,0.3333333333333333,0.5625,0.2
877800,0.45,0.8275862068965517,0.36666666666666664,0.59375,0.15
878100,0.5,0.8275862068965517,0.36666666666666664,0.59375,0.2
878400,0.45,0.8275862068965517,0.36666666666666664,0.5625,0.2
878700,0.55,0.8275862068965517,0.43333333333333335,0.5625,0.2
879000,0.6,0.8275862068965517,0.5333333333333333,0.53125,0.05
879300,0.7,0.8275862068965517,0.6,0.5,0.15
879600,0.6,0.7586206896551724,0.5333333333333333,0.5625,0.0
879900,0.6,0.7241379310344828,0.5333333333333333,0.53125,0.0
880200,0.55,0.6896551724137931,0.5333333333333333,0.5,0.1
880500,0.55,0.6896551724137931,0.4666666666666667,0.5,0.2
880800,0.55,0.6896551724137931,0.4666666666666667,0.5,0.2
881100,0.5,0.6896551724137931,0.4,0.46875,0.4
881400,0.55,0.6551724137931034,0.43333333333333335,0.5625,0.35
881700,0.5,0.6551724137931034,0.4,0.53125,0.35
882000,0.5,0.6206896551724138,0.4,0.5,0.45
882300,0.55,0.6551724137931034,0.26666666666666666,0.4375,0.5
882600,0.45,0.6206896551724138,0.23333333333333334,0.34375,0.3
882900,0.45,0.5862068965517241,0.2,0.3125,0.25
883200,0.5,0.6206896551724138,0.2,0.25,0.2
883500,0.65,0.7241379310344828,0.13333333333333333,0.125,0.05
883800,0.65,0.7241379310344828,0.1,0.125,0.05
884100,0.55,0.7241379310344828,0.16666666666666666,0.15625,0.05
884400,0.6,0.6551724137931034,0.16666666666666666,0.21875,0.0
884700,0.65,0.6551724137931034,0.06666666666666667,0.28125,0.1
885000,0.65,0.6896551724137931,0.03333333333333333,0.3125,0.15
885300,0.7,0.7931034482758621,0.06666666666666667,0.25,0.15
885600,0.65,0.7931034482758621,0.06666666666666667,0.21875,0.05
885900,0.65,0.7241379310344828,0.03333333333333333,0.1875,0.05
886200,0.65,0.6896551724137931,0.13333333333333333,0.25,0.05
886500,0.65,0.7241379310344828,0.06666666666666667,0.125,0.2
886800,0.7,0.7586206896551724,0.06666666666666667,0.1875,0.15
887100,0.7,0.7241379310344828,0.1,0.1875,0.15
887400,0.7,0.6206896551724138,0.06666666666666667,0.09375,0.15
887700,0.7,0.6206896551724138,0.03333333333333333,0.125,0.2
888000,0.5,0.6896551724137931,0.06666666666666667,0.09375,0.15
888300,0.45,0.6551724137931034,0.06666666666666667,0.0625,0.2
888600,0.5,0.6551724137931034,0.03333333333333333,0.09375,0.2
888900,0.45,0.6551724137931034,0.2,0.125,0.2
889200,0.45,0.6896551724137931,0.26666666666666666,0.21875,0.35
889500,0.45,0.6551724137931034,0.16666666666666666,0.21875,0.3
889800,0.35,0.6896551724137931,0.26666666666666666,0.25,0.25
890100,0.35,0.6896551724137931,0.3,0.25,0.25
890400,0.4,0.6206896551724138,0.3333333333333333,0.3125,0.5
890700,0.5,0.6551724137931034,0.36666666666666664,0.3125,0.4
891000,0.5,0.6551724137931034,0.3,0.34375,0.65
891300,0.45,0.7586206896551724,0.43333333333333335,0.15625,0.75
891600,0.5,0.7931034482758621,0.4666666666666667,0.125,0.75
891900,0.55,0.7931034482758621,0.43333333333333335,0.1875,0.75
892200,0.5,0.7931034482758621,0.43333333333333335,0.25,0.8
892500,0.6,0.7931034482758621,0.0,0.0,0.0
892800,0.65,0.7931034482758621,0.5666666666666667,0.34375,0.85
893100,0.65,0.8275862068965517,0.6333333333333333,0.46875,0.9
893400,0.65,0.896551724137931,0.6,0.59375,0.9
893700,0.65,0.8620689655172413,0.6,0.65625,0.85
894000,0.7,0.896551724137931,0.6,0.71875,0.85
894300,0.7,0.896551724137931,0.6666666666666666,0.8125,0.8
894600,0.7,0.896551724137931,0.7333333333333333,0.875,0.85
894900,0.7,0.8620689655172413,0.7333333333333333,0.875,0.85
895200,0.7,0.8620689655172413,0.8,0.8125,0.9
895500,0.7,0.896551724137931,0.8,0.78125,0.9
895800,0.7,0.8620689655172413,0.8333333333333334,0.84375,0.9
896100,0.75,0.8620689655172413,0.8333333333333334,0.84375,0.9
896400,0.85,0.8275862068965517,0.8333333333333334,0.84375,0.85
896700,0.9,0.7931034482758621,0.8,0.84375,0.85
897000,0.95,0.7931034482758621,0.8333333333333334,0.78125,0.85
897300,0.95,0.7931034482758621,0.8,0.6875,0.8
897600,0.95,0.7931034482758621,0.7666666666666667,0.625,0.7
897900,0.95,0.8275862068965517,0.8,0.59375,0.65
898200,0.95,0.8275862068965517,0.8,0.625,0.65
898500,0.95,0.8275862068965517,0.7,0.6875,0.6
898800,0.95,0.8275862068965517,0.7,0.6875,0.6
899100,0.95,0.8275862068965517,0.6333333333333333,0.6875,0.65
899400,0.95,0.8275862068965517,0.6,0.71875,0.7
899700,0.95,0.8275862068965517,0.0,0.0,0.0
900000,0.95,0.8275862068965517,0.5,0.8125,0.8
900300,0.95,0.7931034482758621,0.5,0.90625,0.8
900600,0.95,0.7586206896551724,0.6333333333333333,0.9375,0.8
900900,0.9,0.7931034482758621,0.6666666666666666,0.9375,0.65
901200,0.9,0.8275862068965517,0.7,0.9375,0.7
901500,0.9,0.8275862068965517,0.7333333333333333,0.9375,0.6
901800,0.9,0.8275862068965517,0.7333333333333333,0.96875,0.65
902100,0.75,0.8275862068965517,0.7333333333333333,0.96875,0.6
902400,0.7,0.7931034482758621,0.8666666666666667,0.96875,0.65
902700,0.65,0.7931034482758621,0.9333333333333333,0.96875,0.7
903000,0.65,0.8275862068965517,0.9333333333333333,0.96875,0.8
903300,0.75,0.8275862068965517,0.9333333333333333,0.96875,0.8
903600,0.8,0.8275862068965517,0.9333333333333333,0.96875,0.85
903900,0.75,0.8620689655172413,0.9,0.96875,0.85
904200,0.65,0.8620689655172413,0.8666666666666667,0.96875,0.9
904500,0.5,0.8620689655172413,0.8666666666666667,0.90625,0.9
904800,0.5,0.8620689655172413,0.8,0.90625,1.0
905100,0.55,0.8620689655172413,0.8,0.90625,0.9
905400,0.55,0.896551724137931,0.7666666666666667,0.90625,0.85
905700,0.5,0.8620689655172413,0.8,0.875,0.85
906000,0.55,0.8620689655172413,0.8,0.90625,0.8
906300,0.4,0.8275862068965517,0.6666666666666666,0.90625,0.75
906600,0.35,0.8275862068965517,0.6666666666666666,0.9375,0.75
906900,0.35,0.7586206896551724,0.7,0.96875,0.65
907200,0.35,0.7586206896551724,0.6,0.875,0.6
907500,0.25,0.7241379310344828,0.6,0.75,0.4
907800,0.15,0.5862068965517241,0.26666666666666666,0.59375,0.35
908100,0.1,0.5517241379310345,0.06666666666666667,0.46875,0.2
908400,0.05,0.5517241379310345,0.03333333333333333,0.4375,0.2
908700,0.05,0.5517241379310345,0.0,0.4375,0.2
909000,0.15,0.5172413793103449,0.03333333333333333,0.46875,0.15
909300,0.05,0.5172413793103449,0.0,0.5,0.1
909600,0.15,0.5172413793103449,0.03333333333333333,0.375,0.15
909900,0.1,0.5172413793103449,0.03333333333333333,0.375,0.2
910200,0.1,0.5172413793103449,0.03333333333333333,0.25,0.05
910500,0.1,0.4827586206896552,0.1,0.375,0.05
910800,0.05,0.5172413793103449,0.06666666666666667,0.46875,0.15
911100,0.0,0.5172413793103449,0.03333333333333333,0.46875,0.15
911400,0.2,0.4827586206896552,0.06666666666666667,0.375,0.0
911700,0.15,0.41379310344827586,0.0,0.40625,0.1
912000,0.15,0.41379310344827586,0.0,0.40625,0.1
912300,0.05,0.41379310344827586,0.03333333333333333,0.375,0.15
912600,0.1,0.4482758620689655,0.1,0.375,0.15
912900,0.05,0.3793103448275862,0.0,0.46875,0.1
913200,0.15,0.3793103448275862,0.1,0.4375,0.2
913500,0.15,0.4827586206896552,0.1,0.53125,0.25
913800,0.15,0.4827586206896552,0.1,0.53125,0.25
914100,0.4,0.4827586206896552,0.1,0.53125,0.2
914400,0.45,0.6206896551724138,0.0,0.0,0.0
914700,0.5,0.6896551724137931,0.43333333333333335,0.59375,0.3
915000,0.5,0.7931034482758621,0.5,0.6875,0.45
915300,0.5,0.7931034482758621,0.4666666666666667,0.71875,0.45
915600,0.5,0.7931034482758621,0.4666666666666667,0.71875,0.45
915900,0.45,0.8275862068965517,0.4666666666666667,0.71875,0.55
916200,0.4,0.8275862068965517,0.5,0.71875,0.6
916500,0.4,0.8275862068965517,0.5,0.75,0.65
916800,0.4,0.7931034482758621,0.5666666666666667,0.875,0.7
917100,0.65,0.8275862068965517,0.6333333333333333,0.84375,0.8
917400,0.65,0.8275862068965517,0.7,0.84375,0.95
917700,0.6,0.8275862068965517,0.7666666666666667,0.84375,0.95
918000,0.6,0.8620689655172413,0.8333333333333334,0.9375,0.95
918300,0.55,0.896551724137931,0.8333333333333334,0.9375,0.95
918600,0.55,0.9655172413793104,0.8,0.875,0.95
918900,0.55,0.9310344827586207,0.8,0.8125,1.0
919200,0.6,0.9310344827586207,0.7333333333333333,0.8125,1.0
919500,0.6,0.9310344827586207,0.7,0.8125,1.0
919800,0.65,0.9655172413793104,0.8333333333333334,0.875,0.95
920100,0.7,0.9655172413793104,0.8333333333333334,0.875,0.95
920400,0.75,0.9655172413793104,0.8333333333333334,0.90625,0.9
920700,0.75,0.9655172413793104,0.8333333333333334,0.90625,0.95
921000,0.75,0.9655172413793104,0.8,0.90625,0.95
921300,0.7,1.0,0.8,0.90625,0.95
921600,0.0,1.0,0.0,0.0,0.0
921900,0.6,1.0,0.8333333333333334,0.9375,0.9
922200,0.6,1.0,0.8666666666666667,0.90625,0.8
922500,0.6,0.9310344827586207,0.9,0.90625,0.75
922800,0.6,0.9310344827586207,0.9,0.9375,0.75
923100,0.6,0.9310344827586207,0.9333333333333333,0.9375,0.75
923400,0.6,0.9310344827586207,0.9,0.90625,0.75
923700,0.65,0.9310344827586207,0.8666666666666667,0.90625,0.7
924000,0.6,1.0,0.8666666666666667,0.90625,0.8
924300,0.65,1.0,0.9,0.90625,0.85
924600,0.65,1.0,0.9,0.90625,0.85
924900,0.5,1.0,0.8333333333333334,0.9375,0.85
925200,0.5,0.9655172413793104,0.8333333333333334,0.96875,0.85
925500,0.5,0.9655172413793104,0.7666666666666667,0.96875,0.8
925800,0.5,0.9310344827586207,0.7333333333333333,0.96875,0.75
926100,0.55,0.9310344827586207,0.7666666666666667,0.96875,0.6
926400,0.65,0.9310344827586207,0.7666666666666667,0.96875,0.6
926700,0.7,0.9655172413793104,0.7,0.9375,0.65
927000,0.8,0.9655172413793104,0.6333333333333333,0.9375,0.7
927300,0.75,0.9655172413793104,0.6333333333333333,0.90625,0.75
927600,0.65,0.9655172413793104,0.5666666666666667,0.9375,0.8
927900,0.7,0.9655172413793104,0.6,0.9375,0.8
928200,0.6,0.9655172413793104,0.5666666666666667,0.9375,0.8
928500,0.65,0.9655172413793104,0.6,0.9375,0.85
928800,0.6,0.9655172413793104,0.7333333333333333,0.9375,0.85
929100,0.6,0.9655172413793104,0.0,0.0,0.0
929400,0.6,0.9655172413793104,0.8,0.9375,0.85
929700,0.6,1.0,0.7666666666666667,1.0,0.85
930000,0.6,1.0,0.8,1.0,0.85
930300,0.6,1.0,0.8333333333333334,1.0,0.85
930600,0.65,1.0,0.8333333333333334,1.0,0.85
930900,0.65,1.0,0.7666666666666667,1.0,0.9
931200,0.55,1.0,0.8333333333333334,1.0,0.85
931500,0.65,1.0,0.8666666666666667,1.0,0.85
931800,0.55,0.9655172413793104,0.8333333333333334,1.0,0.9
932100,0.55,0.9655172413793104,0.8666666666666667,1.0,0.9
932400,0.6,0.9310344827586207,0.9,1.0,0.85
932700,0.55,0.9310344827586207,0.8666666666666667,1.0,0.9
933000,0.6,0.9310344827586207,0.8666666666666667,0.96875,0.95
933300,0.55,0.9310344827586207,0.8333333333333334,0.96875,0.95
933600,0.45,0.9310344827586207,0.7666666666666667,0.9375,0.9
933900,0.4,0.9310344827586207,0.7,0.90625,0.9
934200,0.3,0.9655172413793104,0.6666666666666666,0.875,0.9
934500,0.2,0.9655172413793104,0.6666666666666666,0.8125,0.95
934800,0.15,0.9310344827586207,0.6333333333333333,0.8125,0.9
935100,0.2,0.9310344827586207,0.6333333333333333,0.75,0.9
935400,0.3,0.9310344827586207,0.6,0.75,0.9
935700,0.25,0.9310344827586207,0.4,0.65625,0.9
936000,0.3,0.9310344827586207,0.4666666666666667,0.625,0.85
936300,0.35,0.8620689655172413,0.0,0.0,0.0
936600,0.15,0.896551724137931,0.43333333333333335,0.5625,0.75
936900,0.1,0.8620689655172413,0.5,0.5625,0.8
937200,0.0,0.8620689655172413,0.5,0.59375,0.65
937500,0.1,0.896551724137931,0.4666666666666667,0.59375,0.65
937800,0.2,0.8620689655172413,0.4666666666666667,0.59375,0.55
938100,0.1,0.8620689655172413,0.5,0.59375,0.55
938400,0.1,0.8620689655172413,0.5,0.59375,0.55
938700,0.3,0.8620689655172413,0.5333333333333333,0.5,0.45
939000,0.1,0.8620689655172413,0.4,0.59375,0.4
939300,0.05,0.8620689655172413,0.43333333333333335,0.65625,0.4
939600,0.0,0.8620689655172413,0.36666666666666664,0.65625,0.45
939900,0.1,0.8275862068965517,0.3333333333333333,0.71875,0.45
940200,0.15,0.8275862068965517,0.26666666666666666,0.75,0.6
940500,0.15,0.8275862068965517,0.2,0.84375,0.45
940800,0.25,0.8620689655172413,0.2,0.78125,0.65
941100,0.25,0.8620689655172413,0.3,0.78125,0.6
941400,0.15,0.8275862068965517,0.3333333333333333,0.75,0.6
941700,0.1,0.8620689655172413,0.43333333333333335,0.71875,0.65
942000,0.1,0.8620689655172413,0.43333333333333335,0.625,0.65
942300,0.1,0.8275862068965517,0.4666666666666667,0.59375,0.6
942600,0.3,0.7586206896551724,0.5666666666666667,0.5,0.7
942900,0.35,0.7586206896551724,0.5333333333333333,0.5,0.7
943200,0.45,0.7931034482758621,0.5333333333333333,0.46875,0.65
943500,0.45,0.7931034482758621,0.5666666666666667,0.375,0.7
943800,0.3,0.7931034482758621,0.6,0.3125,0.65
944100,0.4,0.7586206896551724,0.5666666666666667,0.25,0.85
944400,0.35,0.7586206896551724,0.6,0.25,0.9
944700,0.45,0.6551724137931034,0.6333333333333333,0.21875,0.85
945000,0.5,0.6551724137931034,0.5666666666666667,0.21875,0.85
945300,0.5,0.6551724137931034,0.5666666666666667,0.25,0.8
945600,0.55,0.6551724137931034,0.6,0.375,0.85
945900,0.5,0.7586206896551724,0.6666666666666666,0.3125,0.85
946200,0.6,0.7586206896551724,0.6666666666666666,0.375,0.85
946500,0.55,0.7241379310344828,0.7666666666666667,0.34375,0.85
946800,0.55,0.7586206896551724,0.7666666666666667,0.3125,0.8
947100,0.65,0.7931034482758621,0.8333333333333334,0.375,0.75
947400,0.7,0.6551724137931034,0.8,0.375,0.7
947700,0.8,0.7241379310344828,0.8,0.375,0.75
948000,0.8,0.6896551724137931,0.8,0.5,0.8
948300,0.8,0.5862068965517241,0.8,0.59375,0.8
948600,0.75,0.6206896551724138,0.8333333333333334,0.5625,0.75
948900,0.75,0.6206896551724138,0.8666666666666667,0.5,0.7
949200,0.75,0.5862068965517241,0.8,0.5,0.7
949500,0.75,0.4482758620689655,0.7666666666666667,0.5625,0.7
949800,0.6,0.4482758620689655,0.8,0.59375,0.6
950100,0.55,0.4827586206896552,0.6333333333333333,0.46875,0.5
950400,0.45,0.5517241379310345,0.6333333333333333,0.4375,0.25
950700,0.35,0.3448275862068966,0.36666666666666664,0.21875,0.1
951000,0.3,0.27586206896551724,0.0,0.0,0.0
951300,0.3,0.27586206896551724,0.0,0.0,0.0
951600,0.1,0.2413793103448276,0.06666666666666667,0.0625,0.05
951900,0.1,0.2413793103448276,0.03333333333333333,0.09375,0.25
952200,0.15,0.2413793103448276,0.03333333333333333,0.09375,0.25
952500,0.15,0.2413793103448276,0.03333333333333333,0.09375,0.25
952800,0.05,0.20689655172413793,0.03333333333333333,0.09375,0.05
953100,0.05,0.20689655172413793,0.0,0.09375,0.1
953400,0.05,0.20689655172413793,0.0,0.09375,0.1
953700,0.05,0.20689655172413793,0.0,0.15625,0.1
954000,0.0,0.27586206896551724,0.0,0.15625,0.15
954300,0.0,0.27586206896551724,0.0,0.15625,0.15
954600,0.0,0.27586206896551724,0.03333333333333333,0.125,0.25
954900,0.0,0.27586206896551724,0.03333333333333333,0.125,0.25
955200,0.05,0.3448275862068966,0.0,0.15625,0.15
955500,0.0,0.3448275862068966,0.03333333333333333,0.25,0.15
955800,0.0,0.3448275862068966,0.1,0.25,0.15
956100,0.0,0.3448275862068966,0.1,0.21875,0.15
956400,0.15,0.3448275862068966,0.1,0.1875,0.15
956700,0.15,0.2413793103448276,0.2,0.1875,0.1
957000,0.05,0.2413793103448276,0.23333333333333334,0.21875,0.15
957300,0.0,0.3448275862068966,0.26666666666666666,0.21875,0.25
957600,0.05,0.3793103448275862,0.23333333333333334,0.28125,0.15
957900,0.1,0.3793103448275862,0.3,0.21875,0.15
958200,0.05,0.41379310344827586,0.0,0.0,0.0
958500,0.0,0.3793103448275862,0.0,0.25,0.1
958800,0.0,0.4482758620689655,0.26666666666666666,0.1875,0.0
959100,0.1,0.4482758620689655,0.3,0.1875,0.1
959400,0.15,0.41379310344827586,0.26666666666666666,0.28125,0.15
959700,0.2,0.4482758620689655,0.26666666666666666,0.25,0.25
960000,0.25,0.4482758620689655,0.23333333333333334,0.34375,0.3
960300,0.25,0.5172413793103449,0.16666666666666666,0.34375,0.35
960600,0.2,0.6206896551724138,0.2,0.28125,0.1
960900,0.25,0.5517241379310345,0.23333333333333334,0.25,0.2
961200,0.2,0.5517241379310345,0.13333333333333333,0.15625,0.2
961500,0.2,0.5517241379310345,0.13333333333333333,0.40625,0.15
961800,0.15,0.5517241379310345,0.2,0.375,0.0
962100,0.15,0.6551724137931034,0.23333333333333334,0.40625,0.05
962400,0.1,0.6551724137931034,0.16666666666666666,0.46875,0.05
962700,0.4,0.6896551724137931,0.1,0.5,0.05
963000,0.3,0.7586206896551724,0.1,0.5,0.25
963300,0.35,0.7241379310344828,0.16666666666666666,0.5625,0.3
963600,0.35,0.7241379310344828,0.3,0.53125,0.25
963900,0.35,0.7241379310344828,0.3333333333333333,0.5625,0.25
964200,0.4,0.6896551724137931,0.4,0.65625,0.1
964500,0.45,0.7241379310344828,0.4666666666666667,0.65625,0.05
964800,0.55,0.7241379310344828,0.5,0.6875,0.0
965100,0.55,0.7241379310344828,0.5,0.625,0.05
965400,0.65,0.7241379310344828,0.4666666666666667,0.65625,0.1
965700,0.65,0.7586206896551724,0.0,0.0,0.0
966000,0.7,0.7586206896551724,0.3333333333333333,0.71875,0.2
966300,0.7,0.7586206896551724,0.3,0.65625,0.05
966600,0.7,0.7586206896551724,0.36666666666666664,0.65625,0.1
966900,0.55,0.7586206896551724,0.4,0.625,0.15
967200,0.5,0.7931034482758621,0.4,0.65625,0.1
967500,0.4,0.8275862068965517,0.43333333333333335,0.65625,0.1
967800,0.4,0.8275862068965517,0.36666666666666664,0.6875,0.1
968100,0.35,0.8275862068965517,0.36666666666666664,0.625,0.2
968400,0.45,0.8275862068965517,0.4,0.625,0.2
968700,0.4,0.8275862068965517,0.36666666666666664,0.59375,0.15
969000,0.35,0.8620689655172413,0.4666666666666667,0.59375,0.15
969300,0.3,0.8620689655172413,0.5,0.5,0.2
969600,0.3,0.8275862068965517,0.4666666666666667,0.5,0.15
969900,0.25,0.8620689655172413,0.43333333333333335,0.46875,0.2
970200,0.3,0.8620689655172413,0.4666666666666667,0.40625,0.25
970500,0.35,0.8620689655172413,0.43333333333333335,0.375,0.3
970800,0.45,0.8275862068965517,0.23333333333333334,0.375,0.35
971100,0.45,0.7931034482758621,0.2,0.34375,0.25
971400,0.5,0.7931034482758621,0.2,0.25,0.2
971700,0.5,0.7931034482758621,0.13333333333333333,0.25,0.2
972000,0.5,0.8275862068965517,0.03333333333333333,0.40625,0.25
972300,0.5,0.7931034482758621,0.06666666666666667,0.46875,0.3
972600,0.55,0.7586206896551724,0.06666666666666667,0.53125,0.25
972900,0.5,0.7241379310344828,0.06666666666666667,0.53125,0.35
973200,0.5,0.7241379310344828,0.0,0.0,0.0
973500,0.5,0.6896551724137931,0.03333333333333333,0.53125,0.35
973800,0.45,0.6896551724137931,0.03333333333333333,0.46875,0.35
974100,0.45,0.6206896551724138,0.06666666666666667,0.4375,0.35
974400,0.45,0.6206896551724138,0.03333333333333333,0.40625,0.25
974700,0.4,0.5862068965517241,0.03333333333333333,0.25,0.2
975000,0.35,0.5862068965517241,0.06666666666666667,0.3125,0.15
975300,0.25,0.5517241379310345,0.1,0.3125,0.2
975600,0.35,0.6551724137931034,0.0,0.21875,0.25
975900,0.3,0.7241379310344828,0.03333333333333333,0.21875,0.2
976200,0.3,0.7586206896551724,0.03333333333333333,0.1875,0.1
976500,0.25,0.7931034482758621,0.16666666666666666,0.28125,0.05
976800,0.2,0.7586206896551724,0.13333333333333333,0.25,0.15
977100,0.25,0.7931034482758621,0.16666666666666666,0.25,0.3
977400,0.3,0.7931034482758621,0.23333333333333334,0.40625,0.3
977700,0.25,0.8620689655172413,0.3,0.34375,0.3
978000,0.25,0.8275862068965517,0.36666666666666664,0.34375,0.35
978300,0.35,0.8620689655172413,0.4,0.34375,0.35
978600,0.35,0.8275862068965517,0.43333333333333335,0.28125,0.6
978900,0.35,0.7931034482758621,0.5,0.40625,0.6
979200,0.4,0.8620689655172413,0.4666666666666667,0.46875,0.6
979500,0.3,0.8620689655172413,0.5666666666666667,0.5625,0.7
979800,0.35,0.9310344827586207,0.5333333333333333,0.53125,0.7
980100,0.35,0.9310344827586207,0.6666666666666666,0.5625,0.75
980400,0.35,0.9310344827586207,0.6666666666666666,0.6875,0.85
980700,0.25,0.9310344827586207,0.7,0.71875,0.85
981000,0.35,0.896551724137931,0.8,0.65625,0.85
981300,0.35,0.896551724137931,0.8333333333333334,0.59375,0.85
981600,0.35,0.896551724137931,0.8333333333333334,0.5625,0.9
981900,0.45,0.8620689655172413,0.8666666666666667,0.5,0.9
982200,0.45,0.8275862068965517,0.8666666666666667,0.5,0.9
982500,0.45,0.8275862068965517,0.8666666666666667,0.625,0.9
982800,0.5,0.896551724137931,0.8666666666666667,0.65625,0.85
983100,0.45,0.896551724137931,0.8666666666666667,0.65625,0.85
983400,0.45,0.896551724137931,0.8666666666666667,0.625,0.8
983700,0.55,0.896551724137931,0.8666666666666667,0.625,0.75
984000,0.65,0.896551724137931,0.8333333333333334,0.59375,0.75
984300,0.6,0.896551724137931,0.8,0.5,0.75
984600,0.55,0.896551724137931,0.7666666666666667,0.5625,0.7
984900,0.65,0.896551724137931,0.7333333333333333,0.625,0.65
985200,0.65,0.896551724137931,0.6666666666666666,0.65625,0.75
985500,0.65,0.896551724137931,0.6666666666666666,0.65625,0.7
985800,0.65,0.896551724137931,0.7,0.65625,0.65
986100,0.65,0.9310344827586207,0.6,0.625,0.7
986400,0.0,0.9310344827586207,0.5333333333333333,0.6875,0.65
986700,0.55,0.9310344827586207,0.43333333333333335,0.78125,0.7
987000,0.55,0.9310344827586207,0.4666666666666667,0.84375,0.7
987300,0.6,0.9310344827586207,0.4666666666666667,0.84375,0.55
987600,0.5,0.9310344827586207,0.43333333333333335,0.8125,0.65
987900,0.6,0.9310344827586207,0.0,0.0,0.0
988200,0.65,0.9310344827586207,0.43333333333333335,0.84375,0.75
988500,0.7,0.9310344827586207,0.43333333333333335,0.75,0.75
988800,0.65,0.9310344827586207,0.4,0.8125,0.75
989100,0.7,0.896551724137931,0.43333333333333335,0.90625,0.75
989400,0.7,0.8620689655172413,0.5,0.875,0.8
989700,0.75,0.8620689655172413,0.5,0.875,0.75
990000,0.75,0.896551724137931,0.6,0.8125,0.75
990300,0.7,0.896551724137931,0.6,0.8125,0.75
990600,0.75,0.896551724137931,0.6,0.78125,0.85
990900,0.75,0.896551724137931,0.6,0.71875,0.7
991200,0.75,0.896551724137931,0.6,0.71875,0.7
991500,0.75,0.896551724137931,0.7,0.8125,0.7
991800,0.75,0.896551724137931,0.7,0.8125,0.7
992100,0.6,0.8275862068965517,0.6666666666666666,0.75,0.8
992400,0.65,0.8275862068965517,0.7,0.75,0.85
992700,0.65,0.8275862068965517,0.7,0.75,0.85
993000,0.6,0.896551724137931,0.5,0.71875,0.85
993300,0.5,0.896551724137931,0.26666666666666666,0.6875,0.8
993600,0.0,0.8620689655172413,0.13333333333333333,0.65625,0.3
993900,0.35,0.7931034482758621,0.0,0.6875,0.3
994200,0.35,0.7586206896551724,0.0,0.65625,0.15
994500,0.4,0.6206896551724138,0.0,0.46875,0.05
994800,0.3,0.6206896551724138,0.03333333333333333,0.4375,0.05
995100,0.3,0.4827586206896552,0.0,0.0,0.0
995400,0.2,0.4482758620689655,0.06666666666666667,0.3125,0.0
995700,0.15,0.3793103448275862,0.03333333333333333,0.21875,0.1
996000,0.15,0.3103448275862069,0.0,0.3125,0.05
996300,0.1,0.1724137931034483,0.03333333333333333,0.21875,0.15
996600,0.2,0.10344827586206896,0.06666666666666667,0.09375,0.15
996900,0.15,0.06896551724137931,0.03333333333333333,0.09375,0.15
997200,0.1,0.10344827586206896,0.06666666666666667,0.1875,0.1
997500,0.15,0.06896551724137931,0.0,0.1875,0.15
997800,0.25,0.06896551724137931,0.0,0.15625,0.05
998100,0.25,0.06896551724137931,0.03333333333333333,0.15625,0.15
998400,0.25,0.10344827586206896,0.03333333333333333,0.15625,0.15
998700,0.1,0.20689655172413793,0.1,0.09375,0.2
999000,0.1,0.1724137931034483,0.03333333333333333,0.1875,0.2
999300,0.15,0.20689655172413793,0.03333333333333333,0.21875,0.05
999600,0.15,0.27586206896551724,0.0,0.3125,0.1
999900,0.15,0.3448275862068966,0.06666666666666667,0.1875,0.15
1000200,0.2,0.3448275862068966,0.0,0.1875,0.1
1000500,0.25,0.4482758620689655,0.03333333333333333,0.34375,0.1
1000800,0.3,0.6551724137931034,0.13333333333333333,0.34375,0.15
1001100,0.55,0.7241379310344828,0.2,0.53125,0.2
1001400,0.55,0.7586206896551724,0.26666666666666666,0.5,0.25
1001700,0.65,0.8275862068965517,0.3,0.53125,0.3
1002000,0.6,0.8275862068965517,0.3333333333333333,0.65625,0.35
1002300,0.55,0.8620689655172413,0.3,0.75,0.4
1002600,0.45,0.8620689655172413,0.0,0.0,0.0
1002900,0.45,0.8620689655172413,0.5333333333333333,0.875,0.6
1003200,0.45,0.8275862068965517,0.6333333333333333,0.875,0.65
1003500,0.4,0.8275862068965517,0.6,0.875,0.65
1003800,0.4,0.7586206896551724,0.5333333333333333,0.875,0.75
1004100,0.45,0.7241379310344828,0.6666666666666666,0.84375,0.85
1004400,0.4,0.6896551724137931,0.6,0.8125,0.8
1004700,0.45,0.7586206896551724,0.6333333333333333,0.78125,0.85
1005000,0.45,0.7586206896551724,0.6666666666666666,0.84375,0.7
1005300,0.45,0.7586206896551724,0.6666666666666666,0.84375,0.7
1005600,0.45,0.7586206896551724,0.6666666666666666,0.875,0.7
1005900,0.45,0.7586206896551724,0.6666666666666666,0.875,0.7
1006200,0.45,0.7586206896551724,0.6666666666666666,0.875,0.6
1006500,0.45,0.7586206896551724,0.6666666666666666,0.875,0.6
1006800,0.6,0.7586206896551724,0.6666666666666666,0.875,0.55
1007100,0.6,0.8620689655172413,0.7,0.875,0.55
1007400,0.65,0.8620689655172413,0.6666666666666666,0.90625,0.7
1007700,0.65,0.8620689655172413,0.6666666666666666,0.90625,0.7
1008000,0.65,0.8620689655172413,0.6666666666666666,0.90625,0.75
1008300,0.65,0.8620689655172413,0.8,0.875,0.75
1008600,0.7,0.9310344827586207,0.7666666666666667,0.875,0.75
1008900,0.7,0.9310344827586207,0.7666666666666667,0.875,0.75
1009200,0.7,0.896551724137931,0.8333333333333334,0.875,0.7
1009500,0.55,0.8620689655172413,0.8666666666666667,0.90625,0.7
1009800,0.4,0.896551724137931,0.0,0.0,0.0
1010100,0.4,0.9310344827586207,0.8666666666666667,0.875,0.6
1010400,0.4,0.896551724137931,0.9,0.875,0.55
1010700,0.4,0.896551724137931,0.9,0.84375,0.6
1011000,0.55,0.8275862068965517,0.9333333333333333,0.8125,0.65
1011300,0.6,0.8620689655172413,0.9,0.8125,0.7
1011600,0.7,0.8620689655172413,0.8666666666666667,0.84375,0.75
1011900,0.75,0.8620689655172413,0.8333333333333334,0.8125,0.75
1012200,0.75,0.8620689655172413,0.8333333333333334,0.78125,0.8
1012500,0.8,0.8620689655172413,0.8,0.84375,0.9
1012800,0.75,0.8620689655172413,0.7666666666666667,0.875,0.95
1013100,0.7,0.8620689655172413,0.9,0.90625,0.85
1013400,0.7,0.8620689655172413,0.9,0.90625,0.8
1013700,0.65,0.896551724137931,0.8666666666666667,0.90625,0.8
1014000,0.55,0.9310344827586207,0.8333333333333334,0.9375,0.8
1014300,0.55,0.9310344827586207,0.8333333333333334,0.96875,0.85
1014600,0.55,0.9310344827586207,0.8333333333333334,0.96875,0.85
1014900,0.5,0.9310344827586207,0.9,0.9375,0.85
1015200,0.0,0.9310344827586207,0.8666666666666667,0.9375,0.85
1015500,0.55,0.9310344827586207,0.9,0.9375,0.85
1015800,0.6,0.9310344827586207,0.9333333333333333,0.9375,0.85
1016100,0.75,0.9655172413793104,0.9333333333333333,0.9375,0.85
1016400,0.8,0.9655172413793104,0.9333333333333333,0.96875,0.85
1016700,0.75,1.0,0.9,0.96875,0.9
1017000,0.7,1.0,0.8666666666666667,0.96875,0.9
1017300,0.75,1.0,0.8333333333333334,0.96875,0.9
1017600,0.75,1.0,0.8333333333333334,0.96875,0.9
1017900,0.7,0.9655172413793104,0.8333333333333334,0.96875,0.95
1018200,0.65,0.9655172413793104,0.8,0.96875,0.95
1018500,0.55,0.9655172413793104,0.8,0.96875,1.0
1018800,0.55,0.9655172413793104,0.8,0.96875,1.0
1019100,0.45,0.9655172413793104,0.8,0.875,1.0
1019400,0.45,0.9655172413793104,0.7666666666666667,0.875,0.95
1019700,0.4,0.9655172413793104,0.8,0.84375,0.95
1020000,0.35,0.9655172413793104,0.8,0.90625,0.95
1020300,0.35,0.9655172413793104,0.8,0.90625,0.95
1020600,0.3,0.9655172413793104,0.7333333333333333,0.78125,0.65
1020900,0.25,0.9655172413793104,0.6333333333333333,0.75,0.6
1021200,0.3,0.9655172413793104,0.5666666666666667,0.71875,0.6
1021500,0.25,0.9655172413793104,0.5666666666666667,0.6875,0.6
1021800,0.1,0.9655172413793104,0.3333333333333333,0.78125,0.55
1022100,0.1,0.896551724137931,0.3333333333333333,0.8125,0.55
1022400,0.05,0.8620689655172413,0.3333333333333333,0.8125,0.55
1022700,0.0,0.896551724137931,0.3333333333333333,0.78125,0.5
1023000,0.0,0.896551724137931,0.16666666666666666,0.78125,0.5
1023300,0.05,0.896551724137931,0.23333333333333334,0.75,0.45
1023600,0.1,0.8620689655172413,0.2,0.6875,0.4
1023900,0.05,0.8275862068965517,0.2,0.6875,0.3
1024200,0.1,0.7931034482758621,0.23333333333333334,0.625,0.2
1024500,0.3,0.7241379310344828,0.0,0.0,0.0
1024800,0.3,0.7586206896551724,0.36666666666666664,0.6875,0.25
1025100,0.25,0.7241379310344828,0.5,0.65625,0.3
1025400,0.25,0.7241379310344828,0.4666666666666667,0.625,0.3
1025700,0.25,0.7586206896551724,0.6,0.5625,0.25
1026000,0.4,0.7241379310344828,0.7,0.5625,0.35
1026300,0.4,0.7586206896551724,0.7,0.5625,0.35
1026600,0.5,0.7586206896551724,0.7333333333333333,0.5625,0.55
1026900,0.45,0.7241379310344828,0.8333333333333334,0.59375,0.7
1027200,0.35,0.7931034482758621,0.8,0.625,0.75
1027500,0.5,0.8275862068965517,0.7666666666666667,0.625,0.65
1027800,0.5,0.7931034482758621,0.7666666666666667,0.59375,0.6
1028100,0.55,0.7931034482758621,0.7666666666666667,0.5625,0.65
1028400,0.55,0.7931034482758621,0.7333333333333333,0.625,0.7
1028700,0.55,0.7586206896551724,0.7333333333333333,0.65625,0.8
1029000,0.55,0.7241379310344828,0.7,0.65625,0.8
1029300,0.6,0.7241379310344828,0.7,0.625,0.75
1029600,0.55,0.7241379310344828,0.8,0.65625,0.8
1029900,0.55,0.7241379310344828,0.8333333333333334,0.625,0.85
1030200,0.6,0.6896551724137931,0.7333333333333333,0.5625,0.8
1030500,0.6,0.6896551724137931,0.7333333333333333,0.53125,0.8
1030800,0.6,0.6896551724137931,0.7333333333333333,0.53125,0.8
1031100,0.6,0.6896551724137931,0.7333333333333333,0.53125,0.8
1031400,0.6,0.6896551724137931,0.7333333333333333,0.53125,0.8
1031700,0.6,0.6896551724137931,0.7333333333333333,0.53125,0.8
1032000,0.6,0.6896551724137931,0.7333333333333333,0.53125,0.8
1032300,0.6,0.6896551724137931,0.7333333333333333,0.53125,0.8
1032600,0.6,0.6896551724137931,0.7333333333333333,0.53125,0.8
1032900,0.6,0.6896551724137931,0.7333333333333333,0.53125,0.8
1033200,0.6,0.6896551724137931,0.7333333333333333,0.53125,0.8
1033500,0.6,0.6896551724137931,0.7333333333333333,0.53125,0.8
1033800,0.6,0.6896551724137931,0.7333333333333333,0.53125,0.8
1034100,0.6,0.6896551724137931,0.7333333333333333,0.53125,0.8
1034400,0.6,0.6896551724137931,0.7333333333333333,0.53125,0.8
1034700,0.6,0.6896551724137931,0.7333333333333333,0.53125,0.8
1035000,0.6,0.6896551724137931,0.7333333333333333,0.53125,0.8
1035300,0.6,0.6896551724137931,0.7333333333333333,0.53125,0.8
1035600,0.6,0.6896551724137931,0.7333333333333333,0.53125,0.8
1035900,0.6,0.6896551724137931,0.7333333333333333,0.53125,0.8
1036200,0.6,0.6896551724137931,0.7333333333333333,0.53125,0.8
1036500,0.6,0.6896551724137931,0.7333333333333333,0.53125,0.8
1036800,0.6,0.6896551724137931,0.7333333333333333,0.53125,0.8
1037100,0.6,0.6896551724137931,0.7333333333333333,0.53125,0.8
1037400,0.6,0.6896551724137931,0.7333333333333333,0.53125,0.8
1037700,0.6,0.6896551724137931,0.7333333333333333,0.53125,0.8
1038000,0.6,0.6896551724137931,0.7333333333333333,0.53125,0.8
1038300,0.6,0.6896551724137931,0.7333333333333333,0.53125,0.8
1038600,0.6,0.6896551724137931,0.7333333333333333,0.53125,0.8
1038900,0.6,0.6896551724137931,0.7333333333333333,0.53125,0.8
1039200,0.6,0.6896551724137931,0.7333333333333333,0.53125,0.8
1039500,0.6,0.6896551724137931,0.7333333333333333,0.53125,0.8
1039800,0.6,0.6896551724137931,0.7333333333333333,0.53125,0.8
1040100,0.6,0.6896551724137931,0.7333333333333333,0.53125,0.8
1040400,0.6,0.6896551724137931,0.7333333333333333,0.53125,0.8
1040700,0.6,0.6896551724137931,0.7333333333333333,0.53125,0.8
1041000,0.6,0.6896551724137931,0.7333333333333333,0.53125,0.8
1041300,0.6,0.6896551724137931,0.7333333333333333,0.53125,0.8
1041600,0.6,0.6896551724137931,0.7333333333333333,0.53125,0.8
1041900,0.6,0.6896551724137931,0.7333333333333333,0.53125,0.8
1042200,0.6,0.6896551724137931,0.7333333333333333,0.53125,0.8
1042500,0.6,0.6896551724137931,0.7333333333333333,0.53125,0.8
1042800,0.6,0.6896551724137931,0.7333333333333333,0.53125,0.8
1043100,0.6,0.6896551724137931,0.7333333333333333,0.53125,0.8
1043400,0.6,0.6896551724137931,0.7333333333333333,0.53125,0.8
1043700,0.6,0.6896551724137931,0.7333333333333333,0.53125,0.8
1044000,0.6,0.6896551724137931,0.7333333333333333,0.53125,0.8
1044300,0.6,0.6896551724137931,0.7333333333333333,0.53125,0.8
1044600,0.6,0.6896551724137931,0.7333333333333333,0.53125,0.8
1044900,0.6,0.6896551724137931,0.7333333333333333,0.53125,0.8
1045200,0.6,0.6896551724137931,0.7333333333333333,0.53125,0.8
1045500,0.6,0.6896551724137931,0.7333333333333333,0.53125,0.8
1045800,0.6,0.6896551724137931,0.7333333333333333,0.53125,0.8
1046100,0.6,0.6896551724137931,0.7333333333333333,0.53125,0.8
1046400,0.6,0.6896551724137931,0.7333333333333333,0.53125,0.8
1046700,0.6,0.6896551724137931,0.7333333333333333,0.53125,0.8
1047000,0.6,0.6896551724137931,0.7333333333333333,0.53125,0.8
1047300,0.6,0.6896551724137931,0.7333333333333333,0.53125,0.8
1047600,0.6,0.6896551724137931,0.7333333333333333,0.53125,0.8
1047900,0.6,0.6896551724137931,0.7333333333333333,0.53125,0.8
1048200,0.6,0.6896551724137931,0.7333333333333333,0.53125,0.8
1048500,0.6,0.6896551724137931,0.7333333333333333,0.53125,0.8
1048800,0.6,0.6896551724137931,0.7333333333333333,0.53125,0.8
1049100,0.6,0.6896551724137931,0.7333333333333333,0.53125,0.8
1049400,0.6,0.6896551724137931,0.7333333333333333,0.53125,0.8
1049700,0.6,0.6896551724137931,0.7333333333333333,0.53125,0.8
1050000,0.6,0.6896551724137931,0.7333333333333333,0.53125,0.8
1050300,0.6,0.6896551724137931,0.7333333333333333,0.53125,0.8
1050600,0.6,0.6896551724137931,0.7333333333333333,0.53125,0.8
1050900,0.6,0.6896551724137931,0.7333333333333333,0.53125,0.8
1051200,0.6,0.6896551724137931,0.7333333333333333,0.53125,0.8
1051500,0.6,0.6896551724137931,0.7333333333333333,0.53125,0.8
1051800,0.6,0.6896551724137931,0.7333333333333333,0.53125,0.8
1052100,0.6,0.6896551724137931,0.7333333333333333,0.53125,0.8
1052400,0.6,0.6896551724137931,0.7333333333333333,0.53125,0.8
1052700,0.6,0.6896551724137931,0.7333333333333333,0.53125,0.8
1053000,0.6,0.6896551724137931,0.7333333333333333,0.53125,0.8
1053300,0.6,0.6896551724137931,0.7333333333333333,0.53125,0.8
1053600,0.6,0.6896551724137931,0.7333333333333333,0.53125,0.8
1053900,0.6,0.6896551724137931,0.7333333333333333,0.53125,0.8
1054200,0.6,0.6896551724137931,0.7333333333333333,0.53125,0.8
1054500,0.6,0.6896551724137931,0.7333333333333333,0.53125,0.8
1054800,0.6,0.6896551724137931,0.7333333333333333,0.53125,0.8
1055100,0.6,0.6896551724137931,0.7333333333333333,0.53125,0.8
1055400,0.6,0.6896551724137931,0.7333333333333333,0.53125,0.8
1055700,0.6,0.6896551724137931,0.7333333333333333,0.53125,0.8
1056000,0.6,0.6896551724137931,0.7333333333333333,0.53125,0.8
1056300,0.6,0.6896551724137931,0.7333333333333333,0.53125,0.8
1056600,0.6,0.6896551724137931,0.7333333333333333,0.53125,0.8
1056900,0.6,0.6896551724137931,0.7333333333333333,0.53125,0.8
1057200,0.6,0.6896551724137931,0.7333333333333333,0.53125,0.8
1057500,0.6,0.6896551724137931,0.7333333333333333,0.53125,0.8
1057800,0.6,0.6896551724137931,0.7333333333333333,0.53125,0.8
1058100,0.6,0.6896551724137931,0.7333333333333333,0.53125,0.8
1058400,0.6,0.6896551724137931,0.7333333333333333,0.53125,0.8
1058700,0.6,0.6896551724137931,0.7333333333333333,0.53125,0.8
1059000,0.6,0.6896551724137931,0.7333333333333333,0.53125,0.8
1059300,0.6,0.6896551724137931,0.7333333333333333,0.53125,0.8
1059600,0.6,0.6896551724137931,0.7333333333333333,0.53125,0.8
1059900,0.6,0.6896551724137931,0.7333333333333333,0.53125,0.8
1060200,0.6,0.6896551724137931,0.7333333333333333,0.53125,0.8
1060500,0.6,0.6896551724137931,0.7333333333333333,0.53125,0.8
1060800,0.6,0.6896551724137931,0.7333333333333333,0.53125,0.8
1061100,0.6,0.6896551724137931,0.7333333333333333,0.53125,0.8
1061400,0.6,0.6896551724137931,0.7333333333333333,0.53125,0.8
1061700,0.6,0.6896551724137931,0.7333333333333333,0.53125,0.8
1062000,0.6,0.6896551724137931,0.7333333333333333,0.53125,0.8
1062300,0.6,0.6896551724137931,0.7333333333333333,0.53125,0.8
1062600,0.6,0.6896551724137931,0.7333333333333333,0.53125,0.8
1062900,0.6,0.6896551724137931,0.7333333333333333,0.53125,0.8
1063200,0.6,0.6896551724137931,0.7333333333333333,0.53125,0.8
1063500,0.6,0.6896551724137931,0.7333333333333333,0.53125,0.8
1063800,0.6,0.6896551724137931,0.7333333333333333,0.53125,0.8
1064100,0.6,0.6896551724137931,0.7333333333333333,0.53125,0.8
1064400,0.6,0.6896551724137931,0.7333333333333333,0.53125,0.8
1064700,0.6,0.6896551724137931,0.7333333333333333,0.53125,0.8
1065000,0.6,0.6896551724137931,0.7333333333333333,0.53125,0.8
1065300,0.6,0.6896551724137931,0.7333333333333333,0.53125,0.8
1065600,0.6,0.6896551724137931,0.7333333333333333,0.53125,0.8
1065900,0.6,0.6896551724137931,0.7333333333333333,0.53125,0.8
1066200,0.6,0.6896551724137931,0.7333333333333333,0.53125,0.8
1066500,0.6,0.6896551724137931,0.7333333333333333,0.53125,0.8
1066800,0.6,0.6896551724137931,0.7333333333333333,0.53125,0.8
1067100,0.6,0.6896551724137931,0.7333333333333333,0.53125,0.8
1067400,0.6,0.6896551724137931,0.7333333333333333,0.53125,0.8
1067700,0.6,0.6896551724137931,0.7333333333333333,0.53125,0.8
1068000,0.6,0.6896551724137931,0.7333333333333333,0.53125,0.8
1068300,0.6,0.6896551724137931,0.7333333333333333,0.53125,0.8
1068600,0.6,0.6896551724137931,0.7333333333333333,0.53125,0.8
1068900,0.6,0.6896551724137931,0.7333333333333333,0.53125,0.8
1069200,0.6,0.6896551724137931,0.7333333333333333,0.53125,0.8
1069500,0.6,0.6896551724137931,0.7333333333333333,0.53125,0.8
1069800,0.6,0.6896551724137931,0.7333333333333333,0.53125,0.8
1070100,0.6,0.6896551724137931,0.7333333333333333,0.53125,0.8
1070400,0.6,0.6896551724137931,0.7333333333333333,0.53125,0.8
1070700,0.6,0.6896551724137931,0.7333333333333333,0.53125,0.8
1071000,0.6,0.6896551724137931,0.7333333333333333,0.53125,0.8
1071300,0.6,0.6896551724137931,0.7333333333333333,0.53125,0.8
1071600,0.6,0.6896551724137931,0.7333333333333333,0.53125,0.8
1071900,0.6,0.6896551724137931,0.7333333333333333,0.53125,0.8
1072200,0.6,0.6896551724137931,0.7333333333333333,0.53125,0.8
1072500,0.6,0.6896551724137931,0.7333333333333333,0.53125,0.8
1072800,0.6,0.6896551724137931,0.7333333333333333,0.53125,0.8
1073100,0.6,0.6896551724137931,0.7333333333333333,0.53125,0.8
1073400,0.6,0.6896551724137931,0.7333333333333333,0.53125,0.8
1073700,0.6,0.6896551724137931,0.7333333333333333,0.53125,0.8
1074000,0.6,0.6896551724137931,0.7333333333333333,0.53125,0.8
1074300,0.6,0.6896551724137931,0.7333333333333333,0.53125,0.8
1074600,0.6,0.6896551724137931,0.7333333333333333,0.53125,0.8
1074900,0.6,0.6896551724137931,0.7333333333333333,0.53125,0.8
1075200,0.6,0.6896551724137931,0.7333333333333333,0.53125,0.8
1075500,0.6,0.6896551724137931,0.7333333333333333,0.53125,0.8
1075800,0.6,0.6896551724137931,0.7333333333333333,0.53125,0.8
1076100,0.6,0.6896551724137931,0.7333333333333333,0.53125,0.8
1076400,0.6,0.6896551724137931,0.7333333333333333,0.53125,0.8
1076700,0.6,0.6896551724137931,0.7333333333333333,0.53125,0.8
1077000,0.6,0.6896551724137931,0.7333333333333333,0.53125,0.8
1077300,0.6,0.6896551724137931,0.7333333333333333,0.53125,0.8
1077600,0.6,0.6896551724137931,0.7333333333333333,0.53125,0.8
1077900,0.6,0.6896551724137931,0.7333333333333333,0.53125,0.8
1078200,0.6,0.6896551724137931,0.7333333333333333,0.53125,0.8
1078500,0.6,0.6896551724137931,0.7333333333333333,0.53125,0.8
1078800,0.6,0.6896551724137931,0.7333333333333333,0.53125,0.8
1079100,0.6,0.6896551724137931,0.7333333333333333,0.53125,0.8
1079400,0.6,0.6896551724137931,0.7333333333333333,0.53125,0.8
1079700,0.6,0.6896551724137931,0.7333333333333333,0.53125,0.8
1080000,0.6,0.6896551724137931,0.7333333333333333,0.53125,0.8
1080300,0.6,0.6896551724137931,0.7333333333333333,0.53125,0.8
1080600,0.6,0.6896551724137931,0.7333333333333333,0.53125,0.8
1080900,0.6,0.6896551724137931,0.7333333333333333,0.53125,0.8
1081200,0.6,0.6896551724137931,0.7333333333333333,0.53125,0.8
1081500,0.6,0.6896551724137931,0.7333333333333333,0.53125,0.8
1081800,0.6,0.6896551724137931,0.7333333333333333,0.53125,0.8
1082100,0.6,0.6896551724137931,0.7333333333333333,0.53125,0.8
1082400,0.6,0.6896551724137931,0.7333333333333333,0.53125,0.8
1082700,0.6,0.6896551724137931,0.7333333333333333,0.53125,0.8
1083000,0.6,0.6896551724137931,0.7333333333333333,0.53125,0.8
1083300,0.6,0.6896551724137931,0.7333333333333333,0.53125,0.8
1083600,0.6,0.6896551724137931,0.7333333333333333,0.53125,0.8
1083900,0.6,0.6896551724137931,0.7333333333333333,0.53125,0.8
1084200,0.6,0.6896551724137931,0.7333333333333333,0.53125,0.8
1084500,0.6,0.6896551724137931,0.7333333333333333,0.53125,0.8
1084800,0.6,0.6896551724137931,0.7333333333333333,0.53125,0.8
1085100,0.6,0.6896551724137931,0.7333333333333333,0.53125,0.8
1085400,0.6,0.6896551724137931,0.7333333333333333,0.53125,0.8
1085700,0.6,0.6896551724137931,0.7333333333333333,0.53125,0.8
1086000,0.6,0.6896551724137931,0.7333333333333333,0.53125,0.8
1086300,0.6,0.6896551724137931,0.7333333333333333,0.53125,0.8
1086600,0.6,0.6896551724137931,0.7333333333333333,0.53125,0.8
1086900,0.6,0.6896551724137931,0.7333333333333333,0.53125,0.8
1087200,0.6,0.6896551724137931,0.7333333333333333,0.53125,0.8
1087500,0.6,0.6896551724137931,0.7333333333333333,0.53125,0.8
1087800,0.6,0.6896551724137931,0.7333333333333333,0.53125,0.8
1088100,0.6,0.6896551724137931,0.7333333333333333,0.53125,0.8
1088400,0.6,0.6896551724137931,0.7333333333333333,0.53125,0.8
1088700,0.6,0.6896551724137931,0.7333333333333333,0.53125,0.8
1089000,0.6,0.6896551724137931,0.7333333333333333,0.53125,0.8
1089300,0.6,0.6896551724137931,0.7333333333333333,0.53125,0.8
1089600,0.6,0.6896551724137931,0.7333333333333333,0.53125,0.8
1089900,0.6,0.6896551724137931,0.7333333333333333,0.53125,0.8
1090200,0.6,0.6896551724137931,0.7333333333333333,0.53125,0.8
1090500,0.6,0.6896551724137931,0.7333333333333333,0.53125,0.8
1090800,0.6,0.6896551724137931,0.7333333333333333,0.53125,0.8
1091100,0.6,0.6896551724137931,0.7333333333333333,0.53125,0.8
1091400,0.6,0.6896551724137931,0.7333333333333333,0.53125,0.8
1091700,0.6,0.6896551724137931,0.7333333333333333,0.53125,0.8
1092000,0.6,0.6896551724137931,0.7333333333333333,0.53125,0.8
1092300,0.6,0.6896551724137931,0.7333333333333333,0.53125,0.8
1092600,0.6,0.6896551724137931,0.7333333333333333,0.53125,0.8
1092900,0.6,0.6896551724137931,0.7333333333333333,0.53125,0.8
1093200,0.6,0.6896551724137931,0.7333333333333333,0.53125,0.8
1093500,0.6,0.6896551724137931,0.7333333333333333,0.53125,0.8
1093800,0.6,0.6896551724137931,0.7333333333333333,0.53125,0.8
1094100,0.6,0.6896551724137931,0.7333333333333333,0.53125,0.8
1094400,0.6,0.6896551724137931,0.7333333333333333,0.53125,0.8
1094700,0.6,0.6896551724137931,0.7333333333333333,0.53125,0.8
1095000,0.6,0.6896551724137931,0.7333333333333333,0.53125,0.8
1095300,0.6,0.6896551724137931,0.7333333333333333,0.53125,0.8
1095600,0.6,0.6896551724137931,0.7333333333333333,0.53125,0.8
1095900,0.6,0.6896551724137931,0.7333333333333333,0.53125,0.8
1096200,0.6,0.6896551724137931,0.7333333333333333,0.53125,0.8
1096500,0.6,0.6896551724137931,0.7333333333333333,0.53125,0.8
1096800,0.6,0.6896551724137931,0.7333333333333333,0.53125,0.8
1097100,0.6,0.6896551724137931,0.7333333333333333,0.53125,0.8
1097400,0.6,0.6896551724137931,0.7333333333333333,0.53125,0.8
1097700,0.6,0.6896551724137931,0.7333333333333333,0.53125,0.8
1098000,0.6,0.6896551724137931,0.7333333333333333,0.53125,0.8
1098300,0.6,0.6896551724137931,0.7333333333333333,0.53125,0.8
1098600,0.6,0.6896551724137931,0.7333333333333333,0.53125,0.8
1098900,0.6,0.6896551724137931,0.7333333333333333,0.53125,0.8
1099200,0.6,0.6896551724137931,0.7333333333333333,0.53125,0.8
1099500,0.6,0.6896551724137931,0.7333333333333333,0.53125,0.8
1099800,0.6,0.6896551724137931,0.7333333333333333,0.53125,0.8
1100100,0.6,0.6896551724137931,0.7333333333333333,0.53125,0.8
1100400,0.6,0.6896551724137931,0.7333333333333333,0.53125,0.8
1100700,0.6,0.6896551724137931,0.7333333333333333,0.53125,0.8
1101000,0.6,0.6896551724137931,0.7333333333333333,0.53125,0.8
1101300,0.6,0.6896551724137931,0.7333333333333333,0.53125,0.8
1101600,0.6,0.6896551724137931,0.7333333333333333,0.53125,0.8
1101900,0.6,0.6896551724137931,0.7333333333333333,0.53125,0.8
1102200,0.6,0.6896551724137931,0.7333333333333333,0.53125,0.8
1102500,0.6,0.6896551724137931,0.7333333333333333,0.53125,0.8
1102800,0.6,0.6896551724137931,0.7333333333333333,0.53125,0.8
1103100,0.6,0.6896551724137931,0.7333333333333333,0.53125,0.8
1103400,0.6,0.6896551724137931,0.7333333333333333,0.53125,0.8
1103700,0.6,0.6896551724137931,0.7333333333333333,0.53125,0.8
1104000,0.6,0.6896551724137931,0.7333333333333333,0.53125,0.8
1104300,0.6,0.6896551724137931,0.7333333333333333,0.53125,0.8
1104600,0.6,0.6896551724137931,0.7333333333333333,0.53125,0.8
1104900,0.6,0.6896551724137931,0.7333333333333333,0.53125,0.8
1105200,0.6,0.6896551724137931,0.7333333333333333,0.53125,0.8
1105500,0.6,0.6896551724137931,0.7333333333333333,0.53125,0.8
1105800,0.6,0.6896551724137931,0.7333333333333333,0.53125,0.8
1106100,0.6,0.6896551724137931,0.7333333333333333,0.53125,0.8
1106400,0.6,0.6896551724137931,0.7333333333333333,0.53125,0.8
1106700,0.6,0.6896551724137931,0.7333333333333333,0.53125,0.8
1107000,0.6,0.6896551724137931,0.7333333333333333,0.53125,0.8
1107300,0.6,0.6896551724137931,0.7333333333333333,0.53125,0.8
1107600,0.6,0.6896551724137931,0.7333333333333333,0.53125,0.8
1107900,0.6,0.6896551724137931,0.7333333333333333,0.53125,0.8
1108200,0.6,0.6896551724137931,0.7333333333333333,0.53125,0.8
1108500,0.6,0.6896551724137931,0.7333333333333333,0.53125,0.8
1108800,0.6,0.6896551724137931,0.7333333333333333,0.53125,0.8
1109100,0.6,0.6896551724137931,0.7333333333333333,0.53125,0.8
1109400,0.6,0.6896551724137931,0.7333333333333333,0.53125,0.8
1109700,0.6,0.6896551724137931,0.7333333333333333,0.53125,0.8
1110000,0.6,0.6896551724137931,0.7333333333333333,0.53125,0.8
1110300,0.6,0.6896551724137931,0.7333333333333333,0.53125,0.8
1110600,0.6,0.6896551724137931,0.7333333333333333,0.53125,0.8
1110900,0.6,0.6896551724137931,0.7333333333333333,0.53125,0.8
1111200,0.6,0.6896551724137931,0.7333333333333333,0.53125,0.8
1111500,0.6,0.6896551724137931,0.7333333333333333,0.53125,0.8
1111800,0.6,0.6896551724137931,0.7333333333333333,0.53125,0.8
1112100,0.6,0.6896551724137931,0.7333333333333333,0.53125,0.8
1112400,0.6,0.6896551724137931,0.7333333333333333,0.53125,0.8
1112700,0.6,0.6896551724137931,0.7333333333333333,0.53125,0.8
1113000,0.6,0.6896551724137931,0.7333333333333333,0.53125,0.8
1113300,0.6,0.6896551724137931,0.7333333333333333,0.53125,0.8
1113600,0.6,0.6896551724137931,0.7333333333333333,0.53125,0.8
1113900,0.6,0.6896551724137931,0.7333333333333333,0.53125,0.8
1114200,0.6,0.6896551724137931,0.7333333333333333,0.53125,0.8
1114500,0.6,0.6896551724137931,0.7333333333333333,0.53125,0.8
1114800,0.6,0.6896551724137931,0.7333333333333333,0.53125,0.8
1115100,0.6,0.6896551724137931,0.7333333333333333,0.53125,0.8
1115400,0.6,0.6896551724137931,0.7333333333333333,0.53125,0.8
1115700,0.6,0.6896551724137931,0.7333333333333333,0.53125,0.8
1116000,0.6,0.6896551724137931,0.7333333333333333,0.53125,0.8
1116300,0.6,0.6896551724137931,0.7333333333333333,0.53125,0.8
1116600,0.6,0.6896551724137931,0.7333333333333333,0.53125,0.8
1116900,0.6,0.6896551724137931,0.7333333333333333,0.53125,0.8
1117200,0.6,0.6896551724137931,0.7333333333333333,0.53125,0.8
1117500,0.8,0.8275862068965517,0.8,0.75,0.85
1117800,0.8,0.7241379310344828,0.8,0.75,0.85
1118100,0.8,0.6896551724137931,0.7333333333333333,0.8125,0.85
1118400,0.8,0.6896551724137931,0.6666666666666666,0.8125,0.9
1118700,0.75,0.6896551724137931,0.5666666666666667,0.78125,0.8
1119000,0.75,0.6896551724137931,0.0,0.0,0.0
1119300,0.75,0.6896551724137931,0.6,0.6875,0.7
1119600,0.75,0.7241379310344828,0.5333333333333333,0.6875,0.65
1119900,0.75,0.7241379310344828,0.5666666666666667,0.65625,0.7
1120200,0.75,0.7241379310344828,0.5666666666666667,0.65625,0.7
1120500,0.75,0.7241379310344828,0.5666666666666667,0.65625,0.7
1120800,0.75,0.7241379310344828,0.5666666666666667,0.65625,0.7
1121100,0.75,0.7241379310344828,0.5666666666666667,0.65625,0.7
1121400,0.75,0.7241379310344828,0.5666666666666667,0.65625,0.7
1121700,0.85,0.7241379310344828,0.5666666666666667,0.65625,0.6
1122000,0.85,0.7241379310344828,0.5666666666666667,0.65625,0.6
1122300,0.75,0.6896551724137931,0.8,0.46875,0.55
1122600,0.75,0.6896551724137931,0.7333333333333333,0.46875,0.5
1122900,0.0,0.7586206896551724,0.5666666666666667,0.59375,0.45
1123200,0.7,0.7586206896551724,0.3,0.5,0.45
1123500,0.75,0.6206896551724138,0.2,0.4375,0.2
1123800,0.7,0.5172413793103449,0.13333333333333333,0.34375,0.15
1124100,0.65,0.5172413793103449,0.1,0.21875,0.1
1124400,0.6,0.5517241379310345,0.03333333333333333,0.125,0.0
1124700,0.6,0.4827586206896552,0.0,0.03125,0.0
1125000,0.7,0.4482758620689655,0.06666666666666667,0.0,0.0
1125300,0.75,0.41379310344827586,0.03333333333333333,0.0,0.0
1125600,0.7,0.41379310344827586,0.0,0.03125,0.15
1125900,0.7,0.3103448275862069,0.06666666666666667,0.03125,0.1
1126200,0.7,0.3448275862068966,0.1,0.15625,0.1
1126500,0.7,0.27586206896551724,0.2,0.125,0.15
1126800,0.7,0.27586206896551724,0.23333333333333334,0.125,0.2
1127100,0.6,0.41379310344827586,0.1,0.125,0.2
1127400,0.6,0.3793103448275862,0.13333333333333333,0.09375,0.2
1127700,0.55,0.3448275862068966,0.06666666666666667,0.09375,0.25
1128000,0.6,0.3793103448275862,0.03333333333333333,0.0625,0.35
1128300,0.6,0.3793103448275862,0.03333333333333333,0.125,0.25
1128600,0.65,0.3793103448275862,0.06666666666666667,0.0625,0.1
1128900,0.7,0.5172413793103449,0.2,0.0625,0.15
1129200,0.7,0.5172413793103449,0.2,0.0,0.1
1129500,0.75,0.5172413793103449,0.26666666666666666,0.03125,0.15
1129800,0.7,0.5172413793103449,0.23333333333333334,0.0625,0.05
1130100,0.7,0.5172413793103449,0.26666666666666666,0.09375,0.05
1130400,0.7,0.5517241379310345,0.23333333333333334,0.09375,0.2
1130700,0.65,0.6551724137931034,0.3,0.21875,0.05
1131000,0.65,0.6551724137931034,0.26666666666666666,0.15625,0.1
1131300,0.7,0.7931034482758621,0.23333333333333334,0.1875,0.2
1131600,0.7,0.7586206896551724,0.3,0.21875,0.2
1131900,0.7,0.7931034482758621,0.23333333333333334,0.21875,0.05
1132200,0.6,0.6896551724137931,0.26666666666666666,0.1875,0.1
1132500,0.6,0.6896551724137931,0.3333333333333333,0.21875,0.2
1132800,0.6,0.6551724137931034,0.3333333333333333,0.25,0.15
1133100,0.55,0.6206896551724138,0.36666666666666664,0.3125,0.15
1133400,0.55,0.5517241379310345,0.3333333333333333,0.34375,0.15
1133700,0.5,0.5517241379310345,0.0,0.0,0.0
1134000,0.45,0.6551724137931034,0.2,0.4375,0.15
1134300,0.5,0.6551724137931034,0.2,0.46875,0.15
1134600,0.45,0.5862068965517241,0.3,0.46875,0.1
1134900,0.5,0.7241379310344828,0.3,0.4375,0.05
1135200,0.65,0.6896551724137931,0.3333333333333333,0.46875,0.05
1135500,0.65,0.6896551724137931,0.43333333333333335,0.4375,0.05
1135800,0.7,0.6551724137931034,0.43333333333333335,0.46875,0.15
1136100,0.65,0.7586206896551724,0.4666666666666667,0.5,0.15
1136400,0.7,0.7241379310344828,0.4,0.5,0.1
1136700,0.6,0.8620689655172413,0.43333333333333335,0.5,0.2
1137000,0.6,0.8620689655172413,0.4666666666666667,0.40625,0.25
1137300,0.6,0.8620689655172413,0.36666666666666664,0.4375,0.15
1137600,0.55,0.8620689655172413,0.36666666666666664,0.40625,0.15
1137900,0.55,0.8620689655172413,0.36666666666666664,0.5,0.1
1138200,0.55,0.8620689655172413,0.3333333333333333,0.4375,0.1
1138500,0.5,0.7931034482758621,0.3333333333333333,0.46875,0.15
1138800,0.4,0.7931034482758621,0.3333333333333333,0.5,0.05
1139100,0.4,0.7586206896551724,0.3333333333333333,0.46875,0.15
1139400,0.45,0.7931034482758621,0.4,0.40625,0.15
1139700,0.5,0.7931034482758621,0.43333333333333335,0.34375,0.2
1140000,0.5,0.8620689655172413,0.36666666666666664,0.25,0.05
1140300,0.4,0.8620689655172413,0.4,0.28125,0.2
1140600,0.35,0.896551724137931,0.4,0.3125,0.15
1140900,0.3,0.8620689655172413,0.0,0.0,0.0
1141200,0.35,0.8275862068965517,0.4,0.4375,0.2
1141500,0.35,0.7931034482758621,0.3333333333333333,0.4375,0.2
1141800,0.25,0.7931034482758621,0.36666666666666664,0.40625,0.15
1142100,0.3,0.7931034482758621,0.36666666666666664,0.40625,0.1
1142400,0.3,0.7931034482758621,0.4,0.375,0.1
1142700,0.4,0.7586206896551724,0.3333333333333333,0.40625,0.2
1143000,0.35,0.7241379310344828,0.23333333333333334,0.375,0.15
1143300,0.35,0.6551724137931034,0.13333333333333333,0.34375,0.1
1143600,0.4,0.6896551724137931,0.16666666666666666,0.3125,0.1
1143900,0.4,0.7241379310344828,0.16666666666666666,0.375,0.2
1144200,0.4,0.7241379310344828,0.2,0.40625,0.2
1144500,0.4,0.7241379310344828,0.16666666666666666,0.3125,0.2
1144800,0.45,0.7241379310344828,0.1,0.34375,0.1
1145100,0.45,0.7241379310344828,0.03333333333333333,0.375,0.1
1145400,0.5,0.6896551724137931,0.1,0.375,0.1
1145700,0.45,0.6551724137931034,0.06666666666666667,0.40625,0.15
1146000,0.45,0.6551724137931034,0.1,0.34375,0.05
1146300,0.45,0.6206896551724138,0.03333333333333333,0.34375,0.25
1146600,0.45,0.6551724137931034,0.16666666666666666,0.3125,0.1
1146900,0.45,0.6551724137931034,0.1,0.25,0.15
1147200,0.45,0.6896551724137931,0.06666666666666667,0.34375,0.15
1147500,0.4,0.6896551724137931,0.13333333333333333,0.25,0.15
1147800,0.45,0.6551724137931034,0.16666666666666666,0.3125,0.15
1148100,0.45,0.6896551724137931,0.2,0.28125,0.35
1148400,0.55,0.6896551724137931,0.23333333333333334,0.28125,0.4
1148700,0.55,0.7241379310344828,0.3,0.3125,0.3
1149000,0.6,0.7241379310344828,0.23333333333333334,0.28125,0.35
1149300,0.55,0.7586206896551724,0.23333333333333334,0.34375,0.4
1149600,0.45,0.6551724137931034,0.3333333333333333,0.40625,0.35
1149900,0.55,0.6896551724137931,0.26666666666666666,0.46875,0.35
1150200,0.55,0.6551724137931034,0.26666666666666666,0.4375,0.25
1150500,0.45,0.6896551724137931,0.3333333333333333,0.5,0.25
1150800,0.35,0.6551724137931034,0.3,0.46875,0.3
1151100,0.35,0.6896551724137931,0.4,0.4375,0.35
1151400,0.35,0.6896551724137931,0.5333333333333333,0.46875,0.35
1151700,0.35,0.6896551724137931,0.5666666666666667,0.46875,0.4
1152000,0.35,0.7241379310344828,0.5666666666666667,0.46875,0.5
1152300,0.35,0.7931034482758621,0.6666666666666666,0.5625,0.7
1152600,0.45,0.8620689655172413,0.8,0.59375,0.75
1152900,0.45,0.896551724137931,0.8666666666666667,0.65625,0.8
1153200,0.55,0.9310344827586207,0.9333333333333333,0.71875,0.9
1153500,0.5,0.896551724137931,0.9666666666666667,0.625,0.9
1153800,0.5,0.896551724137931,0.9666666666666667,0.78125,0.9
1154100,0.55,0.896551724137931,0.9,0.75,0.85
1154400,0.55,0.9310344827586207,0.9333333333333333,0.8125,0.7
1154700,0.6,0.9310344827586207,0.9,0.84375,0.65
1155000,0.65,0.9310344827586207,0.9,0.8125,0.65
1155300,0.65,0.9310344827586207,0.9333333333333333,0.8125,0.65
1155600,0.6,0.896551724137931,0.0,0.0,0.0
1155900,0.75,0.896551724137931,0.8666666666666667,0.78125,0.65
1156200,0.75,0.896551724137931,0.8333333333333334,0.78125,0.6
1156500,0.75,0.896551724137931,0.8333333333333334,0.71875,0.6
1156800,0.9,0.896551724137931,0.7666666666666667,0.6875,0.65
1157100,0.95,0.9310344827586207,0.8,0.6875,0.7
1157400,0.95,0.9310344827586207,0.7333333333333333,0.75,0.75
1157700,0.95,0.9310344827586207,0.7333333333333333,0.71875,0.8
1158000,0.8,0.896551724137931,0.7,0.75,0.85
1158300,0.8,0.896551724137931,0.7,0.8125,0.85
1158600,0.8,0.896551724137931,0.7,0.8125,0.85
1158900,0.8,0.896551724137931,0.7333333333333333,0.84375,0.9
1159200,0.8,0.896551724137931,0.7,0.78125,0.85
1159500,0.8,0.896551724137931,0.6666666666666666,0.8125,0.85
1159800,0.8,0.9310344827586207,0.7,0.84375,0.85
1160100,0.85,0.9310344827586207,0.7,0.875,0.85
1160400,0.8,0.9310344827586207,0.8,0.9375,0.8
1160700,0.75,0.896551724137931,0.8,0.90625,0.8
1161000,0.75,0.9310344827586207,0.7666666666666667,0.90625,0.8
1161300,0.8,0.9310344827586207,0.8,0.90625,0.9
1161600,0.85,0.9310344827586207,0.8,0.9375,0.95
1161900,0.75,0.9310344827586207,0.7666666666666667,0.9375,0.85
1162200,0.85,0.9310344827586207,0.8333333333333334,0.84375,0.8
1162500,0.85,0.9310344827586207,0.8,0.8125,0.8
1162800,0.9,0.9310344827586207,0.0,0.0,0.0
1163100,0.75,0.9310344827586207,0.7666666666666667,0.8125,0.85
1163400,0.85,0.9310344827586207,0.8,0.8125,0.8
1163700,0.85,0.9310344827586207,0.8333333333333334,0.84375,0.75
1164000,0.85,0.9310344827586207,0.8,0.8125,0.8
1164300,0.85,0.896551724137931,0.8666666666666667,0.875,0.8
1164600,0.85,0.896551724137931,0.8666666666666667,0.84375,0.9
1164900,0.8,0.896551724137931,0.8333333333333334,0.84375,0.9
1165200,0.7,0.896551724137931,0.8666666666666667,0.90625,0.9
1165500,0.7,0.896551724137931,0.8333333333333334,0.90625,0.9
1165800,0.2,0.896551724137931,0.8333333333333334,0.96875,0.9
1166100,0.2,0.896551724137931,0.7666666666666667,0.96875,0.75
1166400,0.1,0.9310344827586207,0.43333333333333335,0.84375,0.55
1166700,0.05,0.8620689655172413,0.3333333333333333,0.75,0.55
1167000,0.0,0.7241379310344828,0.26666666666666666,0.65625,0.25
1167300,0.0,0.7586206896551724,0.2,0.65625,0.1
1167600,0.0,0.6551724137931034,0.13333333333333333,0.40625,0.0
1167900,0.0,0.5862068965517241,0.06666666666666667,0.46875,0.0
1168200,0.0,0.4827586206896552,0.06666666666666667,0.34375,0.0
1168500,0.05,0.4827586206896552,0.16666666666666666,0.28125,0.05
1168800,0.0,0.3793103448275862,0.06666666666666667,0.28125,0.1
1169100,0.0,0.3103448275862069,0.06666666666666667,0.25,0.1
1169400,0.0,0.3103448275862069,0.1,0.15625,0.05
1169700,0.0,0.41379310344827586,0.03333333333333333,0.125,0.1
1170000,0.05,0.3793103448275862,0.16666666666666666,0.15625,0.15
1170300,0.2,0.3448275862068966,0.0,0.0,0.0
1170600,0.2,0.27586206896551724,0.1,0.1875,0.15
1170900,0.25,0.2413793103448276,0.03333333333333333,0.125,0.15
1171200,0.25,0.13793103448275862,0.06666666666666667,0.1875,0.1
1171500,0.15,0.10344827586206896,0.06666666666666667,0.3125,0.1
1171800,0.15,0.10344827586206896,0.03333333333333333,0.40625,0.05
1172100,0.3,0.10344827586206896,0.03333333333333333,0.53125,0.05
1172400,0.4,0.1724137931034483,0.1,0.59375,0.05
1172700,0.5,0.20689655172413793,0.1,0.625,0.3
1173000,0.55,0.3103448275862069,0.16666666666666666,0.6875,0.3
1173300,0.6,0.41379310344827586,0.16666666666666666,0.65625,0.45
1173600,0.6,0.5172413793103449,0.26666666666666666,0.65625,0.45
1173900,0.6,0.6551724137931034,0.4666666666666667,0.78125,0.5
1174200,0.65,0.6206896551724138,0.6,0.84375,0.65
1174500,0.75,0.6896551724137931,0.7333333333333333,0.84375,0.7
1174800,0.85,0.6551724137931034,0.7,0.9375,0.7
1175100,0.8,0.6896551724137931,0.7333333333333333,0.9375,0.8
1175400,0.75,0.6896551724137931,0.7333333333333333,0.90625,0.85
1175700,0.7,0.7241379310344828,0.7333333333333333,0.90625,0.75
1176000,0.7,0.6896551724137931,0.7333333333333333,0.90625,0.7
1176300,0.7,0.6896551724137931,0.7,0.90625,0.85
1176600,0.65,0.6896551724137931,0.7,0.90625,0.85
1176900,0.65,0.7241379310344828,0.6666666666666666,0.90625,0.85
1177200,0.6,0.7931034482758621,0.7666666666666667,0.9375,0.75
1177500,0.55,0.7931034482758621,0.0,0.0,0.0
1177800,0.55,0.7931034482758621,0.0,0.0,0.0
1178100,0.55,0.8620689655172413,0.9333333333333333,0.9375,0.7
1178400,0.65,0.8620689655172413,0.8666666666666667,0.875,0.7
1178700,0.6,0.9310344827586207,0.9,0.90625,0.7
1179000,0.65,0.9310344827586207,0.9,0.90625,0.8
1179300,0.7,0.9310344827586207,0.9,0.875,0.75
1179600,0.7,0.896551724137931,0.9,0.875,0.75
1179900,0.7,0.896551724137931,0.9,0.875,0.75
1180200,0.65,0.9310344827586207,0.9,0.84375,0.75
1180500,0.65,0.9310344827586207,0.8666666666666667,0.875,0.75
1180800,0.7,0.896551724137931,0.8666666666666667,0.90625,0.8
1181100,0.65,0.896551724137931,0.8666666666666667,0.90625,0.8
1181400,0.7,0.896551724137931,0.8666666666666667,0.9375,0.7
1181700,0.65,0.896551724137931,0.8666666666666667,0.9375,0.7
1182000,0.7,0.896551724137931,0.8,1.0,0.7
1182300,0.7,0.896551724137931,0.8,1.0,0.65
1182600,0.6,0.8620689655172413,0.8,0.96875,0.6
1182900,0.7,0.8620689655172413,0.8,1.0,0.65
1183200,0.7,0.896551724137931,0.7,0.875,0.65
1183500,0.75,0.896551724137931,0.6666666666666666,0.875,0.7
1183800,0.75,0.9310344827586207,0.5,0.8125,0.7
1184100,0.65,0.9310344827586207,0.5333333333333333,0.84375,0.7
1184400,0.65,0.9655172413793104,0.5666666666666667,0.875,0.85
1184700,0.6,0.9655172413793104,0.5,0.90625,0.9
1185000,0.65,0.9655172413793104,0.5666666666666667,0.875,0.9
1185300,0.75,0.9655172413793104,0.6333333333333333,0.90625,0.9
1185600,0.75,0.9655172413793104,0.6,0.9375,0.9
1185900,0.75,0.9655172413793104,0.6333333333333333,0.9375,0.9
1186200,0.75,0.9655172413793104,0.6333333333333333,0.90625,0.9
1186500,0.8,1.0,0.6666666666666666,0.90625,0.9
1186800,0.8,1.0,0.7333333333333333,0.84375,0.9
1187100,0.75,1.0,0.8333333333333334,0.90625,0.85
1187400,0.75,1.0,0.8666666666666667,0.90625,0.85
1187700,0.85,1.0,0.8666666666666667,0.9375,0.8
1188000,0.85,1.0,0.9,0.875,0.8
1188300,0.0,1.0,0.9,0.84375,0.8
1188600,0.8,1.0,0.8666666666666667,0.84375,0.8
1188900,0.8,1.0,0.8666666666666667,0.875,0.8
1189200,0.8,1.0,0.8666666666666667,0.875,0.8
1189500,0.85,1.0,0.9,0.875,0.8
1189800,0.8,0.9655172413793104,0.8333333333333334,0.875,0.85
1190100,0.75,0.9655172413793104,0.8,0.84375,0.85
1190400,0.65,0.9655172413793104,0.8,0.84375,0.8
1190700,0.65,0.9655172413793104,0.8666666666666667,0.8125,0.85
1191000,0.55,0.9655172413793104,0.8333333333333334,0.8125,0.9
1191300,0.45,1.0,0.8333333333333334,0.84375,0.95
1191600,0.4,0.9655172413793104,0.6666666666666666,0.8125,0.95
1191900,0.45,0.9310344827586207,0.6666666666666666,0.78125,0.9
1192200,0.25,0.896551724137931,0.0,0.0,0.0
1192500,0.3,0.896551724137931,0.5333333333333333,0.6875,0.85
1192800,0.35,0.8620689655172413,0.4666666666666667,0.6875,0.8
1193100,0.35,0.8275862068965517,0.4666666666666667,0.59375,0.75
1193400,0.4,0.7931034482758621,0.36666666666666664,0.59375,0.7
1193700,0.35,0.7931034482758621,0.23333333333333334,0.59375,0.55
1194000,0.2,0.7241379310344828,0.23333333333333334,0.5625,0.5
1194300,0.15,0.6551724137931034,0.3333333333333333,0.53125,0.55
1194600,0.25,0.6551724137931034,0.36666666666666664,0.4375,0.6
1194900,0.25,0.6551724137931034,0.4,0.4375,0.5
1195200,0.25,0.6896551724137931,0.3,0.4375,0.5
1195500,0.35,0.6896551724137931,0.3333333333333333,0.4375,0.5
1195800,0.35,0.7931034482758621,0.36666666666666664,0.5,0.35
1196100,0.4,0.7931034482758621,0.43333333333333335,0.53125,0.3
1196400,0.6,0.8275862068965517,0.5333333333333333,0.59375,0.4
1196700,0.7,0.7931034482758621,0.4666666666666667,0.59375,0.4
1197000,0.7,0.7586206896551724,0.6,0.59375,0.25
1197300,0.6,0.7586206896551724,0.5666666666666667,0.625,0.35
1197600,0.6,0.7586206896551724,0.6666666666666666,0.625,0.4
1197900,0.55,0.7241379310344828,0.7,0.625,0.45
1198200,0.45,0.7931034482758621,0.7333333333333333,0.59375,0.5
1198500,0.4,0.8275862068965517,0.7333333333333333,0.625,0.5
1198800,0.3,0.8275862068965517,0.7333333333333333,0.6875,0.45
1199100,0.25,0.7931034482758621,0.7666666666666667,0.59375,0.65
1199400,0.25,0.8275862068965517,0.7666666666666667,0.5625,0.65
1199700,0.15,0.7931034482758621,0.8,0.53125,0.75
1200000,0.25,0.7241379310344828,0.8,0.59375,0.75
1200300,0.3,0.6896551724137931,0.7666666666666667,0.625,0.85
1200600,0.2,0.7241379310344828,0.8,0.65625,0.9
1200900,0.2,0.7241379310344828,0.8666666666666667,0.6875,0.85
1201200,0.2,0.7586206896551724,0.8666666666666667,0.625,0.85
1201500,0.2,0.7586206896551724,0.8,0.625,0.8
1201800,0.25,0.7931034482758621,0.8,0.65625,0.8
1202100,0.35,0.7586206896551724,0.8,0.6875,0.65
1202400,0.4,0.7586206896551724,0.8333333333333334,0.6875,0.6
1202700,0.45,0.7586206896551724,0.8,0.6875,0.65
1203000,0.45,0.8275862068965517,0.7666666666666667,0.625,0.6
1203300,0.55,0.8275862068965517,0.7666666666666667,0.5625,0.7
1203600,0.55,0.8620689655172413,0.7666666666666667,0.5625,0.75
1203900,0.55,0.8275862068965517,0.7666666666666667,0.5625,0.75
1204200,0.65,0.7586206896551724,0.7,0.625,0.9
1204500,0.85,0.7241379310344828,0.6666666666666666,0.59375,0.85
1204800,0.85,0.6896551724137931,0.7333333333333333,0.5,0.8
1205100,0.9,0.7241379310344828,0.7,0.53125,0.8
1205400,0.9,0.6896551724137931,0.7333333333333333,0.5,0.75
1205700,0.9,0.6896551724137931,0.7333333333333333,0.5625,0.65
1206000,1.0,0.6551724137931034,0.7333333333333333,0.5,0.7
1206300,0.95,0.6551724137931034,0.7333333333333333,0.46875,0.8
1206600,0.8,0.6206896551724138,0.0,0.0,0.0
1206900,0.8,0.7241379310344828,0.7333333333333333,0.59375,0.6
1207200,0.8,0.7241379310344828,0.7666666666666667,0.53125,0.7
1207500,0.75,0.7241379310344828,0.8666666666666667,0.5,0.7
1207800,0.7,0.6206896551724138,0.8666666666666667,0.5,0.75
1208100,0.7,0.6206896551724138,0.8666666666666667,0.4375,0.75
1208400,0.6,0.5172413793103449,0.7333333333333333,0.4375,0.9
1208700,0.55,0.4482758620689655,0.8333333333333334,0.4375,0.9
1209000,0.55,0.41379310344827586,0.7,0.28125,0.85
1209300,0.6,0.41379310344827586,0.7,0.28125,0.85
1209600,0.65,0.3793103448275862,0.7,0.25,0.7
1209900,0.55,0.4482758620689655,0.13333333333333333,0.125,0.55
1210200,0.55,0.4482758620689655,0.13333333333333333,0.125,0.45
1210500,0.5,0.3448275862068966,0.0,0.0625,0.4
1210800,0.5,0.3448275862068966,0.0,0.15625,0.25
1211100,0.6,0.3103448275862069,0.03333333333333333,0.0625,0.1
1211400,0.7,0.3103448275862069,0.03333333333333333,0.0625,0.0
1211700,0.6,0.3103448275862069,0.0,0.03125,0.1
1212000,0.65,0.27586206896551724,0.06666666666666667,0.03125,0.05
1212300,0.65,0.3103448275862069,0.03333333333333333,0.09375,0.1
1212600,0.5,0.3793103448275862,0.06666666666666667,0.09375,0.1
1212900,0.5,0.4482758620689655,0.06666666666666667,0.0625,0.0
1213200,0.45,0.5172413793103449,0.03333333333333333,0.0625,0.1
1213500,0.4,0.5517241379310345,0.16666666666666666,0.0625,0.15
1213800,0.4,0.4827586206896552,0.13333333333333333,0.125,0.2
1214100,0.45,0.5172413793103449,0.0,0.0,0.0
1214400,0.45,0.41379310344827586,0.23333333333333334,0.15625,0.05
1214700,0.4,0.4482758620689655,0.16666666666666666,0.09375,0.05
1215000,0.4,0.4827586206896552,0.26666666666666666,0.09375,0.0
1215300,0.4,0.5517241379310345,0.3333333333333333,0.03125,0.05
1215600,0.45,0.5517241379310345,0.43333333333333335,0.09375,0.05
1215900,0.5,0.4827586206896552,0.4666666666666667,0.03125,0.1
1216200,0.4,0.5517241379310345,0.43333333333333335,0.125,0.05
1216500,0.4,0.4827586206896552,0.4,0.09375,0.1
1216800,0.5,0.5172413793103449,0.36666666666666664,0.125,0.0
1217100,0.5,0.5172413793103449,0.36666666666666664,0.0625,0.1
1217400,0.45,0.4827586206896552,0.4,0.09375,0.1
1217700,0.45,0.4827586206896552,0.4666666666666667,0.15625,0.1
1218000,0.45,0.5172413793103449,0.3333333333333333,0.09375,0.25
1218300,0.45,0.5517241379310345,0.3333333333333333,0.0625,0.2
1218600,0.45,0.6206896551724138,0.43333333333333335,0.0625,0.15
1218900,0.45,0.6206896551724138,0.3333333333333333,0.15625,0.2
1219200,0.55,0.6206896551724138,0.36666666666666664,0.1875,0.0
1219500,0.6,0.6206896551724138,0.23333333333333334,0.125,0.1
1219800,0.6,0.5862068965517241,0.16666666666666666,0.09375,0.1
1220100,0.65,0.6206896551724138,0.1,0.15625,0.1
1220400,0.7,0.5517241379310345,0.06666666666666667,0.1875,0.2
1220700,0.8,0.5862068965517241,0.13333333333333333,0.1875,0.2
1221000,0.75,0.6551724137931034,0.16666666666666666,0.15625,0.3
1221300,0.75,0.6206896551724138,0.16666666666666666,0.125,0.3
1221600,0.75,0.6551724137931034,0.26666666666666666,0.28125,0.25
1221900,0.75,0.6551724137931034,0.3,0.21875,0.25
1222200,0.7,0.6896551724137931,0.3333333333333333,0.21875,0.2
1222500,0.7,0.6896551724137931,0.3,0.21875,0.3
1222800,0.55,0.6896551724137931,0.3,0.15625,0.25
1223100,0.45,0.6551724137931034,0.3,0.09375,0.25
1223400,0.45,0.6206896551724138,0.3,0.15625,0.15
1223700,0.4,0.5862068965517241,0.3333333333333333,0.28125,0.15
1224000,0.4,0.6206896551724138,0.3,0.375,0.15
1224300,0.4,0.5862068965517241,0.3,0.34375,0.1
1224600,0.4,0.6206896551724138,0.3333333333333333,0.28125,0.1
1224900,0.4,0.6551724137931034,0.3,0.375,0.1
1225200,0.3,0.6551724137931034,0.3333333333333333,0.4375,0.0
1225500,0.3,0.6551724137931034,0.36666666666666664,0.5,0.1
1225800,0.3,0.6551724137931034,0.3333333333333333,0.5625,0.1
1226100,0.3,0.6551724137931034,0.3,0.5625,0.0
1226400,0.3,0.6551724137931034,0.36666666666666664,0.53125,0.1
1226700,0.3,0.7241379310344828,0.43333333333333335,0.53125,0.0
1227000,0.35,0.7241379310344828,0.43333333333333335,0.5,0.15
1227300,0.45,0.7586206896551724,0.4666666666666667,0.46875,0.2
1227600,0.45,0.8275862068965517,0.4666666666666667,0.5625,0.2
1227900,0.5,0.7931034482758621,0.43333333333333335,0.59375,0.25
1228200,0.5,0.7931034482758621,0.43333333333333335,0.59375,0.15
1228500,0.45,0.7586206896551724,0.0,0.0,0.0
1228800,0.55,0.7586206896551724,0.4666666666666667,0.59375,0.1
1229100,0.55,0.7241379310344828,0.43333333333333335,0.625,0.15
1229400,0.55,0.7241379310344828,0.3,0.53125,0.15
1229700,0.6,0.6551724137931034,0.3333333333333333,0.5,0.0
1230000,0.6,0.6551724137931034,0.4,0.5,0.2
1230300,0.55,0.6896551724137931,0.26666666666666666,0.46875,0.1
1230600,0.65,0.7241379310344828,0.2,0.46875,0.05
1230900,0.55,0.7241379310344828,0.23333333333333334,0.34375,0.2
1231200,0.55,0.7586206896551724,0.23333333333333334,0.375,0.15
1231500,0.55,0.7241379310344828,0.2,0.28125,0.1
1231800,0.55,0.7586206896551724,0.2,0.34375,0.2
1232100,0.5,0.7241379310344828,0.2,0.375,0.05
1232400,0.45,0.7241379310344828,0.23333333333333334,0.375,0.15
1232700,0.55,0.6896551724137931,0.16666666666666666,0.34375,0.1
1233000,0.7,0.7241379310344828,0.2,0.3125,0.05
1233300,0.7,0.6896551724137931,0.2,0.1875,0.15
1233600,0.6,0.6896551724137931,0.16666666666666666,0.125,0.1
1233900,0.5,0.6896551724137931,0.16666666666666666,0.15625,0.1
1234200,0.4,0.7241379310344828,0.23333333333333334,0.21875,0.1
1234500,0.35,0.6896551724137931,0.13333333333333333,0.0625,0.3
1234800,0.35,0.7586206896551724,0.16666666666666666,0.0625,0.4
1235100,0.35,0.7241379310344828,0.13333333333333333,0.125,0.55
1235400,0.4,0.7241379310344828,0.13333333333333333,0.125,0.55
1235700,0.3,0.7241379310344828,0.23333333333333334,0.15625,0.35
1236000,0.3,0.7241379310344828,0.0,0.0,0.0
1236300,0.25,0.7241379310344828,0.16666666666666666,0.0625,0.3
1236600,0.2,0.7241379310344828,0.13333333333333333,0.09375,0.35
1236900,0.05,0.7241379310344828,0.2,0.125,0.35
1237200,0.0,0.8275862068965517,0.3,0.125,0.3
1237500,0.0,0.7931034482758621,0.3,0.25,0.3
1237800,0.0,0.896551724137931,0.4,0.25,0.45
1238100,0.0,0.896551724137931,0.3333333333333333,0.375,0.5
1238400,0.1,0.896551724137931,0.43333333333333335,0.53125,0.55
1238700,0.0,0.9310344827586207,0.5666666666666667,0.625,0.6
1239000,0.15,0.9310344827586207,0.6333333333333333,0.8125,0.6
1239300,0.4,0.9310344827586207,0.6333333333333333,0.90625,0.7
1239600,0.4,0.896551724137931,0.6,0.875,0.65
1239900,0.45,0.8620689655172413,0.6333333333333333,0.875,0.65
1240200,0.45,0.8620689655172413,0.6333333333333333,0.8125,0.65
1240500,0.5,0.8620689655172413,0.6666666666666666,0.84375,0.65
1240800,0.5,0.896551724137931,0.6,0.84375,0.7
1241100,0.55,0.896551724137931,0.7,0.84375,0.8
1241400,0.5,0.9655172413793104,0.7666666666666667,0.84375,0.8
1241700,0.5,0.9655172413793104,0.7333333333333333,0.78125,0.8
1242000,0.55,0.9655172413793104,0.7,0.78125,0.85
1242300,0.65,0.9655172413793104,0.6333333333333333,0.8125,0.85
1242600,0.75,0.9655172413793104,0.6666666666666666,0.78125,0.8
1242900,0.7,0.9310344827586207,0.6333333333333333,0.8125,0.7
1243200,0.75,0.9310344827586207,0.6666666666666666,0.71875,0.65
1243500,0.75,0.9310344827586207,0.0,0.0,0.0
1243800,0.85,0.896551724137931,0.0,0.71875,0.6
1244100,0.9,0.896551724137931,0.6,0.71875,0.6
1244400,0.9,0.9310344827586207,0.5666666666666667,0.71875,0.65
1244700,0.85,0.896551724137931,0.4,0.75,0.65
1245000,0.8,0.896551724137931,0.43333333333333335,0.78125,0.65
1245300,0.8,0.896551724137931,0.3333333333333333,0.75,0.65
1245600,0.8,0.896551724137931,0.36666666666666664,0.75,0.65
1245900,0.0,0.896551724137931,0.4,0.6875,0.5
1246200,0.8,0.8620689655172413,0.3333333333333333,0.75,0.55
1246500,0.8,0.8275862068965517,0.5,0.8125,0.6
1246800,0.8,0.8620689655172413,0.5333333333333333,0.78125,0.7
1247100,0.8,0.8275862068965517,0.6333333333333333,0.71875,0.7
1247400,0.8,0.8275862068965517,0.6,0.71875,0.7
1247700,0.8,0.8275862068965517,0.7,0.78125,0.7
1248000,0.75,0.8275862068965517,0.7,0.78125,0.7
1248300,0.7,0.8275862068965517,0.6666666666666666,0.78125,0.7
1248600,0.7,0.8275862068965517,0.6666666666666666,0.78125,0.7
1248900,0.7,0.8275862068965517,0.6666666666666666,0.78125,0.6
1249200,0.7,0.8275862068965517,0.6666666666666666,0.78125,0.6
1249500,0.7,0.8275862068965517,0.6666666666666666,0.90625,0.6
1249800,0.7,0.8275862068965517,0.6666666666666666,0.90625,0.6
1250100,0.7,0.8275862068965517,0.6666666666666666,0.90625,0.6
1250400,0.7,0.896551724137931,0.6666666666666666,0.90625,0.6
1250700,0.7,0.896551724137931,0.6666666666666666,0.90625,0.65
1251000,0.45,0.8620689655172413,0.8,0.90625,0.7
1251300,0.45,0.8620689655172413,0.8,0.90625,0.7
1251600,0.4,0.8620689655172413,0.7333333333333333,0.84375,0.7
1251900,0.4,0.8620689655172413,0.7,0.8125,0.65
1252200,0.4,0.8620689655172413,0.7,0.8125,0.65
1252500,0.3,0.7931034482758621,0.4666666666666667,0.71875,0.45
1252800,0.3,0.6896551724137931,0.43333333333333335,0.625,0.35
1253100,0.0,0.6896551724137931,0.16666666666666666,0.59375,0.2
1253400,0.1,0.6551724137931034,0.13333333333333333,0.5625,0.2
1253700,0.0,0.6896551724137931,0.13333333333333333,0.5625,0.1
1254000,0.0,0.6551724137931034,0.13333333333333333,0.375,0.15
1254300,0.0,0.5172413793103449,0.2,0.375,0.25
1254600,0.05,0.4827586206896552,0.16666666666666666,0.34375,0.15
1254900,0.05,0.41379310344827586,0.26666666666666666,0.1875,0.3
1255200,0.05,0.3103448275862069,0.23333333333333334,0.25,0.1
1255500,0.05,0.3103448275862069,0.16666666666666666,0.28125,0.15
1255800,0.1,0.1724137931034483,0.16666666666666666,0.15625,0.25
1256100,0.05,0.2413793103448276,0.23333333333333334,0.1875,0.3
1256400,0.1,0.20689655172413793,0.23333333333333334,0.15625,0.25
1256700,0.1,0.20689655172413793,0.23333333333333334,0.25,0.2
1257000,0.05,0.27586206896551724,0.23333333333333334,0.28125,0.2
1257300,0.15,0.27586206896551724,0.23333333333333334,0.21875,0.1
1257600,0.1,0.3448275862068966,0.23333333333333334,0.21875,0.2
1257900,0.25,0.27586206896551724,0.0,0.0,0.0
1258200,0.25,0.27586206896551724,0.26666666666666666,0.21875,0.1
1258500,0.3,0.3448275862068966,0.23333333333333334,0.1875,0.15
1258800,0.2,0.3103448275862069,0.3,0.34375,0.1
1259100,0.2,0.3448275862068966,0.2,0.34375,0.0
1259400,0.35,0.41379310344827586,0.26666666666666666,0.4375,0.0
1259700,0.35,0.4482758620689655,0.16666666666666666,0.46875,0.1
1260000,0.4,0.5517241379310345,0.3,0.46875,0.2
1260300,0.5,0.6206896551724138,0.26666666666666666,0.625,0.2
1260600,0.5,0.6551724137931034,0.26666666666666666,0.65625,0.15
1260900,0.55,0.6551724137931034,0.3,0.6875,0.5
1261200,0.45,0.7586206896551724,0.3,0.6875,0.5
1261500,0.4,0.7931034482758621,0.23333333333333334,0.65625,0.45
1261800,0.35,0.896551724137931,0.36666666666666664,0.78125,0.5
1262100,0.35,0.8275862068965517,0.4666666666666667,0.78125,0.5
1262400,0.3,0.8275862068965517,0.5333333333333333,0.875,0.6
1262700,0.3,0.896551724137931,0.6333333333333333,0.875,0.65
1263000,0.3,0.896551724137931,0.6,0.875,0.65
1263300,0.3,0.896551724137931,0.6333333333333333,0.84375,0.6
1263600,0.4,0.896551724137931,0.6666666666666666,0.78125,0.7
1263900,0.4,0.896551724137931,0.7333333333333333,0.75,0.75
1264200,0.4,0.896551724137931,0.7333333333333333,0.71875,0.75
1264500,0.4,0.896551724137931,0.7,0.71875,0.8
1264800,0.4,0.896551724137931,0.6,0.71875,0.8
1265100,0.4,0.896551724137931,0.6,0.71875,0.8
1265400,0.35,0.896551724137931,0.6,0.71875,0.8
1265700,0.35,0.8275862068965517,0.5666666666666667,0.71875,0.85
1266000,0.3,0.7586206896551724,0.5,0.71875,0.85
1266300,0.3,0.7586206896551724,0.5,0.71875,0.85
1266600,0.3,0.7586206896551724,0.5,0.78125,0.85
1266900,0.4,0.8275862068965517,0.43333333333333335,0.8125,0.85
1267200,0.35,0.8275862068965517,0.43333333333333335,0.875,0.9
1267500,0.4,0.896551724137931,0.5,0.90625,0.9
1267800,0.4,0.896551724137931,0.6,0.90625,0.85
1268100,0.5,0.8275862068965517,0.6,0.90625,0.8
1268400,0.7,0.8275862068965517,0.6,0.9375,0.8
1268700,0.7,0.8620689655172413,0.5666666666666667,0.96875,0.7
1269000,0.65,0.8620689655172413,0.5666666666666667,1.0,0.75
1269300,0.65,0.8620689655172413,0.4666666666666667,1.0,0.75
1269600,0.65,0.8620689655172413,0.6,1.0,0.8
1269900,0.65,0.8620689655172413,0.6333333333333333,1.0,0.85
1270200,0.7,0.8620689655172413,0.5666666666666667,1.0,0.85
1270500,0.75,0.9310344827586207,0.6,1.0,0.85
1270800,0.75,0.9310344827586207,0.6333333333333333,0.96875,0.85
1271100,0.8,0.9655172413793104,0.6333333333333333,0.9375,0.9
1271400,0.85,0.9655172413793104,0.6333333333333333,0.9375,1.0
1271700,0.8,0.9655172413793104,0.7,0.9375,0.95
1272000,0.9,0.9655172413793104,0.7,0.9375,0.9
1272300,0.9,0.9655172413793104,0.6666666666666666,1.0,0.9
1272600,0.9,0.9310344827586207,0.0,0.0,0.0
1272900,0.9,0.896551724137931,0.0,1.0,0.9
1273200,0.85,0.896551724137931,0.6333333333333333,1.0,0.95
1273500,0.8,0.896551724137931,0.6666666666666666,1.0,0.95
1273800,0.75,0.896551724137931,0.7,0.96875,0.95
1274100,0.75,0.896551724137931,0.7333333333333333,0.9375,0.95
1274400,0.75,0.896551724137931,0.7666666666666667,0.9375,0.95
1274700,0.8,0.896551724137931,0.8,0.9375,0.95
1275000,0.75,0.8620689655172413,0.8,0.9375,0.95
1275300,0.65,0.8275862068965517,0.7333333333333333,0.9375,0.95
1275600,0.6,0.896551724137931,0.7,0.9375,0.95
1275900,0.5,0.896551724137931,0.7,0.9375,0.95
1276200,0.5,0.896551724137931,0.7333333333333333,0.90625,0.95
1276500,0.5,0.896551724137931,0.6666666666666666,0.90625,0.9
1276800,0.5,0.896551724137931,0.7,0.90625,0.9
1277100,0.5,0.896551724137931,0.7,0.90625,0.9
1277400,0.5,0.896551724137931,0.8,0.9375,0.9
1277700,0.5,0.8620689655172413,0.8,0.9375,0.85
1278000,0.5,0.8620689655172413,0.8,0.9375,0.85
1278300,0.6,0.8275862068965517,0.8,0.875,0.8
1278600,0.55,0.8275862068965517,0.8,0.875,0.75
1278900,0.5,0.8620689655172413,0.6666666666666666,0.90625,0.7
1279200,0.4,0.8275862068965517,0.5666666666666667,0.875,0.65
1279500,0.4,0.896551724137931,0.5666666666666667,0.78125,0.65
1279800,0.35,0.8275862068965517,0.0,0.0,0.0
1280100,0.35,0.8275862068965517,0.3,0.8125,0.5
1280400,0.3,0.8275862068965517,0.26666666666666666,0.78125,0.55
1280700,0.25,0.8620689655172413,0.26666666666666666,0.8125,0.55
1281000,0.25,0.8275862068965517,0.26666666666666666,0.78125,0.55
1281300,0.2,0.8275862068965517,0.2,0.78125,0.55
1281600,0.2,0.8275862068965517,0.23333333333333334,0.71875,0.55
1281900,0.25,0.8275862068965517,0.26666666666666666,0.6875,0.5
1282200,0.25,0.8275862068965517,0.2,0.71875,0.45
1282500,0.2,0.8275862068965517,0.2,0.65625,0.55
1282800,0.05,0.8275862068965517,0.3333333333333333,0.6875,0.45
1283100,0.05,0.8275862068965517,0.23333333333333334,0.71875,0.6
1283400,0.05,0.8620689655172413,0.23333333333333334,0.71875,0.5
1283700,0.1,0.8620689655172413,0.23333333333333334,0.71875,0.45
1284000,0.05,0.896551724137931,0.16666666666666666,0.71875,0.6
1284300,0.05,0.8620689655172413,0.23333333333333334,0.65625,0.6
1284600,0.1,0.7586206896551724,0.23333333333333334,0.65625,0.6
1284900,0.1,0.7931034482758621,0.3333333333333333,0.65625,0.6
1285200,0.15,0.7586206896551724,0.5,0.625,0.65
1285500,0.2,0.7586206896551724,0.6,0.65625,0.6
1285800,0.25,0.7586206896551724,0.7,0.6875,0.45
1286100,0.35,0.7931034482758621,0.7666666666666667,0.71875,0.4
1286400,0.3,0.7586206896551724,0.7,0.71875,0.3
1286700,0.3,0.6896551724137931,0.6666666666666666,0.75,0.3
1287000,0.45,0.7241379310344828,0.6,0.8125,0.35
1287300,0.5,0.7586206896551724,0.0,0.0,0.0
1287600,0.45,0.7586206896551724,0.6333333333333333,0.78125,0.55
1287900,0.5,0.7241379310344828,0.7,0.78125,0.6
1288200,0.55,0.7586206896551724,0.6666666666666666,0.75,0.6
1288500,0.55,0.7586206896551724,0.6666666666666666,0.75,0.6
1288800,0.55,0.7586206896551724,0.7333333333333333,0.78125,0.65
1289100,0.6,0.7586206896551724,0.8,0.71875,0.65
1289400,0.5,0.7931034482758621,0.8666666666666667,0.75,0.8
1289700,0.5,0.7931034482758621,0.8666666666666667,0.65625,0.9
1290000,0.55,0.7586206896551724,0.9,0.65625,0.9
1290300,0.55,0.7931034482758621,0.8666666666666667,0.6875,0.9
1290600,0.5,0.7931034482758621,0.8333333333333334,0.71875,0.9
1290900,0.6,0.7931034482758621,0.8333333333333334,0.71875,0.95
1291200,0.5,0.7586206896551724,0.8333333333333334,0.6875,0.95
1291500,0.5,0.7586206896551724,0.8333333333333334,0.6875,0.9
1291800,0.5,0.7931034482758621,0.8,0.71875,0.9
1292100,0.5,0.7931034482758621,0.7666666666666667,0.75,0.8
1292400,0.65,0.8620689655172413,0.7333333333333333,0.71875,0.75
1292700,0.65,0.896551724137931,0.8,0.6875,0.75
1293000,0.65,0.8620689655172413,0.8,0.71875,0.8
1293300,0.7,0.8620689655172413,0.7333333333333333,0.71875,0.75
1293600,0.7,0.7931034482758621,0.7,0.625,0.75
1293900,0.75,0.7931034482758621,0.7,0.65625,0.75
1294200,0.75,0.6896551724137931,0.7333333333333333,0.625,0.8
1294500,0.75,0.6551724137931034,0.7,0.65625,0.75
1294800,0.75,0.6206896551724138,0.7333333333333333,0.59375,0.75
1295100,0.85,0.5862068965517241,0.7666666666666667,0.625,0.7
1295400,0.8,0.5862068965517241,0.7666666666666667,0.5625,0.65
1295700,0.75,0.6206896551724138,0.7,0.65625,0.75
1296000,0.7,0.6206896551724138,0.6333333333333333,0.5,0.65
1296300,0.6,0.5862068965517241,0.43333333333333335,0.34375,0.1
1296600,0.55,0.5517241379310345,0.5,0.28125,0.05
1296900,0.55,0.4827586206896552,0.4,0.15625,0.05
1297200,0.5,0.41379310344827586,0.3,0.125,0.1
1297500,0.55,0.2413793103448276,0.16666666666666666,0.125,0.05
1297800,0.5,0.3103448275862069,0.13333333333333333,0.03125,0.05
1298100,0.55,0.3103448275862069,0.1,0.03125,0.05
1298400,0.55,0.3793103448275862,0.03333333333333333,0.03125,0.0
1298700,0.65,0.3448275862068966,0.03333333333333333,0.0625,0.1
1299000,0.6,0.27586206896551724,0.06666666666666667,0.09375,0.15
1299300,0.6,0.1724137931034483,0.06666666666666667,0.125,0.2
1299600,0.6,0.20689655172413793,0.03333333333333333,0.03125,0.15
1299900,0.6,0.13793103448275862,0.03333333333333333,0.09375,0.15
1300200,0.6,0.06896551724137931,0.03333333333333333,0.03125,0.2
1300500,0.6,0.06896551724137931,0.0,0.0,0.15
1300800,0.55,0.034482758620689655,0.03333333333333333,0.09375,0.2
1301100,0.45,0.10344827586206896,0.03333333333333333,0.09375,0.05
1301400,0.5,0.2413793103448276,0.03333333333333333,0.03125,0.0
1301700,0.4,0.27586206896551724,0.0,0.0,0.0
1302000,0.3,0.3103448275862069,0.23333333333333334,0.0625,0.1
1302300,0.25,0.3448275862068966,0.16666666666666666,0.0,0.15
1302600,0.4,0.3793103448275862,0.03333333333333333,0.03125,0.25
1302900,0.5,0.3103448275862069,0.03333333333333333,0.0625,0.15
1303200,0.55,0.27586206896551724,0.0,0.0625,0.05
1303500,0.5,0.2413793103448276,0.13333333333333333,0.0625,0.15
1303800,0.5,0.2413793103448276,0.13333333333333333,0.1875,0.0
1304100,0.5,0.13793103448275862,0.16666666666666666,0.125,0.1
1304400,0.55,0.13793103448275862,0.13333333333333333,0.09375,0.1
1304700,0.5,0.3103448275862069,0.03333333333333333,0.09375,0.0
1305000,0.5,0.2413793103448276,0.1,0.125,0.05
1305300,0.5,0.27586206896551724,0.23333333333333334,0.15625,0.05
1305600,0.5,0.3103448275862069,0.13333333333333333,0.03125,0.05
1305900,0.5,0.3103448275862069,0.1,0.03125,0.1
1306200,0.5,0.3448275862068966,0.13333333333333333,0.0,0.15
1306500,0.45,0.2413793103448276,0.13333333333333333,0.03125,0.1
1306800,0.45,0.27586206896551724,0.13333333333333333,0.0,0.05
1307100,0.4,0.27586206896551724,0.06666666666666667,0.09375,0.05
1307400,0.4,0.3103448275862069,0.2,0.03125,0.0
1307700,0.35,0.3103448275862069,0.26666666666666666,0.09375,0.05
1308000,0.35,0.3448275862068966,0.2,0.0625,0.25
1308300,0.25,0.3793103448275862,0.16666666666666666,0.15625,0.2
1308600,0.15,0.3448275862068966,0.23333333333333334,0.125,0.15
1308900,0.15,0.3448275862068966,0.16666666666666666,0.25,0.1
1309200,0.25,0.27586206896551724,0.0,0.0,0.0
1309500,0.25,0.2413793103448276,0.26666666666666666,0.09375,0.05
1309800,0.25,0.3103448275862069,0.3333333333333333,0.09375,0.2
1310100,0.15,0.3448275862068966,0.36666666666666664,0.0625,0.15
1310400,0.15,0.41379310344827586,0.5,0.09375,0.15
1310700,0.0,0.3448275862068966,0.5,0.0625,0.15
1311000,0.1,0.3448275862068966,0.43333333333333335,0.09375,0.0
1311300,0.0,0.41379310344827586,0.43333333333333335,0.09375,0.15
1311600,0.0,0.41379310344827586,0.5333333333333333,0.125,0.1
1311900,0.05,0.5172413793103449,0.5333333333333333,0.09375,0.1
1312200,0.0,0.5517241379310345,0.5333333333333333,0.0625,0.2
1312500,0.0,0.6551724137931034,0.5666666666666667,0.09375,0.1
1312800,0.05,0.6896551724137931,0.5,0.09375,0.05
1313100,0.05,0.7241379310344828,0.43333333333333335,0.1875,0.15
1313400,0.0,0.7241379310344828,0.4666666666666667,0.09375,0.05
1313700,0.05,0.6551724137931034,0.5,0.21875,0.15
1314000,0.0,0.6206896551724138,0.5,0.21875,0.05
1314300,0.0,0.5172413793103449,0.43333333333333335,0.28125,0.0
1314600,0.0,0.5517241379310345,0.5,0.25,0.1
1314900,0.1,0.5862068965517241,0.43333333333333335,0.28125,0.05
1315200,0.15,0.5517241379310345,0.36666666666666664,0.28125,0.05
1315500,0.2,0.5172413793103449,0.36666666666666664,0.28125,0.05
1315800,0.3,0.4827586206896552,0.36666666666666664,0.28125,0.1
1316100,0.3,0.4827586206896552,0.23333333333333334,0.21875,0.25
1316400,0.25,0.5517241379310345,0.3333333333333333,0.15625,0.3
1316700,0.2,0.5172413793103449,0.36666666666666664,0.28125,0.2
1317000,0.15,0.5172413793103449,0.36666666666666664,0.21875,0.05
1317300,0.1,0.5517241379310345,0.4,0.21875,0.0
1317600,0.1,0.6896551724137931,0.4,0.28125,0.15
1317900,0.2,0.6551724137931034,0.36666666666666664,0.28125,0.0
1318200,0.25,0.5862068965517241,0.4666666666666667,0.21875,0.0
1318500,0.15,0.6206896551724138,0.43333333333333335,0.3125,0.1
1318800,0.2,0.5172413793103449,0.4666666666666667,0.3125,0.15
1319100,0.15,0.4482758620689655,0.43333333333333335,0.3125,0.05
1319400,0.15,0.5517241379310345,0.36666666666666664,0.1875,0.15
1319700,0.2,0.5862068965517241,0.3333333333333333,0.15625,0.1
1320000,0.1,0.6206896551724138,0.3,0.1875,0.15
1320300,0.2,0.5862068965517241,0.3333333333333333,0.15625,0.2
1320600,0.2,0.5172413793103449,0.3,0.03125,0.3
1320900,0.2,0.5172413793103449,0.16666666666666666,0.0625,0.15
1321200,0.4,0.4827586206896552,0.23333333333333334,0.0625,0.0
1321500,0.4,0.4827586206896552,0.23333333333333334,0.125,0.05
1321800,0.25,0.5172413793103449,0.2,0.09375,0.1
1322100,0.25,0.5862068965517241,0.03333333333333333,0.09375,0.15
1322400,0.2,0.5862068965517241,0.13333333333333333,0.28125,0.15
1322700,0.2,0.5862068965517241,0.13333333333333333,0.1875,0.2
1323000,0.2,0.5862068965517241,0.2,0.0625,0.25
1323300,0.15,0.5862068965517241,0.06666666666666667,0.0625,0.3
1323600,0.15,0.6206896551724138,0.03333333333333333,0.09375,0.25
1323900,0.05,0.7241379310344828,0.03333333333333333,0.0,0.0
1324200,0.0,0.6896551724137931,0.13333333333333333,0.09375,0.35
1324500,0.05,0.6896551724137931,0.13333333333333333,0.15625,0.4
1324800,0.1,0.7586206896551724,0.16666666666666666,0.3125,0.5
1325100,0.0,0.6896551724137931,0.23333333333333334,0.375,0.55
1325400,0.3,0.7241379310344828,0.3333333333333333,0.5,0.5
1325700,0.3,0.7241379310344828,0.36666666666666664,0.5,0.5
1326000,0.3,0.7241379310344828,0.5333333333333333,0.5625,0.55
1326300,0.35,0.7241379310344828,0.5,0.59375,0.45
1326600,0.4,0.7586206896551724,0.6,0.65625,0.3
1326900,0.6,0.8275862068965517,0.6666666666666666,0.65625,0.2
1327200,0.6,0.8275862068965517,0.7,0.625,0.2
1327500,0.65,0.8275862068965517,0.7666666666666667,0.65625,0.3
1327800,0.7,0.8620689655172413,0.7,0.75,0.55
1328100,0.75,0.8275862068965517,0.7666666666666667,0.75,0.45
1328400,0.85,0.8275862068965517,0.7333333333333333,0.71875,0.45
1328700,0.75,0.8275862068965517,0.7333333333333333,0.75,0.45
1329000,0.85,0.7931034482758621,0.7333333333333333,0.75,0.45
1329300,0.85,0.7586206896551724,0.7,0.75,0.55
1329600,0.9,0.7586206896551724,0.7,0.75,0.5
1329900,0.9,0.7586206896551724,0.7,0.71875,0.5
1330200,0.9,0.7586206896551724,0.6333333333333333,0.71875,0.45
1330500,0.7,0.7586206896551724,0.6,0.65625,0.3
1330800,0.8,0.7931034482758621,0.5666666666666667,0.625,0.1
1331100,0.8,0.7931034482758621,0.0,0.0,0.0
1331400,0.8,0.7931034482758621,0.4666666666666667,0.625,0.0
1331700,0.8,0.8275862068965517,0.43333333333333335,0.71875,0.1
1332000,0.8,0.8275862068965517,0.43333333333333335,0.78125,0.2
1332300,0.85,0.8620689655172413,0.4666666666666667,0.8125,0.3
1332600,0.8,0.8620689655172413,0.5333333333333333,0.84375,0.3
1332900,0.7,0.8620689655172413,0.7,0.84375,0.35
1333200,0.7,0.8620689655172413,0.7,0.84375,0.55
1333500,0.6,0.8620689655172413,0.7333333333333333,0.8125,0.55
1333800,0.6,0.8620689655172413,0.7333333333333333,0.84375,0.6
1334100,0.6,0.8620689655172413,0.7333333333333333,0.875,0.7
1334400,0.6,0.8620689655172413,0.7666666666666667,0.90625,0.6
1334700,0.6,0.8620689655172413,0.7666666666666667,0.84375,0.65
1335000,0.6,0.8620689655172413,0.7,0.84375,0.6
1335300,0.6,0.8275862068965517,0.7666666666666667,0.8125,0.7
1335600,0.6,0.8275862068965517,0.7666666666666667,0.8125,0.65
1335900,0.6,0.8275862068965517,0.7333333333333333,0.8125,0.6
1336200,0.6,0.8275862068965517,0.7333333333333333,0.8125,0.6
1336500,0.65,0.8275862068965517,0.7333333333333333,0.84375,0.65
1336800,0.65,0.8620689655172413,0.7666666666666667,0.84375,0.6
1337100,0.65,0.8620689655172413,0.7666666666666667,0.84375,0.55
1337400,0.7,0.8620689655172413,0.7666666666666667,0.84375,0.55
1337700,0.75,0.8275862068965517,0.7666666666666667,0.8125,0.5
1338000,0.8,0.8620689655172413,0.7333333333333333,0.84375,0.45
1338300,0.8,0.8275862068965517,0.0,0.0,0.0
1338600,0.75,0.8275862068965517,0.6666666666666666,0.875,0.35
1338900,0.85,0.8275862068965517,0.6666666666666666,0.9375,0.4
1339200,0.8,0.8620689655172413,0.5666666666666667,0.90625,0.35
1339500,0.0,0.7931034482758621,0.3333333333333333,0.875,0.35
1339800,0.6,0.7931034482758621,0.36666666666666664,0.84375,0.25
1340100,0.5,0.8275862068965517,0.36666666666666664,0.78125,0.05
1340400,0.5,0.8275862068965517,0.36666666666666664,0.78125,0.05
1340700,0.5,0.8275862068965517,0.36666666666666664,0.78125,0.05
1341000,0.5,0.8275862068965517,0.36666666666666664,0.78125,0.05
1341300,0.5,0.6896551724137931,0.36666666666666664,0.78125,0.05
1341600,0.5,0.6896551724137931,0.36666666666666664,0.78125,0.05
1341900,0.4,0.7241379310344828,0.03333333333333333,0.78125,0.1
1342200,0.4,0.7241379310344828,0.03333333333333333,0.21875,0.15
1342500,0.4,0.7241379310344828,0.03333333333333333,0.21875,0.15
1342800,0.35,0.6551724137931034,0.2,0.21875,0.2
1343100,0.3,0.6206896551724138,0.26666666666666666,0.28125,0.2
1343400,0.35,0.5172413793103449,0.26666666666666666,0.28125,0.1
1343700,0.55,0.4827586206896552,0.23333333333333334,0.3125,0.25
1344000,0.45,0.5517241379310345,0.2,0.1875,0.15
1344300,0.45,0.6206896551724138,0.16666666666666666,0.1875,0.2
1344600,0.3,0.5517241379310345,0.13333333333333333,0.15625,0.05
1344900,0.3,0.5172413793103449,0.1,0.15625,0.05
1345200,0.25,0.5172413793103449,0.06666666666666667,0.1875,0.0
1345500,0.35,0.4827586206896552,0.0,0.0,0.0
1345800,0.35,0.4827586206896552,0.2,0.28125,0.05
1346100,0.3,0.5172413793103449,0.3333333333333333,0.1875,0.2
1346400,0.4,0.5862068965517241,0.36666666666666664,0.28125,0.25
1346700,0.35,0.7931034482758621,0.5333333333333333,0.40625,0.35
1347000,0.4,0.8275862068965517,0.6,0.4375,0.25
1347300,0.35,0.7931034482758621,0.6,0.53125,0.25
1347600,0.35,0.7931034482758621,0.7,0.53125,0.3
1347900,0.35,0.7931034482758621,0.7333333333333333,0.59375,0.3
1348200,0.25,0.8275862068965517,0.7,0.65625,0.3
1348500,0.25,0.7931034482758621,0.7333333333333333,0.625,0.35
1348800,0.25,0.8620689655172413,0.7333333333333333,0.71875,0.4
1349100,0.25,0.8620689655172413,0.7666666666666667,0.78125,0.4
1349400,0.3,0.896551724137931,0.7666666666666667,0.78125,0.45
1349700,0.35,0.9310344827586207,0.7666666666666667,0.84375,0.5
1350000,0.3,0.9310344827586207,0.7666666666666667,0.75,0.5
1350300,0.25,0.9310344827586207,0.7666666666666667,0.75,0.5
1350600,0.4,0.896551724137931,0.7333333333333333,0.75,0.5
1350900,0.35,0.8620689655172413,0.7,0.78125,0.55
1351200,0.35,0.8275862068965517,0.7,0.8125,0.55
1351500,0.3,0.7586206896551724,0.7333333333333333,0.75,0.6
1351800,0.25,0.7241379310344828,0.8,0.875,0.65
1352100,0.2,0.7241379310344828,0.7333333333333333,0.875,0.6
1352400,0.3,0.7241379310344828,0.7333333333333333,0.875,0.6
1352700,0.15,0.7241379310344828,0.0,0.0,0.0
1353000,0.4,0.7241379310344828,0.7333333333333333,0.90625,0.6
1353300,0.45,0.7931034482758621,0.7666666666666667,0.90625,0.6
1353600,0.45,0.7931034482758621,0.7666666666666667,0.90625,0.6
1353900,0.5,0.7586206896551724,0.7666666666666667,0.9375,0.65
1354200,0.5,0.7586206896551724,0.8,0.90625,0.75
1354500,0.45,0.7586206896551724,0.8,0.84375,0.8
1354800,0.45,0.7931034482758621,0.8,0.84375,0.85
1355100,0.5,0.8275862068965517,0.8,0.875,0.85
1355400,0.45,0.8620689655172413,0.7333333333333333,0.875,0.85
1355700,0.35,0.8620689655172413,0.7666666666666667,0.90625,0.9
1356000,0.35,0.8620689655172413,0.7666666666666667,0.875,0.8
1356300,0.35,0.8275862068965517,0.8,0.875,0.85
1356600,0.3,0.8620689655172413,0.8333333333333334,0.875,0.85
1356900,0.25,0.8620689655172413,0.8,0.90625,0.8
1357200,0.35,0.8275862068965517,0.7666666666666667,0.90625,0.8
1357500,0.35,0.8275862068965517,0.7666666666666667,0.96875,0.8
1357800,0.4,0.8275862068965517,0.7666666666666667,0.96875,0.75
1358100,0.35,0.8275862068965517,0.7666666666666667,0.9375,0.85
1358400,0.35,0.8620689655172413,0.7666666666666667,0.96875,0.85
1358700,0.4,0.896551724137931,0.7666666666666667,0.96875,0.85
1359000,0.35,0.896551724137931,0.7666666666666667,0.96875,0.85
1359300,0.3,0.896551724137931,0.8,0.96875,0.85
1359600,0.35,0.896551724137931,0.8,0.96875,0.8
1359900,0.4,0.896551724137931,0.0,0.0,0.0
1360200,0.5,0.896551724137931,0.8333333333333334,0.96875,0.8
1360500,0.5,0.9310344827586207,0.8333333333333334,0.96875,0.75
1360800,0.45,0.9310344827586207,0.8333333333333334,0.96875,0.75
1361100,0.45,0.9310344827586207,0.8333333333333334,0.96875,0.65
1361400,0.45,0.9310344827586207,0.8333333333333334,0.9375,0.7
1361700,0.4,0.896551724137931,0.8333333333333334,0.9375,0.65
1362000,0.5,0.8620689655172413,0.9,0.9375,0.7
1362300,0.45,0.8620689655172413,0.9,0.9375,0.7
1362600,0.35,0.8620689655172413,0.9,0.9375,0.7
1362900,0.45,0.8620689655172413,0.9,0.90625,0.65
1363200,0.4,0.8620689655172413,0.9,0.90625,0.65
1363500,0.45,0.8620689655172413,0.9,0.875,0.6
1363800,0.5,0.896551724137931,0.9,0.875,0.6
1364100,0.45,0.9310344827586207,0.9,0.875,0.75
1364400,0.4,0.9310344827586207,0.9,0.9375,0.7
1364700,0.5,0.9310344827586207,0.7666666666666667,0.9375,0.7
1365000,0.45,0.8620689655172413,0.6666666666666666,0.875,0.7
1365300,0.35,0.8275862068965517,0.6333333333333333,0.90625,0.65
1365600,0.4,0.7931034482758621,0.6,0.875,0.55
1365900,0.5,0.7586206896551724,0.6333333333333333,0.875,0.55
1366200,0.4,0.7241379310344828,0.5333333333333333,0.84375,0.55
1366500,0.45,0.41379310344827586,0.5,0.8125,0.55
1366800,0.5,0.5862068965517241,0.4,0.84375,0.45
1367100,0.45,0.4482758620689655,0.4,0.8125,0.45
1367400,0.45,0.7241379310344828,0.0,0.0,0.0
1367700,0.4,0.5517241379310345,0.3333333333333333,0.8125,0.35
1368000,0.3,0.6896551724137931,0.4,0.84375,0.45
1368300,0.35,0.7586206896551724,0.43333333333333335,0.78125,0.45
1368600,0.4,0.6896551724137931,0.4,0.78125,0.45
1368900,0.35,0.6206896551724138,0.43333333333333335,0.6875,0.3
1369200,0.35,0.5517241379310345,0.5,0.625,0.45
1369500,0.2,0.5172413793103449,0.4,0.65625,0.3
1369800,0.15,0.5172413793103449,0.3333333333333333,0.59375,0.35
1370100,0.3,0.5172413793103449,0.36666666666666664,0.59375,0.55
1370400,0.35,0.5517241379310345,0.3333333333333333,0.5625,0.4
1370700,0.4,0.5517241379310345,0.4666666666666667,0.59375,0.45
1371000,0.4,0.5172413793103449,0.5666666666666667,0.625,0.25
1371300,0.4,0.5862068965517241,0.5666666666666667,0.625,0.25
1371600,0.5,0.6896551724137931,0.6,0.59375,0.3
1371900,0.65,0.6896551724137931,0.6666666666666666,0.71875,0.3
1372200,0.7,0.6896551724137931,0.6333333333333333,0.75,0.3
1372500,0.7,0.7586206896551724,0.6666666666666666,0.78125,0.25
1372800,0.75,0.7931034482758621,0.6333333333333333,0.75,0.45
1373100,0.65,0.8275862068965517,0.6666666666666666,0.75,0.5
1373400,0.65,0.7931034482758621,0.6333333333333333,0.78125,0.6
1373700,0.6,0.7931034482758621,0.6333333333333333,0.75,0.55
1374000,0.65,0.7931034482758621,0.6333333333333333,0.75,0.4
1374300,0.65,0.7931034482758621,0.6666666666666666,0.65625,0.35
1374600,0.7,0.896551724137931,0.0,0.0,0.0
1374900,0.7,0.896551724137931,0.7666666666666667,0.59375,0.4
1375200,0.75,0.8275862068965517,0.7666666666666667,0.59375,0.4
1375500,0.85,0.7241379310344828,0.8,0.59375,0.4
1375800,0.8,0.7586206896551724,0.8,0.625,0.45
1376100,0.85,0.7586206896551724,0.8666666666666667,0.59375,0.55
1376400,0.85,0.7586206896551724,0.8666666666666667,0.625,0.55
1376700,0.75,0.7931034482758621,0.8666666666666667,0.625,0.6
1377000,0.75,0.7241379310344828,0.8666666666666667,0.6875,0.55
1377300,0.65,0.7586206896551724,0.9,0.625,0.65
1377600,0.7,0.7586206896551724,0.8666666666666667,0.59375,0.65
1377900,0.75,0.8620689655172413,0.8333333333333334,0.5625,0.6
1378200,0.75,0.8620689655172413,0.8,0.59375,0.65
1378500,0.75,0.8620689655172413,0.8,0.46875,0.75
1378800,0.75,0.896551724137931,0.7333333333333333,0.53125,0.75
1379100,0.75,0.7931034482758621,0.7,0.5,0.65
1379400,0.7,0.7931034482758621,0.7666666666666667,0.46875,0.65
1379700,0.8,0.7931034482758621,0.7,0.5,0.65
1380000,0.8,0.7931034482758621,0.6333333333333333,0.46875,0.65
1380300,0.75,0.7931034482758621,0.6,0.5625,0.65
1380600,0.85,0.6896551724137931,0.6333333333333333,0.53125,0.65
1380900,0.85,0.6896551724137931,0.6333333333333333,0.53125,0.65
1381200,0.85,0.6551724137931034,0.6333333333333333,0.59375,0.7
1381500,0.85,0.7241379310344828,0.6,0.59375,0.65
1381800,0.9,0.7241379310344828,0.6,0.59375,0.6
1382100,0.95,0.7586206896551724,0.6,0.5625,0.55
1382400,0.8,0.7931034482758621,0.36666666666666664,0.40625,0.6
1382700,0.75,0.6206896551724138,0.2,0.375,0.35
1383000,0.7,0.5517241379310345,0.0,0.09375,0.2
1383300,0.6,0.4827586206896552,0.06666666666666667,0.03125,0.2
1383600,0.6,0.4827586206896552,0.03333333333333333,0.0625,0.1
1383900,0.6,0.4482758620689655,0.0,0.03125,0.2
1384200,0.6,0.4482758620689655,0.0,0.0,0.15
1384500,0.6,0.3793103448275862,0.03333333333333333,0.0625,0.1
1384800,0.55,0.13793103448275862,0.0,0.03125,0.1
1385100,0.55,0.13793103448275862,0.0,0.0625,0.1
1385400,0.45,0.1724137931034483,0.06666666666666667,0.03125,0.1
1385700,0.45,0.20689655172413793,0.06666666666666667,0.03125,0.2
1386000,0.45,0.1724137931034483,0.0,0.03125,0.15
1386300,0.5,0.13793103448275862,0.06666666666666667,0.0625,0.2
1386600,0.5,0.06896551724137931,0.06666666666666667,0.125,0.3
1386900,0.5,0.10344827586206896,0.06666666666666667,0.15625,0.3
1387200,0.55,0.10344827586206896,0.06666666666666667,0.0,0.2
1387500,0.55,0.20689655172413793,0.03333333333333333,0.09375,0.2
1387800,0.55,0.3103448275862069,0.03333333333333333,0.09375,0.15
1388100,0.5,0.20689655172413793,0.06666666666666667,0.15625,0.1
1388400,0.65,0.20689655172413793,0.0,0.15625,0.15
1388700,0.6,0.2413793103448276,0.06666666666666667,0.09375,0.15
1389000,0.6,0.3448275862068966,0.06666666666666667,0.0625,0.05
1389300,0.7,0.41379310344827586,0.03333333333333333,0.0625,0.15
1389600,0.65,0.3793103448275862,0.03333333333333333,0.0625,0.15
1389900,0.65,0.3793103448275862,0.1,0.0625,0.3
1390200,0.7,0.3448275862068966,0.03333333333333333,0.15625,0.35
1390500,0.7,0.3793103448275862,0.03333333333333333,0.125,0.45
1390800,0.65,0.3448275862068966,0.13333333333333333,0.1875,0.15
1391100,0.7,0.41379310344827586,0.13333333333333333,0.0625,0.1
1391400,0.7,0.4482758620689655,0.2,0.125,0.15
1391700,0.65,0.4827586206896552,0.2,0.09375,0.15
1392000,0.6,0.5517241379310345,0.26666666666666666,0.125,0.2
1392300,0.55,0.5862068965517241,0.3333333333333333,0.0625,0.25
1392600,0.55,0.5862068965517241,0.36666666666666664,0.03125,0.15
1392900,0.45,0.6206896551724138,0.3,0.09375,0.15
1393200,0.4,0.7241379310344828,0.23333333333333334,0.125,0.05
1393500,0.4,0.7931034482758621,0.3,0.21875,0.05
1393800,0.4,0.7931034482758621,0.3,0.21875,0.05
1394100,0.45,0.8275862068965517,0.3,0.0,0.2
1394400,0.45,0.8275862068965517,0.3,0.03125,0.2
1394700,0.45,0.8275862068965517,0.3,0.03125,0.2
1395000,0.35,0.8275862068965517,0.3,0.03125,0.2
1395300,0.4,0.8275862068965517,0.3,0.0625,0.2
1395600,0.45,0.7931034482758621,0.26666666666666666,0.1875,0.15
1395900,0.5,0.7931034482758621,0.26666666666666666,0.09375,0.15
1396200,0.45,0.7586206896551724,0.26666666666666666,0.125,0.25
1396500,0.55,0.7586206896551724,0.0,0.0,0.0
1396800,0.55,0.6896551724137931,0.23333333333333334,0.03125,0.25
1397100,0.5,0.7586206896551724,0.2,0.09375,0.25
1397400,0.55,0.7241379310344828,0.13333333333333333,0.03125,0.2
1397700,0.5,0.7586206896551724,0.16666666666666666,0.0,0.2
1398000,0.5,0.7586206896551724,0.2,0.0,0.3
1398300,0.45,0.7586206896551724,0.23333333333333334,0.0,0.15
1398600,0.5,0.7586206896551724,0.2,0.03125,0.2
1398900,0.55,0.6896551724137931,0.3,0.0625,0.2
1399200,0.55,0.6896551724137931,0.43333333333333335,0.125,0.2
1399500,0.55,0.6896551724137931,0.5,0.03125,0.2
1399800,0.55,0.7241379310344828,0.5666666666666667,0.0625,0.25
1400100,0.5,0.7241379310344828,0.5666666666666667,0.03125,0.15
1400400,0.6,0.6896551724137931,0.6666666666666666,0.15625,0.15
1400700,0.5,0.7241379310344828,0.6666666666666666,0.1875,0.1
1401000,0.4,0.7241379310344828,0.7,0.1875,0.15
1401300,0.5,0.7931034482758621,0.7666666666666667,0.1875,0.25
1401600,0.5,0.8275862068965517,0.6666666666666666,0.25,0.25
1401900,0.6,0.8275862068965517,0.6333333333333333,0.3125,0.25
1402200,0.45,0.7931034482758621,0.5666666666666667,0.28125,0.2
1402500,0.5,0.7586206896551724,0.5,0.25,0.15
1402800,0.55,0.7931034482758621,0.4,0.21875,0.1
1403100,0.55,0.7931034482758621,0.43333333333333335,0.1875,0.15
1403400,0.55,0.7586206896551724,0.4666666666666667,0.1875,0.2
1403700,0.45,0.7931034482758621,0.0,0.0,0.0
1404000,0.3,0.8275862068965517,0.4,0.40625,0.15
1404300,0.35,0.7931034482758621,0.3,0.34375,0.1
1404600,0.3,0.7931034482758621,0.1,0.34375,0.2
1404900,0.35,0.7931034482758621,0.1,0.34375,0.2
1405200,0.35,0.7931034482758621,0.1,0.3125,0.2
1405500,0.35,0.8275862068965517,0.1,0.3125,0.2
1405800,0.35,0.8620689655172413,0.03333333333333333,0.28125,0.25
1406100,0.4,0.8275862068965517,0.06666666666666667,0.21875,0.2
1406400,0.4,0.8275862068965517,0.06666666666666667,0.15625,0.25
1406700,0.45,0.7241379310344828,0.03333333333333333,0.0625,0.2
1407000,0.5,0.7241379310344828,0.0,0.09375,0.15
1407300,0.55,0.7586206896551724,0.06666666666666667,0.09375,0.15
1407600,0.35,0.7931034482758621,0.06666666666666667,0.09375,0.25
1407900,0.4,0.7931034482758621,0.0,0.09375,0.25
1408200,0.4,0.7931034482758621,0.06666666666666667,0.125,0.15
1408500,0.4,0.8620689655172413,0.0,0.125,0.3
1408800,0.3,0.8620689655172413,0.06666666666666667,0.0625,0.3
1409100,0.2,0.896551724137931,0.16666666666666666,0.0625,0.2
1409400,0.15,0.896551724137931,0.16666666666666666,0.0625,0.15
1409700,0.1,0.896551724137931,0.16666666666666666,0.15625,0.2
1410000,0.0,0.8620689655172413,0.2,0.09375,0.2
1410300,0.0,0.896551724137931,0.23333333333333334,0.09375,0.2
1410600,0.0,0.896551724137931,0.2,0.21875,0.3
1410900,0.15,0.896551724137931,0.0,0.0,0.0
1411200,0.15,0.896551724137931,0.23333333333333334,0.25,0.15
1411500,0.2,0.896551724137931,0.36666666666666664,0.40625,0.25
1411800,0.2,0.896551724137931,0.4666666666666667,0.46875,0.3
1412100,0.3,0.896551724137931,0.5333333333333333,0.46875,0.3
1412400,0.35,0.9655172413793104,0.5666666666666667,0.53125,0.4
1412700,0.4,0.9655172413793104,0.6666666666666666,0.53125,0.45
1413000,0.55,0.9655172413793104,0.7,0.65625,0.5
1413300,0.5,1.0,0.7333333333333333,0.71875,0.5
1413600,0.55,0.9655172413793104,0.7333333333333333,0.8125,0.55
1413900,0.55,0.896551724137931,0.7,0.78125,0.5
1414200,0.55,0.896551724137931,0.7666666666666667,0.8125,0.55
1414500,0.6,0.896551724137931,0.7666666666666667,0.78125,0.6
1414800,0.6,0.896551724137931,0.7333333333333333,0.75,0.6
1415100,0.65,0.896551724137931,0.7666666666666667,0.78125,0.6
1415400,0.65,0.7931034482758621,0.8333333333333334,0.78125,0.7
1415700,0.65,0.7931034482758621,0.8333333333333334,0.75,0.7
1416000,0.65,0.7931034482758621,0.8,0.78125,0.7
1416300,0.75,0.7586206896551724,0.8333333333333334,0.78125,0.5
1416600,0.75,0.8275862068965517,0.8333333333333334,0.8125,0.5
1416900,0.8,0.7931034482758621,0.8,0.8125,0.45
1417200,0.8,0.7931034482758621,0.7666666666666667,0.75,0.3
1417500,0.85,0.7931034482758621,0.8,0.71875,0.3
1417800,0.85,0.7586206896551724,0.7666666666666667,0.75,0.4
1418100,0.85,0.7931034482758621,0.8,0.78125,0.4
1418400,0.8,0.8275862068965517,0.8,0.78125,0.3
1418700,0.0,0.8620689655172413,0.7333333333333333,0.9375,0.55
1419000,0.85,0.896551724137931,0.7333333333333333,0.90625,0.45
1419300,0.8,0.896551724137931,0.7333333333333333,0.875,0.55
1419600,0.65,0.896551724137931,0.8,0.90625,0.65
1419900,0.7,0.9310344827586207,0.8,0.90625,0.7
1420200,0.7,0.9310344827586207,0.8333333333333334,0.90625,0.65
1420500,0.75,0.9310344827586207,0.8333333333333334,0.90625,0.6
1420800,0.7,0.9310344827586207,0.8,0.9375,0.7
1421100,0.7,0.9310344827586207,0.8333333333333334,0.90625,0.7
1421400,0.7,0.9310344827586207,0.8666666666666667,0.90625,0.65
1421700,0.65,0.896551724137931,0.8666666666666667,0.96875,0.7
1422000,0.65,0.896551724137931,0.9,0.9375,0.8
1422300,0.65,0.8620689655172413,0.9,0.9375,0.8
1422600,0.6,0.8620689655172413,0.9,0.9375,0.85
1422900,0.6,0.8275862068965517,0.9,0.96875,0.85
1423200,0.65,0.8620689655172413,0.9,0.96875,0.85
1423500,0.75,0.8620689655172413,0.9333333333333333,0.96875,0.85
1423800,0.75,0.8620689655172413,0.9333333333333333,0.96875,0.85
1424100,0.75,0.8275862068965517,0.9666666666666667,1.0,0.95
1424400,0.7,0.8620689655172413,0.9666666666666667,0.96875,0.95
1424700,0.7,0.8620689655172413,0.9666666666666667,0.9375,0.9
1425000,0.75,0.896551724137931,0.9666666666666667,0.90625,0.9
1425300,0.6,0.896551724137931,0.8333333333333334,0.9375,0.9
1425600,0.5,0.896551724137931,0.8333333333333334,0.875,0.85
1425900,0.0,0.896551724137931,0.6666666666666666,0.875,0.65
1426200,0.25,0.896551724137931,0.6666666666666666,0.875,0.65
1426500,0.3,0.896551724137931,0.6,0.875,0.55
1426800,0.4,0.8275862068965517,0.5,0.84375,0.35
1427100,0.35,0.8275862068965517,0.5,0.78125,0.25
1427400,0.3,0.7241379310344828,0.5,0.71875,0.05
1427700,0.25,0.6896551724137931,0.5,0.6875,0.05
1428000,0.3,0.6551724137931034,0.4,0.65625,0.05
1428300,0.25,0.6896551724137931,0.26666666666666666,0.5625,0.0
1428600,0.15,0.6551724137931034,0.3,0.53125,0.1
1428900,0.2,0.6206896551724138,0.36666666666666664,0.5,0.15
1429200,0.25,0.6551724137931034,0.43333333333333335,0.5,0.1
1429500,0.3,0.6551724137931034,0.43333333333333335,0.40625,0.15
1429800,0.25,0.6896551724137931,0.5333333333333333,0.375,0.2
1430100,0.25,0.6896551724137931,0.5666666666666667,0.375,0.1
1430400,0.4,0.6551724137931034,0.4666666666666667,0.34375,0.1
1430700,0.45,0.6206896551724138,0.5,0.34375,0.2
1431000,0.55,0.6206896551724138,0.4666666666666667,0.40625,0.15
1431300,0.65,0.5862068965517241,0.4,0.46875,0.15
1431600,0.65,0.5517241379310345,0.4,0.5625,0.1
1431900,0.6,0.6206896551724138,0.36666666666666664,0.65625,0.25
1432200,0.55,0.6551724137931034,0.36666666666666664,0.65625,0.25
1432500,0.6,0.6896551724137931,0.4,0.75,0.15
1432800,0.6,0.6551724137931034,0.36666666666666664,0.6875,0.1
1433100,0.6,0.6896551724137931,0.5333333333333333,0.71875,0.1
1433400,0.55,0.7241379310344828,0.5,0.8125,0.35
1433700,0.65,0.7586206896551724,0.5,0.875,0.45
1434000,0.65,0.7586206896551724,0.5333333333333333,0.875,0.65
1434300,0.7,0.7931034482758621,0.5666666666666667,0.9375,0.65
1434600,0.7,0.7931034482758621,0.5333333333333333,0.9375,0.7
1434900,0.7,0.8275862068965517,0.5333333333333333,0.875,0.8
1435200,0.65,0.8275862068965517,0.6,0.84375,0.8
1435500,0.65,0.8275862068965517,0.7,0.84375,0.9
1435800,0.65,0.7931034482758621,0.8333333333333334,0.8125,1.0
1436100,0.7,0.7931034482758621,0.8666666666666667,0.8125,0.9
1436400,0.75,0.7931034482758621,0.9,0.84375,0.85
1436700,0.75,0.8275862068965517,0.8666666666666667,0.84375,0.85
1437000,0.8,0.8275862068965517,0.9666666666666667,0.84375,0.85
1437300,0.75,0.7931034482758621,0.9666666666666667,0.8125,0.85
1437600,0.7,0.7931034482758621,0.9666666666666667,0.875,0.85
1437900,0.7,0.7931034482758621,0.9333333333333333,0.9375,0.9
1438200,0.75,0.7931034482758621,0.9333333333333333,0.9375,0.8
1438500,0.75,0.7931034482758621,0.9,0.9375,0.8
1438800,0.75,0.7931034482758621,0.9,0.9375,0.8
1439100,0.75,0.7586206896551724,0.9333333333333333,0.90625,0.85
1439400,0.7,0.7586206896551724,0.9,0.90625,0.75
1439700,0.7,0.7586206896551724,0.9,0.90625,0.8
1440000,0.75,0.7931034482758621,0.0,0.0,0.0
1440300,0.8,0.7931034482758621,0.9,0.9375,0.85
1440600,0.8,0.8620689655172413,0.9,0.9375,0.85
1440900,0.7,0.8620689655172413,0.8666666666666667,0.96875,0.85
1441200,0.65,0.8620689655172413,0.8666666666666667,0.96875,0.75
1441500,0.65,0.8620689655172413,0.8666666666666667,0.96875,0.8
1441800,0.6,0.8275862068965517,0.9,0.9375,0.75
1442100,0.55,0.8275862068965517,0.8666666666666667,0.9375,0.8
1442400,0.6,0.8275862068965517,0.8666666666666667,0.90625,0.85
1442700,0.55,0.8275862068965517,0.8666666666666667,0.90625,0.85
1443000,0.5,0.8275862068965517,0.9,0.9375,0.9
1443300,0.45,0.8275862068965517,0.9,0.9375,0.9
1443600,0.55,0.8275862068965517,0.9,0.90625,0.85
1443900,0.55,0.8275862068965517,0.9333333333333333,0.90625,0.85
1444200,0.6,0.7931034482758621,0.9666666666666667,0.90625,0.9
1444500,0.6,0.7931034482758621,0.9666666666666667,0.90625,0.85
1444800,0.5,0.8275862068965517,0.9666666666666667,0.9375,0.9
1445100,0.45,0.7931034482758621,1.0,0.96875,0.9
1445400,0.35,0.7586206896551724,1.0,0.9375,0.9
1445700,0.3,0.7931034482758621,0.9666666666666667,0.9375,0.9
1446000,0.3,0.7931034482758621,0.9666666666666667,0.9375,0.9
1446300,0.25,0.7586206896551724,0.9666666666666667,0.9375,0.9
1446600,0.3,0.7586206896551724,0.9666666666666667,0.9375,0.95
1446900,0.4,0.7586206896551724,0.9666666666666667,0.9375,0.95
1447200,0.5,0.7586206896551724,0.9666666666666667,0.96875,0.95
1447500,0.55,0.7586206896551724,1.0,1.0,0.95
1447800,0.65,0.7586206896551724,0.9333333333333333,1.0,0.95
1448100,0.6,0.7241379310344828,0.9333333333333333,1.0,0.95
1448400,0.65,0.7241379310344828,0.9333333333333333,1.0,0.95
1448700,0.65,0.6896551724137931,0.9333333333333333,1.0,0.95
1449000,0.6,0.7241379310344828,0.9,0.96875,0.95
1449300,0.6,0.7241379310344828,0.9,0.96875,0.95
1449600,0.55,0.7241379310344828,0.9666666666666667,0.90625,0.95
1449900,0.6,0.7241379310344828,0.9666666666666667,0.90625,0.95
1450200,0.45,0.6896551724137931,0.8666666666666667,0.90625,0.95
1450500,0.35,0.7241379310344828,0.8666666666666667,0.9375,0.95
1450800,0.35,0.7241379310344828,0.9,0.90625,0.95
1451100,0.3,0.6896551724137931,0.8333333333333334,0.875,0.85
1451400,0.3,0.6896551724137931,0.7333333333333333,0.84375,0.8
1451700,0.25,0.6551724137931034,0.7333333333333333,0.8125,0.75
1452000,0.4,0.5517241379310345,0.6666666666666666,0.78125,0.7
1452300,0.3,0.5517241379310345,0.6333333333333333,0.71875,0.65
1452600,0.3,0.5517241379310345,0.6,0.71875,0.65
1452900,0.2,0.4827586206896552,0.6,0.6875,0.6
1453200,0.2,0.4827586206896552,0.6333333333333333,0.625,0.5
1453500,0.2,0.4827586206896552,0.5666666666666667,0.5,0.35
1453800,0.2,0.5517241379310345,0.5333333333333333,0.5,0.3
1454100,0.15,0.5517241379310345,0.5666666666666667,0.53125,0.35
1454400,0.15,0.5517241379310345,0.5333333333333333,0.5,0.4
1454700,0.1,0.5172413793103449,0.0,0.0,0.0
1455000,0.05,0.5862068965517241,0.4,0.5,0.45
1455300,0.0,0.5862068965517241,0.3,0.5625,0.45
1455600,0.25,0.6551724137931034,0.26666666666666666,0.59375,0.5
1455900,0.15,0.6896551724137931,0.3,0.5625,0.55
1456200,0.05,0.6896551724137931,0.4,0.5625,0.4
1456500,0.2,0.7586206896551724,0.43333333333333335,0.53125,0.5
1456800,0.2,0.7586206896551724,0.5,0.59375,0.65
1457100,0.15,0.7586206896551724,0.5,0.5625,0.6
1457400,0.2,0.7586206896551724,0.5,0.59375,0.6
1457700,0.2,0.7241379310344828,0.5,0.59375,0.55
1458000,0.3,0.6551724137931034,0.5666666666666667,0.59375,0.65
1458300,0.3,0.6206896551724138,0.6,0.59375,0.7
1458600,0.25,0.6206896551724138,0.6333333333333333,0.6875,0.75
1458900,0.25,0.5862068965517241,0.6666666666666666,0.625,0.7
1459200,0.15,0.5517241379310345,0.6,0.5625,0.7
1459500,0.2,0.5517241379310345,0.6,0.59375,0.65
1459800,0.2,0.5862068965517241,0.6,0.53125,0.7
1460100,0.35,0.5517241379310345,0.6333333333333333,0.5625,0.55
1460400,0.4,0.5517241379310345,0.6666666666666666,0.53125,0.55
1460700,0.5,0.5172413793103449,0.6333333333333333,0.625,0.6
1461000,0.55,0.5172413793103449,0.6333333333333333,0.625,0.6
1461300,0.55,0.4827586206896552,0.6666666666666666,0.625,0.65
1461600,0.6,0.5862068965517241,0.7,0.5,0.6
1461900,0.0,0.5172413793103449,0.7666666666666667,0.5,0.55
1462200,0.7,0.4827586206896552,0.7666666666666667,0.46875,0.55
1462500,0.75,0.5172413793103449,0.7666666666666667,0.46875,0.55
1462800,0.8,0.5172413793103449,0.7666666666666667,0.34375,0.45
1463100,0.8,0.5172413793103449,0.7666666666666667,0.34375,0.5
1463400,0.7,0.5172413793103449,0.7666666666666667,0.3125,0.55
1463700,0.7,0.4827586206896552,0.7333333333333333,0.34375,0.55
1464000,0.55,0.5517241379310345,0.7666666666666667,0.3125,0.65
1464300,0.5,0.5862068965517241,0.7333333333333333,0.25,0.7
1464600,0.5,0.5517241379310345,0.7666666666666667,0.21875,0.75
1464900,0.5,0.5517241379310345,0.7666666666666667,0.21875,0.9
1465200,0.5,0.4482758620689655,0.7666666666666667,0.28125,0.85
1465500,0.45,0.3793103448275862,0.7666666666666667,0.25,0.85
1465800,0.55,0.4482758620689655,0.7666666666666667,0.34375,0.65
1466100,0.6,0.4827586206896552,0.7,0.34375,0.65
1466400,0.45,0.4827586206896552,0.7,0.21875,0.55
1466700,0.4,0.4827586206896552,0.6666666666666666,0.28125,0.55
1467000,0.35,0.41379310344827586,0.6666666666666666,0.34375,0.6
1467300,0.35,0.3793103448275862,0.6333333333333333,0.375,0.65
1467600,0.35,0.3448275862068966,0.6,0.3125,0.55
1467900,0.35,0.3448275862068966,0.5333333333333333,0.25,0.45
1468200,0.3,0.20689655172413793,0.36666666666666664,0.1875,0.3
1468500,0.25,0.27586206896551724,0.26666666666666666,0.15625,0.3
1468800,0.25,0.1724137931034483,0.16666666666666666,0.1875,0.4
1469100,0.2,0.10344827586206896,0.06666666666666667,0.1875,0.35
1469400,0.1,0.10344827586206896,0.0,0.0,0.0
1469700,0.05,0.10344827586206896,0.03333333333333333,0.15625,0.1
1470000,0.05,0.06896551724137931,0.03333333333333333,0.0625,0.0
1470300,0.05,0.06896551724137931,0.03333333333333333,0.09375,0.0
1470600,0.05,0.06896551724137931,0.0,0.0625,0.1
1470900,0.05,0.10344827586206896,0.03333333333333333,0.0625,0.15
1471200,0.0,0.06896551724137931,0.03333333333333333,0.0625,0.2
1471500,0.1,0.034482758620689655,0.0,0.0625,0.1
1471800,0.0,0.06896551724137931,0.03333333333333333,0.0625,0.1
1472100,0.0,0.06896551724137931,0.06666666666666667,0.09375,0.1
1472400,0.0,0.06896551724137931,0.06666666666666667,0.1875,0.0
1472700,0.0,0.13793103448275862,0.0,0.0625,0.15
1473000,0.0,0.13793103448275862,0.13333333333333333,0.1875,0.05
1473300,0.05,0.13793103448275862,0.06666666666666667,0.1875,0.1
1473600,0.1,0.1724137931034483,0.03333333333333333,0.15625,0.05
1473900,0.05,0.13793103448275862,0.0,0.1875,0.05
1474200,0.05,0.27586206896551724,0.06666666666666667,0.125,0.05
1474500,0.0,0.3448275862068966,0.1,0.03125,0.05
1474800,0.0,0.3103448275862069,0.03333333333333333,0.0625,0.05
1475100,0.05,0.3448275862068966,0.03333333333333333,0.09375,0.05
1475400,0.05,0.3103448275862069,0.03333333333333333,0.09375,0.05
1475700,0.0,0.2413793103448276,0.0,0.0625,0.1
1476000,0.0,0.27586206896551724,0.0,0.125,0.1
1476300,0.05,0.3793103448275862,0.0,0.09375,0.3
1476600,0.0,0.3448275862068966,0.06666666666666667,0.03125,0.3
1476900,0.15,0.3793103448275862,0.0,0.0,0.0
1477200,0.0,0.41379310344827586,0.06666666666666667,0.0625,0.25
1477500,0.0,0.4482758620689655,0.06666666666666667,0.09375,0.1
1477800,0.2,0.4482758620689655,0.03333333333333333,0.125,0.0
1478100,0.2,0.5517241379310345,0.06666666666666667,0.0625,0.05
1478400,0.1,0.4827586206896552,0.1,0.03125,0.05
1478700,0.05,0.5172413793103449,0.13333333333333333,0.09375,0.05
1479000,0.1,0.4827586206896552,0.13333333333333333,0.125,0.0
1479300,0.05,0.4827586206896552,0.13333333333333333,0.1875,0.05
1479600,0.15,0.4827586206896552,0.16666666666666666,0.21875,0.05
1479900,0.15,0.5862068965517241,0.16666666666666666,0.25,0.15
1480200,0.15,0.5862068965517241,0.13333333333333333,0.25,0.1
1480500,0.2,0.6206896551724138,0.23333333333333334,0.25,0.25
1480800,0.2,0.6206896551724138,0.3,0.1875,0.3
1481100,0.1,0.5862068965517241,0.23333333333333334,0.15625,0.25
1481400,0.05,0.5517241379310345,0.23333333333333334,0.25,0.0
1481700,0.25,0.5862068965517241,0.26666666666666666,0.375,0.05
1482000,0.25,0.5862068965517241,0.4,0.46875,0.05
1482300,0.25,0.5172413793103449,0.43333333333333335,0.5,0.0
1482600,0.35,0.5172413793103449,0.4,0.46875,0.05
1482900,0.3,0.5172413793103449,0.3,0.46875,0.15
1483200,0.3,0.5172413793103449,0.3333333333333333,0.5,0.05
1483500,0.3,0.6206896551724138,0.3,0.4375,0.15
1483800,0.4,0.6551724137931034,0.36666666666666664,0.40625,0.05
1484100,0.4,0.6551724137931034,0.36666666666666664,0.5,0.05
1484400,0.4,0.6551724137931034,0.36666666666666664,0.5,0.05
1484700,0.6,0.6896551724137931,0.43333333333333335,0.53125,0.2
1485000,0.45,0.6551724137931034,0.4,0.4375,0.15
1485300,0.4,0.6206896551724138,0.43333333333333335,0.4375,0.2
1485600,0.45,0.5862068965517241,0.43333333333333335,0.4375,0.2
1485900,0.45,0.5172413793103449,0.4666666666666667,0.40625,0.25
1486200,0.4,0.5517241379310345,0.5,0.4375,0.15
1486500,0.45,0.5172413793103449,0.5,0.40625,0.1
1486800,0.5,0.5517241379310345,0.5,0.28125,0.05
1487100,0.5,0.5862068965517241,0.4666666666666667,0.25,0.2
1487400,0.65,0.6071428571428571,0.43333333333333335,0.25,0.2
1487700,0.55,0.5714285714285714,0.36666666666666664,0.25,0.2
1488000,0.55,0.5714285714285714,0.36666666666666664,0.25,0.2
1488300,0.55,0.5714285714285714,0.36666666666666664,0.25,0.2
1488600,0.55,0.5714285714285714,0.36666666666666664,0.25,0.2
1488900,0.55,0.5714285714285714,0.36666666666666664,0.25,0.2
1489200,0.55,0.5714285714285714,0.36666666666666664,0.25,0.2
1489500,0.55,0.5714285714285714,0.36666666666666664,0.25,0.2
1489800,0.55,0.5714285714285714,0.36666666666666664,0.25,0.2
1490100,0.55,0.5714285714285714,0.36666666666666664,0.25,0.2
1490400,0.55,0.5714285714285714,0.36666666666666664,0.25,0.2
1490700,0.55,0.5714285714285714,0.36666666666666664,0.25,0.2
1491000,0.55,0.5714285714285714,0.36666666666666664,0.25,0.2
1491300,0.55,0.5714285714285714,0.36666666666666664,0.25,0.2
1491600,0.55,0.5714285714285714,0.36666666666666664,0.25,0.2
1491900,0.55,0.5714285714285714,0.36666666666666664,0.25,0.2
1492200,0.55,0.5714285714285714,0.36666666666666664,0.25,0.2
1492500,0.55,0.5714285714285714,0.36666666666666664,0.25,0.2
1492800,0.55,0.5714285714285714,0.36666666666666664,0.25,0.2
1493100,0.55,0.5714285714285714,0.36666666666666664,0.25,0.2
1493400,0.55,0.5714285714285714,0.36666666666666664,0.25,0.2
1493700,0.55,0.5714285714285714,0.36666666666666664,0.25,0.2
1494000,0.55,0.5714285714285714,0.36666666666666664,0.25,0.2
1494300,0.55,0.5714285714285714,0.36666666666666664,0.25,0.2
1494600,0.55,0.5714285714285714,0.36666666666666664,0.25,0.2
1494900,0.55,0.5714285714285714,0.36666666666666664,0.25,0.2
1495200,0.55,0.5714285714285714,0.36666666666666664,0.25,0.2
1495500,0.55,0.5714285714285714,0.36666666666666664,0.25,0.2
1495800,0.55,0.5714285714285714,0.36666666666666664,0.25,0.2
1496100,0.55,0.5714285714285714,0.36666666666666664,0.25,0.2
1496400,0.55,0.5714285714285714,0.36666666666666664,0.25,0.2
1496700,0.55,0.5714285714285714,0.36666666666666664,0.25,0.2
1497000,0.55,0.5714285714285714,0.36666666666666664,0.25,0.2
1497300,0.55,0.5714285714285714,0.36666666666666664,0.25,0.2
1497600,0.55,0.5714285714285714,0.36666666666666664,0.25,0.2
1497900,0.55,0.5714285714285714,0.36666666666666664,0.25,0.2
1498200,0.55,0.5714285714285714,0.36666666666666664,0.25,0.2
1498500,0.25,0.7142857142857143,0.7666666666666667,0.59375,0.8
1498800,0.25,0.7142857142857143,0.8,0.5625,0.8
1499100,0.3,0.7142857142857143,0.0,0.0,0.8
1499400,0.35,0.7142857142857143,0.8333333333333334,0.71875,0.85
1499700,0.45,0.7142857142857143,0.9,0.71875,0.8
1500000,0.45,0.7142857142857143,0.8333333333333334,0.71875,0.8
1500300,0.5,0.7142857142857143,0.8333333333333334,0.75,0.8
1500600,0.6,0.7142857142857143,0.8333333333333334,0.78125,0.75
1500900,0.65,0.75,0.8,0.75,0.75
1501200,0.8,0.7142857142857143,0.8,0.6875,0.75
1501500,0.85,0.7142857142857143,0.8,0.65625,0.75
1501800,0.8,0.7142857142857143,0.7666666666666667,0.65625,0.7
1502100,0.8,0.7142857142857143,0.7666666666666667,0.5625,0.65
1502400,0.9,0.75,0.7666666666666667,0.53125,0.65
1502700,0.9,0.75,0.8,0.5,0.6
1503000,0.9,0.75,0.8,0.5,0.55
1503300,0.9,0.75,0.6666666666666666,0.5,0.55
1503600,0.9,0.7857142857142857,0.5666666666666667,0.59375,0.45
1503900,0.9,0.7857142857142857,0.5666666666666667,0.59375,0.4
1504200,0.9,0.7857142857142857,0.5666666666666667,0.59375,0.5
1504500,0.9,0.75,0.5,0.75,0.5
1504800,0.9,0.7142857142857143,0.5333333333333333,0.71875,0.45
1505100,0.0,0.7142857142857143,0.43333333333333335,0.75,0.6
1505400,0.85,0.6785714285714286,0.4,0.75,0.55
1505700,0.8,0.6428571428571429,0.5333333333333333,0.75,0.5
1506000,0.7,0.6071428571428571,0.5333333333333333,0.8125,0.5
1506300,0.75,0.6428571428571429,0.5666666666666667,0.78125,0.6
1506600,0.7,0.6785714285714286,0.7,0.78125,0.55
1506900,0.65,0.7142857142857143,0.7,0.8125,0.55
1507200,0.75,0.75,0.7666666666666667,0.78125,0.6
1507500,0.8,0.75,0.7333333333333333,0.78125,0.7
1507800,0.8,0.7142857142857143,0.8333333333333334,0.8125,0.65
1508100,0.75,0.7142857142857143,0.8333333333333334,0.8125,0.6
1508400,0.7,0.7142857142857143,0.7666666666666667,0.6875,0.75
1508700,0.8,0.7142857142857143,0.7333333333333333,0.75,0.8
1509000,0.8,0.7142857142857143,0.6333333333333333,0.78125,0.8
1509300,0.9,0.6785714285714286,0.6333333333333333,0.8125,0.85
1509600,0.9,0.7142857142857143,0.6333333333333333,0.90625,0.85
1509900,0.9,0.7142857142857143,0.5666666666666667,0.84375,0.9
1510200,0.9,0.7857142857142857,0.6,0.84375,0.9
1510500,0.85,0.75,0.6333333333333333,0.78125,0.9
1510800,0.8,0.75,0.6333333333333333,0.78125,0.9
1511100,0.75,0.6428571428571429,0.6333333333333333,0.8125,0.85
1511400,0.7,0.75,0.6666666666666666,0.8125,0.65
1511700,0.7,0.7142857142857143,0.6333333333333333,0.78125,0.55
1512000,0.6,0.6071428571428571,0.6333333333333333,0.78125,0.55
1512300,0.35,0.5,0.3,0.65625,0.3
1512600,0.25,0.42857142857142855,0.16666666666666666,0.53125,0.0
1512900,0.1,0.42857142857142855,0.1,0.46875,0.05
1513200,0.1,0.32142857142857145,0.0,0.34375,0.05
1513500,0.0,0.35714285714285715,0.03333333333333333,0.21875,0.05
1513800,0.05,0.2857142857142857,0.03333333333333333,0.25,0.0
1514100,0.0,0.17857142857142858,0.06666666666666667,0.09375,0.0
1514400,0.05,0.14285714285714285,0.03333333333333333,0.0625,0.05
1514700,0.0,0.14285714285714285,0.03333333333333333,0.0625,0.1
1515000,0.05,0.10714285714285714,0.06666666666666667,0.125,0.05
1515300,0.15,0.07142857142857142,0.06666666666666667,0.125,0.05
1515600,0.1,0.10714285714285714,0.03333333333333333,0.09375,0.05
1515900,0.2,0.14285714285714285,0.0,0.125,0.15
1516200,0.2,0.14285714285714285,0.06666666666666667,0.0625,0.15
1516500,0.1,0.21428571428571427,0.03333333333333333,0.09375,0.15
1516800,0.15,0.25,0.13333333333333333,0.09375,0.1
1517100,0.2,0.32142857142857145,0.03333333333333333,0.0625,0.15
1517400,0.15,0.35714285714285715,0.16666666666666666,0.15625,0.1
1517700,0.1,0.32142857142857145,0.0,0.125,0.15
1518000,0.1,0.35714285714285715,0.06666666666666667,0.09375,0.05
1518300,0.05,0.35714285714285715,0.0,0.0625,0.0
1518600,0.05,0.42857142857142855,0.13333333333333333,0.09375,0.05
1518900,0.05,0.4642857142857143,0.06666666666666667,0.1875,0.0
1519200,0.25,0.42857142857142855,0.16666666666666666,0.21875,0.15
1519500,0.25,0.5357142857142857,0.2,0.28125,0.4
1519800,0.2,0.6428571428571429,0.3333333333333333,0.40625,0.45
1520100,0.15,0.6785714285714286,0.3,0.59375,0.5
1520400,0.3,0.7142857142857143,0.4,0.625,0.7
1520700,0.35,0.75,0.6,0.65625,0.75
1521000,0.35,0.7857142857142857,0.0,0.0,0.0
1521300,0.35,0.75,0.7,0.6875,0.7
1521600,0.35,0.75,0.7,0.71875,0.75
1521900,0.4,0.75,0.7333333333333333,0.78125,0.75
1522200,0.5,0.7142857142857143,0.7333333333333333,0.8125,0.75
1522500,0.5,0.7142857142857143,0.8,0.75,0.75
1522800,0.55,0.7142857142857143,0.7333333333333333,0.75,0.8
1523100,0.55,0.75,0.7666666666666667,0.78125,0.75
1523400,0.55,0.7857142857142857,0.7333333333333333,0.8125,0.75
1523700,0.65,0.75,0.7666666666666667,0.84375,0.75
1524000,0.7,0.75,0.7333333333333333,0.8125,0.7
1524300,0.7,0.7142857142857143,0.8,0.875,0.7
1524600,0.75,0.75,0.8,0.875,0.65
1524900,0.65,0.75,0.8333333333333334,0.84375,0.7
1525200,0.65,0.7857142857142857,0.8,0.9375,0.8
1525500,0.6,0.75,0.7666666666666667,0.9375,0.75
1525800,0.65,0.75,0.7333333333333333,0.96875,0.7
1526100,0.6,0.75,0.7,0.9375,0.75
1526400,0.65,0.75,0.6666666666666666,0.9375,0.75
1526700,0.55,0.7857142857142857,0.6333333333333333,0.9375,0.8
1527000,0.45,0.7857142857142857,0.5666666666666667,0.90625,0.7
1527300,0.45,0.75,0.5666666666666667,0.9375,0.65
1527600,0.4,0.75,0.5666666666666667,0.96875,0.55
1527900,0.45,0.75,0.6,0.96875,0.6
1528200,0.45,0.75,0.0,0.0,0.0
1528500,0.5,0.7857142857142857,0.6333333333333333,0.96875,0.45
1528800,0.45,0.75,0.5666666666666667,0.96875,0.45
1529100,0.45,0.7857142857142857,0.5666666666666667,0.9375,0.45
1529400,0.45,0.7857142857142857,0.5666666666666667,0.9375,0.5
1529700,0.35,0.7857142857142857,0.43333333333333335,0.90625,0.5
1530000,0.5,0.7857142857142857,0.4666666666666667,0.875,0.5
1530300,0.45,0.75,0.43333333333333335,0.875,0.55
1530600,0.45,0.7142857142857143,0.43333333333333335,0.84375,0.6
1530900,0.5,0.75,0.6,0.8125,0.6
1531200,0.5,0.7857142857142857,0.6333333333333333,0.8125,0.65
1531500,0.45,0.8214285714285714,0.6666666666666666,0.875,0.65
1531800,0.5,0.8214285714285714,0.6333333333333333,0.875,0.65
1532100,0.45,0.7857142857142857,0.6,0.875,0.7
1532400,0.5,0.7857142857142857,0.5666666666666667,0.875,0.75
1532700,0.55,0.7857142857142857,0.6,0.875,0.7
1533000,0.6,0.8214285714285714,0.6333333333333333,0.8125,0.7
1533300,0.45,0.7857142857142857,0.6666666666666666,0.84375,0.75
1533600,0.45,0.75,0.7333333333333333,0.84375,0.75
1533900,0.45,0.75,0.8,0.84375,0.75
1534200,0.4,0.75,0.8,0.84375,0.75
1534500,0.45,0.75,0.7333333333333333,0.875,0.75
1534800,0.5,0.75,0.7666666666666667,0.875,0.75
1535100,0.5,0.75,0.7666666666666667,0.90625,0.8
1535400,0.45,0.7142857142857143,0.8,0.875,0.8
1535700,0.45,0.7142857142857143,0.7666666666666667,0.84375,0.8
1536000,0.45,0.7142857142857143,0.8,0.84375,0.8
1536300,0.45,0.6428571428571429,0.8666666666666667,0.8125,0.8
1536600,0.35,0.6785714285714286,0.8666666666666667,0.8125,0.8
1536900,0.4,0.7142857142857143,0.8666666666666667,0.8125,0.8
1537200,0.35,0.7142857142857143,0.8,0.8125,0.7
1537500,0.3,0.7142857142857143,0.7333333333333333,0.8125,0.7
1537800,0.2,0.75,0.6666666666666666,0.71875,0.65
1538100,0.1,0.75,0.6,0.65625,0.75
1538400,0.1,0.75,0.6,0.65625,0.75
1538700,0.0,0.75,0.4,0.59375,0.65
1539000,0.05,0.75,0.26666666666666666,0.5625,0.45
1539300,0.05,0.7857142857142857,0.2,0.53125,0.4
1539600,0.05,0.7857142857142857,0.2,0.53125,0.3
1539900,0.0,0.75,0.1,0.40625,0.25
1540200,0.0,0.75,0.1,0.5,0.25
1540500,0.0,0.75,0.23333333333333334,0.40625,0.15
1540800,0.0,0.75,0.23333333333333334,0.40625,0.15
1541100,0.1,0.7142857142857143,0.13333333333333333,0.25,0.2
1541400,0.1,0.7142857142857143,0.16666666666666666,0.25,0.25
1541700,0.1,0.6785714285714286,0.16666666666666666,0.25,0.2
1542000,0.0,0.6071428571428571,0.16666666666666666,0.28125,0.25
1542300,0.05,0.5714285714285714,0.23333333333333334,0.25,0.25
1542600,0.1,0.5714285714285714,0.26666666666666666,0.28125,0.2
1542900,0.2,0.5357142857142857,0.36666666666666664,0.1875,0.2
1543200,0.2,0.5,0.5,0.25,0.3
1543500,0.15,0.4642857142857143,0.5666666666666667,0.3125,0.45
1543800,0.25,0.5,0.7,0.3125,0.45
1544100,0.2,0.5714285714285714,0.7666666666666667,0.34375,0.4
1544400,0.15,0.5714285714285714,0.7,0.34375,0.3
1544700,0.15,0.5357142857142857,0.6333333333333333,0.28125,0.3
1545000,0.35,0.5714285714285714,0.7,0.21875,0.35
1545300,0.3,0.5357142857142857,0.7,0.25,0.4
1545600,0.4,0.4642857142857143,0.7,0.21875,0.3
1545900,0.35,0.4642857142857143,0.6666666666666666,0.1875,0.35
1546200,0.3,0.42857142857142855,0.6666666666666666,0.21875,0.25
1546500,0.25,0.39285714285714285,0.7,0.34375,0.35
1546800,0.25,0.35714285714285715,0.7,0.34375,0.4
1547100,0.25,0.35714285714285715,0.7,0.34375,0.4
1547400,0.3,0.42857142857142855,0.6666666666666666,0.46875,0.55
1547700,0.35,0.35714285714285715,0.7333333333333333,0.5625,0.5
1548000,0.4,0.39285714285714285,0.8,0.5625,0.55
1548300,0.5,0.39285714285714285,0.8,0.59375,0.55
1548600,0.5,0.39285714285714285,0.7333333333333333,0.5625,0.6
1548900,0.55,0.42857142857142855,0.7666666666666667,0.65625,0.65
1549200,0.65,0.42857142857142855,0.6666666666666666,0.625,0.6
1549500,0.7,0.5,0.6,0.53125,0.5
1549800,0.85,0.5357142857142857,0.6333333333333333,0.625,0.55
1550100,0.85,0.5714285714285714,0.6666666666666666,0.625,0.6
1550400,0.9,0.6071428571428571,0.6333333333333333,0.59375,0.65
1550700,0.85,0.6071428571428571,0.6333333333333333,0.59375,0.6
1551000,0.85,0.6071428571428571,0.6333333333333333,0.59375,0.6
1551300,0.95,0.5357142857142857,0.4666666666666667,0.46875,0.6
1551600,0.95,0.5357142857142857,0.43333333333333335,0.46875,0.65
1551900,0.95,0.42857142857142855,0.43333333333333335,0.5625,0.7
1552200,0.9,0.39285714285714285,0.4666666666666667,0.53125,0.7
1552500,0.85,0.4642857142857143,0.5,0.625,0.7
1552800,0.8,0.4642857142857143,0.4666666666666667,0.5,0.7
1553100,0.8,0.5,0.4666666666666667,0.40625,0.7
1553400,0.8,0.42857142857142855,0.4,0.46875,0.75
1553700,0.85,0.39285714285714285,0.4666666666666667,0.40625,0.6
1554000,0.7,0.4642857142857143,0.3333333333333333,0.5,0.55
1554300,0.65,0.39285714285714285,0.4,0.4375,0.6
1554600,0.7,0.35714285714285715,0.3,0.4375,0.55
1554900,0.7,0.21428571428571427,0.16666666666666666,0.4375,0.55
1555200,0.7,0.17857142857142858,0.13333333333333333,0.40625,0.4
1555500,0.6,0.17857142857142858,0.03333333333333333,0.3125,0.05
1555800,0.55,0.03571428571428571,0.0,0.125,0.0
1556100,0.5,0.03571428571428571,0.0,0.125,0.05
1556400,0.5,0.03571428571428571,0.0,0.125,0.0
1556700,0.45,0.03571428571428571,0.03333333333333333,0.125,0.0
1557000,0.5,0.0,0.0,0.09375,0.05
1557300,0.45,0.14285714285714285,0.1,0.0625,0.1
1557600,0.45,0.25,0.06666666666666667,0.09375,0.15
1557900,0.45,0.2857142857142857,0.03333333333333333,0.09375,0.2
1558200,0.45,0.2857142857142857,0.1,0.15625,0.05
1558500,0.45,0.21428571428571427,0.16666666666666666,0.25,0.2
1558800,0.4,0.21428571428571427,0.06666666666666667,0.21875,0.25
1559100,0.4,0.17857142857142858,0.1,0.09375,0.2
1559400,0.45,0.10714285714285714,0.13333333333333333,0.125,0.2
1559700,0.45,0.14285714285714285,0.16666666666666666,0.0625,0.1
1560000,0.5,0.17857142857142858,0.13333333333333333,0.03125,0.1
1560300,0.5,0.14285714285714285,0.1,0.0625,0.05
1560600,0.5,0.17857142857142858,0.06666666666666667,0.09375,0.1
1560900,0.6,0.21428571428571427,0.03333333333333333,0.0625,0.0
1561200,0.6,0.14285714285714285,0.06666666666666667,0.09375,0.2
1561500,0.55,0.14285714285714285,0.16666666666666666,0.03125,0.1
1561800,0.45,0.07142857142857142,0.16666666666666666,0.03125,0.05
1562100,0.5,0.07142857142857142,0.2,0.09375,0.2
1562400,0.5,0.21428571428571427,0.2,0.0625,0.25
1562700,0.5,0.21428571428571427,0.2,0.125,0.15
1563000,0.4,0.35714285714285715,0.23333333333333334,0.25,0.15
1563300,0.35,0.35714285714285715,0.2,0.21875,0.1
1563600,0.3,0.32142857142857145,0.13333333333333333,0.25,0.05
1563900,0.25,0.35714285714285715,0.23333333333333334,0.28125,0.05
1564200,0.2,0.39285714285714285,0.26666666666666666,0.21875,0.0
1564500,0.2,0.39285714285714285,0.0,0.0,0.0
1564800,0.05,0.39285714285714285,0.1,0.3125,0.2
1565100,0.05,0.42857142857142855,0.13333333333333333,0.3125,0.1
1565400,0.1,0.42857142857142855,0.23333333333333334,0.25,0.05
1565700,0.1,0.39285714285714285,0.26666666666666666,0.25,0.05
1566000,0.2,0.39285714285714285,0.26666666666666666,0.375,0.15
1566300,0.2,0.42857142857142855,0.23333333333333334,0.3125,0.3
1566600,0.3,0.4642857142857143,0.2,0.25,0.3
1566900,0.3,0.5,0.26666666666666666,0.1875,0.35
1567200,0.2,0.42857142857142855,0.26666666666666666,0.15625,0.2
1567500,0.1,0.39285714285714285,0.23333333333333334,0.09375,0.1
1567800,0.2,0.4642857142857143,0.16666666666666666,0.125,0.15
1568100,0.25,0.4642857142857143,0.16666666666666666,0.125,0.2
1568400,0.3,0.42857142857142855,0.23333333333333334,0.1875,0.1
1568700,0.3,0.4642857142857143,0.3,0.25,0.15
1569000,0.3,0.4642857142857143,0.23333333333333334,0.1875,0.15
1569300,0.35,0.5,0.3,0.25,0.1
1569600,0.2,0.5,0.4,0.21875,0.1
1569900,0.25,0.5,0.43333333333333335,0.28125,0.05
1570200,0.2,0.5357142857142857,0.4,0.3125,0.0
1570500,0.25,0.5357142857142857,0.36666666666666664,0.3125,0.05
1570800,0.3,0.5,0.4,0.3125,0.05
1571100,0.35,0.5714285714285714,0.36666666666666664,0.3125,0.0
1571400,0.45,0.5357142857142857,0.3333333333333333,0.375,0.0
1571700,0.35,0.5357142857142857,0.3,0.4375,0.15
1572000,0.35,0.5357142857142857,0.26666666666666666,0.4375,0.05
1572300,0.35,0.5714285714285714,0.3333333333333333,0.46875,0.1
1572600,0.4,0.5714285714285714,0.3333333333333333,0.40625,0.15
1572900,0.4,0.5357142857142857,0.26666666666666666,0.5,0.1
1573200,0.45,0.5357142857142857,0.26666666666666666,0.5,0.05
1573500,0.35,0.5357142857142857,0.3333333333333333,0.53125,0.05
1573800,0.35,0.5357142857142857,0.4666666666666667,0.65625,0.1
1574100,0.3,0.5357142857142857,0.4,0.59375,0.3
1574400,0.25,0.4642857142857143,0.36666666666666664,0.59375,0.1
1574700,0.35,0.5357142857142857,0.36666666666666664,0.625,0.2
1575000,0.2,0.5357142857142857,0.36666666666666664,0.5625,0.1
1575300,0.15,0.6071428571428571,0.26666666666666666,0.5625,0.15
1575600,0.05,0.5357142857142857,0.36666666666666664,0.5,0.1
1575900,0.1,0.5714285714285714,0.4,0.5,0.15
1576200,0.2,0.6071428571428571,0.36666666666666664,0.375,0.25
1576500,0.2,0.6071428571428571,0.3333333333333333,0.34375,0.1
1576800,0.2,0.6071428571428571,0.3,0.25,0.05
1577100,0.3,0.6071428571428571,0.3333333333333333,0.1875,0.15
1577400,0.25,0.5714285714285714,0.13333333333333333,0.21875,0.3
1577700,0.3,0.5357142857142857,0.1,0.21875,0.3
1578000,0.4,0.5,0.13333333333333333,0.21875,0.35
1578300,0.45,0.42857142857142855,0.16666666666666666,0.21875,0.35
1578600,0.5,0.35714285714285715,0.03333333333333333,0.125,0.25
1578900,0.65,0.32142857142857145,0.03333333333333333,0.1875,0.2
1579200,0.65,0.32142857142857145,0.06666666666666667,0.15625,0.15
1579500,0.5,0.25,0.1,0.09375,0.15
1579800,0.45,0.21428571428571427,0.1,0.125,0.15
1580100,0.5,0.25,0.03333333333333333,0.09375,0.25
1580400,0.4,0.2857142857142857,0.13333333333333333,0.15625,0.25
1580700,0.5,0.39285714285714285,0.06666666666666667,0.125,0.15
1581000,0.45,0.39285714285714285,0.1,0.125,0.3
1581300,0.45,0.4642857142857143,0.06666666666666667,0.09375,0.25
1581600,0.25,0.42857142857142855,0.13333333333333333,0.125,0.35
1581900,0.3,0.5357142857142857,0.2,0.0625,0.35
1582200,0.2,0.5714285714285714,0.2,0.09375,0.35
1582500,0.15,0.6071428571428571,0.23333333333333334,0.0625,0.45
1582800,0.2,0.6071428571428571,0.26666666666666666,0.15625,0.55
1583100,0.15,0.6071428571428571,0.36666666666666664,0.09375,0.5
1583400,0.15,0.6071428571428571,0.4666666666666667,0.09375,0.5
1583700,0.2,0.6071428571428571,0.43333333333333335,0.21875,0.6
1584000,0.15,0.6071428571428571,0.4,0.25,0.6
1584300,0.15,0.6428571428571429,0.4666666666666667,0.4375,0.65
1584600,0.2,0.6785714285714286,0.6333333333333333,0.59375,0.7
1584900,0.25,0.6785714285714286,0.6666666666666666,0.65625,0.75
1585200,0.3,0.6785714285714286,0.7333333333333333,0.65625,0.75
1585500,0.35,0.7142857142857143,0.7666666666666667,0.6875,0.75
1585800,0.45,0.7142857142857143,0.7,0.65625,0.85
1586100,0.5,0.7142857142857143,0.6666666666666666,0.59375,0.85
1586400,0.5,0.7142857142857143,0.0,0.0,0.0
1586700,0.55,0.75,0.7,0.59375,0.85
1587000,0.55,0.75,0.7,0.6875,0.9
1587300,0.65,0.75,0.7,0.625,0.9
1587600,0.7,0.7142857142857143,0.7,0.5625,0.8
1587900,0.65,0.75,0.6666666666666666,0.5625,0.7
1588200,0.65,0.7142857142857143,0.7,0.6875,0.7
1588500,0.65,0.75,0.7333333333333333,0.65625,0.7
1588800,0.75,0.75,0.7666666666666667,0.59375,0.7
1589100,0.7,0.75,0.7333333333333333,0.59375,0.7
1589400,0.75,0.75,0.7666666666666667,0.53125,0.7
1589700,0.7,0.75,0.6,0.5625,0.75
1590000,0.75,0.7142857142857143,0.6333333333333333,0.625,0.75
1590300,0.7,0.75,0.5333333333333333,0.59375,0.75
1590600,0.7,0.7142857142857143,0.43333333333333335,0.65625,0.75
1590900,0.7,0.7142857142857143,0.43333333333333335,0.65625,0.55
1591200,0.65,0.7142857142857143,0.4,0.6875,0.65
1591500,0.0,0.7142857142857143,0.4,0.75,0.65
1591800,0.7,0.6785714285714286,0.3333333333333333,0.78125,0.6
1592100,0.7,0.6785714285714286,0.3333333333333333,0.84375,0.7
1592400,0.8,0.7142857142857143,0.4666666666666667,0.875,0.65
1592700,0.8,0.7142857142857143,0.4666666666666667,0.84375,0.6
1593000,0.65,0.7142857142857143,0.5,0.84375,0.65
1593300,0.6,0.7142857142857143,0.5666666666666667,0.84375,0.65
1593600,0.65,0.7142857142857143,0.7333333333333333,0.84375,0.6
1593900,0.65,0.75,0.7666666666666667,0.875,0.65
1594200,0.65,0.7142857142857143,0.7666666666666667,0.90625,0.7
1594500,0.7,0.75,0.7666666666666667,0.90625,0.75
1594800,0.65,0.75,0.7333333333333333,0.96875,0.8
1595100,0.65,0.7142857142857143,0.7666666666666667,0.9375,0.75
1595400,0.65,0.7142857142857143,0.7333333333333333,0.90625,0.8
1595700,0.65,0.6785714285714286,0.7666666666666667,0.875,0.85
1596000,0.65,0.6785714285714286,0.8,0.875,0.95
1596300,0.6,0.6785714285714286,0.7333333333333333,0.8125,0.95
1596600,0.65,0.7142857142857143,0.7666666666666667,0.78125,0.95
1596900,0.65,0.7142857142857143,0.7333333333333333,0.78125,0.9
1597200,0.6,0.7857142857142857,0.6666666666666666,0.84375,0.9
1597500,0.65,0.7857142857142857,0.6666666666666666,0.8125,0.9
1597800,0.75,0.75,0.6,0.75,0.75
1598100,0.7,0.6071428571428571,0.43333333333333335,0.6875,0.65
1598400,0.65,0.6071428571428571,0.3,0.6875,0.45
1598700,0.0,0.5714285714285714,0.03333333333333333,0.59375,0.35
1599000,0.35,0.5,0.03333333333333333,0.53125,0.15
1599300,0.35,0.42857142857142855,0.03333333333333333,0.4375,0.05
1599600,0.25,0.35714285714285715,0.0,0.34375,0.05
1599900,0.2,0.35714285714285715,0.0,0.1875,0.0
1600200,0.15,0.2857142857142857,0.0,0.15625,0.0
1600500,0.1,0.2857142857142857,0.0,0.0625,0.1
1600800,0.05,0.25,0.16666666666666666,0.03125,0.0
1601100,0.0,0.25,0.1,0.09375,0.0
1601400,0.0,0.25,0.06666666666666667,0.125,0.0
1601700,0.05,0.21428571428571427,0.16666666666666666,0.03125,0.05
1602000,0.05,0.14285714285714285,0.13333333333333333,0.09375,0.15
1602300,0.15,0.21428571428571427,0.06666666666666667,0.09375,0.2
1602600,0.15,0.21428571428571427,0.13333333333333333,0.09375,0.05
1602900,0.25,0.14285714285714285,0.03333333333333333,0.15625,0.15
1603200,0.3,0.10714285714285714,0.0,0.09375,0.2
1603500,0.15,0.10714285714285714,0.03333333333333333,0.09375,0.1
1603800,0.15,0.10714285714285714,0.06666666666666667,0.1875,0.2
1604100,0.15,0.10714285714285714,0.13333333333333333,0.28125,0.05
1604400,0.25,0.14285714285714285,0.06666666666666667,0.25,0.2
1604700,0.45,0.14285714285714285,0.0,0.125,0.1
1605000,0.45,0.32142857142857145,0.06666666666666667,0.21875,0.1
1605300,0.4,0.39285714285714285,0.13333333333333333,0.21875,0.05
1605600,0.5,0.5,0.23333333333333334,0.1875,0.2
1605900,0.0,0.6071428571428571,0.36666666666666664,0.34375,0.35
1606200,0.6,0.6785714285714286,0.43333333333333335,0.40625,0.4
1606500,0.65,0.75,0.3333333333333333,0.53125,0.45
1606800,0.75,0.75,0.3333333333333333,0.625,0.45
1607100,0.75,0.7142857142857143,0.36666666666666664,0.65625,0.45
1607400,0.65,0.75,0.5333333333333333,0.71875,0.65
1607700,0.65,0.75,0.5666666666666667,0.8125,0.55
1608000,0.65,0.6428571428571429,0.0,0.0,0.0
1608300,0.65,0.6428571428571429,0.6333333333333333,0.84375,0.6
1608600,0.7,0.6428571428571429,0.6666666666666666,0.8125,0.7
1608900,0.7,0.6428571428571429,0.6666666666666666,0.8125,0.7
1609200,0.7,0.6428571428571429,0.7,0.8125,0.75
1609500,0.7,0.6785714285714286,0.6666666666666666,0.84375,0.75
1609800,0.75,0.6785714285714286,0.6666666666666666,0.84375,0.65
1610100,0.8,0.6785714285714286,0.7333333333333333,0.8125,0.7
1610400,0.75,0.6785714285714286,0.7333333333333333,0.84375,0.65
1610700,0.7,0.6785714285714286,0.7333333333333333,0.84375,0.75
1611000,0.65,0.7142857142857143,0.7333333333333333,0.78125,0.75
1611300,0.65,0.75,0.7666666666666667,0.78125,0.85
1611600,0.65,0.75,0.8,0.75,0.95
1611900,0.6,0.7142857142857143,0.8,0.75,0.9
1612200,0.55,0.7142857142857143,0.8333333333333334,0.75,0.9
1612500,0.55,0.75,0.7666666666666667,0.78125,0.85
1612800,0.55,0.75,0.7666666666666667,0.8125,0.85
1613100,0.65,0.7142857142857143,0.7,0.8125,0.85
1613400,0.7,0.7142857142857143,0.6666666666666666,0.8125,0.8
1613700,0.8,0.7142857142857143,0.6333333333333333,0.78125,0.85
1614000,0.8,0.7142857142857143,0.6333333333333333,0.78125,0.8
1614300,0.75,0.6785714285714286,0.6333333333333333,0.8125,0.8
1614600,0.75,0.6785714285714286,0.6666666666666666,0.875,0.85
1614900,0.7,0.6785714285714286,0.7,0.90625,0.85
1615200,0.75,0.6785714285714286,0.0,0.0,0.0
1615500,0.65,0.6785714285714286,0.6333333333333333,0.84375,0.8
1615800,0.65,0.6785714285714286,0.6333333333333333,0.84375,0.8
1616100,0.6,0.6785714285714286,0.7,0.84375,0.85
1616400,0.65,0.7142857142857143,0.7666666666666667,0.84375,0.9
1616700,0.75,0.6428571428571429,0.7333333333333333,0.875,0.95
1617000,0.8,0.6071428571428571,0.7666666666666667,0.8125,0.9
1617300,0.85,0.6428571428571429,0.8333333333333334,0.78125,0.9
1617600,0.8,0.6785714285714286,0.7333333333333333,0.84375,0.9
1617900,0.65,0.6071428571428571,0.7666666666666667,0.84375,0.85
1618200,0.65,0.6071428571428571,0.8,0.78125,0.75
1618500,0.65,0.6428571428571429,0.7333333333333333,0.78125,0.75
1618800,0.65,0.6428571428571429,0.7666666666666667,0.75,0.75
1619100,0.6,0.6428571428571429,0.7666666666666667,0.75,0.7
1619400,0.6,0.6071428571428571,0.8,0.71875,0.7
1619700,0.6,0.6071428571428571,0.8333333333333334,0.71875,0.75
1620000,0.6,0.6071428571428571,0.8,0.71875,0.7
1620300,0.65,0.6071428571428571,0.7666666666666667,0.71875,0.75
1620600,0.6,0.5714285714285714,0.8,0.71875,0.75
1620900,0.6,0.5714285714285714,0.7666666666666667,0.6875,0.75
1621200,0.6,0.6071428571428571,0.7666666666666667,0.71875,0.75
1621500,0.55,0.6428571428571429,0.7666666666666667,0.8125,0.7
1621800,0.55,0.6785714285714286,0.7,0.8125,0.7
1622100,0.5,0.6428571428571429,0.7333333333333333,0.84375,0.75
1622400,0.5,0.6428571428571429,0.7666666666666667,0.8125,0.8
1622700,0.45,0.6071428571428571,0.7666666666666667,0.8125,0.85
1623000,0.35,0.6428571428571429,0.7666666666666667,0.75,0.85
1623300,0.35,0.6428571428571429,0.8,0.8125,0.9
1623600,0.5,0.6428571428571429,0.8,0.75,0.95
1623900,0.4,0.5357142857142857,0.7,0.8125,0.95
1624200,0.35,0.5357142857142857,0.5666666666666667,0.8125,0.9
1624500,0.25,0.5,0.43333333333333335,0.78125,0.65
1624800,0.1,0.5357142857142857,0.36666666666666664,0.65625,0.55
1625100,0.0,0.5357142857142857,0.26666666666666666,0.59375,0.45
1625400,0.0,0.5714285714285714,0.16666666666666666,0.53125,0.4
1625700,0.1,0.5714285714285714,0.13333333333333333,0.5,0.45
1626000,0.0,0.5357142857142857,0.1,0.46875,0.4
1626300,0.0,0.5714285714285714,0.06666666666666667,0.34375,0.25
1626600,0.0,0.6428571428571429,0.2,0.34375,0.15
1626900,0.0,0.6428571428571429,0.3,0.28125,0.2
1627200,0.15,0.7142857142857143,0.5,0.28125,0.1
1627500,0.3,0.6428571428571429,0.5,0.34375,0.1
1627800,0.25,0.6785714285714286,0.4666666666666667,0.28125,0.15
1628100,0.2,0.6428571428571429,0.4,0.34375,0.05
1628400,0.15,0.6428571428571429,0.3333333333333333,0.34375,0.15
1628700,0.15,0.6071428571428571,0.36666666666666664,0.4375,0.15
1629000,0.1,0.6071428571428571,0.4666666666666667,0.3125,0.25
1629300,0.2,0.5714285714285714,0.3,0.375,0.4
1629600,0.15,0.5357142857142857,0.3333333333333333,0.375,0.4
1629900,0.1,0.5,0.5,0.4375,0.35
1630200,0.15,0.39285714285714285,0.4666666666666667,0.46875,0.4
1630500,0.2,0.39285714285714285,0.43333333333333335,0.53125,0.5
1630800,0.3,0.42857142857142855,0.4,0.59375,0.45
1631100,0.35,0.42857142857142855,0.5,0.5,0.55
1631400,0.4,0.42857142857142855,0.5,0.5625,0.6
1631700,0.5,0.35714285714285715,0.5333333333333333,0.53125,0.7
1632000,0.6,0.35714285714285715,0.5333333333333333,0.4375,0.75
1632300,0.65,0.39285714285714285,0.4666666666666667,0.53125,0.75
1632600,0.8,0.32142857142857145,0.5,0.53125,0.75
1632900,0.8,0.35714285714285715,0.5333333333333333,0.5625,0.85
1633200,0.8,0.32142857142857145,0.6333333333333333,0.5625,0.8
1633500,0.8,0.35714285714285715,0.6333333333333333,0.625,0.7
1633800,0.8,0.32142857142857145,0.7,0.59375,0.45
1634100,0.8,0.32142857142857145,0.7333333333333333,0.53125,0.5
1634400,0.8,0.35714285714285715,0.7333333333333333,0.5625,0.5
1634700,0.0,0.39285714285714285,0.7333333333333333,0.59375,0.55
1635000,0.6,0.39285714285714285,0.8,0.59375,0.55
1635300,0.6,0.35714285714285715,0.8333333333333334,0.59375,0.55
1635600,0.7,0.35714285714285715,0.8,0.53125,0.75
1635900,0.75,0.42857142857142855,0.7666666666666667,0.5625,0.8
1636200,0.75,0.42857142857142855,0.8,0.5625,0.8
1636500,0.8,0.42857142857142855,0.7666666666666667,0.5625,0.85
1636800,0.8,0.42857142857142855,0.8,0.625,0.75
1637100,0.8,0.5714285714285714,0.0,0.0,0.0
1637400,0.8,0.5,0.7333333333333333,0.75,0.8
1637700,0.8,0.5,0.7333333333333333,0.71875,0.75
1638000,0.8,0.5714285714285714,0.7666666666666667,0.6875,0.55
1638300,0.9,0.5,0.6666666666666666,0.5625,0.55
1638600,0.9,0.5,0.6666666666666666,0.625,0.55
1638900,0.85,0.4642857142857143,0.7333333333333333,0.59375,0.4
1639200,0.9,0.42857142857142855,0.6666666666666666,0.5625,0.4
1639500,0.95,0.35714285714285715,0.7666666666666667,0.5,0.4
1639800,0.95,0.32142857142857145,0.7333333333333333,0.46875,0.45
1640100,0.95,0.32142857142857145,0.7333333333333333,0.4375,0.45
1640400,0.95,0.32142857142857145,0.6333333333333333,0.375,0.5
1640700,0.9,0.21428571428571427,0.7,0.4375,0.55
1641000,0.9,0.21428571428571427,0.6666666666666666,0.375,0.35
1641300,0.9,0.21428571428571427,0.6333333333333333,0.34375,0.35
1641600,0.85,0.17857142857142858,0.4666666666666667,0.34375,0.35
1641900,0.7,0.07142857142857142,0.1,0.1875,0.2
1642200,0.6,0.03571428571428571,0.03333333333333333,0.1875,0.1
1642500,0.55,0.0,0.06666666666666667,0.15625,0.1
1642800,0.45,0.0,0.03333333333333333,0.09375,0.05
1643100,0.4,0.07142857142857142,0.0,0.0,0.1
1643400,0.4,0.03571428571428571,0.03333333333333333,0.03125,0.05
1643700,0.35,0.0,0.0,0.03125,0.05
1644000,0.3,0.03571428571428571,0.03333333333333333,0.09375,0.1
1644300,0.35,0.07142857142857142,0.06666666666666667,0.03125,0.2
1644600,0.25,0.21428571428571427,0.0,0.0,0.0
1644900,0.35,0.21428571428571427,0.03333333333333333,0.09375,0.3
1645200,0.3,0.14285714285714285,0.06666666666666667,0.0625,0.3
1645500,0.3,0.25,0.03333333333333333,0.09375,0.2
1645800,0.5,0.2857142857142857,0.06666666666666667,0.09375,0.25
1646100,0.5,0.2857142857142857,0.13333333333333333,0.21875,0.15
1646400,0.55,0.32142857142857145,0.16666666666666666,0.1875,0.1
1646700,0.55,0.32142857142857145,0.13333333333333333,0.28125,0.05
1647000,0.6,0.35714285714285715,0.1,0.15625,0.1
1647300,0.55,0.39285714285714285,0.1,0.09375,0.15
1647600,0.6,0.42857142857142855,0.1,0.15625,0.15
1647900,0.55,0.39285714285714285,0.1,0.15625,0.15
1648200,0.5,0.42857142857142855,0.16666666666666666,0.1875,0.2
1648500,0.4,0.5,0.16666666666666666,0.0625,0.05
1648800,0.35,0.5357142857142857,0.16666666666666666,0.0625,0.1
1649100,0.0,0.5,0.16666666666666666,0.03125,0.25
1649400,0.4,0.42857142857142855,0.2,0.0625,0.2
1649700,0.35,0.4642857142857143,0.2,0.09375,0.3
1650000,0.35,0.5714285714285714,0.2,0.0625,0.3
1650300,0.35,0.5714285714285714,0.16666666666666666,0.09375,0.25
1650600,0.35,0.5714285714285714,0.16666666666666666,0.125,0.3
1650900,0.4,0.5357142857142857,0.16666666666666666,0.0625,0.2
1651200,0.4,0.5714285714285714,0.06666666666666667,0.0625,0.1
1651500,0.4,0.6071428571428571,0.23333333333333334,0.15625,0.0
1651800,0.3,0.6428571428571429,0.0,0.0,0.0
1652100,0.35,0.6071428571428571,0.3,0.3125,0.35
1652400,0.3,0.6071428571428571,0.2,0.34375,0.2
1652700,0.3,0.6071428571428571,0.16666666666666666,0.34375,0.15
1653000,0.35,0.6428571428571429,0.0,0.3125,0.2
1653300,0.25,0.6785714285714286,0.1,0.34375,0.1
1653600,0.25,0.7142857142857143,0.06666666666666667,0.53125,0.1
1653900,0.25,0.75,0.06666666666666667,0.5,0.25
1654200,0.2,0.75,0.16666666666666666,0.46875,0.2
1654500,0.25,0.6785714285714286,0.26666666666666666,0.46875,0.15
1654800,0.15,0.6785714285714286,0.3333333333333333,0.4375,0.1
1655100,0.2,0.6785714285714286,0.36666666666666664,0.4375,0.1
1655400,0.2,0.6785714285714286,0.4666666666666667,0.53125,0.2
1655700,0.15,0.6785714285714286,0.4666666666666667,0.5,0.15
1656000,0.2,0.6785714285714286,0.43333333333333335,0.40625,0.1
1656300,0.3,0.6785714285714286,0.4666666666666667,0.40625,0.1
1656600,0.35,0.75,0.5,0.34375,0.15
1656900,0.35,0.75,0.5666666666666667,0.28125,0.2
1657200,0.4,0.8214285714285714,0.4666666666666667,0.3125,0.1
1657500,0.4,0.7857142857142857,0.5,0.375,0.1
1657800,0.35,0.7857142857142857,0.5333333333333333,0.375,0.1
1658100,0.3,0.75,0.5,0.375,0.05
1658400,0.35,0.6785714285714286,0.4666666666666667,0.3125,0.15
1658700,0.35,0.6428571428571429,0.5,0.375,0.15
1659000,0.35,0.6785714285714286,0.0,0.0,0.0
1659300,0.4,0.6785714285714286,0.6,0.40625,0.2
1659600,0.4,0.6428571428571429,0.5666666666666667,0.40625,0.2
1659900,0.35,0.6428571428571429,0.4666666666666667,0.53125,0.25
1660200,0.4,0.6785714285714286,0.43333333333333335,0.5,0.15
1660500,0.25,0.6428571428571429,0.43333333333333335,0.5625,0.2
1660800,0.3,0.5714285714285714,0.4666666666666667,0.59375,0.2
1661100,0.35,0.6071428571428571,0.4,0.53125,0.15
1661400,0.35,0.5,0.3,0.5,0.1
1661700,0.35,0.4642857142857143,0.26666666666666666,0.46875,0.2
1662000,0.35,0.5,0.26666666666666666,0.40625,0.05
1662300,0.5,0.5,0.2,0.28125,0.15
1662600,0.5,0.5,0.23333333333333334,0.25,0.1
1662900,0.45,0.5,0.26666666666666666,0.1875,0.15
1663200,0.4,0.5,0.26666666666666666,0.34375,0.05
1663500,0.3,0.5,0.2,0.3125,0.15
1663800,0.45,0.4642857142857143,0.1,0.3125,0.2
1664100,0.4,0.42857142857142855,0.2,0.25,0.2
1664400,0.35,0.42857142857142855,0.13333333333333333,0.28125,0.2
1664700,0.25,0.5,0.2,0.25,0.3
1665000,0.2,0.42857142857142855,0.06666666666666667,0.25,0.15
1665300,0.2,0.42857142857142855,0.1,0.1875,0.1
1665600,0.05,0.35714285714285715,0.16666666666666666,0.15625,0.2
1665900,0.15,0.35714285714285715,0.06666666666666667,0.125,0.25
1666200,0.2,0.42857142857142855,0.0,0.0,0.0
1666500,0.15,0.42857142857142855,0.1,0.15625,0.2
1666800,0.2,0.4642857142857143,0.2,0.09375,0.25
1667100,0.3,0.5357142857142857,0.1,0.125,0.35
1667400,0.25,0.6071428571428571,0.23333333333333334,0.15625,0.4
1667700,0.15,0.6071428571428571,0.3,0.09375,0.4
1668000,0.1,0.6785714285714286,0.4,0.09375,0.35
1668300,0.05,0.6428571428571429,0.3333333333333333,0.0625,0.3
1668600,0.0,0.6785714285714286,0.4,0.15625,0.45
1668900,0.0,0.7857142857142857,0.3,0.125,0.45
1669200,0.0,0.7857142857142857,0.23333333333333334,0.15625,0.5
1669500,0.05,0.7857142857142857,0.2,0.21875,0.45
1669800,0.1,0.75,0.3,0.1875,0.45
1670100,0.05,0.75,0.26666666666666666,0.21875,0.45
1670400,0.1,0.7142857142857143,0.4,0.34375,0.5
1670700,0.1,0.6785714285714286,0.4,0.4375,0.7
1671000,0.1,0.7142857142857143,0.5333333333333333,0.625,0.8
1671300,0.25,0.7142857142857143,0.7333333333333333,0.65625,0.75
1671600,0.2,0.6785714285714286,0.7666666666666667,0.75,0.75
1671900,0.35,0.6428571428571429,0.8,0.75,0.8
1672200,0.4,0.6428571428571429,0.7666666666666667,0.78125,0.8
1672500,0.45,0.6428571428571429,0.7333333333333333,0.8125,0.85
1672800,0.5,0.6428571428571429,0.8,0.90625,0.9
1673100,0.5,0.6785714285714286,0.8333333333333334,0.90625,0.85
1673400,0.5,0.6785714285714286,0.8333333333333334,0.84375,0.9
1673700,0.5,0.7142857142857143,0.8333333333333334,0.84375,0.85
1674000,0.55,0.75,0.8333333333333334,0.84375,0.85
1674300,0.7,0.75,0.8333333333333334,0.6875,0.8
1674600,0.7,0.7857142857142857,0.8666666666666667,0.625,0.75
1674900,0.7,0.7857142857142857,0.8666666666666667,0.59375,0.75
1675200,0.7,0.7857142857142857,0.9,0.5625,0.75
1675500,0.75,0.7857142857142857,0.8,0.625,0.7
1675800,0.8,0.7857142857142857,0.7666666666666667,0.65625,0.7
1676100,0.75,0.7857142857142857,0.6333333333333333,0.59375,0.75
1676400,0.8,0.75,0.6,0.5625,0.7
1676700,0.7,0.75,0.6,0.59375,0.7
1677000,0.7,0.75,0.5333333333333333,0.6875,0.7
1677300,0.7,0.7142857142857143,0.5333333333333333,0.65625,0.6
1677600,0.75,0.7142857142857143,0.4666666666666667,0.6875,0.6
1677900,0.75,0.5714285714285714,0.4666666666666667,0.75,0.6
1678200,0.75,0.5714285714285714,0.5333333333333333,0.875,0.7
1678500,0.75,0.5714285714285714,0.5333333333333333,0.875,0.65
1678800,0.75,0.5357142857142857,0.6,0.90625,0.75
1679100,0.75,0.5,0.5666666666666667,0.90625,0.65
1679400,0.75,0.5,0.6333333333333333,0.90625,0.6
1679700,0.75,0.5,0.6666666666666666,0.90625,0.6
1680000,0.8,0.5,0.6333333333333333,0.875,0.6
1680300,0.8,0.5,0.6333333333333333,0.90625,0.6
1680600,0.8,0.5357142857142857,0.7333333333333333,0.90625,0.45
1680900,0.85,0.5357142857142857,0.6666666666666666,0.875,0.55
1681200,0.85,0.5357142857142857,0.7,0.875,0.6
1681500,0.85,0.5714285714285714,0.7333333333333333,0.875,0.65
1681800,0.85,0.5357142857142857,0.7666666666666667,0.875,0.65
1682100,0.85,0.5357142857142857,0.7666666666666667,0.84375,0.6
1682400,0.85,0.5357142857142857,0.8,0.875,0.75
1682700,0.85,0.5714285714285714,0.8,0.875,0.75
1683000,0.75,0.6428571428571429,0.7333333333333333,0.78125,0.7
1683300,0.75,0.5714285714285714,0.7333333333333333,0.78125,0.6
1683600,0.75,0.42857142857142855,0.7,0.8125,0.5
1683900,0.75,0.39285714285714285,0.6333333333333333,0.8125,0.45
1684200,0.75,0.39285714285714285,0.6,0.90625,0.5
1684500,0.45,0.35714285714285715,0.36666666666666664,0.875,0.4
1684800,0.45,0.35714285714285715,0.3,0.875,0.4
1685100,0.2,0.2857142857142857,0.1,0.8125,0.15
1685400,0.15,0.17857142857142858,0.0,0.78125,0.05
1685700,0.05,0.2857142857142857,0.0,0.625,0.05
1686000,0.05,0.21428571428571427,0.0,0.46875,0.0
1686300,0.05,0.17857142857142858,0.0,0.40625,0.05
1686600,0.0,0.14285714285714285,0.0,0.40625,0.0
1686900,0.0,0.10714285714285714,0.03333333333333333,0.40625,0.0
1687200,0.0,0.14285714285714285,0.06666666666666667,0.40625,0.2
1687500,0.0,0.14285714285714285,0.0,0.375,0.1
1687800,0.0,0.10714285714285714,0.06666666666666667,0.3125,0.05
1688100,0.15,0.07142857142857142,0.0,0.0,0.0
1688400,0.05,0.07142857142857142,0.06666666666666667,0.34375,0.2
1688700,0.1,0.07142857142857142,0.2,0.1875,0.1
1689000,0.2,0.03571428571428571,0.06666666666666667,0.25,0.05
1689300,0.25,0.21428571428571427,0.03333333333333333,0.1875,0.25
1689600,0.2,0.17857142857142858,0.06666666666666667,0.28125,0.3
1689900,0.2,0.07142857142857142,0.1,0.21875,0.2
1690200,0.25,0.0,0.03333333333333333,0.25,0.15
1690500,0.25,0.07142857142857142,0.03333333333333333,0.21875,0.05
1690800,0.25,0.10714285714285714,0.13333333333333333,0.25,0.1
1691100,0.35,0.14285714285714285,0.2,0.21875,0.15
1691400,0.4,0.17857142857142858,0.3,0.21875,0.25
1691700,0.5,0.17857142857142858,0.4666666666666667,0.34375,0.2
1692000,0.55,0.17857142857142858,0.5666666666666667,0.375,0.4
1692300,0.0,0.21428571428571427,0.5666666666666667,0.46875,0.45
1692600,0.65,0.25,0.5666666666666667,0.46875,0.55
1692900,0.65,0.35714285714285715,0.5666666666666667,0.65625,0.7
1693200,0.7,0.39285714285714285,0.6666666666666666,0.75,0.75
1693500,0.7,0.42857142857142855,0.6333333333333333,0.75,0.8
1693800,0.75,0.4642857142857143,0.6666666666666666,0.78125,0.85
1694100,0.7,0.4642857142857143,0.6666666666666666,0.84375,0.85
1694400,0.7,0.5357142857142857,0.6333333333333333,0.875,0.85
1694700,0.75,0.5357142857142857,0.7333333333333333,0.9375,0.9
1695000,0.75,0.5357142857142857,0.7,0.9375,0.95
1695300,0.7,0.5357142857142857,0.6333333333333333,0.9375,0.85
1695600,0.7,0.5357142857142857,0.7,0.96875,0.85
1695900,0.7,0.5714285714285714,0.7333333333333333,0.90625,0.85
1696200,0.7,0.5714285714285714,0.7,0.9375,0.85
1696500,0.65,0.5714285714285714,0.6666666666666666,0.96875,0.85
1696800,0.65,0.5714285714285714,0.7333333333333333,0.96875,0.9
1697100,0.65,0.5357142857142857,0.7,0.96875,0.9
1697400,0.65,0.5357142857142857,0.7,0.96875,0.9
1697700,0.7,0.5357142857142857,0.7333333333333333,0.96875,0.9
1698000,0.65,0.5357142857142857,0.7333333333333333,0.96875,0.9
1698300,0.65,0.5357142857142857,0.7333333333333333,0.96875,0.8
1698600,0.7,0.5357142857142857,0.8,0.9375,0.75
1698900,0.75,0.5357142857142857,0.8,0.9375,0.8
1699200,0.7,0.7142857142857143,0.7666666666666667,0.9375,0.8
1699500,0.6,0.6785714285714286,0.7333333333333333,0.9375,0.9
1699800,0.6,0.6785714285714286,0.7333333333333333,0.96875,0.9
1700100,0.6,0.7142857142857143,0.7333333333333333,1.0,0.9
1700400,0.6,0.7142857142857143,0.7666666666666667,0.96875,1.0
1700700,0.6,0.75,0.7333333333333333,0.96875,1.0
1701000,0.6,0.75,0.8,0.96875,1.0
1701300,0.6,0.75,0.7666666666666667,0.96875,1.0
1701600,0.65,0.7857142857142857,0.7666666666666667,0.9375,1.0
1701900,0.7,0.7857142857142857,0.7333333333333333,0.90625,1.0
1702200,0.7,0.8214285714285714,0.7333333333333333,0.90625,1.0
1702500,0.7,0.7857142857142857,0.7333333333333333,0.90625,1.0
1702800,0.55,0.7857142857142857,0.0,0.0,0.0
1703100,0.6,0.7857142857142857,0.7333333333333333,0.875,0.95
1703400,0.6,0.7857142857142857,0.7666666666666667,0.875,0.9
1703700,0.55,0.7857142857142857,0.7666666666666667,0.84375,0.9
1704000,0.6,0.75,0.7333333333333333,0.84375,0.9
1704300,0.55,0.7857142857142857,0.7,0.78125,0.85
1704600,0.6,0.8214285714285714,0.6666666666666666,0.78125,0.85
1704900,0.55,0.8214285714285714,0.7333333333333333,0.84375,0.85
1705200,0.55,0.8214285714285714,0.6666666666666666,0.84375,0.85
1705500,0.55,0.7857142857142857,0.7,0.875,0.95
1705800,0.55,0.7857142857142857,0.7333333333333333,0.875,0.95
1706100,0.6,0.7857142857142857,0.8,0.875,0.9
1706400,0.65,0.7857142857142857,0.8333333333333334,0.96875,0.9
1706700,0.6,0.7857142857142857,0.8333333333333334,0.9375,0.85
1707000,0.6,0.7857142857142857,0.8,0.9375,0.85
1707300,0.65,0.7857142857142857,0.7333333333333333,0.90625,0.8
1707600,0.5,0.8214285714285714,0.7333333333333333,0.90625,0.8
1707900,0.5,0.8214285714285714,0.7333333333333333,0.90625,0.8
1708200,0.5,0.8571428571428571,0.8,0.90625,0.8
1708500,0.45,0.8571428571428571,0.8,0.90625,0.8
1708800,0.45,0.8571428571428571,0.8666666666666667,0.84375,0.8
1709100,0.45,0.8214285714285714,0.9,0.8125,0.8
1709400,0.35,0.7857142857142857,0.8333333333333334,0.8125,0.85
1709700,0.35,0.7857142857142857,0.8333333333333334,0.84375,0.85
1710000,0.3,0.75,0.0,0.0,0.0
1710300,0.15,0.7142857142857143,0.5666666666666667,0.8125,0.8
1710600,0.1,0.6785714285714286,0.36666666666666664,0.75,0.75
1710900,0.1,0.6785714285714286,0.36666666666666664,0.71875,0.75
1711200,0.15,0.6785714285714286,0.3,0.75,0.75
1711500,0.1,0.6428571428571429,0.2,0.71875,0.55
1711800,0.05,0.6071428571428571,0.16666666666666666,0.6875,0.45
1712100,0.2,0.6428571428571429,0.06666666666666667,0.6875,0.45
1712400,0.05,0.6428571428571429,0.1,0.6875,0.3
1712700,0.15,0.6428571428571429,0.1,0.65625,0.3
1713000,0.15,0.7857142857142857,0.23333333333333334,0.65625,0.35
1713300,0.05,0.75,0.23333333333333334,0.5625,0.25
1713600,0.05,0.75,0.1,0.46875,0.3
1713900,0.15,0.6785714285714286,0.2,0.4375,0.35
1714200,0.05,0.6428571428571429,0.16666666666666666,0.40625,0.25
1714500,0.0,0.6428571428571429,0.2,0.46875,0.3
1714800,0.0,0.6071428571428571,0.3,0.5,0.3
1715100,0.15,0.5357142857142857,0.36666666666666664,0.5,0.2
1715400,0.15,0.5,0.43333333333333335,0.4375,0.25
1715700,0.2,0.5357142857142857,0.36666666666666664,0.375,0.15
1716000,0.2,0.5714285714285714,0.26666666666666666,0.375,0.2
1716300,0.1,0.5714285714285714,0.36666666666666664,0.40625,0.35
1716600,0.1,0.6071428571428571,0.3333333333333333,0.4375,0.45
1716900,0.1,0.6071428571428571,0.36666666666666664,0.53125,0.5
1717200,0.2,0.5714285714285714,0.43333333333333335,0.5625,0.5
1717500,0.2,0.5714285714285714,0.43333333333333335,0.625,0.55
1717800,0.15,0.5714285714285714,0.5666666666666667,0.625,0.6
1718100,0.1,0.5714285714285714,0.5333333333333333,0.625,0.6
1718400,0.1,0.6071428571428571,0.6,0.65625,0.6
1718700,0.1,0.5357142857142857,0.6333333333333333,0.6875,0.55
1719000,0.35,0.5357142857142857,0.7,0.625,0.55
1719300,0.35,0.5357142857142857,0.7,0.65625,0.55
1719600,0.4,0.5357142857142857,0.8333333333333334,0.65625,0.55
1719900,0.4,0.6071428571428571,0.8666666666666667,0.6875,0.5
1720200,0.5,0.5357142857142857,0.8666666666666667,0.71875,0.5
1720500,0.55,0.5714285714285714,0.8333333333333334,0.71875,0.55
1720800,0.6,0.5714285714285714,0.8333333333333334,0.6875,0.45
1721100,0.55,0.6071428571428571,0.8333333333333334,0.65625,0.25
1721400,0.6,0.6071428571428571,0.8333333333333334,0.75,0.25
1721700,0.6,0.6071428571428571,0.8666666666666667,0.71875,0.35
1722000,0.6,0.5714285714285714,0.8666666666666667,0.75,0.4
1722300,0.65,0.6428571428571429,0.8666666666666667,0.75,0.45
1722600,0.7,0.6071428571428571,0.9,0.71875,0.55
1722900,0.7,0.5714285714285714,0.8666666666666667,0.75,0.55
1723200,0.7,0.5357142857142857,0.9333333333333333,0.65625,0.5
1723500,0.7,0.5714285714285714,0.9,0.59375,0.55
1723800,0.75,0.5714285714285714,0.9,0.5625,0.45
1724100,0.75,0.5,0.9,0.59375,0.5
1724400,0.75,0.5714285714285714,0.8333333333333334,0.59375,0.5
1724700,0.75,0.4642857142857143,0.8333333333333334,0.59375,0.55
1725000,0.85,0.4642857142857143,0.7666666666666667,0.5625,0.5
1725300,0.9,0.4642857142857143,0.7666666666666667,0.53125,0.45
1725600,0.9,0.4642857142857143,0.7666666666666667,0.46875,0.45
1725900,0.9,0.42857142857142855,0.6333333333333333,0.5,0.4
1726200,0.85,0.5,0.6,0.46875,0.55
1726500,0.85,0.4642857142857143,0.5333333333333333,0.4375,0.55
1726800,0.8,0.42857142857142855,0.5333333333333333,0.53125,0.65
1727100,0.65,0.5357142857142857,0.43333333333333335,0.5625,0.9
1727400,0.6,0.4642857142857143,0.3,0.4375,0.8
1727700,0.6,0.39285714285714285,0.1,0.375,0.7
1728000,0.55,0.32142857142857145,0.16666666666666666,0.34375,0.55
1728300,0.5,0.2857142857142857,0.03333333333333333,0.28125,0.15
1728600,0.5,0.32142857142857145,0.06666666666666667,0.28125,0.0
1728900,0.45,0.2857142857142857,0.03333333333333333,0.1875,0.0
1729200,0.4,0.32142857142857145,0.0,0.21875,0.0
1729500,0.3,0.2857142857142857,0.0,0.21875,0.0
1729800,0.25,0.2857142857142857,0.1,0.03125,0.05
1730100,0.35,0.2857142857142857,0.03333333333333333,0.03125,0.1
1730400,0.35,0.25,0.0,0.03125,0.05
1730700,0.3,0.35714285714285715,0.06666666666666667,0.0,0.1
1731000,0.35,0.35714285714285715,0.1,0.0625,0.15
1731300,0.4,0.39285714285714285,0.03333333333333333,0.0,0.25
1731600,0.3,0.42857142857142855,0.13333333333333333,0.0625,0.4
1731900,0.3,0.39285714285714285,0.0,0.0,0.0
1732200,0.35,0.5357142857142857,0.13333333333333333,0.09375,0.3
1732500,0.45,0.5714285714285714,0.13333333333333333,0.0625,0.25
1732800,0.45,0.4642857142857143,0.16666666666666666,0.09375,0.35
1733100,0.5,0.42857142857142855,0.1,0.1875,0.2
1733400,0.5,0.42857142857142855,0.06666666666666667,0.1875,0.15
1733700,0.55,0.5,0.03333333333333333,0.15625,0.05
1734000,0.45,0.5,0.03333333333333333,0.15625,0.0
1734300,0.55,0.4642857142857143,0.06666666666666667,0.21875,0.15
1734600,0.55,0.39285714285714285,0.06666666666666667,0.25,0.1
1734900,0.5,0.39285714285714285,0.2,0.15625,0.05
1735200,0.4,0.39285714285714285,0.16666666666666666,0.125,0.15
1735500,0.3,0.35714285714285715,0.1,0.1875,0.1
1735800,0.35,0.42857142857142855,0.13333333333333333,0.125,0.05
1736100,0.35,0.42857142857142855,0.23333333333333334,0.125,0.2
1736400,0.35,0.35714285714285715,0.16666666666666666,0.0625,0.3
1736700,0.3,0.42857142857142855,0.3,0.125,0.3
1737000,0.35,0.42857142857142855,0.36666666666666664,0.1875,0.2
1737300,0.35,0.42857142857142855,0.4,0.25,0.15
1737600,0.2,0.4642857142857143,0.43333333333333335,0.34375,0.2
1737900,0.25,0.5714285714285714,0.43333333333333335,0.34375,0.25
1738200,0.2,0.5357142857142857,0.43333333333333335,0.25,0.1
1738500,0.15,0.5714285714285714,0.4,0.3125,0.1
1738800,0.2,0.6071428571428571,0.4666666666666667,0.3125,0.25
1739100,0.25,0.6071428571428571,0.4,0.3125,0.15
1739400,0.2,0.5714285714285714,0.43333333333333335,0.3125,0.15
1739700,0.3,0.6071428571428571,0.4666666666666667,0.3125,0.2
1740000,0.2,0.6428571428571429,0.5,0.34375,0.25
1740300,0.1,0.6071428571428571,0.5,0.46875,0.05
1740600,0.1,0.6071428571428571,0.4666666666666667,0.46875,0.2
1740900,0.05,0.6428571428571429,0.4666666666666667,0.5,0.15
1741200,0.2,0.6071428571428571,0.4,0.5,0.05
1741500,0.1,0.5714285714285714,0.3333333333333333,0.5,0.0
1741800,0.15,0.5,0.3,0.5,0.0
1742100,0.2,0.5,0.3,0.5625,0.1
1742400,0.2,0.5,0.26666666666666666,0.5,0.15
1742700,0.15,0.4642857142857143,0.26666666666666666,0.53125,0.05
1743000,0.1,0.4642857142857143,0.3,0.46875,0.15
1743300,0.25,0.4642857142857143,0.26666666666666666,0.375,0.15
1743600,0.35,0.5,0.23333333333333334,0.34375,0.15
1743900,0.35,0.5714285714285714,0.16666666666666666,0.34375,0.05
1744200,0.35,0.5357142857142857,0.13333333333333333,0.34375,0.0
1744500,0.25,0.5714285714285714,0.2,0.34375,0.1
1744800,0.25,0.6071428571428571,0.1,0.34375,0.05
1745100,0.2,0.6071428571428571,0.23333333333333334,0.34375,0.05
1745400,0.4,0.6071428571428571,0.3333333333333333,0.34375,0.1
1745700,0.3,0.7142857142857143,0.4,0.34375,0.05
1746000,0.25,0.75,0.3,0.375,0.15
1746300,0.25,0.6785714285714286,0.4,0.4375,0.15
1746600,0.35,0.6785714285714286,0.0,0.0,0.0
1746900,0.3,0.6785714285714286,0.43333333333333335,0.4375,0.15
1747200,0.35,0.7142857142857143,0.3,0.46875,0.1
1747500,0.25,0.7142857142857143,0.23333333333333334,0.53125,0.05
1747800,0.2,0.6785714285714286,0.16666666666666666,0.59375,0.05
1748100,0.2,0.6071428571428571,0.2,0.5625,0.2
1748400,0.05,0.6071428571428571,0.16666666666666666,0.46875,0.2
1748700,0.05,0.6071428571428571,0.03333333333333333,0.5,0.1
1749000,0.15,0.6428571428571429,0.1,0.5,0.25
1749300,0.05,0.6428571428571429,0.03333333333333333,0.4375,0.1
1749600,0.05,0.6785714285714286,0.03333333333333333,0.46875,0.0
1749900,0.05,0.6428571428571429,0.06666666666666667,0.4375,0.05
1750200,0.05,0.6071428571428571,0.16666666666666666,0.4375,0.05
1750500,0.2,0.5,0.23333333333333334,0.34375,0.2
1750800,0.2,0.4642857142857143,0.23333333333333334,0.40625,0.2
1751100,0.35,0.39285714285714285,0.3333333333333333,0.40625,0.1
1751400,0.25,0.42857142857142855,0.3,0.375,0.05
1751700,0.35,0.39285714285714285,0.2,0.40625,0.05
1752000,0.35,0.42857142857142855,0.16666666666666666,0.25,0.1
1752300,0.35,0.39285714285714285,0.16666666666666666,0.3125,0.25
1752600,0.35,0.42857142857142855,0.26666666666666666,0.21875,0.2
1752900,0.3,0.4642857142857143,0.26666666666666666,0.21875,0.25
1753200,0.35,0.5,0.23333333333333334,0.15625,0.3
1753500,0.4,0.5357142857142857,0.2,0.15625,0.3
1753800,0.4,0.6428571428571429,0.0,0.0,0.0
1754100,0.4,0.7142857142857143,0.26666666666666666,0.1875,0.2
1754400,0.35,0.6785714285714286,0.3333333333333333,0.21875,0.25
1754700,0.35,0.7142857142857143,0.3333333333333333,0.21875,0.35
1755000,0.25,0.7142857142857143,0.26666666666666666,0.15625,0.25
1755300,0.15,0.6428571428571429,0.26666666666666666,0.375,0.25
1755600,0.0,0.6428571428571429,0.23333333333333334,0.375,0.35
1755900,0.0,0.6785714285714286,0.3333333333333333,0.34375,0.3
1756200,0.0,0.6785714285714286,0.3333333333333333,0.375,0.3
1756500,0.0,0.6785714285714286,0.4,0.5,0.3
1756800,0.0,0.7142857142857143,0.43333333333333335,0.5,0.35
1757100,0.1,0.75,0.5666666666666667,0.59375,0.5
1757400,0.05,0.7142857142857143,0.6333333333333333,0.75,0.6
1757700,0.2,0.7142857142857143,0.7,0.8125,0.6
1758000,0.35,0.7142857142857143,0.7666666666666667,0.78125,0.75
1758300,0.35,0.7142857142857143,0.7666666666666667,0.78125,0.8
1758600,0.45,0.6428571428571429,0.9333333333333333,0.84375,0.8
1758900,0.45,0.6428571428571429,0.9333333333333333,0.90625,0.8
1759200,0.4,0.6785714285714286,0.9333333333333333,0.875,0.8
1759500,0.4,0.7142857142857143,0.9666666666666667,0.90625,0.8
1759800,0.55,0.7857142857142857,0.9666666666666667,0.90625,0.75
1760100,0.55,0.7857142857142857,0.9666666666666667,0.90625,0.75
1760400,0.65,0.8214285714285714,0.9666666666666667,0.875,0.75
1760700,0.75,0.8214285714285714,0.9666666666666667,0.84375,0.75
1761000,0.75,0.8214285714285714,0.0,0.0,0.0
1761300,0.75,0.8214285714285714,0.8,0.6875,0.8
1761600,0.75,0.8214285714285714,0.7,0.71875,0.8
1761900,0.7,0.8571428571428571,0.6,0.65625,0.65
1762200,0.75,0.8214285714285714,0.6333333333333333,0.65625,0.7
1762500,0.75,0.8214285714285714,0.6333333333333333,0.5625,0.55
1762800,0.8,0.8214285714285714,0.4666666666666667,0.59375,0.45
1763100,0.7,0.7857142857142857,0.43333333333333335,0.53125,0.35
1763400,0.7,0.7857142857142857,0.43333333333333335,0.5625,0.35
1763700,0.7,0.7857142857142857,0.36666666666666664,0.5625,0.35
1764000,0.7,0.75,0.4666666666666667,0.5625,0.35
1764300,0.65,0.75,0.6333333333333333,0.75,0.5
1764600,0.6,0.75,0.7,0.8125,0.65
1764900,0.6,0.75,0.7,0.8125,0.7
1765200,0.65,0.75,0.6,0.8125,0.75
1765500,0.65,0.7857142857142857,0.6,0.84375,0.8
1765800,0.65,0.75,0.6333333333333333,0.84375,0.8
1766100,0.7,0.75,0.7,0.875,0.85
1766400,0.65,0.75,0.6666666666666666,0.90625,0.8
1766700,0.7,0.75,0.6666666666666666,0.90625,0.8
1767000,0.6,0.75,0.7333333333333333,0.875,0.85
1767300,0.6,0.7857142857142857,0.7333333333333333,0.90625,0.85
1767600,0.6,0.7857142857142857,0.6666666666666666,0.90625,0.9
1767900,0.65,0.7857142857142857,0.6666666666666666,0.90625,0.8
1768200,0.7,0.8214285714285714,0.6333333333333333,0.90625,0.85
1768500,0.7,0.8214285714285714,0.6,0.90625,0.8
1768800,0.7,0.8571428571428571,0.6666666666666666,0.875,0.8
1769100,0.6,0.8571428571428571,0.6666666666666666,0.8125,0.8
1769400,0.55,0.8571428571428571,0.6666666666666666,0.8125,0.7
1769700,0.6,0.8571428571428571,0.7,0.8125,0.7
1770000,0.6,0.8214285714285714,0.6666666666666666,0.84375,0.65
1770300,0.45,0.8214285714285714,0.6333333333333333,0.84375,0.6
1770600,0.35,0.8214285714285714,0.5333333333333333,0.875,0.5
1770900,0.3,0.8214285714285714,0.5333333333333333,0.875,0.4
1771200,0.35,0.7857142857142857,0.3,0.75,0.3
1771500,0.0,0.6428571428571429,0.03333333333333333,0.6875,0.2
1771800,0.25,0.6071428571428571,0.06666666666666667,0.53125,0.1
1772100,0.25,0.6071428571428571,0.06666666666666667,0.53125,0.1
1772400,0.15,0.4642857142857143,0.03333333333333333,0.34375,0.1
1772700,0.15,0.35714285714285715,0.03333333333333333,0.28125,0.1
1773000,0.2,0.2857142857142857,0.06666666666666667,0.25,0.05
1773300,0.25,0.21428571428571427,0.03333333333333333,0.21875,0.15
1773600,0.3,0.25,0.03333333333333333,0.15625,0.15
1773900,0.25,0.25,0.0,0.0625,0.1
1774200,0.2,0.25,0.13333333333333333,0.09375,0.15
1774500,0.25,0.25,0.03333333333333333,0.125,0.15
1774800,0.2,0.25,0.13333333333333333,0.125,0.4
1775100,0.15,0.25,0.13333333333333333,0.15625,0.35
1775400,0.15,0.25,0.06666666666666667,0.15625,0.25
1775700,0.1,0.14285714285714285,0.0,0.0,0.0
1776000,0.1,0.10714285714285714,0.03333333333333333,0.03125,0.15
1776300,0.2,0.17857142857142858,0.03333333333333333,0.15625,0.1
1776600,0.4,0.25,0.1,0.125,0.1
1776900,0.25,0.25,0.16666666666666666,0.15625,0.05
1777200,0.35,0.2857142857142857,0.16666666666666666,0.15625,0.1
1777500,0.4,0.39285714285714285,0.3,0.125,0.1
1777800,0.45,0.39285714285714285,0.26666666666666666,0.125,0.15
1778100,0.5,0.39285714285714285,0.5333333333333333,0.25,0.3
1778400,0.55,0.39285714285714285,0.5666666666666667,0.28125,0.3
1778700,0.0,0.4642857142857143,0.8,0.34375,0.45
1779000,0.7,0.5357142857142857,0.8,0.59375,0.5
1779300,0.8,0.5714285714285714,0.7333333333333333,0.5625,0.55
1779600,0.85,0.6071428571428571,0.7333333333333333,0.5625,0.55
1779900,0.9,0.75,0.8,0.625,0.45
1780200,0.8,0.7857142857142857,0.7666666666666667,0.59375,0.45
1780500,0.8,0.7857142857142857,0.7666666666666667,0.6875,0.5
1780800,0.9,0.7857142857142857,0.6666666666666666,0.78125,0.6
1781100,0.85,0.7857142857142857,0.6666666666666666,0.78125,0.65
1781400,0.85,0.7857142857142857,0.7,0.75,0.7
1781700,0.85,0.7857142857142857,0.7333333333333333,0.71875,0.7
1782000,0.8,0.75,0.7333333333333333,0.71875,0.75
1782300,0.65,0.7857142857142857,0.7333333333333333,0.75,0.75
1782600,0.8,0.7857142857142857,0.7666666666666667,0.78125,0.85
1782900,0.85,0.7857142857142857,0.0,0.0,0.0
1783200,0.8,0.7857142857142857,0.8,0.78125,0.8
1783500,0.8,0.7142857142857143,0.8666666666666667,0.8125,0.75
1783800,0.8,0.7142857142857143,0.8666666666666667,0.8125,0.75
1784100,0.85,0.7142857142857143,0.8333333333333334,0.84375,0.8
1784400,0.85,0.7142857142857143,0.8333333333333334,0.84375,0.8
1784700,0.85,0.7142857142857143,0.8,0.875,0.8
1785000,0.85,0.7142857142857143,0.8333333333333334,0.90625,0.8
1785300,0.85,0.7142857142857143,0.8666666666666667,0.96875,0.75
1785600,0.85,0.8214285714285714,0.8666666666666667,0.96875,0.75
1785900,0.0,0.7142857142857143,0.8333333333333334,0.96875,0.75
1786200,0.9,0.7142857142857143,0.8333333333333334,0.90625,0.7
1786500,0.9,0.7142857142857143,0.7666666666666667,0.90625,0.65
1786800,0.9,0.7142857142857143,0.8,0.90625,0.7
1787100,0.9,0.6785714285714286,0.7666666666666667,0.90625,0.75
1787400,0.9,0.75,0.7666666666666667,0.90625,0.75
1787700,0.9,0.7142857142857143,0.7333333333333333,0.90625,0.7
1788000,0.9,0.75,0.7333333333333333,0.9375,0.75
1788300,0.85,0.75,0.7666666666666667,0.9375,0.7
1788600,0.8,0.75,0.8,0.9375,0.7
1788900,0.85,0.75,0.8333333333333334,0.96875,0.75
1789200,0.85,0.75,0.9,0.96875,0.75
1789500,0.8,0.8571428571428571,0.8333333333333334,0.96875,0.75
1789800,0.8,0.8571428571428571,0.8333333333333334,0.96875,0.7
1790100,0.8,0.8571428571428571,0.0,0.0,0.0
1790400,0.8,0.8571428571428571,0.8,0.9375,0.55
1790700,0.8,0.8571428571428571,0.8,0.9375,0.6
1791000,0.85,0.8571428571428571,0.8333333333333334,0.96875,0.65
1791300,0.85,0.8571428571428571,0.8,0.90625,0.65
1791600,0.85,0.8571428571428571,0.7333333333333333,0.875,0.65
1791900,0.85,0.8571428571428571,0.6666666666666666,0.84375,0.65
1792200,0.85,0.8571428571428571,0.6333333333333333,0.8125,0.7
1792500,0.85,0.8571428571428571,0.6,0.84375,0.75
1792800,0.9,0.8571428571428571,0.6333333333333333,0.8125,0.75
1793100,0.95,0.8571428571428571,0.6,0.8125,0.8
1793400,0.9,0.8571428571428571,0.6,0.78125,0.8
1793700,0.9,0.8571428571428571,0.6333333333333333,0.8125,0.8
1794000,0.9,0.8571428571428571,0.7666666666666667,0.8125,0.85
1794300,0.9,0.8571428571428571,0.8333333333333334,0.84375,0.85
1794600,0.85,0.8571428571428571,0.8666666666666667,0.84375,0.8
1794900,0.8,0.8571428571428571,0.8666666666666667,0.84375,0.8
1795200,0.8,0.8571428571428571,0.8666666666666667,0.84375,0.8
1795500,0.75,0.8571428571428571,0.8666666666666667,0.84375,0.8
1795800,0.7,0.8571428571428571,0.8666666666666667,0.8125,0.8
1796100,0.65,0.8571428571428571,0.8666666666666667,0.78125,0.75
1796400,0.6,0.8214285714285714,0.8666666666666667,0.8125,0.75
1796700,0.6,0.8214285714285714,0.8,0.8125,0.75
1797000,0.6,0.75,0.6333333333333333,0.8125,0.6
1797300,0.4,0.75,0.5666666666666667,0.75,0.55
1797600,0.45,0.7142857142857143,0.0,0.0,0.0
1797900,0.35,0.7142857142857143,0.43333333333333335,0.6875,0.5
1798200,0.4,0.6785714285714286,0.3333333333333333,0.65625,0.45
1798500,0.35,0.6428571428571429,0.23333333333333334,0.625,0.4
1798800,0.2,0.6428571428571429,0.1,0.65625,0.45
1799100,0.2,0.6785714285714286,0.13333333333333333,0.59375,0.5
1799400,0.2,0.75,0.16666666666666666,0.59375,0.5
1799700,0.05,0.7142857142857143,0.16666666666666666,0.59375,0.15
1800000,0.1,0.7142857142857143,0.23333333333333334,0.6875,0.15
1800300,0.1,0.7142857142857143,0.13333333333333333,0.6875,0.15
1800600,0.15,0.7142857142857143,0.1,0.71875,0.2
1800900,0.1,0.7142857142857143,0.2,0.6875,0.25
1801200,0.1,0.6785714285714286,0.2,0.65625,0.35
1801500,0.05,0.6071428571428571,0.2,0.6875,0.45
1801800,0.05,0.6071428571428571,0.26666666666666666,0.59375,0.5
1802100,0.1,0.6428571428571429,0.36666666666666664,0.625,0.5
1802400,0.15,0.6071428571428571,0.4,0.59375,0.6
1802700,0.2,0.5714285714285714,0.4666666666666667,0.5625,0.65
1803000,0.25,0.5,0.6333333333333333,0.5,0.75
1803300,0.2,0.4642857142857143,0.5333333333333333,0.53125,0.75
1803600,0.2,0.42857142857142855,0.5,0.5,0.8
1803900,0.2,0.4642857142857143,0.43333333333333335,0.5625,0.85
1804200,0.2,0.6071428571428571,0.5333333333333333,0.53125,0.9
1804500,0.25,0.6071428571428571,0.5333333333333333,0.53125,0.9
1804800,0.3,0.5357142857142857,0.5666666666666667,0.46875,0.9
1805100,0.4,0.6071428571428571,0.0,0.0,0.0
1805400,0.4,0.6071428571428571,0.7333333333333333,0.5,0.95
1805700,0.4,0.7142857142857143,0.6666666666666666,0.5625,0.95
1806000,0.4,0.75,0.6,0.59375,0.95
1806300,0.45,0.7857142857142857,0.5333333333333333,0.59375,0.95
1806600,0.55,0.7857142857142857,0.5666666666666667,0.65625,0.95
1806900,0.55,0.7857142857142857,0.5,0.75,0.95
1807200,0.6,0.75,0.4666666666666667,0.75,0.95
1807500,0.6,0.7142857142857143,0.5,0.75,0.95
1807800,0.65,0.6785714285714286,0.6,0.78125,1.0
1808100,0.75,0.6071428571428571,0.7,0.71875,1.0
1808400,0.7,0.5714285714285714,0.5333333333333333,0.75,1.0
1808700,0.65,0.5357142857142857,0.6333333333333333,0.71875,1.0
1809000,0.65,0.5714285714285714,0.6333333333333333,0.6875,1.0
1809300,0.6,0.5357142857142857,0.5666666666666667,0.625,0.95
1809600,0.6,0.6071428571428571,0.6,0.65625,0.9
1809900,0.65,0.6071428571428571,0.6333333333333333,0.625,0.9
1810200,0.7,0.6071428571428571,0.5666666666666667,0.5625,0.9
1810500,0.65,0.6785714285714286,0.6,0.5625,0.9
1810800,0.6,0.7142857142857143,0.6333333333333333,0.5625,0.7
1811100,0.7,0.6785714285714286,0.6333333333333333,0.5,0.65
1811400,0.8,0.7142857142857143,0.7,0.53125,0.65
1811700,0.8,0.6785714285714286,0.7333333333333333,0.59375,0.7
1812000,0.8,0.6785714285714286,0.7333333333333333,0.59375,0.7
1812300,0.85,0.6071428571428571,0.0,0.0,0.0
1812600,0.95,0.6071428571428571,0.5333333333333333,0.65625,0.7
1812900,0.95,0.5714285714285714,0.5666666666666667,0.625,0.7
1813200,0.95,0.5,0.6333333333333333,0.59375,0.85
1813500,0.95,0.5,0.6333333333333333,0.59375,0.85
1813800,0.95,0.5,0.6333333333333333,0.59375,0.85
1814100,0.95,0.5,0.6333333333333333,0.59375,0.85
1814400,0.95,0.5,0.6333333333333333,0.59375,0.85
1814700,0.95,0.5,0.6333333333333333,0.59375,0.85
1815000,0.95,0.5,0.6333333333333333,0.59375,0.85
1815300,0.95,0.5,0.6333333333333333,0.59375,0.85
1815600,0.95,0.5,0.6333333333333333,0.59375,0.85
1815900,0.95,0.5,0.6333333333333333,0.59375,0.85
1816200,0.95,0.5,0.6333333333333333,0.59375,0.85
1816500,0.4,0.5,0.03333333333333333,0.28125,0.15
1816800,0.3,0.10714285714285714,0.0,0.15625,0.15
1817100,0.2,0.14285714285714285,0.13333333333333333,0.125,0.1
1817400,0.15,0.03571428571428571,0.13333333333333333,0.125,0.1
1817700,0.15,0.14285714285714285,0.03333333333333333,0.09375,0.05
1818000,0.1,0.17857142857142858,0.1,0.0625,0.15
1818300,0.15,0.25,0.13333333333333333,0.03125,0.15
1818600,0.15,0.14285714285714285,0.2,0.03125,0.15
1818900,0.15,0.14285714285714285,0.2,0.03125,0.15
1819200,0.15,0.14285714285714285,0.2,0.03125,0.15
1819500,0.2,0.17857142857142858,0.2,0.03125,0.15
1819800,0.15,0.14285714285714285,0.23333333333333334,0.03125,0.15
1820100,0.3,0.17857142857142858,0.26666666666666666,0.09375,0.05
1820400,0.35,0.17857142857142858,0.2,0.25,0.2
1820700,0.35,0.14285714285714285,0.16666666666666666,0.1875,0.15
1821000,0.3,0.17857142857142858,0.36666666666666664,0.125,0.15
1821300,0.35,0.25,0.26666666666666666,0.1875,0.1
1821600,0.35,0.2857142857142857,0.3333333333333333,0.15625,0.1
1821900,0.2,0.32142857142857145,0.26666666666666666,0.125,0.1
1822200,0.25,0.25,0.26666666666666666,0.09375,0.15
1822500,0.3,0.2857142857142857,0.2,0.15625,0.1
1822800,0.3,0.2857142857142857,0.3333333333333333,0.21875,0.2
1823100,0.3,0.32142857142857145,0.3333333333333333,0.28125,0.1
1823400,0.25,0.35714285714285715,0.3333333333333333,0.1875,0.15
1823700,0.3,0.35714285714285715,0.36666666666666664,0.15625,0.25
1824000,0.35,0.2857142857142857,0.26666666666666666,0.28125,0.1
1824300,0.3,0.35714285714285715,0.2,0.375,0.2
1824600,0.2,0.42857142857142855,0.13333333333333333,0.40625,0.15
1824900,0.2,0.4642857142857143,0.1,0.375,0.1
1825200,0.15,0.4642857142857143,0.1,0.40625,0.15
1825500,0.25,0.5357142857142857,0.16666666666666666,0.375,0.0
1825800,0.35,0.5357142857142857,0.13333333333333333,0.375,0.0
1826100,0.35,0.5,0.3,0.4375,0.15
1826400,0.4,0.5,0.4,0.46875,0.15
1826700,0.35,0.5,0.4666666666666667,0.5,0.1
1827000,0.5,0.5714285714285714,0.5,0.5,0.1
1827300,0.55,0.6071428571428571,0.5333333333333333,0.5625,0.05
1827600,0.5,0.5714285714285714,0.5666666666666667,0.5625,0.1
1827900,0.5,0.4642857142857143,0.5333333333333333,0.5,0.15
1828200,0.35,0.5,0.5333333333333333,0.46875,0.15
1828500,0.25,0.5,0.6666666666666666,0.46875,0.25
1828800,0.2,0.6071428571428571,0.7,0.46875,0.2
1829100,0.25,0.5714285714285714,0.7,0.46875,0.15
1829400,0.2,0.5357142857142857,0.6,0.46875,0.0
1829700,0.25,0.5357142857142857,0.5333333333333333,0.40625,0.2
1830000,0.3,0.5714285714285714,0.5,0.4375,0.2
1830300,0.3,0.5714285714285714,0.4666666666666667,0.4375,0.1
1830600,0.3,0.6071428571428571,0.4,0.375,0.25
1830900,0.25,0.6071428571428571,0.3333333333333333,0.34375,0.15
1831200,0.3,0.5714285714285714,0.4,0.53125,0.15
1831500,0.45,0.5714285714285714,0.3,0.5,0.15
1831800,0.45,0.6071428571428571,0.3333333333333333,0.5,0.2
1832100,0.55,0.6428571428571429,0.4,0.53125,0.2
1832400,0.5,0.6428571428571429,0.43333333333333335,0.59375,0.15
1832700,0.55,0.6428571428571429,0.43333333333333335,0.59375,0.15
1833000,0.55,0.6428571428571429,0.4,0.59375,0.2
1833300,0.65,0.6785714285714286,0.4,0.5,0.25
1833600,0.6,0.6428571428571429,0.3333333333333333,0.4375,0.15
1833900,0.5,0.5714285714285714,0.43333333333333335,0.375,0.15
1834200,0.4,0.5714285714285714,0.0,0.0,0.0
1834500,0.4,0.5357142857142857,0.43333333333333335,0.34375,0.2
1834800,0.4,0.5357142857142857,0.4,0.3125,0.25
1835100,0.3,0.5357142857142857,0.3333333333333333,0.28125,0.1
1835400,0.25,0.5357142857142857,0.3,0.28125,0.0
1835700,0.35,0.5357142857142857,0.2,0.3125,0.1
1836000,0.25,0.5,0.16666666666666666,0.375,0.15
1836300,0.0,0.4642857142857143,0.1,0.34375,0.1
1836600,0.2,0.42857142857142855,0.1,0.40625,0.05
1836900,0.15,0.32142857142857145,0.1,0.53125,0.1
1837200,0.15,0.2857142857142857,0.13333333333333333,0.5,0.05
1837500,0.2,0.25,0.16666666666666666,0.5,0.1
1837800,0.25,0.25,0.2,0.59375,0.15
1838100,0.2,0.2857142857142857,0.2,0.59375,0.35
1838400,0.2,0.2857142857142857,0.3,0.53125,0.3
1838700,0.3,0.25,0.16666666666666666,0.46875,0.45
1839000,0.2,0.2857142857142857,0.23333333333333334,0.40625,0.3
1839300,0.2,0.2857142857142857,0.26666666666666666,0.4375,0.25
1839600,0.3,0.35714285714285715,0.26666666666666666,0.4375,0.25
1839900,0.3,0.39285714285714285,0.26666666666666666,0.375,0.2
1840200,0.25,0.5,0.23333333333333334,0.34375,0.3
1840500,0.2,0.5357142857142857,0.26666666666666666,0.28125,0.2
1840800,0.25,0.5,0.3333333333333333,0.21875,0.1
1841100,0.2,0.5,0.36666666666666664,0.09375,0.1
1841400,0.3,0.6071428571428571,0.36666666666666664,0.15625,0.25
1841700,0.3,0.6071428571428571,0.36666666666666664,0.15625,0.35
1842000,0.25,0.6785714285714286,0.4,0.0625,0.35
1842300,0.2,0.6785714285714286,0.3333333333333333,0.28125,0.4
1842600,0.25,0.6071428571428571,0.3333333333333333,0.375,0.4
1842900,0.15,0.6428571428571429,0.36666666666666664,0.34375,0.45
1843200,0.1,0.6428571428571429,0.43333333333333335,0.5,0.4
1843500,0.0,0.75,0.6333333333333333,0.5625,0.55
1843800,0.15,0.75,0.6,0.625,0.5
1844100,0.15,0.6785714285714286,0.6666666666666666,0.65625,0.6
1844400,0.25,0.75,0.6666666666666666,0.71875,0.75
1844700,0.25,0.75,0.7666666666666667,0.71875,0.8
1845000,0.35,0.7142857142857143,0.7666666666666667,0.71875,0.85
1845300,0.45,0.7142857142857143,0.8,0.6875,0.85
1845600,0.45,0.7142857142857143,0.8,0.65625,0.9
1845900,0.55,0.7142857142857143,0.7333333333333333,0.6875,0.9
1846200,0.6,0.7142857142857143,0.7,0.75,0.85
1846500,0.6,0.7142857142857143,0.6666666666666666,0.71875,0.9
1846800,0.6,0.75,0.6333333333333333,0.78125,0.9
1847100,0.6,0.7857142857142857,0.7,0.75,0.9
1847400,0.6,0.8214285714285714,0.6333333333333333,0.71875,0.9
1847700,0.55,0.7857142857142857,0.6333333333333333,0.78125,0.9
1848000,0.75,0.7857142857142857,0.6,0.8125,0.9
1848300,0.75,0.7857142857142857,0.6,0.8125,0.9
1848600,0.75,0.7857142857142857,0.4666666666666667,0.75,0.85
1848900,0.8,0.7857142857142857,0.4,0.78125,0.85
1849200,0.75,0.7857142857142857,0.3333333333333333,0.71875,0.75
1849500,0.8,0.7857142857142857,0.36666666666666664,0.71875,0.75
1849800,0.9,0.75,0.3,0.65625,0.75
1850100,0.9,0.7857142857142857,0.3,0.65625,0.7
1850400,0.85,0.7857142857142857,0.36666666666666664,0.65625,0.65
1850700,0.8,0.75,0.4666666666666667,0.75,0.65
1851000,0.75,0.75,0.43333333333333335,0.8125,0.7
1851300,0.75,0.75,0.43333333333333335,0.8125,0.75
1851600,0.65,0.7142857142857143,0.43333333333333335,0.84375,0.75
1851900,0.6,0.7142857142857143,0.5333333333333333,0.84375,0.75
1852200,0.55,0.7857142857142857,0.5333333333333333,0.8125,0.75
1852500,0.55,0.75,0.5333333333333333,0.78125,0.75
1852800,0.45,0.7857142857142857,0.5666666666666667,0.78125,0.75
1853100,0.45,0.8214285714285714,0.5333333333333333,0.75,0.7
1853400,0.5,0.75,0.5666666666666667,0.84375,0.75
1853700,0.55,0.75,0.6,0.875,0.75
1854000,0.55,0.75,0.6333333333333333,0.84375,0.7
1854300,0.55,0.75,0.6,0.84375,0.65
1854600,0.55,0.75,0.5666666666666667,0.875,0.75
1854900,0.55,0.7857142857142857,0.6,0.875,0.7
1855200,0.65,0.75,0.5,0.84375,0.7
1855500,0.65,0.75,0.4666666666666667,0.84375,0.7
1855800,0.6,0.75,0.5,0.8125,0.75
1856100,0.65,0.7142857142857143,0.0,0.0,0.0
1856400,0.65,0.7857142857142857,0.4,0.84375,0.65
1856700,0.65,0.7142857142857143,0.4,0.875,0.6
1857000,0.65,0.7142857142857143,0.43333333333333335,0.875,0.45
1857300,0.45,0.7142857142857143,0.5,0.8125,0.4
1857600,0.25,0.6428571428571429,0.13333333333333333,0.8125,0.25
1857900,0.0,0.4642857142857143,0.1,0.6875,0.15
1858200,0.05,0.35714285714285715,0.06666666666666667,0.65625,0.15
1858500,0.05,0.32142857142857145,0.13333333333333333,0.625,0.15
1858800,0.0,0.21428571428571427,0.13333333333333333,0.5,0.1
1859100,0.05,0.14285714285714285,0.06666666666666667,0.375,0.15
1859400,0.05,0.10714285714285714,0.06666666666666667,0.34375,0.05
1859700,0.05,0.14285714285714285,0.1,0.25,0.1
1860000,0.05,0.07142857142857142,0.16666666666666666,0.25,0.05
1860300,0.05,0.14285714285714285,0.1,0.1875,0.15
1860600,0.0,0.10714285714285714,0.13333333333333333,0.125,0.2
1860900,0.0,0.17857142857142858,0.03333333333333333,0.03125,0.2
1861200,0.05,0.25,0.03333333333333333,0.03125,0.2
1861500,0.0,0.25,0.06666666666666667,0.0625,0.2
1861800,0.05,0.32142857142857145,0.13333333333333333,0.0,0.2
1862100,0.1,0.32142857142857145,0.1,0.03125,0.05
1862400,0.2,0.32142857142857145,0.03333333333333333,0.09375,0.1
1862700,0.25,0.25,0.16666666666666666,0.0625,0.1
1863000,0.25,0.21428571428571427,0.2,0.09375,0.05
1863300,0.35,0.21428571428571427,0.0,0.0,0.0
1863600,0.4,0.17857142857142858,0.16666666666666666,0.09375,0.05
1863900,0.5,0.32142857142857145,0.16666666666666666,0.09375,0.15
1864200,0.5,0.32142857142857145,0.16666666666666666,0.03125,0.25
1864500,0.5,0.35714285714285715,0.2,0.15625,0.1
1864800,0.4,0.42857142857142855,0.23333333333333334,0.25,0.15
1865100,0.5,0.5,0.43333333333333335,0.40625,0.25
1865400,0.55,0.5714285714285714,0.4666666666666667,0.5,0.3
1865700,0.6,0.5714285714285714,0.4666666666666667,0.53125,0.4
1866000,0.6,0.6071428571428571,0.43333333333333335,0.59375,0.45
1866300,0.7,0.6428571428571429,0.36666666666666664,0.625,0.45
1866600,0.8,0.6428571428571429,0.3333333333333333,0.65625,0.5
1866900,0.8,0.6785714285714286,0.4666666666666667,0.6875,0.5
1867200,0.7,0.6785714285714286,0.43333333333333335,0.6875,0.55
1867500,0.7,0.75,0.5,0.625,0.45
1867800,0.8,0.75,0.5666666666666667,0.625,0.45
1868100,0.8,0.75,0.5333333333333333,0.65625,0.65
1868400,0.65,0.7142857142857143,0.5,0.65625,0.7
1868700,0.55,0.75,0.5666666666666667,0.65625,0.8
1869000,0.7,0.7142857142857143,0.6,0.65625,0.85
1869300,0.7,0.7142857142857143,0.7,0.6875,0.85
1869600,0.6,0.7857142857142857,0.6333333333333333,0.65625,0.85
1869900,0.6,0.6785714285714286,0.6333333333333333,0.65625,0.8
1870200,0.65,0.6785714285714286,0.5666666666666667,0.71875,0.8
1870500,0.6,0.6785714285714286,0.5,0.75,0.8
1870800,0.6,0.6428571428571429,0.5666666666666667,0.75,0.65
1871100,0.65,0.6428571428571429,0.6,0.75,0.65
1871400,0.65,0.7857142857142857,0.5666666666666667,0.8125,0.65
1871700,0.7,0.7857142857142857,0.5666666666666667,0.8125,0.65
1872000,0.7,0.7857142857142857,0.6333333333333333,0.875,0.65
1872300,0.7,0.8214285714285714,0.6333333333333333,0.875,0.7
1872600,0.75,0.8214285714285714,0.5666666666666667,0.90625,0.7
1872900,0.75,0.8214285714285714,0.5333333333333333,0.90625,0.65
1873200,0.75,0.8214285714285714,0.5666666666666667,0.90625,0.7
1873500,0.75,0.8214285714285714,0.5333333333333333,0.84375,0.65
1873800,0.7,0.8214285714285714,0.5333333333333333,0.84375,0.7
1874100,0.7,0.8214285714285714,0.4666666666666667,0.875,0.75
1874400,0.7,0.8214285714285714,0.4666666666666667,0.875,0.75
1874700,0.7,0.8214285714285714,0.4666666666666667,0.875,0.75
1875000,0.5,0.8571428571428571,0.6,0.9375,0.6
1875300,0.5,0.8571428571428571,0.6333333333333333,0.90625,0.6
1875600,0.55,0.8214285714285714,0.6,0.9375,0.65
1875900,0.55,0.8214285714285714,0.6,0.9375,0.6
1876200,0.5,0.8214285714285714,0.7,0.9375,0.7
1876500,0.55,0.8214285714285714,0.7,0.9375,0.85
1876800,0.55,0.8214285714285714,0.8,0.9375,0.8
1877100,0.45,0.7857142857142857,0.8333333333333334,0.9375,0.8
1877400,0.4,0.8214285714285714,0.8,0.96875,0.7
1877700,0.5,0.7857142857142857,0.8,0.96875,0.7
1878000,0.4,0.7857142857142857,0.0,0.0,0.0
1878300,0.4,0.7857142857142857,0.7666666666666667,0.96875,0.65
1878600,0.45,0.8214285714285714,0.7666666666666667,0.9375,0.7
1878900,0.6,0.8214285714285714,0.7333333333333333,0.90625,0.75
1879200,0.65,0.8214285714285714,0.7,0.875,0.7
1879500,0.65,0.8571428571428571,0.8,0.875,0.7
1879800,0.55,0.8571428571428571,0.8333333333333334,0.875,0.7
1880100,0.45,0.8571428571428571,0.8333333333333334,0.875,0.75
1880400,0.55,0.8928571428571429,0.8333333333333334,0.84375,0.75
1880700,0.5,0.8928571428571429,0.8333333333333334,0.84375,0.75
1881000,0.5,0.8928571428571429,0.8333333333333334,0.75,0.8
1881300,0.5,0.8928571428571429,0.7666666666666667,0.75,0.9
1881600,0.5,0.8214285714285714,0.7666666666666667,0.75,0.95
1881900,0.55,0.8214285714285714,0.7333333333333333,0.71875,0.9
1882200,0.55,0.8214285714285714,0.7666666666666667,0.75,0.9
1882500,0.5,0.8214285714285714,0.7666666666666667,0.75,0.9
1882800,0.6,0.8214285714285714,0.7666666666666667,0.75,0.85
1883100,0.6,0.8214285714285714,0.7666666666666667,0.78125,0.85
1883400,0.6,0.8571428571428571,0.7333333333333333,0.8125,0.8
1883700,0.55,0.8571428571428571,0.7,0.8125,0.8
1884000,0.45,0.8571428571428571,0.7,0.71875,0.75
1884300,0.45,0.8571428571428571,0.5,0.75,0.65
1884600,0.3,0.8571428571428571,0.43333333333333335,0.71875,0.7
1884900,0.25,0.8928571428571429,0.5,0.6875,0.6
1885200,0.3,0.8571428571428571,0.3333333333333333,0.65625,0.55
1885500,0.35,0.8571428571428571,0.43333333333333335,0.65625,0.45
1885800,0.45,0.8571428571428571,0.36666666666666664,0.6875,0.45
1886100,0.4,0.8571428571428571,0.36666666666666664,0.65625,0.4
1886400,0.4,0.8571428571428571,0.36666666666666664,0.59375,0.35
1886700,0.4,0.8214285714285714,0.3,0.59375,0.4
1887000,0.45,0.7857142857142857,0.36666666666666664,0.625,0.4
1887300,0.5,0.75,0.3333333333333333,0.59375,0.4
1887600,0.35,0.6785714285714286,0.4,0.625,0.45
1887900,0.4,0.7142857142857143,0.3,0.65625,0.45
1888200,0.25,0.7142857142857143,0.36666666666666664,0.625,0.35
1888500,0.35,0.6785714285714286,0.36666666666666664,0.59375,0.4
1888800,0.4,0.75,0.4,0.59375,0.45
1889100,0.5,0.75,0.3333333333333333,0.5625,0.4
1889400,0.35,0.75,0.36666666666666664,0.5625,0.4
1889700,0.3,0.75,0.3,0.5625,0.4
1890000,0.25,0.7857142857142857,0.3333333333333333,0.5625,0.45
1890300,0.2,0.7857142857142857,0.4,0.53125,0.4
1890600,0.15,0.7142857142857143,0.4666666666666667,0.5625,0.45
1890900,0.15,0.6071428571428571,0.6,0.59375,0.5
1891200,0.15,0.5714285714285714,0.6333333333333333,0.59375,0.5
1891500,0.25,0.5357142857142857,0.5666666666666667,0.5625,0.45
1891800,0.3,0.5357142857142857,0.5666666666666667,0.5625,0.55
1892100,0.25,0.5714285714285714,0.7,0.65625,0.55
1892400,0.25,0.5357142857142857,0.7666666666666667,0.6875,0.6
1892700,0.4,0.5714285714285714,0.8,0.75,0.55
1893000,0.35,0.5357142857142857,0.8666666666666667,0.75,0.65
1893300,0.45,0.5714285714285714,0.8666666666666667,0.75,0.6
1893600,0.3,0.6785714285714286,0.8666666666666667,0.6875,0.65
1893900,0.45,0.6785714285714286,0.7666666666666667,0.65625,0.55
1894200,0.4,0.7142857142857143,0.8,0.75,0.6
1894500,0.35,0.7142857142857143,0.7666666666666667,0.75,0.6
1894800,0.45,0.7142857142857143,0.8,0.71875,0.5
1895100,0.4,0.7857142857142857,0.8,0.6875,0.6
1895400,0.3,0.7857142857142857,0.8,0.6875,0.65
1895700,0.35,0.7857142857142857,0.8,0.65625,0.75
1896000,0.35,0.7857142857142857,0.8666666666666667,0.78125,0.7
1896300,0.3,0.7857142857142857,0.9,0.8125,0.6
1896600,0.4,0.7857142857142857,0.9,0.84375,0.6
1896900,0.4,0.7857142857142857,0.9,0.875,0.65
1897200,0.45,0.8214285714285714,0.9,0.84375,0.7
1897500,0.5,0.7857142857142857,0.8666666666666667,0.8125,0.7
1897800,0.55,0.7857142857142857,0.9,0.8125,0.7
1898100,0.65,0.7142857142857143,0.9,0.8125,0.7
1898400,0.55,0.7142857142857143,0.9333333333333333,0.84375,0.65
1898700,0.6,0.7142857142857143,0.9333333333333333,0.875,0.65
1899000,0.65,0.7142857142857143,0.8666666666666667,0.8125,0.7
1899300,0.65,0.7142857142857143,0.8333333333333334,0.84375,0.55
1899600,0.75,0.6428571428571429,0.8,0.8125,0.0
1899900,0.7,0.6785714285714286,0.0,0.0,0.0
1900200,0.65,0.7142857142857143,0.8,0.8125,0.7
1900500,0.65,0.7142857142857143,0.7666666666666667,0.78125,0.65
1900800,0.65,0.7142857142857143,0.7,0.71875,0.65
1901100,0.6,0.6071428571428571,0.6333333333333333,0.59375,0.65
1901400,0.0,0.5714285714285714,0.5666666666666667,0.46875,0.55
1901700,0.0,0.5714285714285714,0.5,0.40625,0.5
1902000,0.0,0.4642857142857143,0.36666666666666664,0.25,0.35
1902300,0.0,0.4642857142857143,0.3,0.1875,0.25
1902600,0.0,0.42857142857142855,0.3,0.1875,0.15
1902900,0.0,0.35714285714285715,0.26666666666666666,0.1875,0.05
1903200,0.0,0.35714285714285715,0.23333333333333334,0.125,0.1
1903500,0.0,0.39285714285714285,0.3333333333333333,0.03125,0.05
1903800,0.55,0.32142857142857145,0.3,0.0625,0.1
1904100,0.65,0.35714285714285715,0.26666666666666666,0.0625,0.1
1904400,0.6,0.35714285714285715,0.2,0.09375,0.15
1904700,0.55,0.32142857142857145,0.23333333333333334,0.09375,0.1
1905000,0.55,0.32142857142857145,0.16666666666666666,0.09375,0.15
1905300,0.5,0.2857142857142857,0.16666666666666666,0.25,0.25
1905600,0.4,0.32142857142857145,0.13333333333333333,0.125,0.3
1905900,0.35,0.35714285714285715,0.0,0.09375,0.1
1906200,0.3,0.2857142857142857,0.03333333333333333,0.0625,0.05
1906500,0.25,0.32142857142857145,0.03333333333333333,0.03125,0.25
1906800,0.25,0.32142857142857145,0.06666666666666667,0.125,0.2
1907100,0.25,0.32142857142857145,0.06666666666666667,0.125,0.15
1907400,0.25,0.32142857142857145,0.0,0.125,0.1
1907700,0.25,0.42857142857142855,0.1,0.03125,0.05
1908000,0.2,0.32142857142857145,0.1,0.03125,0.05
1908300,0.15,0.35714285714285715,0.03333333333333333,0.09375,0.15
1908600,0.1,0.35714285714285715,0.1,0.03125,0.2
1908900,0.1,0.32142857142857145,0.1,0.125,0.1
1909200,0.15,0.2857142857142857,0.0,0.125,0.0
1909500,0.15,0.21428571428571427,0.03333333333333333,0.09375,0.15
1909800,0.25,0.10714285714285714,0.03333333333333333,0.1875,0.2
1910100,0.2,0.17857142857142858,0.0,0.1875,0.25
1910400,0.2,0.14285714285714285,0.03333333333333333,0.125,0.3
1910700,0.2,0.21428571428571427,0.03333333333333333,0.09375,0.35
1911000,0.3,0.17857142857142858,0.1,0.09375,0.25
1911300,0.3,0.10714285714285714,0.06666666666666667,0.0625,0.2
1911600,0.25,0.14285714285714285,0.03333333333333333,0.0625,0.3
1911900,0.25,0.17857142857142858,0.0,0.0,0.3
1912200,0.25,0.25,0.06666666666666667,0.03125,0.25
1912500,0.3,0.25,0.06666666666666667,0.0,0.15
1912800,0.45,0.25,0.03333333333333333,0.03125,0.1
1913100,0.4,0.32142857142857145,0.0,0.0625,0.05
1913400,0.4,0.32142857142857145,0.1,0.0625,0.1
1913700,0.35,0.2857142857142857,0.03333333333333333,0.09375,0.0
1914000,0.45,0.32142857142857145,0.06666666666666667,0.09375,0.0
1914300,0.4,0.2857142857142857,0.0,0.0,0.0
1914600,0.25,0.2857142857142857,0.06666666666666667,0.09375,0.1
1914900,0.15,0.32142857142857145,0.06666666666666667,0.0625,0.0
1915200,0.05,0.35714285714285715,0.13333333333333333,0.125,0.0
1915500,0.0,0.32142857142857145,0.16666666666666666,0.0625,0.15
1915800,0.05,0.2857142857142857,0.1,0.0625,0.2
1916100,0.1,0.2857142857142857,0.1,0.0625,0.45
1916400,0.1,0.2857142857142857,0.1,0.03125,0.2
1916700,0.15,0.21428571428571427,0.1,0.03125,0.1
1917000,0.1,0.17857142857142858,0.1,0.03125,0.2
1917300,0.1,0.14285714285714285,0.06666666666666667,0.03125,0.2
1917600,0.25,0.03571428571428571,0.1,0.03125,0.1
1917900,0.15,0.03571428571428571,0.03333333333333333,0.0625,0.1
1918200,0.1,0.14285714285714285,0.1,0.09375,0.25
1918500,0.05,0.14285714285714285,0.1,0.03125,0.2
1918800,0.05,0.17857142857142858,0.1,0.03125,0.05
1919100,0.1,0.21428571428571427,0.06666666666666667,0.0625,0.1
1919400,0.05,0.2857142857142857,0.1,0.03125,0.1
1919700,0.05,0.2857142857142857,0.13333333333333333,0.09375,0.0
1920000,0.1,0.25,0.06666666666666667,0.125,0.15
1920300,0.15,0.25,0.13333333333333333,0.0625,0.2
1920600,0.1,0.21428571428571427,0.26666666666666666,0.0,0.15
1920900,0.15,0.25,0.16666666666666666,0.0625,0.2
1921200,0.2,0.25,0.06666666666666667,0.0,0.1
1921500,0.2,0.2857142857142857,0.06666666666666667,0.0625,0.2
1921800,0.2,0.32142857142857145,0.0,0.0,0.0
1922100,0.15,0.32142857142857145,0.13333333333333333,0.03125,0.1
1922400,0.15,0.25,0.13333333333333333,0.0,0.05
1922700,0.2,0.2857142857142857,0.1,0.0625,0.05
1923000,0.15,0.25,0.13333333333333333,0.0625,0.2
1923300,0.1,0.21428571428571427,0.13333333333333333,0.0625,0.1
1923600,0.05,0.21428571428571427,0.16666666666666666,0.0,0.05
1923900,0.05,0.25,0.23333333333333334,0.0625,0.05
1924200,0.1,0.21428571428571427,0.13333333333333333,0.0625,0.1
1924500,0.1,0.17857142857142858,0.1,0.0625,0.1
1924800,0.15,0.25,0.13333333333333333,0.03125,0.0
1925100,0.15,0.14285714285714285,0.1,0.03125,0.05
1925400,0.1,0.21428571428571427,0.1,0.0625,0.05
1925700,0.15,0.21428571428571427,0.06666666666666667,0.09375,0.2
1926000,0.2,0.2857142857142857,0.06666666666666667,0.03125,0.25
1926300,0.15,0.21428571428571427,0.06666666666666667,0.03125,0.15
1926600,0.0,0.25,0.1,0.09375,0.1
1926900,0.05,0.21428571428571427,0.3,0.0625,0.0
1927200,0.05,0.25,0.06666666666666667,0.03125,0.1
1927500,0.1,0.2857142857142857,0.06666666666666667,0.0625,0.2
1927800,0.1,0.39285714285714285,0.1,0.0,0.1
1928100,0.25,0.42857142857142855,0.13333333333333333,0.0625,0.0
1928400,0.2,0.42857142857142855,0.06666666666666667,0.03125,0.05
1928700,0.05,0.42857142857142855,0.13333333333333333,0.03125,0.15
1929000,0.05,0.39285714285714285,0.0,0.0,0.0
1929300,0.0,0.39285714285714285,0.13333333333333333,0.09375,0.15
1929600,0.0,0.42857142857142855,0.16666666666666666,0.03125,0.1
1929900,0.15,0.42857142857142855,0.23333333333333334,0.03125,0.1
1930200,0.1,0.4642857142857143,0.3333333333333333,0.03125,0.25
1930500,0.2,0.42857142857142855,0.3333333333333333,0.15625,0.35
1930800,0.35,0.42857142857142855,0.36666666666666664,0.21875,0.4
1931100,0.35,0.39285714285714285,0.5,0.28125,0.4
1931400,0.3,0.42857142857142855,0.6,0.375,0.5
1931700,0.35,0.4642857142857143,0.7,0.4375,0.55
1932000,0.35,0.4642857142857143,0.7333333333333333,0.53125,0.55
1932300,0.4,0.4642857142857143,0.7666666666666667,0.59375,0.55
1932600,0.4,0.5,0.8333333333333334,0.59375,0.7
1932900,0.4,0.5,0.8,0.71875,0.75
1933200,0.4,0.4642857142857143,0.8,0.78125,0.75
1933500,0.4,0.4642857142857143,0.8,0.71875,0.7
1933800,0.4,0.5,0.7666666666666667,0.8125,0.75
1934100,0.55,0.5,0.7666666666666667,0.78125,0.75
1934400,0.65,0.5,0.7666666666666667,0.84375,0.7
1934700,0.65,0.42857142857142855,0.7333333333333333,0.84375,0.7
1935000,0.6,0.4642857142857143,0.7,0.78125,0.65
1935300,0.65,0.5,0.7,0.78125,0.65
1935600,0.6,0.5,0.6666666666666666,0.78125,0.65
1935900,0.65,0.4642857142857143,0.6666666666666666,0.8125,0.65
1936200,0.7,0.4642857142857143,0.6666666666666666,0.78125,0.65
1936500,0.7,0.5,0.7333333333333333,0.78125,0.55
1936800,0.7,0.4642857142857143,0.7,0.8125,0.65
1937100,0.75,0.4642857142857143,0.7333333333333333,0.875,0.85
1937400,0.8,0.5357142857142857,0.8,0.84375,0.85
1937700,0.8,0.5714285714285714,0.8333333333333334,0.875,0.8
1938000,0.85,0.5714285714285714,0.9,0.9375,0.85
1938300,0.75,0.5714285714285714,0.9,0.9375,0.85
1938600,0.75,0.5714285714285714,0.9,0.90625,0.85
1938900,0.7,0.5357142857142857,0.9333333333333333,0.90625,0.85
1939200,0.7,0.5357142857142857,0.9666666666666667,0.9375,0.85
1939500,0.7,0.5714285714285714,1.0,0.9375,0.8
1939800,0.7,0.5714285714285714,1.0,0.9375,0.8
1940100,0.65,0.5714285714285714,1.0,0.9375,0.75
1940400,0.65,0.6071428571428571,1.0,0.9375,0.85
1940700,0.55,0.6428571428571429,1.0,0.9375,0.85
1941000,0.4,0.6428571428571429,1.0,0.9375,0.9
1941300,0.4,0.6071428571428571,0.9666666666666667,0.96875,0.9
1941600,0.4,0.6428571428571429,0.9666666666666667,0.96875,0.85
1941900,0.4,0.6428571428571429,0.9666666666666667,0.96875,0.85
1942200,0.45,0.6071428571428571,0.9666666666666667,0.96875,0.85
1942500,0.45,0.6071428571428571,0.9666666666666667,0.9375,0.85
1942800,0.55,0.6071428571428571,0.9666666666666667,0.9375,0.85
1943100,0.55,0.6428571428571429,0.9666666666666667,0.9375,0.85
1943400,0.6,0.6071428571428571,0.8666666666666667,0.90625,0.9
1943700,0.6,0.6071428571428571,0.8333333333333334,0.875,0.9
1944000,0.5,0.6071428571428571,0.8333333333333334,0.875,0.9
1944300,0.5,0.6071428571428571,0.8333333333333334,0.875,0.9
1944600,0.35,0.5357142857142857,0.7666666666666667,0.8125,0.75
1944900,0.35,0.5357142857142857,0.7333333333333333,0.78125,0.75
1945200,0.25,0.5,0.7666666666666667,0.75,0.55
1945500,0.3,0.5,0.6666666666666666,0.65625,0.45
1945800,0.3,0.4642857142857143,0.7,0.59375,0.4
1946100,0.3,0.4642857142857143,0.6333333333333333,0.5625,0.35
1946400,0.2,0.5,0.6666666666666666,0.46875,0.35
1946700,0.25,0.5,0.6333333333333333,0.4375,0.1
1947000,0.35,0.5,0.6,0.375,0.1
1947300,0.25,0.5,0.5666666666666667,0.34375,0.0
1947600,0.2,0.4642857142857143,0.5666666666666667,0.25,0.0
1947900,0.2,0.4642857142857143,0.5333333333333333,0.25,0.15
1948200,0.2,0.4642857142857143,0.5333333333333333,0.21875,0.05
1948500,0.2,0.5357142857142857,0.5333333333333333,0.21875,0.2
1948800,0.25,0.4642857142857143,0.5666666666666667,0.125,0.15
1949100,0.1,0.42857142857142855,0.5666666666666667,0.21875,0.25
1949400,0.1,0.35714285714285715,0.5666666666666667,0.21875,0.2
1949700,0.05,0.39285714285714285,0.5666666666666667,0.34375,0.05
1950000,0.05,0.35714285714285715,0.5333333333333333,0.34375,0.0
1950300,0.25,0.32142857142857145,0.5666666666666667,0.40625,0.1
1950600,0.25,0.35714285714285715,0.0,0.34375,0.0
1950900,0.25,0.39285714285714285,0.0,0.0,0.0
1951200,0.25,0.35714285714285715,0.7333333333333333,0.53125,0.1
1951500,0.45,0.2857142857142857,0.7333333333333333,0.4375,0.25
1951800,0.45,0.2857142857142857,0.7666666666666667,0.40625,0.3
1952100,0.35,0.35714285714285715,0.8666666666666667,0.53125,0.35
1952400,0.3,0.39285714285714285,0.8666666666666667,0.5625,0.4
1952700,0.35,0.5,0.9,0.5625,0.45
1953000,0.45,0.5714285714285714,0.9,0.625,0.45
1953300,0.45,0.5714285714285714,0.9,0.5625,0.5
1953600,0.5,0.5714285714285714,0.9,0.625,0.55
1953900,0.55,0.5357142857142857,0.9,0.71875,0.8
1954200,0.55,0.5714285714285714,0.9333333333333333,0.71875,0.8
1954500,0.55,0.6071428571428571,0.9333333333333333,0.78125,0.85
1954800,0.6,0.6428571428571429,0.9333333333333333,0.75,0.9
1955100,0.5,0.6071428571428571,0.9,0.75,0.9
1955400,0.5,0.5714285714285714,0.9333333333333333,0.78125,0.9
1955700,0.5,0.5714285714285714,0.9333333333333333,0.8125,0.85
1956000,0.45,0.5714285714285714,0.9,0.84375,0.85
1956300,0.35,0.5714285714285714,0.9,0.84375,0.85
1956600,0.45,0.6071428571428571,0.8666666666666667,0.90625,0.9
1956900,0.4,0.6785714285714286,0.8666666666666667,0.90625,0.9
1957200,0.35,0.6071428571428571,0.8666666666666667,0.90625,0.9
1957500,0.3,0.6071428571428571,0.8666666666666667,0.90625,0.95
1957800,0.3,0.6428571428571429,0.9,0.84375,0.95
1958100,0.3,0.6428571428571429,0.0,0.0,0.0
1958400,0.35,0.6785714285714286,0.8333333333333334,0.875,0.8
1958700,0.35,0.6785714285714286,0.8333333333333334,0.875,0.8
1959000,0.4,0.6071428571428571,0.8333333333333334,0.8125,0.85
1959300,0.3,0.6071428571428571,0.8333333333333334,0.8125,0.9
1959600,0.35,0.6071428571428571,0.8333333333333334,0.78125,0.9
1959900,0.35,0.6071428571428571,0.8333333333333334,0.8125,0.9
1960200,0.4,0.6428571428571429,0.9,0.8125,1.0
1960500,0.3,0.6428571428571429,0.9,0.8125,0.85
1960800,0.35,0.6428571428571429,0.9333333333333333,0.8125,0.85
1961100,0.3,0.6428571428571429,0.9333333333333333,0.8125,0.8
1961400,0.3,0.6428571428571429,0.9333333333333333,0.84375,0.75
1961700,0.3,0.6428571428571429,0.9,0.84375,0.8
1962000,0.3,0.6428571428571429,0.8666666666666667,0.875,0.85
1962300,0.35,0.6428571428571429,0.8666666666666667,0.875,0.85
1962600,0.6,0.6785714285714286,0.8666666666666667,0.875,0.95
1962900,0.5,0.6785714285714286,0.8333333333333334,0.875,0.95
1963200,0.45,0.6785714285714286,0.7666666666666667,0.875,0.85
1963500,0.6,0.7142857142857143,0.7666666666666667,0.875,0.85
1963800,0.75,0.7142857142857143,0.7666666666666667,0.9375,0.75
1964100,0.75,0.7142857142857143,0.7666666666666667,0.9375,0.75
1964400,0.75,0.7142857142857143,0.8,0.9375,0.8
1964700,0.7,0.7142857142857143,0.8,0.9375,0.8
1965000,0.6,0.7142857142857143,0.8666666666666667,0.9375,0.8
1965300,0.6,0.7142857142857143,0.8333333333333334,0.96875,0.85
1965600,0.6,0.7142857142857143,0.9,0.96875,0.85
1965900,0.65,0.7142857142857143,0.9,0.96875,0.9
1966200,0.6,0.7142857142857143,0.8666666666666667,0.96875,0.9
1966500,0.65,0.7142857142857143,0.8666666666666667,0.9375,0.9
1966800,0.65,0.7142857142857143,0.8666666666666667,0.9375,0.9
1967100,0.7,0.7142857142857143,0.8666666666666667,0.96875,0.85
1967400,0.6,0.6785714285714286,0.8666666666666667,0.96875,0.85
1967700,0.75,0.6428571428571429,0.9333333333333333,0.96875,0.9
1968000,0.75,0.6428571428571429,0.9666666666666667,0.9375,0.85
1968300,0.65,0.6428571428571429,0.9666666666666667,0.96875,0.8
1968600,0.65,0.6428571428571429,0.9666666666666667,0.96875,0.8
1968900,0.55,0.6071428571428571,0.9666666666666667,1.0,0.8
1969200,0.6,0.6071428571428571,0.9333333333333333,1.0,0.65
1969500,0.5,0.6071428571428571,0.8333333333333334,0.96875,0.55
1969800,0.45,0.6071428571428571,0.8,0.90625,0.55
1970100,0.45,0.6071428571428571,0.7333333333333333,0.90625,0.5
1970400,0.25,0.6071428571428571,0.6,0.8125,0.5
1970700,0.15,0.6071428571428571,0.5,0.8125,0.4
1971000,0.1,0.5357142857142857,0.4666666666666667,0.75,0.35
1971300,0.1,0.5,0.36666666666666664,0.65625,0.3
1971600,0.15,0.5,0.3,0.6875,0.35
1971900,0.1,0.5,0.43333333333333335,0.6875,0.25
1972200,0.15,0.4642857142857143,0.4666666666666667,0.6875,0.35
1972500,0.1,0.4642857142857143,0.3333333333333333,0.65625,0.45
1972800,0.1,0.4642857142857143,0.0,0.0,0.0
1973100,0.1,0.4642857142857143,0.4666666666666667,0.75,0.2
1973400,0.2,0.4642857142857143,0.5,0.71875,0.25
1973700,0.1,0.42857142857142855,0.5666666666666667,0.71875,0.25
1974000,0.1,0.42857142857142855,0.6333333333333333,0.6875,0.3
1974300,0.2,0.42857142857142855,0.8,0.65625,0.3
1974600,0.25,0.4642857142857143,0.7666666666666667,0.6875,0.3
1974900,0.3,0.5,0.8,0.65625,0.35
1975200,0.35,0.5,0.8,0.5625,0.35
1975500,0.4,0.5714285714285714,0.8,0.5625,0.4
1975800,0.3,0.5,0.8333333333333334,0.53125,0.5
1976100,0.2,0.5,0.8333333333333334,0.53125,0.5
1976400,0.25,0.4642857142857143,0.8333333333333334,0.5625,0.5
1976700,0.35,0.4642857142857143,0.9,0.59375,0.6
1977000,0.3,0.4642857142857143,0.9,0.6875,0.6
1977300,0.35,0.5,0.8666666666666667,0.6875,0.55
1977600,0.35,0.5,0.8666666666666667,0.6875,0.55
1977900,0.35,0.5,0.8666666666666667,0.65625,0.65
1978200,0.35,0.42857142857142855,0.8,0.71875,0.75
1978500,0.3,0.4642857142857143,0.8,0.75,0.7
1978800,0.35,0.42857142857142855,0.7666666666666667,0.75,0.7
1979100,0.4,0.4642857142857143,0.8,0.8125,0.65
1979400,0.4,0.4642857142857143,0.8,0.78125,0.55
1979700,0.4,0.5,0.8,0.8125,0.6
1980000,0.4,0.5,0.8,0.8125,0.65
1980300,0.45,0.5,0.7666666666666667,0.875,0.65
1980600,0.5,0.5357142857142857,0.8666666666666667,0.875,0.8
1980900,0.55,0.5357142857142857,0.8333333333333334,0.875,0.8
1981200,0.55,0.5357142857142857,0.8333333333333334,0.9375,0.8
1981500,0.55,0.6071428571428571,0.8333333333333334,0.9375,0.8
1981800,0.65,0.5714285714285714,0.8666666666666667,0.84375,0.8
1982100,0.75,0.5714285714285714,0.8333333333333334,0.84375,0.8
1982400,0.6,0.4642857142857143,0.8333333333333334,0.84375,0.8
1982700,0.65,0.5,0.8333333333333334,0.84375,0.8
1983000,0.65,0.4642857142857143,0.8,0.84375,0.8
1983300,0.7,0.5,0.7666666666666667,0.8125,0.8
1983600,0.65,0.4642857142857143,0.7666666666666667,0.78125,0.8
1983900,0.7,0.39285714285714285,0.6666666666666666,0.78125,0.8
1984200,0.65,0.32142857142857145,0.6666666666666666,0.75,0.8
1984500,0.65,0.42857142857142855,0.6333333333333333,0.65625,0.8
1984800,0.7,0.42857142857142855,0.6666666666666666,0.65625,0.8
1985100,0.7,0.4642857142857143,0.6666666666666666,0.625,0.8
1985400,0.7,0.4642857142857143,0.6333333333333333,0.625,0.85
1985700,0.65,0.4642857142857143,0.6666666666666666,0.53125,0.85
1986000,0.65,0.5357142857142857,0.7,0.53125,0.8
1986300,0.7,0.5357142857142857,0.5333333333333333,0.5,0.8
1986600,0.7,0.4642857142857143,0.4666666666666667,0.46875,0.75
1986900,0.75,0.42857142857142855,0.5,0.375,0.6
1987200,0.7,0.42857142857142855,0.36666666666666664,0.375,0.4
1987500,0.6,0.35714285714285715,0.23333333333333334,0.25,0.1
1987800,0.5,0.35714285714285715,0.0,0.15625,0.15
1988100,0.5,0.25,0.0,0.125,0.1
1988400,0.4,0.14285714285714285,0.03333333333333333,0.125,0.05
1988700,0.4,0.10714285714285714,0.03333333333333333,0.09375,0.1
1989000,0.3,0.03571428571428571,0.03333333333333333,0.0625,0.05
1989300,0.35,0.07142857142857142,0.0,0.09375,0.0
1989600,0.4,0.03571428571428571,0.03333333333333333,0.03125,0.0
1989900,0.4,0.03571428571428571,0.06666666666666667,0.0,0.05
1990200,0.4,0.07142857142857142,0.16666666666666666,0.0625,0.05
1990500,0.35,0.14285714285714285,0.06666666666666667,0.15625,0.15
1990800,0.4,0.14285714285714285,0.03333333333333333,0.03125,0.05
1991100,0.45,0.03571428571428571,0.03333333333333333,0.0,0.0
1991400,0.5,0.14285714285714285,0.06666666666666667,0.09375,0.1
1991700,0.55,0.10714285714285714,0.13333333333333333,0.09375,0.15
1992000,0.55,0.03571428571428571,0.26666666666666666,0.09375,0.15
1992300,0.55,0.10714285714285714,0.23333333333333334,0.125,0.2
1992600,0.6,0.03571428571428571,0.3333333333333333,0.0,0.0
1992900,0.6,0.03571428571428571,0.36666666666666664,0.09375,0.15
1993200,0.65,0.10714285714285714,0.3,0.0625,0.15
1993500,0.65,0.10714285714285714,0.3,0.0625,0.15
1993800,0.6,0.17857142857142858,0.4,0.09375,0.25
1994100,0.55,0.21428571428571427,0.36666666666666664,0.15625,0.2
1994400,0.6,0.14285714285714285,0.26666666666666666,0.0625,0.25
1994700,0.55,0.14285714285714285,0.0,0.0,0.0
1995000,0.5,0.17857142857142858,0.3,0.09375,0.25
1995300,0.55,0.21428571428571427,0.4,0.15625,0.25
1995600,0.5,0.21428571428571427,0.43333333333333335,0.0625,0.2
1995900,0.5,0.21428571428571427,0.43333333333333335,0.0625,0.1
1996200,0.5,0.21428571428571427,0.4666666666666667,0.125,0.1
1996500,0.5,0.17857142857142858,0.43333333333333335,0.1875,0.15
1996800,0.5,0.2857142857142857,0.5,0.125,0.15
1997100,0.45,0.25,0.5333333333333333,0.15625,0.2
1997400,0.5,0.25,0.5,0.1875,0.25
1997700,0.55,0.32142857142857145,0.5333333333333333,0.1875,0.15
1998000,0.6,0.25,0.43333333333333335,0.28125,0.2
1998300,0.55,0.25,0.36666666666666664,0.34375,0.2
1998600,0.55,0.21428571428571427,0.3333333333333333,0.34375,0.4
1998900,0.35,0.17857142857142858,0.3,0.46875,0.35
1999200,0.25,0.25,0.26666666666666666,0.4375,0.35
1999500,0.3,0.32142857142857145,0.26666666666666666,0.40625,0.3
1999800,0.3,0.32142857142857145,0.16666666666666666,0.3125,0.15
2000100,0.35,0.39285714285714285,0.13333333333333333,0.34375,0.15
2000400,0.35,0.42857142857142855,0.13333333333333333,0.1875,0.1
2000700,0.3,0.39285714285714285,0.1,0.1875,0.15
2001000,0.25,0.32142857142857145,0.2,0.25,0.0
2001300,0.15,0.35714285714285715,0.16666666666666666,0.21875,0.05
2001600,0.1,0.39285714285714285,0.16666666666666666,0.1875,0.2
2001900,0.1,0.2857142857142857,0.0,0.0,0.0
2002200,0.15,0.35714285714285715,0.26666666666666666,0.21875,0.1
2002500,0.2,0.35714285714285715,0.23333333333333334,0.1875,0.15
2002800,0.25,0.32142857142857145,0.23333333333333334,0.21875,0.15
2003100,0.15,0.39285714285714285,0.3,0.25,0.2
2003400,0.2,0.39285714285714285,0.2,0.34375,0.15
2003700,0.25,0.42857142857142855,0.23333333333333334,0.40625,0.1
2004000,0.3,0.42857142857142855,0.2,0.40625,0.15
2004300,0.3,0.42857142857142855,0.36666666666666664,0.4375,0.15
2004600,0.25,0.42857142857142855,0.3,0.53125,0.05
2004900,0.35,0.4642857142857143,0.2,0.46875,0.1
2005200,0.3,0.5357142857142857,0.2,0.46875,0.0
2005500,0.25,0.5357142857142857,0.06666666666666667,0.5,0.1
2005800,0.2,0.5,0.1,0.46875,0.15
2006100,0.2,0.4642857142857143,0.13333333333333333,0.4375,0.05
2006400,0.2,0.5,0.2,0.4375,0.0
2006700,0.1,0.5,0.23333333333333334,0.375,0.1
2007000,0.2,0.5357142857142857,0.2,0.34375,0.1
2007300,0.2,0.5357142857142857,0.16666666666666666,0.3125,0.0
2007600,0.1,0.5714285714285714,0.1,0.3125,0.15
2007900,0.1,0.5714285714285714,0.2,0.34375,0.25
2008200,0.05,0.6428571428571429,0.2,0.25,0.3
2008500,0.15,0.6428571428571429,0.3,0.3125,0.15
2008800,0.15,0.6071428571428571,0.3333333333333333,0.34375,0.2
2009100,0.3,0.6071428571428571,0.3333333333333333,0.34375,0.25
2009400,0.3,0.6071428571428571,0.3333333333333333,0.375,0.25
2009700,0.25,0.6071428571428571,0.4,0.40625,0.25
2010000,0.3,0.5714285714285714,0.3333333333333333,0.25,0.35
2010300,0.35,0.5714285714285714,0.26666666666666666,0.40625,0.35
2010600,0.3,0.5714285714285714,0.3,0.3125,0.3
2010900,0.2,0.5714285714285714,0.3,0.28125,0.4
2011200,0.3,0.5357142857142857,0.23333333333333334,0.21875,0.35
2011500,0.25,0.5,0.36666666666666664,0.25,0.25
2011800,0.3,0.4642857142857143,0.4,0.125,0.3
2012100,0.25,0.39285714285714285,0.4666666666666667,0.125,0.2
2012400,0.25,0.35714285714285715,0.26666666666666666,0.21875,0.1
2012700,0.35,0.32142857142857145,0.23333333333333334,0.21875,0.2
2013000,0.3,0.35714285714285715,0.2,0.21875,0.25
2013300,0.2,0.2857142857142857,0.2,0.125,0.2
2013600,0.1,0.32142857142857145,0.13333333333333333,0.09375,0.1
2013900,0.3,0.35714285714285715,0.06666666666666667,0.15625,0.15
2014200,0.3,0.35714285714285715,0.16666666666666666,0.15625,0.1
2014500,0.3,0.35714285714285715,0.13333333333333333,0.15625,0.2
2014800,0.3,0.35714285714285715,0.16666666666666666,0.0625,0.05
2015100,0.3,0.39285714285714285,0.06666666666666667,0.03125,0.05
2015400,0.35,0.42857142857142855,0.06666666666666667,0.03125,0.05
2015700,0.35,0.39285714285714285,0.16666666666666666,0.03125,0.05
2016000,0.3,0.42857142857142855,0.16666666666666666,0.0,0.1
2016300,0.35,0.4642857142857143,0.23333333333333334,0.125,0.25
2016600,0.35,0.4642857142857143,0.3,0.0,0.45
2016900,0.3,0.4642857142857143,0.3,0.40625,0.45
2017200,0.35,0.4642857142857143,0.36666666666666664,0.4375,0.55
2017500,0.3,0.5,0.4,0.5625,0.7
2017800,0.35,0.5357142857142857,0.5,0.5,0.8
2018100,0.35,0.5357142857142857,0.5,0.53125,0.8
2018400,0.35,0.4642857142857143,0.5333333333333333,0.53125,0.9
2018700,0.4,0.4642857142857143,0.5333333333333333,0.59375,0.8
2019000,0.4,0.4642857142857143,0.6,0.625,0.8
2019300,0.4,0.4642857142857143,0.6,0.625,0.8
2019600,0.4,0.4642857142857143,0.6,0.625,0.8
2019900,0.4,0.4642857142857143,0.6,0.625,0.8
2020200,0.4,0.4642857142857143,0.6,0.625,0.8
2020500,0.4,0.4642857142857143,0.6,0.625,0.8
2020800,0.4,0.4642857142857143,0.6,0.625,0.8
2021100,0.4,0.4642857142857143,0.6,0.625,0.8
2021400,0.4,0.4642857142857143,0.6,0.625,0.8
2021700,0.4,0.4642857142857143,0.6,0.625,0.8
2022000,0.4,0.4642857142857143,0.6,0.625,0.8
2022300,0.4,0.4642857142857143,0.6,0.625,0.8
2022600,0.4,0.4642857142857143,0.6,0.625,0.8
2022900,0.4,0.4642857142857143,0.6,0.625,0.8
2023200,0.4,0.4642857142857143,0.6,0.625,0.8
2023500,0.4,0.4642857142857143,0.6,0.625,0.8
2023800,0.4,0.4642857142857143,0.6,0.625,0.8
2024100,0.4,0.4642857142857143,0.6,0.625,0.8
2024400,0.4,0.4642857142857143,0.6,0.625,0.8
2024700,0.4,0.4642857142857143,0.6,0.625,0.8
2025000,0.4,0.4642857142857143,0.6,0.625,0.8
2025300,0.4,0.4642857142857143,0.6,0.625,0.8
2025600,0.4,0.4642857142857143,0.6,0.625,0.8
2025900,0.4,0.4642857142857143,0.6,0.625,0.8
2026200,0.4,0.4642857142857143,0.6,0.625,0.8
2026500,0.4,0.4642857142857143,0.6,0.625,0.8
2026800,0.4,0.4642857142857143,0.6,0.625,0.8
2027100,0.4,0.4642857142857143,0.6,0.625,0.8
2027400,0.4,0.4642857142857143,0.6,0.625,0.8
2027700,0.4,0.4642857142857143,0.6,0.625,0.8
2028000,0.4,0.4642857142857143,0.6,0.625,0.8
2028300,0.4,0.4642857142857143,0.6,0.625,0.8
2028600,0.4,0.4642857142857143,0.6,0.625,0.8
2028900,0.4,0.4642857142857143,0.6,0.625,0.8
2029200,0.4,0.4642857142857143,0.6,0.625,0.8
2029500,0.4,0.4642857142857143,0.6,0.625,0.8
2029800,0.4,0.4642857142857143,0.6,0.625,0.8
2030100,0.4,0.4642857142857143,0.6,0.625,0.8
2030400,0.4,0.4642857142857143,0.6,0.625,0.8
2030700,0.4,0.4642857142857143,0.6,0.625,0.8
2031000,0.4,0.4642857142857143,0.6,0.625,0.8
2031300,0.4,0.4642857142857143,0.6,0.625,0.8
2031600,0.4,0.4642857142857143,0.6,0.625,0.8
2031900,0.4,0.4642857142857143,0.6,0.625,0.8
2032200,0.4,0.4642857142857143,0.6,0.625,0.8
2032500,0.4,0.4642857142857143,0.6,0.625,0.8
2032800,0.4,0.4642857142857143,0.6,0.625,0.8
2033100,0.4,0.4642857142857143,0.6,0.625,0.8
2033400,0.4,0.4642857142857143,0.6,0.625,0.8
2033700,0.4,0.4642857142857143,0.6,0.625,0.8
2034000,0.4,0.4642857142857143,0.6,0.625,0.8
2034300,0.4,0.4642857142857143,0.6,0.625,0.8
2034600,0.4,0.4642857142857143,0.6,0.625,0.8
2034900,0.4,0.4642857142857143,0.6,0.625,0.8
2035200,0.4,0.4642857142857143,0.6,0.625,0.8
2035500,0.4,0.4642857142857143,0.6,0.625,0.8
2035800,0.4,0.4642857142857143,0.6,0.625,0.8
2036100,0.4,0.4642857142857143,0.6,0.625,0.8
2036400,0.4,0.4642857142857143,0.6,0.625,0.8
2036700,0.4,0.4642857142857143,0.6,0.625,0.8
2037000,0.4,0.4642857142857143,0.6,0.625,0.8
2037300,0.4,0.4642857142857143,0.6,0.625,0.8
2037600,0.4,0.4642857142857143,0.6,0.625,0.8
2037900,0.4,0.4642857142857143,0.6,0.625,0.8
2038200,0.4,0.4642857142857143,0.6,0.625,0.8
2038500,0.4,0.4642857142857143,0.6,0.625,0.8
2038800,0.4,0.4642857142857143,0.6,0.625,0.8
2039100,0.4,0.4642857142857143,0.6,0.625,0.8
2039400,0.4,0.4642857142857143,0.6,0.625,0.8
2039700,0.5,0.5714285714285714,0.9666666666666667,0.8125,0.5
2040000,0.5,0.5714285714285714,0.9666666666666667,0.875,0.6
2040300,0.55,0.5714285714285714,0.9666666666666667,0.90625,0.55
2040600,0.55,0.5714285714285714,0.9666666666666667,0.90625,0.7
2040900,0.4,0.6071428571428571,0.9666666666666667,0.90625,0.75
2041200,0.4,0.6071428571428571,1.0,0.90625,0.75
2041500,0.35,0.6428571428571429,1.0,0.90625,0.85
2041800,0.35,0.7142857142857143,1.0,0.875,0.95
2042100,0.3,0.7142857142857143,0.9666666666666667,0.84375,0.9
2042400,0.4,0.7142857142857143,0.9666666666666667,0.9375,0.85
2042700,0.35,0.7142857142857143,0.9666666666666667,0.90625,0.85
2043000,0.35,0.7142857142857143,0.9666666666666667,0.875,0.85
2043300,0.35,0.14285714285714285,0.9666666666666667,0.875,0.8
2043600,0.4,0.35714285714285715,0.9666666666666667,0.875,0.8
2043900,0.35,0.6785714285714286,0.9666666666666667,0.84375,0.8
2044200,0.35,0.6785714285714286,1.0,0.84375,0.8
2044500,0.35,0.6785714285714286,1.0,0.84375,0.8
2044800,0.35,0.6785714285714286,1.0,0.84375,0.8
2045100,0.35,0.6785714285714286,1.0,0.84375,0.8
2045400,0.35,0.6785714285714286,1.0,0.84375,0.8
2045700,0.35,0.6785714285714286,1.0,0.84375,0.8
2046000,0.5,0.6785714285714286,0.9333333333333333,0.9375,0.8
2046300,0.45,0.6785714285714286,0.9333333333333333,0.9375,0.8
2046600,0.4,0.6785714285714286,0.9666666666666667,0.9375,0.8
2046900,0.3,0.6785714285714286,1.0,0.96875,0.85
2047200,0.3,0.6785714285714286,1.0,0.96875,0.85
2047500,0.3,0.6785714285714286,1.0,0.96875,0.85
2047800,0.3,0.6785714285714286,1.0,0.96875,0.85
2048100,0.3,0.6785714285714286,1.0,0.96875,0.85
2048400,0.3,0.6785714285714286,1.0,0.96875,0.85
2048700,0.55,0.6428571428571429,0.9666666666666667,0.9375,0.9
2049000,0.65,0.6428571428571429,1.0,0.96875,0.9
2049300,0.6,0.6428571428571429,0.9333333333333333,1.0,0.95
2049600,0.65,0.6428571428571429,0.9,1.0,0.95
2049900,0.7,0.6428571428571429,0.8666666666666667,0.96875,0.95
2050200,0.7,0.6428571428571429,0.8666666666666667,0.96875,0.95
2050500,0.7,0.6428571428571429,0.8666666666666667,0.96875,0.95
2050800,0.65,0.6428571428571429,0.8666666666666667,0.96875,0.95
2051100,0.6,0.6785714285714286,0.8666666666666667,1.0,0.95
2051400,0.6,0.6785714285714286,0.8666666666666667,1.0,0.95
2051700,0.6,0.6785714285714286,0.8666666666666667,1.0,0.95
2052000,0.6,0.6785714285714286,0.9333333333333333,0.96875,0.95
2052300,0.6,0.6785714285714286,0.9333333333333333,0.96875,0.95
2052600,0.6,0.6785714285714286,0.9,0.96875,0.95
2052900,0.6,0.6428571428571429,0.0,0.0,0.0
2053200,0.65,0.6428571428571429,0.9666666666666667,1.0,0.95
2053500,0.65,0.6428571428571429,1.0,0.96875,0.95
2053800,0.7,0.6428571428571429,0.9666666666666667,0.96875,0.95
2054100,0.7,0.6428571428571429,0.9666666666666667,0.9375,0.95
2054400,0.65,0.6428571428571429,0.9333333333333333,0.9375,0.95
2054700,0.6,0.6071428571428571,0.9,0.9375,0.9
2055000,0.7,0.6071428571428571,0.8666666666666667,0.90625,0.8
2055300,0.65,0.5714285714285714,0.8333333333333334,0.875,0.9
2055600,0.65,0.5714285714285714,0.8333333333333334,0.875,0.8
2055900,0.6,0.5357142857142857,0.7333333333333333,0.84375,0.8
2056200,0.6,0.5,0.7,0.75,0.7
2056500,0.6,0.42857142857142855,0.6666666666666666,0.6875,0.65
2056800,0.6,0.35714285714285715,0.5666666666666667,0.6875,0.65
2057100,0.45,0.32142857142857145,0.5333333333333333,0.6875,0.65
2057400,0.4,0.2857142857142857,0.4666666666666667,0.53125,0.7
2057700,0.3,0.2857142857142857,0.4666666666666667,0.53125,0.75
2058000,0.3,0.32142857142857145,0.43333333333333335,0.53125,0.75
2058300,0.3,0.32142857142857145,0.36666666666666664,0.59375,0.45
2058600,0.2,0.32142857142857145,0.3,0.5625,0.35
2058900,0.2,0.32142857142857145,0.36666666666666664,0.65625,0.35
2059200,0.2,0.39285714285714285,0.5,0.71875,0.35
2059500,0.15,0.4642857142857143,0.43333333333333335,0.71875,0.2
2059800,0.15,0.39285714285714285,0.5,0.78125,0.25
2060100,0.3,0.4642857142857143,0.5666666666666667,0.84375,0.1
2060400,0.25,0.5,0.6666666666666666,0.8125,0.3
2060700,0.25,0.4642857142857143,0.7,0.78125,0.2
2061000,0.4,0.39285714285714285,0.7333333333333333,0.8125,0.25
2061300,0.35,0.42857142857142855,0.7666666666666667,0.8125,0.3
2061600,0.45,0.39285714285714285,0.8,0.8125,0.45
2061900,0.4,0.35714285714285715,0.7666666666666667,0.8125,0.4
2062200,0.45,0.39285714285714285,0.7666666666666667,0.78125,0.6
2062500,0.6,0.42857142857142855,0.7333333333333333,0.75,0.6
2062800,0.45,0.42857142857142855,0.7666666666666667,0.78125,0.55
2063100,0.55,0.4642857142857143,0.7333333333333333,0.8125,0.55
2063400,0.6,0.4642857142857143,0.7666666666666667,0.71875,0.55
2063700,0.5,0.4642857142857143,0.8,0.6875,0.7
2064000,0.55,0.4642857142857143,0.8,0.6875,0.75
2064300,0.55,0.4642857142857143,0.8333333333333334,0.71875,0.8
2064600,0.5,0.4642857142857143,0.9,0.75,0.8
2064900,0.55,0.42857142857142855,0.8666666666666667,0.78125,0.9
2065200,0.5,0.4642857142857143,0.9,0.71875,0.95
2065500,0.55,0.5,0.9,0.71875,0.95
2065800,0.6,0.5357142857142857,0.8666666666666667,0.71875,0.8
2066100,0.7,0.5357142857142857,0.9,0.71875,0.8
2066400,0.7,0.5,0.9,0.71875,0.8
2066700,0.7,0.5714285714285714,0.9,0.625,0.9
2067000,0.7,0.6071428571428571,0.9,0.59375,0.9
2067300,0.75,0.6071428571428571,0.8666666666666667,0.53125,0.85
2067600,0.8,0.5714285714285714,0.8333333333333334,0.5625,0.85
2067900,0.85,0.5714285714285714,0.7333333333333333,0.6875,0.85
2068200,0.9,0.5714285714285714,0.7,0.71875,0.85
2068500,0.95,0.5714285714285714,0.7333333333333333,0.71875,0.85
2068800,0.95,0.5,0.7666666666666667,0.6875,0.85
2069100,0.95,0.5,0.7,0.6875,0.85
2069400,0.9,0.42857142857142855,0.8,0.625,0.85
2069700,0.95,0.4642857142857143,0.8,0.59375,0.85
2070000,0.9,0.4642857142857143,0.8333333333333334,0.6875,0.85
2070300,0.85,0.4642857142857143,0.8333333333333334,0.65625,0.85
2070600,0.85,0.35714285714285715,0.8333333333333334,0.71875,0.85
2070900,0.8,0.39285714285714285,0.8333333333333334,0.71875,0.85
2071200,0.8,0.35714285714285715,0.9333333333333333,0.53125,0.85
2071500,0.8,0.39285714285714285,0.9,0.46875,0.7
2071800,0.75,0.39285714285714285,0.9,0.4375,0.7
2072100,0.8,0.42857142857142855,0.8666666666666667,0.40625,0.7
2072400,0.75,0.42857142857142855,0.8666666666666667,0.375,0.7
2072700,0.75,0.39285714285714285,0.8666666666666667,0.375,0.6
2073000,0.8,0.39285714285714285,0.8666666666666667,0.40625,0.6
2073300,0.8,0.2857142857142857,0.7333333333333333,0.375,0.4
2073600,0.75,0.21428571428571427,0.6666666666666666,0.34375,0.25
2073900,0.7,0.17857142857142858,0.3,0.21875,0.1
2074200,0.6,0.17857142857142858,0.26666666666666666,0.15625,0.15
2074500,0.65,0.17857142857142858,0.06666666666666667,0.25,0.0
2074800,0.7,0.14285714285714285,0.0,0.0,0.0
2075100,0.65,0.14285714285714285,0.0,0.125,0.05
2075400,0.5,0.10714285714285714,0.0,0.15625,0.05
2075700,0.55,0.03571428571428571,0.0,0.1875,0.05
2076000,0.5,0.07142857142857142,0.03333333333333333,0.125,0.05
2076300,0.6,0.0,0.1,0.03125,0.1
2076600,0.6,0.07142857142857142,0.13333333333333333,0.03125,0.2
2076900,0.6,0.03571428571428571,0.03333333333333333,0.09375,0.1
2077200,0.65,0.0,0.03333333333333333,0.03125,0.1
2077500,0.65,0.0,0.16666666666666666,0.125,0.25
2077800,0.65,0.14285714285714285,0.06666666666666667,0.09375,0.15
2078100,0.65,0.07142857142857142,0.06666666666666667,0.03125,0.1
2078400,0.65,0.10714285714285714,0.1,0.0625,0.15
2078700,0.7,0.17857142857142858,0.03333333333333333,0.09375,0.1
2079000,0.75,0.17857142857142858,0.0,0.03125,0.2
2079300,0.75,0.25,0.0,0.0625,0.15
2079600,0.7,0.2857142857142857,0.0,0.0625,0.1
2079900,0.65,0.32142857142857145,0.06666666666666667,0.09375,0.1
2080200,0.6,0.39285714285714285,0.1,0.0625,0.15
2080500,0.55,0.39285714285714285,0.03333333333333333,0.125,0.3
2080800,0.45,0.35714285714285715,0.03333333333333333,0.125,0.25
2081100,0.5,0.32142857142857145,0.1,0.125,0.25
2081400,0.5,0.2857142857142857,0.16666666666666666,0.125,0.05
2081700,0.5,0.35714285714285715,0.03333333333333333,0.0625,0.05
2082000,0.3,0.2857142857142857,0.06666666666666667,0.0625,0.05
2082300,0.3,0.2857142857142857,0.0,0.0,0.0
2082600,0.3,0.35714285714285715,0.06666666666666667,0.09375,0.05
2082900,0.25,0.32142857142857145,0.13333333333333333,0.15625,0.2
2083200,0.25,0.2857142857142857,0.03333333333333333,0.1875,0.2
2083500,0.25,0.2857142857142857,0.1,0.21875,0.15
2083800,0.3,0.21428571428571427,0.06666666666666667,0.1875,0.1
2084100,0.3,0.17857142857142858,0.06666666666666667,0.125,0.2
2084400,0.2,0.25,0.1,0.1875,0.25
2084700,0.3,0.2857142857142857,0.13333333333333333,0.125,0.3
2085000,0.25,0.32142857142857145,0.06666666666666667,0.125,0.25
2085300,0.3,0.32142857142857145,0.23333333333333334,0.09375,0.2
2085600,0.25,0.32142857142857145,0.26666666666666666,0.15625,0.1
2085900,0.25,0.25,0.2,0.09375,0.05
2086200,0.25,0.32142857142857145,0.23333333333333334,0.1875,0.05
2086500,0.35,0.25,0.26666666666666666,0.21875,0.15
2086800,0.3,0.2857142857142857,0.2,0.1875,0.15
2087100,0.2,0.32142857142857145,0.26666666666666666,0.3125,0.2
2087400,0.2,0.4642857142857143,0.26666666666666666,0.34375,0.15
2087700,0.35,0.4642857142857143,0.26666666666666666,0.28125,0.1
2088000,0.45,0.5,0.3333333333333333,0.3125,0.05
2088300,0.4,0.42857142857142855,0.3,0.375,0.1
2088600,0.35,0.42857142857142855,0.36666666666666664,0.40625,0.15
2088900,0.35,0.5,0.26666666666666666,0.46875,0.15
2089200,0.45,0.5714285714285714,0.26666666666666666,0.53125,0.1
2089500,0.35,0.5357142857142857,0.26666666666666666,0.46875,0.15
2089800,0.3,0.5357142857142857,0.0,0.0,0.0
2090100,0.35,0.4642857142857143,0.3,0.375,0.15
2090400,0.35,0.5357142857142857,0.2,0.34375,0.25
2090700,0.35,0.5357142857142857,0.2,0.25,0.25
2091000,0.4,0.5,0.16666666666666666,0.15625,0.15
2091300,0.35,0.5,0.3,0.15625,0.2
2091600,0.4,0.5,0.23333333333333334,0.125,0.2
2091900,0.45,0.5,0.23333333333333334,0.09375,0.2
2092200,0.45,0.4642857142857143,0.26666666666666666,0.125,0.15
2092500,0.45,0.39285714285714285,0.3333333333333333,0.09375,0.15
2092800,0.4,0.39285714285714285,0.3,0.125,0.1
2093100,0.45,0.39285714285714285,0.23333333333333334,0.09375,0.05
2093400,0.4,0.35714285714285715,0.16666666666666666,0.125,0.0
2093700,0.45,0.39285714285714285,0.16666666666666666,0.1875,0.1
2094000,0.5,0.2857142857142857,0.13333333333333333,0.03125,0.05
2094300,0.55,0.32142857142857145,0.23333333333333334,0.0625,0.1
2094600,0.55,0.35714285714285715,0.26666666666666666,0.15625,0.0
2094900,0.55,0.32142857142857145,0.23333333333333334,0.28125,0.0
2095200,0.7,0.35714285714285715,0.26666666666666666,0.1875,0.2
2095500,0.75,0.35714285714285715,0.2,0.21875,0.3
2095800,0.7,0.5,0.13333333333333333,0.28125,0.2
2096100,0.6,0.5,0.1,0.25,0.2
2096400,0.6,0.5,0.2,0.3125,0.05
2096700,0.6,0.42857142857142855,0.16666666666666666,0.25,0.1
2097000,0.5,0.4642857142857143,0.0,0.0,0.0
2097300,0.55,0.4642857142857143,0.06666666666666667,0.1875,0.2
2097600,0.5,0.5,0.16666666666666666,0.125,0.25
2097900,0.5,0.5357142857142857,0.06666666666666667,0.09375,0.25
2098200,0.5,0.4642857142857143,0.06666666666666667,0.09375,0.2
2098500,0.4,0.5,0.1,0.09375,0.35
2098800,0.5,0.39285714285714285,0.06666666666666667,0.0625,0.4
2099100,0.45,0.39285714285714285,0.1,0.0625,0.45
2099400,0.35,0.39285714285714285,0.1,0.09375,0.4
2099700,0.2,0.39285714285714285,0.06666666666666667,0.03125,0.3
2100000,0.2,0.42857142857142855,0.2,0.125,0.2
2100300,0.2,0.4642857142857143,0.06666666666666667,0.0625,0.25
2100600,0.3,0.42857142857142855,0.06666666666666667,0.1875,0.2
2100900,0.3,0.42857142857142855,0.0,0.15625,0.2
2101200,0.35,0.42857142857142855,0.0,0.15625,0.25
2101500,0.35,0.4642857142857143,0.0,0.0625,0.35
2101800,0.4,0.5,0.03333333333333333,0.1875,0.25
2102100,0.35,0.5357142857142857,0.03333333333333333,0.25,0.25
2102400,0.35,0.6071428571428571,0.06666666666666667,0.34375,0.2
2102700,0.45,0.6428571428571429,0.16666666666666666,0.4375,0.4
2103000,0.45,0.6428571428571429,0.2,0.375,0.6
2103300,0.35,0.6428571428571429,0.23333333333333334,0.375,0.6
2103600,0.45,0.6428571428571429,0.26666666666666666,0.40625,0.55
2103900,0.4,0.6428571428571429,0.36666666666666664,0.34375,0.75
2104200,0.45,0.6785714285714286,0.3333333333333333,0.375,0.8
2104500,0.6,0.6785714285714286,0.0,0.0,0.0
2104800,0.6,0.6428571428571429,0.4,0.5,0.85
2105100,0.55,0.6428571428571429,0.3333333333333333,0.5,0.75
2105400,0.65,0.6428571428571429,0.26666666666666666,0.46875,0.65
2105700,0.65,0.6428571428571429,0.26666666666666666,0.4375,0.7
2106000,0.7,0.6428571428571429,0.3,0.46875,0.7
2106300,0.7,0.6071428571428571,0.3333333333333333,0.5,0.7
2106600,0.7,0.6071428571428571,0.26666666666666666,0.5625,0.7
2106900,0.75,0.6071428571428571,0.3333333333333333,0.53125,0.75
2107200,0.8,0.6071428571428571,0.4,0.625,0.7
2107500,0.8,0.6071428571428571,0.5333333333333333,0.6875,0.65
2107800,0.8,0.6071428571428571,0.6,0.71875,0.65
2108100,0.85,0.6071428571428571,0.6666666666666666,0.78125,0.65
2108400,0.9,0.6071428571428571,0.7,0.78125,0.6
2108700,0.85,0.7142857142857143,0.7333333333333333,0.78125,0.6
2109000,0.85,0.7142857142857143,0.7333333333333333,0.75,0.65
2109300,0.8,0.6785714285714286,0.8,0.78125,0.75
2109600,0.85,0.6785714285714286,0.8,0.8125,0.75
2109900,0.9,0.7142857142857143,0.8666666666666667,0.84375,0.85
2110200,0.9,0.7142857142857143,0.8666666666666667,0.90625,0.9
2110500,0.9,0.7142857142857143,0.9333333333333333,0.9375,0.9
2110800,0.9,0.7142857142857143,0.9,0.96875,0.95
2111100,0.95,0.7142857142857143,0.9,0.96875,1.0
2111400,0.95,0.7142857142857143,0.9,1.0,1.0
2111700,0.95,0.6785714285714286,0.8666666666666667,1.0,1.0
2112000,0.95,0.6785714285714286,0.8333333333333334,1.0,1.0
2112300,0.9,0.6428571428571429,0.8666666666666667,1.0,0.95
2112600,0.9,0.6428571428571429,0.8666666666666667,0.96875,0.95
2112900,0.85,0.6071428571428571,0.8666666666666667,0.9375,0.95
2113200,0.85,0.5714285714285714,0.8666666666666667,0.90625,0.9
2113500,0.9,0.5714285714285714,0.8666666666666667,0.96875,0.85
2113800,0.9,0.5714285714285714,0.8666666666666667,0.9375,0.8
2114100,0.8,0.6071428571428571,0.9,0.9375,0.7
2114400,0.85,0.6071428571428571,0.9333333333333333,0.9375,0.7
2114700,0.85,0.6071428571428571,0.9333333333333333,0.9375,0.7
2115000,0.85,0.6785714285714286,0.9333333333333333,0.96875,0.7
2115300,0.8,0.6785714285714286,0.9666666666666667,0.9375,0.7
2115600,0.8,0.6785714285714286,0.9666666666666667,0.9375,0.7
2115900,0.9,0.6785714285714286,0.9666666666666667,0.96875,0.8
2116200,0.9,0.6785714285714286,0.9666666666666667,0.96875,0.85
2116500,0.85,0.6785714285714286,0.9666666666666667,0.96875,0.85
2116800,0.8,0.6785714285714286,0.9333333333333333,0.90625,0.75
2117100,0.75,0.6785714285714286,0.9,0.75,0.55
2117400,0.7,0.6785714285714286,0.9,0.71875,0.5
2117700,0.55,0.6071428571428571,0.9,0.65625,0.5
2118000,0.55,0.6071428571428571,0.9,0.53125,0.25
2118300,0.55,0.5714285714285714,0.8666666666666667,0.46875,0.3
2118600,0.55,0.5714285714285714,0.8333333333333334,0.46875,0.35
2118900,0.5,0.5714285714285714,0.7,0.4375,0.15
2119200,0.5,0.5,0.0,0.0,0.0
2119500,0.45,0.5714285714285714,0.5,0.3125,0.05
2119800,0.45,0.6071428571428571,0.4666666666666667,0.375,0.1
2120100,0.4,0.6071428571428571,0.43333333333333335,0.40625,0.15
2120400,0.45,0.5714285714285714,0.4666666666666667,0.46875,0.0
2120700,0.45,0.5,0.43333333333333335,0.5,0.0
2121000,0.55,0.5357142857142857,0.43333333333333335,0.40625,0.05
2121300,0.45,0.5357142857142857,0.43333333333333335,0.4375,0.1
2121600,0.4,0.5357142857142857,0.3333333333333333,0.5,0.2
2121900,0.4,0.5357142857142857,0.4,0.53125,0.1
2122200,0.4,0.5357142857142857,0.36666666666666664,0.59375,0.2
2122500,0.4,0.5357142857142857,0.43333333333333335,0.71875,0.2
2122800,0.35,0.5357142857142857,0.4,0.78125,0.1
2123100,0.35,0.5714285714285714,0.4666666666666667,0.84375,0.05
2123400,0.3,0.6071428571428571,0.5,0.78125,0.05
2123700,0.4,0.5714285714285714,0.5,0.8125,0.2
2124000,0.2,0.5714285714285714,0.6,0.84375,0.4
2124300,0.25,0.5714285714285714,0.7333333333333333,0.875,0.55
2124600,0.35,0.5714285714285714,0.7666666666666667,0.9375,0.75
2124900,0.4,0.6071428571428571,0.7666666666666667,0.9375,0.7
2125200,0.45,0.6071428571428571,0.8666666666666667,0.90625,0.8
2125500,0.5,0.5714285714285714,0.8666666666666667,0.9375,0.8
2125800,0.5,0.5714285714285714,0.8666666666666667,0.90625,0.85
2126100,0.6,0.5714285714285714,0.9,0.90625,0.85
2126400,0.6,0.5714285714285714,0.9,0.90625,0.85
2126700,0.5,0.5357142857142857,0.0,0.0,0.0
2127000,0.5,0.4642857142857143,0.9666666666666667,0.90625,0.85
2127300,0.55,0.5,0.9666666666666667,0.9375,0.85
2127600,0.5,0.5357142857142857,0.9666666666666667,0.9375,0.85
2127900,0.55,0.5357142857142857,0.9666666666666667,0.9375,0.9
2128200,0.55,0.5714285714285714,0.9666666666666667,0.9375,0.95
2128500,0.7,0.5357142857142857,0.9666666666666667,0.96875,0.95
2128800,0.7,0.5714285714285714,0.9666666666666667,0.9375,0.9
2129100,0.75,0.6071428571428571,0.9666666666666667,0.9375,0.9
2129400,0.7,0.6785714285714286,1.0,0.90625,0.8
2129700,0.7,0.7142857142857143,1.0,0.9375,0.8
2130000,0.7,0.7142857142857143,1.0,0.9375,0.8
2130300,0.7,0.7142857142857143,0.9666666666666667,0.9375,0.75
2130600,0.7,0.7142857142857143,0.9333333333333333,0.96875,0.75
2130900,0.65,0.7142857142857143,0.9,0.96875,0.75
2131200,0.65,0.7142857142857143,0.9333333333333333,0.9375,0.7
2131500,0.0,0.6785714285714286,0.8666666666666667,0.90625,0.65
2131800,0.6,0.6428571428571429,0.8333333333333334,0.90625,0.6
2132100,0.6,0.6428571428571429,0.8,0.90625,0.6
2132400,0.6,0.6071428571428571,0.8,0.9375,0.7
2132700,0.6,0.5714285714285714,0.9333333333333333,0.90625,0.7
2133000,0.7,0.5714285714285714,0.9333333333333333,0.90625,0.7
2133300,0.7,0.5714285714285714,0.9333333333333333,0.90625,0.65
2133600,0.75,0.5357142857142857,0.9333333333333333,0.90625,0.65
2133900,0.8,0.5714285714285714,0.9333333333333333,0.0,0.65
2134200,0.8,0.5714285714285714,0.9333333333333333,0.90625,0.65
2134500,0.85,0.5714285714285714,0.9333333333333333,0.9375,0.65
2134800,0.85,0.5714285714285714,0.9333333333333333,0.90625,0.8
2135100,0.85,0.5714285714285714,0.9,0.90625,0.8
2135400,0.9,0.6071428571428571,0.9333333333333333,0.9375,0.8
2135700,0.75,0.6071428571428571,0.9666666666666667,0.96875,0.75
2136000,0.75,0.6071428571428571,0.9333333333333333,0.9375,0.75
2136300,0.7,0.7142857142857143,0.9,0.9375,0.75
2136600,0.7,0.7142857142857143,0.9,0.9375,0.75
2136900,0.65,0.7142857142857143,0.8666666666666667,0.9375,0.8
2137200,0.6,0.7142857142857143,0.8666666666666667,0.9375,0.8
2137500,0.7,0.7142857142857143,0.8666666666666667,0.96875,0.85
2137800,0.7,0.7142857142857143,0.8666666666666667,0.96875,0.85
2138100,0.7,0.7142857142857143,0.8666666666666667,1.0,0.9
2138400,0.75,0.7142857142857143,0.8666666666666667,1.0,0.9
2138700,0.7,0.7142857142857143,0.8666666666666667,1.0,0.9
2139000,0.75,0.75,0.9,0.96875,0.9
2139300,0.8,0.75,0.9,0.9375,1.0
2139600,0.8,0.75,0.9666666666666667,0.9375,1.0
2139900,0.8,0.75,0.9666666666666667,0.9375,0.95
2140200,0.8,0.75,0.9666666666666667,0.9375,0.9
2140500,0.7,0.7142857142857143,0.9666666666666667,0.96875,0.85
2140800,0.75,0.7142857142857143,0.9666666666666667,1.0,0.9
2141100,0.75,0.6785714285714286,0.9666666666666667,0.96875,0.85
2141400,0.6,0.6785714285714286,0.9666666666666667,0.96875,0.8
2141700,0.6,0.7142857142857143,0.9666666666666667,0.96875,0.8
2142000,0.55,0.7142857142857143,0.9333333333333333,0.9375,0.9
2142300,0.55,0.7142857142857143,0.9333333333333333,0.90625,0.8
2142600,0.55,0.6785714285714286,0.7666666666666667,0.90625,0.75
2142900,0.5,0.6428571428571429,0.7666666666666667,0.78125,0.5
2143200,0.45,0.6428571428571429,0.7,0.71875,0.45
2143500,0.45,0.6785714285714286,0.6333333333333333,0.625,0.45
2143800,0.45,0.6428571428571429,0.6666666666666666,0.65625,0.4
2144100,0.3,0.5714285714285714,0.5333333333333333,0.59375,0.3
2144400,0.3,0.6071428571428571,0.4666666666666667,0.5625,0.3
2144700,0.2,0.5714285714285714,0.5,0.5625,0.4
2145000,0.3,0.5,0.5,0.46875,0.35
2145300,0.2,0.5,0.5333333333333333,0.4375,0.4
2145600,0.3,0.5357142857142857,0.6,0.40625,0.4
2145900,0.0,0.5,0.5666666666666667,0.5,0.4
2146200,0.45,0.5,0.5666666666666667,0.4375,0.5
2146500,0.5,0.5,0.5666666666666667,0.4375,0.45
2146800,0.5,0.5,0.6,0.46875,0.45
2147100,0.45,0.4642857142857143,0.5666666666666667,0.53125,0.4
2147400,0.5,0.4642857142857143,0.6666666666666666,0.5625,0.35
2147700,0.5,0.5714285714285714,0.6666666666666666,0.53125,0.3
2148000,0.6,0.5714285714285714,0.6666666666666666,0.59375,0.35
2148300,0.5,0.5357142857142857,0.6666666666666666,0.6875,0.4
2148600,0.55,0.5714285714285714,0.0,0.0,0.0
2148900,0.6,0.5714285714285714,0.6666666666666666,0.75,0.4
2149200,0.6,0.5714285714285714,0.7,0.75,0.5
2149500,0.6,0.5357142857142857,0.7666666666666667,0.75,0.4
2149800,0.6,0.5357142857142857,0.7666666666666667,0.71875,0.45
2150100,0.55,0.5357142857142857,0.7,0.65625,0.45
2150400,0.55,0.4642857142857143,0.7333333333333333,0.65625,0.65
2150700,0.65,0.42857142857142855,0.7333333333333333,0.625,0.75
2151000,0.75,0.39285714285714285,0.7,0.59375,0.85
2151300,0.85,0.35714285714285715,0.7666666666666667,0.625,0.9
2151600,0.85,0.32142857142857145,0.8333333333333334,0.625,0.85
2151900,0.8,0.35714285714285715,0.8333333333333334,0.59375,0.8
2152200,0.85,0.4642857142857143,0.8333333333333334,0.53125,0.8
2152500,0.85,0.35714285714285715,0.8,0.53125,0.85
2152800,0.85,0.39285714285714285,0.7333333333333333,0.59375,0.75
2153100,0.75,0.32142857142857145,0.7,0.59375,0.8
2153400,0.8,0.35714285714285715,0.7,0.65625,0.85
2153700,0.8,0.42857142857142855,0.7666666666666667,0.6875,0.85
2154000,0.8,0.39285714285714285,0.7666666666666667,0.71875,0.85
2154300,0.85,0.39285714285714285,0.7666666666666667,0.71875,0.85
2154600,0.85,0.39285714285714285,0.8,0.6875,0.9
2154900,0.8,0.39285714285714285,0.8,0.71875,0.9
2155200,0.75,0.39285714285714285,0.8,0.65625,0.9
2155500,0.75,0.32142857142857145,0.7666666666666667,0.625,0.85
2155800,0.75,0.32142857142857145,0.0,0.0,0.0
2156100,0.8,0.32142857142857145,0.8333333333333334,0.65625,0.75
2156400,0.8,0.32142857142857145,0.8333333333333334,0.65625,0.75
2156700,0.8,0.2857142857142857,0.7666666666666667,0.65625,0.75
2157000,0.8,0.2857142857142857,0.8333333333333334,0.6875,0.75
2157300,0.85,0.32142857142857145,0.7333333333333333,0.59375,0.7
2157600,0.85,0.32142857142857145,0.7,0.65625,0.7
2157900,0.8,0.17857142857142858,0.7,0.625,0.65
2158200,0.8,0.21428571428571427,0.7,0.65625,0.65
2158500,0.75,0.25,0.6,0.625,0.5
2158800,0.7,0.25,0.6,0.5625,0.55
2159100,0.7,0.21428571428571427,0.6,0.59375,0.5
2159400,0.65,0.25,0.5,0.5,0.5
2159700,0.65,0.4642857142857143,0.4,0.46875,0.3
2160000,0.55,0.4642857142857143,0.3,0.46875,0.3
2160300,0.65,0.39285714285714285,0.16666666666666666,0.28125,0.2
2160600,0.6,0.2857142857142857,0.0,0.125,0.05
2160900,0.65,0.10714285714285714,0.0,0.09375,0.1
2161200,0.6,0.07142857142857142,0.03333333333333333,0.0625,0.15
2161500,0.6,0.07142857142857142,0.13333333333333333,0.03125,0.15
2161800,0.5,0.03571428571428571,0.1,0.0625,0.0
2162100,0.45,0.07142857142857142,0.0,0.03125,0.0
2162400,0.4,0.03571428571428571,0.0,0.0,0.05
2162700,0.35,0.10714285714285714,0.03333333333333333,0.03125,0.15
2163000,0.4,0.14285714285714285,0.1,0.09375,0.1
2163300,0.4,0.21428571428571427,0.06666666666666667,0.0,0.0
2163600,0.35,0.21428571428571427,0.06666666666666667,0.03125,0.1
2163900,0.3,0.2857142857142857,0.1,0.09375,0.1
2164200,0.25,0.32142857142857145,0.03333333333333333,0.0625,0.15
2164500,0.3,0.35714285714285715,0.03333333333333333,0.125,0.15
2164800,0.3,0.39285714285714285,0.1,0.15625,0.15
2165100,0.3,0.39285714285714285,0.1,0.15625,0.15
2165400,0.3,0.4642857142857143,0.0,0.03125,0.25
2165700,0.5,0.4642857142857143,0.0,0.0,0.2
2166000,0.5,0.39285714285714285,0.0,0.03125,0.1
2166300,0.5,0.32142857142857145,0.06666666666666667,0.03125,0.0
2166600,0.45,0.32142857142857145,0.06666666666666667,0.125,0.0
2166900,0.5,0.39285714285714285,0.13333333333333333,0.09375,0.0
2167200,0.6,0.25,0.03333333333333333,0.21875,0.05
2167500,0.65,0.21428571428571427,0.06666666666666667,0.125,0.0
2167800,0.7,0.17857142857142858,0.06666666666666667,0.0,0.05
2168100,0.7,0.21428571428571427,0.03333333333333333,0.0625,0.1
2168400,0.65,0.25,0.1,0.15625,0.15
2168700,0.55,0.2857142857142857,0.1,0.21875,0.2
2169000,0.65,0.21428571428571427,0.13333333333333333,0.15625,0.1
2169300,0.65,0.21428571428571427,0.2,0.09375,0.1
2169600,0.65,0.2857142857142857,0.4,0.21875,0.2
2169900,0.6,0.32142857142857145,0.36666666666666664,0.25,0.2
2170200,0.65,0.2857142857142857,0.43333333333333335,0.1875,0.25
2170500,0.7,0.2857142857142857,0.0,0.0,0.0
2170800,0.7,0.21428571428571427,0.23333333333333334,0.0625,0.1
2171100,0.65,0.32142857142857145,0.13333333333333333,0.03125,0.1
2171400,0.65,0.2857142857142857,0.13333333333333333,0.0625,0.05
2171700,0.6,0.32142857142857145,0.06666666666666667,0.125,0.1
2172000,0.55,0.32142857142857145,0.13333333333333333,0.03125,0.3
2172300,0.5,0.32142857142857145,0.1,0.09375,0.3
2172600,0.5,0.32142857142857145,0.06666666666666667,0.125,0.1
2172900,0.45,0.35714285714285715,0.2,0.09375,0.2
2173200,0.5,0.39285714285714285,0.1,0.1875,0.15
2173500,0.45,0.35714285714285715,0.13333333333333333,0.09375,0.1
2173800,0.45,0.39285714285714285,0.23333333333333334,0.1875,0.05
2174100,0.45,0.42857142857142855,0.13333333333333333,0.15625,0.0
2174400,0.6,0.4642857142857143,0.16666666666666666,0.3125,0.15
2174700,0.55,0.4642857142857143,0.16666666666666666,0.28125,0.25
2175000,0.6,0.39285714285714285,0.26666666666666666,0.34375,0.2
2175300,0.55,0.39285714285714285,0.26666666666666666,0.28125,0.1
2175600,0.55,0.35714285714285715,0.26666666666666666,0.3125,0.15
2175900,0.7,0.35714285714285715,0.2,0.34375,0.05
2176200,0.75,0.39285714285714285,0.13333333333333333,0.3125,0.05
2176500,0.65,0.42857142857142855,0.13333333333333333,0.21875,0.1
2176800,0.55,0.5,0.16666666666666666,0.3125,0.25
2177100,0.5,0.5357142857142857,0.23333333333333334,0.25,0.15
2177400,0.5,0.4642857142857143,0.3333333333333333,0.25,0.1
2177700,0.5,0.5,0.0,0.0,0.0
2178000,0.5,0.5,0.26666666666666666,0.1875,0.05
2178300,0.5,0.4642857142857143,0.23333333333333334,0.25,0.15
2178600,0.4,0.4642857142857143,0.23333333333333334,0.1875,0.0
2178900,0.45,0.42857142857142855,0.23333333333333334,0.15625,0.05
2179200,0.5,0.39285714285714285,0.3333333333333333,0.09375,0.15
2179500,0.45,0.35714285714285715,0.23333333333333334,0.15625,0.1
2179800,0.45,0.35714285714285715,0.16666666666666666,0.21875,0.05
2180100,0.35,0.25,0.1,0.21875,0.1
2180400,0.3,0.32142857142857145,0.03333333333333333,0.21875,0.05
2180700,0.3,0.25,0.16666666666666666,0.28125,0.15
2181000,0.35,0.32142857142857145,0.06666666666666667,0.1875,0.05
2181300,0.3,0.25,0.06666666666666667,0.15625,0.25
2181600,0.3,0.25,0.06666666666666667,0.21875,0.1
2181900,0.45,0.21428571428571427,0.03333333333333333,0.15625,0.15
2182200,0.5,0.21428571428571427,0.03333333333333333,0.21875,0.05
2182500,0.55,0.21428571428571427,0.1,0.21875,0.1
2182800,0.55,0.21428571428571427,0.1,0.1875,0.1
2183100,0.4,0.17857142857142858,0.13333333333333333,0.1875,0.1
2183400,0.3,0.21428571428571427,0.16666666666666666,0.21875,0.15
2183700,0.25,0.21428571428571427,0.06666666666666667,0.125,0.05
2184000,0.3,0.25,0.03333333333333333,0.3125,0.1
2184300,0.15,0.39285714285714285,0.03333333333333333,0.21875,0.05
2184600,0.25,0.35714285714285715,0.03333333333333333,0.21875,0.05
2184900,0.2,0.39285714285714285,0.06666666666666667,0.21875,0.15
2185200,0.2,0.32142857142857145,0.0,0.0,0.0
2185500,0.3,0.35714285714285715,0.06666666666666667,0.125,0.3
2185800,0.25,0.42857142857142855,0.06666666666666667,0.09375,0.3
2186100,0.0,0.5,0.1,0.0625,0.35
2186400,0.05,0.5,0.06666666666666667,0.09375,0.3
2186700,0.2,0.5,0.13333333333333333,0.03125,0.25
2187000,0.25,0.4642857142857143,0.2,0.1875,0.15
2187300,0.25,0.4642857142857143,0.16666666666666666,0.21875,0.05
2187600,0.3,0.4642857142857143,0.23333333333333334,0.1875,0.1
2187900,0.35,0.5,0.26666666666666666,0.15625,0.25
2188200,0.4,0.5357142857142857,0.3,0.21875,0.3
2188500,0.4,0.5714285714285714,0.26666666666666666,0.28125,0.3
2188800,0.3,0.5714285714285714,0.36666666666666664,0.28125,0.25
2189100,0.3,0.6428571428571429,0.5333333333333333,0.375,0.25
2189400,0.0,0.6785714285714286,0.6333333333333333,0.5,0.45
2189700,0.55,0.6428571428571429,0.7,0.4375,0.6
2190000,0.6,0.6428571428571429,0.7666666666666667,0.46875,0.6
2190300,0.65,0.6428571428571429,0.8,0.5,0.65
2190600,0.7,0.6428571428571429,0.8666666666666667,0.53125,0.75
2190900,0.7,0.6428571428571429,0.8666666666666667,0.59375,0.75
2191200,0.7,0.6785714285714286,0.9,0.65625,0.75
2191500,0.8,0.6071428571428571,0.8333333333333334,0.6875,0.75
2191800,0.8,0.6071428571428571,0.8666666666666667,0.65625,0.75
2192100,0.8,0.6071428571428571,0.8333333333333334,0.625,0.8
2192400,0.85,0.5714285714285714,0.0,0.0,0.0
2192700,0.85,0.5714285714285714,0.8333333333333334,0.6875,0.75
2193000,0.9,0.6071428571428571,0.8666666666666667,0.71875,0.85
2193300,0.9,0.6071428571428571,0.9,0.6875,0.85
2193600,0.9,0.6428571428571429,0.9,0.6875,0.85
2193900,0.9,0.6428571428571429,0.8333333333333334,0.65625,0.75
2194200,0.95,0.6428571428571429,0.7333333333333333,0.65625,0.75
2194500,0.95,0.6785714285714286,0.7333333333333333,0.65625,0.75
2194800,0.85,0.7142857142857143,0.6333333333333333,0.6875,0.75
2195100,0.8,0.7142857142857143,0.6,0.6875,0.75
2195400,0.8,0.7142857142857143,0.5666666666666667,0.65625,0.7
2195700,0.75,0.7142857142857143,0.6,0.71875,0.75
2196000,0.85,0.7142857142857143,0.4666666666666667,0.75,0.75
2196300,0.8,0.7142857142857143,0.5,0.84375,0.8
2196600,0.85,0.7142857142857143,0.6,0.90625,0.85
2196900,0.85,0.75,0.7,0.90625,0.8
2197200,0.85,0.75,0.7666666666666667,0.9375,0.9
2197500,0.9,0.75,0.7666666666666667,0.9375,0.9
2197800,0.95,0.6785714285714286,0.8333333333333334,1.0,0.9
2198100,0.95,0.6428571428571429,0.8333333333333334,1.0,0.85
2198400,0.95,0.6428571428571429,0.8333333333333334,1.0,0.85
2198700,0.95,0.5357142857142857,0.8,0.96875,0.9
2199000,0.9,0.5357142857142857,0.8666666666666667,0.9375,0.9
2199300,0.9,0.5357142857142857,0.8333333333333334,0.9375,0.8
2199600,0.9,0.5714285714285714,0.0,0.0,0.0
2199900,0.95,0.5,0.7666666666666667,0.9375,0.75
2200200,0.9,0.6071428571428571,0.7333333333333333,0.875,0.7
2200500,0.9,0.6071428571428571,0.7666666666666667,0.875,0.7
2200800,0.85,0.5357142857142857,0.6666666666666666,0.875,0.6
2201100,0.85,0.5714285714285714,0.6666666666666666,0.875,0.55
2201400,0.85,0.5714285714285714,0.6333333333333333,0.8125,0.5
2201700,0.85,0.5357142857142857,0.7,0.84375,0.7
2202000,0.85,0.5714285714285714,0.6333333333333333,0.84375,0.75
2202300,0.75,0.5714285714285714,0.6333333333333333,0.84375,0.8
2202600,0.75,0.5714285714285714,0.6,0.84375,0.75
2202900,0.7,0.4642857142857143,0.6,0.8125,0.7
2203200,0.65,0.42857142857142855,0.5,0.75,0.5
2203500,0.0,0.35714285714285715,0.2,0.625,0.1
2203800,0.25,0.35714285714285715,0.2,0.625,0.05
2204100,0.3,0.35714285714285715,0.06666666666666667,0.625,0.0
2204400,0.3,0.25,0.03333333333333333,0.46875,0.0
2204700,0.25,0.25,0.0,0.46875,0.0
2205000,0.2,0.21428571428571427,0.06666666666666667,0.34375,0.15
2205300,0.15,0.17857142857142858,0.06666666666666667,0.3125,0.1
2205600,0.1,0.17857142857142858,0.03333333333333333,0.28125,0.05
2205900,0.1,0.17857142857142858,0.06666666666666667,0.25,0.05
2206200,0.1,0.17857142857142858,0.03333333333333333,0.21875,0.2
2206500,0.25,0.10714285714285714,0.13333333333333333,0.3125,0.25
2206800,0.2,0.10714285714285714,0.23333333333333334,0.25,0.15
2207100,0.25,0.14285714285714285,0.26666666666666666,0.28125,0.15
2207400,0.25,0.21428571428571427,0.16666666666666666,0.25,0.1
2207700,0.25,0.21428571428571427,0.03333333333333333,0.1875,0.05
2208000,0.25,0.17857142857142858,0.06666666666666667,0.1875,0.0
2208300,0.35,0.14285714285714285,0.1,0.21875,0.0
2208600,0.4,0.17857142857142858,0.1,0.21875,0.05
2208900,0.4,0.2857142857142857,0.1,0.3125,0.05
2209200,0.45,0.39285714285714285,0.23333333333333334,0.28125,0.3
2209500,0.35,0.42857142857142855,0.26666666666666666,0.375,0.35
2209800,0.4,0.5357142857142857,0.23333333333333334,0.4375,0.4
2210100,0.4,0.6428571428571429,0.23333333333333334,0.46875,0.4
2210400,0.5,0.6428571428571429,0.4666666666666667,0.5,0.5
2210700,0.5,0.6785714285714286,0.5666666666666667,0.625,0.65
2211000,0.5,0.6785714285714286,0.6,0.6875,0.75
2211300,0.55,0.6785714285714286,0.7,0.71875,0.75
2211600,0.6,0.7142857142857143,0.7666666666666667,0.78125,0.75
2211900,0.65,0.6785714285714286,0.7666666666666667,0.78125,0.7
2212200,0.65,0.6785714285714286,0.7333333333333333,0.8125,0.75
2212500,0.65,0.7142857142857143,0.8666666666666667,0.84375,0.75
2212800,0.65,0.7142857142857143,0.8666666666666667,0.84375,0.75
2213100,0.7,0.75,0.8333333333333334,0.8125,0.75
2213400,0.7,0.7857142857142857,0.9,0.6875,0.85
2213700,0.7,0.7857142857142857,0.8333333333333334,0.65625,0.85
2214000,0.7,0.75,0.8666666666666667,0.71875,0.75
2214300,0.7,0.75,0.9,0.71875,0.75
2214600,0.8,0.7142857142857143,0.9,0.71875,0.75
2214900,0.7,0.6785714285714286,0.9,0.8125,0.75
2215200,0.75,0.7142857142857143,0.9333333333333333,0.8125,0.75
2215500,0.85,0.7142857142857143,0.9333333333333333,0.78125,0.75
2215800,0.8,0.75,0.9333333333333333,0.78125,0.8
2216100,0.7,0.7857142857142857,0.9,0.875,0.8
2216400,0.7,0.7857142857142857,0.8666666666666667,0.90625,0.85
2216700,0.7,0.7857142857142857,0.8666666666666667,0.90625,0.85
2217000,0.7,0.7857142857142857,0.9,0.90625,0.9
2217300,0.75,0.75,0.9,0.90625,0.95
2217600,0.7,0.7857142857142857,0.9,0.9375,0.9
2217900,0.75,0.7857142857142857,0.8666666666666667,0.9375,0.85
2218200,0.6,0.75,0.8333333333333334,0.96875,0.8
2218500,0.6,0.75,0.8666666666666667,0.96875,0.8
2218800,0.6,0.7857142857142857,0.8666666666666667,0.96875,0.85
2219100,0.6,0.8214285714285714,0.9333333333333333,0.96875,0.85
2219400,0.6,0.8214285714285714,0.9333333333333333,0.96875,0.85
2219700,0.6,0.8214285714285714,0.9,0.90625,0.85
2220000,0.65,0.8214285714285714,0.9333333333333333,0.90625,0.85
2220300,0.7,0.8214285714285714,0.9666666666666667,0.90625,0.85
2220600,0.8,0.7857142857142857,0.9333333333333333,0.9375,0.85
2220900,0.8,0.7857142857142857,0.9,0.9375,0.85
2221200,0.7,0.8214285714285714,0.8666666666666667,0.96875,0.9
2221500,0.8,0.8214285714285714,0.8333333333333334,0.96875,0.85
2221800,0.8,0.7857142857142857,0.8333333333333334,1.0,0.85
2222100,0.8,0.75,0.8333333333333334,1.0,0.85
2222400,0.8,0.75,0.8333333333333334,0.96875,0.8
2222700,0.8,0.75,0.7666666666666667,0.90625,0.75
2223000,0.8,0.75,0.7,0.90625,0.75
2223300,0.8,0.7857142857142857,0.6666666666666666,0.96875,0.75
2223600,0.8,0.7857142857142857,0.6666666666666666,0.9375,0.75
2223900,0.8,0.7857142857142857,0.6666666666666666,0.9375,0.75
2224200,0.75,0.8571428571428571,0.6333333333333333,0.96875,0.75
2224500,0.75,0.8214285714285714,0.6,0.96875,0.75
2224800,0.8,0.8214285714285714,0.6,0.96875,0.75
2225100,0.8,0.8214285714285714,0.5666666666666667,0.96875,0.75
2225400,0.8,0.8214285714285714,0.5666666666666667,0.96875,0.75
2225700,0.75,0.8214285714285714,0.7,0.9375,0.9
2226000,0.75,0.8214285714285714,0.7333333333333333,0.9375,0.9
2226300,0.75,0.8571428571428571,0.7,0.9375,0.9
2226600,0.8,0.8571428571428571,0.7333333333333333,0.90625,0.85
2226900,0.8,0.8571428571428571,0.7333333333333333,0.9375,0.85
2227200,0.65,0.7857142857142857,0.9333333333333333,0.9375,0.9
2227500,0.65,0.7857142857142857,0.9333333333333333,0.9375,0.9
2227800,0.65,0.7857142857142857,0.9333333333333333,0.90625,0.95
2228100,0.65,0.7857142857142857,0.9333333333333333,0.90625,0.9
2228400,0.7,0.8214285714285714,0.7333333333333333,0.875,0.9
2228700,0.55,0.8214285714285714,0.5,0.90625,0.95
2229000,0.5,0.7857142857142857,0.5,0.90625,0.9
2229300,0.5,0.8214285714285714,0.4666666666666667,0.875,0.8
2229600,0.45,0.7142857142857143,0.4,0.78125,0.7
2229900,0.45,0.7142857142857143,0.3333333333333333,0.8125,0.65
2230200,0.45,0.6785714285714286,0.23333333333333334,0.8125,0.65
2230500,0.35,0.39285714285714285,0.16666666666666666,0.8125,0.7
2230800,0.25,0.5714285714285714,0.03333333333333333,0.8125,0.7
2231100,0.3,0.5714285714285714,0.16666666666666666,0.8125,0.65
2231400,0.25,0.5714285714285714,0.26666666666666666,0.84375,0.6
2231700,0.25,0.6071428571428571,0.2,0.84375,0.55
2232000,0.25,0.42857142857142855,0.4,0.8125,0.45
2232300,0.0,0.39285714285714285,0.4666666666666667,0.78125,0.55
2232600,0.1,0.42857142857142855,0.4666666666666667,0.71875,0.65
2232900,0.05,0.4642857142857143,0.5666666666666667,0.65625,0.6
2233200,0.25,0.5357142857142857,0.5333333333333333,0.625,0.65
2233500,0.1,0.5,0.4666666666666667,0.65625,0.65
2233800,0.05,0.5,0.43333333333333335,0.53125,0.6
2234100,0.05,0.5357142857142857,0.43333333333333335,0.59375,0.6
2234400,0.1,0.5,0.43333333333333335,0.53125,0.65
2234700,0.05,0.5714285714285714,0.43333333333333335,0.5,0.75
2235000,0.1,0.6428571428571429,0.36666666666666664,0.46875,0.7
2235300,0.25,0.6785714285714286,0.36666666666666664,0.53125,0.65
2235600,0.3,0.6785714285714286,0.4,0.46875,0.65
2235900,0.2,0.7857142857142857,0.43333333333333335,0.375,0.75
2236200,0.2,0.75,0.5333333333333333,0.4375,0.75
2236500,0.2,0.7142857142857143,0.5,0.46875,0.8
2236800,0.15,0.6428571428571429,0.5333333333333333,0.46875,0.8
2237100,0.35,0.6428571428571429,0.6,0.5625,0.8
2237400,0.5,0.6428571428571429,0.6,0.625,0.75
2237700,0.55,0.6428571428571429,0.5666666666666667,0.625,0.75
2238000,0.65,0.6785714285714286,0.5333333333333333,0.65625,0.7
2238300,0.6,0.6071428571428571,0.5666666666666667,0.75,0.85
2238600,0.6,0.6071428571428571,0.5666666666666667,0.78125,0.85
2238900,0.7,0.6428571428571429,0.6333333333333333,0.75,0.85
2239200,0.75,0.5357142857142857,0.8333333333333334,0.78125,0.9
2239500,0.75,0.5357142857142857,0.8333333333333334,0.78125,0.9
2239800,0.75,0.5714285714285714,0.8333333333333334,0.78125,0.85
2240100,0.75,0.5714285714285714,0.8333333333333334,0.71875,0.85
2240400,0.8,0.5357142857142857,0.8333333333333334,0.6875,0.85
2240700,0.75,0.4642857142857143,0.9,0.71875,0.85
2241000,0.75,0.42857142857142855,0.8666666666666667,0.71875,0.8
2241300,0.7,0.32142857142857145,0.8333333333333334,0.59375,0.8
2241600,0.7,0.32142857142857145,0.8666666666666667,0.59375,0.8
2241900,0.7,0.39285714285714285,0.8333333333333334,0.59375,0.8
2242200,0.7,0.5357142857142857,0.8,0.5,0.8
2242500,0.8,0.5357142857142857,0.7666666666666667,0.4375,0.8
2242800,0.8,0.6428571428571429,0.6666666666666666,0.28125,0.8
2243100,0.8,0.6428571428571429,0.7,0.25,0.8
2243400,0.8,0.7142857142857143,0.6666666666666666,0.1875,0.85
2243700,0.8,0.6785714285714286,0.7,0.21875,0.85
2244000,0.75,0.6785714285714286,0.6,0.125,0.9
2244300,0.75,0.75,0.6333333333333333,0.25,0.9
2244600,0.8,0.6785714285714286,0.6,0.25,0.8
2244900,0.75,0.5714285714285714,0.6333333333333333,0.1875,0.85
2245200,0.75,0.5357142857142857,0.6666666666666666,0.21875,0.85
2245500,0.65,0.5,0.6666666666666666,0.25,0.85
2245800,0.6,0.5,0.6,0.21875,0.75
2246100,0.6,0.5,0.43333333333333335,0.1875,0.65
2246400,0.6,0.5357142857142857,0.4666666666666667,0.21875,0.5
2246700,0.6,0.39285714285714285,0.16666666666666666,0.125,0.2
2247000,0.55,0.35714285714285715,0.1,0.125,0.1
2247300,0.45,0.25,0.0,0.09375,0.0
2247600,0.55,0.2857142857142857,0.06666666666666667,0.0625,0.1
2247900,0.55,0.25,0.06666666666666667,0.0,0.15
2248200,0.45,0.2857142857142857,0.03333333333333333,0.0,0.1
2248500,0.45,0.21428571428571427,0.0,0.03125,0.15
2248800,0.5,0.21428571428571427,0.0,0.03125,0.15
2249100,0.45,0.21428571428571427,0.03333333333333333,0.09375,0.1
2249400,0.45,0.25,0.03333333333333333,0.125,0.15
2249700,0.45,0.21428571428571427,0.0,0.0625,0.15
2250000,0.5,0.10714285714285714,0.03333333333333333,0.03125,0.1
2250300,0.5,0.07142857142857142,0.0,0.0625,0.15
2250600,0.55,0.10714285714285714,0.0,0.0,0.0
2250900,0.5,0.17857142857142858,0.03333333333333333,0.09375,0.2
2251200,0.6,0.14285714285714285,0.03333333333333333,0.0,0.25
2251500,0.55,0.2857142857142857,0.0,0.03125,0.35
2251800,0.55,0.35714285714285715,0.03333333333333333,0.09375,0.3
2252100,0.55,0.32142857142857145,0.13333333333333333,0.15625,0.3
2252400,0.5,0.2857142857142857,0.13333333333333333,0.21875,0.3
2252700,0.5,0.25,0.16666666666666666,0.1875,0.3
2253000,0.55,0.32142857142857145,0.13333333333333333,0.125,0.25
2253300,0.5,0.35714285714285715,0.16666666666666666,0.0625,0.2
2253600,0.55,0.39285714285714285,0.16666666666666666,0.0,0.25
2253900,0.55,0.35714285714285715,0.13333333333333333,0.0625,0.1
2254200,0.5,0.42857142857142855,0.13333333333333333,0.03125,0.2
2254500,0.45,0.35714285714285715,0.13333333333333333,0.03125,0.05
2254800,0.3,0.35714285714285715,0.13333333333333333,0.0625,0.0
2255100,0.35,0.39285714285714285,0.1,0.09375,0.1
2255400,0.2,0.39285714285714285,0.16666666666666666,0.09375,0.05
2255700,0.25,0.35714285714285715,0.16666666666666666,0.09375,0.05
2256000,0.2,0.39285714285714285,0.23333333333333334,0.09375,0.05
2256300,0.15,0.35714285714285715,0.3,0.15625,0.05
2256600,0.15,0.35714285714285715,0.23333333333333334,0.15625,0.05
2256900,0.25,0.39285714285714285,0.13333333333333333,0.15625,0.05
2257200,0.2,0.39285714285714285,0.1,0.25,0.15
2257500,0.2,0.5,0.16666666666666666,0.40625,0.15
2257800,0.2,0.5357142857142857,0.2,0.40625,0.2
2258100,0.3,0.5357142857142857,0.23333333333333334,0.40625,0.25
2258400,0.4,0.4642857142857143,0.16666666666666666,0.46875,0.35
2258700,0.4,0.5,0.16666666666666666,0.40625,0.4
2259000,0.35,0.5,0.13333333333333333,0.46875,0.25
2259300,0.4,0.5714285714285714,0.13333333333333333,0.5,0.1
2259600,0.45,0.5714285714285714,0.13333333333333333,0.53125,0.05
2259900,0.4,0.6071428571428571,0.16666666666666666,0.46875,0.05
2260200,0.4,0.6071428571428571,0.2,0.46875,0.05
2260500,0.4,0.5357142857142857,0.26666666666666666,0.46875,0.0
2260800,0.45,0.5357142857142857,0.36666666666666664,0.40625,0.1
2261100,0.45,0.5357142857142857,0.36666666666666664,0.40625,0.15
2261400,0.4,0.5714285714285714,0.3333333333333333,0.34375,0.05
2261700,0.45,0.5714285714285714,0.3,0.3125,0.15
2262000,0.55,0.4642857142857143,0.3333333333333333,0.25,0.3
2262300,0.55,0.4642857142857143,0.3333333333333333,0.3125,0.3
2262600,0.5,0.5357142857142857,0.43333333333333335,0.3125,0.2
2262900,0.5,0.4642857142857143,0.36666666666666664,0.375,0.25
2263200,0.5,0.5357142857142857,0.3333333333333333,0.34375,0.25
2263500,0.55,0.5,0.26666666666666666,0.28125,0.2
2263800,0.4,0.5,0.23333333333333334,0.21875,0.25
2264100,0.4,0.4642857142857143,0.26666666666666666,0.28125,0.15
2264400,0.45,0.5,0.26666666666666666,0.3125,0.1
2264700,0.35,0.6071428571428571,0.23333333333333334,0.375,0.1
2265000,0.35,0.6666666666666666,0.13333333333333333,0.375,0.0
2265300,0.3,0.625,0.0,0.0,0.0
2265600,0.25,0.5833333333333334,0.13333333333333333,0.34375,0.1
2265900,0.25,0.5833333333333334,0.03333333333333333,0.3125,0.05
2266200,0.15,0.5416666666666666,0.13333333333333333,0.34375,0.1
2266500,0.2,0.4583333333333333,0.03333333333333333,0.34375,0.2
2266800,0.2,0.4583333333333333,0.03333333333333333,0.3125,0.25
2267100,0.25,0.4583333333333333,0.06666666666666667,0.3125,0.05
2267400,0.25,0.4583333333333333,0.16666666666666666,0.25,0.05
2267700,0.15,0.4166666666666667,0.03333333333333333,0.21875,0.15
2268000,0.15,0.375,0.06666666666666667,0.3125,0.05
2268300,0.15,0.375,0.0,0.25,0.05
2268600,0.15,0.375,0.06666666666666667,0.375,0.1
2268900,0.15,0.3333333333333333,0.0,0.25,0.2
2269200,0.15,0.2916666666666667,0.06666666666666667,0.25,0.1
2269500,0.25,0.375,0.13333333333333333,0.3125,0.2
2269800,0.15,0.375,0.2,0.3125,0.15
2270100,0.15,0.2916666666666667,0.23333333333333334,0.25,0.25
2270400,0.2,0.25,0.16666666666666666,0.28125,0.25
2270700,0.3,0.2916666666666667,0.13333333333333333,0.25,0.3
2271000,0.5,0.4583333333333333,0.13333333333333333,0.09375,0.35
2271300,0.35,0.5,0.2,0.09375,0.4
2271600,0.35,0.5,0.23333333333333334,0.15625,0.35
2271900,0.4,0.625,0.26666666666666666,0.15625,0.5
2272200,0.25,0.7083333333333334,0.1,0.125,0.45
2272500,0.1,0.7083333333333334,0.16666666666666666,0.0625,0.35
2272800,0.1,0.7083333333333334,0.16666666666666666,0.0625,0.5
2273100,0.15,0.7083333333333334,0.0,0.03125,0.4
2273400,0.15,0.625,0.06666666666666667,0.03125,0.5
2273700,0.2,0.625,0.2,0.09375,0.5
2274000,0.05,0.7083333333333334,0.16666666666666666,0.09375,0.5
2274300,0.05,0.7083333333333334,0.16666666666666666,0.09375,0.5
2274600,0.1,0.75,0.26666666666666666,0.15625,0.6
2274900,0.15,0.8333333333333334,0.36666666666666664,0.1875,0.65
2275200,0.3,0.8333333333333334,0.4,0.15625,0.65
2275500,0.35,0.875,0.4666666666666667,0.25,0.7
2275800,0.55,0.875,0.5666666666666667,0.40625,0.8
2276100,0.6,0.875,0.6666666666666666,0.53125,0.85
2276400,0.65,0.875,0.7333333333333333,0.59375,0.9
2276700,0.7,0.875,0.7333333333333333,0.71875,0.9
2277000,0.65,0.875,0.7666666666666667,0.6875,0.95
2277300,0.65,0.9166666666666666,0.7666666666666667,0.78125,0.95
2277600,0.65,0.9583333333333334,0.7666666666666667,0.78125,0.95
2277900,0.65,0.9583333333333334,0.8333333333333334,0.78125,0.95
2278200,0.7,0.9583333333333334,0.8333333333333334,0.8125,0.95
2278500,0.75,0.9583333333333334,0.8666666666666667,0.875,0.9
2278800,0.75,0.9583333333333334,0.8,0.8125,0.85
2279100,0.8,0.9583333333333334,0.8333333333333334,0.78125,0.8
2279400,0.8,0.9166666666666666,0.8666666666666667,0.78125,0.75
2279700,0.8,0.9166666666666666,0.8666666666666667,0.78125,0.7
2280000,0.8,0.9166666666666666,0.0,0.0,0.0
2280300,0.8,0.9166666666666666,0.7333333333333333,0.8125,0.65
2280600,0.8,0.875,0.7666666666666667,0.8125,0.7
2280900,0.75,0.875,0.6666666666666666,0.8125,0.7
2281200,0.75,0.875,0.5333333333333333,0.875,0.8
2281500,0.85,0.875,0.5,0.84375,0.8
2281800,0.85,0.875,0.5,0.8125,0.85
2282100,0.85,0.875,0.43333333333333335,0.78125,0.85
2282400,0.9,0.875,0.36666666666666664,0.8125,0.75
2282700,0.95,0.9166666666666666,0.6666666666666666,0.84375,0.7
2283000,0.0,0.9583333333333334,0.7,0.84375,0.75
2283300,0.9,0.875,0.8,0.875,0.75
2283600,0.9,0.8333333333333334,0.8,0.875,0.75
2283900,0.85,0.8333333333333334,0.8,0.90625,0.75
2284200,0.85,0.8333333333333334,0.7333333333333333,0.90625,0.75
2284500,0.8,0.8333333333333334,0.7666666666666667,0.90625,0.8
2284800,0.9,0.9166666666666666,0.7333333333333333,0.90625,0.85
2285100,0.9,0.9166666666666666,0.7,0.96875,0.9
2285400,0.9,0.9166666666666666,0.6333333333333333,0.96875,0.95
2285700,0.8,0.9166666666666666,0.6,1.0,0.95
2286000,0.85,0.875,0.6333333333333333,0.96875,1.0
2286300,0.8,0.875,0.7,0.90625,0.95
2286600,0.8,0.9166666666666666,0.6666666666666666,0.84375,0.95
2286900,0.75,0.9166666666666666,0.6666666666666666,0.8125,0.95
2287200,0.75,0.9166666666666666,0.0,0.0,0.0
2287500,0.75,0.9166666666666666,0.7333333333333333,0.8125,0.9
2287800,0.7,0.875,0.7666666666666667,0.875,0.85
2288100,0.65,0.8333333333333334,0.8333333333333334,0.875,0.85
2288400,0.65,0.8333333333333334,0.8333333333333334,0.84375,0.85
2288700,0.65,0.8333333333333334,0.9,0.8125,0.85
2289000,0.55,0.875,0.7666666666666667,0.78125,0.85
2289300,0.55,0.875,0.6666666666666666,0.75,0.7
2289600,0.45,0.8333333333333334,0.5,0.75,0.55
2289900,0.25,0.8333333333333334,0.26666666666666666,0.6875,0.25
2290200,0.25,0.875,0.2,0.53125,0.15
2290500,0.35,0.875,0.13333333333333333,0.4375,0.1
2290800,0.3,0.8333333333333334,0.03333333333333333,0.34375,0.05
2291100,0.2,0.7916666666666666,0.06666666666666667,0.21875,0.05
2291400,0.2,0.75,0.1,0.09375,0.05
2291700,0.15,0.7083333333333334,0.13333333333333333,0.09375,0.15
2292000,0.15,0.7083333333333334,0.16666666666666666,0.0625,0.2
2292300,0.35,0.7083333333333334,0.26666666666666666,0.1875,0.15
2292600,0.4,0.6666666666666666,0.16666666666666666,0.28125,0.2
2292900,0.45,0.6666666666666666,0.1,0.375,0.15
2293200,0.45,0.625,0.16666666666666666,0.4375,0.15
2293500,0.45,0.5,0.16666666666666666,0.40625,0.15
2293800,0.5,0.375,0.2,0.5,0.15
2294100,0.45,0.4166666666666667,0.26666666666666666,0.4375,0.25
2294400,0.5,0.4166666666666667,0.2,0.34375,0.25
2294700,0.55,0.4166666666666667,0.0,0.0,0.0
2295000,0.5,0.4166666666666667,0.13333333333333333,0.34375,0.25
2295300,0.7,0.4166666666666667,0.1,0.40625,0.25
2295600,0.75,0.4583333333333333,0.1,0.5,0.3
2295900,0.75,0.4583333333333333,0.13333333333333333,0.46875,0.3
2296200,0.7,0.5,0.2,0.4375,0.35
2296500,0.55,0.5,0.1,0.375,0.2
2296800,0.6,0.5416666666666666,0.16666666666666666,0.375,0.15
2297100,0.6,0.625,0.36666666666666664,0.5,0.3
2297400,0.0,0.6666666666666666,0.3333333333333333,0.59375,0.45
2297700,0.6,0.75,0.36666666666666664,0.78125,0.45
2298000,0.6,0.7916666666666666,0.4666666666666667,0.8125,0.45
2298300,0.6,0.7916666666666666,0.6,0.8125,0.55
2298600,0.5,0.7916666666666666,0.6333333333333333,0.875,0.65
2298900,0.5,0.8333333333333334,0.6666666666666666,0.90625,0.65
2299200,0.5,0.8333333333333334,0.7333333333333333,0.9375,0.6
2299500,0.5,0.875,0.7333333333333333,0.9375,0.65
2299800,0.5,0.875,0.7333333333333333,0.9375,0.65
2300100,0.5,0.875,0.7333333333333333,0.9375,0.65
2300400,0.5,0.9166666666666666,0.8,0.875,0.75
2300700,0.5,0.9166666666666666,0.7666666666666667,0.875,0.8
2301000,0.55,0.875,0.7666666666666667,0.875,0.8
2301300,0.55,0.875,0.8,0.875,0.8
2301600,0.6,0.875,0.6666666666666666,0.96875,0.8
2301900,0.6,0.7916666666666666,0.0,0.9375,0.0
2302200,0.6,0.7916666666666666,0.6666666666666666,0.0,0.85
2302500,0.65,0.75,0.6666666666666666,0.9375,0.85
2302800,0.65,0.7083333333333334,0.6666666666666666,0.9375,0.85
2303100,0.65,0.6666666666666666,0.6666666666666666,0.9375,0.8
2303400,0.6,0.625,0.7,0.9375,0.8
2303700,0.55,0.5833333333333334,0.6666666666666666,0.9375,0.8
2304000,0.5,0.5833333333333334,0.7333333333333333,0.9375,0.85
2304300,0.55,0.625,0.7333333333333333,0.9375,0.8
2304600,0.55,0.625,0.7333333333333333,0.9375,0.8
2304900,0.5,0.7083333333333334,0.7,0.9375,0.8
2305200,0.5,0.625,0.6333333333333333,0.90625,0.8
2305500,0.5,0.5833333333333334,0.6666666666666666,0.875,0.8
2305800,0.5,0.5416666666666666,0.6666666666666666,0.90625,0.8
2306100,0.5,0.5416666666666666,0.7333333333333333,0.9375,0.8
2306400,0.5,0.5416666666666666,0.7666666666666667,0.9375,0.8
2306700,0.55,0.5833333333333334,0.8333333333333334,0.90625,0.8
2307000,0.45,0.625,0.8666666666666667,0.875,0.8
2307300,0.5,0.625,0.8666666666666667,0.875,0.8
2307600,0.55,0.625,0.8333333333333334,0.84375,0.75
2307900,0.65,0.7083333333333334,0.8333333333333334,0.90625,0.8
2308200,0.55,0.7083333333333334,0.8333333333333334,0.9375,0.85
2308500,0.55,0.7083333333333334,0.8333333333333334,0.9375,0.9
2308800,0.55,0.875,0.8333333333333334,0.90625,0.85
2309100,0.5,0.875,0.8333333333333334,0.90625,0.0
2309400,0.5,0.875,0.0,0.0,0.8
2309700,0.5,0.875,0.8,0.9375,0.9
2310000,0.7,0.875,0.8333333333333334,0.9375,0.9
2310300,0.65,0.875,0.8,0.9375,0.9
2310600,0.65,0.875,0.8,0.9375,0.9
2310900,0.75,0.875,0.8,0.96875,0.95
2311200,0.75,0.875,0.8333333333333334,0.96875,1.0
2311500,0.75,0.875,0.8333333333333334,0.9375,1.0
2311800,0.85,0.875,0.8,0.9375,1.0
2312100,0.85,0.875,0.8,0.9375,1.0
2312400,0.85,0.875,0.8,0.9375,0.95
2312700,0.85,0.8333333333333334,0.8666666666666667,0.90625,0.95
2313000,0.9,0.8333333333333334,0.8666666666666667,0.90625,0.95
2313300,0.9,0.8333333333333334,0.8666666666666667,0.90625,0.95
2313600,0.9,0.75,0.8666666666666667,0.90625,1.0
2313900,0.9,0.75,0.8666666666666667,0.9375,1.0
2314200,0.85,0.75,0.8,0.9375,1.0
2314500,0.7,0.7916666666666666,0.7,0.9375,1.0
2314800,0.7,0.7916666666666666,0.7,0.96875,0.95
2315100,0.55,0.75,0.5333333333333333,1.0,0.95
2315400,0.4,0.75,0.36666666666666664,0.9375,0.95
2315700,0.25,0.625,0.26666666666666666,0.84375,0.8
2316000,0.25,0.625,0.2,0.8125,0.8
2316300,0.25,0.5416666666666666,0.06666666666666667,0.78125,0.75
2316600,0.35,0.5416666666666666,0.13333333333333333,0.78125,0.75
2316900,0.25,0.5416666666666666,0.16666666666666666,0.75,0.75
2317200,0.15,0.5416666666666666,0.1,0.71875,0.85
2317500,0.15,0.5833333333333334,0.13333333333333333,0.71875,0.8
2317800,0.15,0.5833333333333334,0.16666666666666666,0.71875,0.9
2318100,0.25,0.5833333333333334,0.13333333333333333,0.71875,0.9
2318400,0.3,0.625,0.26666666666666666,0.71875,0.9
2318700,0.4,0.5833333333333334,0.4,0.75,0.9
2319000,0.4,0.5833333333333334,0.36666666666666664,0.78125,0.8
2319300,0.4,0.5833333333333334,0.23333333333333334,0.78125,0.75
2319600,0.45,0.625,0.3,0.75,0.75
2319900,0.45,0.625,0.3,0.75,0.8
2320200,0.35,0.625,0.3333333333333333,0.75,0.85
2320500,0.35,0.7083333333333334,0.3,0.75,0.8
2320800,0.4,0.625,0.3333333333333333,0.71875,0.85
2321100,0.35,0.625,0.4,0.71875,0.8
2321400,0.35,0.6666666666666666,0.4,0.6875,0.8
2321700,0.4,0.6666666666666666,0.5333333333333333,0.6875,0.75
2322000,0.4,0.625,0.5333333333333333,0.75,0.7
2322300,0.4,0.6666666666666666,0.5666666666666667,0.6875,0.7
2322600,0.45,0.75,0.6,0.71875,0.6
2322900,0.45,0.7083333333333334,0.7666666666666667,0.71875,0.55
2323200,0.45,0.6666666666666666,0.7333333333333333,0.6875,0.65
2323500,0.55,0.625,0.7333333333333333,0.71875,0.6
2323800,0.55,0.625,0.7,0.71875,0.6
2324100,0.6,0.5833333333333334,0.0,0.0,0.0
2324400,0.55,0.5833333333333334,0.7,0.71875,0.7
2324700,0.6,0.6666666666666666,0.7,0.71875,0.75
2325000,0.65,0.625,0.7666666666666667,0.71875,0.7
2325300,0.65,0.625,0.8333333333333334,0.75,0.9
2325600,0.6,0.5833333333333334,0.8333333333333334,0.75,0.9
2325900,0.6,0.5833333333333334,0.8,0.65625,0.9
2326200,0.7,0.5833333333333334,0.8666666666666667,0.65625,0.9
2326500,0.65,0.625,0.8666666666666667,0.65625,0.9
2326800,0.65,0.6666666666666666,0.9,0.6875,0.9
2327100,0.75,0.7916666666666666,0.8666666666666667,0.75,0.85
2327400,0.7,0.75,0.8333333333333334,0.6875,0.8
2327700,0.7,0.75,0.8,0.5625,0.8
2328000,0.7,0.75,0.8333333333333334,0.53125,0.8
2328300,0.7,0.75,0.8333333333333334,0.46875,0.85
2328600,0.7,0.625,0.8333333333333334,0.5625,0.85
2328900,0.65,0.6666666666666666,0.8,0.46875,0.85
2329200,0.65,0.6666666666666666,0.7333333333333333,0.5,0.85
2329500,0.7,0.6666666666666666,0.8,0.5,0.75
2329800,0.6,0.6666666666666666,0.8333333333333334,0.625,0.75
2330100,0.6,0.6666666666666666,0.8,0.65625,0.75
2330400,0.6,0.7083333333333334,0.8,0.5625,0.75
2330700,0.65,0.5,0.8,0.5625,0.7
2331000,0.65,0.375,0.7,0.53125,0.75
2331300,0.65,0.3333333333333333,0.6666666666666666,0.46875,0.75
2331600,0.7,0.25,0.6666666666666666,0.4375,0.8
2331900,0.7,0.25,0.6,0.40625,0.85
2332200,0.75,0.16666666666666666,0.4,0.46875,0.65
2332500,0.8,0.20833333333333334,0.23333333333333334,0.28125,0.5
2332800,0.85,0.2916666666666667,0.2,0.3125,0.4
2333100,0.85,0.375,0.06666666666666667,0.21875,0.35
2333400,0.9,0.2916666666666667,0.1,0.1875,0.25
2333700,0.9,0.20833333333333334,0.06666666666666667,0.15625,0.15
2334000,0.9,0.25,0.1,0.21875,0.1
2334300,0.85,0.2916666666666667,0.13333333333333333,0.21875,0.1
2334600,0.85,0.2916666666666667,0.1,0.15625,0.1
2334900,0.85,0.20833333333333334,0.13333333333333333,0.09375,0.15
2335200,0.85,0.25,0.13333333333333333,0.09375,0.2
2335500,0.85,0.20833333333333334,0.06666666666666667,0.03125,0.55
2335800,0.85,0.20833333333333334,0.13333333333333333,0.03125,0.25
2336100,0.85,0.125,0.1,0.0625,0.15
2336400,0.9,0.125,0.1,0.0625,0.2
2336700,0.9,0.20833333333333334,0.06666666666666667,0.15625,0.1
2337000,0.9,0.20833333333333334,0.06666666666666667,0.09375,0.1
2337300,0.9,0.125,0.13333333333333333,0.0625,0.15
2337600,0.9,0.08333333333333333,0.13333333333333333,0.15625,0.15
2337900,0.9,0.08333333333333333,0.16666666666666666,0.09375,0.15
2338200,0.9,0.041666666666666664,0.1,0.09375,0.05
2338500,0.9,0.041666666666666664,0.13333333333333333,0.1875,0.15
2338800,0.9,0.041666666666666664,0.0,0.0,0.0
2339100,0.9,0.0,0.06666666666666667,0.09375,0.2
2339400,0.9,0.0,0.1,0.125,0.15
2339700,0.9,0.0,0.1,0.125,0.15
2340000,0.9,0.0,0.13333333333333333,0.09375,0.05
2340300,0.9,0.125,0.16666666666666666,0.0625,0.15
2340600,0.9,0.375,0.1,0.0625,0.2
2340900,0.9,0.375,0.1,0.0625,0.3
2341200,0.85,0.375,0.1,0.125,0.35
2341500,0.75,0.5,0.13333333333333333,0.0625,0.4
2341800,0.75,0.4583333333333333,0.06666666666666667,0.09375,0.35
2342100,0.8,0.5416666666666666,0.13333333333333333,0.03125,0.25
2342400,0.8,0.4166666666666667,0.13333333333333333,0.0625,0.3
2342700,0.8,0.4583333333333333,0.1,0.1875,0.3
2343000,0.8,0.4583333333333333,0.1,0.125,0.3
2343300,0.8,0.5833333333333334,0.13333333333333333,0.125,0.25
2343600,0.65,0.5833333333333334,0.13333333333333333,0.3125,0.15
2343900,0.6,0.4583333333333333,0.13333333333333333,0.28125,0.1
2344200,0.45,0.4583333333333333,0.16666666666666666,0.25,0.15
2344500,0.45,0.4583333333333333,0.1,0.21875,0.15
2344800,0.45,0.4583333333333333,0.23333333333333334,0.09375,0.1
2345100,0.4,0.4583333333333333,0.2,0.21875,0.15
2345400,0.35,0.5833333333333334,0.13333333333333333,0.21875,0.1
2345700,0.35,0.5833333333333334,0.1,0.25,0.1
2346000,0.3,0.5833333333333334,0.06666666666666667,0.34375,0.1
2346300,0.3,0.5833333333333334,0.0,0.0,0.0
2346600,0.4,0.625,0.06666666666666667,0.53125,0.1
2346900,0.3,0.6666666666666666,0.1,0.46875,0.05
2347200,0.4,0.6666666666666666,0.06666666666666667,0.40625,0.05
2347500,0.35,0.7083333333333334,0.1,0.28125,0.1
2347800,0.0,0.6666666666666666,0.1,0.21875,0.05
2348100,0.3,0.75,0.13333333333333333,0.28125,0.05
2348400,0.4,0.75,0.06666666666666667,0.21875,0.1
2348700,0.45,0.75,0.13333333333333333,0.25,0.2
2349000,0.4,0.6666666666666666,0.13333333333333333,0.1875,0.15
2349300,0.4,0.6666666666666666,0.2,0.1875,0.15
2349600,0.4,0.625,0.23333333333333334,0.3125,0.1
2349900,0.45,0.6666666666666666,0.2,0.3125,0.05
2350200,0.4,0.75,0.23333333333333334,0.34375,0.0
2350500,0.4,0.6666666666666666,0.23333333333333334,0.25,0.0
2350800,0.35,0.625,0.2,0.40625,0.3
2351100,0.35,0.7083333333333334,0.13333333333333333,0.40625,0.25
2351400,0.3,0.75,0.2,0.34375,0.15
2351700,0.35,0.6666666666666666,0.26666666666666666,0.28125,0.15
2352000,0.35,0.6666666666666666,0.23333333333333334,0.125,0.25
2352300,0.35,0.5416666666666666,0.16666666666666666,0.15625,0.3
2352600,0.3,0.5833333333333334,0.2,0.125,0.25
2352900,0.25,0.5416666666666666,0.16666666666666666,0.15625,0.1
2353200,0.35,0.5416666666666666,0.16666666666666666,0.15625,0.05
2353500,0.3,0.4583333333333333,0.0,0.0,0.0
2353800,0.35,0.375,0.16666666666666666,0.09375,0.0
2354100,0.35,0.375,0.1,0.125,0.05
2354400,0.3,0.4166666666666667,0.06666666666666667,0.15625,0.05
2354700,0.25,0.5,0.06666666666666667,0.15625,0.0
2355000,0.25,0.5,0.06666666666666667,0.125,0.1
2355300,0.25,0.5416666666666666,0.1,0.1875,0.0
2355600,0.25,0.5416666666666666,0.1,0.15625,0.1
2355900,0.25,0.4583333333333333,0.13333333333333333,0.21875,0.2
2356200,0.25,0.4583333333333333,0.13333333333333333,0.15625,0.1
2356500,0.2,0.4166666666666667,0.16666666666666666,0.125,0.15
2356800,0.25,0.4583333333333333,0.23333333333333334,0.09375,0.2
2357100,0.2,0.5,0.16666666666666666,0.0625,0.25
2357400,0.1,0.5,0.13333333333333333,0.03125,0.2
2357700,0.15,0.5416666666666666,0.13333333333333333,0.0625,0.25
2358000,0.15,0.4583333333333333,0.1,0.03125,0.35
2358300,0.2,0.5833333333333334,0.06666666666666667,0.09375,0.4
2358600,0.15,0.625,0.1,0.03125,0.3
2358900,0.1,0.5833333333333334,0.1,0.0625,0.2
2359200,0.05,0.5416666666666666,0.06666666666666667,0.0,0.4
2359500,0.05,0.5416666666666666,0.06666666666666667,0.1875,0.4
2359800,0.2,0.5416666666666666,0.1,0.0625,0.5
2360100,0.1,0.5416666666666666,0.2,0.03125,0.6
2360400,0.2,0.5833333333333334,0.2,0.03125,0.7
2360700,0.25,0.625,0.0,0.0,0.0
2361000,0.25,0.75,0.26666666666666666,0.125,0.75
2361300,0.35,0.8333333333333334,0.3,0.125,0.75
2361600,0.4,0.7916666666666666,0.36666666666666664,0.125,0.75
2361900,0.45,0.7916666666666666,0.5,0.34375,0.75
2362200,0.5,0.7916666666666666,0.6333333333333333,0.4375,0.85
2362500,0.5,0.875,0.7333333333333333,0.53125,0.95
2362800,0.55,0.875,0.7666666666666667,0.53125,0.9
2363100,0.65,0.875,0.8333333333333334,0.5625,0.9
2363400,0.65,0.9166666666666666,0.8666666666666667,0.625,0.9
2363700,0.7,0.9166666666666666,0.8666666666666667,0.65625,0.9
2364000,0.7,0.9166666666666666,0.8666666666666667,0.6875,0.85
2364300,0.7,0.9166666666666666,0.9,0.71875,0.85
2364600,0.7,0.9166666666666666,0.8666666666666667,0.8125,0.85
2364900,0.7,0.8333333333333334,0.8333333333333334,0.90625,0.85
2365200,0.75,0.875,0.8333333333333334,0.875,0.85
2365500,0.75,0.875,0.8333333333333334,0.78125,0.9
2365800,0.75,0.9166666666666666,0.8333333333333334,0.78125,0.9
2366100,0.8,0.9166666666666666,0.7666666666666667,0.78125,0.85
2366400,0.85,0.9166666666666666,0.7333333333333333,0.78125,0.85
2366700,0.85,0.9166666666666666,0.6666666666666666,0.8125,0.9
2367000,0.85,0.9166666666666666,0.6333333333333333,0.78125,0.9
2367300,0.8,0.9166666666666666,0.5666666666666667,0.75,0.85
2367600,0.8,0.875,0.5,0.71875,0.85
2367900,0.75,0.8333333333333334,0.4666666666666667,0.6875,0.85
2368200,0.75,0.8333333333333334,0.43333333333333335,0.71875,0.85
2368500,0.7,0.8333333333333334,0.4,0.75,0.8
2368800,0.65,0.875,0.4,0.75,0.8
2369100,0.65,0.875,0.6,0.8125,0.8
2369400,0.0,0.875,0.6,0.8125,0.7
2369700,0.65,0.8333333333333334,0.6333333333333333,0.8125,0.7
2370000,0.75,0.7916666666666666,0.7,0.8125,0.75
2370300,0.7,0.8333333333333334,0.6333333333333333,0.8125,0.7
2370600,0.7,0.75,0.6666666666666666,0.84375,0.6
2370900,0.7,0.75,0.6666666666666666,0.84375,0.75
2371200,0.65,0.7916666666666666,0.6,0.8125,0.7
2371500,0.75,0.8333333333333334,0.6333333333333333,0.8125,0.75
2371800,0.75,0.8333333333333334,0.6333333333333333,0.8125,0.8
2372100,0.85,0.8333333333333334,0.6333333333333333,0.8125,0.9
2372400,0.85,0.8333333333333334,0.7,0.78125,0.9
2372700,0.85,0.9166666666666666,0.7333333333333333,0.8125,0.85
2373000,0.85,0.9166666666666666,0.7,0.8125,0.85
2373300,0.8,0.9583333333333334,0.7,0.8125,0.95
2373600,0.75,0.9166666666666666,0.7333333333333333,0.75,0.9
2373900,0.8,0.9166666666666666,0.7333333333333333,0.71875,0.95
2374200,0.8,0.9166666666666666,0.6666666666666666,0.71875,0.95
2374500,0.75,0.9583333333333334,0.7,0.6875,0.95
2374800,0.8,0.9583333333333334,0.6333333333333333,0.71875,0.95
2375100,0.75,0.9583333333333334,0.6333333333333333,0.71875,0.85
2375400,0.75,0.875,0.0,0.0,0.8
2375700,0.75,0.8333333333333334,0.4,0.75,0.75
2376000,0.6,0.7916666666666666,0.3333333333333333,0.625,0.65
2376300,0.5,0.7083333333333334,0.23333333333333334,0.53125,0.5
2376600,0.3,0.5833333333333334,0.06666666666666667,0.4375,0.05
2376900,0.25,0.5416666666666666,0.1,0.46875,0.05
2377200,0.2,0.375,0.06666666666666667,0.34375,0.05
2377500,0.05,0.375,0.03333333333333333,0.34375,0.0
2377800,0.05,0.25,0.1,0.3125,0.05
2378100,0.05,0.25,0.03333333333333333,0.375,0.15
2378400,0.05,0.2916666666666667,0.03333333333333333,0.28125,0.05
2378700,0.05,0.4166666666666667,0.1,0.125,0.05
2379000,0.0,0.375,0.03333333333333333,0.125,0.15
2379300,0.0,0.2916666666666667,0.03333333333333333,0.03125,0.25
2379600,0.15,0.3333333333333333,0.03333333333333333,0.09375,0.15
2379900,0.1,0.375,0.13333333333333333,0.09375,0.2
2380200,0.2,0.3333333333333333,0.13333333333333333,0.125,0.05
2380500,0.15,0.3333333333333333,0.3333333333333333,0.09375,0.15
2380800,0.1,0.375,0.4,0.15625,0.0
2381100,0.1,0.5416666666666666,0.23333333333333334,0.1875,0.05
2381400,0.15,0.4583333333333333,0.2,0.1875,0.05
2381700,0.1,0.4583333333333333,0.06666666666666667,0.3125,0.0
2382000,0.05,0.5,0.06666666666666667,0.4375,0.0
2382300,0.1,0.5,0.1,0.4375,0.1
2382600,0.1,0.5833333333333334,0.0,0.0,0.0
2382900,0.1,0.625,0.26666666666666666,0.5625,0.25
2383200,0.15,0.7083333333333334,0.26666666666666666,0.71875,0.3
2383500,0.25,0.7916666666666666,0.43333333333333335,0.8125,0.5
2383800,0.25,0.8333333333333334,0.5666666666666667,0.84375,0.4
2384100,0.3,0.875,0.5666666666666667,0.875,0.4
2384400,0.45,0.875,0.6333333333333333,0.84375,0.45
2384700,0.45,0.9583333333333334,0.6,0.875,0.55
2385000,0.6,0.9583333333333334,0.7,0.90625,0.6
2385300,0.7,0.9583333333333334,0.7333333333333333,0.90625,0.65
2385600,0.7,0.9583333333333334,0.8,0.875,0.8
2385900,0.7,0.9583333333333334,0.8,0.90625,0.8
2386200,0.65,1.0,0.8,0.96875,0.75
2386500,0.65,1.0,0.8,0.9375,0.75
2386800,0.75,1.0,0.8333333333333334,0.90625,0.75
2387100,0.75,1.0,0.8333333333333334,0.875,0.75
2387400,0.75,1.0,0.8333333333333334,0.9375,0.8
2387700,0.75,0.9583333333333334,0.8333333333333334,0.9375,0.8
2388000,0.85,0.875,0.7666666666666667,0.9375,0.9
2388300,0.85,0.875,0.7,0.9375,0.9
2388600,0.8,0.8333333333333334,0.6333333333333333,0.90625,0.9
2388900,0.8,0.8333333333333334,0.7,0.90625,0.9
2389200,0.8,0.7916666666666666,0.7666666666666667,0.90625,0.9
2389500,0.7,0.7916666666666666,0.8,0.90625,0.95
2389800,0.7,0.7916666666666666,0.8333333333333334,0.875,0.9
2390100,0.7,0.9166666666666666,0.8,0.875,0.75
2390400,0.7,0.9166666666666666,0.8,0.90625,0.7
2390700,0.7,0.875,0.7666666666666667,0.90625,0.7
2391000,0.75,0.7916666666666666,0.7666666666666667,0.9375,0.85
2391300,0.7,0.8333333333333334,0.7333333333333333,0.9375,0.85
2391600,0.65,0.8333333333333334,0.7,0.90625,0.8
2391900,0.6,0.875,0.7333333333333333,0.90625,0.8
2392200,0.65,0.875,0.7333333333333333,0.9375,0.85
2392500,0.65,0.875,0.7666666666666667,0.90625,0.85
2392800,0.55,0.9166666666666666,0.8333333333333334,0.875,0.85
2393100,0.6,0.9166666666666666,0.8,0.84375,0.85
2393400,0.6,0.9166666666666666,0.8,0.84375,0.85
2393700,0.6,0.9166666666666666,0.7666666666666667,0.84375,0.85
2394000,0.55,0.875,0.8,0.84375,0.85
2394300,0.6,0.875,0.8333333333333334,0.84375,0.9
2394600,0.5,0.875,0.8333333333333334,0.875,0.9
2394900,0.55,0.875,0.8,0.875,0.8
2395200,0.55,0.9166666666666666,0.8,0.875,0.9
2395500,0.75,0.9166666666666666,0.8,0.875,0.9
2395800,0.75,0.875,0.8,0.90625,0.9
2396100,0.75,0.9166666666666666,0.7666666666666667,0.96875,0.9
2396400,0.75,0.875,0.7666666666666667,1.0,0.95
2396700,0.75,0.875,0.7333333333333333,0.96875,0.95
2397000,0.75,0.875,0.7333333333333333,0.90625,0.95
2397300,0.75,0.9166666666666666,0.0,0.0,0.0
2397600,0.8,0.9166666666666666,0.7666666666666667,0.90625,0.95
2397900,0.0,0.9583333333333334,0.8,0.9375,1.0
2398200,0.0,0.9583333333333334,0.8333333333333334,0.9375,1.0
2398500,0.0,0.9583333333333334,0.8333333333333334,0.9375,1.0
2398800,0.65,0.9583333333333334,0.8333333333333334,0.96875,0.95
2399100,0.65,0.9583333333333334,0.9,0.96875,0.95
2399400,0.65,0.9583333333333334,0.9333333333333333,0.96875,0.95
2399700,0.65,0.9583333333333334,0.9333333333333333,1.0,0.95
2400000,0.6,0.9583333333333334,0.9333333333333333,0.96875,0.95
2400300,0.6,0.9583333333333334,0.9333333333333333,0.96875,0.95
2400600,0.6,0.9583333333333334,0.9,0.96875,0.95
2400900,0.5,1.0,0.6666666666666666,0.96875,0.9
2401200,0.5,1.0,0.6666666666666666,0.9375,0.9
2401500,0.5,1.0,0.6666666666666666,0.9375,0.9
2401800,0.55,0.9166666666666666,0.4666666666666667,0.8125,0.75
2402100,0.6,0.9166666666666666,0.4,0.78125,0.75
2402400,0.55,0.9166666666666666,0.23333333333333334,0.78125,0.75
2402700,0.55,0.9166666666666666,0.2,0.71875,0.8
2403000,0.4,0.9166666666666666,0.13333333333333333,0.65625,0.85
2403300,0.45,0.875,0.23333333333333334,0.625,0.85
2403600,0.45,0.875,0.13333333333333333,0.625,0.8
2403900,0.4,0.875,0.16666666666666666,0.625,0.8
2404200,0.25,0.9166666666666666,0.16666666666666666,0.625,0.7
2404500,0.35,0.875,0.0,0.0,0.0
2404800,0.3,0.75,0.2,0.6875,0.55
2405100,0.3,0.7083333333333334,0.23333333333333334,0.65625,0.4
2405400,0.25,0.6666666666666666,0.36666666666666664,0.75,0.35
2405700,0.25,0.625,0.3,0.71875,0.3
2406000,0.2,0.5416666666666666,0.5,0.65625,0.35
2406300,0.15,0.5833333333333334,0.5,0.625,0.45
2406600,0.15,0.5416666666666666,0.6333333333333333,0.65625,0.4
2406900,0.3,0.5,0.6666666666666666,0.6875,0.35
2407200,0.3,0.4583333333333333,0.7,0.6875,0.35
2407500,0.25,0.5833333333333334,0.7333333333333333,0.59375,0.3
2407800,0.3,0.625,0.7333333333333333,0.65625,0.45
2408100,0.35,0.5416666666666666,0.7333333333333333,0.625,0.45
2408400,0.4,0.4583333333333333,0.6666666666666666,0.59375,0.55
2408700,0.4,0.5,0.7,0.59375,0.65
2409000,0.35,0.5416666666666666,0.7,0.625,0.6
2409300,0.45,0.5416666666666666,0.6666666666666666,0.6875,0.7
2409600,0.45,0.5833333333333334,0.6666666666666666,0.6875,0.7
2409900,0.45,0.5416666666666666,0.6666666666666666,0.71875,0.75
2410200,0.55,0.5416666666666666,0.7666666666666667,0.71875,0.7
2410500,0.5,0.4166666666666667,0.8666666666666667,0.75,0.7
2410800,0.55,0.375,0.8333333333333334,0.78125,0.75
2411100,0.6,0.4583333333333333,0.8,0.6875,0.8
2411400,0.6,0.4583333333333333,0.8333333333333334,0.65625,0.8
2411700,0.7,0.4583333333333333,0.9,0.625,0.8
2412000,0.75,0.4166666666666667,0.9,0.65625,0.8
2412300,0.75,0.4166666666666667,0.9,0.65625,0.8
2412600,0.8,0.375,0.9333333333333333,0.625,0.7
2412900,0.8,0.4166666666666667,0.9,0.625,0.75
2413200,0.8,0.3333333333333333,0.8666666666666667,0.59375,0.7
2413500,0.85,0.3333333333333333,0.8666666666666667,0.53125,0.7
2413800,0.8,0.4166666666666667,0.9333333333333333,0.59375,0.75
2414100,0.75,0.4583333333333333,0.9333333333333333,0.53125,0.8
2414400,0.75,0.5,0.9333333333333333,0.4375,0.75
2414700,0.75,0.5416666666666666,0.9,0.4375,0.8
2415000,0.75,0.5833333333333334,0.8333333333333334,0.4375,0.8
2415300,0.75,0.5416666666666666,0.8,0.4375,0.8
2415600,0.8,0.5416666666666666,0.7666666666666667,0.4375,0.85
2415900,0.8,0.5416666666666666,0.6666666666666666,0.5,0.85
2416200,0.8,0.625,0.6666666666666666,0.5,0.85
2416500,0.75,0.625,0.6333333333333333,0.59375,0.9
2416800,0.85,0.6666666666666666,0.6666666666666666,0.65625,0.9
2417100,0.85,0.5416666666666666,0.7,0.65625,0.9
2417400,0.85,0.5416666666666666,0.6666666666666666,0.71875,0.9
2417700,0.8,0.5,0.7333333333333333,0.71875,0.8
2418000,0.8,0.4166666666666667,0.7666666666666667,0.625,0.85
2418300,0.8,0.25,0.7666666666666667,0.625,0.85
2418600,0.8,0.20833333333333334,0.7333333333333333,0.5625,0.7
2418900,0.8,0.25,0.4,0.53125,0.6
2419200,0.7,0.20833333333333334,0.4,0.4375,0.55
2419500,0.65,0.2916666666666667,0.06666666666666667,0.34375,0.35
2419800,0.65,0.25,0.06666666666666667,0.3125,0.35
2420100,0.65,0.041666666666666664,0.0,0.3125,0.25
2420400,0.7,0.16666666666666666,0.0,0.1875,0.15
2420700,0.65,0.125,0.06666666666666667,0.1875,0.1
2421000,0.7,0.125,0.0,0.125,0.1
2421300,0.7,0.08333333333333333,0.03333333333333333,0.0625,0.1
2421600,0.7,0.08333333333333333,0.03333333333333333,0.03125,0.1
2421900,0.7,0.041666666666666664,0.0,0.03125,0.0
2422200,0.7,0.041666666666666664,0.03333333333333333,0.03125,0.05
2422500,0.7,0.08333333333333333,0.06666666666666667,0.125,0.15
2422800,0.8,0.08333333333333333,0.1,0.0,0.1
2423100,0.85,0.041666666666666664,0.0,0.0,0.1
2423400,0.85,0.125,0.1,0.0625,0.2
2423700,0.85,0.3333333333333333,0.1,0.03125,0.15
2424000,0.85,0.4583333333333333,0.06666666666666667,0.0,0.2
2424300,0.85,0.4166666666666667,0.03333333333333333,0.09375,0.1
2424600,0.85,0.4166666666666667,0.1,0.0,0.05
2424900,0.85,0.5416666666666666,0.0,0.03125,0.0
2425200,0.85,0.5833333333333334,0.03333333333333333,0.0,0.05
2425500,0.85,0.625,0.03333333333333333,0.0,0.05
2425800,0.85,0.5,0.03333333333333333,0.09375,0.1
2426100,0.85,0.5,0.03333333333333333,0.125,0.15
2426400,0.85,0.5,0.03333333333333333,0.0,0.05
2426700,0.85,0.4583333333333333,0.13333333333333333,0.03125,0.1
2427000,0.8,0.4583333333333333,0.13333333333333333,0.125,0.05
2427300,0.8,0.4166666666666667,0.2,0.03125,0.1
2427600,0.7,0.4166666666666667,0.16666666666666666,0.15625,0.1
2427900,0.7,0.4166666666666667,0.13333333333333333,0.15625,0.2
2428200,0.6,0.2916666666666667,0.2,0.125,0.2
2428500,0.6,0.25,0.1,0.0625,0.2
2428800,0.6,0.125,0.1,0.09375,0.25
2429100,0.55,0.16666666666666666,0.0,0.09375,0.15
2429400,0.55,0.16666666666666666,0.03333333333333333,0.1875,0.1
2429700,0.4,0.125,0.03333333333333333,0.09375,0.1
2430000,0.35,0.125,0.03333333333333333,0.09375,0.05
2430300,0.35,0.16666666666666666,0.03333333333333333,0.125,0.15
2430600,0.3,0.25,0.06666666666666667,0.0625,0.35
2430900,0.3,0.16666666666666666,0.1,0.125,0.3
2431200,0.25,0.20833333333333334,0.03333333333333333,0.125,0.15
2431500,0.15,0.2916666666666667,0.06666666666666667,0.09375,0.0
2431800,0.25,0.25,0.03333333333333333,0.15625,0.1
2432100,0.2,0.3333333333333333,0.06666666666666667,0.125,0.05
2432400,0.1,0.3333333333333333,0.03333333333333333,0.0,0.05
2432700,0.15,0.3333333333333333,0.03333333333333333,0.03125,0.15
2433000,0.2,0.375,0.03333333333333333,0.125,0.1
2433300,0.2,0.4583333333333333,0.16666666666666666,0.125,0.05
2433600,0.15,0.5416666666666666,0.0,0.0,0.0
2433900,0.2,0.4583333333333333,0.0,0.03125,0.0
2434200,0.1,0.4583333333333333,0.13333333333333333,0.09375,0.05
2434500,0.05,0.4583333333333333,0.03333333333333333,0.125,0.05
2434800,0.05,0.5,0.03333333333333333,0.25,0.1
2435100,0.05,0.5,0.06666666666666667,0.3125,0.25
2435400,0.15,0.5416666666666666,0.06666666666666667,0.3125,0.3
2435700,0.15,0.5416666666666666,0.16666666666666666,0.375,0.15
2436000,0.2,0.5833333333333334,0.2,0.34375,0.15
2436300,0.2,0.5833333333333334,0.2,0.40625,0.05
2436600,0.2,0.5416666666666666,0.23333333333333334,0.4375,0.2
2436900,0.3,0.4583333333333333,0.26666666666666666,0.375,0.05
2437200,0.4,0.4583333333333333,0.23333333333333334,0.40625,0.15
2437500,0.4,0.5416666666666666,0.23333333333333334,0.3125,0.25
2437800,0.35,0.5833333333333334,0.23333333333333334,0.40625,0.2
2438100,0.3,0.625,0.23333333333333334,0.21875,0.1
2438400,0.4,0.625,0.23333333333333334,0.1875,0.15
2438700,0.35,0.5833333333333334,0.13333333333333333,0.15625,0.15
2439000,0.45,0.5833333333333334,0.06666666666666667,0.15625,0.1
2439300,0.4,0.5416666666666666,0.13333333333333333,0.15625,0.2
2439600,0.3,0.4583333333333333,0.16666666666666666,0.21875,0.2
2439900,0.35,0.4583333333333333,0.06666666666666667,0.25,0.25
2440200,0.3,0.375,0.03333333333333333,0.09375,0.25
2440500,0.35,0.3333333333333333,0.06666666666666667,0.0625,0.15
2440800,0.4,0.25,0.06666666666666667,0.1875,0.1
2441100,0.45,0.4166666666666667,0.13333333333333333,0.125,0.15
2441400,0.45,0.375,0.06666666666666667,0.15625,0.05
2441700,0.4,0.3333333333333333,0.0,0.09375,0.0
2442000,0.35,0.2916666666666667,0.0,0.09375,0.1
2442300,0.15,0.2916666666666667,0.0,0.15625,0.15
2442600,0.2,0.2916666666666667,0.06666666666666667,0.09375,0.1
2442900,0.25,0.25,0.06666666666666667,0.03125,0.1
2443200,0.2,0.2916666666666667,0.0,0.0625,0.15
2443500,0.2,0.3333333333333333,0.1,0.03125,0.15
2443800,0.1,0.25,0.03333333333333333,0.0625,0.2
2444100,0.25,0.25,0.1,0.0625,0.2
2444400,0.25,0.375,0.1,0.0625,0.15
2444700,0.25,0.4583333333333333,0.03333333333333333,0.09375,0.15
2445000,0.1,0.4583333333333333,0.06666666666666667,0.125,0.2
2445300,0.1,0.4583333333333333,0.06666666666666667,0.0625,0.25
2445600,0.25,0.5416666666666666,0.03333333333333333,0.125,0.25
2445900,0.15,0.5833333333333334,0.03333333333333333,0.0625,0.3
2446200,0.15,0.5416666666666666,0.06666666666666667,0.0,0.35
2446500,0.15,0.6666666666666666,0.0,0.0625,0.45
2446800,0.15,0.7083333333333334,0.0,0.0625,0.5
2447100,0.15,0.7083333333333334,0.06666666666666667,0.1875,0.5
2447400,0.2,0.6666666666666666,0.0,0.34375,0.5
2447700,0.25,0.6666666666666666,0.0,0.28125,0.55
2448000,0.4,0.6666666666666666,0.13333333333333333,0.3125,0.6
2448300,0.4,0.625,0.0,0.0,0.0
2448600,0.55,0.7083333333333334,0.3333333333333333,0.59375,0.7
2448900,0.65,0.75,0.36666666666666664,0.71875,0.8
2449200,0.7,0.75,0.4,0.71875,0.8
2449500,0.65,0.75,0.4,0.78125,0.75
2449800,0.6,0.7083333333333334,0.36666666666666664,0.6875,0.7
2450100,0.65,0.7083333333333334,0.4,0.75,0.7
2450400,0.75,0.75,0.36666666666666664,0.71875,0.8
2450700,0.75,0.7916666666666666,0.4666666666666667,0.75,0.8
2451000,0.8,0.7916666666666666,0.5,0.6875,0.7
2451300,0.8,0.7916666666666666,0.5,0.65625,0.75
2451600,0.8,0.8333333333333334,0.6666666666666666,0.65625,0.8
2451900,0.9,0.7916666666666666,0.6333333333333333,0.71875,0.85
2452200,0.85,0.875,0.5333333333333333,0.6875,0.9
2452500,0.85,0.8333333333333334,0.5333333333333333,0.78125,0.9
2452800,0.9,0.8333333333333334,0.5333333333333333,0.75,0.85
2453100,0.9,0.8333333333333334,0.36666666666666664,0.78125,0.85
2453400,0.9,0.8333333333333334,0.3333333333333333,0.71875,0.75
2453700,0.9,0.8333333333333334,0.3333333333333333,0.71875,0.75
2454000,0.9,0.8333333333333334,0.3333333333333333,0.75,0.75
2454300,0.9,0.8333333333333334,0.3333333333333333,0.75,0.75
2454600,0.95,0.875,0.26666666666666666,0.75,0.75
2454900,0.95,0.875,0.3,0.75,0.65
2455200,0.95,0.9166666666666666,0.3,0.8125,0.65
2455500,0.95,0.9166666666666666,0.4,0.84375,0.65
2455800,0.95,0.9166666666666666,0.4,0.84375,0.7
2456100,0.95,0.9166666666666666,0.4,0.84375,0.7
2456400,0.95,0.9166666666666666,0.5666666666666667,0.8125,0.65
2456700,0.85,0.9583333333333334,0.5333333333333333,0.78125,0.6
2457000,0.85,0.9583333333333334,0.6,0.8125,0.65
2457300,0.8,0.9166666666666666,0.5333333333333333,0.84375,0.65
2457600,0.8,0.9166666666666666,0.5666666666666667,0.84375,0.6
2457900,0.8,0.9166666666666666,0.5666666666666667,0.84375,0.6
2458200,0.8,0.9166666666666666,0.5666666666666667,0.84375,0.6
2458500,0.8,0.9166666666666666,0.6333333333333333,0.8125,0.55
2458800,0.8,0.8333333333333334,0.5666666666666667,0.84375,0.55
2459100,0.8,0.8333333333333334,0.6333333333333333,0.84375,0.6
2459400,0.8,0.8333333333333334,0.7,0.84375,0.7
2459700,0.85,0.8333333333333334,0.6666666666666666,0.875,0.75
2460000,0.85,0.8333333333333334,0.6333333333333333,0.875,0.75
2460300,0.75,0.875,0.7,0.875,0.75
2460600,0.7,0.875,0.7333333333333333,0.90625,0.8
2460900,0.75,0.875,0.6666666666666666,0.90625,0.85
2461200,0.75,0.8333333333333334,0.6,0.90625,0.9
2461500,0.75,0.8333333333333334,0.5333333333333333,0.90625,0.9
2461800,0.6,0.75,0.5333333333333333,0.875,0.8
2462100,0.6,0.7083333333333334,0.5333333333333333,0.875,0.6
2462400,0.5,0.625,0.43333333333333335,0.9375,0.3
2462700,0.5,0.625,0.26666666666666666,0.875,0.2
2463000,0.2,0.5416666666666666,0.03333333333333333,0.78125,0.2
2463300,0.15,0.5,0.03333333333333333,0.75,0.1
2463600,0.05,0.20833333333333334,0.03333333333333333,0.75,0.05
2463900,0.1,0.20833333333333334,0.06666666666666667,0.78125,0.0
2464200,0.0,0.16666666666666666,0.0,0.6875,0.0
2464500,0.05,0.16666666666666666,0.03333333333333333,0.6875,0.05
2464800,0.1,0.125,0.06666666666666667,0.5625,0.05
2465100,0.1,0.2916666666666667,0.06666666666666667,0.5,0.15
2465400,0.2,0.20833333333333334,0.06666666666666667,0.375,0.15
2465700,0.25,0.16666666666666666,0.06666666666666667,0.375,0.2
2466000,0.35,0.16666666666666666,0.06666666666666667,0.34375,0.25
2466300,0.35,0.041666666666666664,0.06666666666666667,0.28125,0.2
2466600,0.3,0.20833333333333334,0.06666666666666667,0.3125,0.15
2466900,0.25,0.20833333333333334,0.06666666666666667,0.3125,0.15
2467200,0.4,0.20833333333333334,0.06666666666666667,0.21875,0.3
2467500,0.45,0.4166666666666667,0.0,0.25,0.25
2467800,0.45,0.5,0.0,0.25,0.05
2468100,0.45,0.5416666666666666,0.1,0.34375,0.0
2468400,0.45,0.6666666666666666,0.03333333333333333,0.40625,0.1
2468700,0.55,0.7083333333333334,0.13333333333333333,0.375,0.1
2469000,0.6,0.6666666666666666,0.16666666666666666,0.375,0.15
2469300,0.6,0.6666666666666666,0.2,0.34375,0.1
2469600,0.55,0.5416666666666666,0.3,0.46875,0.05
2469900,0.6,0.5833333333333334,0.36666666666666664,0.5,0.25
2470200,0.65,0.5833333333333334,0.0,0.0,0.0
2470500,0.7,0.75,0.6,0.65625,0.35
2470800,0.65,0.75,0.7,0.75,0.4
2471100,0.7,0.75,0.7,0.75,0.5
2471400,0.7,0.875,0.7666666666666667,0.78125,0.5
2471700,0.75,0.9166666666666666,0.7,0.78125,0.55
2472000,0.8,0.875,0.6333333333333333,0.78125,0.55
2472300,0.8,0.9166666666666666,0.5666666666666667,0.71875,0.7
2472600,0.7,0.9166666666666666,0.5,0.78125,0.8
2472900,0.75,0.875,0.6666666666666666,0.84375,0.7
2473200,0.75,0.8333333333333334,0.7,0.84375,0.7
2473500,0.75,0.8333333333333334,0.7,0.84375,0.75
2473800,0.8,0.7916666666666666,0.7333333333333333,0.84375,0.75
2474100,0.7,0.7916666666666666,0.8,0.875,0.75
2474400,0.7,0.75,0.8333333333333334,0.875,0.8
2474700,0.75,0.75,0.8,0.90625,0.85
2475000,0.75,0.7916666666666666,0.8333333333333334,0.9375,0.85
2475300,0.75,0.75,0.8333333333333334,0.9375,0.8
2475600,0.75,0.75,0.8666666666666667,0.9375,0.8
2475900,0.7,0.75,0.8666666666666667,0.9375,0.85
2476200,0.7,0.75,0.7666666666666667,0.9375,0.85
2476500,0.7,0.6666666666666666,0.8,0.9375,0.9
2476800,0.7,0.6666666666666666,0.7666666666666667,0.96875,0.9
2477100,0.65,0.6666666666666666,0.8,0.96875,0.8
2477400,0.65,0.6666666666666666,0.8,0.96875,0.8
2477700,0.65,0.5416666666666666,0.7666666666666667,1.0,0.8
2478000,0.7,0.625,0.7333333333333333,1.0,0.9
2478300,0.7,0.6666666666666666,0.7666666666666667,1.0,0.85
2478600,0.65,0.7083333333333334,0.7333333333333333,1.0,0.85
2478900,0.7,0.7083333333333334,0.7,1.0,0.8
2479200,0.65,0.7083333333333334,0.6333333333333333,1.0,0.8
2479500,0.7,0.7916666666666666,0.7,1.0,0.8
2479800,0.8,0.7916666666666666,0.6666666666666666,1.0,0.8
2480100,0.75,0.7916666666666666,0.6666666666666666,1.0,0.8
2480400,0.75,0.8333333333333334,0.6666666666666666,1.0,0.8
2480700,0.75,0.8333333333333334,0.6,1.0,0.8
2481000,0.7,0.875,0.5666666666666667,0.96875,0.8
2481300,0.7,0.7916666666666666,0.6,0.9375,0.8
2481600,0.7,0.7916666666666666,0.5666666666666667,0.90625,0.85
2481900,0.7,0.8333333333333334,0.6,0.90625,0.85
2482200,0.7,0.9166666666666666,0.7,0.90625,0.8
2482500,0.7,0.875,0.8,0.90625,0.8
2482800,0.7,0.9166666666666666,0.8333333333333334,0.84375,0.8
2483100,0.75,0.9166666666666666,0.9,0.875,0.75
2483400,0.75,0.9166666666666666,0.9,0.875,0.75
2483700,0.8,0.9166666666666666,0.9,0.90625,0.8
2484000,0.75,0.9166666666666666,0.9,0.90625,0.8
2484300,0.75,0.9166666666666666,0.8666666666666667,0.9375,0.8
2484600,0.7,0.9166666666666666,0.8,0.96875,0.0
2484900,0.7,0.9166666666666666,0.0,0.0,0.0
2485200,0.75,0.9166666666666666,0.8666666666666667,0.90625,0.8
2485500,0.75,0.9583333333333334,0.8333333333333334,0.9375,0.8
2485800,0.7,0.9166666666666666,0.8333333333333334,0.90625,0.9
2486100,0.75,0.9166666666666666,0.8,0.90625,0.9
2486400,0.75,0.9166666666666666,0.7666666666666667,0.875,0.9
2486700,0.8,0.9166666666666666,0.7333333333333333,0.875,0.9
2487000,0.8,0.9166666666666666,0.8,0.8125,0.95
2487300,0.8,0.9166666666666666,0.7666666666666667,0.84375,0.95
2487600,0.75,0.9583333333333334,0.6666666666666666,0.8125,0.95
2487900,0.7,0.9583333333333334,0.5666666666666667,0.84375,0.85
2488200,0.7,0.9166666666666666,0.5666666666666667,0.84375,0.8
2488500,0.7,0.9583333333333334,0.5,0.78125,0.75
2488800,0.6,0.9583333333333334,0.43333333333333335,0.78125,0.65
2489100,0.6,0.9166666666666666,0.43333333333333335,0.71875,0.7
2489400,0.6,0.9166666666666666,0.4,0.75,0.7
2489700,0.6,0.7916666666666666,0.3333333333333333,0.65625,0.75
2490000,0.55,0.75,0.36666666666666664,0.625,0.65
2490300,0.45,0.75,0.3,0.625,0.55
2490600,0.45,0.75,0.3,0.59375,0.55
2490900,0.2,0.75,0.3,0.59375,0.55
2491200,0.2,0.7916666666666666,0.3333333333333333,0.53125,0.5
2491500,0.15,0.7916666666666666,0.23333333333333334,0.53125,0.6
2491800,0.1,0.7916666666666666,0.26666666666666666,0.53125,0.65
2492100,0.05,0.75,0.0,0.0,0.0
2492400,0.1,0.7916666666666666,0.3,0.5625,0.3
2492700,0.05,0.7916666666666666,0.3333333333333333,0.5625,0.3
2493000,0.05,0.6666666666666666,0.3,0.5625,0.35
2493300,0.05,0.5833333333333334,0.3,0.625,0.3
2493600,0.05,0.5416666666666666,0.4,0.6875,0.45
2493900,0.05,0.5,0.36666666666666664,0.65625,0.45
2494200,0.05,0.5,0.4,0.6875,0.4
2494500,0.2,0.5416666666666666,0.4,0.71875,0.5
2494800,0.3,0.5416666666666666,0.43333333333333335,0.71875,0.4
2495100,0.3,0.5833333333333334,0.5,0.65625,0.45
2495400,0.35,0.625,0.5666666666666667,0.625,0.5
2495700,0.25,0.75,0.5666666666666667,0.625,0.6
2496000,0.3,0.7916666666666666,0.4666666666666667,0.71875,0.65
2496300,0.35,0.75,0.43333333333333335,0.78125,0.6
2496600,0.35,0.7083333333333334,0.43333333333333335,0.78125,0.5
2496900,0.35,0.7916666666666666,0.5333333333333333,0.78125,0.55
2497200,0.35,0.7083333333333334,0.5333333333333333,0.78125,0.55
2497500,0.4,0.6666666666666666,0.6333333333333333,0.8125,0.65
2497800,0.45,0.625,0.6666666666666666,0.8125,0.7
2498100,0.45,0.5833333333333334,0.7,0.8125,0.7
2498400,0.65,0.5833333333333334,0.7,0.78125,0.8
2498700,0.7,0.5833333333333334,0.7333333333333333,0.78125,0.8
2499000,0.75,0.4583333333333333,0.6666666666666666,0.84375,0.8
2499300,0.75,0.4583333333333333,0.6666666666666666,0.8125,0.8
2499600,0.8,0.4166666666666667,0.0,0.0,0.0
2499900,0.8,0.5,0.6333333333333333,0.8125,0.8
2500200,0.8,0.5,0.6666666666666666,0.8125,0.85
2500500,0.8,0.75,0.7,0.78125,0.8
2500800,0.8,0.6666666666666666,0.7666666666666667,0.75,0.8
2501100,0.75,0.6666666666666666,0.7333333333333333,0.75,0.75
2501400,0.75,0.75,0.7666666666666667,0.75,0.75
2501700,0.7,0.75,0.7,0.65625,0.85
2502000,0.65,0.75,0.6666666666666666,0.59375,0.9
2502300,0.65,0.75,0.5666666666666667,0.59375,0.9
2502600,0.65,0.75,0.5666666666666667,0.625,0.85
2502900,0.65,0.7083333333333334,0.4666666666666667,0.59375,0.8
2503200,0.65,0.7083333333333334,0.4666666666666667,0.5625,0.8
2503500,0.6,0.6666666666666666,0.7,0.375,0.8
2503800,0.55,0.5833333333333334,0.7,0.375,0.85
2504100,0.6,0.4166666666666667,0.5666666666666667,0.375,0.9
2504400,0.6,0.4166666666666667,0.6,0.375,0.8
2504700,0.55,0.375,0.6,0.4375,0.75
2505000,0.65,0.4166666666666667,0.6,0.375,0.7
2505300,0.65,0.4583333333333333,0.4,0.3125,0.5
