timestamp,40575,42149,42760,43976,88842
0,0.3333333333333333,0.5555555555555556,0.4090909090909091,0.4107142857142857,0.4523809523809524
300,0.3,0.6111111111111112,0.5,0.4107142857142857,0.30952380952380953
600,0.3,0.5277777777777778,0.5,0.32142857142857145,0.2857142857142857
900,0.3,0.4444444444444444,0.5454545454545454,0.32142857142857145,0.23809523809523808
1200,0.3,0.3333333333333333,0.5909090909090909,0.25,0.23809523809523808
1500,0.23333333333333334,0.3055555555555556,0.5454545454545454,0.26785714285714285,0.3333333333333333
1800,0.23333333333333334,0.3055555555555556,0.5454545454545454,0.26785714285714285,0.38095238095238093
2100,0.16666666666666666,0.25,0.5,0.19642857142857142,0.42857142857142855
2400,0.16666666666666666,0.19444444444444445,0.5,0.25,0.47619047619047616
2700,0.13333333333333333,0.2222222222222222,0.36363636363636365,0.30357142857142855,0.42857142857142855
3000,0.16666666666666666,0.16666666666666666,0.36363636363636365,0.2857142857142857,0.30952380952380953
3300,0.2,0.19444444444444445,0.36363636363636365,0.23214285714285715,0.3333333333333333
3600,0.16666666666666666,0.2777777777777778,0.4090909090909091,0.19642857142857142,0.38095238095238093
3900,0.13333333333333333,0.2222222222222222,0.4090909090909091,0.17857142857142858,0.35714285714285715
4200,0.16666666666666666,0.3055555555555556,0.36363636363636365,0.21428571428571427,0.30952380952380953
4500,0.23333333333333334,0.25,0.36363636363636365,0.19642857142857142,0.4523809523809524
4800,0.23333333333333334,0.2222222222222222,0.4090909090909091,0.23214285714285715,0.38095238095238093
5100,0.23333333333333334,0.16666666666666666,0.4090909090909091,0.25,0.47619047619047616
5400,0.23333333333333334,0.2222222222222222,0.3181818181818182,0.2857142857142857,0.42857142857142855
5700,0.26666666666666666,0.19444444444444445,0.3181818181818182,0.30357142857142855,0.4523809523809524
6000,0.26666666666666666,0.3333333333333333,0.36363636363636365,0.25,0.42857142857142855
6300,0.26666666666666666,0.3055555555555556,0.3181818181818182,0.23214285714285715,0.40476190476190477
6600,0.23333333333333334,0.3055555555555556,0.36363636363636365,0.17857142857142858,0.5
6900,0.23333333333333334,0.2777777777777778,0.4090909090909091,0.2857142857142857,0.6190476190476191
7200,0.23333333333333334,0.2222222222222222,0.36363636363636365,0.32142857142857145,0.6428571428571429
7500,0.2,0.2777777777777778,0.36363636363636365,0.32142857142857145,0.6666666666666666
7800,0.16666666666666666,0.2777777777777778,0.36363636363636365,0.35714285714285715,0.7857142857142857
8100,0.2,0.3333333333333333,0.36363636363636365,0.39285714285714285,0.8095238095238095
8400,0.2,0.3333333333333333,0.36363636363636365,0.42857142857142855,0.7619047619047619
8700,0.2,0.2777777777777778,0.3181818181818182,0.5178571428571429,0.7857142857142857
9000,0.2,0.2222222222222222,0.3181818181818182,0.5357142857142857,0.8095238095238095
9300,0.2,0.19444444444444445,0.3181818181818182,0.5357142857142857,0.8571428571428571
9600,0.26666666666666666,0.19444444444444445,0.2727272727272727,0.5178571428571429,0.9047619047619048
9900,0.26666666666666666,0.16666666666666666,0.22727272727272727,0.5535714285714286,0.9047619047619048
10200,0.26666666666666666,0.19444444444444445,0.22727272727272727,0.5535714285714286,0.9047619047619048
10500,0.26666666666666666,0.2222222222222222,0.18181818181818182,0.625,0.9285714285714286
10800,0.26666666666666666,0.16666666666666666,0.22727272727272727,0.6964285714285714,0.9523809523809523
11100,0.3,0.19444444444444445,0.22727272727272727,0.6785714285714286,0.9285714285714286
11400,0.26666666666666666,0.19444444444444445,0.22727272727272727,0.6785714285714286,0.9523809523809523
11700,0.26666666666666666,0.25,0.22727272727272727,0.6785714285714286,0.9523809523809523
12000,0.26666666666666666,0.25,0.22727272727272727,0.6964285714285714,0.9761904761904762
12300,0.26666666666666666,0.2777777777777778,0.22727272727272727,0.7142857142857143,0.9761904761904762
12600,0.23333333333333334,0.25,0.22727272727272727,0.7142857142857143,1.0
12900,0.23333333333333334,0.19444444444444445,0.22727272727272727,0.75,1.0
13200,0.23333333333333334,0.2222222222222222,0.18181818181818182,0.7321428571428571,1.0
13500,0.23333333333333334,0.16666666666666666,0.18181818181818182,0.7142857142857143,1.0
13800,0.16666666666666666,0.2777777777777778,0.18181818181818182,0.7321428571428571,1.0
14100,0.16666666666666666,0.19444444444444445,0.18181818181818182,0.7142857142857143,1.0
14400,0.2,0.1388888888888889,0.2727272727272727,0.7857142857142857,1.0
14700,0.2,0.1388888888888889,0.2727272727272727,0.7142857142857143,1.0
15000,0.2,0.25,0.22727272727272727,0.7142857142857143,1.0
15300,0.2,0.25,0.22727272727272727,0.7142857142857143,1.0
15600,0.2,0.3333333333333333,0.18181818181818182,0.6428571428571429,1.0
15900,0.2,0.3888888888888889,0.18181818181818182,0.6607142857142857,1.0
16200,0.2,0.3611111111111111,0.18181818181818182,0.6607142857142857,1.0
16500,0.2,0.4166666666666667,0.18181818181818182,0.6964285714285714,1.0
16800,0.16666666666666666,0.3888888888888889,0.18181818181818182,0.6785714285714286,1.0
17100,0.16666666666666666,0.3611111111111111,0.13636363636363635,0.6428571428571429,1.0
17400,0.16666666666666666,0.3055555555555556,0.13636363636363635,0.6428571428571429,1.0
17700,0.16666666666666666,0.2777777777777778,0.13636363636363635,0.6607142857142857,0.9761904761904762
18000,0.2,0.3611111111111111,0.13636363636363635,0.6607142857142857,0.9523809523809523
18300,0.2,0.2777777777777778,0.13636363636363635,0.7142857142857143,0.9047619047619048
18600,0.2,0.2222222222222222,0.13636363636363635,0.7142857142857143,0.9047619047619048
18900,0.16666666666666666,0.19444444444444445,0.18181818181818182,0.7321428571428571,0.9047619047619048
19200,0.16666666666666666,0.16666666666666666,0.18181818181818182,0.6964285714285714,0.9047619047619048
19500,0.16666666666666666,0.2222222222222222,0.18181818181818182,0.7142857142857143,0.7619047619047619
19800,0.16666666666666666,0.16666666666666666,0.18181818181818182,0.7142857142857143,0.7619047619047619
20100,0.13333333333333333,0.2222222222222222,0.13636363636363635,0.6964285714285714,0.7857142857142857
20400,0.13333333333333333,0.19444444444444445,0.13636363636363635,0.6785714285714286,0.7857142857142857
20700,0.16666666666666666,0.1388888888888889,0.18181818181818182,0.5892857142857143,0.8809523809523809
21000,0.2,0.1388888888888889,0.18181818181818182,0.5714285714285714,0.8095238095238095
21300,0.2,0.1111111111111111,0.18181818181818182,0.5178571428571429,0.8333333333333334
21600,0.16666666666666666,0.16666666666666666,0.18181818181818182,0.5,0.8333333333333334
21900,0.16666666666666666,0.16666666666666666,0.18181818181818182,0.5178571428571429,0.8571428571428571
22200,0.23333333333333334,0.2222222222222222,0.18181818181818182,0.5178571428571429,0.8809523809523809
22500,0.23333333333333334,0.25,0.18181818181818182,0.5178571428571429,0.8809523809523809
22800,0.2,0.1388888888888889,0.18181818181818182,0.5357142857142857,0.8571428571428571
23100,0.16666666666666666,0.1111111111111111,0.18181818181818182,0.5178571428571429,0.8571428571428571
23400,0.16666666666666666,0.16666666666666666,0.2727272727272727,0.5357142857142857,0.9047619047619048
23700,0.16666666666666666,0.16666666666666666,0.4090909090909091,0.5357142857142857,0.9047619047619048
24000,0.16666666666666666,0.25,0.45454545454545453,0.4642857142857143,0.8809523809523809
24300,0.16666666666666666,0.2222222222222222,0.45454545454545453,0.39285714285714285,0.8333333333333334
24600,0.2,0.2222222222222222,0.45454545454545453,0.39285714285714285,0.8095238095238095
24900,0.16666666666666666,0.16666666666666666,0.5454545454545454,0.375,0.8095238095238095
25200,0.2,0.19444444444444445,0.5454545454545454,0.42857142857142855,0.7857142857142857
25500,0.2,0.19444444444444445,0.5454545454545454,0.42857142857142855,0.7857142857142857
25800,0.23333333333333334,0.2777777777777778,0.6363636363636364,0.39285714285714285,0.8095238095238095
26100,0.26666666666666666,0.3055555555555556,0.6363636363636364,0.375,0.8333333333333334
26400,0.3333333333333333,0.3611111111111111,0.6363636363636364,0.3392857142857143,0.7857142857142857
26700,0.3333333333333333,0.3611111111111111,0.6363636363636364,0.30357142857142855,0.7380952380952381
27000,0.3333333333333333,0.3888888888888889,0.6818181818181818,0.2857142857142857,0.7380952380952381
27300,0.3333333333333333,0.4444444444444444,0.7727272727272727,0.30357142857142855,0.7142857142857143
27600,0.3333333333333333,0.5277777777777778,0.7727272727272727,0.32142857142857145,0.7619047619047619
27900,0.3333333333333333,0.5,0.7727272727272727,0.3392857142857143,0.7380952380952381
28200,0.4,0.5,0.7727272727272727,0.35714285714285715,0.7380952380952381
28500,0.43333333333333335,0.4444444444444444,0.7727272727272727,0.35714285714285715,0.7380952380952381
28800,0.43333333333333335,0.4444444444444444,0.7727272727272727,0.39285714285714285,0.7380952380952381
29100,0.4,0.5,0.7272727272727273,0.48214285714285715,0.6904761904761905
29400,0.43333333333333335,0.5555555555555556,0.7272727272727273,0.5892857142857143,0.6428571428571429
29700,0.4666666666666667,0.6666666666666666,0.7272727272727273,0.625,0.7142857142857143
30000,0.5,0.7222222222222222,0.7272727272727273,0.625,0.7142857142857143
30300,0.5333333333333333,0.7777777777777778,0.7272727272727273,0.6607142857142857,0.7380952380952381
30600,0.5666666666666667,0.8333333333333334,0.6818181818181818,0.7857142857142857,0.7380952380952381
30900,0.5333333333333333,0.8611111111111112,0.7272727272727273,0.8035714285714286,0.7619047619047619
31200,0.5333333333333333,0.8888888888888888,0.7272727272727273,0.7857142857142857,0.7380952380952381
31500,0.5333333333333333,0.9166666666666666,0.7272727272727273,0.8035714285714286,0.6904761904761905
31800,0.5666666666666667,0.9166666666666666,0.7727272727272727,0.7678571428571429,0.6904761904761905
32100,0.5666666666666667,0.9166666666666666,0.7727272727272727,0.8035714285714286,0.6428571428571429
32400,0.5666666666666667,0.9444444444444444,0.7727272727272727,0.8214285714285714,0.5952380952380952
32700,0.6333333333333333,0.9444444444444444,0.7272727272727273,0.8214285714285714,0.5714285714285714
33000,0.6333333333333333,0.9444444444444444,0.7272727272727273,0.8392857142857143,0.5238095238095238
33300,0.6333333333333333,0.9444444444444444,0.7272727272727273,0.875,0.5952380952380952
33600,0.6333333333333333,0.9444444444444444,0.7272727272727273,0.8571428571428571,0.5
33900,0.7,0.9444444444444444,0.8181818181818182,0.8214285714285714,0.47619047619047616
34200,0.7,0.9166666666666666,0.9545454545454546,0.8035714285714286,0.42857142857142855
34500,0.7,0.8888888888888888,0.9545454545454546,0.7857142857142857,0.42857142857142855
34800,0.7,0.8888888888888888,0.9090909090909091,0.8035714285714286,0.5
35100,0.7333333333333333,0.8888888888888888,0.9090909090909091,0.8214285714285714,0.5
35400,0.7333333333333333,0.8888888888888888,0.9090909090909091,0.8035714285714286,0.40476190476190477
35700,0.7333333333333333,0.8888888888888888,0.8636363636363636,0.7857142857142857,0.38095238095238093
36000,0.7666666666666667,0.8888888888888888,0.8636363636363636,0.8035714285714286,0.40476190476190477
36300,0.7666666666666667,0.8888888888888888,0.8636363636363636,0.8571428571428571,0.35714285714285715
36600,0.7666666666666667,0.8888888888888888,0.9090909090909091,0.8571428571428571,0.2857142857142857
36900,0.7666666666666667,0.8611111111111112,0.9090909090909091,0.8571428571428571,0.3333333333333333
37200,0.7666666666666667,0.8611111111111112,0.9090909090909091,0.9107142857142857,0.3333333333333333
37500,0.7333333333333333,0.8888888888888888,0.9090909090909091,0.9107142857142857,0.2619047619047619
37800,0.7,0.8888888888888888,0.8636363636363636,0.9285714285714286,0.23809523809523808
38100,0.6666666666666666,0.8611111111111112,0.8181818181818182,0.9285714285714286,0.23809523809523808
38400,0.6666666666666666,0.8611111111111112,0.7727272727272727,0.9107142857142857,0.2619047619047619
38700,0.6666666666666666,0.8888888888888888,0.7727272727272727,0.8928571428571429,0.16666666666666666
39000,0.0,0.0,0.0,0.0,0.23809523809523808
39300,0.6,0.9166666666666666,0.6818181818181818,0.8928571428571429,0.21428571428571427
39600,0.5666666666666667,0.9166666666666666,0.7272727272727273,0.9107142857142857,0.19047619047619047
39900,0.5666666666666667,0.9166666666666666,0.7272727272727273,0.9107142857142857,0.14285714285714285
40200,0.5333333333333333,0.9166666666666666,0.7272727272727273,0.9285714285714286,0.2619047619047619
40500,0.5,0.8611111111111112,0.5909090909090909,0.9464285714285714,0.16666666666666666
40800,0.4666666666666667,0.8333333333333334,0.5909090909090909,0.9642857142857143,0.23809523809523808
41100,0.4,0.8611111111111112,0.6363636363636364,0.9464285714285714,0.21428571428571427
41400,0.4,0.8611111111111112,0.6363636363636364,0.9464285714285714,0.09523809523809523
41700,0.36666666666666664,0.7777777777777778,0.6818181818181818,0.9464285714285714,0.16666666666666666
42000,0.3333333333333333,0.7222222222222222,0.6818181818181818,0.9285714285714286,0.21428571428571427
42300,0.4,0.8055555555555556,0.7272727272727273,0.9107142857142857,0.2857142857142857
42600,0.4,0.7222222222222222,0.5909090909090909,0.9285714285714286,0.2857142857142857
42900,0.4,0.6111111111111112,0.5454545454545454,0.9107142857142857,0.2857142857142857
43200,0.43333333333333335,0.6111111111111112,0.5454545454545454,0.9107142857142857,0.2619047619047619
43500,0.3333333333333333,0.5833333333333334,0.45454545454545453,0.875,0.2619047619047619
43800,0.3,0.5,0.36363636363636365,0.7678571428571429,0.2857142857142857
44100,0.26666666666666666,0.4722222222222222,0.36363636363636365,0.75,0.3333333333333333
44400,0.26666666666666666,0.4722222222222222,0.4090909090909091,0.6964285714285714,0.35714285714285715
44700,0.26666666666666666,0.4166666666666667,0.45454545454545453,0.6428571428571429,0.35714285714285715
45000,0.26666666666666666,0.4166666666666667,0.45454545454545453,0.5892857142857143,0.19047619047619047
45300,0.26666666666666666,0.3333333333333333,0.36363636363636365,0.5892857142857143,0.11904761904761904
45600,0.3,0.2222222222222222,0.3181818181818182,0.5535714285714286,0.23809523809523808
45900,0.23333333333333334,0.19444444444444445,0.36363636363636365,0.625,0.30952380952380953
46200,0.3,0.19444444444444445,0.5,0.6071428571428571,0.2619047619047619
46500,0.36666666666666664,0.16666666666666666,0.5454545454545454,0.5892857142857143,0.2619047619047619
46800,0.36666666666666664,0.16666666666666666,0.5454545454545454,0.5892857142857143,0.09523809523809523
47100,0.43333333333333335,0.16666666666666666,0.5,0.5892857142857143,0.07142857142857142
47400,0.5,0.16666666666666666,0.5,0.5357142857142857,0.09523809523809523
47700,0.5,0.08333333333333333,0.45454545454545453,0.5714285714285714,0.07142857142857142
48000,0.4666666666666667,0.08333333333333333,0.5,0.6071428571428571,0.19047619047619047
48300,0.43333333333333335,0.1388888888888889,0.5454545454545454,0.6607142857142857,0.21428571428571427
48600,0.4666666666666667,0.1388888888888889,0.5454545454545454,0.6964285714285714,0.30952380952380953
48900,0.4666666666666667,0.16666666666666666,0.5454545454545454,0.75,0.2857142857142857
49200,0.5333333333333333,0.19444444444444445,0.5909090909090909,0.7857142857142857,0.30952380952380953
49500,0.5,0.25,0.5909090909090909,0.8035714285714286,0.047619047619047616
49800,0.4666666666666667,0.3055555555555556,0.6363636363636364,0.8214285714285714,0.11904761904761904
50100,0.4666666666666667,0.3333333333333333,0.5454545454545454,0.875,0.09523809523809523
50400,0.5,0.4444444444444444,0.5909090909090909,0.8928571428571429,0.16666666666666666
50700,0.5,0.5833333333333334,0.6363636363636364,0.9107142857142857,0.09523809523809523
51000,0.5,0.5833333333333334,0.6818181818181818,0.8928571428571429,0.09523809523809523
51300,0.5,0.7222222222222222,0.7272727272727273,0.8928571428571429,0.09523809523809523
51600,0.5,0.7777777777777778,0.8181818181818182,0.8928571428571429,0.14285714285714285
51900,0.5666666666666667,0.8055555555555556,0.8181818181818182,0.8571428571428571,0.09523809523809523
52200,0.6,0.7777777777777778,0.8181818181818182,0.8571428571428571,0.09523809523809523
52500,0.7,0.8055555555555556,0.8181818181818182,0.8571428571428571,0.09523809523809523
52800,0.7333333333333333,0.8055555555555556,0.8636363636363636,0.8571428571428571,0.07142857142857142
53100,0.7333333333333333,0.8055555555555556,0.8636363636363636,0.8928571428571429,0.14285714285714285
53400,0.7333333333333333,0.8611111111111112,0.8636363636363636,0.8928571428571429,0.21428571428571427
53700,0.7333333333333333,0.8611111111111112,0.7727272727272727,0.9107142857142857,0.11904761904761904
54000,0.7333333333333333,0.8333333333333334,0.7272727272727273,0.8928571428571429,0.11904761904761904
54300,0.8,0.75,0.7272727272727273,0.8928571428571429,0.11904761904761904
54600,0.8,0.7777777777777778,0.7272727272727273,0.875,0.07142857142857142
54900,0.8,0.75,0.7272727272727273,0.8571428571428571,0.0
55200,0.7666666666666667,0.6944444444444444,0.7272727272727273,0.8214285714285714,0.14285714285714285
55500,0.8,0.75,0.7272727272727273,0.8035714285714286,0.023809523809523808
55800,0.7666666666666667,0.6666666666666666,0.6363636363636364,0.8035714285714286,0.09523809523809523
56100,0.7,0.6388888888888888,0.5909090909090909,0.8035714285714286,0.07142857142857142
56400,0.6666666666666666,0.5833333333333334,0.5909090909090909,0.8571428571428571,0.09523809523809523
56700,0.6666666666666666,0.5833333333333334,0.6363636363636364,0.8392857142857143,0.07142857142857142
57000,0.6333333333333333,0.5277777777777778,0.7272727272727273,0.8571428571428571,0.19047619047619047
57300,0.6333333333333333,0.5555555555555556,0.6818181818181818,0.8392857142857143,0.16666666666666666
57600,0.6666666666666666,0.5277777777777778,0.7272727272727273,0.8392857142857143,0.09523809523809523
57900,0.6,0.5277777777777778,0.7272727272727273,0.8392857142857143,0.07142857142857142
58200,0.6,0.5,0.6818181818181818,0.8392857142857143,0.11904761904761904
58500,0.6,0.5277777777777778,0.6363636363636364,0.8214285714285714,0.11904761904761904
58800,0.6666666666666666,0.5833333333333334,0.5909090909090909,0.8214285714285714,0.21428571428571427
59100,0.6666666666666666,0.5833333333333334,0.5,0.8214285714285714,0.23809523809523808
59400,0.6666666666666666,0.5833333333333334,0.45454545454545453,0.8214285714285714,0.21428571428571427
59700,0.6,0.5833333333333334,0.45454545454545453,0.75,0.21428571428571427
60000,0.6333333333333333,0.6388888888888888,0.5454545454545454,0.6428571428571429,0.21428571428571427
60300,0.6,0.6666666666666666,0.5454545454545454,0.6428571428571429,0.35714285714285715
60600,0.0,0.0,0.0,0.0,0.3333333333333333
60900,0.5333333333333333,0.75,0.45454545454545453,0.7142857142857143,0.3333333333333333
61200,0.6,0.75,0.45454545454545453,0.7678571428571429,0.3333333333333333
61500,0.6333333333333333,0.75,0.4090909090909091,0.6964285714285714,0.3333333333333333
61800,0.7,0.6111111111111112,0.45454545454545453,0.6785714285714286,0.30952380952380953
62100,0.7,0.6111111111111112,0.5,0.6964285714285714,0.30952380952380953
62400,0.7333333333333333,0.5555555555555556,0.5909090909090909,0.7142857142857143,0.3333333333333333
62700,0.7333333333333333,0.5555555555555556,0.5909090909090909,0.7142857142857143,0.30952380952380953
63000,0.6333333333333333,0.5555555555555556,0.5909090909090909,0.7321428571428571,0.23809523809523808
63300,0.6333333333333333,0.6666666666666666,0.6363636363636364,0.7321428571428571,0.19047619047619047
63600,0.6666666666666666,0.6944444444444444,0.6363636363636364,0.7142857142857143,0.35714285714285715
63900,0.6666666666666666,0.6944444444444444,0.6363636363636364,0.7142857142857143,0.38095238095238093
64200,0.7,0.7222222222222222,0.6363636363636364,0.6964285714285714,0.3333333333333333
64500,0.7,0.7222222222222222,0.6818181818181818,0.7142857142857143,0.35714285714285715
64800,0.7,0.6944444444444444,0.6363636363636364,0.6785714285714286,0.47619047619047616
65100,0.6666666666666666,0.6944444444444444,0.5454545454545454,0.6785714285714286,0.40476190476190477
65400,0.7,0.7222222222222222,0.5454545454545454,0.75,0.4523809523809524
65700,0.6666666666666666,0.7777777777777778,0.5909090909090909,0.7142857142857143,0.42857142857142855
66000,0.7333333333333333,0.8055555555555556,0.5454545454545454,0.7142857142857143,0.38095238095238093
66300,0.7,0.8611111111111112,0.5909090909090909,0.7142857142857143,0.35714285714285715
66600,0.7,0.8611111111111112,0.5909090909090909,0.6785714285714286,0.35714285714285715
66900,0.7333333333333333,0.8888888888888888,0.5454545454545454,0.6785714285714286,0.42857142857142855
67200,0.7333333333333333,0.9166666666666666,0.5454545454545454,0.6785714285714286,0.35714285714285715
67500,0.8,0.9166666666666666,0.5909090909090909,0.6428571428571429,0.4523809523809524
67800,0.0,0.0,0.0,0.0,0.38095238095238093
68100,0.8,0.9166666666666666,0.5454545454545454,0.6428571428571429,0.2619047619047619
68400,0.8333333333333334,0.9444444444444444,0.5454545454545454,0.6428571428571429,0.38095238095238093
68700,0.8333333333333334,0.9722222222222222,0.5,0.6607142857142857,0.35714285714285715
69000,0.8333333333333334,1.0,0.5,0.5892857142857143,0.30952380952380953
69300,0.8666666666666667,1.0,0.5454545454545454,0.5714285714285714,0.35714285714285715
69600,0.8666666666666667,0.9444444444444444,0.5454545454545454,0.5535714285714286,0.3333333333333333
69900,0.8666666666666667,0.9166666666666666,0.5454545454545454,0.5,0.3333333333333333
70200,0.8333333333333334,0.8888888888888888,0.5909090909090909,0.48214285714285715,0.2857142857142857
70500,0.8,0.8611111111111112,0.5454545454545454,0.44642857142857145,0.3333333333333333
70800,0.8,0.8611111111111112,0.5454545454545454,0.44642857142857145,0.35714285714285715
71100,0.8,0.8611111111111112,0.5454545454545454,0.5357142857142857,0.21428571428571427
71400,0.8,0.8333333333333334,0.5909090909090909,0.5714285714285714,0.21428571428571427
71700,0.7666666666666667,0.8055555555555556,0.5909090909090909,0.5892857142857143,0.21428571428571427
72000,0.7666666666666667,0.8055555555555556,0.5909090909090909,0.5535714285714286,0.30952380952380953
72300,0.7666666666666667,0.75,0.6363636363636364,0.4642857142857143,0.2857142857142857
72600,0.8,0.7222222222222222,0.7727272727272727,0.48214285714285715,0.3333333333333333
72900,0.8,0.6944444444444444,0.7272727272727273,0.44642857142857145,0.35714285714285715
73200,0.8333333333333334,0.75,0.7272727272727273,0.5178571428571429,0.23809523809523808
73500,0.7666666666666667,0.75,0.6818181818181818,0.48214285714285715,0.38095238095238093
73800,0.8,0.6666666666666666,0.6818181818181818,0.5,0.42857142857142855
74100,0.8,0.6944444444444444,0.6818181818181818,0.5,0.35714285714285715
74400,0.7666666666666667,0.6666666666666666,0.6818181818181818,0.48214285714285715,0.4523809523809524
74700,0.7666666666666667,0.6111111111111112,0.6363636363636364,0.4107142857142857,0.47619047619047616
75000,0.7333333333333333,0.5833333333333334,0.5909090909090909,0.35714285714285715,0.4523809523809524
75300,0.7666666666666667,0.6666666666666666,0.5,0.42857142857142855,0.5238095238095238
75600,0.6333333333333333,0.75,0.5,0.44642857142857145,0.4523809523809524
75900,0.6,0.7777777777777778,0.5,0.4107142857142857,0.42857142857142855
76200,0.5666666666666667,0.6944444444444444,0.5,0.3392857142857143,0.47619047619047616
76500,0.5666666666666667,0.7222222222222222,0.45454545454545453,0.3392857142857143,0.42857142857142855
76800,0.5333333333333333,0.75,0.45454545454545453,0.30357142857142855,0.38095238095238093
77100,0.5333333333333333,0.8055555555555556,0.45454545454545453,0.30357142857142855,0.3333333333333333
77400,0.5,0.75,0.45454545454545453,0.3392857142857143,0.35714285714285715
77700,0.5,0.8055555555555556,0.45454545454545453,0.35714285714285715,0.35714285714285715
78000,0.5,0.8055555555555556,0.4090909090909091,0.4107142857142857,0.23809523809523808
78300,0.5,0.8055555555555556,0.4090909090909091,0.39285714285714285,0.3333333333333333
78600,0.5,0.8333333333333334,0.4090909090909091,0.48214285714285715,0.2857142857142857
78900,0.5,0.8055555555555556,0.3181818181818182,0.5357142857142857,0.42857142857142855
79200,0.4666666666666667,0.8333333333333334,0.3181818181818182,0.5357142857142857,0.30952380952380953
79500,0.43333333333333335,0.75,0.36363636363636365,0.5,0.30952380952380953
79800,0.4,0.75,0.4090909090909091,0.5178571428571429,0.38095238095238093
80100,0.43333333333333335,0.8333333333333334,0.45454545454545453,0.5714285714285714,0.40476190476190477
80400,0.4,0.8611111111111112,0.5,0.5357142857142857,0.35714285714285715
80700,0.43333333333333335,0.8611111111111112,0.4090909090909091,0.5535714285714286,0.30952380952380953
81000,0.43333333333333335,0.8611111111111112,0.45454545454545453,0.5357142857142857,0.2857142857142857
81300,0.4666666666666667,0.8055555555555556,0.45454545454545453,0.5357142857142857,0.42857142857142855
81600,0.4,0.8055555555555556,0.45454545454545453,0.5178571428571429,0.30952380952380953
81900,0.43333333333333335,0.7777777777777778,0.4090909090909091,0.5178571428571429,0.30952380952380953
82200,0.43333333333333335,0.7777777777777778,0.5,0.39285714285714285,0.2619047619047619
82500,0.43333333333333335,0.7777777777777778,0.5454545454545454,0.375,0.2619047619047619
82800,0.4666666666666667,0.7777777777777778,0.5909090909090909,0.375,0.2857142857142857
83100,0.5333333333333333,0.7777777777777778,0.5454545454545454,0.32142857142857145,0.3333333333333333
83400,0.5333333333333333,0.8055555555555556,0.5,0.375,0.42857142857142855
83700,0.5333333333333333,0.8611111111111112,0.5,0.3392857142857143,0.42857142857142855
84000,0.4666666666666667,0.8611111111111112,0.5454545454545454,0.375,0.40476190476190477
84300,0.5,0.8333333333333334,0.5,0.35714285714285715,0.40476190476190477
84600,0.4666666666666667,0.8611111111111112,0.5454545454545454,0.3392857142857143,0.4523809523809524
84900,0.4666666666666667,0.8888888888888888,0.5454545454545454,0.32142857142857145,0.5
85200,0.4666666666666667,0.8611111111111112,0.45454545454545453,0.26785714285714285,0.5238095238095238
85500,0.4666666666666667,0.8611111111111112,0.36363636363636365,0.32142857142857145,0.6190476190476191
85800,0.43333333333333335,0.8055555555555556,0.2727272727272727,0.26785714285714285,0.6904761904761905
86100,0.4,0.8055555555555556,0.3181818181818182,0.2857142857142857,0.6904761904761905
86400,0.4,0.7777777777777778,0.36363636363636365,0.25,0.6428571428571429
86700,0.0,0.7222222222222222,0.0,0.0,0.6428571428571429
87000,0.4,0.6111111111111112,0.4090909090909091,0.14285714285714285,0.5
87300,0.4,0.5833333333333334,0.2727272727272727,0.125,0.35714285714285715
87600,0.36666666666666664,0.5277777777777778,0.18181818181818182,0.125,0.16666666666666666
87900,0.3333333333333333,0.5555555555555556,0.09090909090909091,0.14285714285714285,0.19047619047619047
88200,0.3,0.5555555555555556,0.09090909090909091,0.08928571428571429,0.23809523809523808
88500,0.3333333333333333,0.5,0.0,0.10714285714285714,0.2857142857142857
88800,0.3333333333333333,0.4166666666666667,0.09090909090909091,0.07142857142857142,0.16666666666666666
89100,0.4,0.4166666666666667,0.18181818181818182,0.08928571428571429,0.19047619047619047
89400,0.4,0.3611111111111111,0.18181818181818182,0.19642857142857142,0.14285714285714285
89700,0.36666666666666664,0.25,0.18181818181818182,0.08928571428571429,0.14285714285714285
90000,0.4,0.16666666666666666,0.22727272727272727,0.10714285714285714,0.19047619047619047
90300,0.36666666666666664,0.2222222222222222,0.2727272727272727,0.10714285714285714,0.23809523809523808
90600,0.36666666666666664,0.19444444444444445,0.2727272727272727,0.08928571428571429,0.3333333333333333
90900,0.4,0.19444444444444445,0.2727272727272727,0.07142857142857142,0.40476190476190477
91200,0.3333333333333333,0.19444444444444445,0.22727272727272727,0.05357142857142857,0.42857142857142855
91500,0.3333333333333333,0.2222222222222222,0.2727272727272727,0.125,0.3333333333333333
91800,0.3333333333333333,0.3055555555555556,0.2727272727272727,0.03571428571428571,0.40476190476190477
92100,0.36666666666666664,0.3888888888888889,0.3181818181818182,0.05357142857142857,0.4523809523809524
92400,0.36666666666666664,0.3055555555555556,0.4090909090909091,0.05357142857142857,0.5238095238095238
92700,0.3333333333333333,0.3055555555555556,0.4090909090909091,0.03571428571428571,0.5476190476190477
93000,0.36666666666666664,0.25,0.4090909090909091,0.08928571428571429,0.47619047619047616
93300,0.36666666666666664,0.25,0.45454545454545453,0.125,0.47619047619047616
93600,0.3333333333333333,0.2222222222222222,0.5909090909090909,0.05357142857142857,0.42857142857142855
93900,0.3333333333333333,0.16666666666666666,0.5454545454545454,0.125,0.5714285714285714
94200,0.3333333333333333,0.1388888888888889,0.5909090909090909,0.14285714285714285,0.6666666666666666
94500,0.3,0.25,0.5909090909090909,0.125,0.7380952380952381
94800,0.3,0.2222222222222222,0.5909090909090909,0.125,0.7142857142857143
95100,0.3,0.1388888888888889,0.5454545454545454,0.07142857142857142,0.7380952380952381
95400,0.23333333333333334,0.16666666666666666,0.5454545454545454,0.125,0.7619047619047619
95700,0.2,0.19444444444444445,0.5454545454545454,0.19642857142857142,0.8095238095238095
96000,0.2,0.25,0.5454545454545454,0.125,0.8095238095238095
96300,0.16666666666666666,0.2777777777777778,0.5454545454545454,0.16071428571428573,0.8333333333333334
96600,0.16666666666666666,0.2222222222222222,0.5454545454545454,0.23214285714285715,0.8333333333333334
96900,0.16666666666666666,0.3333333333333333,0.5,0.25,0.9047619047619048
97200,0.13333333333333333,0.3055555555555556,0.5,0.32142857142857145,0.8809523809523809
97500,0.13333333333333333,0.25,0.45454545454545453,0.32142857142857145,0.9047619047619048
97800,0.13333333333333333,0.2222222222222222,0.45454545454545453,0.375,0.9047619047619048
98100,0.13333333333333333,0.3055555555555556,0.45454545454545453,0.39285714285714285,0.9285714285714286
98400,0.13333333333333333,0.3055555555555556,0.5,0.39285714285714285,0.9285714285714286
98700,0.13333333333333333,0.25,0.5,0.375,0.9523809523809523
99000,0.13333333333333333,0.19444444444444445,0.5,0.375,0.9523809523809523
99300,0.13333333333333333,0.25,0.45454545454545453,0.44642857142857145,0.9761904761904762
99600,0.13333333333333333,0.19444444444444445,0.4090909090909091,0.4642857142857143,0.9761904761904762
99900,0.16666666666666666,0.1388888888888889,0.4090909090909091,0.48214285714285715,0.9761904761904762
100200,0.2,0.1111111111111111,0.4090909090909091,0.5178571428571429,0.9523809523809523
100500,0.16666666666666666,0.19444444444444445,0.4090909090909091,0.5178571428571429,0.9523809523809523
100800,0.16666666666666666,0.16666666666666666,0.4090909090909091,0.5714285714285714,0.9523809523809523
101100,0.16666666666666666,0.16666666666666666,0.4090909090909091,0.625,0.9523809523809523
101400,0.16666666666666666,0.16666666666666666,0.36363636363636365,0.6428571428571429,0.9523809523809523
101700,0.16666666666666666,0.25,0.36363636363636365,0.6607142857142857,0.9285714285714286
102000,0.16666666666666666,0.25,0.3181818181818182,0.6607142857142857,0.9047619047619048
102300,0.16666666666666666,0.2777777777777778,0.3181818181818182,0.6964285714285714,0.9047619047619048
102600,0.13333333333333333,0.2777777777777778,0.3181818181818182,0.6785714285714286,0.8333333333333334
102900,0.13333333333333333,0.2777777777777778,0.3181818181818182,0.6785714285714286,0.8571428571428571
103200,0.13333333333333333,0.2222222222222222,0.3181818181818182,0.6785714285714286,0.8333333333333334
103500,0.13333333333333333,0.2222222222222222,0.3181818181818182,0.6607142857142857,0.8571428571428571
103800,0.16666666666666666,0.19444444444444445,0.2727272727272727,0.6607142857142857,0.8571428571428571
104100,0.16666666666666666,0.19444444444444445,0.2727272727272727,0.6964285714285714,0.9285714285714286
104400,0.16666666666666666,0.2222222222222222,0.2727272727272727,0.7321428571428571,0.9047619047619048
104700,0.2,0.2777777777777778,0.2727272727272727,0.7321428571428571,0.8571428571428571
105000,0.2,0.19444444444444445,0.22727272727272727,0.7321428571428571,0.8809523809523809
105300,0.2,0.25,0.2727272727272727,0.75,0.8571428571428571
105600,0.2,0.3055555555555556,0.2727272727272727,0.7142857142857143,0.8809523809523809
105900,0.2,0.3055555555555556,0.2727272727272727,0.75,0.8333333333333334
106200,0.2,0.3333333333333333,0.2727272727272727,0.7678571428571429,0.8095238095238095
106500,0.2,0.3333333333333333,0.2727272727272727,0.7142857142857143,0.8571428571428571
106800,0.2,0.3055555555555556,0.22727272727272727,0.6964285714285714,0.8333333333333334
107100,0.16666666666666666,0.3055555555555556,0.22727272727272727,0.6785714285714286,0.8333333333333334
107400,0.16666666666666666,0.2777777777777778,0.22727272727272727,0.625,0.8571428571428571
107700,0.16666666666666666,0.3055555555555556,0.22727272727272727,0.5892857142857143,0.9285714285714286
108000,0.16666666666666666,0.3333333333333333,0.22727272727272727,0.5892857142857143,0.9047619047619048
108300,0.16666666666666666,0.3611111111111111,0.22727272727272727,0.6071428571428571,0.9285714285714286
108600,0.16666666666666666,0.3333333333333333,0.22727272727272727,0.5892857142857143,0.9047619047619048
108900,0.2,0.3055555555555556,0.18181818181818182,0.5892857142857143,0.8809523809523809
109200,0.2,0.3055555555555556,0.18181818181818182,0.5535714285714286,0.9047619047619048
109500,0.2,0.3333333333333333,0.18181818181818182,0.5357142857142857,0.9047619047619048
109800,0.16666666666666666,0.3888888888888889,0.18181818181818182,0.5178571428571429,0.8809523809523809
110100,0.16666666666666666,0.3888888888888889,0.3181818181818182,0.4642857142857143,0.8571428571428571
110400,0.23333333333333334,0.3888888888888889,0.3181818181818182,0.5,0.8571428571428571
110700,0.26666666666666666,0.3333333333333333,0.45454545454545453,0.5,0.8571428571428571
111000,0.23333333333333334,0.2777777777777778,0.5,0.48214285714285715,0.8809523809523809
111300,0.23333333333333334,0.4166666666666667,0.6818181818181818,0.42857142857142855,0.8809523809523809
111600,0.23333333333333334,0.3611111111111111,0.6818181818181818,0.35714285714285715,0.9523809523809523
111900,0.23333333333333334,0.3055555555555556,0.6818181818181818,0.2857142857142857,0.9047619047619048
112200,0.26666666666666666,0.3611111111111111,0.6818181818181818,0.2857142857142857,0.9047619047619048
112500,0.26666666666666666,0.2777777777777778,0.6818181818181818,0.19642857142857142,0.8809523809523809
112800,0.3,0.25,0.7272727272727273,0.21428571428571427,0.8571428571428571
113100,0.3,0.2777777777777778,0.7727272727272727,0.25,0.8095238095238095
113400,0.3333333333333333,0.2777777777777778,0.7272727272727273,0.21428571428571427,0.8333333333333334
113700,0.3,0.25,0.7272727272727273,0.21428571428571427,0.8571428571428571
114000,0.3,0.2777777777777778,0.7272727272727273,0.17857142857142858,0.8571428571428571
114300,0.3,0.3055555555555556,0.6818181818181818,0.19642857142857142,0.7857142857142857
114600,0.3,0.4166666666666667,0.7272727272727273,0.21428571428571427,0.7857142857142857
114900,0.3,0.4166666666666667,0.7272727272727273,0.26785714285714285,0.7142857142857143
115200,0.3333333333333333,0.4444444444444444,0.7272727272727273,0.3392857142857143,0.6666666666666666
115500,0.36666666666666664,0.5277777777777778,0.7272727272727273,0.39285714285714285,0.6904761904761905
115800,0.4,0.6388888888888888,0.7727272727272727,0.35714285714285715,0.7619047619047619
116100,0.43333333333333335,0.7777777777777778,0.7727272727272727,0.375,0.6904761904761905
116400,0.43333333333333335,0.8055555555555556,0.7727272727272727,0.375,0.6666666666666666
116700,0.43333333333333335,0.8888888888888888,0.7727272727272727,0.4107142857142857,0.6190476190476191
117000,0.43333333333333335,0.9166666666666666,0.7272727272727273,0.4642857142857143,0.5952380952380952
117300,0.4666666666666667,0.9166666666666666,0.7272727272727273,0.5178571428571429,0.5476190476190477
117600,0.43333333333333335,0.9166666666666666,0.7727272727272727,0.5535714285714286,0.47619047619047616
117900,0.4,0.9166666666666666,0.7727272727272727,0.6071428571428571,0.5238095238095238
118200,0.4,0.9444444444444444,0.6818181818181818,0.6428571428571429,0.5476190476190477
118500,0.43333333333333335,0.9444444444444444,0.6818181818181818,0.6071428571428571,0.5238095238095238
118800,0.43333333333333335,0.9444444444444444,0.6363636363636364,0.5535714285714286,0.3333333333333333
119100,0.43333333333333335,0.9722222222222222,0.6363636363636364,0.625,0.23809523809523808
119400,0.4666666666666667,0.9444444444444444,0.6363636363636364,0.6071428571428571,0.30952380952380953
119700,0.5,0.9166666666666666,0.6363636363636364,0.5892857142857143,0.21428571428571427
120000,0.5666666666666667,0.9166666666666666,0.6363636363636364,0.625,0.19047619047619047
120300,0.5666666666666667,0.9166666666666666,0.6818181818181818,0.625,0.30952380952380953
120600,0.5666666666666667,0.9166666666666666,0.7727272727272727,0.625,0.23809523809523808
120900,0.6,0.9166666666666666,0.7727272727272727,0.6071428571428571,0.30952380952380953
121200,0.6666666666666666,0.9166666666666666,0.7727272727272727,0.625,0.35714285714285715
121500,0.6666666666666666,0.8888888888888888,0.7727272727272727,0.5892857142857143,0.42857142857142855
121800,0.6666666666666666,0.9166666666666666,0.7727272727272727,0.6071428571428571,0.30952380952380953
122100,0.6666666666666666,0.9166666666666666,0.7727272727272727,0.6785714285714286,0.23809523809523808
122400,0.7,0.9166666666666666,0.7727272727272727,0.75,0.21428571428571427
122700,0.6666666666666666,0.9166666666666666,0.7727272727272727,0.7678571428571429,0.30952380952380953
123000,0.6333333333333333,0.8888888888888888,0.7727272727272727,0.8035714285714286,0.30952380952380953
123300,0.6333333333333333,0.9166666666666666,0.7272727272727273,0.875,0.35714285714285715
123600,0.6,0.9166666666666666,0.7272727272727273,0.9107142857142857,0.38095238095238093
123900,0.6333333333333333,0.9444444444444444,0.7272727272727273,0.9107142857142857,0.3333333333333333
124200,0.6333333333333333,0.9444444444444444,0.7272727272727273,0.9107142857142857,0.40476190476190477
124500,0.7,0.9444444444444444,0.7727272727272727,0.9285714285714286,0.38095238095238093
124800,0.7,0.9444444444444444,0.7727272727272727,0.9464285714285714,0.38095238095238093
125100,0.7,0.9444444444444444,0.7727272727272727,0.9464285714285714,0.42857142857142855
125400,0.0,0.0,0.0,0.0,0.40476190476190477
125700,0.6333333333333333,0.9444444444444444,0.7727272727272727,0.9821428571428571,0.2857142857142857
126000,0.6666666666666666,0.9166666666666666,0.6818181818181818,0.9821428571428571,0.21428571428571427
126300,0.6666666666666666,0.9166666666666666,0.7272727272727273,0.9821428571428571,0.19047619047619047
126600,0.6666666666666666,0.8611111111111112,0.6818181818181818,0.9821428571428571,0.14285714285714285
126900,0.6333333333333333,0.8611111111111112,0.6363636363636364,0.9821428571428571,0.14285714285714285
127200,0.6333333333333333,0.8333333333333334,0.6363636363636364,0.9821428571428571,0.11904761904761904
127500,0.6333333333333333,0.8333333333333334,0.6818181818181818,1.0,0.14285714285714285
127800,0.6666666666666666,0.8055555555555556,0.6363636363636364,1.0,0.16666666666666666
128100,0.7,0.8055555555555556,0.6363636363636364,0.9821428571428571,0.23809523809523808
128400,0.6666666666666666,0.8333333333333334,0.5909090909090909,0.9642857142857143,0.30952380952380953
128700,0.7,0.8333333333333334,0.6818181818181818,0.9642857142857143,0.23809523809523808
129000,0.6666666666666666,0.8055555555555556,0.7272727272727273,0.9107142857142857,0.19047619047619047
129300,0.6333333333333333,0.8333333333333334,0.6818181818181818,0.8928571428571429,0.21428571428571427
129600,0.6333333333333333,0.8333333333333334,0.6363636363636364,0.8571428571428571,0.16666666666666666
129900,0.6333333333333333,0.8055555555555556,0.6363636363636364,0.8035714285714286,0.2619047619047619
130200,0.6,0.75,0.6363636363636364,0.8035714285714286,0.23809523809523808
130500,0.6,0.6666666666666666,0.6363636363636364,0.7857142857142857,0.2619047619047619
130800,0.5666666666666667,0.6388888888888888,0.5454545454545454,0.7857142857142857,0.3333333333333333
131100,0.6333333333333333,0.6111111111111112,0.5454545454545454,0.7321428571428571,0.38095238095238093
131400,0.6,0.4722222222222222,0.5909090909090909,0.7321428571428571,0.2619047619047619
131700,0.6,0.4444444444444444,0.5909090909090909,0.6964285714285714,0.38095238095238093
132000,0.5666666666666667,0.3888888888888889,0.5454545454545454,0.6607142857142857,0.3333333333333333
132300,0.4666666666666667,0.3611111111111111,0.5,0.6428571428571429,0.30952380952380953
132600,0.5,0.4166666666666667,0.5,0.7142857142857143,0.16666666666666666
132900,0.5,0.4722222222222222,0.45454545454545453,0.7142857142857143,0.21428571428571427
133200,0.5666666666666667,0.5,0.4090909090909091,0.7142857142857143,0.047619047619047616
133500,0.5333333333333333,0.6111111111111112,0.36363636363636365,0.6785714285714286,0.07142857142857142
133800,0.5666666666666667,0.5,0.45454545454545453,0.6607142857142857,0.11904761904761904
134100,0.5666666666666667,0.5277777777777778,0.5454545454545454,0.6785714285714286,0.07142857142857142
134400,0.5333333333333333,0.4722222222222222,0.5454545454545454,0.75,0.19047619047619047
134700,0.5,0.4166666666666667,0.5454545454545454,0.75,0.19047619047619047
135000,0.5333333333333333,0.5,0.5909090909090909,0.7678571428571429,0.14285714285714285
135300,0.5333333333333333,0.4722222222222222,0.5909090909090909,0.7142857142857143,0.23809523809523808
135600,0.5333333333333333,0.5277777777777778,0.5909090909090909,0.6964285714285714,0.2857142857142857
135900,0.5,0.4722222222222222,0.6363636363636364,0.7142857142857143,0.30952380952380953
136200,0.4666666666666667,0.5,0.6818181818181818,0.7142857142857143,0.21428571428571427
136500,0.4666666666666667,0.5555555555555556,0.7272727272727273,0.7321428571428571,0.23809523809523808
136800,0.5666666666666667,0.6388888888888888,0.7727272727272727,0.7857142857142857,0.2619047619047619
137100,0.5333333333333333,0.6944444444444444,0.7727272727272727,0.8214285714285714,0.16666666666666666
137400,0.4666666666666667,0.7222222222222222,0.7272727272727273,0.8571428571428571,0.14285714285714285
137700,0.4666666666666667,0.7222222222222222,0.7272727272727273,0.875,0.09523809523809523
138000,0.4666666666666667,0.8611111111111112,0.7272727272727273,0.875,0.07142857142857142
138300,0.4666666666666667,0.8333333333333334,0.7272727272727273,0.8571428571428571,0.09523809523809523
138600,0.4666666666666667,0.8888888888888888,0.7727272727272727,0.9107142857142857,0.09523809523809523
138900,0.43333333333333335,0.8888888888888888,0.7727272727272727,0.9464285714285714,0.047619047619047616
139200,0.5,0.8611111111111112,0.7727272727272727,0.9642857142857143,0.07142857142857142
139500,0.5333333333333333,0.8611111111111112,0.8181818181818182,0.8571428571428571,0.14285714285714285
139800,0.5666666666666667,0.8333333333333334,0.8636363636363636,0.75,0.16666666666666666
140100,0.5666666666666667,0.8055555555555556,0.8636363636363636,0.7142857142857143,0.16666666666666666
140400,0.5666666666666667,0.8333333333333334,0.8636363636363636,0.7321428571428571,0.14285714285714285
140700,0.5333333333333333,0.8333333333333334,0.8636363636363636,0.75,0.11904761904761904
141000,0.5333333333333333,0.7222222222222222,0.8636363636363636,0.7321428571428571,0.09523809523809523
141300,0.5666666666666667,0.7222222222222222,0.8636363636363636,0.75,0.023809523809523808
141600,0.5333333333333333,0.6944444444444444,0.8636363636363636,0.7321428571428571,0.11904761904761904
141900,0.4666666666666667,0.6666666666666666,0.8636363636363636,0.7142857142857143,0.09523809523809523
142200,0.5,0.6666666666666666,0.8181818181818182,0.7142857142857143,0.047619047619047616
142500,0.5333333333333333,0.6666666666666666,0.7727272727272727,0.75,0.09523809523809523
142800,0.5333333333333333,0.6666666666666666,0.7272727272727273,0.7678571428571429,0.16666666666666666
143100,0.5,0.6388888888888888,0.5909090909090909,0.6607142857142857,0.11904761904761904
143400,0.5333333333333333,0.6388888888888888,0.5909090909090909,0.6428571428571429,0.09523809523809523
143700,0.5,0.6388888888888888,0.5909090909090909,0.6428571428571429,0.14285714285714285
144000,0.5,0.6388888888888888,0.5,0.6785714285714286,0.09523809523809523
144300,0.5333333333333333,0.6388888888888888,0.45454545454545453,0.6785714285714286,0.14285714285714285
144600,0.5333333333333333,0.6111111111111112,0.45454545454545453,0.6785714285714286,0.19047619047619047
144900,0.6333333333333333,0.6111111111111112,0.5,0.7142857142857143,0.19047619047619047
145200,0.6,0.6111111111111112,0.5454545454545454,0.7321428571428571,0.11904761904761904
145500,0.6,0.5833333333333334,0.5,0.7142857142857143,0.14285714285714285
145800,0.6,0.6666666666666666,0.5454545454545454,0.6607142857142857,0.21428571428571427
146100,0.5666666666666667,0.6666666666666666,0.5454545454545454,0.6428571428571429,0.23809523809523808
146400,0.5666666666666667,0.6388888888888888,0.5,0.6785714285714286,0.09523809523809523
146700,0.5,0.6666666666666666,0.5454545454545454,0.6785714285714286,0.07142857142857142
147000,0.5,0.6388888888888888,0.5454545454545454,0.6071428571428571,0.19047619047619047
147300,0.5,0.6388888888888888,0.5454545454545454,0.5892857142857143,0.23809523809523808
147600,0.5,0.6666666666666666,0.5454545454545454,0.6071428571428571,0.2619047619047619
147900,0.4666666666666667,0.75,0.5454545454545454,0.625,0.16666666666666666
148200,0.5,0.75,0.6363636363636364,0.625,0.19047619047619047
148500,0.6,0.6944444444444444,0.6363636363636364,0.6964285714285714,0.19047619047619047
148800,0.6,0.6944444444444444,0.5909090909090909,0.6428571428571429,0.16666666666666666
149100,0.6,0.6666666666666666,0.5909090909090909,0.6607142857142857,0.19047619047619047
149400,0.6333333333333333,0.6388888888888888,0.5909090909090909,0.7321428571428571,0.19047619047619047
149700,0.6666666666666666,0.6388888888888888,0.5454545454545454,0.6428571428571429,0.19047619047619047
150000,0.6666666666666666,0.6666666666666666,0.5909090909090909,0.6071428571428571,0.14285714285714285
150300,0.6666666666666666,0.7222222222222222,0.5909090909090909,0.625,0.16666666666666666
150600,0.6333333333333333,0.7777777777777778,0.6818181818181818,0.6964285714285714,0.19047619047619047
150900,0.6,0.7777777777777778,0.6818181818181818,0.7142857142857143,0.19047619047619047
151200,0.6,0.7777777777777778,0.7272727272727273,0.7321428571428571,0.16666666666666666
151500,0.6,0.7777777777777778,0.6818181818181818,0.7857142857142857,0.2857142857142857
151800,0.6333333333333333,0.8055555555555556,0.6818181818181818,0.7857142857142857,0.2857142857142857
152100,0.6666666666666666,0.8055555555555556,0.6363636363636364,0.8035714285714286,0.38095238095238093
152400,0.6333333333333333,0.8055555555555556,0.6818181818181818,0.8035714285714286,0.3333333333333333
152700,0.6333333333333333,0.8333333333333334,0.6363636363636364,0.7857142857142857,0.2857142857142857
153000,0.6333333333333333,0.9444444444444444,0.6363636363636364,0.8214285714285714,0.23809523809523808
153300,0.6,0.9166666666666666,0.5909090909090909,0.8392857142857143,0.21428571428571427
153600,0.5666666666666667,0.9722222222222222,0.5909090909090909,0.8214285714285714,0.11904761904761904
153900,0.5666666666666667,0.9722222222222222,0.5909090909090909,0.8214285714285714,0.09523809523809523
154200,0.6,0.9722222222222222,0.5454545454545454,0.875,0.21428571428571427
154500,0.6333333333333333,0.9722222222222222,0.5454545454545454,0.875,0.21428571428571427
154800,0.6333333333333333,0.9722222222222222,0.6363636363636364,0.8392857142857143,0.21428571428571427
155100,0.6666666666666666,1.0,0.6363636363636364,0.8035714285714286,0.14285714285714285
155400,0.6666666666666666,1.0,0.5454545454545454,0.6964285714285714,0.16666666666666666
155700,0.6333333333333333,1.0,0.5,0.6785714285714286,0.14285714285714285
156000,0.6333333333333333,1.0,0.5,0.75,0.16666666666666666
156300,0.6333333333333333,1.0,0.5,0.7142857142857143,0.23809523809523808
156600,0.6333333333333333,0.9722222222222222,0.5,0.6785714285714286,0.21428571428571427
156900,0.5666666666666667,0.9166666666666666,0.5,0.6785714285714286,0.23809523809523808
157200,0.5666666666666667,0.8333333333333334,0.4090909090909091,0.6785714285714286,0.23809523809523808
157500,0.5333333333333333,0.8333333333333334,0.3181818181818182,0.6428571428571429,0.42857142857142855
157800,0.5666666666666667,0.7777777777777778,0.3181818181818182,0.625,0.5
158100,0.6,0.8055555555555556,0.3181818181818182,0.625,0.5238095238095238
158400,0.6,0.8055555555555556,0.3181818181818182,0.6428571428571429,0.3333333333333333
158700,0.6,0.8055555555555556,0.4090909090909091,0.6071428571428571,0.38095238095238093
159000,0.5333333333333333,0.8055555555555556,0.5,0.625,0.30952380952380953
159300,0.5666666666666667,0.8333333333333334,0.5454545454545454,0.6071428571428571,0.23809523809523808
159600,0.5666666666666667,0.8611111111111112,0.5,0.625,0.3333333333333333
159900,0.5666666666666667,0.8611111111111112,0.5,0.6071428571428571,0.3333333333333333
160200,0.6,0.8611111111111112,0.5,0.5535714285714286,0.2857142857142857
160500,0.6333333333333333,0.8611111111111112,0.5,0.48214285714285715,0.3333333333333333
160800,0.6333333333333333,0.8611111111111112,0.5,0.5,0.38095238095238093
161100,0.6333333333333333,0.8333333333333334,0.45454545454545453,0.5535714285714286,0.3333333333333333
161400,0.6,0.8333333333333334,0.45454545454545453,0.5714285714285714,0.35714285714285715
161700,0.5666666666666667,0.8333333333333334,0.6363636363636364,0.5357142857142857,0.3333333333333333
162000,0.5333333333333333,0.8611111111111112,0.6818181818181818,0.5535714285714286,0.30952380952380953
162300,0.5333333333333333,0.8611111111111112,0.7272727272727273,0.5535714285714286,0.5
162600,0.6,0.8611111111111112,0.6818181818181818,0.5714285714285714,0.5238095238095238
162900,0.6,0.8888888888888888,0.6818181818181818,0.5714285714285714,0.5
163200,0.5,0.9166666666666666,0.6363636363636364,0.5535714285714286,0.5
163500,0.5,0.9444444444444444,0.6363636363636364,0.5,0.5476190476190477
163800,0.4666666666666667,0.9444444444444444,0.7272727272727273,0.5357142857142857,0.47619047619047616
164100,0.4666666666666667,0.8611111111111112,0.6818181818181818,0.5714285714285714,0.5476190476190477
164400,0.36666666666666664,0.8888888888888888,0.6818181818181818,0.5535714285714286,0.5238095238095238
164700,0.4,0.8888888888888888,0.6363636363636364,0.4642857142857143,0.47619047619047616
165000,0.4,0.8611111111111112,0.5909090909090909,0.5,0.42857142857142855
165300,0.3,0.8611111111111112,0.5454545454545454,0.5,0.40476190476190477
165600,0.3,0.8611111111111112,0.5,0.5,0.38095238095238093
165900,0.3,0.8333333333333334,0.5,0.5535714285714286,0.5
166200,0.36666666666666664,0.8888888888888888,0.5454545454545454,0.5892857142857143,0.5476190476190477
166500,0.36666666666666664,0.8611111111111112,0.5,0.5714285714285714,0.5714285714285714
166800,0.36666666666666664,0.8333333333333334,0.5,0.5535714285714286,0.5476190476190477
167100,0.4,0.8611111111111112,0.5,0.5,0.5714285714285714
167400,0.4,0.8888888888888888,0.5,0.4107142857142857,0.5238095238095238
167700,0.4,0.8888888888888888,0.5,0.4107142857142857,0.5714285714285714
168000,0.36666666666666664,0.8333333333333334,0.4090909090909091,0.4107142857142857,0.5476190476190477
168300,0.4,0.8333333333333334,0.45454545454545453,0.375,0.47619047619047616
168600,0.0,0.0,0.0,0.0,0.5
168900,0.4,0.8333333333333334,0.5,0.375,0.5
169200,0.43333333333333335,0.8055555555555556,0.45454545454545453,0.39285714285714285,0.5
169500,0.4666666666666667,0.8333333333333334,0.5,0.4107142857142857,0.5476190476190477
169800,0.4666666666666667,0.8333333333333334,0.5,0.44642857142857145,0.5
170100,0.5,0.8611111111111112,0.5,0.42857142857142855,0.5
170400,0.6,0.8055555555555556,0.45454545454545453,0.4642857142857143,0.5238095238095238
170700,0.6,0.7777777777777778,0.4090909090909091,0.5178571428571429,0.5
171000,0.6,0.7777777777777778,0.4090909090909091,0.6071428571428571,0.5238095238095238
171300,0.5666666666666667,0.7777777777777778,0.4090909090909091,0.5535714285714286,0.4523809523809524
171600,0.4666666666666667,0.7777777777777778,0.36363636363636365,0.48214285714285715,0.5
171900,0.5,0.7222222222222222,0.3181818181818182,0.5178571428571429,0.40476190476190477
172200,0.4666666666666667,0.75,0.36363636363636365,0.5535714285714286,0.40476190476190477
172500,0.5,0.75,0.4090909090909091,0.5535714285714286,0.38095238095238093
172800,0.4666666666666667,0.7222222222222222,0.45454545454545453,0.4107142857142857,0.35714285714285715
173100,0.4666666666666667,0.6666666666666666,0.5,0.35714285714285715,0.38095238095238093
173400,0.5,0.5,0.45454545454545453,0.3392857142857143,0.23809523809523808
173700,0.4666666666666667,0.4444444444444444,0.22727272727272727,0.16071428571428573,0.3333333333333333
174000,0.43333333333333335,0.4722222222222222,0.18181818181818182,0.17857142857142858,0.35714285714285715
174300,0.4,0.4444444444444444,0.18181818181818182,0.17857142857142858,0.38095238095238093
174600,0.43333333333333335,0.3611111111111111,0.18181818181818182,0.125,0.35714285714285715
174900,0.36666666666666664,0.3888888888888889,0.13636363636363635,0.08928571428571429,0.2619047619047619
175200,0.36666666666666664,0.3333333333333333,0.13636363636363635,0.08928571428571429,0.23809523809523808
175500,0.3,0.25,0.22727272727272727,0.08928571428571429,0.30952380952380953
175800,0.3,0.2777777777777778,0.18181818181818182,0.17857142857142858,0.14285714285714285
176100,0.3333333333333333,0.3611111111111111,0.18181818181818182,0.125,0.19047619047619047
176400,0.36666666666666664,0.3333333333333333,0.18181818181818182,0.08928571428571429,0.2619047619047619
176700,0.3333333333333333,0.25,0.18181818181818182,0.125,0.30952380952380953
177000,0.3,0.3333333333333333,0.13636363636363635,0.10714285714285714,0.30952380952380953
177300,0.3,0.3333333333333333,0.18181818181818182,0.10714285714285714,0.38095238095238093
177600,0.3,0.3611111111111111,0.13636363636363635,0.10714285714285714,0.42857142857142855
177900,0.26666666666666666,0.3611111111111111,0.09090909090909091,0.05357142857142857,0.5238095238095238
178200,0.26666666666666666,0.3888888888888889,0.045454545454545456,0.03571428571428571,0.5476190476190477
178500,0.23333333333333334,0.3611111111111111,0.0,0.125,0.5476190476190477
178800,0.23333333333333334,0.3888888888888889,0.09090909090909091,0.125,0.5714285714285714
179100,0.26666666666666666,0.3333333333333333,0.13636363636363635,0.14285714285714285,0.5952380952380952
179400,0.26666666666666666,0.3611111111111111,0.13636363636363635,0.16071428571428573,0.6190476190476191
179700,0.3,0.3888888888888889,0.18181818181818182,0.19642857142857142,0.6666666666666666
180000,0.3333333333333333,0.3888888888888889,0.18181818181818182,0.125,0.7142857142857143
180300,0.3333333333333333,0.3888888888888889,0.18181818181818182,0.125,0.7142857142857143
180600,0.23333333333333334,0.3888888888888889,0.36363636363636365,0.26785714285714285,0.8333333333333334
180900,0.26666666666666666,0.3333333333333333,0.4090909090909091,0.2857142857142857,0.8809523809523809
181200,0.16666666666666666,0.3333333333333333,0.4090909090909091,0.32142857142857145,0.8333333333333334
181500,0.16666666666666666,0.3333333333333333,0.45454545454545453,0.3392857142857143,0.8333333333333334
181800,0.16666666666666666,0.3333333333333333,0.36363636363636365,0.26785714285714285,0.8809523809523809
182100,0.2,0.3333333333333333,0.3181818181818182,0.19642857142857142,0.8333333333333334
182400,0.2,0.3055555555555556,0.3181818181818182,0.19642857142857142,0.8095238095238095
182700,0.23333333333333334,0.3055555555555556,0.3181818181818182,0.23214285714285715,0.8571428571428571
183000,0.23333333333333334,0.3333333333333333,0.36363636363636365,0.16071428571428573,0.8809523809523809
183300,0.0,0.0,0.0,0.0,0.8809523809523809
183600,0.26666666666666666,0.4166666666666667,0.3181818181818182,0.19642857142857142,0.9047619047619048
183900,0.3,0.5555555555555556,0.3181818181818182,0.23214285714285715,0.9047619047619048
184200,0.26666666666666666,0.5,0.36363636363636365,0.16071428571428573,0.9285714285714286
184500,0.23333333333333334,0.5,0.36363636363636365,0.16071428571428573,0.9047619047619048
184800,0.23333333333333334,0.4444444444444444,0.36363636363636365,0.23214285714285715,0.9047619047619048
185100,0.23333333333333334,0.4722222222222222,0.36363636363636365,0.23214285714285715,0.9047619047619048
185400,0.2,0.6388888888888888,0.3181818181818182,0.25,0.9047619047619048
185700,0.2,0.6388888888888888,0.2727272727272727,0.26785714285714285,0.9047619047619048
186000,0.2,0.6944444444444444,0.22727272727272727,0.26785714285714285,0.9047619047619048
186300,0.2,0.6111111111111112,0.2727272727272727,0.26785714285714285,0.9047619047619048
186600,0.16666666666666666,0.5555555555555556,0.2727272727272727,0.19642857142857142,0.9047619047619048
186900,0.13333333333333333,0.5833333333333334,0.2727272727272727,0.14285714285714285,0.9285714285714286
187200,0.13333333333333333,0.5,0.22727272727272727,0.08928571428571429,0.9285714285714286
187500,0.13333333333333333,0.5,0.22727272727272727,0.08928571428571429,0.8809523809523809
187800,0.13333333333333333,0.5,0.22727272727272727,0.14285714285714285,0.8809523809523809
188100,0.13333333333333333,0.4444444444444444,0.22727272727272727,0.25,0.8809523809523809
188400,0.13333333333333333,0.4166666666666667,0.22727272727272727,0.3392857142857143,0.8571428571428571
188700,0.16666666666666666,0.5,0.22727272727272727,0.32142857142857145,0.8809523809523809
189000,0.13333333333333333,0.4444444444444444,0.22727272727272727,0.30357142857142855,0.9047619047619048
189300,0.13333333333333333,0.5,0.22727272727272727,0.35714285714285715,0.9047619047619048
189600,0.13333333333333333,0.4166666666666667,0.22727272727272727,0.30357142857142855,0.9047619047619048
189900,0.13333333333333333,0.4444444444444444,0.22727272727272727,0.32142857142857145,0.9047619047619048
190200,0.13333333333333333,0.5,0.18181818181818182,0.35714285714285715,0.9285714285714286
190500,0.0,0.0,0.0,0.0,0.9523809523809523
190800,0.13333333333333333,0.5,0.22727272727272727,0.375,0.9523809523809523
191100,0.16666666666666666,0.4444444444444444,0.22727272727272727,0.3392857142857143,0.9523809523809523
191400,0.16666666666666666,0.3888888888888889,0.18181818181818182,0.2857142857142857,0.9523809523809523
191700,0.16666666666666666,0.3333333333333333,0.22727272727272727,0.32142857142857145,0.8809523809523809
192000,0.16666666666666666,0.3333333333333333,0.2727272727272727,0.2857142857142857,0.9047619047619048
192300,0.13333333333333333,0.3055555555555556,0.2727272727272727,0.2857142857142857,0.9285714285714286
192600,0.13333333333333333,0.2777777777777778,0.22727272727272727,0.21428571428571427,0.9047619047619048
192900,0.13333333333333333,0.25,0.22727272727272727,0.23214285714285715,0.9285714285714286
193200,0.16666666666666666,0.3611111111111111,0.22727272727272727,0.19642857142857142,0.9523809523809523
193500,0.16666666666666666,0.3333333333333333,0.22727272727272727,0.16071428571428573,0.9047619047619048
193800,0.13333333333333333,0.3333333333333333,0.22727272727272727,0.17857142857142858,0.8809523809523809
194100,0.13333333333333333,0.3888888888888889,0.18181818181818182,0.16071428571428573,0.8571428571428571
194400,0.16666666666666666,0.3611111111111111,0.18181818181818182,0.14285714285714285,0.8333333333333334
194700,0.16666666666666666,0.4444444444444444,0.13636363636363635,0.17857142857142858,0.8571428571428571
195000,0.16666666666666666,0.4444444444444444,0.13636363636363635,0.16071428571428573,0.8809523809523809
195300,0.16666666666666666,0.3888888888888889,0.13636363636363635,0.16071428571428573,0.8571428571428571
195600,0.16666666666666666,0.3888888888888889,0.13636363636363635,0.125,0.8571428571428571
195900,0.16666666666666666,0.3888888888888889,0.13636363636363635,0.17857142857142858,0.8571428571428571
196200,0.16666666666666666,0.3611111111111111,0.18181818181818182,0.19642857142857142,0.8571428571428571
196500,0.23333333333333334,0.4722222222222222,0.2727272727272727,0.17857142857142858,0.8571428571428571
196800,0.23333333333333334,0.4166666666666667,0.2727272727272727,0.19642857142857142,0.8333333333333334
197100,0.2,0.4166666666666667,0.2727272727272727,0.17857142857142858,0.8333333333333334
197400,0.16666666666666666,0.4166666666666667,0.3181818181818182,0.14285714285714285,0.8333333333333334
197700,0.2,0.4166666666666667,0.3181818181818182,0.21428571428571427,0.8809523809523809
198000,0.2,0.3055555555555556,0.4090909090909091,0.14285714285714285,0.8809523809523809
198300,0.16666666666666666,0.3611111111111111,0.5,0.14285714285714285,0.8333333333333334
198600,0.13333333333333333,0.4444444444444444,0.5,0.125,0.8095238095238095
198900,0.13333333333333333,0.3611111111111111,0.5,0.14285714285714285,0.8095238095238095
199200,0.13333333333333333,0.3611111111111111,0.5,0.14285714285714285,0.7857142857142857
199500,0.16666666666666666,0.3611111111111111,0.5,0.10714285714285714,0.7619047619047619
199800,0.2,0.3333333333333333,0.5,0.14285714285714285,0.7380952380952381
200100,0.2,0.3611111111111111,0.5454545454545454,0.21428571428571427,0.6666666666666666
200400,0.16666666666666666,0.3611111111111111,0.5454545454545454,0.21428571428571427,0.6666666666666666
200700,0.16666666666666666,0.3611111111111111,0.5454545454545454,0.25,0.6428571428571429
201000,0.2,0.3611111111111111,0.5909090909090909,0.30357142857142855,0.6190476190476191
201300,0.2,0.4166666666666667,0.5909090909090909,0.375,0.5952380952380952
201600,0.2,0.4722222222222222,0.6363636363636364,0.4107142857142857,0.5714285714285714
201900,0.2,0.5,0.6363636363636364,0.35714285714285715,0.5238095238095238
202200,0.23333333333333334,0.5555555555555556,0.6363636363636364,0.39285714285714285,0.6190476190476191
202500,0.3,0.6666666666666666,0.6363636363636364,0.44642857142857145,0.6666666666666666
202800,0.3333333333333333,0.6666666666666666,0.5909090909090909,0.42857142857142855,0.5952380952380952
203100,0.36666666666666664,0.7222222222222222,0.6363636363636364,0.4642857142857143,0.6190476190476191
203400,0.36666666666666664,0.8055555555555556,0.6363636363636364,0.48214285714285715,0.5476190476190477
203700,0.4,0.8888888888888888,0.6363636363636364,0.5892857142857143,0.5952380952380952
204000,0.43333333333333335,0.8888888888888888,0.6363636363636364,0.6964285714285714,0.5714285714285714
204300,0.4666666666666667,0.8888888888888888,0.6363636363636364,0.6964285714285714,0.5952380952380952
204600,0.5,0.8888888888888888,0.6363636363636364,0.7321428571428571,0.5
204900,0.5,0.8888888888888888,0.6363636363636364,0.7678571428571429,0.42857142857142855
205200,0.5333333333333333,0.8888888888888888,0.5909090909090909,0.7678571428571429,0.35714285714285715
205500,0.5666666666666667,0.8611111111111112,0.5909090909090909,0.8214285714285714,0.23809523809523808
205800,0.5666666666666667,0.8888888888888888,0.5454545454545454,0.8392857142857143,0.19047619047619047
206100,0.5666666666666667,0.9444444444444444,0.5454545454545454,0.8214285714285714,0.3333333333333333
206400,0.5333333333333333,0.9444444444444444,0.5,0.7678571428571429,0.2857142857142857
206700,0.5,0.9722222222222222,0.45454545454545453,0.7321428571428571,0.16666666666666666
207000,0.5,0.9722222222222222,0.5,0.7321428571428571,0.23809523809523808
207300,0.5,0.9722222222222222,0.5,0.7857142857142857,0.23809523809523808
207600,0.5333333333333333,0.9722222222222222,0.5,0.7678571428571429,0.23809523809523808
207900,0.5666666666666667,0.9444444444444444,0.5,0.7678571428571429,0.2619047619047619
208200,0.5666666666666667,0.9444444444444444,0.45454545454545453,0.7857142857142857,0.23809523809523808
208500,0.5,0.9444444444444444,0.45454545454545453,0.8035714285714286,0.21428571428571427
208800,0.43333333333333335,0.9166666666666666,0.5,0.7857142857142857,0.2857142857142857
209100,0.43333333333333335,0.9166666666666666,0.5454545454545454,0.7857142857142857,0.30952380952380953
209400,0.4,0.9166666666666666,0.6363636363636364,0.8571428571428571,0.30952380952380953
209700,0.4666666666666667,0.8888888888888888,0.6363636363636364,0.9107142857142857,0.2857142857142857
210000,0.5,0.8888888888888888,0.5909090909090909,0.8928571428571429,0.2619047619047619
210300,0.5333333333333333,0.8888888888888888,0.6818181818181818,0.875,0.19047619047619047
210600,0.4666666666666667,0.8611111111111112,0.6363636363636364,0.8571428571428571,0.14285714285714285
210900,0.5,0.8611111111111112,0.5909090909090909,0.8571428571428571,0.14285714285714285
211200,0.43333333333333335,0.8611111111111112,0.5909090909090909,0.875,0.09523809523809523
211500,0.4,0.8888888888888888,0.5909090909090909,0.8928571428571429,0.07142857142857142
211800,0.4,0.8888888888888888,0.5909090909090909,0.9464285714285714,0.11904761904761904
212100,0.36666666666666664,0.8888888888888888,0.5909090909090909,0.9464285714285714,0.16666666666666666
212400,0.36666666666666664,0.8888888888888888,0.6818181818181818,0.9464285714285714,0.23809523809523808
212700,0.5,0.9444444444444444,0.6818181818181818,0.9464285714285714,0.2857142857142857
213000,0.5,0.9444444444444444,0.6818181818181818,0.9642857142857143,0.2857142857142857
213300,0.5,0.9444444444444444,0.6818181818181818,0.9642857142857143,0.23809523809523808
213600,0.5,0.9444444444444444,0.6363636363636364,0.9642857142857143,0.23809523809523808
213900,0.6,0.9166666666666666,0.6363636363636364,0.9642857142857143,0.2857142857142857
214200,0.6333333333333333,0.8888888888888888,0.6363636363636364,0.9642857142857143,0.2857142857142857
214500,0.6333333333333333,0.8888888888888888,0.6363636363636364,0.9642857142857143,0.2857142857142857
214800,0.6666666666666666,0.8333333333333334,0.6363636363636364,0.9642857142857143,0.40476190476190477
215100,0.7,0.8055555555555556,0.5909090909090909,0.9642857142857143,0.40476190476190477
215400,0.8,0.7777777777777778,0.5909090909090909,0.9285714285714286,0.21428571428571427
215700,0.7333333333333333,0.75,0.6363636363636364,0.8928571428571429,0.16666666666666666
216000,0.6666666666666666,0.7222222222222222,0.6363636363636364,0.8928571428571429,0.16666666666666666
216300,0.6333333333333333,0.7222222222222222,0.6363636363636364,0.875,0.11904761904761904
216600,0.6333333333333333,0.6111111111111112,0.6363636363636364,0.8571428571428571,0.11904761904761904
216900,0.6666666666666666,0.6111111111111112,0.6363636363636364,0.7857142857142857,0.11904761904761904
217200,0.6,0.5277777777777778,0.5909090909090909,0.7321428571428571,0.14285714285714285
217500,0.6,0.5,0.5454545454545454,0.7321428571428571,0.16666666666666666
217800,0.6,0.4722222222222222,0.5,0.7321428571428571,0.11904761904761904
218100,0.6,0.4444444444444444,0.5,0.7142857142857143,0.023809523809523808
218400,0.6333333333333333,0.5,0.5,0.625,0.14285714285714285
218700,0.6666666666666666,0.4722222222222222,0.5454545454545454,0.625,0.14285714285714285
219000,0.6,0.5,0.5454545454545454,0.6964285714285714,0.14285714285714285
219300,0.6,0.5277777777777778,0.5909090909090909,0.6607142857142857,0.11904761904761904
219600,0.5666666666666667,0.5277777777777778,0.6363636363636364,0.6428571428571429,0.09523809523809523
219900,0.5666666666666667,0.4166666666666667,0.5909090909090909,0.5892857142857143,0.09523809523809523
220200,0.6333333333333333,0.5,0.5454545454545454,0.6607142857142857,0.11904761904761904
220500,0.6666666666666666,0.5,0.5,0.6607142857142857,0.11904761904761904
220800,0.6333333333333333,0.5277777777777778,0.5454545454545454,0.625,0.09523809523809523
221100,0.5666666666666667,0.5277777777777778,0.5454545454545454,0.5892857142857143,0.11904761904761904
221400,0.5666666666666667,0.5555555555555556,0.5,0.5714285714285714,0.07142857142857142
221700,0.5666666666666667,0.6388888888888888,0.45454545454545453,0.5892857142857143,0.09523809523809523
222000,0.5666666666666667,0.6388888888888888,0.45454545454545453,0.6071428571428571,0.07142857142857142
222300,0.6,0.7222222222222222,0.4090909090909091,0.5714285714285714,0.16666666666666666
222600,0.6,0.6666666666666666,0.4090909090909091,0.5892857142857143,0.14285714285714285
222900,0.6,0.6666666666666666,0.5,0.5357142857142857,0.11904761904761904
223200,0.6,0.6388888888888888,0.5,0.5178571428571429,0.14285714285714285
223500,0.6,0.7777777777777778,0.6363636363636364,0.6071428571428571,0.14285714285714285
223800,0.5666666666666667,0.7777777777777778,0.7272727272727273,0.7142857142857143,0.09523809523809523
224100,0.5666666666666667,0.8055555555555556,0.7727272727272727,0.7142857142857143,0.09523809523809523
224400,0.5666666666666667,0.8055555555555556,0.7727272727272727,0.75,0.16666666666666666
224700,0.5666666666666667,0.8888888888888888,0.7727272727272727,0.8035714285714286,0.2857142857142857
225000,0.5333333333333333,0.8888888888888888,0.7727272727272727,0.8214285714285714,0.16666666666666666
225300,0.5,0.9444444444444444,0.8181818181818182,0.8214285714285714,0.047619047619047616
225600,0.4666666666666667,0.9722222222222222,0.8181818181818182,0.8214285714285714,0.16666666666666666
225900,0.5,0.9722222222222222,0.8181818181818182,0.8214285714285714,0.16666666666666666
226200,0.4666666666666667,0.9444444444444444,0.7272727272727273,0.8214285714285714,0.047619047619047616
226500,0.5,0.8888888888888888,0.7272727272727273,0.8035714285714286,0.14285714285714285
226800,0.5,0.8888888888888888,0.7272727272727273,0.8392857142857143,0.09523809523809523
227100,0.5666666666666667,0.8611111111111112,0.7272727272727273,0.8392857142857143,0.11904761904761904
227400,0.5666666666666667,0.8611111111111112,0.7272727272727273,0.8571428571428571,0.11904761904761904
227700,0.6,0.8611111111111112,0.7272727272727273,0.875,0.07142857142857142
228000,0.6,0.8888888888888888,0.7272727272727273,0.8928571428571429,0.09523809523809523
228300,0.6333333333333333,0.8333333333333334,0.7272727272727273,0.8928571428571429,0.09523809523809523
228600,0.6,0.8055555555555556,0.7272727272727273,0.9107142857142857,0.14285714285714285
228900,0.5666666666666667,0.75,0.7727272727272727,0.9107142857142857,0.11904761904761904
229200,0.5333333333333333,0.75,0.8181818181818182,0.8928571428571429,0.047619047619047616
229500,0.5333333333333333,0.7222222222222222,0.8181818181818182,0.875,0.09523809523809523
229800,0.5666666666666667,0.75,0.7727272727272727,0.9285714285714286,0.047619047619047616
230100,0.5333333333333333,0.75,0.7272727272727273,0.9464285714285714,0.19047619047619047
230400,0.5333333333333333,0.75,0.7727272727272727,0.9285714285714286,0.09523809523809523
230700,0.5666666666666667,0.7777777777777778,0.7272727272727273,0.9107142857142857,0.14285714285714285
231000,0.6,0.7222222222222222,0.7272727272727273,0.9107142857142857,0.047619047619047616
231300,0.6,0.75,0.7272727272727273,0.8928571428571429,0.09523809523809523
231600,0.6,0.75,0.6818181818181818,0.875,0.07142857142857142
231900,0.6333333333333333,0.75,0.5909090909090909,0.875,0.16666666666666666
232200,0.7,0.7777777777777778,0.5454545454545454,0.8928571428571429,0.09523809523809523
232500,0.7333333333333333,0.7777777777777778,0.5909090909090909,0.8928571428571429,0.047619047619047616
232800,0.7333333333333333,0.7222222222222222,0.5454545454545454,0.8928571428571429,0.09523809523809523
233100,0.7333333333333333,0.7777777777777778,0.5454545454545454,0.9464285714285714,0.16666666666666666
233400,0.7,0.8611111111111112,0.6363636363636364,0.9285714285714286,0.19047619047619047
233700,0.7,0.8611111111111112,0.5909090909090909,0.8571428571428571,0.07142857142857142
234000,0.7,0.8888888888888888,0.6363636363636364,0.875,0.07142857142857142
234300,0.8,0.8888888888888888,0.6363636363636364,0.8928571428571429,0.07142857142857142
234600,0.7666666666666667,0.7777777777777778,0.6363636363636364,0.8928571428571429,0.11904761904761904
234900,0.8,0.7777777777777778,0.7272727272727273,0.8928571428571429,0.16666666666666666
235200,0.8,0.75,0.7272727272727273,0.9107142857142857,0.2619047619047619
235500,0.8,0.75,0.7272727272727273,0.9285714285714286,0.21428571428571427
235800,0.8,0.75,0.7272727272727273,0.9285714285714286,0.11904761904761904
236100,0.7666666666666667,0.75,0.7727272727272727,0.9285714285714286,0.047619047619047616
236400,0.8,0.8333333333333334,0.8636363636363636,0.9107142857142857,0.09523809523809523
236700,0.8,0.8055555555555556,0.8636363636363636,0.8928571428571429,0.21428571428571427
237000,0.8,0.8055555555555556,0.8636363636363636,0.875,0.023809523809523808
237300,0.8,0.6666666666666666,0.8636363636363636,0.875,0.07142857142857142
237600,0.8,0.6944444444444444,0.9090909090909091,0.8571428571428571,0.19047619047619047
237900,0.7666666666666667,0.7222222222222222,0.9090909090909091,0.875,0.11904761904761904
238200,0.7666666666666667,0.7222222222222222,0.8636363636363636,0.8571428571428571,0.047619047619047616
238500,0.8,0.7777777777777778,0.8636363636363636,0.8392857142857143,0.19047619047619047
238800,0.8,0.8055555555555556,0.8181818181818182,0.875,0.09523809523809523
239100,0.8,0.7222222222222222,0.8181818181818182,0.875,0.09523809523809523
239400,0.8,0.8055555555555556,0.8181818181818182,0.875,0.07142857142857142
239700,0.8,0.8055555555555556,0.8181818181818182,0.8928571428571429,0.09523809523809523
240000,0.8,0.8611111111111112,0.8181818181818182,0.8928571428571429,0.07142857142857142
240300,0.8,0.9166666666666666,0.8636363636363636,0.8928571428571429,0.07142857142857142
240600,0.8,0.9166666666666666,0.8181818181818182,0.8928571428571429,0.11904761904761904
240900,0.7333333333333333,0.9444444444444444,0.8181818181818182,0.9107142857142857,0.21428571428571427
241200,0.7333333333333333,0.9444444444444444,0.7272727272727273,0.9464285714285714,0.19047619047619047
241500,0.7,0.9722222222222222,0.7272727272727273,0.9464285714285714,0.2857142857142857
241800,0.6666666666666666,0.9722222222222222,0.6818181818181818,0.9107142857142857,0.3333333333333333
242100,0.6333333333333333,0.9722222222222222,0.6818181818181818,0.8928571428571429,0.23809523809523808
242400,0.6333333333333333,0.9444444444444444,0.6818181818181818,0.875,0.21428571428571427
242700,0.5666666666666667,0.8055555555555556,0.5454545454545454,0.8571428571428571,0.21428571428571427
243000,0.5666666666666667,0.8055555555555556,0.5454545454545454,0.8214285714285714,0.11904761904761904
243300,0.5666666666666667,0.7777777777777778,0.5454545454545454,0.7857142857142857,0.07142857142857142
243600,0.5666666666666667,0.7777777777777778,0.5454545454545454,0.7321428571428571,0.09523809523809523
243900,0.5666666666666667,0.7777777777777778,0.5454545454545454,0.6785714285714286,0.11904761904761904
244200,0.4666666666666667,0.7222222222222222,0.5909090909090909,0.6964285714285714,0.14285714285714285
244500,0.43333333333333335,0.6944444444444444,0.5454545454545454,0.6607142857142857,0.14285714285714285
244800,0.43333333333333335,0.6944444444444444,0.5454545454545454,0.6785714285714286,0.09523809523809523
245100,0.4,0.6944444444444444,0.5454545454545454,0.6785714285714286,0.21428571428571427
245400,0.3333333333333333,0.7222222222222222,0.5454545454545454,0.6607142857142857,0.19047619047619047
245700,0.3,0.75,0.7272727272727273,0.7142857142857143,0.19047619047619047
246000,0.3,0.7777777777777778,0.7272727272727273,0.6785714285714286,0.14285714285714285
246300,0.26666666666666666,0.8055555555555556,0.6818181818181818,0.625,0.30952380952380953
246600,0.3,0.7777777777777778,0.6363636363636364,0.6071428571428571,0.30952380952380953
246900,0.26666666666666666,0.8333333333333334,0.6363636363636364,0.5535714285714286,0.23809523809523808
247200,0.26666666666666666,0.8333333333333334,0.6363636363636364,0.5178571428571429,0.2857142857142857
247500,0.23333333333333334,0.8611111111111112,0.6363636363636364,0.5535714285714286,0.3333333333333333
247800,0.3,0.8611111111111112,0.6818181818181818,0.5178571428571429,0.30952380952380953
248100,0.3333333333333333,0.8888888888888888,0.5909090909090909,0.5178571428571429,0.42857142857142855
248400,0.3333333333333333,0.8611111111111112,0.5909090909090909,0.44642857142857145,0.4523809523809524
248700,0.3333333333333333,0.8888888888888888,0.6363636363636364,0.42857142857142855,0.40476190476190477
249000,0.4,0.9444444444444444,0.5909090909090909,0.42857142857142855,0.47619047619047616
249300,0.43333333333333335,0.9444444444444444,0.5909090909090909,0.5,0.5238095238095238
249600,0.36666666666666664,0.9166666666666666,0.6818181818181818,0.5357142857142857,0.4523809523809524
249900,0.36666666666666664,0.9166666666666666,0.5909090909090909,0.5357142857142857,0.40476190476190477
250200,0.3,0.9166666666666666,0.6818181818181818,0.5357142857142857,0.38095238095238093
250500,0.26666666666666666,0.8888888888888888,0.7272727272727273,0.5357142857142857,0.40476190476190477
250800,0.3,0.8888888888888888,0.6363636363636364,0.5178571428571429,0.4523809523809524
251100,0.3,0.8888888888888888,0.6818181818181818,0.5357142857142857,0.6190476190476191
251400,0.26666666666666666,0.8611111111111112,0.6363636363636364,0.625,0.5476190476190477
251700,0.26666666666666666,0.8888888888888888,0.6818181818181818,0.6428571428571429,0.47619047619047616
252000,0.26666666666666666,0.8888888888888888,0.6818181818181818,0.6607142857142857,0.42857142857142855
252300,0.26666666666666666,0.8611111111111112,0.7272727272727273,0.6785714285714286,0.42857142857142855
252600,0.23333333333333334,0.8333333333333334,0.6818181818181818,0.6607142857142857,0.5
252900,0.26666666666666666,0.8333333333333334,0.6363636363636364,0.6607142857142857,0.40476190476190477
253200,0.26666666666666666,0.8333333333333334,0.5909090909090909,0.6607142857142857,0.35714285714285715
253500,0.26666666666666666,0.8333333333333334,0.5909090909090909,0.6428571428571429,0.4523809523809524
253800,0.26666666666666666,0.7777777777777778,0.5,0.6607142857142857,0.5
254100,0.3,0.7222222222222222,0.45454545454545453,0.6607142857142857,0.5238095238095238
254400,0.3,0.7222222222222222,0.45454545454545453,0.6964285714285714,0.47619047619047616
254700,0.3333333333333333,0.7222222222222222,0.36363636363636365,0.6785714285714286,0.47619047619047616
255000,0.3333333333333333,0.6944444444444444,0.4090909090909091,0.6964285714285714,0.47619047619047616
255300,0.3,0.6666666666666666,0.36363636363636365,0.6785714285714286,0.4523809523809524
255600,0.3,0.6388888888888888,0.4090909090909091,0.6428571428571429,0.47619047619047616
255900,0.3333333333333333,0.6944444444444444,0.4090909090909091,0.6607142857142857,0.5238095238095238
256200,0.3333333333333333,0.6666666666666666,0.4090909090909091,0.6785714285714286,0.5714285714285714
256500,0.23333333333333334,0.7222222222222222,0.36363636363636365,0.6964285714285714,0.6428571428571429
256800,0.23333333333333334,0.7777777777777778,0.2727272727272727,0.7321428571428571,0.5238095238095238
257100,0.13333333333333333,0.8333333333333334,0.2727272727272727,0.6785714285714286,0.35714285714285715
257400,0.16666666666666666,0.8055555555555556,0.2727272727272727,0.6607142857142857,0.42857142857142855
257700,0.16666666666666666,0.8333333333333334,0.22727272727272727,0.6071428571428571,0.4523809523809524
258000,0.13333333333333333,0.8055555555555556,0.22727272727272727,0.6071428571428571,0.4523809523809524
258300,0.2,0.8333333333333334,0.22727272727272727,0.5892857142857143,0.5714285714285714
258600,0.2,0.7222222222222222,0.045454545454545456,0.5714285714285714,0.4523809523809524
258900,0.2,0.7222222222222222,0.09090909090909091,0.5357142857142857,0.5
259200,0.2,0.7222222222222222,0.13636363636363635,0.5178571428571429,0.5
259500,0.2,0.5833333333333334,0.13636363636363635,0.32142857142857145,0.5476190476190477
259800,0.23333333333333334,0.4444444444444444,0.18181818181818182,0.2857142857142857,0.5
260100,0.26666666666666666,0.3611111111111111,0.22727272727272727,0.25,0.42857142857142855
260400,0.26666666666666666,0.3611111111111111,0.18181818181818182,0.26785714285714285,0.5238095238095238
260700,0.26666666666666666,0.3055555555555556,0.18181818181818182,0.19642857142857142,0.47619047619047616
261000,0.26666666666666666,0.3333333333333333,0.22727272727272727,0.14285714285714285,0.2857142857142857
261300,0.26666666666666666,0.3611111111111111,0.13636363636363635,0.10714285714285714,0.38095238095238093
261600,0.3,0.3333333333333333,0.13636363636363635,0.10714285714285714,0.42857142857142855
261900,0.26666666666666666,0.3055555555555556,0.13636363636363635,0.14285714285714285,0.5
262200,0.26666666666666666,0.2222222222222222,0.22727272727272727,0.10714285714285714,0.4523809523809524
262500,0.26666666666666666,0.25,0.2727272727272727,0.08928571428571429,0.35714285714285715
262800,0.2,0.16666666666666666,0.36363636363636365,0.08928571428571429,0.42857142857142855
263100,0.2,0.2777777777777778,0.36363636363636365,0.10714285714285714,0.5238095238095238
263400,0.26666666666666666,0.3333333333333333,0.3181818181818182,0.08928571428571429,0.5714285714285714
263700,0.23333333333333334,0.4444444444444444,0.2727272727272727,0.08928571428571429,0.6428571428571429
264000,0.2,0.4444444444444444,0.3181818181818182,0.125,0.6666666666666666
264300,0.16666666666666666,0.4444444444444444,0.45454545454545453,0.21428571428571427,0.6190476190476191
264600,0.13333333333333333,0.3888888888888889,0.45454545454545453,0.10714285714285714,0.6190476190476191
264900,0.23333333333333334,0.3888888888888889,0.45454545454545453,0.16071428571428573,0.6428571428571429
265200,0.23333333333333334,0.3611111111111111,0.45454545454545453,0.21428571428571427,0.6904761904761905
265500,0.23333333333333334,0.3611111111111111,0.5,0.23214285714285715,0.7857142857142857
265800,0.23333333333333334,0.3333333333333333,0.5,0.21428571428571427,0.7619047619047619
266100,0.23333333333333334,0.3055555555555556,0.5454545454545454,0.25,0.8333333333333334
266400,0.23333333333333334,0.2777777777777778,0.5909090909090909,0.25,0.8571428571428571
266700,0.23333333333333334,0.2777777777777778,0.6363636363636364,0.23214285714285715,0.8571428571428571
267000,0.23333333333333334,0.2777777777777778,0.6363636363636364,0.2857142857142857,0.8809523809523809
267300,0.2,0.25,0.5909090909090909,0.30357142857142855,0.8571428571428571
267600,0.2,0.2222222222222222,0.5909090909090909,0.30357142857142855,0.8095238095238095
267900,0.2,0.2222222222222222,0.5909090909090909,0.30357142857142855,0.8333333333333334
268200,0.23333333333333334,0.19444444444444445,0.5909090909090909,0.2857142857142857,0.8095238095238095
268500,0.23333333333333334,0.2222222222222222,0.6363636363636364,0.35714285714285715,0.7857142857142857
268800,0.23333333333333334,0.2222222222222222,0.6363636363636364,0.3392857142857143,0.7619047619047619
269100,0.23333333333333334,0.3611111111111111,0.5454545454545454,0.26785714285714285,0.7857142857142857
269400,0.23333333333333334,0.3611111111111111,0.5,0.32142857142857145,0.8095238095238095
269700,0.23333333333333334,0.4166666666666667,0.5,0.3392857142857143,0.8095238095238095
270000,0.23333333333333334,0.3888888888888889,0.5,0.2857142857142857,0.8333333333333334
270300,0.23333333333333334,0.4444444444444444,0.5,0.32142857142857145,0.9047619047619048
270600,0.23333333333333334,0.4444444444444444,0.5,0.39285714285714285,0.9047619047619048
270900,0.2,0.4444444444444444,0.5,0.3392857142857143,0.9047619047619048
271200,0.2,0.4722222222222222,0.5,0.35714285714285715,0.9047619047619048
271500,0.2,0.3888888888888889,0.5,0.375,0.9285714285714286
271800,0.23333333333333334,0.4444444444444444,0.5,0.35714285714285715,0.9047619047619048
272100,0.23333333333333334,0.3888888888888889,0.5,0.32142857142857145,0.9047619047619048
272400,0.23333333333333334,0.3888888888888889,0.45454545454545453,0.35714285714285715,0.9047619047619048
272700,0.2,0.3888888888888889,0.45454545454545453,0.3392857142857143,0.9047619047619048
273000,0.16666666666666666,0.3611111111111111,0.4090909090909091,0.4107142857142857,0.9047619047619048
273300,0.16666666666666666,0.3888888888888889,0.4090909090909091,0.32142857142857145,0.9047619047619048
273600,0.16666666666666666,0.4444444444444444,0.4090909090909091,0.30357142857142855,0.9047619047619048
273900,0.16666666666666666,0.4444444444444444,0.4090909090909091,0.3392857142857143,0.9047619047619048
274200,0.16666666666666666,0.5,0.36363636363636365,0.375,0.9047619047619048
274500,0.16666666666666666,0.5,0.36363636363636365,0.42857142857142855,0.8809523809523809
274800,0.1,0.6388888888888888,0.3181818181818182,0.44642857142857145,0.8571428571428571
275100,0.1,0.6666666666666666,0.3181818181818182,0.42857142857142855,0.8571428571428571
275400,0.13333333333333333,0.6111111111111112,0.36363636363636365,0.4107142857142857,0.8571428571428571
275700,0.16666666666666666,0.5833333333333334,0.2727272727272727,0.39285714285714285,0.8571428571428571
276000,0.16666666666666666,0.5555555555555556,0.22727272727272727,0.42857142857142855,0.8571428571428571
276300,0.16666666666666666,0.5,0.22727272727272727,0.44642857142857145,0.8333333333333334
276600,0.2,0.5,0.22727272727272727,0.35714285714285715,0.8333333333333334
276900,0.2,0.5,0.22727272727272727,0.35714285714285715,0.8333333333333334
277200,0.23333333333333334,0.5277777777777778,0.22727272727272727,0.3392857142857143,0.7619047619047619
277500,0.23333333333333334,0.4722222222222222,0.18181818181818182,0.39285714285714285,0.7142857142857143
277800,0.23333333333333334,0.4722222222222222,0.18181818181818182,0.35714285714285715,0.7380952380952381
278100,0.23333333333333334,0.4444444444444444,0.13636363636363635,0.35714285714285715,0.7619047619047619
278400,0.23333333333333334,0.4166666666666667,0.09090909090909091,0.3392857142857143,0.7857142857142857
278700,0.23333333333333334,0.4166666666666667,0.09090909090909091,0.32142857142857145,0.8333333333333334
279000,0.23333333333333334,0.3888888888888889,0.13636363636363635,0.32142857142857145,0.8095238095238095
279300,0.23333333333333334,0.3888888888888889,0.13636363636363635,0.26785714285714285,0.8095238095238095
279600,0.23333333333333334,0.5277777777777778,0.18181818181818182,0.2857142857142857,0.7857142857142857
279900,0.23333333333333334,0.5277777777777778,0.18181818181818182,0.26785714285714285,0.8095238095238095
280200,0.23333333333333334,0.5277777777777778,0.2727272727272727,0.23214285714285715,0.7857142857142857
280500,0.23333333333333334,0.5277777777777778,0.2727272727272727,0.26785714285714285,0.7380952380952381
280800,0.23333333333333334,0.5555555555555556,0.2727272727272727,0.19642857142857142,0.7619047619047619
281100,0.26666666666666666,0.6111111111111112,0.3181818181818182,0.125,0.7619047619047619
281400,0.3,0.5833333333333334,0.2727272727272727,0.14285714285714285,0.7857142857142857
281700,0.3,0.5555555555555556,0.2727272727272727,0.14285714285714285,0.8095238095238095
282000,0.26666666666666666,0.5,0.2727272727272727,0.14285714285714285,0.8095238095238095
282300,0.26666666666666666,0.4722222222222222,0.2727272727272727,0.14285714285714285,0.8809523809523809
282600,0.3,0.5277777777777778,0.3181818181818182,0.17857142857142858,0.8571428571428571
282900,0.3333333333333333,0.4166666666666667,0.36363636363636365,0.21428571428571427,0.8571428571428571
283200,0.3333333333333333,0.3888888888888889,0.36363636363636365,0.25,0.8333333333333334
283500,0.3333333333333333,0.3611111111111111,0.36363636363636365,0.25,0.8333333333333334
283800,0.3,0.3611111111111111,0.4090909090909091,0.23214285714285715,0.8809523809523809
284100,0.3,0.3333333333333333,0.4090909090909091,0.25,0.8809523809523809
284400,0.3333333333333333,0.4166666666666667,0.4090909090909091,0.21428571428571427,0.8095238095238095
284700,0.36666666666666664,0.3888888888888889,0.4090909090909091,0.25,0.8333333333333334
285000,0.36666666666666664,0.4444444444444444,0.4090909090909091,0.26785714285714285,0.8333333333333334
285300,0.36666666666666664,0.3888888888888889,0.5454545454545454,0.26785714285714285,0.7857142857142857
285600,0.4666666666666667,0.4166666666666667,0.5909090909090909,0.3392857142857143,0.8333333333333334
285900,0.5,0.3888888888888889,0.6818181818181818,0.30357142857142855,0.8095238095238095
286200,0.4666666666666667,0.4444444444444444,0.6363636363636364,0.32142857142857145,0.7857142857142857
286500,0.4666666666666667,0.5277777777777778,0.6818181818181818,0.375,0.8095238095238095
286800,0.5333333333333333,0.5833333333333334,0.7272727272727273,0.4107142857142857,0.8095238095238095
287100,0.5333333333333333,0.6666666666666666,0.7272727272727273,0.375,0.8571428571428571
287400,0.5,0.6944444444444444,0.7272727272727273,0.4642857142857143,0.8333333333333334
287700,0.5333333333333333,0.6944444444444444,0.7272727272727273,0.5,0.8333333333333334
288000,0.6,0.7222222222222222,0.7272727272727273,0.5357142857142857,0.7857142857142857
288300,0.6,0.7222222222222222,0.6818181818181818,0.625,0.7619047619047619
288600,0.6,0.7777777777777778,0.7272727272727273,0.6964285714285714,0.6904761904761905
288900,0.6,0.8055555555555556,0.7272727272727273,0.6964285714285714,0.6904761904761905
289200,0.6,0.8055555555555556,0.7272727272727273,0.7142857142857143,0.7142857142857143
289500,0.6,0.8611111111111112,0.7272727272727273,0.7321428571428571,0.7380952380952381
289800,0.6,0.8888888888888888,0.7272727272727273,0.75,0.6904761904761905
290100,0.6,0.8888888888888888,0.7272727272727273,0.7321428571428571,0.6666666666666666
290400,0.6,0.8888888888888888,0.7272727272727273,0.6964285714285714,0.6904761904761905
290700,0.6333333333333333,0.8888888888888888,0.7272727272727273,0.7321428571428571,0.7380952380952381
291000,0.6,0.8888888888888888,0.6818181818181818,0.8035714285714286,0.6666666666666666
291300,0.0,0.0,0.0,0.0,0.6428571428571429
291600,0.6333333333333333,0.8888888888888888,0.6363636363636364,0.8214285714285714,0.6428571428571429
291900,0.6666666666666666,0.8888888888888888,0.6363636363636364,0.8392857142857143,0.6190476190476191
292200,0.7,0.8611111111111112,0.7272727272727273,0.8571428571428571,0.6190476190476191
292500,0.7,0.8333333333333334,0.7727272727272727,0.8035714285714286,0.6190476190476191
292800,0.7,0.8611111111111112,0.7727272727272727,0.75,0.5952380952380952
293100,0.7,0.8611111111111112,0.7727272727272727,0.7321428571428571,0.5952380952380952
293400,0.7333333333333333,0.8611111111111112,0.7727272727272727,0.7321428571428571,0.5238095238095238
293700,0.8,0.8333333333333334,0.7727272727272727,0.7321428571428571,0.35714285714285715
294000,0.7666666666666667,0.8333333333333334,0.7727272727272727,0.7321428571428571,0.30952380952380953
294300,0.7666666666666667,0.8333333333333334,0.7727272727272727,0.7142857142857143,0.42857142857142855
294600,0.8,0.8333333333333334,0.8181818181818182,0.7321428571428571,0.40476190476190477
294900,0.8,0.8888888888888888,0.8636363636363636,0.6964285714285714,0.38095238095238093
295200,0.8,0.8888888888888888,0.8636363636363636,0.7142857142857143,0.42857142857142855
295500,0.8,0.8611111111111112,0.9090909090909091,0.7678571428571429,0.19047619047619047
295800,0.7666666666666667,0.8888888888888888,0.9090909090909091,0.7857142857142857,0.23809523809523808
296100,0.7666666666666667,0.8888888888888888,0.9090909090909091,0.8035714285714286,0.21428571428571427
296400,0.7333333333333333,0.8888888888888888,0.8181818181818182,0.8035714285714286,0.23809523809523808
296700,0.7,0.8888888888888888,0.8181818181818182,0.875,0.21428571428571427
297000,0.6666666666666666,0.9166666666666666,0.8181818181818182,0.8928571428571429,0.09523809523809523
297300,0.6333333333333333,0.8333333333333334,0.7272727272727273,0.8928571428571429,0.047619047619047616
297600,0.6,0.8333333333333334,0.7727272727272727,0.875,0.11904761904761904
297900,0.6333333333333333,0.8333333333333334,0.8181818181818182,0.875,0.11904761904761904
298200,0.6,0.8333333333333334,0.8181818181818182,0.8928571428571429,0.047619047619047616
298500,0.0,0.0,0.0,0.0,0.11904761904761904
298800,0.5333333333333333,0.8055555555555556,0.7727272727272727,0.9285714285714286,0.11904761904761904
299100,0.5333333333333333,0.7777777777777778,0.7272727272727273,0.9107142857142857,0.16666666666666666
299400,0.5,0.75,0.7272727272727273,0.9285714285714286,0.09523809523809523
299700,0.4666666666666667,0.7222222222222222,0.7272727272727273,0.9642857142857143,0.11904761904761904
300000,0.4666666666666667,0.6944444444444444,0.7727272727272727,0.9642857142857143,0.023809523809523808
300300,0.5,0.6666666666666666,0.7727272727272727,0.9642857142857143,0.09523809523809523
300600,0.4666666666666667,0.6666666666666666,0.7727272727272727,0.9285714285714286,0.07142857142857142
300900,0.4,0.6944444444444444,0.7727272727272727,0.9285714285714286,0.07142857142857142
301200,0.43333333333333335,0.6388888888888888,0.8181818181818182,0.8928571428571429,0.07142857142857142
301500,0.4666666666666667,0.6111111111111112,0.8636363636363636,0.8571428571428571,0.16666666666666666
301800,0.5,0.5555555555555556,0.9090909090909091,0.8571428571428571,0.11904761904761904
302100,0.4666666666666667,0.5,0.8636363636363636,0.8035714285714286,0.09523809523809523
302400,0.43333333333333335,0.4722222222222222,0.8636363636363636,0.75,0.2619047619047619
302700,0.4,0.4444444444444444,0.8636363636363636,0.7142857142857143,0.2619047619047619
303000,0.3,0.3888888888888889,0.8636363636363636,0.6428571428571429,0.19047619047619047
303300,0.2,0.3333333333333333,0.8181818181818182,0.6071428571428571,0.2857142857142857
303600,0.23333333333333334,0.25,0.7727272727272727,0.5178571428571429,0.40476190476190477
303900,0.23333333333333334,0.3611111111111111,0.7727272727272727,0.48214285714285715,0.38095238095238093
304200,0.23333333333333334,0.2222222222222222,0.7272727272727273,0.48214285714285715,0.40476190476190477
304500,0.23333333333333334,0.1388888888888889,0.7272727272727273,0.42857142857142855,0.42857142857142855
304800,0.26666666666666666,0.1388888888888889,0.7272727272727273,0.44642857142857145,0.40476190476190477
305100,0.2,0.08333333333333333,0.7272727272727273,0.35714285714285715,0.35714285714285715
305400,0.16666666666666666,0.16666666666666666,0.7272727272727273,0.35714285714285715,0.2857142857142857
305700,0.0,0.0,0.0,0.0,0.3333333333333333
306000,0.06666666666666667,0.16666666666666666,0.7272727272727273,0.44642857142857145,0.2619047619047619
306300,0.13333333333333333,0.2222222222222222,0.6818181818181818,0.5,0.14285714285714285
306600,0.16666666666666666,0.25,0.6818181818181818,0.5178571428571429,0.21428571428571427
306900,0.2,0.3055555555555556,0.7272727272727273,0.5714285714285714,0.16666666666666666
307200,0.23333333333333334,0.3055555555555556,0.7272727272727273,0.5357142857142857,0.16666666666666666
307500,0.23333333333333334,0.3055555555555556,0.7272727272727273,0.5714285714285714,0.16666666666666666
307800,0.23333333333333334,0.3333333333333333,0.7727272727272727,0.5535714285714286,0.16666666666666666
308100,0.3,0.3055555555555556,0.7727272727272727,0.5714285714285714,0.11904761904761904
308400,0.36666666666666664,0.3611111111111111,0.7272727272727273,0.6785714285714286,0.21428571428571427
308700,0.43333333333333335,0.3611111111111111,0.7272727272727273,0.6964285714285714,0.19047619047619047
309000,0.4666666666666667,0.4166666666666667,0.6818181818181818,0.6607142857142857,0.19047619047619047
309300,0.36666666666666664,0.4722222222222222,0.6818181818181818,0.6607142857142857,0.19047619047619047
309600,0.4,0.5,0.6363636363636364,0.6785714285714286,0.21428571428571427
309900,0.43333333333333335,0.6111111111111112,0.6363636363636364,0.7321428571428571,0.09523809523809523
310200,0.43333333333333335,0.6388888888888888,0.6363636363636364,0.7678571428571429,0.14285714285714285
310500,0.4666666666666667,0.75,0.6818181818181818,0.8214285714285714,0.2619047619047619
310800,0.4666666666666667,0.75,0.6363636363636364,0.8214285714285714,0.23809523809523808
311100,0.4666666666666667,0.8055555555555556,0.6363636363636364,0.8035714285714286,0.07142857142857142
311400,0.4666666666666667,0.8333333333333334,0.5909090909090909,0.8571428571428571,0.11904761904761904
311700,0.4666666666666667,0.8611111111111112,0.5909090909090909,0.8571428571428571,0.14285714285714285
312000,0.4666666666666667,0.8611111111111112,0.5909090909090909,0.875,0.09523809523809523
312300,0.5,0.8333333333333334,0.5909090909090909,0.8571428571428571,0.023809523809523808
312600,0.5,0.8333333333333334,0.5454545454545454,0.875,0.14285714285714285
312900,0.5,0.8611111111111112,0.5454545454545454,0.9107142857142857,0.16666666666666666
313200,0.5,0.8888888888888888,0.5909090909090909,0.9107142857142857,0.11904761904761904
313500,0.5333333333333333,0.8333333333333334,0.7272727272727273,0.9107142857142857,0.14285714285714285
313800,0.5666666666666667,0.8888888888888888,0.7272727272727273,0.9285714285714286,0.16666666666666666
314100,0.5666666666666667,0.8888888888888888,0.7727272727272727,0.9464285714285714,0.11904761904761904
314400,0.5666666666666667,0.8055555555555556,0.7727272727272727,0.9464285714285714,0.16666666666666666
314700,0.5666666666666667,0.8055555555555556,0.7727272727272727,0.9464285714285714,0.11904761904761904
315000,0.5666666666666667,0.7777777777777778,0.7727272727272727,0.9464285714285714,0.11904761904761904
315300,0.5333333333333333,0.75,0.7727272727272727,0.9464285714285714,0.23809523809523808
315600,0.5333333333333333,0.7222222222222222,0.8636363636363636,0.9642857142857143,0.16666666666666666
315900,0.5333333333333333,0.6944444444444444,0.8181818181818182,0.9642857142857143,0.11904761904761904
316200,0.4666666666666667,0.7222222222222222,0.8181818181818182,0.9642857142857143,0.19047619047619047
316500,0.5,0.7222222222222222,0.7272727272727273,0.9642857142857143,0.07142857142857142
316800,0.6,0.6944444444444444,0.6818181818181818,0.9642857142857143,0.23809523809523808
317100,0.6,0.6944444444444444,0.7727272727272727,0.9285714285714286,0.3333333333333333
317400,0.5666666666666667,0.75,0.7272727272727273,0.9107142857142857,0.38095238095238093
317700,0.5666666666666667,0.7777777777777778,0.7272727272727273,0.8928571428571429,0.47619047619047616
318000,0.5333333333333333,0.8055555555555556,0.7272727272727273,0.875,0.38095238095238093
318300,0.5666666666666667,0.8888888888888888,0.7727272727272727,0.8571428571428571,0.30952380952380953
318600,0.5333333333333333,0.9166666666666666,0.7727272727272727,0.8392857142857143,0.35714285714285715
318900,0.5333333333333333,0.8888888888888888,0.6818181818181818,0.7857142857142857,0.3333333333333333
319200,0.5,0.8888888888888888,0.6818181818181818,0.8035714285714286,0.2857142857142857
319500,0.5,0.8333333333333334,0.6818181818181818,0.8571428571428571,0.40476190476190477
319800,0.6333333333333333,0.8055555555555556,0.6818181818181818,0.8571428571428571,0.30952380952380953
320100,0.0,0.0,0.0,0.0,0.21428571428571427
320400,0.6333333333333333,0.6666666666666666,0.6818181818181818,0.875,0.11904761904761904
320700,0.6333333333333333,0.6388888888888888,0.6818181818181818,0.875,0.21428571428571427
321000,0.6333333333333333,0.6666666666666666,0.6363636363636364,0.875,0.35714285714285715
321300,0.7,0.6944444444444444,0.6818181818181818,0.875,0.3333333333333333
321600,0.8,0.6666666666666666,0.6818181818181818,0.8928571428571429,0.4523809523809524
321900,0.8,0.6111111111111112,0.6818181818181818,0.875,0.4523809523809524
322200,0.8,0.6111111111111112,0.6363636363636364,0.8571428571428571,0.40476190476190477
322500,0.7666666666666667,0.6388888888888888,0.6818181818181818,0.8571428571428571,0.47619047619047616
322800,0.7,0.5833333333333334,0.6818181818181818,0.875,0.35714285714285715
323100,0.7,0.5833333333333334,0.6818181818181818,0.8928571428571429,0.42857142857142855
323400,0.7,0.6666666666666666,0.6363636363636364,0.8928571428571429,0.5
323700,0.7,0.6944444444444444,0.6363636363636364,0.8928571428571429,0.5714285714285714
324000,0.7,0.7222222222222222,0.6818181818181818,0.875,0.5952380952380952
324300,0.7,0.6944444444444444,0.6818181818181818,0.8571428571428571,0.6190476190476191
324600,0.7,0.6944444444444444,0.6818181818181818,0.8571428571428571,0.6190476190476191
324900,0.6666666666666666,0.7222222222222222,0.6818181818181818,0.8571428571428571,0.5714285714285714
325200,0.6333333333333333,0.6111111111111112,0.6818181818181818,0.8392857142857143,0.5238095238095238
325500,0.6333333333333333,0.6388888888888888,0.6818181818181818,0.8214285714285714,0.4523809523809524
325800,0.7,0.7222222222222222,0.6818181818181818,0.875,0.42857142857142855
326100,0.6666666666666666,0.8055555555555556,0.6363636363636364,0.8571428571428571,0.42857142857142855
326400,0.6333333333333333,0.8611111111111112,0.6363636363636364,0.875,0.35714285714285715
326700,0.6666666666666666,0.8888888888888888,0.6818181818181818,0.8571428571428571,0.35714285714285715
327000,0.6666666666666666,0.8888888888888888,0.6818181818181818,0.8035714285714286,0.2619047619047619
327300,0.6666666666666666,0.8888888888888888,0.6363636363636364,0.7857142857142857,0.30952380952380953
327600,0.6666666666666666,0.9166666666666666,0.6363636363636364,0.8392857142857143,0.21428571428571427
327900,0.6666666666666666,0.8888888888888888,0.6363636363636364,0.8392857142857143,0.2857142857142857
328200,0.6666666666666666,0.8611111111111112,0.5909090909090909,0.7142857142857143,0.2857142857142857
328500,0.6666666666666666,0.8611111111111112,0.6818181818181818,0.6785714285714286,0.2857142857142857
328800,0.6333333333333333,0.8333333333333334,0.6818181818181818,0.6607142857142857,0.2857142857142857
329100,0.6,0.8333333333333334,0.6363636363636364,0.6071428571428571,0.23809523809523808
329400,0.6,0.7777777777777778,0.6818181818181818,0.5178571428571429,0.23809523809523808
329700,0.6,0.8333333333333334,0.6363636363636364,0.5178571428571429,0.2619047619047619
330000,0.5333333333333333,0.8333333333333334,0.5454545454545454,0.44642857142857145,0.2619047619047619
330300,0.5333333333333333,0.8888888888888888,0.5909090909090909,0.4107142857142857,0.30952380952380953
330600,0.5,0.8888888888888888,0.5454545454545454,0.4642857142857143,0.21428571428571427
330900,0.5,0.8611111111111112,0.5,0.5,0.40476190476190477
331200,0.4666666666666667,0.8611111111111112,0.5,0.5,0.5476190476190477
331500,0.4666666666666667,0.8611111111111112,0.45454545454545453,0.44642857142857145,0.6428571428571429
331800,0.4666666666666667,0.8055555555555556,0.5,0.375,0.42857142857142855
332100,0.4666666666666667,0.8333333333333334,0.5454545454545454,0.35714285714285715,0.30952380952380953
332400,0.43333333333333335,0.8055555555555556,0.7272727272727273,0.3392857142857143,0.23809523809523808
332700,0.43333333333333335,0.8055555555555556,0.6363636363636364,0.3392857142857143,0.3333333333333333
333000,0.4,0.75,0.5454545454545454,0.375,0.40476190476190477
333300,0.4666666666666667,0.7777777777777778,0.5,0.35714285714285715,0.5
333600,0.5,0.75,0.5454545454545454,0.2857142857142857,0.5952380952380952
333900,0.4666666666666667,0.75,0.45454545454545453,0.25,0.5952380952380952
334200,0.43333333333333335,0.8055555555555556,0.45454545454545453,0.30357142857142855,0.5952380952380952
334500,0.4,0.8055555555555556,0.45454545454545453,0.3392857142857143,0.5476190476190477
334800,0.4,0.8333333333333334,0.36363636363636365,0.4642857142857143,0.5
335100,0.4666666666666667,0.8611111111111112,0.4090909090909091,0.4642857142857143,0.5
335400,0.4666666666666667,0.8611111111111112,0.3181818181818182,0.5,0.5
335700,0.6,0.8611111111111112,0.4090909090909091,0.4107142857142857,0.5238095238095238
336000,0.5333333333333333,0.8888888888888888,0.5,0.375,0.47619047619047616
336300,0.5333333333333333,0.8888888888888888,0.4090909090909091,0.3392857142857143,0.40476190476190477
336600,0.5333333333333333,0.8888888888888888,0.45454545454545453,0.32142857142857145,0.47619047619047616
336900,0.5333333333333333,0.8888888888888888,0.36363636363636365,0.35714285714285715,0.47619047619047616
337200,0.5666666666666667,0.8611111111111112,0.4090909090909091,0.30357142857142855,0.38095238095238093
337500,0.5666666666666667,0.8888888888888888,0.45454545454545453,0.26785714285714285,0.40476190476190477
337800,0.5333333333333333,0.9166666666666666,0.45454545454545453,0.23214285714285715,0.35714285714285715
338100,0.5,0.9166666666666666,0.45454545454545453,0.17857142857142858,0.30952380952380953
338400,0.43333333333333335,0.9166666666666666,0.4090909090909091,0.23214285714285715,0.47619047619047616
338700,0.4666666666666667,0.8888888888888888,0.5454545454545454,0.21428571428571427,0.47619047619047616
339000,0.4666666666666667,0.9166666666666666,0.5454545454545454,0.25,0.5238095238095238
339300,0.4666666666666667,0.9166666666666666,0.5909090909090909,0.16071428571428573,0.5476190476190477
339600,0.4666666666666667,0.9166666666666666,0.5909090909090909,0.23214285714285715,0.5952380952380952
339900,0.43333333333333335,0.8888888888888888,0.5,0.25,0.5714285714285714
340200,0.4,0.8888888888888888,0.45454545454545453,0.25,0.5714285714285714
340500,0.4,0.9166666666666666,0.5,0.23214285714285715,0.6190476190476191
340800,0.4,0.8888888888888888,0.4090909090909091,0.26785714285714285,0.5
341100,0.4,0.8333333333333334,0.4090909090909091,0.2857142857142857,0.5
341400,0.4,0.8055555555555556,0.3181818181818182,0.26785714285714285,0.47619047619047616
341700,0.43333333333333335,0.8333333333333334,0.3181818181818182,0.3392857142857143,0.40476190476190477
342000,0.43333333333333335,0.7777777777777778,0.36363636363636365,0.3392857142857143,0.4523809523809524
342300,0.5,0.75,0.36363636363636365,0.3392857142857143,0.47619047619047616
342600,0.4666666666666667,0.7777777777777778,0.36363636363636365,0.26785714285714285,0.5476190476190477
342900,0.4666666666666667,0.8055555555555556,0.18181818181818182,0.25,0.47619047619047616
343200,0.43333333333333335,0.8055555555555556,0.22727272727272727,0.19642857142857142,0.35714285714285715
343500,0.5,0.7777777777777778,0.2727272727272727,0.32142857142857145,0.38095238095238093
343800,0.43333333333333335,0.8055555555555556,0.36363636363636365,0.3392857142857143,0.4523809523809524
344100,0.43333333333333335,0.8333333333333334,0.4090909090909091,0.3392857142857143,0.42857142857142855
344400,0.43333333333333335,0.8055555555555556,0.45454545454545453,0.32142857142857145,0.3333333333333333
344700,0.4,0.75,0.45454545454545453,0.3392857142857143,0.38095238095238093
345000,0.36666666666666664,0.7777777777777778,0.4090909090909091,0.30357142857142855,0.40476190476190477
345300,0.4,0.6944444444444444,0.45454545454545453,0.32142857142857145,0.42857142857142855
345600,0.4,0.6666666666666666,0.4090909090909091,0.2857142857142857,0.5476190476190477
345900,0.3333333333333333,0.5,0.36363636363636365,0.23214285714285715,0.5714285714285714
346200,0.36666666666666664,0.4166666666666667,0.36363636363636365,0.10714285714285714,0.42857142857142855
346500,0.36666666666666664,0.3611111111111111,0.2727272727272727,0.08928571428571429,0.35714285714285715
346800,0.4,0.3333333333333333,0.36363636363636365,0.08928571428571429,0.3333333333333333
347100,0.43333333333333335,0.4444444444444444,0.4090909090909091,0.07142857142857142,0.23809523809523808
347400,0.36666666666666664,0.4444444444444444,0.5,0.14285714285714285,0.16666666666666666
347700,0.3333333333333333,0.3611111111111111,0.45454545454545453,0.125,0.16666666666666666
348000,0.23333333333333334,0.4444444444444444,0.5,0.08928571428571429,0.16666666666666666
348300,0.2,0.3888888888888889,0.5909090909090909,0.125,0.047619047619047616
348600,0.16666666666666666,0.4444444444444444,0.5909090909090909,0.10714285714285714,0.21428571428571427
348900,0.0,0.0,0.0,0.0,0.23809523809523808
349200,0.16666666666666666,0.4722222222222222,0.5909090909090909,0.125,0.3333333333333333
349500,0.16666666666666666,0.5277777777777778,0.5,0.08928571428571429,0.35714285714285715
349800,0.16666666666666666,0.5,0.5454545454545454,0.125,0.5
350100,0.16666666666666666,0.5,0.5,0.14285714285714285,0.5238095238095238
350400,0.16666666666666666,0.5,0.5,0.14285714285714285,0.5714285714285714
350700,0.2,0.6388888888888888,0.45454545454545453,0.08928571428571429,0.6190476190476191
351000,0.2,0.6388888888888888,0.45454545454545453,0.125,0.6428571428571429
351300,0.2,0.5555555555555556,0.5,0.23214285714285715,0.6428571428571429
351600,0.23333333333333334,0.5277777777777778,0.45454545454545453,0.17857142857142858,0.6904761904761905
351900,0.23333333333333334,0.4722222222222222,0.45454545454545453,0.14285714285714285,0.7142857142857143
352200,0.3,0.4722222222222222,0.4090909090909091,0.125,0.7380952380952381
352500,0.3,0.4444444444444444,0.4090909090909091,0.10714285714285714,0.8095238095238095
352800,0.26666666666666666,0.3888888888888889,0.36363636363636365,0.16071428571428573,0.8333333333333334
353100,0.26666666666666666,0.4166666666666667,0.45454545454545453,0.17857142857142858,0.8809523809523809
353400,0.26666666666666666,0.3333333333333333,0.4090909090909091,0.25,0.9047619047619048
353700,0.26666666666666666,0.3055555555555556,0.45454545454545453,0.2857142857142857,0.9047619047619048
354000,0.3,0.3611111111111111,0.5,0.30357142857142855,0.9047619047619048
354300,0.3,0.3055555555555556,0.45454545454545453,0.25,0.8809523809523809
354600,0.3,0.3055555555555556,0.4090909090909091,0.39285714285714285,0.8571428571428571
354900,0.3,0.3333333333333333,0.4090909090909091,0.375,0.8571428571428571
355200,0.3,0.3333333333333333,0.36363636363636365,0.4107142857142857,0.8571428571428571
355500,0.26666666666666666,0.3888888888888889,0.36363636363636365,0.39285714285714285,0.8571428571428571
355800,0.26666666666666666,0.4722222222222222,0.3181818181818182,0.44642857142857145,0.8809523809523809
356100,0.26666666666666666,0.4722222222222222,0.2727272727272727,0.42857142857142855,0.9047619047619048
356400,0.26666666666666666,0.3888888888888889,0.2727272727272727,0.44642857142857145,0.9047619047619048
356700,0.23333333333333334,0.3333333333333333,0.22727272727272727,0.44642857142857145,0.9285714285714286
357000,0.23333333333333334,0.25,0.3181818181818182,0.4642857142857143,0.9523809523809523
357300,0.23333333333333334,0.2777777777777778,0.3181818181818182,0.44642857142857145,0.9523809523809523
357600,0.23333333333333334,0.25,0.3181818181818182,0.44642857142857145,0.9523809523809523
357900,0.23333333333333334,0.19444444444444445,0.3181818181818182,0.5178571428571429,0.9523809523809523
358200,0.23333333333333334,0.2222222222222222,0.3181818181818182,0.5535714285714286,0.9523809523809523
358500,0.23333333333333334,0.2777777777777778,0.3181818181818182,0.5535714285714286,0.9285714285714286
358800,0.23333333333333334,0.19444444444444445,0.3181818181818182,0.5714285714285714,0.9523809523809523
359100,0.23333333333333334,0.16666666666666666,0.3181818181818182,0.6071428571428571,0.9285714285714286
359400,0.23333333333333334,0.2222222222222222,0.3181818181818182,0.6607142857142857,0.9285714285714286
359700,0.23333333333333334,0.25,0.3181818181818182,0.75,0.9761904761904762
360000,0.23333333333333334,0.25,0.3181818181818182,0.7142857142857143,1.0
360300,0.23333333333333334,0.2222222222222222,0.2727272727272727,0.75,1.0
360600,0.23333333333333334,0.3055555555555556,0.2727272727272727,0.75,1.0
360900,0.23333333333333334,0.4166666666666667,0.2727272727272727,0.7321428571428571,0.9523809523809523
361200,0.23333333333333334,0.4166666666666667,0.3181818181818182,0.75,0.9523809523809523
361500,0.2,0.5,0.3181818181818182,0.7321428571428571,0.9047619047619048
361800,0.16666666666666666,0.5277777777777778,0.2727272727272727,0.7142857142857143,0.8809523809523809
362100,0.13333333333333333,0.5833333333333334,0.2727272727272727,0.6785714285714286,0.8809523809523809
362400,0.13333333333333333,0.5277777777777778,0.2727272727272727,0.6785714285714286,0.9285714285714286
362700,0.13333333333333333,0.5277777777777778,0.2727272727272727,0.625,0.9047619047619048
363000,0.13333333333333333,0.5277777777777778,0.2727272727272727,0.6428571428571429,0.8809523809523809
363300,0.13333333333333333,0.5,0.2727272727272727,0.625,0.8809523809523809
363600,0.13333333333333333,0.5555555555555556,0.2727272727272727,0.5892857142857143,0.8571428571428571
363900,0.13333333333333333,0.6111111111111112,0.2727272727272727,0.6071428571428571,0.8571428571428571
364200,0.13333333333333333,0.6666666666666666,0.2727272727272727,0.5892857142857143,0.8809523809523809
364500,0.13333333333333333,0.6666666666666666,0.2727272727272727,0.5714285714285714,0.8571428571428571
364800,0.13333333333333333,0.6111111111111112,0.2727272727272727,0.5892857142857143,0.8571428571428571
365100,0.13333333333333333,0.5833333333333334,0.2727272727272727,0.5892857142857143,0.8809523809523809
365400,0.1,0.5833333333333334,0.2727272727272727,0.5714285714285714,0.8571428571428571
365700,0.1,0.5555555555555556,0.2727272727272727,0.4642857142857143,0.8095238095238095
366000,0.1,0.6388888888888888,0.22727272727272727,0.42857142857142855,0.7619047619047619
366300,0.13333333333333333,0.6944444444444444,0.22727272727272727,0.39285714285714285,0.7619047619047619
366600,0.13333333333333333,0.6388888888888888,0.22727272727272727,0.35714285714285715,0.7380952380952381
366900,0.13333333333333333,0.5833333333333334,0.18181818181818182,0.35714285714285715,0.7142857142857143
367200,0.13333333333333333,0.5555555555555556,0.18181818181818182,0.375,0.7142857142857143
367500,0.13333333333333333,0.5277777777777778,0.22727272727272727,0.39285714285714285,0.7619047619047619
367800,0.16666666666666666,0.4444444444444444,0.22727272727272727,0.44642857142857145,0.8333333333333334
368100,0.2,0.3611111111111111,0.22727272727272727,0.44642857142857145,0.8333333333333334
368400,0.16666666666666666,0.3333333333333333,0.22727272727272727,0.42857142857142855,0.8095238095238095
368700,0.16666666666666666,0.4166666666666667,0.22727272727272727,0.375,0.8571428571428571
369000,0.16666666666666666,0.4166666666666667,0.2727272727272727,0.375,0.8571428571428571
369300,0.16666666666666666,0.3888888888888889,0.4090909090909091,0.3392857142857143,0.8809523809523809
369600,0.2,0.4444444444444444,0.5454545454545454,0.2857142857142857,0.8809523809523809
369900,0.2,0.4166666666666667,0.5,0.16071428571428573,0.9285714285714286
370200,0.16666666666666666,0.4166666666666667,0.5,0.125,0.9285714285714286
370500,0.16666666666666666,0.4722222222222222,0.6363636363636364,0.16071428571428573,0.9047619047619048
370800,0.23333333333333334,0.4166666666666667,0.6818181818181818,0.14285714285714285,0.9285714285714286
371100,0.3,0.3888888888888889,0.6818181818181818,0.17857142857142858,0.9523809523809523
371400,0.36666666666666664,0.3888888888888889,0.6363636363636364,0.16071428571428573,0.9761904761904762
371700,0.36666666666666664,0.2777777777777778,0.6363636363636364,0.16071428571428573,0.9285714285714286
372000,0.36666666666666664,0.3611111111111111,0.6363636363636364,0.14285714285714285,0.8809523809523809
372300,0.4,0.3888888888888889,0.6363636363636364,0.08928571428571429,0.8571428571428571
372600,0.4,0.3611111111111111,0.6363636363636364,0.08928571428571429,0.8571428571428571
372900,0.4666666666666667,0.3611111111111111,0.6818181818181818,0.08928571428571429,0.8809523809523809
373200,0.5,0.3888888888888889,0.6818181818181818,0.05357142857142857,0.8809523809523809
373500,0.5,0.4444444444444444,0.6818181818181818,0.125,0.8333333333333334
373800,0.4666666666666667,0.4444444444444444,0.6818181818181818,0.19642857142857142,0.7857142857142857
374100,0.5,0.5277777777777778,0.7272727272727273,0.23214285714285715,0.7142857142857143
374400,0.5333333333333333,0.5833333333333334,0.7272727272727273,0.26785714285714285,0.7142857142857143
374700,0.5333333333333333,0.7222222222222222,0.7272727272727273,0.32142857142857145,0.7380952380952381
375000,0.5333333333333333,0.7777777777777778,0.7272727272727273,0.39285714285714285,0.7142857142857143
375300,0.5666666666666667,0.75,0.7727272727272727,0.39285714285714285,0.6190476190476191
375600,0.5666666666666667,0.8611111111111112,0.7727272727272727,0.44642857142857145,0.6666666666666666
375900,0.5666666666666667,0.8888888888888888,0.7727272727272727,0.42857142857142855,0.6904761904761905
376200,0.5666666666666667,0.8888888888888888,0.7272727272727273,0.48214285714285715,0.6904761904761905
376500,0.6333333333333333,0.9166666666666666,0.7727272727272727,0.5357142857142857,0.6666666666666666
376800,0.7,0.9166666666666666,0.7272727272727273,0.6071428571428571,0.6428571428571429
377100,0.7,0.9444444444444444,0.7272727272727273,0.625,0.6666666666666666
377400,0.6666666666666666,0.9444444444444444,0.7272727272727273,0.6785714285714286,0.6190476190476191
377700,0.7,0.9444444444444444,0.7272727272727273,0.7142857142857143,0.5952380952380952
378000,0.7,0.9722222222222222,0.9090909090909091,0.6607142857142857,0.6428571428571429
378300,0.7,0.9722222222222222,0.9545454545454546,0.6428571428571429,0.6428571428571429
378600,0.6666666666666666,0.9722222222222222,0.9545454545454546,0.625,0.6666666666666666
378900,0.6666666666666666,0.9722222222222222,0.9545454545454546,0.6785714285714286,0.7142857142857143
379200,0.6333333333333333,0.9722222222222222,0.9545454545454546,0.6607142857142857,0.6666666666666666
379500,0.6333333333333333,0.9722222222222222,0.9545454545454546,0.6785714285714286,0.6428571428571429
379800,0.6666666666666666,1.0,0.9545454545454546,0.6785714285714286,0.6666666666666666
380100,0.6666666666666666,1.0,0.9090909090909091,0.6964285714285714,0.5476190476190477
380400,0.6666666666666666,0.9722222222222222,0.9090909090909091,0.6964285714285714,0.5714285714285714
380700,0.6333333333333333,0.9722222222222222,0.9090909090909091,0.7142857142857143,0.6190476190476191
381000,0.6333333333333333,0.9722222222222222,0.8636363636363636,0.7321428571428571,0.5952380952380952
381300,0.6666666666666666,0.9722222222222222,0.8636363636363636,0.7321428571428571,0.5238095238095238
381600,0.6666666666666666,0.9722222222222222,0.8181818181818182,0.7678571428571429,0.47619047619047616
381900,0.7,0.9722222222222222,0.8181818181818182,0.7857142857142857,0.35714285714285715
382200,0.6666666666666666,0.9722222222222222,0.8181818181818182,0.8214285714285714,0.2857142857142857
382500,0.6666666666666666,0.9722222222222222,0.8181818181818182,0.8571428571428571,0.30952380952380953
382800,0.6666666666666666,0.9722222222222222,0.8181818181818182,0.875,0.21428571428571427
383100,0.6666666666666666,0.9722222222222222,0.8181818181818182,0.875,0.2857142857142857
383400,0.6666666666666666,0.9722222222222222,0.7727272727272727,0.9107142857142857,0.14285714285714285
383700,0.6666666666666666,0.9722222222222222,0.7727272727272727,0.875,0.2857142857142857
384000,0.6333333333333333,0.9722222222222222,0.7727272727272727,0.875,0.23809523809523808
384300,0.6666666666666666,0.9444444444444444,0.7727272727272727,0.875,0.2857142857142857
384600,0.7,0.9166666666666666,0.7727272727272727,0.8928571428571429,0.2619047619047619
384900,0.7333333333333333,0.9166666666666666,0.8181818181818182,0.9107142857142857,0.23809523809523808
385200,0.7333333333333333,0.9166666666666666,0.8181818181818182,0.9285714285714286,0.23809523809523808
385500,0.7333333333333333,0.9166666666666666,0.7727272727272727,0.9285714285714286,0.16666666666666666
385800,0.7,0.9166666666666666,0.7727272727272727,0.9107142857142857,0.11904761904761904
386100,0.7,0.8055555555555556,0.6363636363636364,0.9107142857142857,0.11904761904761904
386400,0.7333333333333333,0.8055555555555556,0.5909090909090909,0.8928571428571429,0.09523809523809523
386700,0.7333333333333333,0.75,0.5454545454545454,0.8928571428571429,0.14285714285714285
387000,0.7,0.7222222222222222,0.5909090909090909,0.8571428571428571,0.09523809523809523
387300,0.6666666666666666,0.7222222222222222,0.5,0.8928571428571429,0.11904761904761904
387600,0.7,0.6388888888888888,0.5,0.8928571428571429,0.21428571428571427
387900,0.7,0.6666666666666666,0.45454545454545453,0.8214285714285714,0.19047619047619047
388200,0.5666666666666667,0.6944444444444444,0.4090909090909091,0.8214285714285714,0.14285714285714285
388500,0.5666666666666667,0.6666666666666666,0.4090909090909091,0.8214285714285714,0.09523809523809523
388800,0.4666666666666667,0.5833333333333334,0.4090909090909091,0.75,0.14285714285714285
389100,0.36666666666666664,0.6111111111111112,0.4090909090909091,0.7142857142857143,0.09523809523809523
389400,0.3,0.6944444444444444,0.4090909090909091,0.6071428571428571,0.16666666666666666
389700,0.3,0.6666666666666666,0.45454545454545453,0.6071428571428571,0.19047619047619047
390000,0.3333333333333333,0.6944444444444444,0.2727272727272727,0.625,0.09523809523809523
390300,0.3,0.5833333333333334,0.2727272727272727,0.625,0.14285714285714285
390600,0.3333333333333333,0.5,0.2727272727272727,0.625,0.16666666666666666
390900,0.3,0.5277777777777778,0.36363636363636365,0.5892857142857143,0.16666666666666666
391200,0.3333333333333333,0.4166666666666667,0.36363636363636365,0.5892857142857143,0.16666666666666666
391500,0.26666666666666666,0.4444444444444444,0.4090909090909091,0.5892857142857143,0.3333333333333333
391800,0.26666666666666666,0.3611111111111111,0.4090909090909091,0.6428571428571429,0.35714285714285715
392100,0.0,0.0,0.0,0.0,0.3333333333333333
392400,0.26666666666666666,0.25,0.5454545454545454,0.5535714285714286,0.2619047619047619
392700,0.26666666666666666,0.16666666666666666,0.5909090909090909,0.5892857142857143,0.2619047619047619
393000,0.26666666666666666,0.19444444444444445,0.6363636363636364,0.5535714285714286,0.16666666666666666
393300,0.26666666666666666,0.16666666666666666,0.6363636363636364,0.5892857142857143,0.19047619047619047
393600,0.26666666666666666,0.1111111111111111,0.6363636363636364,0.625,0.14285714285714285
393900,0.26666666666666666,0.1388888888888889,0.6363636363636364,0.6785714285714286,0.14285714285714285
394200,0.3,0.08333333333333333,0.6363636363636364,0.625,0.09523809523809523
394500,0.36666666666666664,0.3055555555555556,0.5909090909090909,0.6607142857142857,0.14285714285714285
394800,0.3333333333333333,0.3333333333333333,0.5909090909090909,0.6964285714285714,0.11904761904761904
395100,0.3333333333333333,0.4166666666666667,0.5909090909090909,0.7678571428571429,0.21428571428571427
395400,0.36666666666666664,0.4722222222222222,0.5909090909090909,0.75,0.2857142857142857
395700,0.4,0.5,0.6363636363636364,0.75,0.42857142857142855
396000,0.4,0.5277777777777778,0.5454545454545454,0.8035714285714286,0.35714285714285715
396300,0.4,0.6388888888888888,0.5,0.7857142857142857,0.19047619047619047
396600,0.5,0.75,0.5454545454545454,0.8392857142857143,0.14285714285714285
396900,0.5,0.75,0.5454545454545454,0.875,0.16666666666666666
397200,0.5333333333333333,0.8055555555555556,0.5454545454545454,0.8928571428571429,0.16666666666666666
397500,0.5333333333333333,0.8333333333333334,0.5454545454545454,0.875,0.2619047619047619
397800,0.5333333333333333,0.8333333333333334,0.6363636363636364,0.8928571428571429,0.38095238095238093
398100,0.5,0.8333333333333334,0.6363636363636364,0.9107142857142857,0.40476190476190477
398400,0.5,0.8055555555555556,0.5454545454545454,0.9285714285714286,0.5
398700,0.5333333333333333,0.7777777777777778,0.5454545454545454,0.9107142857142857,0.5476190476190477
399000,0.5666666666666667,0.7777777777777778,0.5454545454545454,0.9464285714285714,0.4523809523809524
399300,0.0,0.0,0.0,0.0,0.42857142857142855
399600,0.6,0.8055555555555556,0.5909090909090909,0.9285714285714286,0.35714285714285715
399900,0.6,0.7777777777777778,0.5454545454545454,0.875,0.30952380952380953
400200,0.6333333333333333,0.7777777777777778,0.5909090909090909,0.9285714285714286,0.35714285714285715
400500,0.6666666666666666,0.7777777777777778,0.5454545454545454,0.9285714285714286,0.42857142857142855
400800,0.6666666666666666,0.75,0.5909090909090909,0.9285714285714286,0.40476190476190477
401100,0.7,0.75,0.5454545454545454,0.9285714285714286,0.2857142857142857
401400,0.6666666666666666,0.8333333333333334,0.45454545454545453,0.9285714285714286,0.21428571428571427
401700,0.6333333333333333,0.8333333333333334,0.5454545454545454,0.9464285714285714,0.21428571428571427
402000,0.6333333333333333,0.8055555555555556,0.5,0.9464285714285714,0.14285714285714285
402300,0.6333333333333333,0.8611111111111112,0.5454545454545454,0.9107142857142857,0.19047619047619047
402600,0.6,0.8333333333333334,0.5454545454545454,0.875,0.3333333333333333
402900,0.5333333333333333,0.8055555555555556,0.5454545454545454,0.875,0.23809523809523808
403200,0.5333333333333333,0.8055555555555556,0.5,0.875,0.14285714285714285
403500,0.5333333333333333,0.8055555555555556,0.5454545454545454,0.8571428571428571,0.19047619047619047
403800,0.5666666666666667,0.75,0.5,0.8571428571428571,0.23809523809523808
404100,0.5666666666666667,0.8055555555555556,0.5,0.8571428571428571,0.23809523809523808
404400,0.5333333333333333,0.8333333333333334,0.5,0.875,0.19047619047619047
404700,0.5666666666666667,0.8333333333333334,0.5909090909090909,0.8571428571428571,0.2857142857142857
405000,0.5,0.8333333333333334,0.5909090909090909,0.8214285714285714,0.3333333333333333
405300,0.4666666666666667,0.8055555555555556,0.5909090909090909,0.8571428571428571,0.38095238095238093
405600,0.43333333333333335,0.8055555555555556,0.5909090909090909,0.8571428571428571,0.35714285714285715
405900,0.43333333333333335,0.7777777777777778,0.6363636363636364,0.8392857142857143,0.38095238095238093
406200,0.43333333333333335,0.8055555555555556,0.7272727272727273,0.8214285714285714,0.38095238095238093
406500,0.43333333333333335,0.8055555555555556,0.7272727272727273,0.8214285714285714,0.38095238095238093
406800,0.4,0.8333333333333334,0.5909090909090909,0.875,0.2619047619047619
407100,0.4,0.8333333333333334,0.6363636363636364,0.8571428571428571,0.3333333333333333
407400,0.4,0.8611111111111112,0.5909090909090909,0.875,0.35714285714285715
407700,0.5333333333333333,0.8333333333333334,0.5909090909090909,0.8571428571428571,0.35714285714285715
408000,0.5666666666666667,0.8333333333333334,0.6363636363636364,0.8928571428571429,0.30952380952380953
408300,0.6,0.8055555555555556,0.6818181818181818,0.9107142857142857,0.11904761904761904
408600,0.6333333333333333,0.7777777777777778,0.7272727272727273,0.9107142857142857,0.16666666666666666
408900,0.6666666666666666,0.7777777777777778,0.7272727272727273,0.9464285714285714,0.21428571428571427
409200,0.6,0.8055555555555556,0.6818181818181818,0.9285714285714286,0.14285714285714285
409500,0.6,0.7777777777777778,0.6363636363636364,0.9464285714285714,0.35714285714285715
409800,0.6,0.7777777777777778,0.6363636363636364,0.9464285714285714,0.5476190476190477
410100,0.6,0.8055555555555556,0.5909090909090909,0.9642857142857143,0.5476190476190477
410400,0.6333333333333333,0.8333333333333334,0.6363636363636364,0.9821428571428571,0.40476190476190477
410700,0.6333333333333333,0.8055555555555556,0.6818181818181818,0.9821428571428571,0.42857142857142855
411000,0.6666666666666666,0.8055555555555556,0.7272727272727273,0.9642857142857143,0.3333333333333333
411300,0.6333333333333333,0.8611111111111112,0.7272727272727273,0.9642857142857143,0.35714285714285715
411600,0.6333333333333333,0.8888888888888888,0.7272727272727273,0.9464285714285714,0.40476190476190477
411900,0.6666666666666666,0.8611111111111112,0.7727272727272727,0.9464285714285714,0.35714285714285715
412200,0.7333333333333333,0.8888888888888888,0.7727272727272727,0.9285714285714286,0.4523809523809524
412500,0.7666666666666667,0.8888888888888888,0.7272727272727273,0.9107142857142857,0.40476190476190477
412800,0.7333333333333333,0.9444444444444444,0.7272727272727273,0.9107142857142857,0.40476190476190477
413100,0.7,0.9444444444444444,0.7272727272727273,0.8928571428571429,0.35714285714285715
413400,0.7333333333333333,0.9722222222222222,0.6818181818181818,0.9107142857142857,0.5
413700,0.0,0.0,0.0,0.0,0.5238095238095238
414000,0.7,0.9722222222222222,0.6818181818181818,0.875,0.5952380952380952
414300,0.6333333333333333,0.9722222222222222,0.6818181818181818,0.8214285714285714,0.5952380952380952
414600,0.6666666666666666,0.9722222222222222,0.5909090909090909,0.7678571428571429,0.47619047619047616
414900,0.6666666666666666,1.0,0.5909090909090909,0.6607142857142857,0.42857142857142855
415200,0.7,0.9444444444444444,0.5454545454545454,0.625,0.35714285714285715
415500,0.7,0.9444444444444444,0.5,0.6428571428571429,0.40476190476190477
415800,0.7,0.9166666666666666,0.5454545454545454,0.5714285714285714,0.42857142857142855
416100,0.6666666666666666,0.9166666666666666,0.5454545454545454,0.5535714285714286,0.40476190476190477
416400,0.6333333333333333,0.9166666666666666,0.5454545454545454,0.5178571428571429,0.30952380952380953
416700,0.6,0.8888888888888888,0.5454545454545454,0.5,0.2619047619047619
417000,0.5333333333333333,0.8888888888888888,0.5454545454545454,0.5357142857142857,0.3333333333333333
417300,0.5333333333333333,0.8611111111111112,0.5,0.5,0.42857142857142855
417600,0.5333333333333333,0.8888888888888888,0.5,0.42857142857142855,0.4523809523809524
417900,0.5,0.8611111111111112,0.5,0.4107142857142857,0.5
418200,0.5,0.8055555555555556,0.5454545454545454,0.4107142857142857,0.5714285714285714
418500,0.5,0.8055555555555556,0.6363636363636364,0.2857142857142857,0.5476190476190477
418800,0.5,0.8333333333333334,0.6818181818181818,0.2857142857142857,0.42857142857142855
419100,0.5333333333333333,0.75,0.8181818181818182,0.3392857142857143,0.4523809523809524
419400,0.5333333333333333,0.75,0.8181818181818182,0.3392857142857143,0.47619047619047616
419700,0.5,0.7777777777777778,0.7727272727272727,0.35714285714285715,0.4523809523809524
420000,0.5,0.7777777777777778,0.7727272727272727,0.375,0.47619047619047616
420300,0.5666666666666667,0.8055555555555556,0.7272727272727273,0.42857142857142855,0.47619047619047616
420600,0.5333333333333333,0.8055555555555556,0.7272727272727273,0.44642857142857145,0.47619047619047616
420900,0.6333333333333333,0.8055555555555556,0.7272727272727273,0.42857142857142855,0.47619047619047616
421200,0.5666666666666667,0.7777777777777778,0.6818181818181818,0.39285714285714285,0.42857142857142855
421500,0.6666666666666666,0.7777777777777778,0.6818181818181818,0.35714285714285715,0.5714285714285714
421800,0.6333333333333333,0.75,0.5909090909090909,0.35714285714285715,0.5238095238095238
422100,0.6666666666666666,0.8055555555555556,0.5909090909090909,0.375,0.5238095238095238
422400,0.6333333333333333,0.8333333333333334,0.5454545454545454,0.4107142857142857,0.5238095238095238
422700,0.6,0.8333333333333334,0.45454545454545453,0.48214285714285715,0.42857142857142855
423000,0.6,0.8611111111111112,0.45454545454545453,0.5178571428571429,0.4523809523809524
423300,0.6,0.8611111111111112,0.36363636363636365,0.4642857142857143,0.47619047619047616
423600,0.5333333333333333,0.8333333333333334,0.36363636363636365,0.48214285714285715,0.47619047619047616
423900,0.5333333333333333,0.8888888888888888,0.36363636363636365,0.5,0.42857142857142855
424200,0.5333333333333333,0.8888888888888888,0.4090909090909091,0.4107142857142857,0.40476190476190477
424500,0.5,0.9166666666666666,0.36363636363636365,0.42857142857142855,0.47619047619047616
424800,0.5,0.9444444444444444,0.22727272727272727,0.39285714285714285,0.5952380952380952
425100,0.5,0.9444444444444444,0.36363636363636365,0.39285714285714285,0.7142857142857143
425400,0.5,0.9722222222222222,0.3181818181818182,0.39285714285714285,0.7380952380952381
425700,0.5,0.9444444444444444,0.3181818181818182,0.32142857142857145,0.7857142857142857
426000,0.4666666666666667,0.9444444444444444,0.3181818181818182,0.35714285714285715,0.7142857142857143
426300,0.4666666666666667,0.9166666666666666,0.3181818181818182,0.35714285714285715,0.6904761904761905
426600,0.4666666666666667,0.9444444444444444,0.22727272727272727,0.3392857142857143,0.6666666666666666
426900,0.43333333333333335,0.9444444444444444,0.22727272727272727,0.3392857142857143,0.7380952380952381
427200,0.4,0.9166666666666666,0.22727272727272727,0.26785714285714285,0.7619047619047619
427500,0.36666666666666664,0.8888888888888888,0.22727272727272727,0.25,0.7857142857142857
427800,0.36666666666666664,0.8611111111111112,0.18181818181818182,0.26785714285714285,0.6666666666666666
428100,0.0,0.0,0.0,0.0,0.6428571428571429
428400,0.36666666666666664,0.8055555555555556,0.18181818181818182,0.23214285714285715,0.6666666666666666
428700,0.36666666666666664,0.8055555555555556,0.22727272727272727,0.21428571428571427,0.5952380952380952
429000,0.36666666666666664,0.8333333333333334,0.3181818181818182,0.21428571428571427,0.5476190476190477
429300,0.3,0.8611111111111112,0.3181818181818182,0.25,0.5952380952380952
429600,0.26666666666666666,0.8333333333333334,0.4090909090909091,0.25,0.5714285714285714
429900,0.26666666666666666,0.8333333333333334,0.36363636363636365,0.19642857142857142,0.5
430200,0.3,0.8333333333333334,0.36363636363636365,0.21428571428571427,0.5238095238095238
430500,0.3333333333333333,0.8055555555555556,0.36363636363636365,0.25,0.5476190476190477
430800,0.3333333333333333,0.8055555555555556,0.36363636363636365,0.25,0.42857142857142855
431100,0.36666666666666664,0.8333333333333334,0.36363636363636365,0.26785714285714285,0.40476190476190477
431400,0.3333333333333333,0.8611111111111112,0.45454545454545453,0.26785714285714285,0.4523809523809524
431700,0.3,0.8333333333333334,0.45454545454545453,0.30357142857142855,0.5238095238095238
432000,0.3,0.8055555555555556,0.36363636363636365,0.32142857142857145,0.5238095238095238
432300,0.3,0.75,0.4090909090909091,0.30357142857142855,0.5952380952380952
432600,0.3,0.6944444444444444,0.36363636363636365,0.2857142857142857,0.4523809523809524
432900,0.26666666666666666,0.6111111111111112,0.45454545454545453,0.17857142857142858,0.23809523809523808
433200,0.3,0.5555555555555556,0.4090909090909091,0.14285714285714285,0.30952380952380953
433500,0.26666666666666666,0.5,0.4090909090909091,0.10714285714285714,0.21428571428571427
433800,0.26666666666666666,0.4166666666666667,0.4090909090909091,0.125,0.19047619047619047
434100,0.36666666666666664,0.3888888888888889,0.4090909090909091,0.125,0.23809523809523808
434400,0.3333333333333333,0.3055555555555556,0.36363636363636365,0.08928571428571429,0.30952380952380953
434700,0.3,0.25,0.36363636363636365,0.125,0.2857142857142857
435000,0.3333333333333333,0.25,0.4090909090909091,0.14285714285714285,0.35714285714285715
435300,0.36666666666666664,0.25,0.5,0.125,0.40476190476190477
435600,0.36666666666666664,0.3333333333333333,0.5,0.125,0.38095238095238093
435900,0.36666666666666664,0.3888888888888889,0.5,0.16071428571428573,0.40476190476190477
436200,0.36666666666666664,0.3888888888888889,0.5,0.17857142857142858,0.42857142857142855
436500,0.3,0.3611111111111111,0.45454545454545453,0.23214285714285715,0.5
436800,0.3,0.3611111111111111,0.45454545454545453,0.26785714285714285,0.5476190476190477
437100,0.3333333333333333,0.2777777777777778,0.45454545454545453,0.21428571428571427,0.5
437400,0.4,0.3611111111111111,0.45454545454545453,0.21428571428571427,0.5952380952380952
437700,0.4,0.3611111111111111,0.4090909090909091,0.17857142857142858,0.5714285714285714
438000,0.4666666666666667,0.3611111111111111,0.4090909090909091,0.17857142857142858,0.6904761904761905
438300,0.4666666666666667,0.3888888888888889,0.4090909090909091,0.14285714285714285,0.7142857142857143
438600,0.4666666666666667,0.3333333333333333,0.22727272727272727,0.125,0.7619047619047619
438900,0.43333333333333335,0.3333333333333333,0.18181818181818182,0.125,0.7142857142857143
439200,0.4,0.3055555555555556,0.18181818181818182,0.08928571428571429,0.8095238095238095
439500,0.36666666666666664,0.2777777777777778,0.18181818181818182,0.125,0.8809523809523809
439800,0.4,0.4166666666666667,0.09090909090909091,0.16071428571428573,0.9047619047619048
440100,0.4,0.3888888888888889,0.09090909090909091,0.19642857142857142,0.8809523809523809
440400,0.4,0.3611111111111111,0.09090909090909091,0.17857142857142858,0.8809523809523809
440700,0.4,0.25,0.13636363636363635,0.14285714285714285,0.8809523809523809
441000,0.4,0.2777777777777778,0.13636363636363635,0.16071428571428573,0.9523809523809523
441300,0.36666666666666664,0.25,0.09090909090909091,0.17857142857142858,0.9523809523809523
441600,0.3333333333333333,0.2777777777777778,0.045454545454545456,0.23214285714285715,0.9285714285714286
441900,0.3333333333333333,0.3611111111111111,0.09090909090909091,0.2857142857142857,0.9285714285714286
442200,0.3333333333333333,0.25,0.09090909090909091,0.2857142857142857,0.9047619047619048
442500,0.3333333333333333,0.25,0.09090909090909091,0.2857142857142857,0.9285714285714286
442800,0.3333333333333333,0.25,0.09090909090909091,0.25,0.9285714285714286
443100,0.3,0.25,0.09090909090909091,0.23214285714285715,0.9523809523809523
443400,0.3,0.2777777777777778,0.09090909090909091,0.23214285714285715,0.9523809523809523
443700,0.3,0.3055555555555556,0.09090909090909091,0.25,0.9523809523809523
444000,0.3,0.25,0.09090909090909091,0.26785714285714285,0.9523809523809523
444300,0.3,0.25,0.13636363636363635,0.30357142857142855,0.9523809523809523
444600,0.3,0.19444444444444445,0.13636363636363635,0.375,0.9523809523809523
444900,0.3,0.2222222222222222,0.09090909090909091,0.4107142857142857,0.9523809523809523
445200,0.3,0.3333333333333333,0.09090909090909091,0.39285714285714285,0.9523809523809523
445500,0.3,0.3055555555555556,0.09090909090909091,0.42857142857142855,0.9285714285714286
445800,0.3333333333333333,0.2777777777777778,0.09090909090909091,0.4642857142857143,0.9523809523809523
446100,0.3333333333333333,0.3333333333333333,0.09090909090909091,0.4642857142857143,0.9523809523809523
446400,0.3333333333333333,0.3333333333333333,0.09090909090909091,0.5,0.9523809523809523
446700,0.3333333333333333,0.3333333333333333,0.09090909090909091,0.5357142857142857,0.9285714285714286
447000,0.3,0.3611111111111111,0.13636363636363635,0.5535714285714286,0.9285714285714286
447300,0.3,0.4444444444444444,0.09090909090909091,0.5892857142857143,0.9285714285714286
447600,0.3,0.5,0.045454545454545456,0.5714285714285714,0.8809523809523809
447900,0.3,0.5555555555555556,0.09090909090909091,0.5892857142857143,0.8809523809523809
448200,0.26666666666666666,0.6111111111111112,0.09090909090909091,0.5535714285714286,0.9047619047619048
448500,0.23333333333333334,0.5833333333333334,0.09090909090909091,0.5357142857142857,0.8809523809523809
448800,0.23333333333333334,0.4722222222222222,0.09090909090909091,0.5357142857142857,0.8809523809523809
449100,0.23333333333333334,0.4722222222222222,0.09090909090909091,0.5714285714285714,0.8571428571428571
449400,0.23333333333333334,0.5555555555555556,0.09090909090909091,0.6964285714285714,0.8571428571428571
449700,0.23333333333333334,0.5555555555555556,0.09090909090909091,0.7142857142857143,0.8333333333333334
450000,0.23333333333333334,0.4722222222222222,0.09090909090909091,0.7142857142857143,0.8333333333333334
450300,0.23333333333333334,0.4444444444444444,0.045454545454545456,0.7321428571428571,0.7857142857142857
450600,0.23333333333333334,0.5555555555555556,0.045454545454545456,0.7142857142857143,0.7619047619047619
450900,0.23333333333333334,0.5833333333333334,0.045454545454545456,0.6964285714285714,0.7142857142857143
451200,0.16666666666666666,0.5555555555555556,0.09090909090909091,0.6964285714285714,0.6904761904761905
451500,0.16666666666666666,0.5277777777777778,0.09090909090909091,0.6964285714285714,0.6904761904761905
451800,0.16666666666666666,0.5277777777777778,0.045454545454545456,0.5714285714285714,0.7142857142857143
452100,0.16666666666666666,0.5277777777777778,0.045454545454545456,0.5357142857142857,0.6904761904761905
452400,0.16666666666666666,0.5,0.09090909090909091,0.48214285714285715,0.7142857142857143
452700,0.16666666666666666,0.5555555555555556,0.09090909090909091,0.48214285714285715,0.7380952380952381
453000,0.2,0.5,0.09090909090909091,0.4642857142857143,0.6904761904761905
453300,0.2,0.4444444444444444,0.09090909090909091,0.5357142857142857,0.7619047619047619
453600,0.2,0.4722222222222222,0.09090909090909091,0.5178571428571429,0.7380952380952381
453900,0.23333333333333334,0.4722222222222222,0.09090909090909091,0.5535714285714286,0.8095238095238095
454200,0.3333333333333333,0.4444444444444444,0.09090909090909091,0.5892857142857143,0.7619047619047619
454500,0.3,0.4444444444444444,0.09090909090909091,0.5714285714285714,0.7619047619047619
454800,0.26666666666666666,0.5,0.09090909090909091,0.5535714285714286,0.8095238095238095
455100,0.23333333333333334,0.5,0.09090909090909091,0.5,0.8095238095238095
455400,0.2,0.4722222222222222,0.09090909090909091,0.5357142857142857,0.8095238095238095
455700,0.2,0.4166666666666667,0.13636363636363635,0.5178571428571429,0.8333333333333334
456000,0.2,0.4166666666666667,0.13636363636363635,0.44642857142857145,0.8333333333333334
456300,0.2,0.3888888888888889,0.13636363636363635,0.32142857142857145,0.8333333333333334
456600,0.2,0.4722222222222222,0.22727272727272727,0.25,0.8095238095238095
456900,0.2,0.4722222222222222,0.36363636363636365,0.19642857142857142,0.8333333333333334
457200,0.23333333333333334,0.4722222222222222,0.45454545454545453,0.16071428571428573,0.8333333333333334
457500,0.3,0.5277777777777778,0.45454545454545453,0.14285714285714285,0.8095238095238095
457800,0.3333333333333333,0.4166666666666667,0.4090909090909091,0.125,0.7619047619047619
458100,0.4,0.3888888888888889,0.4090909090909091,0.10714285714285714,0.7619047619047619
458400,0.4,0.4166666666666667,0.36363636363636365,0.14285714285714285,0.7380952380952381
458700,0.43333333333333335,0.4722222222222222,0.36363636363636365,0.14285714285714285,0.7142857142857143
459000,0.43333333333333335,0.4166666666666667,0.4090909090909091,0.10714285714285714,0.6904761904761905
459300,0.5,0.4166666666666667,0.5,0.125,0.7142857142857143
459600,0.5,0.5,0.6363636363636364,0.16071428571428573,0.7142857142857143
459900,0.5333333333333333,0.6944444444444444,0.6363636363636364,0.23214285714285715,0.7142857142857143
460200,0.5333333333333333,0.75,0.6363636363636364,0.30357142857142855,0.6904761904761905
460500,0.5,0.8333333333333334,0.6363636363636364,0.32142857142857145,0.6190476190476191
460800,0.5666666666666667,0.8333333333333334,0.6363636363636364,0.375,0.5952380952380952
461100,0.5666666666666667,0.8611111111111112,0.7272727272727273,0.39285714285714285,0.7142857142857143
461400,0.6,0.8611111111111112,0.7272727272727273,0.48214285714285715,0.6666666666666666
461700,0.6333333333333333,0.9166666666666666,0.7272727272727273,0.5357142857142857,0.6190476190476191
462000,0.6666666666666666,0.9444444444444444,0.7272727272727273,0.5178571428571429,0.5714285714285714
462300,0.6666666666666666,0.9722222222222222,0.7272727272727273,0.5357142857142857,0.5714285714285714
462600,0.6666666666666666,0.9722222222222222,0.7272727272727273,0.5892857142857143,0.5238095238095238
462900,0.6666666666666666,0.9722222222222222,0.7272727272727273,0.625,0.4523809523809524
463200,0.6333333333333333,0.9722222222222222,0.7727272727272727,0.6071428571428571,0.5238095238095238
463500,0.6333333333333333,0.9722222222222222,0.8181818181818182,0.6607142857142857,0.5
463800,0.6333333333333333,0.9444444444444444,0.8181818181818182,0.6785714285714286,0.5476190476190477
464100,0.0,0.0,0.0,0.0,0.5952380952380952
464400,0.6333333333333333,0.9444444444444444,0.8636363636363636,0.7321428571428571,0.6190476190476191
464700,0.6333333333333333,0.9444444444444444,0.8636363636363636,0.6964285714285714,0.6428571428571429
465000,0.6333333333333333,0.9166666666666666,0.8181818181818182,0.6607142857142857,0.5714285714285714
465300,0.6666666666666666,0.9166666666666666,0.8181818181818182,0.6428571428571429,0.5714285714285714
465600,0.6666666666666666,0.9444444444444444,0.7272727272727273,0.6964285714285714,0.5476190476190477
465900,0.6666666666666666,0.9444444444444444,0.7727272727272727,0.75,0.5
466200,0.6666666666666666,0.9444444444444444,0.7727272727272727,0.6964285714285714,0.42857142857142855
466500,0.6666666666666666,0.9444444444444444,0.7272727272727273,0.6428571428571429,0.35714285714285715
466800,0.6333333333333333,0.9444444444444444,0.7272727272727273,0.6964285714285714,0.30952380952380953
467100,0.6333333333333333,0.9444444444444444,0.7272727272727273,0.75,0.30952380952380953
467400,0.6666666666666666,0.9444444444444444,0.8181818181818182,0.7142857142857143,0.09523809523809523
467700,0.6666666666666666,0.9444444444444444,0.8181818181818182,0.75,0.19047619047619047
468000,0.6666666666666666,0.9444444444444444,0.8181818181818182,0.75,0.21428571428571427
468300,0.6666666666666666,0.9722222222222222,0.8181818181818182,0.7678571428571429,0.14285714285714285
468600,0.6666666666666666,0.9722222222222222,0.8181818181818182,0.7678571428571429,0.11904761904761904
468900,0.6666666666666666,0.9722222222222222,0.8181818181818182,0.7857142857142857,0.21428571428571427
469200,0.6666666666666666,0.9166666666666666,0.8181818181818182,0.8392857142857143,0.14285714285714285
469500,0.6666666666666666,0.9444444444444444,0.8181818181818182,0.8214285714285714,0.11904761904761904
469800,0.6666666666666666,0.9444444444444444,0.8181818181818182,0.8571428571428571,0.19047619047619047
470100,0.6333333333333333,0.9444444444444444,0.7727272727272727,0.875,0.16666666666666666
470400,0.6333333333333333,0.9166666666666666,0.8636363636363636,0.8571428571428571,0.14285714285714285
470700,0.6333333333333333,0.8888888888888888,0.9090909090909091,0.8571428571428571,0.11904761904761904
471000,0.5666666666666667,0.8888888888888888,0.9090909090909091,0.8571428571428571,0.21428571428571427
471300,0.5666666666666667,0.9166666666666666,0.9090909090909091,0.875,0.16666666666666666
471600,0.5666666666666667,0.9444444444444444,0.8636363636363636,0.8928571428571429,0.047619047619047616
471900,0.5666666666666667,0.9444444444444444,0.8636363636363636,0.8928571428571429,0.21428571428571427
472200,0.5666666666666667,0.9166666666666666,0.8636363636363636,0.8928571428571429,0.19047619047619047
472500,0.5333333333333333,0.8333333333333334,0.8636363636363636,0.9107142857142857,0.11904761904761904
472800,0.5333333333333333,0.8055555555555556,0.9090909090909091,0.8928571428571429,0.09523809523809523
473100,0.5666666666666667,0.75,0.9090909090909091,0.8928571428571429,0.14285714285714285
473400,0.6,0.7777777777777778,0.9090909090909091,0.8928571428571429,0.23809523809523808
473700,0.6333333333333333,0.75,0.8636363636363636,0.8928571428571429,0.16666666666666666
474000,0.6333333333333333,0.75,0.8181818181818182,0.8571428571428571,0.19047619047619047
474300,0.5,0.6944444444444444,0.8636363636363636,0.8392857142857143,0.16666666666666666
474600,0.4666666666666667,0.6666666666666666,0.8181818181818182,0.8571428571428571,0.16666666666666666
474900,0.36666666666666664,0.6111111111111112,0.8181818181818182,0.8392857142857143,0.2619047619047619
475200,0.36666666666666664,0.5555555555555556,0.8181818181818182,0.875,0.2857142857142857
475500,0.3333333333333333,0.4444444444444444,0.7272727272727273,0.7678571428571429,0.35714285714285715
475800,0.3333333333333333,0.3611111111111111,0.7272727272727273,0.7142857142857143,0.23809523809523808
476100,0.23333333333333334,0.25,0.6363636363636364,0.6607142857142857,0.14285714285714285
476400,0.23333333333333334,0.2222222222222222,0.5909090909090909,0.6428571428571429,0.16666666666666666
476700,0.26666666666666666,0.16666666666666666,0.5909090909090909,0.6071428571428571,0.14285714285714285
477000,0.2,0.16666666666666666,0.5909090909090909,0.5535714285714286,0.19047619047619047
477300,0.16666666666666666,0.2222222222222222,0.6363636363636364,0.5357142857142857,0.21428571428571427
477600,0.13333333333333333,0.16666666666666666,0.6363636363636364,0.5178571428571429,0.21428571428571427
477900,0.16666666666666666,0.1111111111111111,0.6363636363636364,0.5714285714285714,0.2619047619047619
478200,0.23333333333333334,0.1388888888888889,0.5909090909090909,0.5714285714285714,0.30952380952380953
478500,0.2,0.3055555555555556,0.6363636363636364,0.5714285714285714,0.23809523809523808
478800,0.23333333333333334,0.2777777777777778,0.6363636363636364,0.5535714285714286,0.21428571428571427
479100,0.16666666666666666,0.19444444444444445,0.5454545454545454,0.5357142857142857,0.16666666666666666
479400,0.13333333333333333,0.19444444444444445,0.5,0.5178571428571429,0.16666666666666666
479700,0.13333333333333333,0.2222222222222222,0.5,0.5535714285714286,0.14285714285714285
480000,0.3,0.1388888888888889,0.45454545454545453,0.6071428571428571,0.2619047619047619
480300,0.3333333333333333,0.2222222222222222,0.5,0.5892857142857143,0.19047619047619047
480600,0.3333333333333333,0.19444444444444445,0.5,0.5892857142857143,0.21428571428571427
480900,0.26666666666666666,0.2777777777777778,0.5,0.5714285714285714,0.3333333333333333
481200,0.26666666666666666,0.3055555555555556,0.5,0.5892857142857143,0.38095238095238093
481500,0.36666666666666664,0.3333333333333333,0.6363636363636364,0.5714285714285714,0.4523809523809524
481800,0.5333333333333333,0.4444444444444444,0.6363636363636364,0.5892857142857143,0.35714285714285715
482100,0.5333333333333333,0.5,0.6818181818181818,0.6071428571428571,0.23809523809523808
482400,0.5666666666666667,0.5555555555555556,0.6818181818181818,0.6607142857142857,0.2619047619047619
482700,0.6,0.5833333333333334,0.6818181818181818,0.6964285714285714,0.21428571428571427
483000,0.6,0.7222222222222222,0.5909090909090909,0.7142857142857143,0.2619047619047619
483300,0.6,0.7222222222222222,0.5909090909090909,0.7321428571428571,0.21428571428571427
483600,0.6333333333333333,0.75,0.5909090909090909,0.7857142857142857,0.2619047619047619
483900,0.6333333333333333,0.7777777777777778,0.5454545454545454,0.8035714285714286,0.14285714285714285
484200,0.6333333333333333,0.8055555555555556,0.5909090909090909,0.8035714285714286,0.23809523809523808
484500,0.5,0.8611111111111112,0.5,0.8392857142857143,0.21428571428571427
484800,0.5,0.8611111111111112,0.5,0.8571428571428571,0.30952380952380953
485100,0.5,0.8888888888888888,0.5,0.8392857142857143,0.2619047619047619
485400,0.5,0.8888888888888888,0.5454545454545454,0.8392857142857143,0.40476190476190477
485700,0.0,0.0,0.0,0.0,0.42857142857142855
486000,0.4666666666666667,0.8333333333333334,0.5454545454545454,0.875,0.4523809523809524
486300,0.4666666666666667,0.8611111111111112,0.5,0.875,0.40476190476190477
486600,0.4,0.8333333333333334,0.5,0.8571428571428571,0.42857142857142855
486900,0.43333333333333335,0.8055555555555556,0.5,0.8214285714285714,0.38095238095238093
487200,0.5,0.7777777777777778,0.5454545454545454,0.8214285714285714,0.42857142857142855
487500,0.5,0.7777777777777778,0.5,0.8392857142857143,0.38095238095238093
487800,0.5666666666666667,0.7222222222222222,0.5,0.8214285714285714,0.16666666666666666
488100,0.5666666666666667,0.7222222222222222,0.5454545454545454,0.7857142857142857,0.16666666666666666
488400,0.5666666666666667,0.6944444444444444,0.5454545454545454,0.7678571428571429,0.09523809523809523
488700,0.6666666666666666,0.6944444444444444,0.5,0.75,0.047619047619047616
489000,0.7,0.6944444444444444,0.5,0.7678571428571429,0.07142857142857142
489300,0.6666666666666666,0.6944444444444444,0.5,0.7857142857142857,0.047619047619047616
489600,0.6666666666666666,0.7222222222222222,0.5454545454545454,0.7857142857142857,0.16666666666666666
489900,0.7333333333333333,0.6944444444444444,0.5454545454545454,0.7678571428571429,0.11904761904761904
490200,0.7666666666666667,0.7222222222222222,0.5454545454545454,0.7678571428571429,0.16666666666666666
490500,0.7,0.7777777777777778,0.5,0.7857142857142857,0.21428571428571427
490800,0.7,0.8055555555555556,0.5,0.8035714285714286,0.09523809523809523
491100,0.6666666666666666,0.8055555555555556,0.5,0.8214285714285714,0.19047619047619047
491400,0.6333333333333333,0.7777777777777778,0.6363636363636364,0.8214285714285714,0.23809523809523808
491700,0.6333333333333333,0.7777777777777778,0.6363636363636364,0.7678571428571429,0.19047619047619047
492000,0.6666666666666666,0.75,0.6363636363636364,0.75,0.11904761904761904
492300,0.6666666666666666,0.75,0.6363636363636364,0.7678571428571429,0.16666666666666666
492600,0.6666666666666666,0.7777777777777778,0.6363636363636364,0.7857142857142857,0.16666666666666666
492900,0.0,0.0,0.0,0.0,0.2619047619047619
493200,0.7333333333333333,0.8055555555555556,0.6363636363636364,0.8035714285714286,0.38095238095238093
493500,0.7333333333333333,0.8333333333333334,0.5909090909090909,0.7678571428571429,0.4523809523809524
493800,0.7666666666666667,0.8333333333333334,0.6818181818181818,0.8035714285714286,0.5
494100,0.7666666666666667,0.8333333333333334,0.6818181818181818,0.8392857142857143,0.5714285714285714
494400,0.7666666666666667,0.8888888888888888,0.6818181818181818,0.8392857142857143,0.5
494700,0.7666666666666667,0.8888888888888888,0.6363636363636364,0.8571428571428571,0.47619047619047616
495000,0.7666666666666667,0.8333333333333334,0.6363636363636364,0.875,0.42857142857142855
495300,0.7666666666666667,0.8888888888888888,0.6363636363636364,0.875,0.5
495600,0.7666666666666667,0.8888888888888888,0.6363636363636364,0.875,0.5
495900,0.7666666666666667,0.8888888888888888,0.6363636363636364,0.875,0.5
496200,0.7666666666666667,0.8888888888888888,0.6363636363636364,0.875,0.5
496500,0.7666666666666667,0.8888888888888888,0.6363636363636364,0.875,0.5
496800,0.7666666666666667,0.8888888888888888,0.6363636363636364,0.875,0.5
497100,0.7666666666666667,0.8888888888888888,0.6363636363636364,0.875,0.5
497400,0.7666666666666667,0.8888888888888888,0.6363636363636364,0.875,0.5
497700,0.7666666666666667,0.8888888888888888,0.6363636363636364,0.875,0.5
498000,0.7666666666666667,0.8888888888888888,0.6363636363636364,0.875,0.5
498300,0.7666666666666667,0.8888888888888888,0.6363636363636364,0.875,0.5
498600,0.7666666666666667,0.8888888888888888,0.6363636363636364,0.875,0.5
498900,0.7666666666666667,0.8888888888888888,0.6363636363636364,0.875,0.5
499200,0.7666666666666667,0.8888888888888888,0.6363636363636364,0.875,0.5
499500,0.7666666666666667,0.8888888888888888,0.6363636363636364,0.875,0.5
499800,0.7666666666666667,0.8888888888888888,0.6363636363636364,0.875,0.5
500100,0.7666666666666667,0.8888888888888888,0.6363636363636364,0.875,0.5
500400,0.7666666666666667,0.8888888888888888,0.6363636363636364,0.875,0.5
500700,0.7666666666666667,0.8888888888888888,0.6363636363636364,0.875,0.5
501000,0.7666666666666667,0.8888888888888888,0.6363636363636364,0.875,0.5
501300,0.7666666666666667,0.8888888888888888,0.6363636363636364,0.875,0.5
501600,0.7666666666666667,0.8888888888888888,0.6363636363636364,0.875,0.5
501900,0.7666666666666667,0.8888888888888888,0.6363636363636364,0.875,0.5
502200,0.7666666666666667,0.8888888888888888,0.6363636363636364,0.875,0.5
502500,0.7666666666666667,0.8888888888888888,0.6363636363636364,0.875,0.5
502800,0.7666666666666667,0.8888888888888888,0.6363636363636364,0.875,0.5
503100,0.7666666666666667,0.8888888888888888,0.6363636363636364,0.875,0.5
503400,0.7666666666666667,0.8888888888888888,0.6363636363636364,0.875,0.5
503700,0.7666666666666667,0.8888888888888888,0.6363636363636364,0.875,0.5
504000,0.7666666666666667,0.8888888888888888,0.6363636363636364,0.875,0.5
504300,0.7666666666666667,0.8888888888888888,0.6363636363636364,0.875,0.5
504600,0.7666666666666667,0.8888888888888888,0.6363636363636364,0.875,0.5
504900,0.7666666666666667,0.8888888888888888,0.6363636363636364,0.875,0.5
505200,0.7666666666666667,0.8888888888888888,0.6363636363636364,0.875,0.5
505500,0.7666666666666667,0.8888888888888888,0.6363636363636364,0.875,0.5
505800,0.7666666666666667,0.8888888888888888,0.6363636363636364,0.875,0.5
506100,0.7666666666666667,0.8888888888888888,0.6363636363636364,0.875,0.5
506400,0.7666666666666667,0.8888888888888888,0.6363636363636364,0.875,0.5
506700,0.7666666666666667,0.8888888888888888,0.6363636363636364,0.875,0.5
507000,0.7666666666666667,0.8888888888888888,0.6363636363636364,0.875,0.5
507300,0.7666666666666667,0.8888888888888888,0.6363636363636364,0.875,0.5
507600,0.7666666666666667,0.8888888888888888,0.6363636363636364,0.875,0.5
507900,0.7666666666666667,0.8888888888888888,0.6363636363636364,0.875,0.5
508200,0.7666666666666667,0.8888888888888888,0.6363636363636364,0.875,0.5
508500,0.7666666666666667,0.8888888888888888,0.6363636363636364,0.875,0.5
508800,0.7666666666666667,0.8888888888888888,0.6363636363636364,0.875,0.5
509100,0.7666666666666667,0.8888888888888888,0.6363636363636364,0.875,0.5
509400,0.7666666666666667,0.8888888888888888,0.6363636363636364,0.875,0.5
509700,0.7666666666666667,0.8888888888888888,0.6363636363636364,0.875,0.5
510000,0.7666666666666667,0.8888888888888888,0.6363636363636364,0.875,0.5
510300,0.7666666666666667,0.8888888888888888,0.6363636363636364,0.875,0.5
510600,0.7666666666666667,0.8888888888888888,0.6363636363636364,0.875,0.5
510900,0.7666666666666667,0.8888888888888888,0.6363636363636364,0.875,0.5
511200,0.7666666666666667,0.8888888888888888,0.6363636363636364,0.875,0.5
511500,0.7666666666666667,0.8888888888888888,0.6363636363636364,0.875,0.5
511800,0.7666666666666667,0.8888888888888888,0.6363636363636364,0.875,0.5
512100,0.7666666666666667,0.8888888888888888,0.6363636363636364,0.875,0.5
512400,0.7666666666666667,0.8888888888888888,0.6363636363636364,0.875,0.5
512700,0.7666666666666667,0.8888888888888888,0.6363636363636364,0.875,0.5
513000,0.7666666666666667,0.8888888888888888,0.6363636363636364,0.875,0.5
513300,0.7666666666666667,0.8888888888888888,0.6363636363636364,0.875,0.5
513600,0.7666666666666667,0.8888888888888888,0.6363636363636364,0.875,0.5
513900,0.7666666666666667,0.8888888888888888,0.6363636363636364,0.875,0.5
514200,0.7666666666666667,0.8888888888888888,0.6363636363636364,0.875,0.5
514500,0.7666666666666667,0.8888888888888888,0.6363636363636364,0.875,0.5
514800,0.7666666666666667,0.8888888888888888,0.6363636363636364,0.875,0.5
515100,0.7666666666666667,0.8888888888888888,0.6363636363636364,0.875,0.5
515400,0.7666666666666667,0.8888888888888888,0.6363636363636364,0.875,0.5
515700,0.7666666666666667,0.8888888888888888,0.6363636363636364,0.875,0.5
516000,0.7666666666666667,0.8888888888888888,0.6363636363636364,0.875,0.5
516300,0.7666666666666667,0.8888888888888888,0.6363636363636364,0.875,0.5
516600,0.7666666666666667,0.8888888888888888,0.6363636363636364,0.875,0.5
516900,0.7666666666666667,0.8888888888888888,0.6363636363636364,0.875,0.5
517200,0.7666666666666667,0.8888888888888888,0.6363636363636364,0.875,0.5
517500,0.7666666666666667,0.8888888888888888,0.6363636363636364,0.875,0.5
517800,0.7666666666666667,0.8888888888888888,0.6363636363636364,0.875,0.5
518100,0.7666666666666667,0.8888888888888888,0.6363636363636364,0.875,0.5
518400,0.7666666666666667,0.8888888888888888,0.6363636363636364,0.875,0.5
518700,0.7666666666666667,0.8888888888888888,0.6363636363636364,0.875,0.5
519000,0.7666666666666667,0.8888888888888888,0.6363636363636364,0.875,0.5
519300,0.7666666666666667,0.8888888888888888,0.6363636363636364,0.875,0.5
519600,0.7666666666666667,0.8888888888888888,0.6363636363636364,0.875,0.5
519900,0.7666666666666667,0.8888888888888888,0.6363636363636364,0.875,0.5
520200,0.7666666666666667,0.8888888888888888,0.6363636363636364,0.875,0.5
520500,0.7666666666666667,0.8888888888888888,0.6363636363636364,0.875,0.5
520800,0.7666666666666667,0.8888888888888888,0.6363636363636364,0.875,0.5
521100,0.7666666666666667,0.8888888888888888,0.6363636363636364,0.875,0.5
521400,0.7666666666666667,0.8888888888888888,0.6363636363636364,0.875,0.5
521700,0.7666666666666667,0.8888888888888888,0.6363636363636364,0.875,0.5
522000,0.7666666666666667,0.8888888888888888,0.6363636363636364,0.875,0.5
522300,0.7666666666666667,0.8888888888888888,0.6363636363636364,0.875,0.5
522600,0.7666666666666667,0.8888888888888888,0.6363636363636364,0.875,0.5
522900,0.7666666666666667,0.8888888888888888,0.6363636363636364,0.875,0.5
523200,0.7666666666666667,0.8888888888888888,0.6363636363636364,0.875,0.5
523500,0.7666666666666667,0.8888888888888888,0.6363636363636364,0.875,0.5
523800,0.7666666666666667,0.8888888888888888,0.6363636363636364,0.875,0.5
524100,0.7666666666666667,0.8888888888888888,0.6363636363636364,0.875,0.5
524400,0.7666666666666667,0.8888888888888888,0.6363636363636364,0.875,0.5
524700,0.7666666666666667,0.8888888888888888,0.6363636363636364,0.875,0.5
525000,0.7666666666666667,0.8888888888888888,0.6363636363636364,0.875,0.5
525300,0.7666666666666667,0.8888888888888888,0.6363636363636364,0.875,0.5
525600,0.7666666666666667,0.8888888888888888,0.6363636363636364,0.875,0.5
525900,0.7666666666666667,0.8888888888888888,0.6363636363636364,0.875,0.5
526200,0.7666666666666667,0.8888888888888888,0.6363636363636364,0.875,0.5
526500,0.7666666666666667,0.8888888888888888,0.6363636363636364,0.875,0.5
526800,0.7666666666666667,0.8888888888888888,0.6363636363636364,0.875,0.5
527100,0.7666666666666667,0.8888888888888888,0.6363636363636364,0.875,0.5
527400,0.7666666666666667,0.8888888888888888,0.6363636363636364,0.875,0.5
527700,0.7666666666666667,0.8888888888888888,0.6363636363636364,0.875,0.5
528000,0.7666666666666667,0.8888888888888888,0.6363636363636364,0.875,0.5
528300,0.7666666666666667,0.8888888888888888,0.6363636363636364,0.875,0.5
528600,0.7666666666666667,0.8888888888888888,0.6363636363636364,0.875,0.5
528900,0.7666666666666667,0.8888888888888888,0.6363636363636364,0.875,0.5
529200,0.7666666666666667,0.8888888888888888,0.6363636363636364,0.875,0.5
529500,0.7666666666666667,0.8888888888888888,0.6363636363636364,0.875,0.5
529800,0.7666666666666667,0.8888888888888888,0.6363636363636364,0.875,0.5
530100,0.7666666666666667,0.8888888888888888,0.6363636363636364,0.875,0.5
530400,0.7666666666666667,0.8888888888888888,0.6363636363636364,0.875,0.5
530700,0.7666666666666667,0.8888888888888888,0.6363636363636364,0.875,0.5
531000,0.7666666666666667,0.8888888888888888,0.6363636363636364,0.875,0.5
531300,0.7666666666666667,0.8888888888888888,0.6363636363636364,0.875,0.5
531600,0.7666666666666667,0.8888888888888888,0.6363636363636364,0.875,0.5
531900,0.7666666666666667,0.8888888888888888,0.6363636363636364,0.875,0.5
532200,0.7666666666666667,0.8888888888888888,0.6363636363636364,0.875,0.5
532500,0.7666666666666667,0.8888888888888888,0.6363636363636364,0.875,0.5
532800,0.7666666666666667,0.8888888888888888,0.6363636363636364,0.875,0.5
533100,0.7666666666666667,0.8888888888888888,0.6363636363636364,0.875,0.5
533400,0.7666666666666667,0.8888888888888888,0.6363636363636364,0.875,0.5
533700,0.7666666666666667,0.8888888888888888,0.6363636363636364,0.875,0.5
534000,0.7666666666666667,0.8888888888888888,0.6363636363636364,0.875,0.5
534300,0.7666666666666667,0.8888888888888888,0.6363636363636364,0.875,0.5
534600,0.7666666666666667,0.8888888888888888,0.6363636363636364,0.875,0.5
534900,0.7666666666666667,0.8888888888888888,0.6363636363636364,0.875,0.5
535200,0.7666666666666667,0.8888888888888888,0.6363636363636364,0.875,0.5
535500,0.7666666666666667,0.8888888888888888,0.6363636363636364,0.875,0.5
535800,0.7666666666666667,0.8888888888888888,0.6363636363636364,0.875,0.5
536100,0.7666666666666667,0.8888888888888888,0.6363636363636364,0.875,0.5
536400,0.7666666666666667,0.8888888888888888,0.6363636363636364,0.875,0.5
536700,0.7666666666666667,0.8888888888888888,0.6363636363636364,0.875,0.5
537000,0.7666666666666667,0.8888888888888888,0.6363636363636364,0.875,0.5
537300,0.7666666666666667,0.8888888888888888,0.6363636363636364,0.875,0.5
537600,0.7666666666666667,0.8888888888888888,0.6363636363636364,0.875,0.5
537900,0.7666666666666667,0.8888888888888888,0.6363636363636364,0.875,0.5
538200,0.7666666666666667,0.8888888888888888,0.6363636363636364,0.875,0.5
538500,0.7666666666666667,0.8888888888888888,0.6363636363636364,0.875,0.5
538800,0.7666666666666667,0.8888888888888888,0.6363636363636364,0.875,0.5
539100,0.7666666666666667,0.8888888888888888,0.6363636363636364,0.875,0.5
539400,0.7666666666666667,0.8888888888888888,0.6363636363636364,0.875,0.5
539700,0.7666666666666667,0.8888888888888888,0.6363636363636364,0.875,0.5
540000,0.7666666666666667,0.8888888888888888,0.6363636363636364,0.875,0.5
540300,0.7666666666666667,0.8888888888888888,0.6363636363636364,0.875,0.5
540600,0.7666666666666667,0.8888888888888888,0.6363636363636364,0.875,0.5
540900,0.7666666666666667,0.8888888888888888,0.6363636363636364,0.875,0.5
541200,0.7666666666666667,0.8888888888888888,0.6363636363636364,0.875,0.5
541500,0.7666666666666667,0.8888888888888888,0.6363636363636364,0.875,0.5
541800,0.7666666666666667,0.8888888888888888,0.6363636363636364,0.875,0.5
542100,0.7666666666666667,0.8888888888888888,0.6363636363636364,0.875,0.5
542400,0.7666666666666667,0.8888888888888888,0.6363636363636364,0.875,0.5
542700,0.7666666666666667,0.8888888888888888,0.6363636363636364,0.875,0.5
543000,0.7666666666666667,0.8888888888888888,0.6363636363636364,0.875,0.5
543300,0.7666666666666667,0.8888888888888888,0.6363636363636364,0.875,0.5
543600,0.7666666666666667,0.8888888888888888,0.6363636363636364,0.875,0.5
543900,0.7666666666666667,0.8888888888888888,0.6363636363636364,0.875,0.5
544200,0.7666666666666667,0.8888888888888888,0.6363636363636364,0.875,0.5
544500,0.7666666666666667,0.8888888888888888,0.6363636363636364,0.875,0.5
544800,0.7666666666666667,0.8888888888888888,0.6363636363636364,0.875,0.5
545100,0.7666666666666667,0.8888888888888888,0.6363636363636364,0.875,0.5
545400,0.7666666666666667,0.8888888888888888,0.6363636363636364,0.875,0.5
545700,0.7666666666666667,0.8888888888888888,0.6363636363636364,0.875,0.5
546000,0.7666666666666667,0.8888888888888888,0.6363636363636364,0.875,0.5
546300,0.7666666666666667,0.8888888888888888,0.6363636363636364,0.875,0.5
546600,0.7666666666666667,0.8888888888888888,0.6363636363636364,0.875,0.5
546900,0.7666666666666667,0.8888888888888888,0.6363636363636364,0.875,0.5
547200,0.7666666666666667,0.8888888888888888,0.6363636363636364,0.875,0.5
547500,0.7666666666666667,0.8888888888888888,0.6363636363636364,0.875,0.5
547800,0.7666666666666667,0.8888888888888888,0.6363636363636364,0.875,0.5
548100,0.7666666666666667,0.8888888888888888,0.6363636363636364,0.875,0.5
548400,0.7666666666666667,0.8888888888888888,0.6363636363636364,0.875,0.5
548700,0.7666666666666667,0.8888888888888888,0.6363636363636364,0.875,0.5
549000,0.7666666666666667,0.8888888888888888,0.6363636363636364,0.875,0.5
549300,0.7666666666666667,0.8888888888888888,0.6363636363636364,0.875,0.5
549600,0.7666666666666667,0.8888888888888888,0.6363636363636364,0.875,0.5
549900,0.7666666666666667,0.8888888888888888,0.6363636363636364,0.875,0.5
550200,0.7666666666666667,0.8888888888888888,0.6363636363636364,0.875,0.5
550500,0.7666666666666667,0.8888888888888888,0.6363636363636364,0.875,0.5
550800,0.7666666666666667,0.8888888888888888,0.6363636363636364,0.875,0.5
551100,0.7666666666666667,0.8888888888888888,0.6363636363636364,0.875,0.5
551400,0.7666666666666667,0.8888888888888888,0.6363636363636364,0.875,0.5
551700,0.7666666666666667,0.8888888888888888,0.6363636363636364,0.875,0.5
552000,0.7666666666666667,0.8888888888888888,0.6363636363636364,0.875,0.5
552300,0.7666666666666667,0.8888888888888888,0.6363636363636364,0.875,0.5
552600,0.7666666666666667,0.8888888888888888,0.6363636363636364,0.875,0.5
552900,0.7666666666666667,0.8888888888888888,0.6363636363636364,0.875,0.5
553200,0.7666666666666667,0.8888888888888888,0.6363636363636364,0.875,0.5
553500,0.7666666666666667,0.8888888888888888,0.6363636363636364,0.875,0.5
553800,0.7666666666666667,0.8888888888888888,0.6363636363636364,0.875,0.5
554100,0.7666666666666667,0.8888888888888888,0.6363636363636364,0.875,0.5
554400,0.7666666666666667,0.8888888888888888,0.6363636363636364,0.875,0.5
554700,0.7666666666666667,0.8888888888888888,0.6363636363636364,0.875,0.5
555000,0.7666666666666667,0.8888888888888888,0.6363636363636364,0.875,0.5
555300,0.7666666666666667,0.8888888888888888,0.6363636363636364,0.875,0.5
555600,0.7666666666666667,0.8888888888888888,0.6363636363636364,0.875,0.5
555900,0.7666666666666667,0.8888888888888888,0.6363636363636364,0.875,0.5
556200,0.7666666666666667,0.8888888888888888,0.6363636363636364,0.875,0.5
556500,0.7666666666666667,0.8888888888888888,0.6363636363636364,0.875,0.5
556800,0.5,0.8055555555555556,0.7272727272727273,0.9285714285714286,0.19047619047619047
557100,0.4666666666666667,0.8055555555555556,0.7272727272727273,0.9464285714285714,0.16666666666666666
557400,0.5,0.8055555555555556,0.7272727272727273,0.9285714285714286,0.09523809523809523
557700,0.5666666666666667,0.8611111111111112,0.7272727272727273,0.9285714285714286,0.047619047619047616
558000,0.5666666666666667,0.8333333333333334,0.7727272727272727,0.9285714285714286,0.047619047619047616
558300,0.6333333333333333,0.8333333333333334,0.7727272727272727,0.9107142857142857,0.023809523809523808
558600,0.6333333333333333,0.8333333333333334,0.7727272727272727,0.875,0.19047619047619047
558900,0.6333333333333333,0.7777777777777778,0.8181818181818182,0.875,0.11904761904761904
559200,0.6,0.6944444444444444,0.8181818181818182,0.8571428571428571,0.11904761904761904
559500,0.5666666666666667,0.6944444444444444,0.8181818181818182,0.8571428571428571,0.07142857142857142
559800,0.5333333333333333,0.6388888888888888,0.7727272727272727,0.8571428571428571,0.14285714285714285
560100,0.5,0.6388888888888888,0.6818181818181818,0.875,0.23809523809523808
560400,0.43333333333333335,0.5555555555555556,0.6818181818181818,0.8571428571428571,0.19047619047619047
560700,0.4666666666666667,0.7222222222222222,0.6818181818181818,0.875,0.16666666666666666
561000,0.5,0.6666666666666666,0.6363636363636364,0.8571428571428571,0.19047619047619047
561300,0.4666666666666667,0.6666666666666666,0.5454545454545454,0.875,0.07142857142857142
561600,0.4,0.6111111111111112,0.5454545454545454,0.8214285714285714,0.047619047619047616
561900,0.36666666666666664,0.6111111111111112,0.5,0.8035714285714286,0.14285714285714285
562200,0.36666666666666664,0.6111111111111112,0.5,0.7678571428571429,0.09523809523809523
562500,0.4,0.4444444444444444,0.4090909090909091,0.7142857142857143,0.07142857142857142
562800,0.3333333333333333,0.3888888888888889,0.4090909090909091,0.6785714285714286,0.047619047619047616
563100,0.36666666666666664,0.3055555555555556,0.45454545454545453,0.6428571428571429,0.07142857142857142
563400,0.4,0.25,0.5,0.625,0.07142857142857142
563700,0.3333333333333333,0.25,0.45454545454545453,0.625,0.21428571428571427
564000,0.26666666666666666,0.2777777777777778,0.45454545454545453,0.5535714285714286,0.21428571428571427
564300,0.13333333333333333,0.2222222222222222,0.45454545454545453,0.5714285714285714,0.2857142857142857
564600,0.1,0.2777777777777778,0.45454545454545453,0.5714285714285714,0.38095238095238093
564900,0.1,0.4722222222222222,0.5,0.5535714285714286,0.38095238095238093
565200,0.1,0.3888888888888889,0.45454545454545453,0.5357142857142857,0.40476190476190477
565500,0.13333333333333333,0.3055555555555556,0.4090909090909091,0.5714285714285714,0.42857142857142855
565800,0.13333333333333333,0.3888888888888889,0.4090909090909091,0.6071428571428571,0.38095238095238093
566100,0.16666666666666666,0.4444444444444444,0.4090909090909091,0.625,0.2857142857142857
566400,0.16666666666666666,0.3333333333333333,0.36363636363636365,0.5892857142857143,0.2857142857142857
566700,0.2,0.4444444444444444,0.36363636363636365,0.6785714285714286,0.23809523809523808
567000,0.16666666666666666,0.4166666666666667,0.4090909090909091,0.7142857142857143,0.07142857142857142
567300,0.06666666666666667,0.4166666666666667,0.36363636363636365,0.6964285714285714,0.09523809523809523
567600,0.06666666666666667,0.4166666666666667,0.45454545454545453,0.7321428571428571,0.11904761904761904
567900,0.13333333333333333,0.5277777777777778,0.5909090909090909,0.7678571428571429,0.07142857142857142
568200,0.2,0.5555555555555556,0.5909090909090909,0.7857142857142857,0.047619047619047616
568500,0.3333333333333333,0.6388888888888888,0.6363636363636364,0.7857142857142857,0.14285714285714285
568800,0.36666666666666664,0.6666666666666666,0.5909090909090909,0.7678571428571429,0.23809523809523808
569100,0.36666666666666664,0.6666666666666666,0.5909090909090909,0.8035714285714286,0.2619047619047619
569400,0.4,0.7777777777777778,0.5909090909090909,0.8035714285714286,0.23809523809523808
569700,0.4,0.8611111111111112,0.5909090909090909,0.8035714285714286,0.3333333333333333
570000,0.43333333333333335,0.8888888888888888,0.5909090909090909,0.8214285714285714,0.4523809523809524
570300,0.4,0.9444444444444444,0.5454545454545454,0.8392857142857143,0.38095238095238093
570600,0.43333333333333335,0.9444444444444444,0.5909090909090909,0.8571428571428571,0.40476190476190477
570900,0.4666666666666667,0.9722222222222222,0.5909090909090909,0.8928571428571429,0.35714285714285715
571200,0.5,0.9722222222222222,0.6818181818181818,0.875,0.38095238095238093
571500,0.5,0.9444444444444444,0.6818181818181818,0.9107142857142857,0.35714285714285715
571800,0.5,0.9166666666666666,0.7272727272727273,0.9107142857142857,0.2619047619047619
572100,0.0,0.0,0.0,0.0,0.23809523809523808
572400,0.5333333333333333,0.8611111111111112,0.5909090909090909,0.9285714285714286,0.2619047619047619
572700,0.4666666666666667,0.75,0.6363636363636364,0.9285714285714286,0.23809523809523808
573000,0.5333333333333333,0.7777777777777778,0.5909090909090909,0.9107142857142857,0.16666666666666666
573300,0.5333333333333333,0.7777777777777778,0.5454545454545454,0.8928571428571429,0.23809523809523808
573600,0.5333333333333333,0.75,0.5454545454545454,0.8928571428571429,0.14285714285714285
573900,0.5,0.6944444444444444,0.5,0.9107142857142857,0.19047619047619047
574200,0.5,0.6944444444444444,0.5909090909090909,0.9464285714285714,0.2619047619047619
574500,0.5,0.7222222222222222,0.5909090909090909,0.9285714285714286,0.2619047619047619
574800,0.5,0.6388888888888888,0.5909090909090909,0.9285714285714286,0.19047619047619047
575100,0.4,0.6388888888888888,0.6363636363636364,0.9285714285714286,0.16666666666666666
575400,0.4,0.6388888888888888,0.6818181818181818,0.9285714285714286,0.2619047619047619
575700,0.4,0.6944444444444444,0.6818181818181818,0.9285714285714286,0.2857142857142857
576000,0.36666666666666664,0.6944444444444444,0.6818181818181818,0.9107142857142857,0.21428571428571427
576300,0.36666666666666664,0.6388888888888888,0.6363636363636364,0.8928571428571429,0.30952380952380953
576600,0.4,0.6388888888888888,0.6363636363636364,0.8928571428571429,0.19047619047619047
576900,0.36666666666666664,0.6388888888888888,0.6363636363636364,0.8928571428571429,0.23809523809523808
577200,0.43333333333333335,0.7222222222222222,0.5909090909090909,0.875,0.19047619047619047
577500,0.4666666666666667,0.75,0.5454545454545454,0.875,0.14285714285714285
577800,0.5,0.8055555555555556,0.5454545454545454,0.875,0.09523809523809523
578100,0.5333333333333333,0.8333333333333334,0.6363636363636364,0.875,0.21428571428571427
578400,0.6,0.8888888888888888,0.5909090909090909,0.8928571428571429,0.16666666666666666
578700,0.5666666666666667,0.8055555555555556,0.5909090909090909,0.875,0.047619047619047616
579000,0.6,0.8055555555555556,0.5454545454545454,0.9464285714285714,0.11904761904761904
579300,0.0,0.0,0.0,0.0,0.07142857142857142
579600,0.6666666666666666,0.75,0.5909090909090909,0.9107142857142857,0.14285714285714285
579900,0.6333333333333333,0.7222222222222222,0.5454545454545454,0.8035714285714286,0.23809523809523808
580200,0.6666666666666666,0.7222222222222222,0.5909090909090909,0.6785714285714286,0.23809523809523808
580500,0.7,0.6944444444444444,0.5909090909090909,0.7142857142857143,0.2857142857142857
580800,0.7333333333333333,0.7222222222222222,0.5,0.7321428571428571,0.3333333333333333
581100,0.7333333333333333,0.7777777777777778,0.5909090909090909,0.7142857142857143,0.35714285714285715
581400,0.7333333333333333,0.8055555555555556,0.5454545454545454,0.7142857142857143,0.40476190476190477
581700,0.7666666666666667,0.7777777777777778,0.45454545454545453,0.6964285714285714,0.40476190476190477
582000,0.7333333333333333,0.8055555555555556,0.5,0.6785714285714286,0.4523809523809524
582300,0.7666666666666667,0.7777777777777778,0.5454545454545454,0.6964285714285714,0.5952380952380952
582600,0.7,0.8055555555555556,0.5454545454545454,0.6964285714285714,0.47619047619047616
582900,0.6666666666666666,0.7222222222222222,0.5454545454545454,0.6964285714285714,0.5
583200,0.7,0.7777777777777778,0.5909090909090909,0.6964285714285714,0.40476190476190477
583500,0.7,0.7777777777777778,0.5909090909090909,0.75,0.35714285714285715
583800,0.7,0.8055555555555556,0.6363636363636364,0.7678571428571429,0.35714285714285715
584100,0.6666666666666666,0.8333333333333334,0.6363636363636364,0.7321428571428571,0.2857142857142857
584400,0.6666666666666666,0.8611111111111112,0.6363636363636364,0.7321428571428571,0.38095238095238093
584700,0.6666666666666666,0.8888888888888888,0.6363636363636364,0.7321428571428571,0.2619047619047619
585000,0.6666666666666666,0.9166666666666666,0.6818181818181818,0.7142857142857143,0.40476190476190477
585300,0.6333333333333333,0.9166666666666666,0.6363636363636364,0.6964285714285714,0.4523809523809524
585600,0.6333333333333333,0.9722222222222222,0.6818181818181818,0.7142857142857143,0.38095238095238093
585900,0.6333333333333333,0.9722222222222222,0.6818181818181818,0.7142857142857143,0.2857142857142857
586200,0.6333333333333333,0.9722222222222222,0.6818181818181818,0.7142857142857143,0.2857142857142857
586500,0.0,0.0,0.0,0.0,0.30952380952380953
586800,0.7,0.9444444444444444,0.6818181818181818,0.6964285714285714,0.3333333333333333
587100,0.7,0.9444444444444444,0.7272727272727273,0.6607142857142857,0.38095238095238093
587400,0.7333333333333333,0.9166666666666666,0.7272727272727273,0.5535714285714286,0.40476190476190477
587700,0.7666666666666667,0.9166666666666666,0.6363636363636364,0.5357142857142857,0.38095238095238093
588000,0.7666666666666667,0.9166666666666666,0.5909090909090909,0.5535714285714286,0.47619047619047616
588300,0.7333333333333333,0.8888888888888888,0.5909090909090909,0.5535714285714286,0.47619047619047616
588600,0.7333333333333333,0.8611111111111112,0.5454545454545454,0.5714285714285714,0.42857142857142855
588900,0.7333333333333333,0.8333333333333334,0.5454545454545454,0.5714285714285714,0.4523809523809524
589200,0.7666666666666667,0.8333333333333334,0.5454545454545454,0.5535714285714286,0.4523809523809524
589500,0.7666666666666667,0.8333333333333334,0.5454545454545454,0.5178571428571429,0.4523809523809524
589800,0.7333333333333333,0.8333333333333334,0.5,0.5,0.5476190476190477
590100,0.7,0.75,0.5,0.5,0.5476190476190477
590400,0.7333333333333333,0.8055555555555556,0.4090909090909091,0.4642857142857143,0.5
590700,0.7,0.8333333333333334,0.4090909090909091,0.44642857142857145,0.47619047619047616
591000,0.7,0.8611111111111112,0.5454545454545454,0.44642857142857145,0.4523809523809524
591300,0.7333333333333333,0.8611111111111112,0.5909090909090909,0.4107142857142857,0.5
591600,0.7333333333333333,0.8611111111111112,0.5909090909090909,0.4107142857142857,0.5
591900,0.7333333333333333,0.8611111111111112,0.5909090909090909,0.4107142857142857,0.5
592200,0.7333333333333333,0.8611111111111112,0.5909090909090909,0.4107142857142857,0.5
592500,0.7333333333333333,0.8611111111111112,0.5909090909090909,0.4107142857142857,0.5
592800,0.7333333333333333,0.8611111111111112,0.5909090909090909,0.4107142857142857,0.5
593100,0.7333333333333333,0.8611111111111112,0.5909090909090909,0.4107142857142857,0.5
593400,0.7333333333333333,0.8611111111111112,0.5909090909090909,0.4107142857142857,0.5
593700,0.7333333333333333,0.8611111111111112,0.5909090909090909,0.4107142857142857,0.5
594000,0.7333333333333333,0.8611111111111112,0.5909090909090909,0.4107142857142857,0.5
594300,0.7333333333333333,0.8611111111111112,0.5909090909090909,0.4107142857142857,0.5
594600,0.7333333333333333,0.8611111111111112,0.5909090909090909,0.4107142857142857,0.5
594900,0.7333333333333333,0.8611111111111112,0.5909090909090909,0.4107142857142857,0.5
595200,0.5,0.75,0.45454545454545453,0.30357142857142855,0.6428571428571429
595500,0.5,0.75,0.45454545454545453,0.32142857142857145,0.6666666666666666
595800,0.43333333333333335,0.8055555555555556,0.5,0.32142857142857145,0.6428571428571429
596100,0.5,0.8611111111111112,0.5454545454545454,0.26785714285714285,0.5714285714285714
596400,0.43333333333333335,0.8333333333333334,0.5909090909090909,0.19642857142857142,0.5714285714285714
596700,0.43333333333333335,0.8333333333333334,0.5,0.21428571428571427,0.5952380952380952
597000,0.4666666666666667,0.8333333333333334,0.45454545454545453,0.23214285714285715,0.5714285714285714
597300,0.4666666666666667,0.8333333333333334,0.45454545454545453,0.21428571428571427,0.4523809523809524
597600,0.5333333333333333,0.8888888888888888,0.4090909090909091,0.19642857142857142,0.42857142857142855
597900,0.5,0.8888888888888888,0.36363636363636365,0.19642857142857142,0.4523809523809524
598200,0.5333333333333333,0.8888888888888888,0.36363636363636365,0.19642857142857142,0.5476190476190477
598500,0.5333333333333333,0.8888888888888888,0.3181818181818182,0.16071428571428573,0.5238095238095238
598800,0.5666666666666667,0.8888888888888888,0.3181818181818182,0.125,0.5476190476190477
599100,0.5666666666666667,0.8611111111111112,0.3181818181818182,0.21428571428571427,0.5476190476190477
599400,0.4666666666666667,0.8333333333333334,0.36363636363636365,0.17857142857142858,0.47619047619047616
599700,0.4666666666666667,0.8055555555555556,0.4090909090909091,0.17857142857142858,0.5238095238095238
600000,0.4666666666666667,0.8055555555555556,0.36363636363636365,0.17857142857142858,0.5238095238095238
600300,0.5,0.8055555555555556,0.4090909090909091,0.23214285714285715,0.5476190476190477
600600,0.5333333333333333,0.75,0.36363636363636365,0.23214285714285715,0.5952380952380952
600900,0.5333333333333333,0.7777777777777778,0.3181818181818182,0.25,0.6190476190476191
601200,0.5,0.8055555555555556,0.3181818181818182,0.2857142857142857,0.6190476190476191
601500,0.4666666666666667,0.75,0.36363636363636365,0.2857142857142857,0.5
601800,0.43333333333333335,0.7777777777777778,0.4090909090909091,0.30357142857142855,0.5952380952380952
602100,0.5,0.8055555555555556,0.4090909090909091,0.32142857142857145,0.6190476190476191
602400,0.5,0.75,0.4090909090909091,0.375,0.5952380952380952
602700,0.4666666666666667,0.75,0.36363636363636365,0.35714285714285715,0.5238095238095238
603000,0.4666666666666667,0.8055555555555556,0.4090909090909091,0.375,0.4523809523809524
603300,0.4666666666666667,0.8333333333333334,0.3181818181818182,0.35714285714285715,0.5
603600,0.43333333333333335,0.7777777777777778,0.3181818181818182,0.35714285714285715,0.5238095238095238
603900,0.4,0.75,0.22727272727272727,0.375,0.5714285714285714
604200,0.4,0.7777777777777778,0.3181818181818182,0.26785714285714285,0.6904761904761905
604500,0.4,0.7777777777777778,0.2727272727272727,0.25,0.6666666666666666
604800,0.4,0.7777777777777778,0.2727272727272727,0.23214285714285715,0.6666666666666666
605100,0.3333333333333333,0.75,0.22727272727272727,0.08928571428571429,0.6428571428571429
605400,0.3,0.6666666666666666,0.18181818181818182,0.05357142857142857,0.6428571428571429
605700,0.26666666666666666,0.6388888888888888,0.18181818181818182,0.125,0.5952380952380952
606000,0.23333333333333334,0.5555555555555556,0.18181818181818182,0.17857142857142858,0.5238095238095238
606300,0.23333333333333334,0.5277777777777778,0.18181818181818182,0.14285714285714285,0.5476190476190477
606600,0.23333333333333334,0.5277777777777778,0.18181818181818182,0.14285714285714285,0.5476190476190477
606900,0.2,0.3888888888888889,0.18181818181818182,0.125,0.5
607200,0.2,0.3333333333333333,0.18181818181818182,0.16071428571428573,0.4523809523809524
607500,0.2,0.25,0.22727272727272727,0.16071428571428573,0.38095238095238093
607800,0.2,0.2222222222222222,0.3181818181818182,0.16071428571428573,0.3333333333333333
608100,0.13333333333333333,0.2222222222222222,0.2727272727272727,0.19642857142857142,0.2619047619047619
608400,0.1,0.2222222222222222,0.36363636363636365,0.23214285714285715,0.23809523809523808
608700,0.13333333333333333,0.3333333333333333,0.45454545454545453,0.16071428571428573,0.14285714285714285
609000,0.1,0.4166666666666667,0.5,0.07142857142857142,0.16666666666666666
609300,0.1,0.4444444444444444,0.5,0.08928571428571429,0.19047619047619047
609600,0.1,0.4444444444444444,0.5909090909090909,0.16071428571428573,0.30952380952380953
609900,0.06666666666666667,0.5,0.5909090909090909,0.16071428571428573,0.3333333333333333
610200,0.1,0.4444444444444444,0.5909090909090909,0.16071428571428573,0.47619047619047616
610500,0.1,0.4722222222222222,0.5909090909090909,0.07142857142857142,0.47619047619047616
610800,0.1,0.5,0.6363636363636364,0.125,0.5
611100,0.1,0.5277777777777778,0.6363636363636364,0.05357142857142857,0.5952380952380952
611400,0.1,0.5833333333333334,0.5909090909090909,0.10714285714285714,0.7857142857142857
611700,0.16666666666666666,0.5555555555555556,0.5909090909090909,0.125,0.7857142857142857
612000,0.2,0.5277777777777778,0.5909090909090909,0.125,0.8571428571428571
612300,0.16666666666666666,0.5277777777777778,0.5909090909090909,0.19642857142857142,0.8571428571428571
612600,0.16666666666666666,0.5277777777777778,0.5909090909090909,0.21428571428571427,0.9047619047619048
612900,0.16666666666666666,0.5555555555555556,0.5,0.21428571428571427,0.8809523809523809
613200,0.16666666666666666,0.6111111111111112,0.5,0.19642857142857142,0.8571428571428571
613500,0.16666666666666666,0.6111111111111112,0.5,0.21428571428571427,0.8809523809523809
613800,0.16666666666666666,0.6666666666666666,0.4090909090909091,0.26785714285714285,0.8809523809523809
614100,0.2,0.6111111111111112,0.4090909090909091,0.21428571428571427,0.9047619047619048
614400,0.23333333333333334,0.6111111111111112,0.4090909090909091,0.23214285714285715,0.9285714285714286
614700,0.2,0.5,0.4090909090909091,0.21428571428571427,0.9523809523809523
615000,0.2,0.4444444444444444,0.45454545454545453,0.25,0.9047619047619048
615300,0.16666666666666666,0.4166666666666667,0.45454545454545453,0.21428571428571427,0.9047619047619048
615600,0.16666666666666666,0.4722222222222222,0.45454545454545453,0.23214285714285715,0.9047619047619048
615900,0.16666666666666666,0.4444444444444444,0.45454545454545453,0.26785714285714285,0.9047619047619048
616200,0.16666666666666666,0.4166666666666667,0.4090909090909091,0.30357142857142855,0.9047619047619048
616500,0.2,0.4166666666666667,0.4090909090909091,0.3392857142857143,0.9047619047619048
616800,0.16666666666666666,0.3611111111111111,0.4090909090909091,0.375,0.9047619047619048
617100,0.16666666666666666,0.3888888888888889,0.4090909090909091,0.3392857142857143,0.9285714285714286
617400,0.16666666666666666,0.3888888888888889,0.4090909090909091,0.35714285714285715,0.9285714285714286
617700,0.16666666666666666,0.4722222222222222,0.36363636363636365,0.39285714285714285,0.9047619047619048
618000,0.16666666666666666,0.4722222222222222,0.36363636363636365,0.4642857142857143,0.9285714285714286
618300,0.2,0.5277777777777778,0.36363636363636365,0.42857142857142855,0.9285714285714286
618600,0.2,0.5,0.36363636363636365,0.42857142857142855,0.9285714285714286
618900,0.2,0.5,0.3181818181818182,0.44642857142857145,0.9523809523809523
619200,0.2,0.5,0.3181818181818182,0.44642857142857145,0.9523809523809523
619500,0.16666666666666666,0.4722222222222222,0.3181818181818182,0.44642857142857145,0.9523809523809523
619800,0.16666666666666666,0.3888888888888889,0.2727272727272727,0.48214285714285715,0.9523809523809523
620100,0.16666666666666666,0.4166666666666667,0.22727272727272727,0.5714285714285714,0.9523809523809523
620400,0.2,0.4444444444444444,0.22727272727272727,0.625,0.9523809523809523
620700,0.23333333333333334,0.4444444444444444,0.22727272727272727,0.6428571428571429,0.9523809523809523
621000,0.23333333333333334,0.4722222222222222,0.22727272727272727,0.6607142857142857,0.9047619047619048
621300,0.23333333333333334,0.4444444444444444,0.22727272727272727,0.625,0.9047619047619048
621600,0.23333333333333334,0.4166666666666667,0.22727272727272727,0.5535714285714286,0.9047619047619048
621900,0.23333333333333334,0.3888888888888889,0.22727272727272727,0.5714285714285714,0.8809523809523809
622200,0.23333333333333334,0.3888888888888889,0.22727272727272727,0.5892857142857143,0.8571428571428571
622500,0.23333333333333334,0.3888888888888889,0.22727272727272727,0.5714285714285714,0.8571428571428571
622800,0.23333333333333334,0.4722222222222222,0.22727272727272727,0.5714285714285714,0.8571428571428571
623100,0.2,0.5,0.2727272727272727,0.5535714285714286,0.8571428571428571
623400,0.13333333333333333,0.5,0.2727272727272727,0.6071428571428571,0.8809523809523809
623700,0.13333333333333333,0.4166666666666667,0.2727272727272727,0.5892857142857143,0.8809523809523809
624000,0.13333333333333333,0.4444444444444444,0.3181818181818182,0.5178571428571429,0.8333333333333334
624300,0.13333333333333333,0.4166666666666667,0.3181818181818182,0.42857142857142855,0.8095238095238095
624600,0.13333333333333333,0.3888888888888889,0.3181818181818182,0.375,0.7619047619047619
624900,0.13333333333333333,0.3055555555555556,0.2727272727272727,0.3392857142857143,0.7619047619047619
625200,0.13333333333333333,0.3888888888888889,0.2727272727272727,0.30357142857142855,0.7619047619047619
625500,0.1,0.3888888888888889,0.2727272727272727,0.2857142857142857,0.7857142857142857
625800,0.1,0.3611111111111111,0.2727272727272727,0.23214285714285715,0.8333333333333334
626100,0.13333333333333333,0.3333333333333333,0.3181818181818182,0.25,0.8095238095238095
626400,0.13333333333333333,0.3055555555555556,0.22727272727272727,0.26785714285714285,0.7857142857142857
626700,0.2,0.3888888888888889,0.2727272727272727,0.26785714285714285,0.8095238095238095
627000,0.26666666666666666,0.3333333333333333,0.2727272727272727,0.26785714285714285,0.8095238095238095
627300,0.23333333333333334,0.3333333333333333,0.3181818181818182,0.32142857142857145,0.8095238095238095
627600,0.23333333333333334,0.4722222222222222,0.4090909090909091,0.39285714285714285,0.7380952380952381
627900,0.16666666666666666,0.4722222222222222,0.5,0.3392857142857143,0.7857142857142857
628200,0.16666666666666666,0.4166666666666667,0.5454545454545454,0.2857142857142857,0.7857142857142857
628500,0.16666666666666666,0.5277777777777778,0.5909090909090909,0.17857142857142858,0.7619047619047619
628800,0.16666666666666666,0.5833333333333334,0.6363636363636364,0.125,0.7380952380952381
629100,0.13333333333333333,0.5833333333333334,0.6818181818181818,0.08928571428571429,0.7619047619047619
629400,0.16666666666666666,0.6111111111111112,0.6818181818181818,0.10714285714285714,0.7380952380952381
629700,0.16666666666666666,0.6388888888888888,0.6818181818181818,0.08928571428571429,0.7142857142857143
630000,0.26666666666666666,0.6388888888888888,0.7272727272727273,0.07142857142857142,0.6904761904761905
630300,0.3,0.6111111111111112,0.7272727272727273,0.08928571428571429,0.6428571428571429
630600,0.3,0.5555555555555556,0.7272727272727273,0.05357142857142857,0.6666666666666666
630900,0.3,0.5277777777777778,0.7727272727272727,0.07142857142857142,0.6904761904761905
631200,0.3,0.5277777777777778,0.7727272727272727,0.07142857142857142,0.6904761904761905
631500,0.3333333333333333,0.6388888888888888,0.8181818181818182,0.05357142857142857,0.7380952380952381
631800,0.4,0.6666666666666666,0.8181818181818182,0.05357142857142857,0.7857142857142857
632100,0.4666666666666667,0.6944444444444444,0.8181818181818182,0.08928571428571429,0.7619047619047619
632400,0.4666666666666667,0.75,0.8181818181818182,0.07142857142857142,0.7619047619047619
632700,0.4666666666666667,0.7777777777777778,0.8181818181818182,0.08928571428571429,0.7857142857142857
633000,0.5,0.7777777777777778,0.7727272727272727,0.125,0.7857142857142857
633300,0.5,0.7777777777777778,0.7727272727272727,0.14285714285714285,0.7857142857142857
633600,0.5666666666666667,0.8055555555555556,0.7727272727272727,0.08928571428571429,0.7142857142857143
633900,0.5666666666666667,0.8611111111111112,0.7727272727272727,0.10714285714285714,0.6904761904761905
634200,0.5666666666666667,0.8611111111111112,0.7727272727272727,0.21428571428571427,0.7142857142857143
634500,0.5666666666666667,0.8611111111111112,0.7727272727272727,0.35714285714285715,0.7142857142857143
634800,0.6,0.8333333333333334,0.7727272727272727,0.39285714285714285,0.6428571428571429
635100,0.6333333333333333,0.8888888888888888,0.7727272727272727,0.48214285714285715,0.6904761904761905
635400,0.6333333333333333,0.8611111111111112,0.7727272727272727,0.5,0.7619047619047619
635700,0.6333333333333333,0.8611111111111112,0.7727272727272727,0.5,0.8095238095238095
636000,0.6333333333333333,0.8611111111111112,0.7727272727272727,0.5357142857142857,0.6904761904761905
636300,0.6333333333333333,0.8611111111111112,0.7727272727272727,0.48214285714285715,0.6666666666666666
636600,0.6666666666666666,0.8611111111111112,0.7727272727272727,0.5,0.6190476190476191
636900,0.0,0.0,0.0,0.0,0.5
637200,0.6666666666666666,0.8611111111111112,0.8181818181818182,0.6071428571428571,0.4523809523809524
637500,0.6666666666666666,0.8611111111111112,0.7272727272727273,0.6071428571428571,0.47619047619047616
637800,0.6666666666666666,0.8611111111111112,0.7272727272727273,0.5714285714285714,0.42857142857142855
638100,0.6666666666666666,0.8055555555555556,0.7272727272727273,0.5892857142857143,0.38095238095238093
638400,0.6333333333333333,0.8055555555555556,0.7272727272727273,0.5892857142857143,0.30952380952380953
638700,0.6333333333333333,0.8055555555555556,0.6818181818181818,0.6071428571428571,0.38095238095238093
639000,0.6333333333333333,0.8055555555555556,0.6363636363636364,0.6785714285714286,0.40476190476190477
639300,0.6333333333333333,0.8333333333333334,0.6818181818181818,0.6607142857142857,0.30952380952380953
639600,0.6333333333333333,0.8333333333333334,0.6818181818181818,0.6964285714285714,0.35714285714285715
639900,0.6333333333333333,0.8611111111111112,0.6363636363636364,0.75,0.38095238095238093
640200,0.6333333333333333,0.8611111111111112,0.6363636363636364,0.75,0.38095238095238093
640500,0.6333333333333333,0.8888888888888888,0.7272727272727273,0.8392857142857143,0.30952380952380953
640800,0.6666666666666666,0.9166666666666666,0.8181818181818182,0.9107142857142857,0.2619047619047619
641100,0.6666666666666666,0.9166666666666666,0.8181818181818182,0.9285714285714286,0.2619047619047619
641400,0.6333333333333333,0.8888888888888888,0.9545454545454546,0.9107142857142857,0.35714285714285715
641700,0.6333333333333333,0.8611111111111112,0.9090909090909091,0.9285714285714286,0.3333333333333333
642000,0.6,0.8888888888888888,0.8636363636363636,0.9107142857142857,0.3333333333333333
642300,0.6,0.8888888888888888,0.8181818181818182,0.9285714285714286,0.2857142857142857
642600,0.6,0.8888888888888888,0.8636363636363636,0.9107142857142857,0.19047619047619047
642900,0.5333333333333333,0.8888888888888888,0.8636363636363636,0.9464285714285714,0.2857142857142857
643200,0.5666666666666667,0.8888888888888888,0.8636363636363636,0.9285714285714286,0.16666666666666666
643500,0.4666666666666667,0.8888888888888888,0.8181818181818182,0.9285714285714286,0.21428571428571427
643800,0.5,0.8888888888888888,0.7727272727272727,0.9107142857142857,0.14285714285714285
644100,0.0,0.0,0.0,0.0,0.11904761904761904
644400,0.5333333333333333,0.8333333333333334,0.7727272727272727,0.9107142857142857,0.07142857142857142
644700,0.4666666666666667,0.8055555555555556,0.7727272727272727,0.9464285714285714,0.09523809523809523
645000,0.5333333333333333,0.8333333333333334,0.7727272727272727,0.9464285714285714,0.14285714285714285
645300,0.5333333333333333,0.8611111111111112,0.7727272727272727,0.9642857142857143,0.07142857142857142
645600,0.5333333333333333,0.8333333333333334,0.7727272727272727,0.9642857142857143,0.11904761904761904
645900,0.5,0.8333333333333334,0.7727272727272727,0.9642857142857143,0.023809523809523808
646200,0.4,0.7222222222222222,0.7272727272727273,0.9285714285714286,0.0
646500,0.36666666666666664,0.6666666666666666,0.7727272727272727,0.9464285714285714,0.047619047619047616
646800,0.3333333333333333,0.6388888888888888,0.7727272727272727,0.9464285714285714,0.2619047619047619
647100,0.36666666666666664,0.5,0.7272727272727273,0.9107142857142857,0.09523809523809523
647400,0.3333333333333333,0.4722222222222222,0.6363636363636364,0.8928571428571429,0.19047619047619047
647700,0.3,0.4444444444444444,0.45454545454545453,0.875,0.14285714285714285
648000,0.36666666666666664,0.3888888888888889,0.4090909090909091,0.8214285714285714,0.21428571428571427
648300,0.4,0.3333333333333333,0.4090909090909091,0.7321428571428571,0.19047619047619047
648600,0.4,0.3333333333333333,0.4090909090909091,0.7321428571428571,0.19047619047619047
648900,0.4,0.2777777777777778,0.4090909090909091,0.6607142857142857,0.2619047619047619
649200,0.4,0.2222222222222222,0.4090909090909091,0.6607142857142857,0.23809523809523808
649500,0.36666666666666664,0.19444444444444445,0.45454545454545453,0.5892857142857143,0.38095238095238093
649800,0.3333333333333333,0.2222222222222222,0.45454545454545453,0.6071428571428571,0.40476190476190477
650100,0.3,0.19444444444444445,0.45454545454545453,0.5178571428571429,0.38095238095238093
650400,0.23333333333333334,0.19444444444444445,0.5,0.4642857142857143,0.40476190476190477
650700,0.26666666666666666,0.3055555555555556,0.45454545454545453,0.48214285714285715,0.42857142857142855
651000,0.3,0.25,0.45454545454545453,0.39285714285714285,0.38095238095238093
651300,0.3,0.3055555555555556,0.5,0.35714285714285715,0.35714285714285715
651600,0.4,0.3611111111111111,0.5,0.39285714285714285,0.35714285714285715
651900,0.36666666666666664,0.25,0.5,0.375,0.30952380952380953
652200,0.3,0.3055555555555556,0.45454545454545453,0.44642857142857145,0.19047619047619047
652500,0.36666666666666664,0.25,0.5,0.5535714285714286,0.07142857142857142
652800,0.3333333333333333,0.3333333333333333,0.5454545454545454,0.48214285714285715,0.047619047619047616
653100,0.2,0.4166666666666667,0.5,0.5,0.07142857142857142
653400,0.16666666666666666,0.5,0.5,0.5357142857142857,0.047619047619047616
653700,0.16666666666666666,0.5,0.5,0.5535714285714286,0.047619047619047616
654000,0.16666666666666666,0.5555555555555556,0.5454545454545454,0.5892857142857143,0.07142857142857142
654300,0.16666666666666666,0.5555555555555556,0.5454545454545454,0.5892857142857143,0.07142857142857142
654600,0.16666666666666666,0.5833333333333334,0.5454545454545454,0.5892857142857143,0.14285714285714285
654900,0.2,0.6944444444444444,0.5454545454545454,0.625,0.09523809523809523
655200,0.23333333333333334,0.6944444444444444,0.5909090909090909,0.6785714285714286,0.09523809523809523
655500,0.23333333333333334,0.6944444444444444,0.5909090909090909,0.7857142857142857,0.023809523809523808
655800,0.23333333333333334,0.75,0.6818181818181818,0.7857142857142857,0.0
656100,0.26666666666666666,0.7777777777777778,0.6818181818181818,0.875,0.14285714285714285
656400,0.3333333333333333,0.8055555555555556,0.6818181818181818,0.9107142857142857,0.07142857142857142
656700,0.36666666666666664,0.7777777777777778,0.6818181818181818,0.9285714285714286,0.047619047619047616
657000,0.43333333333333335,0.7777777777777778,0.6818181818181818,0.9107142857142857,0.07142857142857142
657300,0.5,0.7777777777777778,0.6363636363636364,0.8928571428571429,0.07142857142857142
657600,0.5,0.7777777777777778,0.6363636363636364,0.8928571428571429,0.047619047619047616
657900,0.5,0.8333333333333334,0.6363636363636364,0.8928571428571429,0.09523809523809523
658200,0.5,0.8611111111111112,0.6363636363636364,0.9107142857142857,0.047619047619047616
658500,0.5333333333333333,0.8888888888888888,0.6363636363636364,0.8928571428571429,0.0
658800,0.5666666666666667,0.8333333333333334,0.6363636363636364,0.8392857142857143,0.047619047619047616
659100,0.5333333333333333,0.7777777777777778,0.6363636363636364,0.8928571428571429,0.09523809523809523
659400,0.5333333333333333,0.7777777777777778,0.6363636363636364,0.8928571428571429,0.09523809523809523
659700,0.5666666666666667,0.8055555555555556,0.7272727272727273,0.8928571428571429,0.047619047619047616
660000,0.5333333333333333,0.75,0.7272727272727273,0.9107142857142857,0.07142857142857142
660300,0.5333333333333333,0.7777777777777778,0.7272727272727273,0.8928571428571429,0.09523809523809523
660600,0.5666666666666667,0.75,0.7272727272727273,0.8928571428571429,0.023809523809523808
660900,0.5333333333333333,0.7777777777777778,0.6818181818181818,0.8928571428571429,0.09523809523809523
661200,0.5333333333333333,0.6944444444444444,0.6818181818181818,0.8928571428571429,0.09523809523809523
661500,0.5333333333333333,0.6666666666666666,0.6363636363636364,0.8928571428571429,0.09523809523809523
661800,0.6,0.5833333333333334,0.6818181818181818,0.8928571428571429,0.14285714285714285
662100,0.6333333333333333,0.6388888888888888,0.6363636363636364,0.9107142857142857,0.07142857142857142
662400,0.6333333333333333,0.6666666666666666,0.6363636363636364,0.9107142857142857,0.07142857142857142
662700,0.6,0.6944444444444444,0.6363636363636364,0.9107142857142857,0.023809523809523808
663000,0.6333333333333333,0.6944444444444444,0.6363636363636364,0.9107142857142857,0.047619047619047616
663300,0.6,0.7777777777777778,0.6363636363636364,0.9107142857142857,0.047619047619047616
663600,0.6,0.8333333333333334,0.6363636363636364,0.8928571428571429,0.11904761904761904
663900,0.5333333333333333,0.8055555555555556,0.5909090909090909,0.9107142857142857,0.07142857142857142
664200,0.5333333333333333,0.7222222222222222,0.5909090909090909,0.9107142857142857,0.11904761904761904
664500,0.5333333333333333,0.75,0.5454545454545454,0.8928571428571429,0.09523809523809523
664800,0.5333333333333333,0.8055555555555556,0.5,0.9107142857142857,0.07142857142857142
665100,0.5333333333333333,0.75,0.5,0.9285714285714286,0.09523809523809523
665400,0.5,0.7222222222222222,0.5,0.9285714285714286,0.09523809523809523
665700,0.0,0.0,0.0,0.0,0.047619047619047616
666000,0.5,0.6944444444444444,0.5909090909090909,0.8928571428571429,0.07142857142857142
666300,0.5333333333333333,0.6944444444444444,0.5909090909090909,0.8928571428571429,0.09523809523809523
666600,0.6333333333333333,0.6666666666666666,0.5454545454545454,0.8928571428571429,0.023809523809523808
666900,0.6333333333333333,0.6666666666666666,0.5454545454545454,0.8928571428571429,0.07142857142857142
667200,0.6666666666666666,0.6944444444444444,0.5454545454545454,0.9107142857142857,0.0
667500,0.6666666666666666,0.6944444444444444,0.5454545454545454,0.9107142857142857,0.0
667800,0.6333333333333333,0.7777777777777778,0.5,0.875,0.047619047619047616
668100,0.6666666666666666,0.7222222222222222,0.5,0.875,0.09523809523809523
668400,0.6666666666666666,0.6944444444444444,0.45454545454545453,0.875,0.11904761904761904
668700,0.6333333333333333,0.6666666666666666,0.5,0.8928571428571429,0.14285714285714285
669000,0.6333333333333333,0.7222222222222222,0.45454545454545453,0.8928571428571429,0.09523809523809523
669300,0.6,0.75,0.5,0.875,0.11904761904761904
669600,0.5666666666666667,0.7777777777777778,0.4090909090909091,0.8571428571428571,0.11904761904761904
669900,0.5333333333333333,0.8333333333333334,0.4090909090909091,0.875,0.2619047619047619
670200,0.5333333333333333,0.8333333333333334,0.4090909090909091,0.8571428571428571,0.2857142857142857
670500,0.5666666666666667,0.8611111111111112,0.4090909090909091,0.8571428571428571,0.40476190476190477
670800,0.5333333333333333,0.8611111111111112,0.5,0.875,0.40476190476190477
671100,0.5666666666666667,0.8888888888888888,0.5,0.8928571428571429,0.35714285714285715
671400,0.5666666666666667,0.8611111111111112,0.45454545454545453,0.8928571428571429,0.42857142857142855
671700,0.6,0.8611111111111112,0.4090909090909091,0.8928571428571429,0.38095238095238093
672000,0.5666666666666667,0.8888888888888888,0.4090909090909091,0.9107142857142857,0.3333333333333333
672300,0.6,0.8611111111111112,0.4090909090909091,0.9107142857142857,0.38095238095238093
672600,0.5666666666666667,0.8611111111111112,0.4090909090909091,0.8928571428571429,0.30952380952380953
672900,0.6,0.8611111111111112,0.4090909090909091,0.8928571428571429,0.23809523809523808
673200,0.6,0.8611111111111112,0.4090909090909091,0.875,0.2857142857142857
673500,0.5666666666666667,0.8611111111111112,0.36363636363636365,0.7857142857142857,0.11904761904761904
673800,0.5333333333333333,0.8888888888888888,0.3181818181818182,0.6785714285714286,0.11904761904761904
674100,0.5666666666666667,0.8888888888888888,0.3181818181818182,0.6607142857142857,0.30952380952380953
674400,0.6,0.9444444444444444,0.36363636363636365,0.5714285714285714,0.35714285714285715
674700,0.6,0.9444444444444444,0.3181818181818182,0.5714285714285714,0.14285714285714285
675000,0.5666666666666667,0.9722222222222222,0.36363636363636365,0.5178571428571429,0.30952380952380953
675300,0.5666666666666667,0.9722222222222222,0.4090909090909091,0.5357142857142857,0.38095238095238093
675600,0.5333333333333333,0.9722222222222222,0.4090909090909091,0.48214285714285715,0.40476190476190477
675900,0.6,0.9722222222222222,0.3181818181818182,0.44642857142857145,0.30952380952380953
676200,0.6,0.9722222222222222,0.3181818181818182,0.4642857142857143,0.35714285714285715
676500,0.5666666666666667,0.9722222222222222,0.2727272727272727,0.4107142857142857,0.30952380952380953
676800,0.5333333333333333,0.9722222222222222,0.2727272727272727,0.4107142857142857,0.23809523809523808
677100,0.5333333333333333,0.9444444444444444,0.45454545454545453,0.44642857142857145,0.23809523809523808
677400,0.6,0.9444444444444444,0.5,0.5,0.3333333333333333
677700,0.6,0.9166666666666666,0.5,0.5,0.35714285714285715
678000,0.5666666666666667,0.9166666666666666,0.5454545454545454,0.48214285714285715,0.4523809523809524
678300,0.5666666666666667,0.8888888888888888,0.5454545454545454,0.48214285714285715,0.6666666666666666
678600,0.5,0.8888888888888888,0.5454545454545454,0.48214285714285715,0.6428571428571429
678900,0.5666666666666667,0.8611111111111112,0.5909090909090909,0.48214285714285715,0.5476190476190477
679200,0.6333333333333333,0.8333333333333334,0.6363636363636364,0.5357142857142857,0.5952380952380952
679500,0.6333333333333333,0.8055555555555556,0.6363636363636364,0.5892857142857143,0.5476190476190477
679800,0.6666666666666666,0.8055555555555556,0.6363636363636364,0.5714285714285714,0.4523809523809524
680100,0.6666666666666666,0.8055555555555556,0.6363636363636364,0.5714285714285714,0.4523809523809524
680400,0.6,0.8333333333333334,0.6818181818181818,0.48214285714285715,0.38095238095238093
680700,0.6,0.8333333333333334,0.6818181818181818,0.5178571428571429,0.38095238095238093
681000,0.6333333333333333,0.8333333333333334,0.6818181818181818,0.5357142857142857,0.40476190476190477
681300,0.5666666666666667,0.8333333333333334,0.6818181818181818,0.5,0.47619047619047616
681600,0.5666666666666667,0.8333333333333334,0.7272727272727273,0.5,0.5714285714285714
681900,0.5333333333333333,0.8888888888888888,0.7727272727272727,0.42857142857142855,0.6904761904761905
682200,0.5,0.8888888888888888,0.7272727272727273,0.42857142857142855,0.6666666666666666
682500,0.5333333333333333,0.9166666666666666,0.7727272727272727,0.4642857142857143,0.6428571428571429
682800,0.5333333333333333,0.8611111111111112,0.7727272727272727,0.5,0.5476190476190477
683100,0.5,0.8611111111111112,0.8636363636363636,0.44642857142857145,0.5238095238095238
683400,0.4666666666666667,0.8055555555555556,0.8181818181818182,0.375,0.5
683700,0.43333333333333335,0.8333333333333334,0.8636363636363636,0.42857142857142855,0.5476190476190477
684000,0.43333333333333335,0.8333333333333334,0.8181818181818182,0.4642857142857143,0.5476190476190477
684300,0.43333333333333335,0.8333333333333334,0.8181818181818182,0.44642857142857145,0.5238095238095238
684600,0.43333333333333335,0.8333333333333334,0.7727272727272727,0.5,0.5
684900,0.43333333333333335,0.8333333333333334,0.7272727272727273,0.4642857142857143,0.42857142857142855
685200,0.4666666666666667,0.8333333333333334,0.6818181818181818,0.44642857142857145,0.4523809523809524
685500,0.43333333333333335,0.8055555555555556,0.5454545454545454,0.44642857142857145,0.4523809523809524
685800,0.43333333333333335,0.8055555555555556,0.5,0.42857142857142855,0.5
686100,0.43333333333333335,0.8055555555555556,0.45454545454545453,0.44642857142857145,0.42857142857142855
686400,0.43333333333333335,0.8333333333333334,0.4090909090909091,0.375,0.5
686700,0.43333333333333335,0.8611111111111112,0.4090909090909091,0.375,0.4523809523809524
687000,0.43333333333333335,0.8888888888888888,0.2727272727272727,0.375,0.5
687300,0.43333333333333335,0.8611111111111112,0.22727272727272727,0.375,0.40476190476190477
687600,0.4,0.8611111111111112,0.18181818181818182,0.35714285714285715,0.40476190476190477
687900,0.43333333333333335,0.8611111111111112,0.2727272727272727,0.4107142857142857,0.4523809523809524
688200,0.43333333333333335,0.8611111111111112,0.2727272727272727,0.4107142857142857,0.42857142857142855
688500,0.43333333333333335,0.8611111111111112,0.2727272727272727,0.42857142857142855,0.42857142857142855
688800,0.4,0.8888888888888888,0.2727272727272727,0.5,0.47619047619047616
689100,0.43333333333333335,0.9166666666666666,0.2727272727272727,0.48214285714285715,0.5238095238095238
689400,0.43333333333333335,0.9444444444444444,0.13636363636363635,0.48214285714285715,0.5
689700,0.43333333333333335,0.9444444444444444,0.0,0.5714285714285714,0.5
690000,0.5333333333333333,0.9166666666666666,0.13636363636363635,0.5357142857142857,0.5476190476190477
690300,0.5333333333333333,0.8611111111111112,0.13636363636363635,0.4642857142857143,0.5476190476190477
690600,0.5333333333333333,0.8055555555555556,0.045454545454545456,0.4107142857142857,0.5714285714285714
690900,0.5666666666666667,0.8055555555555556,0.045454545454545456,0.26785714285714285,0.5714285714285714
691200,0.5666666666666667,0.6944444444444444,0.045454545454545456,0.21428571428571427,0.5714285714285714
691500,0.5,0.0,0.045454545454545456,0.0,0.6904761904761905
691800,0.5,0.5,0.09090909090909091,0.125,0.5952380952380952
692100,0.5,0.4722222222222222,0.0,0.07142857142857142,0.5238095238095238
692400,0.4666666666666667,0.4166666666666667,0.0,0.125,0.4523809523809524
692700,0.36666666666666664,0.3055555555555556,0.045454545454545456,0.07142857142857142,0.4523809523809524
693000,0.3,0.25,0.045454545454545456,0.05357142857142857,0.4523809523809524
693300,0.26666666666666666,0.25,0.0,0.08928571428571429,0.40476190476190477
693600,0.26666666666666666,0.25,0.045454545454545456,0.07142857142857142,0.3333333333333333
693900,0.2,0.2222222222222222,0.045454545454545456,0.14285714285714285,0.3333333333333333
694200,0.2,0.25,0.0,0.08928571428571429,0.38095238095238093
694500,0.2,0.2222222222222222,0.09090909090909091,0.10714285714285714,0.5
694800,0.2,0.2777777777777778,0.18181818181818182,0.14285714285714285,0.42857142857142855
695100,0.16666666666666666,0.3055555555555556,0.22727272727272727,0.125,0.5
695400,0.13333333333333333,0.3055555555555556,0.18181818181818182,0.125,0.40476190476190477
695700,0.13333333333333333,0.25,0.18181818181818182,0.10714285714285714,0.40476190476190477
696000,0.13333333333333333,0.3888888888888889,0.09090909090909091,0.10714285714285714,0.42857142857142855
696300,0.2,0.5833333333333334,0.09090909090909091,0.14285714285714285,0.5
696600,0.2,0.5277777777777778,0.09090909090909091,0.125,0.5714285714285714
696900,0.2,0.4722222222222222,0.13636363636363635,0.19642857142857142,0.5714285714285714
697200,0.23333333333333334,0.5,0.22727272727272727,0.14285714285714285,0.5714285714285714
697500,0.23333333333333334,0.4444444444444444,0.3181818181818182,0.14285714285714285,0.6666666666666666
697800,0.26666666666666666,0.4722222222222222,0.3181818181818182,0.17857142857142858,0.6190476190476191
698100,0.23333333333333334,0.4166666666666667,0.36363636363636365,0.21428571428571427,0.6904761904761905
698400,0.23333333333333334,0.4166666666666667,0.4090909090909091,0.23214285714285715,0.6666666666666666
698700,0.23333333333333334,0.4444444444444444,0.3181818181818182,0.25,0.6190476190476191
699000,0.23333333333333334,0.5555555555555556,0.36363636363636365,0.16071428571428573,0.6190476190476191
699300,0.23333333333333334,0.5277777777777778,0.36363636363636365,0.125,0.6904761904761905
699600,0.23333333333333334,0.4444444444444444,0.36363636363636365,0.14285714285714285,0.6904761904761905
699900,0.23333333333333334,0.4166666666666667,0.3181818181818182,0.05357142857142857,0.7380952380952381
700200,0.23333333333333334,0.3611111111111111,0.4090909090909091,0.08928571428571429,0.7857142857142857
700500,0.26666666666666666,0.4166666666666667,0.4090909090909091,0.16071428571428573,0.8095238095238095
700800,0.26666666666666666,0.4444444444444444,0.3181818181818182,0.08928571428571429,0.8095238095238095
701100,0.26666666666666666,0.4722222222222222,0.2727272727272727,0.07142857142857142,0.7857142857142857
701400,0.26666666666666666,0.3888888888888889,0.2727272727272727,0.03571428571428571,0.7857142857142857
701700,0.26666666666666666,0.3888888888888889,0.2727272727272727,0.05357142857142857,0.7857142857142857
702000,0.3333333333333333,0.4166666666666667,0.18181818181818182,0.07142857142857142,0.7857142857142857
702300,0.3,0.4166666666666667,0.18181818181818182,0.08928571428571429,0.7857142857142857
702600,0.3,0.4166666666666667,0.22727272727272727,0.14285714285714285,0.8333333333333334
702900,0.3,0.3611111111111111,0.22727272727272727,0.125,0.8571428571428571
703200,0.3,0.3611111111111111,0.22727272727272727,0.17857142857142858,0.8333333333333334
703500,0.3,0.3333333333333333,0.2727272727272727,0.23214285714285715,0.8333333333333334
703800,0.3,0.4166666666666667,0.2727272727272727,0.17857142857142858,0.8095238095238095
704100,0.3,0.5,0.2727272727272727,0.2857142857142857,0.8333333333333334
704400,0.3,0.4722222222222222,0.2727272727272727,0.25,0.8333333333333334
704700,0.3,0.3888888888888889,0.2727272727272727,0.23214285714285715,0.8333333333333334
705000,0.3,0.3055555555555556,0.2727272727272727,0.2857142857142857,0.8095238095238095
705300,0.3,0.2777777777777778,0.2727272727272727,0.30357142857142855,0.8095238095238095
705600,0.3,0.19444444444444445,0.22727272727272727,0.3392857142857143,0.8095238095238095
705900,0.26666666666666666,0.19444444444444445,0.18181818181818182,0.375,0.8095238095238095
706200,0.26666666666666666,0.3055555555555556,0.13636363636363635,0.35714285714285715,0.8095238095238095
706500,0.3,0.25,0.13636363636363635,0.39285714285714285,0.8333333333333334
706800,0.3,0.25,0.13636363636363635,0.3392857142857143,0.8571428571428571
707100,0.26666666666666666,0.25,0.13636363636363635,0.32142857142857145,0.8333333333333334
707400,0.23333333333333334,0.3055555555555556,0.13636363636363635,0.39285714285714285,0.8095238095238095
707700,0.23333333333333334,0.25,0.13636363636363635,0.3392857142857143,0.8333333333333334
708000,0.23333333333333334,0.3333333333333333,0.18181818181818182,0.3392857142857143,0.8095238095238095
708300,0.23333333333333334,0.4166666666666667,0.13636363636363635,0.30357142857142855,0.7857142857142857
708600,0.23333333333333334,0.4444444444444444,0.13636363636363635,0.2857142857142857,0.7380952380952381
708900,0.23333333333333334,0.4444444444444444,0.13636363636363635,0.3392857142857143,0.7380952380952381
709200,0.23333333333333334,0.4166666666666667,0.13636363636363635,0.35714285714285715,0.7142857142857143
709500,0.23333333333333334,0.4444444444444444,0.13636363636363635,0.35714285714285715,0.6904761904761905
709800,0.2,0.4722222222222222,0.13636363636363635,0.375,0.7142857142857143
710100,0.2,0.6111111111111112,0.09090909090909091,0.4107142857142857,0.6904761904761905
710400,0.2,0.5555555555555556,0.09090909090909091,0.42857142857142855,0.6904761904761905
710700,0.2,0.5833333333333334,0.045454545454545456,0.42857142857142855,0.6666666666666666
711000,0.26666666666666666,0.5833333333333334,0.09090909090909091,0.4107142857142857,0.6904761904761905
711300,0.23333333333333334,0.4722222222222222,0.09090909090909091,0.42857142857142855,0.6428571428571429
711600,0.23333333333333334,0.5,0.09090909090909091,0.375,0.6190476190476191
711900,0.23333333333333334,0.5,0.09090909090909091,0.35714285714285715,0.6190476190476191
712200,0.23333333333333334,0.4722222222222222,0.09090909090909091,0.39285714285714285,0.6666666666666666
712500,0.23333333333333334,0.4722222222222222,0.09090909090909091,0.39285714285714285,0.6666666666666666
712800,0.23333333333333334,0.4444444444444444,0.09090909090909091,0.39285714285714285,0.6666666666666666
713100,0.23333333333333334,0.4444444444444444,0.045454545454545456,0.3392857142857143,0.6904761904761905
713400,0.23333333333333334,0.5,0.045454545454545456,0.35714285714285715,0.6904761904761905
713700,0.26666666666666666,0.4166666666666667,0.09090909090909091,0.32142857142857145,0.7142857142857143
714000,0.26666666666666666,0.4444444444444444,0.18181818181818182,0.30357142857142855,0.7142857142857143
714300,0.26666666666666666,0.5,0.18181818181818182,0.25,0.7142857142857143
714600,0.26666666666666666,0.5555555555555556,0.18181818181818182,0.23214285714285715,0.7380952380952381
714900,0.3,0.5833333333333334,0.18181818181818182,0.23214285714285715,0.7380952380952381
715200,0.3,0.5833333333333334,0.2727272727272727,0.25,0.7380952380952381
715500,0.26666666666666666,0.5555555555555556,0.2727272727272727,0.23214285714285715,0.7619047619047619
715800,0.3,0.5,0.2727272727272727,0.23214285714285715,0.7857142857142857
716100,0.3,0.5277777777777778,0.3181818181818182,0.16071428571428573,0.7619047619047619
716400,0.3,0.5,0.36363636363636365,0.125,0.7142857142857143
716700,0.3,0.4722222222222222,0.36363636363636365,0.14285714285714285,0.7619047619047619
717000,0.3333333333333333,0.5277777777777778,0.4090909090909091,0.2857142857142857,0.7857142857142857
717300,0.3,0.5555555555555556,0.45454545454545453,0.32142857142857145,0.7857142857142857
717600,0.3333333333333333,0.5,0.45454545454545453,0.23214285714285715,0.7142857142857143
717900,0.3333333333333333,0.5277777777777778,0.5,0.25,0.6904761904761905
718200,0.36666666666666664,0.5277777777777778,0.5,0.17857142857142858,0.6666666666666666
718500,0.36666666666666664,0.5277777777777778,0.5,0.10714285714285714,0.7380952380952381
718800,0.36666666666666664,0.4722222222222222,0.5,0.08928571428571429,0.7380952380952381
719100,0.4,0.4722222222222222,0.5,0.17857142857142858,0.7142857142857143
719400,0.43333333333333335,0.6111111111111112,0.6363636363636364,0.17857142857142858,0.6904761904761905
719700,0.4,0.6388888888888888,0.6363636363636364,0.19642857142857142,0.7142857142857143
720000,0.43333333333333335,0.6944444444444444,0.6818181818181818,0.21428571428571427,0.6428571428571429
720300,0.4666666666666667,0.75,0.6818181818181818,0.26785714285714285,0.5476190476190477
720600,0.5,0.8055555555555556,0.6818181818181818,0.35714285714285715,0.6428571428571429
720900,0.5,0.8888888888888888,0.6363636363636364,0.35714285714285715,0.5952380952380952
721200,0.5333333333333333,0.9166666666666666,0.6363636363636364,0.4107142857142857,0.5952380952380952
721500,0.5333333333333333,0.9722222222222222,0.6363636363636364,0.48214285714285715,0.6190476190476191
721800,0.5333333333333333,0.9722222222222222,0.6363636363636364,0.5,0.6190476190476191
722100,0.5,0.9722222222222222,0.6363636363636364,0.5535714285714286,0.5238095238095238
722400,0.5,0.9722222222222222,0.6363636363636364,0.625,0.5476190476190477
722700,0.5333333333333333,0.9722222222222222,0.5909090909090909,0.6428571428571429,0.5476190476190477
723000,0.5333333333333333,0.9722222222222222,0.5909090909090909,0.6428571428571429,0.4523809523809524
723300,0.5333333333333333,0.9722222222222222,0.5909090909090909,0.6428571428571429,0.4523809523809524
723600,0.5333333333333333,0.9722222222222222,0.5909090909090909,0.6428571428571429,0.4523809523809524
723900,0.5333333333333333,0.9722222222222222,0.5909090909090909,0.6428571428571429,0.4523809523809524
724200,0.5333333333333333,0.9722222222222222,0.5909090909090909,0.6428571428571429,0.4523809523809524
724500,0.5333333333333333,0.9722222222222222,0.5909090909090909,0.6428571428571429,0.4523809523809524
724800,0.5333333333333333,0.9722222222222222,0.5909090909090909,0.6428571428571429,0.4523809523809524
725100,0.5333333333333333,0.9722222222222222,0.5909090909090909,0.6428571428571429,0.4523809523809524
725400,0.5333333333333333,0.9722222222222222,0.5909090909090909,0.6428571428571429,0.4523809523809524
725700,0.5333333333333333,0.9722222222222222,0.5909090909090909,0.6428571428571429,0.4523809523809524
726000,0.5333333333333333,0.9722222222222222,0.5909090909090909,0.6428571428571429,0.4523809523809524
726300,0.5333333333333333,0.9722222222222222,0.5909090909090909,0.6428571428571429,0.4523809523809524
726600,0.5333333333333333,0.9722222222222222,0.5909090909090909,0.6428571428571429,0.4523809523809524
726900,0.5333333333333333,0.9722222222222222,0.5909090909090909,0.6428571428571429,0.4523809523809524
727200,0.5333333333333333,0.9722222222222222,0.5909090909090909,0.6428571428571429,0.4523809523809524
727500,0.5333333333333333,0.9722222222222222,0.5909090909090909,0.6428571428571429,0.4523809523809524
727800,0.5333333333333333,0.9722222222222222,0.5909090909090909,0.6428571428571429,0.4523809523809524
728100,0.5333333333333333,0.9722222222222222,0.5909090909090909,0.6428571428571429,0.4523809523809524
728400,0.5333333333333333,0.9722222222222222,0.5909090909090909,0.6428571428571429,0.4523809523809524
728700,0.5333333333333333,0.9722222222222222,0.5909090909090909,0.6428571428571429,0.4523809523809524
729000,0.5333333333333333,0.9722222222222222,0.5909090909090909,0.6428571428571429,0.4523809523809524
729300,0.5333333333333333,0.9722222222222222,0.5909090909090909,0.6428571428571429,0.4523809523809524
729600,0.5333333333333333,0.9722222222222222,0.5909090909090909,0.6428571428571429,0.4523809523809524
729900,0.5333333333333333,0.9722222222222222,0.5909090909090909,0.6428571428571429,0.4523809523809524
730200,0.5333333333333333,0.9722222222222222,0.5909090909090909,0.6428571428571429,0.4523809523809524
730500,0.5333333333333333,0.9722222222222222,0.5909090909090909,0.6428571428571429,0.4523809523809524
730800,0.5333333333333333,0.9722222222222222,0.5909090909090909,0.6428571428571429,0.4523809523809524
731100,0.5333333333333333,0.9722222222222222,0.5909090909090909,0.6428571428571429,0.4523809523809524
731400,0.5333333333333333,0.9722222222222222,0.5909090909090909,0.6428571428571429,0.4523809523809524
731700,0.5333333333333333,0.9722222222222222,0.5909090909090909,0.6428571428571429,0.4523809523809524
732000,0.5333333333333333,0.9722222222222222,0.5909090909090909,0.6428571428571429,0.4523809523809524
732300,0.5333333333333333,0.9722222222222222,0.5909090909090909,0.6428571428571429,0.4523809523809524
732600,0.5333333333333333,0.9722222222222222,0.5909090909090909,0.6428571428571429,0.4523809523809524
732900,0.5333333333333333,0.9722222222222222,0.5909090909090909,0.6428571428571429,0.4523809523809524
733200,0.5333333333333333,0.9722222222222222,0.5909090909090909,0.6428571428571429,0.4523809523809524
733500,0.5333333333333333,0.9722222222222222,0.5909090909090909,0.6428571428571429,0.4523809523809524
733800,0.0,0.0,0.0,0.0,0.0
734100,0.43333333333333335,0.8055555555555556,0.8181818181818182,0.9821428571428571,0.35714285714285715
734400,0.4666666666666667,0.7777777777777778,0.8181818181818182,0.9107142857142857,0.35714285714285715
734700,0.4666666666666667,0.75,0.8181818181818182,0.8214285714285714,0.30952380952380953
735000,0.36666666666666664,0.6944444444444444,0.8181818181818182,0.6964285714285714,0.2857142857142857
735300,0.4,0.5833333333333334,0.8636363636363636,0.625,0.23809523809523808
735600,0.4,0.5555555555555556,0.8181818181818182,0.5535714285714286,0.19047619047619047
735900,0.36666666666666664,0.5833333333333334,0.8181818181818182,0.5357142857142857,0.11904761904761904
736200,0.36666666666666664,0.5277777777777778,0.8181818181818182,0.5,0.047619047619047616
736500,0.4,0.4722222222222222,0.8636363636363636,0.44642857142857145,0.11904761904761904
736800,0.36666666666666664,0.5,0.8636363636363636,0.42857142857142855,0.30952380952380953
737100,0.36666666666666664,0.5,0.8636363636363636,0.42857142857142855,0.3333333333333333
737400,0.36666666666666664,0.5277777777777778,0.8636363636363636,0.4107142857142857,0.30952380952380953
737700,0.43333333333333335,0.4722222222222222,0.7272727272727273,0.42857142857142855,0.2857142857142857
738000,0.5333333333333333,0.5,0.7272727272727273,0.39285714285714285,0.30952380952380953
738300,0.43333333333333335,0.5555555555555556,0.6818181818181818,0.375,0.23809523809523808
738600,0.36666666666666664,0.5,0.5909090909090909,0.39285714285714285,0.19047619047619047
738900,0.36666666666666664,0.5555555555555556,0.6363636363636364,0.375,0.14285714285714285
739200,0.4,0.5555555555555556,0.6363636363636364,0.4107142857142857,0.16666666666666666
739500,0.4,0.5555555555555556,0.7272727272727273,0.4642857142857143,0.2619047619047619
739800,0.43333333333333335,0.5555555555555556,0.6818181818181818,0.5,0.23809523809523808
740100,0.43333333333333335,0.4444444444444444,0.7272727272727273,0.5357142857142857,0.19047619047619047
740400,0.4,0.4166666666666667,0.7272727272727273,0.6071428571428571,0.21428571428571427
740700,0.4,0.5,0.7727272727272727,0.625,0.2857142857142857
741000,0.43333333333333335,0.5555555555555556,0.7272727272727273,0.5892857142857143,0.23809523809523808
741300,0.0,0.0,0.7272727272727273,0.0,0.09523809523809523
741600,0.5666666666666667,0.6388888888888888,0.8636363636363636,0.6607142857142857,0.19047619047619047
741900,0.6,0.6388888888888888,0.8636363636363636,0.7321428571428571,0.30952380952380953
742200,0.5666666666666667,0.75,0.8636363636363636,0.8035714285714286,0.30952380952380953
742500,0.6,0.7222222222222222,0.8636363636363636,0.8214285714285714,0.2857142857142857
742800,0.6,0.8055555555555556,0.8181818181818182,0.8214285714285714,0.42857142857142855
743100,0.6,0.8055555555555556,0.8636363636363636,0.8571428571428571,0.5
743400,0.6,0.8055555555555556,0.8636363636363636,0.875,0.6190476190476191
743700,0.6333333333333333,0.8055555555555556,0.8636363636363636,0.9107142857142857,0.5952380952380952
744000,0.6333333333333333,0.7777777777777778,0.8181818181818182,0.8928571428571429,0.4523809523809524
744300,0.6,0.75,0.8181818181818182,0.9107142857142857,0.40476190476190477
744600,0.6,0.7222222222222222,0.7272727272727273,0.9107142857142857,0.40476190476190477
744900,0.6333333333333333,0.6666666666666666,0.7272727272727273,0.9285714285714286,0.35714285714285715
745200,0.6,0.6666666666666666,0.7272727272727273,0.9107142857142857,0.40476190476190477
745500,0.5666666666666667,0.6388888888888888,0.6818181818181818,0.9285714285714286,0.40476190476190477
745800,0.5666666666666667,0.5833333333333334,0.6818181818181818,0.9285714285714286,0.2857142857142857
746100,0.6333333333333333,0.6111111111111112,0.6818181818181818,0.9107142857142857,0.2619047619047619
746400,0.6333333333333333,0.5833333333333334,0.6818181818181818,0.9107142857142857,0.2619047619047619
746700,0.6333333333333333,0.5833333333333334,0.7272727272727273,0.9285714285714286,0.16666666666666666
747000,0.5666666666666667,0.5833333333333334,0.7727272727272727,0.9285714285714286,0.14285714285714285
747300,0.5666666666666667,0.5277777777777778,0.7727272727272727,0.9285714285714286,0.3333333333333333
747600,0.5666666666666667,0.5277777777777778,0.7272727272727273,0.9285714285714286,0.35714285714285715
747900,0.5666666666666667,0.6111111111111112,0.7727272727272727,0.9464285714285714,0.35714285714285715
748200,0.6,0.6666666666666666,0.7727272727272727,0.8571428571428571,0.42857142857142855
748500,0.6,0.75,0.7272727272727273,0.8392857142857143,0.42857142857142855
748800,0.6,0.75,0.7727272727272727,0.8214285714285714,0.40476190476190477
749100,0.5666666666666667,0.6944444444444444,0.7272727272727273,0.8035714285714286,0.47619047619047616
749400,0.6,0.6388888888888888,0.7727272727272727,0.75,0.5
749700,0.6,0.6388888888888888,0.6818181818181818,0.6785714285714286,0.47619047619047616
750000,0.6,0.6666666666666666,0.7272727272727273,0.6607142857142857,0.42857142857142855
750300,0.5666666666666667,0.6944444444444444,0.7272727272727273,0.6964285714285714,0.3333333333333333
750600,0.5333333333333333,0.75,0.7272727272727273,0.625,0.40476190476190477
750900,0.5333333333333333,0.7777777777777778,0.6818181818181818,0.6071428571428571,0.2619047619047619
751200,0.5,0.75,0.6818181818181818,0.6071428571428571,0.11904761904761904
751500,0.5333333333333333,0.6944444444444444,0.6818181818181818,0.625,0.23809523809523808
751800,0.5,0.6388888888888888,0.7727272727272727,0.6428571428571429,0.2857142857142857
752100,0.5,0.6111111111111112,0.8181818181818182,0.5892857142857143,0.23809523809523808
752400,0.5333333333333333,0.6388888888888888,0.8181818181818182,0.5535714285714286,0.2619047619047619
752700,0.5333333333333333,0.6666666666666666,0.8181818181818182,0.5535714285714286,0.2619047619047619
753000,0.5333333333333333,0.6666666666666666,0.8181818181818182,0.5535714285714286,0.35714285714285715
753300,0.5666666666666667,0.6666666666666666,0.7727272727272727,0.6071428571428571,0.35714285714285715
753600,0.6,0.6666666666666666,0.8181818181818182,0.625,0.47619047619047616
753900,0.6333333333333333,0.75,0.8181818181818182,0.6607142857142857,0.40476190476190477
754200,0.7,0.7222222222222222,0.7727272727272727,0.6607142857142857,0.5476190476190477
754500,0.7,0.75,0.7272727272727273,0.6428571428571429,0.5238095238095238
754800,0.7333333333333333,0.75,0.7727272727272727,0.6785714285714286,0.5238095238095238
755100,0.7333333333333333,0.75,0.7727272727272727,0.6785714285714286,0.5238095238095238
755400,0.6333333333333333,0.9166666666666666,0.7727272727272727,0.7857142857142857,0.5714285714285714
755700,0.6333333333333333,0.8888888888888888,0.7727272727272727,0.8214285714285714,0.5238095238095238
756000,0.0,0.0,0.7727272727272727,0.0,0.35714285714285715
756300,0.6,0.8611111111111112,0.7272727272727273,0.8214285714285714,0.40476190476190477
756600,0.6,0.9166666666666666,0.6818181818181818,0.8392857142857143,0.42857142857142855
756900,0.6333333333333333,0.8611111111111112,0.6818181818181818,0.875,0.4523809523809524
757200,0.6333333333333333,0.8611111111111112,0.7272727272727273,0.8928571428571429,0.40476190476190477
757500,0.6333333333333333,0.8611111111111112,0.7272727272727273,0.8392857142857143,0.38095238095238093
757800,0.6666666666666666,0.8611111111111112,0.7272727272727273,0.8571428571428571,0.30952380952380953
758100,0.6666666666666666,0.8055555555555556,0.6363636363636364,0.8571428571428571,0.4523809523809524
758400,0.6666666666666666,0.8055555555555556,0.6818181818181818,0.8392857142857143,0.47619047619047616
758700,0.6333333333333333,0.8333333333333334,0.7272727272727273,0.8392857142857143,0.4523809523809524
759000,0.6,0.8611111111111112,0.7272727272727273,0.8035714285714286,0.4523809523809524
759300,0.5666666666666667,0.8888888888888888,0.7272727272727273,0.8214285714285714,0.47619047619047616
759600,0.5666666666666667,0.9166666666666666,0.7272727272727273,0.8035714285714286,0.5476190476190477
759900,0.5333333333333333,0.9444444444444444,0.7272727272727273,0.7857142857142857,0.5714285714285714
760200,0.5666666666666667,0.9444444444444444,0.5909090909090909,0.7142857142857143,0.5
760500,0.6,0.9444444444444444,0.5909090909090909,0.7142857142857143,0.5238095238095238
760800,0.6,0.8888888888888888,0.5909090909090909,0.6428571428571429,0.5714285714285714
761100,0.6,0.8888888888888888,0.5,0.6428571428571429,0.5714285714285714
761400,0.6,0.8888888888888888,0.5,0.5892857142857143,0.6428571428571429
761700,0.6333333333333333,0.8888888888888888,0.45454545454545453,0.5892857142857143,0.7142857142857143
762000,0.6,0.8888888888888888,0.5,0.5892857142857143,0.7142857142857143
762300,0.6,0.8888888888888888,0.5,0.5714285714285714,0.6904761904761905
762600,0.6,0.8333333333333334,0.5454545454545454,0.5178571428571429,0.5952380952380952
762900,0.5666666666666667,0.8333333333333334,0.45454545454545453,0.5,0.5238095238095238
763200,0.5666666666666667,0.8333333333333334,0.5,0.44642857142857145,0.5476190476190477
763500,0.5666666666666667,0.8611111111111112,0.6363636363636364,0.4642857142857143,0.5238095238095238
763800,0.6,0.8611111111111112,0.5454545454545454,0.48214285714285715,0.5
764100,0.5666666666666667,0.8055555555555556,0.5,0.4642857142857143,0.5476190476190477
764400,0.5333333333333333,0.8055555555555556,0.5,0.5,0.5714285714285714
764700,0.5333333333333333,0.8055555555555556,0.45454545454545453,0.5,0.5238095238095238
765000,0.5333333333333333,0.8055555555555556,0.5,0.5714285714285714,0.5238095238095238
765300,0.5,0.8055555555555556,0.5,0.5357142857142857,0.40476190476190477
765600,0.5,0.8055555555555556,0.5,0.5714285714285714,0.38095238095238093
765900,0.5333333333333333,0.8611111111111112,0.5,0.5714285714285714,0.38095238095238093
766200,0.5666666666666667,0.8611111111111112,0.5,0.5892857142857143,0.5476190476190477
766500,0.5333333333333333,0.8333333333333334,0.5,0.625,0.5476190476190477
766800,0.5,0.8333333333333334,0.45454545454545453,0.6785714285714286,0.5
767100,0.4666666666666667,0.8611111111111112,0.5,0.6785714285714286,0.5238095238095238
767400,0.43333333333333335,0.8611111111111112,0.5,0.6785714285714286,0.5952380952380952
767700,0.4666666666666667,0.8888888888888888,0.5454545454545454,0.6964285714285714,0.6428571428571429
768000,0.5,0.8333333333333334,0.5454545454545454,0.7678571428571429,0.5
768300,0.5,0.8611111111111112,0.5454545454545454,0.7678571428571429,0.5476190476190477
768600,0.4666666666666667,0.8333333333333334,0.5454545454545454,0.7142857142857143,0.6190476190476191
768900,0.5,0.8611111111111112,0.45454545454545453,0.6785714285714286,0.5476190476190477
769200,0.5,0.8611111111111112,0.5,0.6607142857142857,0.5238095238095238
769500,0.4666666666666667,0.8611111111111112,0.36363636363636365,0.6785714285714286,0.5952380952380952
769800,0.4,0.8888888888888888,0.36363636363636365,0.6607142857142857,0.5
770100,0.4,0.8888888888888888,0.4090909090909091,0.6964285714285714,0.5714285714285714
770400,0.4,0.8888888888888888,0.3181818181818182,0.6607142857142857,0.5952380952380952
770700,0.4,1.0,0.2727272727272727,0.6607142857142857,0.5714285714285714
771000,0.36666666666666664,0.9722222222222222,0.2727272727272727,0.5714285714285714,0.5952380952380952
771300,0.43333333333333335,0.9722222222222222,0.22727272727272727,0.5357142857142857,0.6428571428571429
771600,0.4,0.9722222222222222,0.2727272727272727,0.5178571428571429,0.5952380952380952
771900,0.4,0.9444444444444444,0.3181818181818182,0.5714285714285714,0.5476190476190477
772200,0.4,0.9444444444444444,0.36363636363636365,0.5714285714285714,0.5476190476190477
772500,0.4,0.9444444444444444,0.3181818181818182,0.5714285714285714,0.5952380952380952
772800,0.4,0.9444444444444444,0.2727272727272727,0.625,0.6190476190476191
773100,0.43333333333333335,0.9722222222222222,0.22727272727272727,0.6607142857142857,0.7142857142857143
773400,0.5,0.9444444444444444,0.13636363636363635,0.6428571428571429,0.5714285714285714
773700,0.5,0.9722222222222222,0.13636363636363635,0.6607142857142857,0.6190476190476191
774000,0.5,0.9444444444444444,0.18181818181818182,0.6785714285714286,0.5476190476190477
774300,0.4666666666666667,0.8888888888888888,0.18181818181818182,0.6785714285714286,0.5952380952380952
774600,0.5,0.8611111111111112,0.13636363636363635,0.6607142857142857,0.5714285714285714
774900,0.5333333333333333,0.8611111111111112,0.13636363636363635,0.6607142857142857,0.5714285714285714
775200,0.5,0.8611111111111112,0.18181818181818182,0.625,0.5238095238095238
775500,0.5333333333333333,0.8611111111111112,0.22727272727272727,0.5357142857142857,0.4523809523809524
775800,0.4666666666666667,0.8888888888888888,0.22727272727272727,0.48214285714285715,0.4523809523809524
776100,0.4666666666666667,0.9166666666666666,0.3181818181818182,0.48214285714285715,0.5476190476190477
776400,0.4666666666666667,0.8611111111111112,0.45454545454545453,0.48214285714285715,0.47619047619047616
776700,0.4,0.8333333333333334,0.5454545454545454,0.44642857142857145,0.4523809523809524
777000,0.4,0.8333333333333334,0.5,0.42857142857142855,0.40476190476190477
777300,0.43333333333333335,0.8611111111111112,0.5454545454545454,0.35714285714285715,0.35714285714285715
777600,0.43333333333333335,0.8611111111111112,0.5454545454545454,0.35714285714285715,0.35714285714285715
777900,0.36666666666666664,0.8055555555555556,0.5,0.26785714285714285,0.42857142857142855
778200,0.36666666666666664,0.75,0.5,0.21428571428571427,0.42857142857142855
778500,0.43333333333333335,0.7222222222222222,0.45454545454545453,0.19642857142857142,0.4523809523809524
778800,0.3333333333333333,0.6666666666666666,0.4090909090909091,0.125,0.42857142857142855
779100,0.3333333333333333,0.6944444444444444,0.45454545454545453,0.10714285714285714,0.42857142857142855
779400,0.3,0.6388888888888888,0.5454545454545454,0.05357142857142857,0.42857142857142855
779700,0.3,0.6111111111111112,0.5454545454545454,0.03571428571428571,0.4523809523809524
780000,0.3,0.5,0.5454545454545454,0.08928571428571429,0.5238095238095238
780300,0.36666666666666664,0.4722222222222222,0.5454545454545454,0.03571428571428571,0.47619047619047616
780600,0.36666666666666664,0.3611111111111111,0.45454545454545453,0.07142857142857142,0.42857142857142855
780900,0.36666666666666664,0.25,0.36363636363636365,0.10714285714285714,0.40476190476190477
781200,0.36666666666666664,0.3055555555555556,0.3181818181818182,0.14285714285714285,0.38095238095238093
781500,0.3333333333333333,0.19444444444444445,0.3181818181818182,0.14285714285714285,0.38095238095238093
781800,0.3333333333333333,0.2777777777777778,0.36363636363636365,0.10714285714285714,0.38095238095238093
782100,0.3333333333333333,0.19444444444444445,0.36363636363636365,0.10714285714285714,0.38095238095238093
782400,0.3333333333333333,0.19444444444444445,0.4090909090909091,0.14285714285714285,0.5
782700,0.3,0.19444444444444445,0.45454545454545453,0.07142857142857142,0.5
783000,0.26666666666666666,0.19444444444444445,0.45454545454545453,0.125,0.47619047619047616
783300,0.26666666666666666,0.25,0.5,0.07142857142857142,0.5714285714285714
783600,0.26666666666666666,0.2777777777777778,0.5,0.05357142857142857,0.5238095238095238
783900,0.26666666666666666,0.2777777777777778,0.45454545454545453,0.125,0.5476190476190477
784200,0.26666666666666666,0.3055555555555556,0.45454545454545453,0.10714285714285714,0.6666666666666666
784500,0.23333333333333334,0.3888888888888889,0.4090909090909091,0.08928571428571429,0.6904761904761905
784800,0.23333333333333334,0.3888888888888889,0.4090909090909091,0.07142857142857142,0.6904761904761905
785100,0.23333333333333334,0.3888888888888889,0.36363636363636365,0.08928571428571429,0.6666666666666666
785400,0.23333333333333334,0.4444444444444444,0.36363636363636365,0.07142857142857142,0.6904761904761905
785700,0.2,0.4444444444444444,0.36363636363636365,0.07142857142857142,0.7380952380952381
786000,0.2,0.3611111111111111,0.36363636363636365,0.08928571428571429,0.7857142857142857
786300,0.2,0.3333333333333333,0.36363636363636365,0.10714285714285714,0.8095238095238095
786600,0.2,0.4166666666666667,0.2727272727272727,0.08928571428571429,0.8333333333333334
786900,0.2,0.4444444444444444,0.3181818181818182,0.17857142857142858,0.8333333333333334
787200,0.23333333333333334,0.3888888888888889,0.2727272727272727,0.14285714285714285,0.9285714285714286
787500,0.23333333333333334,0.4166666666666667,0.22727272727272727,0.07142857142857142,0.9285714285714286
787800,0.23333333333333334,0.4166666666666667,0.22727272727272727,0.125,0.9285714285714286
788100,0.23333333333333334,0.3888888888888889,0.13636363636363635,0.19642857142857142,0.9285714285714286
788400,0.23333333333333334,0.3333333333333333,0.13636363636363635,0.19642857142857142,0.9285714285714286
788700,0.2,0.3611111111111111,0.18181818181818182,0.21428571428571427,0.9285714285714286
789000,0.2,0.3333333333333333,0.18181818181818182,0.25,0.9285714285714286
789300,0.2,0.2777777777777778,0.18181818181818182,0.23214285714285715,0.9285714285714286
789600,0.2,0.2777777777777778,0.18181818181818182,0.32142857142857145,0.9285714285714286
789900,0.2,0.2777777777777778,0.13636363636363635,0.2857142857142857,0.9285714285714286
790200,0.2,0.25,0.18181818181818182,0.2857142857142857,0.9285714285714286
790500,0.2,0.19444444444444445,0.13636363636363635,0.2857142857142857,0.9285714285714286
790800,0.2,0.3888888888888889,0.13636363636363635,0.2857142857142857,0.9285714285714286
791100,0.2,0.3611111111111111,0.13636363636363635,0.25,0.9285714285714286
791400,0.2,0.3611111111111111,0.09090909090909091,0.25,0.9285714285714286
791700,0.2,0.3888888888888889,0.09090909090909091,0.26785714285714285,0.9047619047619048
792000,0.2,0.3611111111111111,0.09090909090909091,0.2857142857142857,0.9047619047619048
792300,0.2,0.3888888888888889,0.09090909090909091,0.2857142857142857,0.9047619047619048
792600,0.16666666666666666,0.4722222222222222,0.09090909090909091,0.21428571428571427,0.9047619047619048
792900,0.16666666666666666,0.4444444444444444,0.09090909090909091,0.25,0.9047619047619048
793200,0.16666666666666666,0.5555555555555556,0.045454545454545456,0.25,0.9047619047619048
793500,0.16666666666666666,0.5833333333333334,0.045454545454545456,0.26785714285714285,0.8809523809523809
793800,0.16666666666666666,0.6388888888888888,0.045454545454545456,0.32142857142857145,0.8333333333333334
794100,0.2,0.5833333333333334,0.045454545454545456,0.2857142857142857,0.8333333333333334
794400,0.2,0.5277777777777778,0.045454545454545456,0.26785714285714285,0.8095238095238095
794700,0.16666666666666666,0.4444444444444444,0.045454545454545456,0.2857142857142857,0.8095238095238095
795000,0.16666666666666666,0.3888888888888889,0.045454545454545456,0.32142857142857145,0.8095238095238095
795300,0.16666666666666666,0.5,0.045454545454545456,0.35714285714285715,0.8095238095238095
795600,0.16666666666666666,0.5,0.13636363636363635,0.35714285714285715,0.8095238095238095
795900,0.16666666666666666,0.4166666666666667,0.09090909090909091,0.3392857142857143,0.8095238095238095
796200,0.16666666666666666,0.4166666666666667,0.09090909090909091,0.35714285714285715,0.7380952380952381
796500,0.16666666666666666,0.3888888888888889,0.045454545454545456,0.3392857142857143,0.7142857142857143
796800,0.16666666666666666,0.3888888888888889,0.045454545454545456,0.3392857142857143,0.7142857142857143
797100,0.13333333333333333,0.4722222222222222,0.045454545454545456,0.375,0.7380952380952381
797400,0.2,0.5,0.09090909090909091,0.3392857142857143,0.7380952380952381
797700,0.2,0.5,0.045454545454545456,0.3392857142857143,0.7142857142857143
798000,0.2,0.4444444444444444,0.045454545454545456,0.26785714285714285,0.7380952380952381
798300,0.2,0.5,0.045454545454545456,0.30357142857142855,0.6904761904761905
798600,0.2,0.5555555555555556,0.045454545454545456,0.3392857142857143,0.7142857142857143
798900,0.2,0.5,0.045454545454545456,0.32142857142857145,0.7142857142857143
799200,0.2,0.5277777777777778,0.045454545454545456,0.375,0.7142857142857143
799500,0.2,0.5277777777777778,0.045454545454545456,0.3392857142857143,0.6666666666666666
799800,0.23333333333333334,0.5277777777777778,0.045454545454545456,0.375,0.7142857142857143
800100,0.23333333333333334,0.5,0.045454545454545456,0.375,0.7142857142857143
800400,0.2,0.5277777777777778,0.13636363636363635,0.35714285714285715,0.7619047619047619
800700,0.2,0.5555555555555556,0.13636363636363635,0.35714285714285715,0.7619047619047619
801000,0.2,0.5555555555555556,0.22727272727272727,0.3392857142857143,0.7619047619047619
801300,0.2,0.6666666666666666,0.3181818181818182,0.3392857142857143,0.7380952380952381
801600,0.2,0.6944444444444444,0.3181818181818182,0.26785714285714285,0.7380952380952381
801900,0.2,0.6666666666666666,0.4090909090909091,0.17857142857142858,0.6666666666666666
802200,0.2,0.6388888888888888,0.4090909090909091,0.23214285714285715,0.6428571428571429
802500,0.2,0.5277777777777778,0.36363636363636365,0.14285714285714285,0.6666666666666666
802800,0.2,0.5,0.4090909090909091,0.16071428571428573,0.6666666666666666
803100,0.2,0.5833333333333334,0.36363636363636365,0.125,0.6428571428571429
803400,0.2,0.5277777777777778,0.36363636363636365,0.125,0.7142857142857143
803700,0.3,0.5555555555555556,0.45454545454545453,0.08928571428571429,0.7380952380952381
804000,0.3,0.5277777777777778,0.5,0.08928571428571429,0.7380952380952381
804300,0.3,0.5277777777777778,0.5,0.08928571428571429,0.7380952380952381
804600,0.3,0.5277777777777778,0.5,0.16071428571428573,0.7142857142857143
804900,0.3,0.5277777777777778,0.5,0.14285714285714285,0.7857142857142857
805200,0.3,0.5277777777777778,0.5,0.16071428571428573,0.7857142857142857
805500,0.3,0.5,0.5,0.21428571428571427,0.8095238095238095
805800,0.23333333333333334,0.5555555555555556,0.45454545454545453,0.21428571428571427,0.7857142857142857
806100,0.26666666666666666,0.6111111111111112,0.45454545454545453,0.21428571428571427,0.7857142857142857
806400,0.0,0.0,0.0,0.0,0.7857142857142857
806700,0.4,0.7222222222222222,0.5454545454545454,0.2857142857142857,0.7857142857142857
807000,0.4,0.7777777777777778,0.5909090909090909,0.35714285714285715,0.6904761904761905
807300,0.36666666666666664,0.8333333333333334,0.5909090909090909,0.39285714285714285,0.6190476190476191
807600,0.36666666666666664,0.8611111111111112,0.5909090909090909,0.44642857142857145,0.5952380952380952
807900,0.36666666666666664,0.8611111111111112,0.5909090909090909,0.5178571428571429,0.5714285714285714
808200,0.4,0.9444444444444444,0.5909090909090909,0.5892857142857143,0.5714285714285714
808500,0.4,0.9444444444444444,0.5454545454545454,0.5535714285714286,0.5952380952380952
808800,0.43333333333333335,0.9444444444444444,0.5454545454545454,0.5714285714285714,0.6428571428571429
809100,0.5,0.9166666666666666,0.5454545454545454,0.625,0.5
809400,0.5666666666666667,0.9166666666666666,0.5454545454545454,0.6071428571428571,0.5
809700,0.6333333333333333,0.9166666666666666,0.5454545454545454,0.6785714285714286,0.5238095238095238
810000,0.6666666666666666,0.9166666666666666,0.5454545454545454,0.7142857142857143,0.47619047619047616
810300,0.6333333333333333,0.9166666666666666,0.5909090909090909,0.6785714285714286,0.4523809523809524
810600,0.6,0.9166666666666666,0.5909090909090909,0.625,0.47619047619047616
810900,0.5333333333333333,0.9444444444444444,0.9090909090909091,0.6428571428571429,0.4523809523809524
811200,0.5333333333333333,0.9444444444444444,0.9090909090909091,0.6964285714285714,0.47619047619047616
811500,0.5333333333333333,0.9444444444444444,0.8636363636363636,0.7321428571428571,0.5238095238095238
811800,0.5666666666666667,0.9166666666666666,0.8636363636363636,0.75,0.5
812100,0.5666666666666667,0.9166666666666666,0.8636363636363636,0.8035714285714286,0.5238095238095238
812400,0.6,0.8611111111111112,0.8181818181818182,0.7857142857142857,0.5238095238095238
812700,0.5666666666666667,0.8888888888888888,0.8181818181818182,0.7321428571428571,0.5714285714285714
813000,0.5666666666666667,0.8611111111111112,0.8181818181818182,0.7678571428571429,0.35714285714285715
813300,0.5333333333333333,0.8611111111111112,0.8636363636363636,0.7857142857142857,0.23809523809523808
813600,0.0,0.0,0.0,0.0,0.16666666666666666
813900,0.4666666666666667,0.8611111111111112,0.8636363636363636,0.75,0.11904761904761904
814200,0.43333333333333335,0.9166666666666666,0.9090909090909091,0.75,0.14285714285714285
814500,0.4666666666666667,0.8888888888888888,0.9090909090909091,0.7321428571428571,0.2619047619047619
814800,0.4666666666666667,0.8888888888888888,0.8636363636363636,0.7321428571428571,0.3333333333333333
815100,0.5,0.8611111111111112,0.8636363636363636,0.7857142857142857,0.30952380952380953
815400,0.4666666666666667,0.8611111111111112,0.8636363636363636,0.8035714285714286,0.3333333333333333
815700,0.5,0.8888888888888888,0.9090909090909091,0.8392857142857143,0.35714285714285715
816000,0.5,0.8888888888888888,0.9090909090909091,0.8571428571428571,0.38095238095238093
816300,0.5,0.8611111111111112,0.9090909090909091,0.875,0.40476190476190477
816600,0.5,0.8333333333333334,0.9090909090909091,0.875,0.23809523809523808
816900,0.5333333333333333,0.8611111111111112,0.9090909090909091,0.875,0.30952380952380953
817200,0.6333333333333333,0.8611111111111112,0.9090909090909091,0.9107142857142857,0.21428571428571427
817500,0.6333333333333333,0.8333333333333334,0.9090909090909091,0.9107142857142857,0.21428571428571427
817800,0.6666666666666666,0.8055555555555556,0.9090909090909091,0.9107142857142857,0.2619047619047619
818100,0.6666666666666666,0.8611111111111112,0.9090909090909091,0.9285714285714286,0.21428571428571427
818400,0.6666666666666666,0.8611111111111112,0.9090909090909091,0.9285714285714286,0.21428571428571427
818700,0.6666666666666666,0.8611111111111112,0.9090909090909091,0.9642857142857143,0.16666666666666666
819000,0.6666666666666666,0.8888888888888888,0.8636363636363636,0.9464285714285714,0.14285714285714285
819300,0.7,0.9166666666666666,0.8636363636363636,0.9464285714285714,0.14285714285714285
819600,0.7333333333333333,0.9166666666666666,0.8636363636363636,0.9285714285714286,0.14285714285714285
819900,0.7333333333333333,0.8888888888888888,0.8636363636363636,0.9107142857142857,0.11904761904761904
820200,0.7333333333333333,0.8333333333333334,0.8636363636363636,0.9107142857142857,0.16666666666666666
820500,0.7333333333333333,0.8333333333333334,0.9090909090909091,0.9107142857142857,0.21428571428571427
820800,0.7333333333333333,0.8055555555555556,0.9090909090909091,0.8928571428571429,0.14285714285714285
821100,0.7333333333333333,0.6944444444444444,0.8181818181818182,0.8214285714285714,0.19047619047619047
821400,0.7333333333333333,0.6944444444444444,0.8181818181818182,0.8392857142857143,0.19047619047619047
821700,0.7333333333333333,0.6388888888888888,0.7727272727272727,0.8035714285714286,0.19047619047619047
822000,0.6666666666666666,0.5555555555555556,0.7727272727272727,0.8214285714285714,0.23809523809523808
822300,0.6333333333333333,0.4444444444444444,0.7272727272727273,0.7857142857142857,0.21428571428571427
822600,0.6666666666666666,0.4722222222222222,0.7272727272727273,0.8214285714285714,0.2619047619047619
822900,0.6,0.5,0.6818181818181818,0.8214285714285714,0.2619047619047619
823200,0.5,0.4722222222222222,0.6818181818181818,0.8035714285714286,0.30952380952380953
823500,0.4,0.4166666666666667,0.6363636363636364,0.8035714285714286,0.30952380952380953
823800,0.36666666666666664,0.4444444444444444,0.6363636363636364,0.7857142857142857,0.2857142857142857
824100,0.3,0.5277777777777778,0.5909090909090909,0.7142857142857143,0.2857142857142857
824400,0.26666666666666666,0.5277777777777778,0.5909090909090909,0.6785714285714286,0.21428571428571427
824700,0.16666666666666666,0.4722222222222222,0.6363636363636364,0.6607142857142857,0.16666666666666666
825000,0.16666666666666666,0.5555555555555556,0.6818181818181818,0.6607142857142857,0.2619047619047619
825300,0.2,0.4722222222222222,0.7272727272727273,0.6428571428571429,0.2857142857142857
825600,0.23333333333333334,0.4444444444444444,0.6818181818181818,0.6428571428571429,0.47619047619047616
825900,0.2,0.4722222222222222,0.6818181818181818,0.5892857142857143,0.4523809523809524
826200,0.3,0.4444444444444444,0.6818181818181818,0.6607142857142857,0.38095238095238093
826500,0.2,0.5,0.6818181818181818,0.6428571428571429,0.42857142857142855
826800,0.2,0.5555555555555556,0.6818181818181818,0.6785714285714286,0.42857142857142855
827100,0.23333333333333334,0.5277777777777778,0.6818181818181818,0.6785714285714286,0.30952380952380953
827400,0.23333333333333334,0.6388888888888888,0.6818181818181818,0.7142857142857143,0.2619047619047619
827700,0.23333333333333334,0.7222222222222222,0.6818181818181818,0.7678571428571429,0.2619047619047619
828000,0.23333333333333334,0.7222222222222222,0.6818181818181818,0.7321428571428571,0.23809523809523808
828300,0.2,0.7777777777777778,0.6818181818181818,0.7321428571428571,0.2857142857142857
828600,0.2,0.8055555555555556,0.6818181818181818,0.7678571428571429,0.30952380952380953
828900,0.3333333333333333,0.8055555555555556,0.6818181818181818,0.7678571428571429,0.2857142857142857
829200,0.4,0.8055555555555556,0.8181818181818182,0.7678571428571429,0.2619047619047619
829500,0.5,0.8611111111111112,0.8636363636363636,0.8214285714285714,0.047619047619047616
829800,0.5,0.8611111111111112,0.8181818181818182,0.7857142857142857,0.047619047619047616
830100,0.5,0.8333333333333334,0.8181818181818182,0.7857142857142857,0.11904761904761904
830400,0.5333333333333333,0.8055555555555556,0.8181818181818182,0.8035714285714286,0.11904761904761904
830700,0.6,0.8055555555555556,0.9090909090909091,0.8214285714285714,0.2619047619047619
831000,0.6,0.8055555555555556,0.9090909090909091,0.8214285714285714,0.21428571428571427
831300,0.6,0.8055555555555556,0.9090909090909091,0.8392857142857143,0.09523809523809523
831600,0.6,0.8055555555555556,0.9090909090909091,0.8392857142857143,0.09523809523809523
831900,0.6333333333333333,0.8055555555555556,0.9090909090909091,0.875,0.07142857142857142
832200,0.6,0.8333333333333334,0.9090909090909091,0.875,0.07142857142857142
832500,0.5666666666666667,0.75,0.8636363636363636,0.875,0.11904761904761904
832800,0.5666666666666667,0.7777777777777778,0.8636363636363636,0.875,0.16666666666666666
833100,0.5666666666666667,0.75,0.8636363636363636,0.875,0.09523809523809523
833400,0.5666666666666667,0.75,0.8636363636363636,0.875,0.09523809523809523
833700,0.5666666666666667,0.7777777777777778,0.8181818181818182,0.8928571428571429,0.047619047619047616
834000,0.6,0.75,0.7272727272727273,0.8928571428571429,0.16666666666666666
834300,0.6,0.75,0.7272727272727273,0.8928571428571429,0.21428571428571427
834600,0.6666666666666666,0.75,0.6818181818181818,0.875,0.16666666666666666
834900,0.6666666666666666,0.75,0.6818181818181818,0.875,0.09523809523809523
835200,0.6,0.75,0.6818181818181818,0.875,0.07142857142857142
835500,0.6666666666666666,0.75,0.6818181818181818,0.9107142857142857,0.047619047619047616
835800,0.6,0.7222222222222222,0.6818181818181818,0.9107142857142857,0.16666666666666666
836100,0.6666666666666666,0.7777777777777778,0.7272727272727273,0.9285714285714286,0.023809523809523808
836400,0.6666666666666666,0.8055555555555556,0.6818181818181818,0.9642857142857143,0.047619047619047616
836700,0.7,0.8055555555555556,0.7272727272727273,0.9285714285714286,0.14285714285714285
837000,0.7,0.8055555555555556,0.7272727272727273,0.9285714285714286,0.14285714285714285
837300,0.7,0.7777777777777778,0.7272727272727273,0.875,0.16666666666666666
837600,0.6666666666666666,0.7777777777777778,0.7272727272727273,0.875,0.09523809523809523
837900,0.6,0.8055555555555556,0.7727272727272727,0.875,0.23809523809523808
838200,0.5666666666666667,0.8055555555555556,0.7272727272727273,0.875,0.40476190476190477
838500,0.5666666666666667,0.8333333333333334,0.6363636363636364,0.875,0.38095238095238093
838800,0.5666666666666667,0.8333333333333334,0.6818181818181818,0.875,0.3333333333333333
839100,0.6,0.8333333333333334,0.6818181818181818,0.9107142857142857,0.19047619047619047
839400,0.5666666666666667,0.8333333333333334,0.6818181818181818,0.9107142857142857,0.14285714285714285
839700,0.6,0.8611111111111112,0.7272727272727273,0.8035714285714286,0.11904761904761904
840000,0.6333333333333333,0.8333333333333334,0.7272727272727273,0.8035714285714286,0.14285714285714285
840300,0.6333333333333333,0.8333333333333334,0.7272727272727273,0.8392857142857143,0.21428571428571427
840600,0.6666666666666666,0.8333333333333334,0.6818181818181818,0.8571428571428571,0.16666666666666666
840900,0.6666666666666666,0.8055555555555556,0.6818181818181818,0.875,0.23809523809523808
841200,0.6666666666666666,0.8888888888888888,0.6818181818181818,0.8571428571428571,0.21428571428571427
841500,0.7,0.9166666666666666,0.7272727272727273,0.8571428571428571,0.21428571428571427
841800,0.6666666666666666,0.9166666666666666,0.7727272727272727,0.875,0.21428571428571427
842100,0.6666666666666666,0.9166666666666666,0.7727272727272727,0.8571428571428571,0.19047619047619047
842400,0.7,0.9166666666666666,0.7727272727272727,0.8571428571428571,0.30952380952380953
842700,0.7,0.9166666666666666,0.7727272727272727,0.8571428571428571,0.2619047619047619
843000,0.7,0.9444444444444444,0.8181818181818182,0.8392857142857143,0.16666666666666666
843300,0.7,0.9444444444444444,0.8181818181818182,0.8035714285714286,0.21428571428571427
843600,0.7,0.9444444444444444,0.8181818181818182,0.8035714285714286,0.11904761904761904
843900,0.7,0.9722222222222222,0.7272727272727273,0.7857142857142857,0.19047619047619047
844200,0.7333333333333333,1.0,0.6818181818181818,0.7678571428571429,0.2619047619047619
844500,0.7333333333333333,1.0,0.6818181818181818,0.7678571428571429,0.2619047619047619
844800,0.7,1.0,0.6363636363636364,0.7857142857142857,0.30952380952380953
845100,0.7333333333333333,1.0,0.6818181818181818,0.7857142857142857,0.35714285714285715
845400,0.7,0.9722222222222222,0.6363636363636364,0.75,0.3333333333333333
845700,0.7,0.9722222222222222,0.6818181818181818,0.6964285714285714,0.38095238095238093
846000,0.7333333333333333,0.9722222222222222,0.6818181818181818,0.6964285714285714,0.42857142857142855
846300,0.7,0.9722222222222222,0.6363636363636364,0.6428571428571429,0.38095238095238093
846600,0.7333333333333333,0.9444444444444444,0.5454545454545454,0.6428571428571429,0.38095238095238093
846900,0.7,0.9444444444444444,0.5454545454545454,0.5892857142857143,0.2619047619047619
847200,0.7333333333333333,0.8888888888888888,0.5,0.5,0.14285714285714285
847500,0.7,0.8611111111111112,0.4090909090909091,0.44642857142857145,0.14285714285714285
847800,0.7,0.8888888888888888,0.3181818181818182,0.42857142857142855,0.2857142857142857
848100,0.7,0.8611111111111112,0.3181818181818182,0.4107142857142857,0.2857142857142857
848400,0.6666666666666666,0.8611111111111112,0.3181818181818182,0.42857142857142855,0.30952380952380953
848700,0.6666666666666666,0.8611111111111112,0.3181818181818182,0.44642857142857145,0.21428571428571427
849000,0.6333333333333333,0.8888888888888888,0.3181818181818182,0.5535714285714286,0.2619047619047619
849300,0.6,0.8611111111111112,0.36363636363636365,0.5178571428571429,0.3333333333333333
849600,0.0,0.0,0.0,0.0,0.40476190476190477
849900,0.6,0.8611111111111112,0.3181818181818182,0.48214285714285715,0.38095238095238093
850200,0.6333333333333333,0.8055555555555556,0.4090909090909091,0.44642857142857145,0.5
850500,0.6333333333333333,0.8055555555555556,0.5,0.42857142857142855,0.5476190476190477
850800,0.6,0.8333333333333334,0.5,0.44642857142857145,0.5714285714285714
851100,0.6666666666666666,0.8055555555555556,0.5454545454545454,0.375,0.6428571428571429
851400,0.6666666666666666,0.8055555555555556,0.5454545454545454,0.375,0.6428571428571429
851700,0.7,0.8333333333333334,0.5454545454545454,0.4107142857142857,0.6666666666666666
852000,0.7,0.8611111111111112,0.5,0.44642857142857145,0.6428571428571429
852300,0.7,0.8611111111111112,0.45454545454545453,0.42857142857142855,0.7142857142857143
852600,0.7666666666666667,0.8055555555555556,0.45454545454545453,0.44642857142857145,0.6190476190476191
852900,0.7333333333333333,0.8333333333333334,0.4090909090909091,0.44642857142857145,0.5714285714285714
853200,0.7333333333333333,0.8611111111111112,0.4090909090909091,0.48214285714285715,0.5714285714285714
853500,0.6333333333333333,0.8333333333333334,0.4090909090909091,0.5,0.6428571428571429
853800,0.6,0.8333333333333334,0.45454545454545453,0.5714285714285714,0.5952380952380952
854100,0.6333333333333333,0.8333333333333334,0.45454545454545453,0.5535714285714286,0.5714285714285714
854400,0.6,0.8611111111111112,0.5,0.5357142857142857,0.6190476190476191
854700,0.6333333333333333,0.8888888888888888,0.45454545454545453,0.4642857142857143,0.6190476190476191
855000,0.6333333333333333,0.8888888888888888,0.45454545454545453,0.4642857142857143,0.6190476190476191
855300,0.6,0.8888888888888888,0.36363636363636365,0.39285714285714285,0.7380952380952381
855600,0.6,0.8611111111111112,0.36363636363636365,0.4107142857142857,0.7380952380952381
855900,0.6333333333333333,0.8888888888888888,0.45454545454545453,0.42857142857142855,0.7380952380952381
856200,0.6333333333333333,0.9166666666666666,0.4090909090909091,0.4642857142857143,0.6190476190476191
856500,0.6,0.9166666666666666,0.4090909090909091,0.48214285714285715,0.47619047619047616
856800,0.6,0.9166666666666666,0.4090909090909091,0.48214285714285715,0.47619047619047616
857100,0.6,0.9444444444444444,0.5454545454545454,0.42857142857142855,0.5476190476190477
857400,0.6,0.9166666666666666,0.5454545454545454,0.42857142857142855,0.6190476190476191
857700,0.6,0.9166666666666666,0.5,0.42857142857142855,0.6190476190476191
858000,0.6,0.9444444444444444,0.5454545454545454,0.44642857142857145,0.5952380952380952
858300,0.6,0.9444444444444444,0.5454545454545454,0.4642857142857143,0.5238095238095238
858600,0.5666666666666667,0.9444444444444444,0.5454545454545454,0.4642857142857143,0.5
858900,0.5666666666666667,0.8888888888888888,0.5909090909090909,0.4642857142857143,0.38095238095238093
859200,0.5666666666666667,0.8888888888888888,0.5454545454545454,0.5357142857142857,0.30952380952380953
859500,0.6,0.8611111111111112,0.45454545454545453,0.48214285714285715,0.3333333333333333
859800,0.6,0.8333333333333334,0.5454545454545454,0.42857142857142855,0.42857142857142855
860100,0.6333333333333333,0.8611111111111112,0.5909090909090909,0.48214285714285715,0.5714285714285714
860400,0.6,0.8611111111111112,0.5,0.4642857142857143,0.7380952380952381
860700,0.6,0.8333333333333334,0.5,0.5,0.5952380952380952
861000,0.6,0.8611111111111112,0.4090909090909091,0.5178571428571429,0.6428571428571429
861300,0.6333333333333333,0.8611111111111112,0.4090909090909091,0.48214285714285715,0.5952380952380952
861600,0.5666666666666667,0.8333333333333334,0.3181818181818182,0.4107142857142857,0.47619047619047616
861900,0.5,0.8055555555555556,0.3181818181818182,0.375,0.47619047619047616
862200,0.5,0.7777777777777778,0.18181818181818182,0.375,0.47619047619047616
862500,0.5,0.8055555555555556,0.22727272727272727,0.35714285714285715,0.4523809523809524
862800,0.5,0.8333333333333334,0.4090909090909091,0.3392857142857143,0.4523809523809524
863100,0.4666666666666667,0.8333333333333334,0.36363636363636365,0.2857142857142857,0.5
863400,0.4666666666666667,0.8055555555555556,0.2727272727272727,0.25,0.5
863700,0.43333333333333335,0.8055555555555556,0.22727272727272727,0.25,0.5714285714285714
864000,0.4,0.7777777777777778,0.13636363636363635,0.21428571428571427,0.47619047619047616
864300,0.36666666666666664,0.7777777777777778,0.13636363636363635,0.19642857142857142,0.5238095238095238
864600,0.3333333333333333,0.7777777777777778,0.09090909090909091,0.25,0.47619047619047616
864900,0.36666666666666664,0.75,0.045454545454545456,0.17857142857142858,0.4523809523809524
865200,0.36666666666666664,0.6666666666666666,0.13636363636363635,0.16071428571428573,0.5238095238095238
865500,0.3333333333333333,0.4722222222222222,0.09090909090909091,0.16071428571428573,0.42857142857142855
865800,0.3333333333333333,0.4166666666666667,0.09090909090909091,0.21428571428571427,0.2857142857142857
866100,0.3333333333333333,0.3888888888888889,0.22727272727272727,0.17857142857142858,0.21428571428571427
866400,0.26666666666666666,0.3333333333333333,0.13636363636363635,0.21428571428571427,0.38095238095238093
866700,0.26666666666666666,0.3611111111111111,0.13636363636363635,0.23214285714285715,0.42857142857142855
867000,0.23333333333333334,0.3888888888888889,0.09090909090909091,0.17857142857142858,0.5
867300,0.23333333333333334,0.4444444444444444,0.09090909090909091,0.17857142857142858,0.42857142857142855
867600,0.23333333333333334,0.5,0.18181818181818182,0.19642857142857142,0.5
867900,0.23333333333333334,0.4722222222222222,0.22727272727272727,0.21428571428571427,0.5714285714285714
868200,0.23333333333333334,0.4444444444444444,0.2727272727272727,0.19642857142857142,0.5952380952380952
868500,0.23333333333333334,0.3888888888888889,0.4090909090909091,0.21428571428571427,0.6666666666666666
868800,0.23333333333333334,0.3055555555555556,0.36363636363636365,0.21428571428571427,0.7380952380952381
869100,0.16666666666666666,0.3611111111111111,0.3181818181818182,0.16071428571428573,0.7619047619047619
869400,0.2,0.3333333333333333,0.36363636363636365,0.19642857142857142,0.7619047619047619
869700,0.16666666666666666,0.4166666666666667,0.2727272727272727,0.23214285714285715,0.8333333333333334
870000,0.16666666666666666,0.3055555555555556,0.36363636363636365,0.26785714285714285,0.8333333333333334
870300,0.16666666666666666,0.3611111111111111,0.36363636363636365,0.23214285714285715,0.7857142857142857
870600,0.2,0.4444444444444444,0.36363636363636365,0.23214285714285715,0.8333333333333334
870900,0.2,0.4166666666666667,0.36363636363636365,0.21428571428571427,0.8095238095238095
871200,0.23333333333333334,0.4722222222222222,0.36363636363636365,0.19642857142857142,0.8571428571428571
871500,0.23333333333333334,0.3888888888888889,0.3181818181818182,0.19642857142857142,0.8333333333333334
871800,0.23333333333333334,0.4722222222222222,0.3181818181818182,0.17857142857142858,0.8333333333333334
872100,0.23333333333333334,0.4722222222222222,0.36363636363636365,0.21428571428571427,0.8095238095238095
872400,0.23333333333333334,0.4722222222222222,0.3181818181818182,0.16071428571428573,0.8095238095238095
872700,0.2,0.5277777777777778,0.3181818181818182,0.26785714285714285,0.8095238095238095
873000,0.2,0.4722222222222222,0.3181818181818182,0.3392857142857143,0.8095238095238095
873300,0.2,0.4722222222222222,0.3181818181818182,0.3392857142857143,0.8095238095238095
873600,0.3,0.5555555555555556,0.3181818181818182,0.30357142857142855,0.8333333333333334
873900,0.3,0.5,0.36363636363636365,0.23214285714285715,0.7619047619047619
874200,0.3,0.4444444444444444,0.36363636363636365,0.25,0.7619047619047619
874500,0.3,0.4166666666666667,0.3181818181818182,0.25,0.7857142857142857
874800,0.3,0.3888888888888889,0.3181818181818182,0.19642857142857142,0.7857142857142857
875100,0.3,0.4166666666666667,0.3181818181818182,0.17857142857142858,0.8333333333333334
875400,0.3,0.3611111111111111,0.3181818181818182,0.26785714285714285,0.8571428571428571
875700,0.3,0.3611111111111111,0.3181818181818182,0.25,0.8809523809523809
876000,0.3,0.3611111111111111,0.3181818181818182,0.25,0.8809523809523809
876300,0.3,0.4166666666666667,0.3181818181818182,0.23214285714285715,0.9047619047619048
876600,0.3,0.4166666666666667,0.3181818181818182,0.25,0.9047619047619048
876900,0.3,0.4166666666666667,0.3181818181818182,0.25,0.9047619047619048
877200,0.26666666666666666,0.4166666666666667,0.3181818181818182,0.375,0.9047619047619048
877500,0.26666666666666666,0.6111111111111112,0.3181818181818182,0.4107142857142857,0.9047619047619048
877800,0.26666666666666666,0.6111111111111112,0.36363636363636365,0.35714285714285715,0.9047619047619048
878100,0.26666666666666666,0.6111111111111112,0.36363636363636365,0.39285714285714285,0.9047619047619048
878400,0.26666666666666666,0.5833333333333334,0.3181818181818182,0.39285714285714285,0.9047619047619048
878700,0.26666666666666666,0.5555555555555556,0.3181818181818182,0.39285714285714285,0.9285714285714286
879000,0.26666666666666666,0.5555555555555556,0.3181818181818182,0.5,0.9285714285714286
879300,0.26666666666666666,0.6111111111111112,0.3181818181818182,0.48214285714285715,0.9285714285714286
879600,0.23333333333333334,0.5833333333333334,0.3181818181818182,0.5,0.9285714285714286
879900,0.23333333333333334,0.5555555555555556,0.3181818181818182,0.5,0.9285714285714286
880200,0.23333333333333334,0.5833333333333334,0.3181818181818182,0.5178571428571429,0.9523809523809523
880500,0.23333333333333334,0.6666666666666666,0.3181818181818182,0.5535714285714286,0.9285714285714286
880800,0.23333333333333334,0.6666666666666666,0.3181818181818182,0.5535714285714286,0.9285714285714286
881100,0.2,0.6666666666666666,0.3181818181818182,0.5535714285714286,0.8571428571428571
881400,0.2,0.6388888888888888,0.3181818181818182,0.5357142857142857,0.8571428571428571
881700,0.2,0.6111111111111112,0.3181818181818182,0.5535714285714286,0.8571428571428571
882000,0.2,0.6388888888888888,0.3181818181818182,0.5535714285714286,0.8333333333333334
882300,0.2,0.5555555555555556,0.3181818181818182,0.5178571428571429,0.8571428571428571
882600,0.23333333333333334,0.5555555555555556,0.36363636363636365,0.5357142857142857,0.8333333333333334
882900,0.26666666666666666,0.5555555555555556,0.36363636363636365,0.625,0.8333333333333334
883200,0.26666666666666666,0.5833333333333334,0.36363636363636365,0.5892857142857143,0.8571428571428571
883500,0.26666666666666666,0.5277777777777778,0.36363636363636365,0.5714285714285714,0.8095238095238095
883800,0.26666666666666666,0.5,0.36363636363636365,0.5,0.8095238095238095
884100,0.26666666666666666,0.5,0.36363636363636365,0.42857142857142855,0.8095238095238095
884400,0.23333333333333334,0.5,0.3181818181818182,0.39285714285714285,0.7619047619047619
884700,0.23333333333333334,0.4166666666666667,0.3181818181818182,0.44642857142857145,0.7619047619047619
885000,0.23333333333333334,0.4166666666666667,0.3181818181818182,0.4642857142857143,0.7619047619047619
885300,0.23333333333333334,0.4444444444444444,0.3181818181818182,0.42857142857142855,0.8333333333333334
885600,0.23333333333333334,0.4166666666666667,0.3181818181818182,0.4642857142857143,0.8095238095238095
885900,0.23333333333333334,0.4166666666666667,0.3181818181818182,0.44642857142857145,0.7619047619047619
886200,0.23333333333333334,0.5,0.36363636363636365,0.44642857142857145,0.7619047619047619
886500,0.23333333333333334,0.5277777777777778,0.3181818181818182,0.42857142857142855,0.7619047619047619
886800,0.2,0.5277777777777778,0.22727272727272727,0.42857142857142855,0.7380952380952381
887100,0.26666666666666666,0.5277777777777778,0.18181818181818182,0.3392857142857143,0.7380952380952381
887400,0.26666666666666666,0.6111111111111112,0.22727272727272727,0.32142857142857145,0.7619047619047619
887700,0.26666666666666666,0.6388888888888888,0.18181818181818182,0.25,0.8095238095238095
888000,0.26666666666666666,0.6944444444444444,0.2727272727272727,0.32142857142857145,0.8095238095238095
888300,0.26666666666666666,0.6944444444444444,0.3181818181818182,0.35714285714285715,0.7857142857142857
888600,0.26666666666666666,0.6944444444444444,0.36363636363636365,0.30357142857142855,0.7857142857142857
888900,0.26666666666666666,0.6666666666666666,0.45454545454545453,0.30357142857142855,0.8333333333333334
889200,0.3,0.6388888888888888,0.5,0.30357142857142855,0.8333333333333334
889500,0.3333333333333333,0.5833333333333334,0.5454545454545454,0.3392857142857143,0.8333333333333334
889800,0.3,0.5555555555555556,0.5909090909090909,0.32142857142857145,0.8095238095238095
890100,0.3333333333333333,0.5277777777777778,0.5909090909090909,0.23214285714285715,0.8571428571428571
890400,0.36666666666666664,0.5277777777777778,0.6363636363636364,0.19642857142857142,0.8571428571428571
890700,0.4,0.5833333333333334,0.6818181818181818,0.19642857142857142,0.8571428571428571
891000,0.4,0.6111111111111112,0.6818181818181818,0.25,0.8333333333333334
891300,0.4666666666666667,0.6944444444444444,0.6818181818181818,0.26785714285714285,0.8095238095238095
891600,0.4666666666666667,0.6944444444444444,0.7272727272727273,0.21428571428571427,0.7857142857142857
891900,0.4666666666666667,0.7222222222222222,0.7272727272727273,0.2857142857142857,0.8095238095238095
892200,0.5,0.7222222222222222,0.7272727272727273,0.21428571428571427,0.7857142857142857
892500,0.5333333333333333,0.75,0.7272727272727273,0.25,0.7142857142857143
892800,0.5666666666666667,0.75,0.7727272727272727,0.3392857142857143,0.6666666666666666
893100,0.6,0.8055555555555556,0.7727272727272727,0.4107142857142857,0.6904761904761905
893400,0.6,0.8333333333333334,0.8181818181818182,0.5178571428571429,0.6190476190476191
893700,0.6333333333333333,0.8055555555555556,0.8181818181818182,0.5714285714285714,0.6190476190476191
894000,0.6333333333333333,0.9166666666666666,0.8181818181818182,0.5714285714285714,0.6190476190476191
894300,0.6333333333333333,0.9722222222222222,0.8181818181818182,0.5535714285714286,0.6428571428571429
894600,0.6666666666666666,0.9722222222222222,0.8181818181818182,0.5892857142857143,0.6190476190476191
894900,0.6666666666666666,0.9722222222222222,0.8181818181818182,0.6964285714285714,0.6428571428571429
895200,0.6666666666666666,0.9722222222222222,0.8181818181818182,0.6785714285714286,0.6666666666666666
895500,0.6666666666666666,0.9444444444444444,0.8181818181818182,0.6964285714285714,0.7142857142857143
895800,0.6333333333333333,0.9444444444444444,0.8636363636363636,0.6964285714285714,0.6428571428571429
896100,0.6666666666666666,0.9722222222222222,0.8636363636363636,0.6964285714285714,0.6428571428571429
896400,0.7,0.9722222222222222,0.8636363636363636,0.7678571428571429,0.6666666666666666
896700,0.7,0.9722222222222222,0.8636363636363636,0.7857142857142857,0.6428571428571429
897000,0.7,0.9722222222222222,0.8636363636363636,0.7678571428571429,0.6190476190476191
897300,0.7,0.9444444444444444,0.8181818181818182,0.7678571428571429,0.5476190476190477
897600,0.6666666666666666,0.9166666666666666,0.8181818181818182,0.7857142857142857,0.4523809523809524
897900,0.6666666666666666,0.8888888888888888,0.8181818181818182,0.8035714285714286,0.4523809523809524
898200,0.6666666666666666,0.8888888888888888,0.8181818181818182,0.8214285714285714,0.42857142857142855
898500,0.7,0.8888888888888888,0.8181818181818182,0.8571428571428571,0.5238095238095238
898800,0.7333333333333333,0.8888888888888888,0.8181818181818182,0.8392857142857143,0.5238095238095238
899100,0.7333333333333333,0.8888888888888888,0.8181818181818182,0.8392857142857143,0.40476190476190477
899400,0.7333333333333333,0.8888888888888888,0.8181818181818182,0.8571428571428571,0.3333333333333333
899700,0.7333333333333333,0.8611111111111112,0.8181818181818182,0.8392857142857143,0.2857142857142857
900000,0.7333333333333333,0.9444444444444444,0.9090909090909091,0.8571428571428571,0.23809523809523808
900300,0.7,0.9166666666666666,0.9090909090909091,0.8571428571428571,0.16666666666666666
900600,0.6666666666666666,0.9166666666666666,0.9090909090909091,0.875,0.047619047619047616
900900,0.7,0.9166666666666666,0.9090909090909091,0.875,0.0
901200,0.7,0.9166666666666666,1.0,0.8928571428571429,0.11904761904761904
901500,0.6666666666666666,0.9166666666666666,1.0,0.875,0.047619047619047616
901800,0.6333333333333333,0.9722222222222222,1.0,0.8928571428571429,0.07142857142857142
902100,0.6666666666666666,0.9722222222222222,0.9545454545454546,0.9285714285714286,0.11904761904761904
902400,0.7,0.9722222222222222,0.9090909090909091,0.9464285714285714,0.09523809523809523
902700,0.7,0.9722222222222222,0.9090909090909091,0.9464285714285714,0.14285714285714285
903000,0.7,0.9722222222222222,0.9090909090909091,0.9285714285714286,0.14285714285714285
903300,0.7,0.9722222222222222,0.9090909090909091,0.9285714285714286,0.16666666666666666
903600,0.7,0.9722222222222222,0.8636363636363636,0.9464285714285714,0.19047619047619047
903900,0.7,0.9722222222222222,0.8636363636363636,0.9107142857142857,0.30952380952380953
904200,0.7666666666666667,0.9166666666666666,0.8181818181818182,0.9285714285714286,0.16666666666666666
904500,0.7666666666666667,0.8333333333333334,0.8181818181818182,0.9285714285714286,0.07142857142857142
904800,0.7666666666666667,0.8055555555555556,0.8181818181818182,0.8571428571428571,0.023809523809523808
905100,0.7333333333333333,0.7777777777777778,0.7727272727272727,0.8571428571428571,0.19047619047619047
905400,0.7333333333333333,0.75,0.7272727272727273,0.8571428571428571,0.11904761904761904
905700,0.7333333333333333,0.75,0.6818181818181818,0.8571428571428571,0.07142857142857142
906000,0.7,0.75,0.7272727272727273,0.8571428571428571,0.16666666666666666
906300,0.7,0.7222222222222222,0.6363636363636364,0.8214285714285714,0.23809523809523808
906600,0.6333333333333333,0.75,0.5909090909090909,0.8392857142857143,0.14285714285714285
906900,0.6333333333333333,0.75,0.5454545454545454,0.9107142857142857,0.14285714285714285
907200,0.6666666666666666,0.6666666666666666,0.5,0.875,0.21428571428571427
907500,0.7,0.6666666666666666,0.5,0.875,0.19047619047619047
907800,0.7,0.5833333333333334,0.45454545454545453,0.7678571428571429,0.16666666666666666
908100,0.6666666666666666,0.4722222222222222,0.5,0.7142857142857143,0.14285714285714285
908400,0.6666666666666666,0.3888888888888889,0.5,0.7142857142857143,0.23809523809523808
908700,0.6333333333333333,0.3888888888888889,0.5,0.7142857142857143,0.2857142857142857
909000,0.6,0.3055555555555556,0.5454545454545454,0.7142857142857143,0.3333333333333333
909300,0.6,0.2222222222222222,0.5454545454545454,0.6964285714285714,0.42857142857142855
909600,0.5666666666666667,0.2222222222222222,0.6363636363636364,0.6964285714285714,0.38095238095238093
909900,0.5333333333333333,0.19444444444444445,0.6363636363636364,0.6964285714285714,0.38095238095238093
910200,0.4666666666666667,0.19444444444444445,0.5909090909090909,0.6071428571428571,0.4523809523809524
910500,0.5333333333333333,0.2777777777777778,0.5909090909090909,0.6071428571428571,0.38095238095238093
910800,0.4666666666666667,0.2222222222222222,0.5454545454545454,0.6071428571428571,0.47619047619047616
911100,0.4666666666666667,0.25,0.5909090909090909,0.6785714285714286,0.40476190476190477
911400,0.4,0.2777777777777778,0.5909090909090909,0.5714285714285714,0.2619047619047619
911700,0.36666666666666664,0.3333333333333333,0.5,0.5178571428571429,0.21428571428571427
912000,0.36666666666666664,0.3333333333333333,0.5,0.5178571428571429,0.21428571428571427
912300,0.4,0.3888888888888889,0.45454545454545453,0.5357142857142857,0.21428571428571427
912600,0.43333333333333335,0.5,0.5909090909090909,0.5357142857142857,0.2619047619047619
912900,0.43333333333333335,0.5,0.5909090909090909,0.5714285714285714,0.3333333333333333
913200,0.43333333333333335,0.4722222222222222,0.5909090909090909,0.5892857142857143,0.3333333333333333
913500,0.4666666666666667,0.5555555555555556,0.5909090909090909,0.5535714285714286,0.30952380952380953
913800,0.4666666666666667,0.5555555555555556,0.5909090909090909,0.5535714285714286,0.30952380952380953
914100,0.43333333333333335,0.5833333333333334,0.5909090909090909,0.625,0.16666666666666666
914400,0.43333333333333335,0.5555555555555556,0.5454545454545454,0.625,0.14285714285714285
914700,0.4666666666666667,0.5833333333333334,0.5909090909090909,0.6785714285714286,0.023809523809523808
915000,0.43333333333333335,0.6666666666666666,0.5909090909090909,0.6785714285714286,0.07142857142857142
915300,0.4,0.6666666666666666,0.5909090909090909,0.75,0.14285714285714285
915600,0.4,0.6666666666666666,0.5909090909090909,0.75,0.14285714285714285
915900,0.43333333333333335,0.75,0.5454545454545454,0.8035714285714286,0.14285714285714285
916200,0.5333333333333333,0.8055555555555556,0.5454545454545454,0.8571428571428571,0.14285714285714285
916500,0.5333333333333333,0.8055555555555556,0.5454545454545454,0.8571428571428571,0.19047619047619047
916800,0.5333333333333333,0.7777777777777778,0.5454545454545454,0.9107142857142857,0.2857142857142857
917100,0.5333333333333333,0.7777777777777778,0.5909090909090909,0.9285714285714286,0.21428571428571427
917400,0.5333333333333333,0.8055555555555556,0.6363636363636364,0.9285714285714286,0.21428571428571427
917700,0.5,0.8055555555555556,0.5909090909090909,0.9464285714285714,0.16666666666666666
918000,0.5,0.8055555555555556,0.5909090909090909,0.9285714285714286,0.21428571428571427
918300,0.5666666666666667,0.8055555555555556,0.5909090909090909,0.9285714285714286,0.3333333333333333
918600,0.5333333333333333,0.8055555555555556,0.5909090909090909,0.9464285714285714,0.38095238095238093
918900,0.5333333333333333,0.7777777777777778,0.5909090909090909,0.9464285714285714,0.42857142857142855
919200,0.5,0.8055555555555556,0.6363636363636364,0.9464285714285714,0.42857142857142855
919500,0.5333333333333333,0.8055555555555556,0.5909090909090909,0.9642857142857143,0.42857142857142855
919800,0.6666666666666666,0.7222222222222222,0.6363636363636364,0.9464285714285714,0.5476190476190477
920100,0.6333333333333333,0.7222222222222222,0.6363636363636364,0.9464285714285714,0.5476190476190477
920400,0.6333333333333333,0.7777777777777778,0.6363636363636364,0.9642857142857143,0.5714285714285714
920700,0.6333333333333333,0.75,0.6363636363636364,0.9107142857142857,0.4523809523809524
921000,0.6,0.7222222222222222,0.6363636363636364,0.9285714285714286,0.38095238095238093
921300,0.6666666666666666,0.7222222222222222,0.5909090909090909,0.9107142857142857,0.2619047619047619
921600,0.0,0.0,0.0,0.0,0.19047619047619047
921900,0.6666666666666666,0.6944444444444444,0.5454545454545454,0.8571428571428571,0.14285714285714285
922200,0.6666666666666666,0.6944444444444444,0.5454545454545454,0.8571428571428571,0.14285714285714285
922500,0.6666666666666666,0.7222222222222222,0.5909090909090909,0.8571428571428571,0.19047619047619047
922800,0.5666666666666667,0.75,0.6363636363636364,0.8392857142857143,0.07142857142857142
923100,0.5666666666666667,0.75,0.6818181818181818,0.8392857142857143,0.07142857142857142
923400,0.5666666666666667,0.8055555555555556,0.6818181818181818,0.8214285714285714,0.14285714285714285
923700,0.5333333333333333,0.75,0.7272727272727273,0.8035714285714286,0.11904761904761904
924000,0.5666666666666667,0.75,0.6818181818181818,0.8214285714285714,0.023809523809523808
924300,0.6,0.7777777777777778,0.6818181818181818,0.8214285714285714,0.11904761904761904
924600,0.6,0.7222222222222222,0.6818181818181818,0.8035714285714286,0.21428571428571427
924900,0.6333333333333333,0.6944444444444444,0.6818181818181818,0.8571428571428571,0.2619047619047619
925200,0.6333333333333333,0.6944444444444444,0.6363636363636364,0.8571428571428571,0.30952380952380953
925500,0.6333333333333333,0.6944444444444444,0.7272727272727273,0.875,0.35714285714285715
925800,0.6,0.7222222222222222,0.7727272727272727,0.875,0.30952380952380953
926100,0.6,0.6944444444444444,0.7272727272727273,0.8571428571428571,0.40476190476190477
926400,0.7,0.7777777777777778,0.7727272727272727,0.8571428571428571,0.4523809523809524
926700,0.7,0.7777777777777778,0.8181818181818182,0.8392857142857143,0.5238095238095238
927000,0.7,0.8055555555555556,0.6818181818181818,0.8214285714285714,0.42857142857142855
927300,0.7,0.8055555555555556,0.7272727272727273,0.8035714285714286,0.3333333333333333
927600,0.7,0.8611111111111112,0.6818181818181818,0.8571428571428571,0.38095238095238093
927900,0.7,0.8888888888888888,0.6818181818181818,0.8214285714285714,0.4523809523809524
928200,0.7,0.8888888888888888,0.6818181818181818,0.8392857142857143,0.35714285714285715
928500,0.7,0.8888888888888888,0.6818181818181818,0.8928571428571429,0.30952380952380953
928800,0.7333333333333333,0.8888888888888888,0.6818181818181818,0.9107142857142857,0.2619047619047619
929100,0.7333333333333333,0.9166666666666666,0.6363636363636364,0.9107142857142857,0.35714285714285715
929400,0.6666666666666666,0.9166666666666666,0.6363636363636364,0.8571428571428571,0.40476190476190477
929700,0.6666666666666666,0.9166666666666666,0.6363636363636364,0.8035714285714286,0.4523809523809524
930000,0.6666666666666666,0.9166666666666666,0.6363636363636364,0.8035714285714286,0.40476190476190477
930300,0.7,0.9166666666666666,0.6363636363636364,0.8035714285714286,0.42857142857142855
930600,0.6666666666666666,0.9166666666666666,0.6818181818181818,0.7678571428571429,0.5952380952380952
930900,0.6333333333333333,0.9166666666666666,0.6818181818181818,0.7857142857142857,0.6190476190476191
931200,0.5666666666666667,0.8888888888888888,0.6363636363636364,0.7857142857142857,0.5952380952380952
931500,0.5333333333333333,0.9166666666666666,0.6363636363636364,0.8035714285714286,0.5952380952380952
931800,0.5333333333333333,0.9444444444444444,0.6363636363636364,0.7678571428571429,0.6190476190476191
932100,0.5,0.9444444444444444,0.6363636363636364,0.7857142857142857,0.7380952380952381
932400,0.4666666666666667,0.8888888888888888,0.6363636363636364,0.7678571428571429,0.7619047619047619
932700,0.4666666666666667,0.8888888888888888,0.6818181818181818,0.6428571428571429,0.6428571428571429
933000,0.5,0.8611111111111112,0.6363636363636364,0.6428571428571429,0.6190476190476191
933300,0.5333333333333333,0.8888888888888888,0.5909090909090909,0.6071428571428571,0.6190476190476191
933600,0.5666666666666667,0.8611111111111112,0.6363636363636364,0.5892857142857143,0.5952380952380952
933900,0.5666666666666667,0.8333333333333334,0.6363636363636364,0.5,0.5952380952380952
934200,0.6,0.8333333333333334,0.5909090909090909,0.5,0.6190476190476191
934500,0.6,0.8055555555555556,0.5454545454545454,0.42857142857142855,0.5714285714285714
934800,0.5666666666666667,0.8333333333333334,0.5454545454545454,0.4107142857142857,0.5952380952380952
935100,0.6,0.8333333333333334,0.45454545454545453,0.3392857142857143,0.5
935400,0.6333333333333333,0.8333333333333334,0.4090909090909091,0.3392857142857143,0.5238095238095238
935700,0.6,0.8333333333333334,0.3181818181818182,0.32142857142857145,0.6190476190476191
936000,0.5666666666666667,0.8333333333333334,0.3181818181818182,0.3392857142857143,0.6428571428571429
936300,0.5333333333333333,0.8611111111111112,0.36363636363636365,0.35714285714285715,0.7142857142857143
936600,0.5,0.8333333333333334,0.4090909090909091,0.3392857142857143,0.5952380952380952
936900,0.5,0.8333333333333334,0.2727272727272727,0.32142857142857145,0.5952380952380952
937200,0.5,0.8611111111111112,0.4090909090909091,0.35714285714285715,0.6428571428571429
937500,0.43333333333333335,0.8333333333333334,0.36363636363636365,0.39285714285714285,0.7142857142857143
937800,0.4,0.8611111111111112,0.36363636363636365,0.42857142857142855,0.7619047619047619
938100,0.4,0.8888888888888888,0.45454545454545453,0.44642857142857145,0.6904761904761905
938400,0.4,0.8888888888888888,0.45454545454545453,0.44642857142857145,0.6904761904761905
938700,0.43333333333333335,0.8888888888888888,0.3181818181818182,0.4642857142857143,0.6666666666666666
939000,0.43333333333333335,0.9166666666666666,0.3181818181818182,0.5,0.6666666666666666
939300,0.43333333333333335,0.9722222222222222,0.2727272727272727,0.5178571428571429,0.6666666666666666
939600,0.43333333333333335,0.9722222222222222,0.18181818181818182,0.5892857142857143,0.6190476190476191
939900,0.43333333333333335,0.9444444444444444,0.13636363636363635,0.5714285714285714,0.5
940200,0.5,0.8888888888888888,0.0,0.5535714285714286,0.5
940500,0.5666666666666667,0.8333333333333334,0.045454545454545456,0.5714285714285714,0.5476190476190477
940800,0.5666666666666667,0.8333333333333334,0.09090909090909091,0.5714285714285714,0.5476190476190477
941100,0.5333333333333333,0.8055555555555556,0.13636363636363635,0.5357142857142857,0.5
941400,0.5333333333333333,0.8055555555555556,0.09090909090909091,0.5178571428571429,0.5476190476190477
941700,0.5333333333333333,0.8333333333333334,0.18181818181818182,0.48214285714285715,0.5952380952380952
942000,0.4666666666666667,0.8611111111111112,0.22727272727272727,0.48214285714285715,0.6428571428571429
942300,0.4666666666666667,0.8611111111111112,0.18181818181818182,0.44642857142857145,0.6190476190476191
942600,0.4,0.9166666666666666,0.2727272727272727,0.42857142857142855,0.5952380952380952
942900,0.4,0.9166666666666666,0.18181818181818182,0.4107142857142857,0.5952380952380952
943200,0.43333333333333335,0.9166666666666666,0.18181818181818182,0.4107142857142857,0.6428571428571429
943500,0.4666666666666667,0.9444444444444444,0.2727272727272727,0.375,0.6428571428571429
943800,0.4666666666666667,0.9722222222222222,0.3181818181818182,0.35714285714285715,0.6428571428571429
944100,0.5333333333333333,0.9722222222222222,0.36363636363636365,0.35714285714285715,0.6904761904761905
944400,0.5,0.9722222222222222,0.36363636363636365,0.35714285714285715,0.7142857142857143
944700,0.5333333333333333,0.9166666666666666,0.4090909090909091,0.26785714285714285,0.7142857142857143
945000,0.5333333333333333,0.8888888888888888,0.4090909090909091,0.26785714285714285,0.6428571428571429
945300,0.5,0.8888888888888888,0.36363636363636365,0.2857142857142857,0.6666666666666666
945600,0.43333333333333335,0.9166666666666666,0.4090909090909091,0.32142857142857145,0.5952380952380952
945900,0.4,0.9722222222222222,0.45454545454545453,0.32142857142857145,0.6190476190476191
946200,0.43333333333333335,0.9444444444444444,0.36363636363636365,0.2857142857142857,0.5952380952380952
946500,0.4,0.9444444444444444,0.3181818181818182,0.2857142857142857,0.6190476190476191
946800,0.36666666666666664,0.8888888888888888,0.3181818181818182,0.375,0.5476190476190477
947100,0.36666666666666664,0.8888888888888888,0.2727272727272727,0.35714285714285715,0.47619047619047616
947400,0.3333333333333333,0.9166666666666666,0.22727272727272727,0.35714285714285715,0.38095238095238093
947700,0.3333333333333333,0.9166666666666666,0.13636363636363635,0.44642857142857145,0.38095238095238093
948000,0.3,0.8888888888888888,0.045454545454545456,0.44642857142857145,0.3333333333333333
948300,0.3,0.8611111111111112,0.13636363636363635,0.4642857142857143,0.4523809523809524
948600,0.3,0.7777777777777778,0.18181818181818182,0.39285714285714285,0.4523809523809524
948900,0.3,0.7777777777777778,0.3181818181818182,0.48214285714285715,0.47619047619047616
949200,0.36666666666666664,0.75,0.3181818181818182,0.5,0.5476190476190477
949500,0.43333333333333335,0.7222222222222222,0.4090909090909091,0.5,0.6190476190476191
949800,0.43333333333333335,0.6666666666666666,0.36363636363636365,0.5,0.6666666666666666
950100,0.36666666666666664,0.5833333333333334,0.36363636363636365,0.42857142857142855,0.5952380952380952
950400,0.3333333333333333,0.6111111111111112,0.22727272727272727,0.42857142857142855,0.5952380952380952
950700,0.26666666666666666,0.6111111111111112,0.22727272727272727,0.375,0.5714285714285714
951000,0.26666666666666666,0.5555555555555556,0.13636363636363635,0.4107142857142857,0.5714285714285714
951300,0.26666666666666666,0.5555555555555556,0.13636363636363635,0.4107142857142857,0.5714285714285714
951600,0.26666666666666666,0.4166666666666667,0.13636363636363635,0.32142857142857145,0.5476190476190477
951900,0.2,0.3333333333333333,0.09090909090909091,0.30357142857142855,0.6190476190476191
952200,0.1,0.3333333333333333,0.13636363636363635,0.32142857142857145,0.6190476190476191
952500,0.1,0.3333333333333333,0.13636363636363635,0.32142857142857145,0.6190476190476191
952800,0.13333333333333333,0.4444444444444444,0.18181818181818182,0.32142857142857145,0.6190476190476191
953100,0.06666666666666667,0.4444444444444444,0.045454545454545456,0.32142857142857145,0.6190476190476191
953400,0.06666666666666667,0.4444444444444444,0.045454545454545456,0.32142857142857145,0.6190476190476191
953700,0.06666666666666667,0.25,0.13636363636363635,0.32142857142857145,0.6190476190476191
954000,0.06666666666666667,0.2222222222222222,0.13636363636363635,0.30357142857142855,0.6190476190476191
954300,0.06666666666666667,0.2222222222222222,0.13636363636363635,0.30357142857142855,0.6190476190476191
954600,0.06666666666666667,0.2222222222222222,0.13636363636363635,0.30357142857142855,0.7142857142857143
954900,0.06666666666666667,0.2222222222222222,0.13636363636363635,0.30357142857142855,0.7142857142857143
955200,0.06666666666666667,0.25,0.13636363636363635,0.30357142857142855,0.7142857142857143
955500,0.13333333333333333,0.25,0.09090909090909091,0.30357142857142855,0.7142857142857143
955800,0.1,0.3888888888888889,0.13636363636363635,0.17857142857142858,0.7142857142857143
956100,0.1,0.3888888888888889,0.13636363636363635,0.16071428571428573,0.7380952380952381
956400,0.1,0.3888888888888889,0.22727272727272727,0.10714285714285714,0.7380952380952381
956700,0.1,0.3333333333333333,0.2727272727272727,0.14285714285714285,0.7380952380952381
957000,0.13333333333333333,0.3055555555555556,0.2727272727272727,0.16071428571428573,0.7380952380952381
957300,0.2,0.3055555555555556,0.2727272727272727,0.14285714285714285,0.7380952380952381
957600,0.23333333333333334,0.2222222222222222,0.3181818181818182,0.125,0.6904761904761905
957900,0.23333333333333334,0.25,0.4090909090909091,0.17857142857142858,0.6904761904761905
958200,0.23333333333333334,0.16666666666666666,0.45454545454545453,0.125,0.7142857142857143
958500,0.23333333333333334,0.16666666666666666,0.5,0.07142857142857142,0.7142857142857143
958800,0.3,0.25,0.5,0.16071428571428573,0.6904761904761905
959100,0.3,0.19444444444444445,0.5454545454545454,0.17857142857142858,0.7142857142857143
959400,0.3,0.25,0.5454545454545454,0.19642857142857142,0.7142857142857143
959700,0.3333333333333333,0.2222222222222222,0.45454545454545453,0.19642857142857142,0.7380952380952381
960000,0.3333333333333333,0.19444444444444445,0.45454545454545453,0.19642857142857142,0.7619047619047619
960300,0.3333333333333333,0.2777777777777778,0.4090909090909091,0.23214285714285715,0.7619047619047619
960600,0.3333333333333333,0.3055555555555556,0.4090909090909091,0.25,0.7857142857142857
960900,0.3333333333333333,0.3055555555555556,0.4090909090909091,0.2857142857142857,0.8095238095238095
961200,0.36666666666666664,0.3333333333333333,0.3181818181818182,0.3392857142857143,0.8095238095238095
961500,0.36666666666666664,0.3055555555555556,0.2727272727272727,0.30357142857142855,0.8333333333333334
961800,0.4,0.3333333333333333,0.2727272727272727,0.2857142857142857,0.8333333333333334
962100,0.4,0.3333333333333333,0.2727272727272727,0.35714285714285715,0.8333333333333334
962400,0.4,0.3888888888888889,0.2727272727272727,0.4642857142857143,0.8333333333333334
962700,0.4,0.4166666666666667,0.2727272727272727,0.5,0.8333333333333334
963000,0.43333333333333335,0.4166666666666667,0.2727272727272727,0.5178571428571429,0.8571428571428571
963300,0.43333333333333335,0.2777777777777778,0.3181818181818182,0.5535714285714286,0.8571428571428571
963600,0.43333333333333335,0.2222222222222222,0.3181818181818182,0.5714285714285714,0.8333333333333334
963900,0.43333333333333335,0.2777777777777778,0.3181818181818182,0.5714285714285714,0.8333333333333334
964200,0.4,0.3055555555555556,0.3181818181818182,0.6071428571428571,0.8571428571428571
964500,0.4,0.3611111111111111,0.3181818181818182,0.5714285714285714,0.8333333333333334
964800,0.4,0.3055555555555556,0.36363636363636365,0.5892857142857143,0.8333333333333334
965100,0.4,0.3888888888888889,0.36363636363636365,0.5535714285714286,0.8095238095238095
965400,0.4,0.4722222222222222,0.36363636363636365,0.5535714285714286,0.7857142857142857
965700,0.4,0.5,0.36363636363636365,0.5535714285714286,0.7619047619047619
966000,0.4,0.5277777777777778,0.36363636363636365,0.5892857142857143,0.7857142857142857
966300,0.4,0.5,0.36363636363636365,0.5892857142857143,0.7857142857142857
966600,0.4,0.4444444444444444,0.36363636363636365,0.6071428571428571,0.8333333333333334
966900,0.4,0.3888888888888889,0.3181818181818182,0.5714285714285714,0.8809523809523809
967200,0.4,0.3888888888888889,0.2727272727272727,0.5535714285714286,0.8809523809523809
967500,0.4,0.3611111111111111,0.2727272727272727,0.5714285714285714,0.8571428571428571
967800,0.4,0.4444444444444444,0.2727272727272727,0.5714285714285714,0.8333333333333334
968100,0.4,0.5,0.2727272727272727,0.5535714285714286,0.8095238095238095
968400,0.4,0.5,0.2727272727272727,0.5714285714285714,0.7619047619047619
968700,0.36666666666666664,0.4722222222222222,0.2727272727272727,0.5714285714285714,0.7619047619047619
969000,0.36666666666666664,0.5,0.2727272727272727,0.5535714285714286,0.7619047619047619
969300,0.36666666666666664,0.4166666666666667,0.2727272727272727,0.5714285714285714,0.7857142857142857
969600,0.36666666666666664,0.4166666666666667,0.3181818181818182,0.5714285714285714,0.7857142857142857
969900,0.4,0.4722222222222222,0.3181818181818182,0.5535714285714286,0.7380952380952381
970200,0.4,0.5,0.2727272727272727,0.5357142857142857,0.8095238095238095
970500,0.4,0.5277777777777778,0.2727272727272727,0.5178571428571429,0.7857142857142857
970800,0.4,0.5,0.3181818181818182,0.5357142857142857,0.7619047619047619
971100,0.4,0.4722222222222222,0.3181818181818182,0.5535714285714286,0.8095238095238095
971400,0.4,0.5277777777777778,0.3181818181818182,0.5357142857142857,0.7857142857142857
971700,0.36666666666666664,0.5277777777777778,0.3181818181818182,0.5357142857142857,0.8095238095238095
972000,0.36666666666666664,0.5277777777777778,0.3181818181818182,0.48214285714285715,0.7619047619047619
972300,0.36666666666666664,0.4722222222222222,0.3181818181818182,0.48214285714285715,0.7380952380952381
972600,0.36666666666666664,0.4722222222222222,0.3181818181818182,0.5,0.7380952380952381
972900,0.36666666666666664,0.4722222222222222,0.3181818181818182,0.5,0.7380952380952381
973200,0.3333333333333333,0.4722222222222222,0.3181818181818182,0.48214285714285715,0.7380952380952381
973500,0.3333333333333333,0.5,0.36363636363636365,0.42857142857142855,0.7380952380952381
973800,0.3333333333333333,0.4722222222222222,0.36363636363636365,0.39285714285714285,0.7380952380952381
974100,0.36666666666666664,0.4722222222222222,0.36363636363636365,0.35714285714285715,0.7380952380952381
974400,0.3333333333333333,0.5277777777777778,0.36363636363636365,0.2857142857142857,0.7857142857142857
974700,0.3333333333333333,0.5555555555555556,0.36363636363636365,0.19642857142857142,0.7619047619047619
975000,0.3333333333333333,0.6111111111111112,0.4090909090909091,0.14285714285714285,0.7619047619047619
975300,0.3333333333333333,0.6111111111111112,0.45454545454545453,0.125,0.7380952380952381
975600,0.3,0.6944444444444444,0.6363636363636364,0.14285714285714285,0.7380952380952381
975900,0.3333333333333333,0.6666666666666666,0.6818181818181818,0.125,0.7619047619047619
976200,0.5,0.6388888888888888,0.6818181818181818,0.125,0.8095238095238095
976500,0.5333333333333333,0.6111111111111112,0.6818181818181818,0.125,0.8095238095238095
976800,0.5333333333333333,0.6666666666666666,0.6818181818181818,0.125,0.8333333333333334
977100,0.5666666666666667,0.6666666666666666,0.6818181818181818,0.14285714285714285,0.7857142857142857
977400,0.5666666666666667,0.6944444444444444,0.5909090909090909,0.14285714285714285,0.8095238095238095
977700,0.6666666666666666,0.8055555555555556,0.5909090909090909,0.17857142857142858,0.7619047619047619
978000,0.6333333333333333,0.7777777777777778,0.6363636363636364,0.16071428571428573,0.7857142857142857
978300,0.6333333333333333,0.8055555555555556,0.5909090909090909,0.10714285714285714,0.7857142857142857
978600,0.6333333333333333,0.8333333333333334,0.5909090909090909,0.125,0.7619047619047619
978900,0.6333333333333333,0.8333333333333334,0.5909090909090909,0.19642857142857142,0.7142857142857143
979200,0.6,0.8333333333333334,0.5909090909090909,0.23214285714285715,0.7380952380952381
979500,0.6,0.8333333333333334,0.6363636363636364,0.30357142857142855,0.7142857142857143
979800,0.6,0.8333333333333334,0.6363636363636364,0.35714285714285715,0.6904761904761905
980100,0.6,0.8333333333333334,0.6363636363636364,0.4642857142857143,0.7380952380952381
980400,0.5666666666666667,0.8888888888888888,0.6363636363636364,0.4642857142857143,0.7142857142857143
980700,0.5666666666666667,0.8888888888888888,0.6363636363636364,0.5357142857142857,0.6190476190476191
981000,0.6,0.9166666666666666,0.6363636363636364,0.5714285714285714,0.6428571428571429
981300,0.6333333333333333,0.9166666666666666,0.6363636363636364,0.5892857142857143,0.6428571428571429
981600,0.6333333333333333,0.9166666666666666,0.6363636363636364,0.5892857142857143,0.6666666666666666
981900,0.6333333333333333,0.9444444444444444,0.6363636363636364,0.6428571428571429,0.6190476190476191
982200,0.6333333333333333,0.9722222222222222,0.6363636363636364,0.6607142857142857,0.6190476190476191
982500,0.6,0.9722222222222222,0.6363636363636364,0.6785714285714286,0.5714285714285714
982800,0.6,0.9722222222222222,0.6363636363636364,0.7142857142857143,0.5952380952380952
983100,0.6333333333333333,0.9444444444444444,0.6363636363636364,0.6964285714285714,0.6190476190476191
983400,0.6,0.9444444444444444,0.6363636363636364,0.6964285714285714,0.5476190476190477
983700,0.6333333333333333,0.9444444444444444,0.5909090909090909,0.6964285714285714,0.5238095238095238
984000,0.6333333333333333,0.9444444444444444,0.5909090909090909,0.6964285714285714,0.47619047619047616
984300,0.6333333333333333,0.9166666666666666,0.5909090909090909,0.625,0.47619047619047616
984600,0.6333333333333333,0.9166666666666666,0.5909090909090909,0.625,0.5
984900,0.6333333333333333,0.8888888888888888,0.6363636363636364,0.5892857142857143,0.42857142857142855
985200,0.6,0.8611111111111112,0.5,0.5892857142857143,0.3333333333333333
985500,0.6,0.8611111111111112,0.5,0.5892857142857143,0.30952380952380953
985800,0.6333333333333333,0.8611111111111112,0.5,0.625,0.35714285714285715
986100,0.6,0.8611111111111112,0.5,0.6607142857142857,0.23809523809523808
986400,0.0,0.0,0.0,0.0,0.2619047619047619
986700,0.6666666666666666,0.8888888888888888,0.5,0.75,0.11904761904761904
987000,0.6666666666666666,0.9166666666666666,0.5,0.7321428571428571,0.11904761904761904
987300,0.6666666666666666,0.8888888888888888,0.5,0.7678571428571429,0.047619047619047616
987600,0.6666666666666666,0.9166666666666666,0.5,0.75,0.047619047619047616
987900,0.6333333333333333,0.9166666666666666,0.5909090909090909,0.7857142857142857,0.047619047619047616
988200,0.6333333333333333,0.9444444444444444,0.5909090909090909,0.7857142857142857,0.023809523809523808
988500,0.6333333333333333,0.9444444444444444,0.5909090909090909,0.8214285714285714,0.09523809523809523
988800,0.6666666666666666,0.9444444444444444,0.6818181818181818,0.8214285714285714,0.11904761904761904
989100,0.6333333333333333,0.9722222222222222,0.6363636363636364,0.8571428571428571,0.2619047619047619
989400,0.5666666666666667,0.9722222222222222,0.6363636363636364,0.8571428571428571,0.19047619047619047
989700,0.5333333333333333,0.9722222222222222,0.6363636363636364,0.8571428571428571,0.23809523809523808
990000,0.5333333333333333,0.9722222222222222,0.5454545454545454,0.8571428571428571,0.21428571428571427
990300,0.5333333333333333,0.8888888888888888,0.5454545454545454,0.8928571428571429,0.21428571428571427
990600,0.5333333333333333,0.8333333333333334,0.45454545454545453,0.9107142857142857,0.16666666666666666
990900,0.5333333333333333,0.6666666666666666,0.5,0.9642857142857143,0.14285714285714285
991200,0.5333333333333333,0.6666666666666666,0.5,0.9642857142857143,0.14285714285714285
991500,0.5333333333333333,0.6388888888888888,0.5,0.9464285714285714,0.07142857142857142
991800,0.5333333333333333,0.6388888888888888,0.5,0.9464285714285714,0.07142857142857142
992100,0.6,0.5833333333333334,0.5,0.9107142857142857,0.11904761904761904
992400,0.5333333333333333,0.5277777777777778,0.4090909090909091,0.9107142857142857,0.047619047619047616
992700,0.5333333333333333,0.5277777777777778,0.4090909090909091,0.9107142857142857,0.047619047619047616
993000,0.5666666666666667,0.5555555555555556,0.3181818181818182,0.8571428571428571,0.07142857142857142
993300,0.5333333333333333,0.5,0.3181818181818182,0.8392857142857143,0.09523809523809523
993600,0.0,0.0,0.0,0.0,0.09523809523809523
993900,0.5,0.6944444444444444,0.4090909090909091,0.7857142857142857,0.047619047619047616
994200,0.5,0.5833333333333334,0.3181818181818182,0.7321428571428571,0.047619047619047616
994500,0.3333333333333333,0.5833333333333334,0.36363636363636365,0.6785714285714286,0.07142857142857142
994800,0.3,0.5555555555555556,0.3181818181818182,0.6785714285714286,0.09523809523809523
995100,0.26666666666666666,0.5,0.3181818181818182,0.6607142857142857,0.09523809523809523
995400,0.3,0.3611111111111111,0.2727272727272727,0.6071428571428571,0.11904761904761904
995700,0.23333333333333334,0.2777777777777778,0.2727272727272727,0.6071428571428571,0.09523809523809523
996000,0.23333333333333334,0.16666666666666666,0.36363636363636365,0.5535714285714286,0.023809523809523808
996300,0.23333333333333334,0.1388888888888889,0.45454545454545453,0.5357142857142857,0.07142857142857142
996600,0.2,0.16666666666666666,0.45454545454545453,0.5178571428571429,0.023809523809523808
996900,0.23333333333333334,0.16666666666666666,0.45454545454545453,0.5178571428571429,0.07142857142857142
997200,0.2,0.16666666666666666,0.5454545454545454,0.5,0.0
997500,0.16666666666666666,0.3055555555555556,0.5,0.5357142857142857,0.047619047619047616
997800,0.2,0.16666666666666666,0.4090909090909091,0.4642857142857143,0.11904761904761904
998100,0.23333333333333334,0.1111111111111111,0.4090909090909091,0.4642857142857143,0.16666666666666666
998400,0.23333333333333334,0.1111111111111111,0.5,0.44642857142857145,0.19047619047619047
998700,0.3,0.16666666666666666,0.5909090909090909,0.39285714285714285,0.2619047619047619
999000,0.23333333333333334,0.25,0.5909090909090909,0.42857142857142855,0.21428571428571427
999300,0.26666666666666666,0.16666666666666666,0.5454545454545454,0.4107142857142857,0.2619047619047619
999600,0.26666666666666666,0.16666666666666666,0.5454545454545454,0.375,0.23809523809523808
999900,0.26666666666666666,0.16666666666666666,0.36363636363636365,0.4107142857142857,0.2619047619047619
1000200,0.26666666666666666,0.2777777777777778,0.36363636363636365,0.4107142857142857,0.23809523809523808
1000500,0.26666666666666666,0.3611111111111111,0.45454545454545453,0.42857142857142855,0.23809523809523808
1000800,0.26666666666666666,0.4444444444444444,0.5,0.44642857142857145,0.23809523809523808
1001100,0.26666666666666666,0.6388888888888888,0.5,0.625,0.07142857142857142
1001400,0.3,0.6388888888888888,0.5,0.6607142857142857,0.16666666666666666
1001700,0.3333333333333333,0.7222222222222222,0.5,0.6785714285714286,0.11904761904761904
1002000,0.4,0.8055555555555556,0.45454545454545453,0.75,0.16666666666666666
1002300,0.4,0.7777777777777778,0.5,0.75,0.19047619047619047
1002600,0.36666666666666664,0.8055555555555556,0.5454545454545454,0.7857142857142857,0.2619047619047619
1002900,0.4,0.7777777777777778,0.5454545454545454,0.8214285714285714,0.19047619047619047
1003200,0.43333333333333335,0.7777777777777778,0.6363636363636364,0.8392857142857143,0.2619047619047619
1003500,0.4666666666666667,0.75,0.7727272727272727,0.8928571428571429,0.19047619047619047
1003800,0.5333333333333333,0.8055555555555556,0.7727272727272727,0.8571428571428571,0.14285714285714285
1004100,0.5666666666666667,0.8055555555555556,0.7727272727272727,0.8571428571428571,0.19047619047619047
1004400,0.5333333333333333,0.8055555555555556,0.8181818181818182,0.8928571428571429,0.23809523809523808
1004700,0.5,0.8333333333333334,0.8181818181818182,0.8928571428571429,0.2619047619047619
1005000,0.5333333333333333,0.8333333333333334,0.6363636363636364,0.9107142857142857,0.21428571428571427
1005300,0.5333333333333333,0.8333333333333334,0.6363636363636364,0.9107142857142857,0.21428571428571427
1005600,0.5333333333333333,0.6388888888888888,0.6363636363636364,0.9107142857142857,0.2857142857142857
1005900,0.5333333333333333,0.6388888888888888,0.6363636363636364,0.9107142857142857,0.2857142857142857
1006200,0.5333333333333333,0.5277777777777778,0.6363636363636364,0.875,0.40476190476190477
1006500,0.5333333333333333,0.5277777777777778,0.6363636363636364,0.875,0.40476190476190477
1006800,0.5333333333333333,0.6388888888888888,0.6363636363636364,0.875,0.40476190476190477
1007100,0.5666666666666667,0.6388888888888888,0.6363636363636364,0.8928571428571429,0.40476190476190477
1007400,0.4,0.6388888888888888,0.5,0.8928571428571429,0.40476190476190477
1007700,0.4,0.6388888888888888,0.5,0.8928571428571429,0.40476190476190477
1008000,0.4,0.6388888888888888,0.5454545454545454,0.9107142857142857,0.40476190476190477
1008300,0.36666666666666664,0.6111111111111112,0.5454545454545454,0.9107142857142857,0.35714285714285715
1008600,0.43333333333333335,0.6944444444444444,0.5909090909090909,0.9107142857142857,0.30952380952380953
1008900,0.43333333333333335,0.7222222222222222,0.6363636363636364,0.9107142857142857,0.23809523809523808
1009200,0.43333333333333335,0.6944444444444444,0.5909090909090909,0.9107142857142857,0.3333333333333333
1009500,0.4666666666666667,0.7222222222222222,0.5909090909090909,0.9285714285714286,0.35714285714285715
1009800,0.5,0.75,0.5454545454545454,0.9285714285714286,0.2857142857142857
1010100,0.5,0.75,0.5,0.9464285714285714,0.2619047619047619
1010400,0.5333333333333333,0.7777777777777778,0.5,0.9464285714285714,0.21428571428571427
1010700,0.5,0.75,0.5909090909090909,0.9464285714285714,0.21428571428571427
1011000,0.5,0.7777777777777778,0.7272727272727273,0.9464285714285714,0.21428571428571427
1011300,0.4666666666666667,0.8333333333333334,0.7272727272727273,0.9464285714285714,0.2619047619047619
1011600,0.4666666666666667,0.8611111111111112,0.7727272727272727,0.9464285714285714,0.21428571428571427
1011900,0.5,0.8611111111111112,0.8181818181818182,0.9285714285714286,0.11904761904761904
1012200,0.5,0.8333333333333334,0.8181818181818182,0.9464285714285714,0.19047619047619047
1012500,0.5,0.7777777777777778,0.8181818181818182,0.875,0.2619047619047619
1012800,0.5333333333333333,0.8055555555555556,0.8181818181818182,0.8928571428571429,0.2857142857142857
1013100,0.5666666666666667,0.8333333333333334,0.8181818181818182,0.9285714285714286,0.35714285714285715
1013400,0.6333333333333333,0.8888888888888888,0.8181818181818182,0.9285714285714286,0.3333333333333333
1013700,0.6,0.8611111111111112,0.8181818181818182,0.9642857142857143,0.35714285714285715
1014000,0.6,0.8611111111111112,0.8181818181818182,0.9821428571428571,0.47619047619047616
1014300,0.6,0.9166666666666666,0.8181818181818182,0.9821428571428571,0.47619047619047616
1014600,0.6,0.9166666666666666,0.7727272727272727,0.9821428571428571,0.4523809523809524
1014900,0.5666666666666667,0.8888888888888888,0.7727272727272727,0.9642857142857143,0.5714285714285714
1015200,0.0,0.0,0.0,0.0,0.6428571428571429
1015500,0.6,0.9444444444444444,0.7727272727272727,0.9464285714285714,0.6428571428571429
1015800,0.6,0.9444444444444444,0.7727272727272727,0.9642857142857143,0.6904761904761905
1016100,0.5666666666666667,0.9444444444444444,0.7727272727272727,0.9464285714285714,0.7142857142857143
1016400,0.5333333333333333,0.9444444444444444,0.7727272727272727,0.9464285714285714,0.7380952380952381
1016700,0.5,0.9166666666666666,0.7727272727272727,0.9464285714285714,0.8333333333333334
1017000,0.4,0.9166666666666666,0.7727272727272727,0.9285714285714286,0.8095238095238095
1017300,0.4666666666666667,0.9166666666666666,0.7272727272727273,0.9285714285714286,0.8095238095238095
1017600,0.4666666666666667,0.9166666666666666,0.7272727272727273,0.9285714285714286,0.8095238095238095
1017900,0.4666666666666667,0.8611111111111112,0.7272727272727273,0.9285714285714286,0.8095238095238095
1018200,0.4666666666666667,0.8611111111111112,0.7272727272727273,0.9285714285714286,0.7857142857142857
1018500,0.4666666666666667,0.8611111111111112,0.8181818181818182,0.8928571428571429,0.8095238095238095
1018800,0.5333333333333333,0.8611111111111112,0.8181818181818182,0.8928571428571429,0.8095238095238095
1019100,0.5333333333333333,0.8611111111111112,0.8181818181818182,0.8928571428571429,0.8095238095238095
1019400,0.5333333333333333,0.8611111111111112,0.8181818181818182,0.7678571428571429,0.7380952380952381
1019700,0.5,0.8611111111111112,0.8181818181818182,0.75,0.6904761904761905
1020000,0.4666666666666667,0.9444444444444444,0.7272727272727273,0.6964285714285714,0.6904761904761905
1020300,0.4666666666666667,0.9444444444444444,0.7272727272727273,0.6964285714285714,0.6904761904761905
1020600,0.4,0.9166666666666666,0.5909090909090909,0.4642857142857143,0.7857142857142857
1020900,0.36666666666666664,0.9166666666666666,0.5454545454545454,0.5,0.7380952380952381
1021200,0.36666666666666664,0.9166666666666666,0.5,0.5,0.7380952380952381
1021500,0.4,0.9166666666666666,0.4090909090909091,0.5535714285714286,0.6666666666666666
1021800,0.3,0.9166666666666666,0.4090909090909091,0.5,0.6190476190476191
1022100,0.3333333333333333,0.9166666666666666,0.4090909090909091,0.5178571428571429,0.47619047619047616
1022400,0.3,0.9166666666666666,0.3181818181818182,0.5178571428571429,0.6428571428571429
1022700,0.3333333333333333,0.9166666666666666,0.22727272727272727,0.5178571428571429,0.5714285714285714
1023000,0.3333333333333333,0.8888888888888888,0.13636363636363635,0.48214285714285715,0.5238095238095238
1023300,0.3333333333333333,0.8611111111111112,0.13636363636363635,0.44642857142857145,0.5714285714285714
1023600,0.36666666666666664,0.8611111111111112,0.18181818181818182,0.42857142857142855,0.5714285714285714
1023900,0.3333333333333333,0.8888888888888888,0.22727272727272727,0.42857142857142855,0.5714285714285714
1024200,0.4,0.8888888888888888,0.2727272727272727,0.5178571428571429,0.7142857142857143
1024500,0.43333333333333335,0.8888888888888888,0.2727272727272727,0.48214285714285715,0.6666666666666666
1024800,0.43333333333333335,0.8888888888888888,0.4090909090909091,0.48214285714285715,0.6428571428571429
1025100,0.4,0.9444444444444444,0.6363636363636364,0.44642857142857145,0.6904761904761905
1025400,0.36666666666666664,0.9166666666666666,0.6818181818181818,0.42857142857142855,0.7619047619047619
1025700,0.4,0.8888888888888888,0.6818181818181818,0.44642857142857145,0.7380952380952381
1026000,0.4,0.9166666666666666,0.6363636363636364,0.5,0.7142857142857143
1026300,0.43333333333333335,0.9444444444444444,0.6363636363636364,0.42857142857142855,0.7142857142857143
1026600,0.4,0.9444444444444444,0.6363636363636364,0.42857142857142855,0.7142857142857143
1026900,0.43333333333333335,0.9722222222222222,0.6363636363636364,0.4642857142857143,0.6666666666666666
1027200,0.4,0.9444444444444444,0.6363636363636364,0.4642857142857143,0.7380952380952381
1027500,0.43333333333333335,0.9444444444444444,0.6818181818181818,0.375,0.6904761904761905
1027800,0.43333333333333335,0.9444444444444444,0.6363636363636364,0.2857142857142857,0.6904761904761905
1028100,0.5,0.9166666666666666,0.6363636363636364,0.2857142857142857,0.6904761904761905
1028400,0.4666666666666667,0.9166666666666666,0.6818181818181818,0.26785714285714285,0.6666666666666666
1028700,0.43333333333333335,0.9166666666666666,0.6363636363636364,0.23214285714285715,0.6428571428571429
1029000,0.4,0.8888888888888888,0.6818181818181818,0.25,0.5714285714285714
1029300,0.43333333333333335,0.8888888888888888,0.6818181818181818,0.4107142857142857,0.5
1029600,0.4666666666666667,0.8888888888888888,0.5909090909090909,0.32142857142857145,0.5
1029900,0.43333333333333335,0.8888888888888888,0.5909090909090909,0.39285714285714285,0.5476190476190477
1030200,0.4666666666666667,0.8888888888888888,0.5454545454545454,0.32142857142857145,0.5714285714285714
1030500,0.4666666666666667,0.8611111111111112,0.45454545454545453,0.32142857142857145,0.6190476190476191
1030800,0.4666666666666667,0.8611111111111112,0.45454545454545453,0.32142857142857145,0.6190476190476191
1031100,0.4666666666666667,0.8611111111111112,0.45454545454545453,0.32142857142857145,0.6190476190476191
1031400,0.4666666666666667,0.8611111111111112,0.45454545454545453,0.32142857142857145,0.6190476190476191
1031700,0.4666666666666667,0.8611111111111112,0.45454545454545453,0.32142857142857145,0.6190476190476191
1032000,0.4666666666666667,0.8611111111111112,0.45454545454545453,0.32142857142857145,0.6190476190476191
1032300,0.4666666666666667,0.8611111111111112,0.45454545454545453,0.32142857142857145,0.6190476190476191
1032600,0.4666666666666667,0.8611111111111112,0.45454545454545453,0.32142857142857145,0.6190476190476191
1032900,0.4666666666666667,0.8611111111111112,0.45454545454545453,0.32142857142857145,0.6190476190476191
1033200,0.4666666666666667,0.8611111111111112,0.45454545454545453,0.32142857142857145,0.6190476190476191
1033500,0.4666666666666667,0.8611111111111112,0.45454545454545453,0.32142857142857145,0.6190476190476191
1033800,0.4666666666666667,0.8611111111111112,0.45454545454545453,0.32142857142857145,0.6190476190476191
1034100,0.4666666666666667,0.8611111111111112,0.45454545454545453,0.32142857142857145,0.6190476190476191
1034400,0.4666666666666667,0.8611111111111112,0.45454545454545453,0.32142857142857145,0.6190476190476191
1034700,0.4666666666666667,0.8611111111111112,0.45454545454545453,0.32142857142857145,0.6190476190476191
1035000,0.4666666666666667,0.8611111111111112,0.45454545454545453,0.32142857142857145,0.6190476190476191
1035300,0.4666666666666667,0.8611111111111112,0.45454545454545453,0.32142857142857145,0.6190476190476191
1035600,0.4666666666666667,0.8611111111111112,0.45454545454545453,0.32142857142857145,0.6190476190476191
1035900,0.4666666666666667,0.8611111111111112,0.45454545454545453,0.32142857142857145,0.6190476190476191
1036200,0.4666666666666667,0.8611111111111112,0.45454545454545453,0.32142857142857145,0.6190476190476191
1036500,0.4666666666666667,0.8611111111111112,0.45454545454545453,0.32142857142857145,0.6190476190476191
1036800,0.4666666666666667,0.8611111111111112,0.45454545454545453,0.32142857142857145,0.6190476190476191
1037100,0.4666666666666667,0.8611111111111112,0.45454545454545453,0.32142857142857145,0.6190476190476191
1037400,0.4666666666666667,0.8611111111111112,0.45454545454545453,0.32142857142857145,0.6190476190476191
1037700,0.4666666666666667,0.8611111111111112,0.45454545454545453,0.32142857142857145,0.6190476190476191
1038000,0.4666666666666667,0.8611111111111112,0.45454545454545453,0.32142857142857145,0.6190476190476191
1038300,0.4666666666666667,0.8611111111111112,0.45454545454545453,0.32142857142857145,0.6190476190476191
1038600,0.4666666666666667,0.8611111111111112,0.45454545454545453,0.32142857142857145,0.6190476190476191
1038900,0.4666666666666667,0.8611111111111112,0.45454545454545453,0.32142857142857145,0.6190476190476191
1039200,0.4666666666666667,0.8611111111111112,0.45454545454545453,0.32142857142857145,0.6190476190476191
1039500,0.4666666666666667,0.8611111111111112,0.45454545454545453,0.32142857142857145,0.6190476190476191
1039800,0.4666666666666667,0.8611111111111112,0.45454545454545453,0.32142857142857145,0.6190476190476191
1040100,0.4666666666666667,0.8611111111111112,0.45454545454545453,0.32142857142857145,0.6190476190476191
1040400,0.4666666666666667,0.8611111111111112,0.45454545454545453,0.32142857142857145,0.6190476190476191
1040700,0.4666666666666667,0.8611111111111112,0.45454545454545453,0.32142857142857145,0.6190476190476191
1041000,0.4666666666666667,0.8611111111111112,0.45454545454545453,0.32142857142857145,0.6190476190476191
1041300,0.4666666666666667,0.8611111111111112,0.45454545454545453,0.32142857142857145,0.6190476190476191
1041600,0.4666666666666667,0.8611111111111112,0.45454545454545453,0.32142857142857145,0.6190476190476191
1041900,0.4666666666666667,0.8611111111111112,0.45454545454545453,0.32142857142857145,0.6190476190476191
1042200,0.4666666666666667,0.8611111111111112,0.45454545454545453,0.32142857142857145,0.6190476190476191
1042500,0.4666666666666667,0.8611111111111112,0.45454545454545453,0.32142857142857145,0.6190476190476191
1042800,0.4666666666666667,0.8611111111111112,0.45454545454545453,0.32142857142857145,0.6190476190476191
1043100,0.4666666666666667,0.8611111111111112,0.45454545454545453,0.32142857142857145,0.6190476190476191
1043400,0.4666666666666667,0.8611111111111112,0.45454545454545453,0.32142857142857145,0.6190476190476191
1043700,0.4666666666666667,0.8611111111111112,0.45454545454545453,0.32142857142857145,0.6190476190476191
1044000,0.4666666666666667,0.8611111111111112,0.45454545454545453,0.32142857142857145,0.6190476190476191
1044300,0.4666666666666667,0.8611111111111112,0.45454545454545453,0.32142857142857145,0.6190476190476191
1044600,0.4666666666666667,0.8611111111111112,0.45454545454545453,0.32142857142857145,0.6190476190476191
1044900,0.4666666666666667,0.8611111111111112,0.45454545454545453,0.32142857142857145,0.6190476190476191
1045200,0.4666666666666667,0.8611111111111112,0.45454545454545453,0.32142857142857145,0.6190476190476191
1045500,0.4666666666666667,0.8611111111111112,0.45454545454545453,0.32142857142857145,0.6190476190476191
1045800,0.4666666666666667,0.8611111111111112,0.45454545454545453,0.32142857142857145,0.6190476190476191
1046100,0.4666666666666667,0.8611111111111112,0.45454545454545453,0.32142857142857145,0.6190476190476191
1046400,0.4666666666666667,0.8611111111111112,0.45454545454545453,0.32142857142857145,0.6190476190476191
1046700,0.4666666666666667,0.8611111111111112,0.45454545454545453,0.32142857142857145,0.6190476190476191
1047000,0.4666666666666667,0.8611111111111112,0.45454545454545453,0.32142857142857145,0.6190476190476191
1047300,0.4666666666666667,0.8611111111111112,0.45454545454545453,0.32142857142857145,0.6190476190476191
1047600,0.4666666666666667,0.8611111111111112,0.45454545454545453,0.32142857142857145,0.6190476190476191
1047900,0.4666666666666667,0.8611111111111112,0.45454545454545453,0.32142857142857145,0.6190476190476191
1048200,0.4666666666666667,0.8611111111111112,0.45454545454545453,0.32142857142857145,0.6190476190476191
1048500,0.4666666666666667,0.8611111111111112,0.45454545454545453,0.32142857142857145,0.6190476190476191
1048800,0.4666666666666667,0.8611111111111112,0.45454545454545453,0.32142857142857145,0.6190476190476191
1049100,0.4666666666666667,0.8611111111111112,0.45454545454545453,0.32142857142857145,0.6190476190476191
1049400,0.4666666666666667,0.8611111111111112,0.45454545454545453,0.32142857142857145,0.6190476190476191
1049700,0.4666666666666667,0.8611111111111112,0.45454545454545453,0.32142857142857145,0.6190476190476191
1050000,0.4666666666666667,0.8611111111111112,0.45454545454545453,0.32142857142857145,0.6190476190476191
1050300,0.4666666666666667,0.8611111111111112,0.45454545454545453,0.32142857142857145,0.6190476190476191
1050600,0.4666666666666667,0.8611111111111112,0.45454545454545453,0.32142857142857145,0.6190476190476191
1050900,0.4666666666666667,0.8611111111111112,0.45454545454545453,0.32142857142857145,0.6190476190476191
1051200,0.4666666666666667,0.8611111111111112,0.45454545454545453,0.32142857142857145,0.6190476190476191
1051500,0.4666666666666667,0.8611111111111112,0.45454545454545453,0.32142857142857145,0.6190476190476191
1051800,0.4666666666666667,0.8611111111111112,0.45454545454545453,0.32142857142857145,0.6190476190476191
1052100,0.4666666666666667,0.8611111111111112,0.45454545454545453,0.32142857142857145,0.6190476190476191
1052400,0.4666666666666667,0.8611111111111112,0.45454545454545453,0.32142857142857145,0.6190476190476191
1052700,0.4666666666666667,0.8611111111111112,0.45454545454545453,0.32142857142857145,0.6190476190476191
1053000,0.4666666666666667,0.8611111111111112,0.45454545454545453,0.32142857142857145,0.6190476190476191
1053300,0.4666666666666667,0.8611111111111112,0.45454545454545453,0.32142857142857145,0.6190476190476191
1053600,0.4666666666666667,0.8611111111111112,0.45454545454545453,0.32142857142857145,0.6190476190476191
1053900,0.4666666666666667,0.8611111111111112,0.45454545454545453,0.32142857142857145,0.6190476190476191
1054200,0.4666666666666667,0.8611111111111112,0.45454545454545453,0.32142857142857145,0.6190476190476191
1054500,0.4666666666666667,0.8611111111111112,0.45454545454545453,0.32142857142857145,0.6190476190476191
1054800,0.4666666666666667,0.8611111111111112,0.45454545454545453,0.32142857142857145,0.6190476190476191
1055100,0.4666666666666667,0.8611111111111112,0.45454545454545453,0.32142857142857145,0.6190476190476191
1055400,0.4666666666666667,0.8611111111111112,0.45454545454545453,0.32142857142857145,0.6190476190476191
1055700,0.4666666666666667,0.8611111111111112,0.45454545454545453,0.32142857142857145,0.6190476190476191
1056000,0.4666666666666667,0.8611111111111112,0.45454545454545453,0.32142857142857145,0.6190476190476191
1056300,0.4666666666666667,0.8611111111111112,0.45454545454545453,0.32142857142857145,0.6190476190476191
1056600,0.4666666666666667,0.8611111111111112,0.45454545454545453,0.32142857142857145,0.6190476190476191
1056900,0.4666666666666667,0.8611111111111112,0.45454545454545453,0.32142857142857145,0.6190476190476191
1057200,0.4666666666666667,0.8611111111111112,0.45454545454545453,0.32142857142857145,0.6190476190476191
1057500,0.4666666666666667,0.8611111111111112,0.45454545454545453,0.32142857142857145,0.6190476190476191
1057800,0.4666666666666667,0.8611111111111112,0.45454545454545453,0.32142857142857145,0.6190476190476191
1058100,0.4666666666666667,0.8611111111111112,0.45454545454545453,0.32142857142857145,0.6190476190476191
1058400,0.4666666666666667,0.8611111111111112,0.45454545454545453,0.32142857142857145,0.6190476190476191
1058700,0.4666666666666667,0.8611111111111112,0.45454545454545453,0.32142857142857145,0.6190476190476191
1059000,0.4666666666666667,0.8611111111111112,0.45454545454545453,0.32142857142857145,0.6190476190476191
1059300,0.4666666666666667,0.8611111111111112,0.45454545454545453,0.32142857142857145,0.6190476190476191
1059600,0.4666666666666667,0.8611111111111112,0.45454545454545453,0.32142857142857145,0.6190476190476191
1059900,0.4666666666666667,0.8611111111111112,0.45454545454545453,0.32142857142857145,0.6190476190476191
1060200,0.4666666666666667,0.8611111111111112,0.45454545454545453,0.32142857142857145,0.6190476190476191
1060500,0.4666666666666667,0.8611111111111112,0.45454545454545453,0.32142857142857145,0.6190476190476191
1060800,0.4666666666666667,0.8611111111111112,0.45454545454545453,0.32142857142857145,0.6190476190476191
1061100,0.4666666666666667,0.8611111111111112,0.45454545454545453,0.32142857142857145,0.6190476190476191
1061400,0.4666666666666667,0.8611111111111112,0.45454545454545453,0.32142857142857145,0.6190476190476191
1061700,0.4666666666666667,0.8611111111111112,0.45454545454545453,0.32142857142857145,0.6190476190476191
1062000,0.4666666666666667,0.8611111111111112,0.45454545454545453,0.32142857142857145,0.6190476190476191
1062300,0.4666666666666667,0.8611111111111112,0.45454545454545453,0.32142857142857145,0.6190476190476191
1062600,0.4666666666666667,0.8611111111111112,0.45454545454545453,0.32142857142857145,0.6190476190476191
1062900,0.4666666666666667,0.8611111111111112,0.45454545454545453,0.32142857142857145,0.6190476190476191
1063200,0.4666666666666667,0.8611111111111112,0.45454545454545453,0.32142857142857145,0.6190476190476191
1063500,0.4666666666666667,0.8611111111111112,0.45454545454545453,0.32142857142857145,0.6190476190476191
1063800,0.4666666666666667,0.8611111111111112,0.45454545454545453,0.32142857142857145,0.6190476190476191
1064100,0.4666666666666667,0.8611111111111112,0.45454545454545453,0.32142857142857145,0.6190476190476191
1064400,0.4666666666666667,0.8611111111111112,0.45454545454545453,0.32142857142857145,0.6190476190476191
1064700,0.4666666666666667,0.8611111111111112,0.45454545454545453,0.32142857142857145,0.6190476190476191
1065000,0.4666666666666667,0.8611111111111112,0.45454545454545453,0.32142857142857145,0.6190476190476191
1065300,0.4666666666666667,0.8611111111111112,0.45454545454545453,0.32142857142857145,0.6190476190476191
1065600,0.4666666666666667,0.8611111111111112,0.45454545454545453,0.32142857142857145,0.6190476190476191
1065900,0.4666666666666667,0.8611111111111112,0.45454545454545453,0.32142857142857145,0.6190476190476191
1066200,0.4666666666666667,0.8611111111111112,0.45454545454545453,0.32142857142857145,0.6190476190476191
1066500,0.4666666666666667,0.8611111111111112,0.45454545454545453,0.32142857142857145,0.6190476190476191
1066800,0.4666666666666667,0.8611111111111112,0.45454545454545453,0.32142857142857145,0.6190476190476191
1067100,0.4666666666666667,0.8611111111111112,0.45454545454545453,0.32142857142857145,0.6190476190476191
1067400,0.4666666666666667,0.8611111111111112,0.45454545454545453,0.32142857142857145,0.6190476190476191
1067700,0.4666666666666667,0.8611111111111112,0.45454545454545453,0.32142857142857145,0.6190476190476191
1068000,0.4666666666666667,0.8611111111111112,0.45454545454545453,0.32142857142857145,0.6190476190476191
1068300,0.4666666666666667,0.8611111111111112,0.45454545454545453,0.32142857142857145,0.6190476190476191
1068600,0.4666666666666667,0.8611111111111112,0.45454545454545453,0.32142857142857145,0.6190476190476191
1068900,0.4666666666666667,0.8611111111111112,0.45454545454545453,0.32142857142857145,0.6190476190476191
1069200,0.4666666666666667,0.8611111111111112,0.45454545454545453,0.32142857142857145,0.6190476190476191
1069500,0.4666666666666667,0.8611111111111112,0.45454545454545453,0.32142857142857145,0.6190476190476191
1069800,0.4666666666666667,0.8611111111111112,0.45454545454545453,0.32142857142857145,0.6190476190476191
1070100,0.4666666666666667,0.8611111111111112,0.45454545454545453,0.32142857142857145,0.6190476190476191
1070400,0.4666666666666667,0.8611111111111112,0.45454545454545453,0.32142857142857145,0.6190476190476191
1070700,0.4666666666666667,0.8611111111111112,0.45454545454545453,0.32142857142857145,0.6190476190476191
1071000,0.4666666666666667,0.8611111111111112,0.45454545454545453,0.32142857142857145,0.6190476190476191
1071300,0.4666666666666667,0.8611111111111112,0.45454545454545453,0.32142857142857145,0.6190476190476191
1071600,0.4666666666666667,0.8611111111111112,0.45454545454545453,0.32142857142857145,0.6190476190476191
1071900,0.4666666666666667,0.8611111111111112,0.45454545454545453,0.32142857142857145,0.6190476190476191
1072200,0.4666666666666667,0.8611111111111112,0.45454545454545453,0.32142857142857145,0.6190476190476191
1072500,0.4666666666666667,0.8611111111111112,0.45454545454545453,0.32142857142857145,0.6190476190476191
1072800,0.4666666666666667,0.8611111111111112,0.45454545454545453,0.32142857142857145,0.6190476190476191
1073100,0.4666666666666667,0.8611111111111112,0.45454545454545453,0.32142857142857145,0.6190476190476191
1073400,0.4666666666666667,0.8611111111111112,0.45454545454545453,0.32142857142857145,0.6190476190476191
1073700,0.4666666666666667,0.8611111111111112,0.45454545454545453,0.32142857142857145,0.6190476190476191
1074000,0.4666666666666667,0.8611111111111112,0.45454545454545453,0.32142857142857145,0.6190476190476191
1074300,0.4666666666666667,0.8611111111111112,0.45454545454545453,0.32142857142857145,0.6190476190476191
1074600,0.4666666666666667,0.8611111111111112,0.45454545454545453,0.32142857142857145,0.6190476190476191
1074900,0.4666666666666667,0.8611111111111112,0.45454545454545453,0.32142857142857145,0.6190476190476191
1075200,0.4666666666666667,0.8611111111111112,0.45454545454545453,0.32142857142857145,0.6190476190476191
1075500,0.4666666666666667,0.8611111111111112,0.45454545454545453,0.32142857142857145,0.6190476190476191
1075800,0.4666666666666667,0.8611111111111112,0.45454545454545453,0.32142857142857145,0.6190476190476191
1076100,0.4666666666666667,0.8611111111111112,0.45454545454545453,0.32142857142857145,0.6190476190476191
1076400,0.4666666666666667,0.8611111111111112,0.45454545454545453,0.32142857142857145,0.6190476190476191
1076700,0.4666666666666667,0.8611111111111112,0.45454545454545453,0.32142857142857145,0.6190476190476191
1077000,0.4666666666666667,0.8611111111111112,0.45454545454545453,0.32142857142857145,0.6190476190476191
1077300,0.4666666666666667,0.8611111111111112,0.45454545454545453,0.32142857142857145,0.6190476190476191
1077600,0.4666666666666667,0.8611111111111112,0.45454545454545453,0.32142857142857145,0.6190476190476191
1077900,0.4666666666666667,0.8611111111111112,0.45454545454545453,0.32142857142857145,0.6190476190476191
1078200,0.4666666666666667,0.8611111111111112,0.45454545454545453,0.32142857142857145,0.6190476190476191
1078500,0.4666666666666667,0.8611111111111112,0.45454545454545453,0.32142857142857145,0.6190476190476191
1078800,0.4666666666666667,0.8611111111111112,0.45454545454545453,0.32142857142857145,0.6190476190476191
1079100,0.4666666666666667,0.8611111111111112,0.45454545454545453,0.32142857142857145,0.6190476190476191
1079400,0.4666666666666667,0.8611111111111112,0.45454545454545453,0.32142857142857145,0.6190476190476191
1079700,0.4666666666666667,0.8611111111111112,0.45454545454545453,0.32142857142857145,0.6190476190476191
1080000,0.4666666666666667,0.8611111111111112,0.45454545454545453,0.32142857142857145,0.6190476190476191
1080300,0.4666666666666667,0.8611111111111112,0.45454545454545453,0.32142857142857145,0.6190476190476191
1080600,0.4666666666666667,0.8611111111111112,0.45454545454545453,0.32142857142857145,0.6190476190476191
1080900,0.4666666666666667,0.8611111111111112,0.45454545454545453,0.32142857142857145,0.6190476190476191
1081200,0.4666666666666667,0.8611111111111112,0.45454545454545453,0.32142857142857145,0.6190476190476191
1081500,0.4666666666666667,0.8611111111111112,0.45454545454545453,0.32142857142857145,0.6190476190476191
1081800,0.4666666666666667,0.8611111111111112,0.45454545454545453,0.32142857142857145,0.6190476190476191
1082100,0.4666666666666667,0.8611111111111112,0.45454545454545453,0.32142857142857145,0.6190476190476191
1082400,0.4666666666666667,0.8611111111111112,0.45454545454545453,0.32142857142857145,0.6190476190476191
1082700,0.4666666666666667,0.8611111111111112,0.45454545454545453,0.32142857142857145,0.6190476190476191
1083000,0.4666666666666667,0.8611111111111112,0.45454545454545453,0.32142857142857145,0.6190476190476191
1083300,0.4666666666666667,0.8611111111111112,0.45454545454545453,0.32142857142857145,0.6190476190476191
1083600,0.4666666666666667,0.8611111111111112,0.45454545454545453,0.32142857142857145,0.6190476190476191
1083900,0.4666666666666667,0.8611111111111112,0.45454545454545453,0.32142857142857145,0.6190476190476191
1084200,0.4666666666666667,0.8611111111111112,0.45454545454545453,0.32142857142857145,0.6190476190476191
1084500,0.4666666666666667,0.8611111111111112,0.45454545454545453,0.32142857142857145,0.6190476190476191
1084800,0.4666666666666667,0.8611111111111112,0.45454545454545453,0.32142857142857145,0.6190476190476191
1085100,0.4666666666666667,0.8611111111111112,0.45454545454545453,0.32142857142857145,0.6190476190476191
1085400,0.4666666666666667,0.8611111111111112,0.45454545454545453,0.32142857142857145,0.6190476190476191
1085700,0.4666666666666667,0.8611111111111112,0.45454545454545453,0.32142857142857145,0.6190476190476191
1086000,0.4666666666666667,0.8611111111111112,0.45454545454545453,0.32142857142857145,0.6190476190476191
1086300,0.4666666666666667,0.8611111111111112,0.45454545454545453,0.32142857142857145,0.6190476190476191
1086600,0.4666666666666667,0.8611111111111112,0.45454545454545453,0.32142857142857145,0.6190476190476191
1086900,0.4666666666666667,0.8611111111111112,0.45454545454545453,0.32142857142857145,0.6190476190476191
1087200,0.4666666666666667,0.8611111111111112,0.45454545454545453,0.32142857142857145,0.6190476190476191
1087500,0.4666666666666667,0.8611111111111112,0.45454545454545453,0.32142857142857145,0.6190476190476191
1087800,0.4666666666666667,0.8611111111111112,0.45454545454545453,0.32142857142857145,0.6190476190476191
1088100,0.4666666666666667,0.8611111111111112,0.45454545454545453,0.32142857142857145,0.6190476190476191
1088400,0.4666666666666667,0.8611111111111112,0.45454545454545453,0.32142857142857145,0.6190476190476191
1088700,0.4666666666666667,0.8611111111111112,0.45454545454545453,0.32142857142857145,0.6190476190476191
1089000,0.4666666666666667,0.8611111111111112,0.45454545454545453,0.32142857142857145,0.6190476190476191
1089300,0.4666666666666667,0.8611111111111112,0.45454545454545453,0.32142857142857145,0.6190476190476191
1089600,0.4666666666666667,0.8611111111111112,0.45454545454545453,0.32142857142857145,0.6190476190476191
1089900,0.4666666666666667,0.8611111111111112,0.45454545454545453,0.32142857142857145,0.6190476190476191
1090200,0.4666666666666667,0.8611111111111112,0.45454545454545453,0.32142857142857145,0.6190476190476191
1090500,0.4666666666666667,0.8611111111111112,0.45454545454545453,0.32142857142857145,0.6190476190476191
1090800,0.4666666666666667,0.8611111111111112,0.45454545454545453,0.32142857142857145,0.6190476190476191
1091100,0.4666666666666667,0.8611111111111112,0.45454545454545453,0.32142857142857145,0.6190476190476191
1091400,0.4666666666666667,0.8611111111111112,0.45454545454545453,0.32142857142857145,0.6190476190476191
1091700,0.4666666666666667,0.8611111111111112,0.45454545454545453,0.32142857142857145,0.6190476190476191
1092000,0.4666666666666667,0.8611111111111112,0.45454545454545453,0.32142857142857145,0.6190476190476191
1092300,0.4666666666666667,0.8611111111111112,0.45454545454545453,0.32142857142857145,0.6190476190476191
1092600,0.4666666666666667,0.8611111111111112,0.45454545454545453,0.32142857142857145,0.6190476190476191
1092900,0.4666666666666667,0.8611111111111112,0.45454545454545453,0.32142857142857145,0.6190476190476191
1093200,0.4666666666666667,0.8611111111111112,0.45454545454545453,0.32142857142857145,0.6190476190476191
1093500,0.4666666666666667,0.8611111111111112,0.45454545454545453,0.32142857142857145,0.6190476190476191
1093800,0.4666666666666667,0.8611111111111112,0.45454545454545453,0.32142857142857145,0.6190476190476191
1094100,0.4666666666666667,0.8611111111111112,0.45454545454545453,0.32142857142857145,0.6190476190476191
1094400,0.4666666666666667,0.8611111111111112,0.45454545454545453,0.32142857142857145,0.6190476190476191
1094700,0.4666666666666667,0.8611111111111112,0.45454545454545453,0.32142857142857145,0.6190476190476191
1095000,0.4666666666666667,0.8611111111111112,0.45454545454545453,0.32142857142857145,0.6190476190476191
1095300,0.4666666666666667,0.8611111111111112,0.45454545454545453,0.32142857142857145,0.6190476190476191
1095600,0.4666666666666667,0.8611111111111112,0.45454545454545453,0.32142857142857145,0.6190476190476191
1095900,0.4666666666666667,0.8611111111111112,0.45454545454545453,0.32142857142857145,0.6190476190476191
1096200,0.4666666666666667,0.8611111111111112,0.45454545454545453,0.32142857142857145,0.6190476190476191
1096500,0.4666666666666667,0.8611111111111112,0.45454545454545453,0.32142857142857145,0.6190476190476191
1096800,0.4666666666666667,0.8611111111111112,0.45454545454545453,0.32142857142857145,0.6190476190476191
1097100,0.4666666666666667,0.8611111111111112,0.45454545454545453,0.32142857142857145,0.6190476190476191
1097400,0.4666666666666667,0.8611111111111112,0.45454545454545453,0.32142857142857145,0.6190476190476191
1097700,0.4666666666666667,0.8611111111111112,0.45454545454545453,0.32142857142857145,0.6190476190476191
1098000,0.4666666666666667,0.8611111111111112,0.45454545454545453,0.32142857142857145,0.6190476190476191
1098300,0.4666666666666667,0.8611111111111112,0.45454545454545453,0.32142857142857145,0.6190476190476191
1098600,0.4666666666666667,0.8611111111111112,0.45454545454545453,0.32142857142857145,0.6190476190476191
1098900,0.4666666666666667,0.8611111111111112,0.45454545454545453,0.32142857142857145,0.6190476190476191
1099200,0.4666666666666667,0.8611111111111112,0.45454545454545453,0.32142857142857145,0.6190476190476191
1099500,0.4666666666666667,0.8611111111111112,0.45454545454545453,0.32142857142857145,0.6190476190476191
1099800,0.4666666666666667,0.8611111111111112,0.45454545454545453,0.32142857142857145,0.6190476190476191
1100100,0.4666666666666667,0.8611111111111112,0.45454545454545453,0.32142857142857145,0.6190476190476191
1100400,0.4666666666666667,0.8611111111111112,0.45454545454545453,0.32142857142857145,0.6190476190476191
1100700,0.4666666666666667,0.8611111111111112,0.45454545454545453,0.32142857142857145,0.6190476190476191
1101000,0.4666666666666667,0.8611111111111112,0.45454545454545453,0.32142857142857145,0.6190476190476191
1101300,0.4666666666666667,0.8611111111111112,0.45454545454545453,0.32142857142857145,0.6190476190476191
1101600,0.4666666666666667,0.8611111111111112,0.45454545454545453,0.32142857142857145,0.6190476190476191
1101900,0.4666666666666667,0.8611111111111112,0.45454545454545453,0.32142857142857145,0.6190476190476191
1102200,0.4666666666666667,0.8611111111111112,0.45454545454545453,0.32142857142857145,0.6190476190476191
1102500,0.4666666666666667,0.8611111111111112,0.45454545454545453,0.32142857142857145,0.6190476190476191
1102800,0.4666666666666667,0.8611111111111112,0.45454545454545453,0.32142857142857145,0.6190476190476191
1103100,0.4666666666666667,0.8611111111111112,0.45454545454545453,0.32142857142857145,0.6190476190476191
1103400,0.4666666666666667,0.8611111111111112,0.45454545454545453,0.32142857142857145,0.6190476190476191
1103700,0.4666666666666667,0.8611111111111112,0.45454545454545453,0.32142857142857145,0.6190476190476191
1104000,0.4666666666666667,0.8611111111111112,0.45454545454545453,0.32142857142857145,0.6190476190476191
1104300,0.4666666666666667,0.8611111111111112,0.45454545454545453,0.32142857142857145,0.6190476190476191
1104600,0.4666666666666667,0.8611111111111112,0.45454545454545453,0.32142857142857145,0.6190476190476191
1104900,0.4666666666666667,0.8611111111111112,0.45454545454545453,0.32142857142857145,0.6190476190476191
1105200,0.4666666666666667,0.8611111111111112,0.45454545454545453,0.32142857142857145,0.6190476190476191
1105500,0.4666666666666667,0.8611111111111112,0.45454545454545453,0.32142857142857145,0.6190476190476191
1105800,0.4666666666666667,0.8611111111111112,0.45454545454545453,0.32142857142857145,0.6190476190476191
1106100,0.4666666666666667,0.8611111111111112,0.45454545454545453,0.32142857142857145,0.6190476190476191
1106400,0.4666666666666667,0.8611111111111112,0.45454545454545453,0.32142857142857145,0.6190476190476191
1106700,0.4666666666666667,0.8611111111111112,0.45454545454545453,0.32142857142857145,0.6190476190476191
1107000,0.4666666666666667,0.8611111111111112,0.45454545454545453,0.32142857142857145,0.6190476190476191
1107300,0.4666666666666667,0.8611111111111112,0.45454545454545453,0.32142857142857145,0.6190476190476191
1107600,0.4666666666666667,0.8611111111111112,0.45454545454545453,0.32142857142857145,0.6190476190476191
1107900,0.4666666666666667,0.8611111111111112,0.45454545454545453,0.32142857142857145,0.6190476190476191
1108200,0.4666666666666667,0.8611111111111112,0.45454545454545453,0.32142857142857145,0.6190476190476191
1108500,0.4666666666666667,0.8611111111111112,0.45454545454545453,0.32142857142857145,0.6190476190476191
1108800,0.4666666666666667,0.8611111111111112,0.45454545454545453,0.32142857142857145,0.6190476190476191
1109100,0.4666666666666667,0.8611111111111112,0.45454545454545453,0.32142857142857145,0.6190476190476191
1109400,0.4666666666666667,0.8611111111111112,0.45454545454545453,0.32142857142857145,0.6190476190476191
1109700,0.4666666666666667,0.8611111111111112,0.45454545454545453,0.32142857142857145,0.6190476190476191
1110000,0.4666666666666667,0.8611111111111112,0.45454545454545453,0.32142857142857145,0.6190476190476191
1110300,0.4666666666666667,0.8611111111111112,0.45454545454545453,0.32142857142857145,0.6190476190476191
1110600,0.4666666666666667,0.8611111111111112,0.45454545454545453,0.32142857142857145,0.6190476190476191
1110900,0.4666666666666667,0.8611111111111112,0.45454545454545453,0.32142857142857145,0.6190476190476191
1111200,0.4666666666666667,0.8611111111111112,0.45454545454545453,0.32142857142857145,0.6190476190476191
1111500,0.4666666666666667,0.8611111111111112,0.45454545454545453,0.32142857142857145,0.6190476190476191
1111800,0.4666666666666667,0.8611111111111112,0.45454545454545453,0.32142857142857145,0.6190476190476191
1112100,0.4666666666666667,0.8611111111111112,0.45454545454545453,0.32142857142857145,0.6190476190476191
1112400,0.4666666666666667,0.8611111111111112,0.45454545454545453,0.32142857142857145,0.6190476190476191
1112700,0.4666666666666667,0.8611111111111112,0.45454545454545453,0.32142857142857145,0.6190476190476191
1113000,0.4666666666666667,0.8611111111111112,0.45454545454545453,0.32142857142857145,0.6190476190476191
1113300,0.4666666666666667,0.8611111111111112,0.45454545454545453,0.32142857142857145,0.6190476190476191
1113600,0.4666666666666667,0.8611111111111112,0.45454545454545453,0.32142857142857145,0.6190476190476191
1113900,0.4666666666666667,0.8611111111111112,0.45454545454545453,0.32142857142857145,0.6190476190476191
1114200,0.4666666666666667,0.8611111111111112,0.45454545454545453,0.32142857142857145,0.6190476190476191
1114500,0.4666666666666667,0.8611111111111112,0.45454545454545453,0.32142857142857145,0.6190476190476191
1114800,0.4666666666666667,0.8611111111111112,0.45454545454545453,0.32142857142857145,0.6190476190476191
1115100,0.4666666666666667,0.8611111111111112,0.45454545454545453,0.32142857142857145,0.6190476190476191
1115400,0.4666666666666667,0.8611111111111112,0.45454545454545453,0.32142857142857145,0.6190476190476191
1115700,0.4666666666666667,0.8611111111111112,0.45454545454545453,0.32142857142857145,0.6190476190476191
1116000,0.4666666666666667,0.8611111111111112,0.45454545454545453,0.32142857142857145,0.6190476190476191
1116300,0.4666666666666667,0.8611111111111112,0.45454545454545453,0.32142857142857145,0.6190476190476191
1116600,0.4666666666666667,0.8611111111111112,0.45454545454545453,0.32142857142857145,0.6190476190476191
1116900,0.4666666666666667,0.8611111111111112,0.45454545454545453,0.32142857142857145,0.6190476190476191
1117200,0.4666666666666667,0.8611111111111112,0.45454545454545453,0.32142857142857145,0.6190476190476191
1117500,0.6,0.8055555555555556,0.2727272727272727,0.25,0.6428571428571429
1117800,0.6,0.8055555555555556,0.2727272727272727,0.23214285714285715,0.6666666666666666
1118100,0.6,0.8333333333333334,0.36363636363636365,0.21428571428571427,0.6428571428571429
1118400,0.6,0.8333333333333334,0.4090909090909091,0.23214285714285715,0.6666666666666666
1118700,0.6,0.8333333333333334,0.3181818181818182,0.19642857142857142,0.5952380952380952
1119000,0.6,0.8333333333333334,0.22727272727272727,0.21428571428571427,0.6428571428571429
1119300,0.5666666666666667,0.8055555555555556,0.18181818181818182,0.26785714285714285,0.6666666666666666
1119600,0.4666666666666667,0.8055555555555556,0.18181818181818182,0.26785714285714285,0.6190476190476191
1119900,0.5,0.75,0.18181818181818182,0.35714285714285715,0.6190476190476191
1120200,0.5,0.75,0.18181818181818182,0.32142857142857145,0.7142857142857143
1120500,0.5,0.75,0.18181818181818182,0.32142857142857145,0.7142857142857143
1120800,0.5,0.75,0.18181818181818182,0.32142857142857145,0.7142857142857143
1121100,0.5,0.75,0.18181818181818182,0.32142857142857145,0.7142857142857143
1121400,0.5,0.75,0.18181818181818182,0.32142857142857145,0.7142857142857143
1121700,0.5,0.75,0.4090909090909091,0.4107142857142857,0.7142857142857143
1122000,0.5,0.75,0.4090909090909091,0.4107142857142857,0.7142857142857143
1122300,0.26666666666666666,0.8333333333333334,0.4090909090909091,0.35714285714285715,0.7142857142857143
1122600,0.26666666666666666,0.8611111111111112,0.4090909090909091,0.26785714285714285,0.7142857142857143
1122900,0.16666666666666666,0.8888888888888888,0.36363636363636365,0.23214285714285715,0.8095238095238095
1123200,0.0,0.0,0.3181818181818182,0.0,0.7619047619047619
1123500,0.16666666666666666,0.7777777777777778,0.3181818181818182,0.17857142857142858,0.7380952380952381
1123800,0.16666666666666666,0.7222222222222222,0.2727272727272727,0.08928571428571429,0.6904761904761905
1124100,0.1,0.6388888888888888,0.2727272727272727,0.10714285714285714,0.6666666666666666
1124400,0.13333333333333333,0.5277777777777778,0.3181818181818182,0.10714285714285714,0.5952380952380952
1124700,0.16666666666666666,0.5833333333333334,0.2727272727272727,0.125,0.47619047619047616
1125000,0.16666666666666666,0.5277777777777778,0.2727272727272727,0.125,0.47619047619047616
1125300,0.13333333333333333,0.4722222222222222,0.18181818181818182,0.14285714285714285,0.4523809523809524
1125600,0.13333333333333333,0.3888888888888889,0.22727272727272727,0.08928571428571429,0.47619047619047616
1125900,0.13333333333333333,0.4166666666666667,0.22727272727272727,0.14285714285714285,0.35714285714285715
1126200,0.13333333333333333,0.4166666666666667,0.2727272727272727,0.14285714285714285,0.3333333333333333
1126500,0.2,0.4166666666666667,0.2727272727272727,0.14285714285714285,0.4523809523809524
1126800,0.23333333333333334,0.4166666666666667,0.2727272727272727,0.10714285714285714,0.5
1127100,0.2,0.4722222222222222,0.3181818181818182,0.10714285714285714,0.6904761904761905
1127400,0.2,0.4444444444444444,0.3181818181818182,0.17857142857142858,0.6904761904761905
1127700,0.13333333333333333,0.4166666666666667,0.3181818181818182,0.125,0.6904761904761905
1128000,0.16666666666666666,0.4166666666666667,0.3181818181818182,0.10714285714285714,0.6190476190476191
1128300,0.2,0.4444444444444444,0.5,0.16071428571428573,0.6666666666666666
1128600,0.2,0.4166666666666667,0.5454545454545454,0.16071428571428573,0.6904761904761905
1128900,0.2,0.3333333333333333,0.5454545454545454,0.16071428571428573,0.6190476190476191
1129200,0.2,0.3611111111111111,0.5454545454545454,0.125,0.6190476190476191
1129500,0.23333333333333334,0.3333333333333333,0.5,0.10714285714285714,0.7142857142857143
1129800,0.26666666666666666,0.3888888888888889,0.45454545454545453,0.08928571428571429,0.7857142857142857
1130100,0.23333333333333334,0.4166666666666667,0.4090909090909091,0.08928571428571429,0.7619047619047619
1130400,0.26666666666666666,0.4166666666666667,0.4090909090909091,0.125,0.8095238095238095
1130700,0.23333333333333334,0.3333333333333333,0.4090909090909091,0.08928571428571429,0.9047619047619048
1131000,0.2,0.3611111111111111,0.4090909090909091,0.05357142857142857,0.9047619047619048
1131300,0.2,0.2777777777777778,0.36363636363636365,0.08928571428571429,0.9285714285714286
1131600,0.2,0.3055555555555556,0.36363636363636365,0.05357142857142857,0.9285714285714286
1131900,0.2,0.3333333333333333,0.36363636363636365,0.10714285714285714,0.9523809523809523
1132200,0.2,0.3055555555555556,0.36363636363636365,0.08928571428571429,0.9523809523809523
1132500,0.2,0.3888888888888889,0.36363636363636365,0.125,0.9285714285714286
1132800,0.2,0.4166666666666667,0.36363636363636365,0.16071428571428573,0.9285714285714286
1133100,0.2,0.3611111111111111,0.45454545454545453,0.17857142857142858,0.9285714285714286
1133400,0.2,0.3611111111111111,0.45454545454545453,0.23214285714285715,0.9047619047619048
1133700,0.2,0.3055555555555556,0.45454545454545453,0.17857142857142858,0.9285714285714286
1134000,0.2,0.2777777777777778,0.36363636363636365,0.25,0.9285714285714286
1134300,0.2,0.25,0.36363636363636365,0.25,0.9285714285714286
1134600,0.2,0.19444444444444445,0.36363636363636365,0.23214285714285715,0.9285714285714286
1134900,0.2,0.2222222222222222,0.36363636363636365,0.23214285714285715,0.9285714285714286
1135200,0.16666666666666666,0.19444444444444445,0.4090909090909091,0.32142857142857145,0.9285714285714286
1135500,0.16666666666666666,0.16666666666666666,0.4090909090909091,0.32142857142857145,0.9285714285714286
1135800,0.16666666666666666,0.19444444444444445,0.4090909090909091,0.39285714285714285,0.9285714285714286
1136100,0.16666666666666666,0.19444444444444445,0.36363636363636365,0.44642857142857145,0.9523809523809523
1136400,0.16666666666666666,0.25,0.36363636363636365,0.4642857142857143,0.9523809523809523
1136700,0.16666666666666666,0.25,0.36363636363636365,0.5178571428571429,0.9523809523809523
1137000,0.16666666666666666,0.3333333333333333,0.3181818181818182,0.5535714285714286,0.9523809523809523
1137300,0.16666666666666666,0.3333333333333333,0.2727272727272727,0.5178571428571429,0.9285714285714286
1137600,0.16666666666666666,0.3888888888888889,0.2727272727272727,0.42857142857142855,0.8809523809523809
1137900,0.16666666666666666,0.3888888888888889,0.22727272727272727,0.4642857142857143,0.8809523809523809
1138200,0.16666666666666666,0.4166666666666667,0.22727272727272727,0.48214285714285715,0.8809523809523809
1138500,0.16666666666666666,0.4444444444444444,0.18181818181818182,0.5178571428571429,0.8809523809523809
1138800,0.16666666666666666,0.4722222222222222,0.18181818181818182,0.5178571428571429,0.8809523809523809
1139100,0.16666666666666666,0.4722222222222222,0.18181818181818182,0.6071428571428571,0.8809523809523809
1139400,0.13333333333333333,0.5,0.22727272727272727,0.5892857142857143,0.8571428571428571
1139700,0.13333333333333333,0.5277777777777778,0.22727272727272727,0.5892857142857143,0.8095238095238095
1140000,0.13333333333333333,0.4722222222222222,0.22727272727272727,0.6428571428571429,0.8095238095238095
1140300,0.1,0.4444444444444444,0.22727272727272727,0.6071428571428571,0.8571428571428571
1140600,0.1,0.4444444444444444,0.18181818181818182,0.5892857142857143,0.8333333333333334
1140900,0.1,0.3888888888888889,0.13636363636363635,0.5892857142857143,0.8571428571428571
1141200,0.1,0.4722222222222222,0.13636363636363635,0.625,0.8571428571428571
1141500,0.1,0.4166666666666667,0.13636363636363635,0.6607142857142857,0.8571428571428571
1141800,0.06666666666666667,0.4444444444444444,0.18181818181818182,0.7142857142857143,0.8809523809523809
1142100,0.06666666666666667,0.4722222222222222,0.18181818181818182,0.7142857142857143,0.8571428571428571
1142400,0.06666666666666667,0.4166666666666667,0.18181818181818182,0.6964285714285714,0.8571428571428571
1142700,0.06666666666666667,0.3611111111111111,0.18181818181818182,0.6607142857142857,0.8333333333333334
1143000,0.06666666666666667,0.25,0.18181818181818182,0.6071428571428571,0.8571428571428571
1143300,0.06666666666666667,0.2777777777777778,0.13636363636363635,0.6071428571428571,0.8333333333333334
1143600,0.06666666666666667,0.2222222222222222,0.13636363636363635,0.5357142857142857,0.8095238095238095
1143900,0.06666666666666667,0.2222222222222222,0.13636363636363635,0.5,0.8095238095238095
1144200,0.06666666666666667,0.19444444444444445,0.18181818181818182,0.48214285714285715,0.8095238095238095
1144500,0.06666666666666667,0.19444444444444445,0.13636363636363635,0.625,0.8095238095238095
1144800,0.06666666666666667,0.25,0.09090909090909091,0.5892857142857143,0.8095238095238095
1145100,0.06666666666666667,0.25,0.09090909090909091,0.5,0.7857142857142857
1145400,0.06666666666666667,0.25,0.13636363636363635,0.4642857142857143,0.7857142857142857
1145700,0.06666666666666667,0.4166666666666667,0.13636363636363635,0.44642857142857145,0.7619047619047619
1146000,0.06666666666666667,0.3611111111111111,0.13636363636363635,0.42857142857142855,0.7142857142857143
1146300,0.1,0.3055555555555556,0.18181818181818182,0.3392857142857143,0.8095238095238095
1146600,0.13333333333333333,0.3055555555555556,0.22727272727272727,0.30357142857142855,0.8095238095238095
1146900,0.13333333333333333,0.2777777777777778,0.2727272727272727,0.21428571428571427,0.8095238095238095
1147200,0.13333333333333333,0.2222222222222222,0.3181818181818182,0.14285714285714285,0.8333333333333334
1147500,0.3333333333333333,0.25,0.45454545454545453,0.08928571428571429,0.8333333333333334
1147800,0.4666666666666667,0.3333333333333333,0.5454545454545454,0.125,0.8571428571428571
1148100,0.4666666666666667,0.4444444444444444,0.5454545454545454,0.10714285714285714,0.8571428571428571
1148400,0.5333333333333333,0.4444444444444444,0.5454545454545454,0.07142857142857142,0.8809523809523809
1148700,0.5666666666666667,0.4444444444444444,0.5454545454545454,0.125,0.8809523809523809
1149000,0.6333333333333333,0.5,0.5,0.10714285714285714,0.8809523809523809
1149300,0.7,0.5555555555555556,0.5,0.07142857142857142,0.8809523809523809
1149600,0.7,0.5555555555555556,0.5454545454545454,0.10714285714285714,0.8809523809523809
1149900,0.7333333333333333,0.5,0.5454545454545454,0.10714285714285714,0.8571428571428571
1150200,0.7333333333333333,0.5277777777777778,0.5909090909090909,0.10714285714285714,0.7857142857142857
1150500,0.7,0.5277777777777778,0.5909090909090909,0.10714285714285714,0.8333333333333334
1150800,0.7333333333333333,0.6388888888888888,0.5454545454545454,0.21428571428571427,0.8095238095238095
1151100,0.7333333333333333,0.6388888888888888,0.5454545454545454,0.19642857142857142,0.7619047619047619
1151400,0.7333333333333333,0.6388888888888888,0.5454545454545454,0.21428571428571427,0.7619047619047619
1151700,0.7,0.6944444444444444,0.5454545454545454,0.2857142857142857,0.7380952380952381
1152000,0.7,0.6944444444444444,0.5909090909090909,0.32142857142857145,0.7142857142857143
1152300,0.7,0.6944444444444444,0.5909090909090909,0.42857142857142855,0.6666666666666666
1152600,0.6666666666666666,0.7777777777777778,0.6363636363636364,0.5178571428571429,0.6904761904761905
1152900,0.6666666666666666,0.8055555555555556,0.6363636363636364,0.5178571428571429,0.6666666666666666
1153200,0.6666666666666666,0.8333333333333334,0.6363636363636364,0.5535714285714286,0.6428571428571429
1153500,0.6666666666666666,0.8611111111111112,0.6818181818181818,0.625,0.6428571428571429
1153800,0.6666666666666666,0.8888888888888888,0.6818181818181818,0.6785714285714286,0.5952380952380952
1154100,0.6666666666666666,0.9166666666666666,0.6818181818181818,0.7142857142857143,0.5952380952380952
1154400,0.6666666666666666,0.9166666666666666,0.6818181818181818,0.75,0.6190476190476191
1154700,0.7,0.9166666666666666,0.6818181818181818,0.7857142857142857,0.5952380952380952
1155000,0.7,0.9166666666666666,0.6818181818181818,0.7857142857142857,0.5476190476190477
1155300,0.6666666666666666,0.8888888888888888,0.6818181818181818,0.7857142857142857,0.5952380952380952
1155600,0.7,0.8611111111111112,0.6818181818181818,0.7678571428571429,0.5476190476190477
1155900,0.7333333333333333,0.8611111111111112,0.6818181818181818,0.7321428571428571,0.5714285714285714
1156200,0.7333333333333333,0.8888888888888888,0.6818181818181818,0.6607142857142857,0.6190476190476191
1156500,0.7333333333333333,0.8888888888888888,0.6818181818181818,0.6607142857142857,0.6666666666666666
1156800,0.7333333333333333,0.8888888888888888,0.6818181818181818,0.6785714285714286,0.6666666666666666
1157100,0.7333333333333333,0.8611111111111112,0.6818181818181818,0.6607142857142857,0.5952380952380952
1157400,0.7666666666666667,0.8611111111111112,0.6363636363636364,0.7142857142857143,0.6190476190476191
1157700,0.7666666666666667,0.8611111111111112,0.6363636363636364,0.7321428571428571,0.5952380952380952
1158000,0.7666666666666667,0.8888888888888888,0.6363636363636364,0.7321428571428571,0.5
1158300,0.7666666666666667,0.8888888888888888,0.5909090909090909,0.75,0.5238095238095238
1158600,0.7666666666666667,0.8888888888888888,0.5909090909090909,0.7321428571428571,0.5238095238095238
1158900,0.7333333333333333,0.8888888888888888,0.5909090909090909,0.75,0.5
1159200,0.7333333333333333,0.9444444444444444,0.6363636363636364,0.7678571428571429,0.5238095238095238
1159500,0.6,0.9166666666666666,0.5909090909090909,0.8035714285714286,0.5238095238095238
1159800,0.6333333333333333,0.9166666666666666,0.5909090909090909,0.9107142857142857,0.5952380952380952
1160100,0.6333333333333333,0.8611111111111112,0.5909090909090909,0.875,0.5714285714285714
1160400,0.6333333333333333,0.9166666666666666,0.5909090909090909,0.8928571428571429,0.5238095238095238
1160700,0.6333333333333333,0.9166666666666666,0.5454545454545454,0.8928571428571429,0.5714285714285714
1161000,0.5666666666666667,0.9166666666666666,0.5909090909090909,0.8928571428571429,0.5
1161300,0.5666666666666667,0.9166666666666666,0.6363636363636364,0.8928571428571429,0.5
1161600,0.6,0.9166666666666666,0.5909090909090909,0.8928571428571429,0.5
1161900,0.5666666666666667,0.9166666666666666,0.5454545454545454,0.875,0.5238095238095238
1162200,0.5666666666666667,0.8888888888888888,0.5454545454545454,0.8571428571428571,0.5476190476190477
1162500,0.5666666666666667,0.8888888888888888,0.5454545454545454,0.8571428571428571,0.5
1162800,0.5666666666666667,0.8888888888888888,0.5454545454545454,0.8928571428571429,0.5714285714285714
1163100,0.5333333333333333,0.7777777777777778,0.5909090909090909,0.8928571428571429,0.5476190476190477
1163400,0.5,0.7777777777777778,0.5909090909090909,0.9285714285714286,0.5476190476190477
1163700,0.5,0.7777777777777778,0.5909090909090909,0.9285714285714286,0.47619047619047616
1164000,0.5,0.6944444444444444,0.5909090909090909,0.9285714285714286,0.4523809523809524
1164300,0.4666666666666667,0.6944444444444444,0.6363636363636364,0.9107142857142857,0.21428571428571427
1164600,0.4666666666666667,0.75,0.5909090909090909,0.9285714285714286,0.14285714285714285
1164900,0.4666666666666667,0.7222222222222222,0.5909090909090909,0.9107142857142857,0.19047619047619047
1165200,0.4666666666666667,0.7222222222222222,0.5909090909090909,0.9107142857142857,0.21428571428571427
1165500,0.4666666666666667,0.6388888888888888,0.6363636363636364,0.9107142857142857,0.21428571428571427
1165800,0.4666666666666667,0.5833333333333334,0.6818181818181818,0.8571428571428571,0.19047619047619047
1166100,0.43333333333333335,0.5,0.6818181818181818,0.8214285714285714,0.19047619047619047
1166400,0.43333333333333335,0.0,0.5,0.8214285714285714,0.11904761904761904
1166700,0.36666666666666664,0.6111111111111112,0.5454545454545454,0.8214285714285714,0.21428571428571427
1167000,0.26666666666666666,0.4722222222222222,0.5454545454545454,0.7678571428571429,0.21428571428571427
1167300,0.26666666666666666,0.4444444444444444,0.5454545454545454,0.7142857142857143,0.16666666666666666
1167600,0.3333333333333333,0.4722222222222222,0.5,0.6607142857142857,0.21428571428571427
1167900,0.36666666666666664,0.5,0.5,0.625,0.21428571428571427
1168200,0.3333333333333333,0.5,0.4090909090909091,0.5535714285714286,0.23809523809523808
1168500,0.3333333333333333,0.4722222222222222,0.36363636363636365,0.5892857142857143,0.16666666666666666
1168800,0.4,0.4444444444444444,0.36363636363636365,0.44642857142857145,0.14285714285714285
1169100,0.4666666666666667,0.3888888888888889,0.4090909090909091,0.42857142857142855,0.16666666666666666
1169400,0.4666666666666667,0.3333333333333333,0.4090909090909091,0.4642857142857143,0.19047619047619047
1169700,0.5,0.3333333333333333,0.4090909090909091,0.4642857142857143,0.14285714285714285
1170000,0.5333333333333333,0.25,0.36363636363636365,0.5,0.07142857142857142
1170300,0.5333333333333333,0.2222222222222222,0.36363636363636365,0.44642857142857145,0.11904761904761904
1170600,0.5,0.16666666666666666,0.3181818181818182,0.44642857142857145,0.19047619047619047
1170900,0.5,0.16666666666666666,0.36363636363636365,0.48214285714285715,0.14285714285714285
1171200,0.5333333333333333,0.25,0.4090909090909091,0.44642857142857145,0.09523809523809523
1171500,0.5,0.25,0.36363636363636365,0.4642857142857143,0.23809523809523808
1171800,0.4666666666666667,0.3333333333333333,0.36363636363636365,0.5357142857142857,0.16666666666666666
1172100,0.4666666666666667,0.3611111111111111,0.4090909090909091,0.5357142857142857,0.09523809523809523
1172400,0.43333333333333335,0.4166666666666667,0.4090909090909091,0.5892857142857143,0.07142857142857142
1172700,0.43333333333333335,0.4166666666666667,0.45454545454545453,0.6071428571428571,0.11904761904761904
1173000,0.5,0.4444444444444444,0.5454545454545454,0.6964285714285714,0.047619047619047616
1173300,0.4666666666666667,0.5,0.5909090909090909,0.6964285714285714,0.023809523809523808
1173600,0.5,0.5555555555555556,0.5909090909090909,0.7142857142857143,0.11904761904761904
1173900,0.5333333333333333,0.75,0.5454545454545454,0.75,0.16666666666666666
1174200,0.5333333333333333,0.8055555555555556,0.5909090909090909,0.75,0.2857142857142857
1174500,0.5333333333333333,0.8055555555555556,0.5909090909090909,0.8571428571428571,0.35714285714285715
1174800,0.5333333333333333,0.7777777777777778,0.5909090909090909,0.8928571428571429,0.35714285714285715
1175100,0.5333333333333333,0.8055555555555556,0.6363636363636364,0.9107142857142857,0.4523809523809524
1175400,0.4666666666666667,0.8055555555555556,0.6363636363636364,0.9107142857142857,0.40476190476190477
1175700,0.5,0.8055555555555556,0.6363636363636364,0.9107142857142857,0.42857142857142855
1176000,0.4666666666666667,0.8055555555555556,0.6363636363636364,0.8928571428571429,0.40476190476190477
1176300,0.5333333333333333,0.8055555555555556,0.5454545454545454,0.875,0.40476190476190477
1176600,0.5333333333333333,0.7777777777777778,0.5454545454545454,0.875,0.40476190476190477
1176900,0.5333333333333333,0.8055555555555556,0.5,0.8928571428571429,0.3333333333333333
1177200,0.5333333333333333,0.8333333333333334,0.45454545454545453,0.9107142857142857,0.2619047619047619
1177500,0.5666666666666667,0.8611111111111112,0.45454545454545453,0.9285714285714286,0.3333333333333333
1177800,0.5666666666666667,0.8611111111111112,0.45454545454545453,0.9285714285714286,0.3333333333333333
1178100,0.5666666666666667,0.75,0.45454545454545453,0.9285714285714286,0.40476190476190477
1178400,0.5666666666666667,0.75,0.45454545454545453,0.9107142857142857,0.40476190476190477
1178700,0.5666666666666667,0.7222222222222222,0.4090909090909091,0.9107142857142857,0.47619047619047616
1179000,0.5666666666666667,0.7222222222222222,0.5454545454545454,0.9107142857142857,0.42857142857142855
1179300,0.6,0.6944444444444444,0.5909090909090909,0.9107142857142857,0.35714285714285715
1179600,0.6333333333333333,0.6944444444444444,0.6818181818181818,0.9107142857142857,0.23809523809523808
1179900,0.6666666666666666,0.6944444444444444,0.6363636363636364,0.9107142857142857,0.2857142857142857
1180200,0.7,0.7222222222222222,0.6818181818181818,0.9107142857142857,0.21428571428571427
1180500,0.7333333333333333,0.7777777777777778,0.6818181818181818,0.9107142857142857,0.14285714285714285
1180800,0.7333333333333333,0.8055555555555556,0.7272727272727273,0.9285714285714286,0.19047619047619047
1181100,0.7333333333333333,0.75,0.7272727272727273,0.9285714285714286,0.2619047619047619
1181400,0.7333333333333333,0.75,0.7272727272727273,0.8571428571428571,0.11904761904761904
1181700,0.7333333333333333,0.7777777777777778,0.6818181818181818,0.875,0.11904761904761904
1182000,0.7,0.8055555555555556,0.7272727272727273,0.9285714285714286,0.19047619047619047
1182300,0.6666666666666666,0.8055555555555556,0.6818181818181818,0.9285714285714286,0.19047619047619047
1182600,0.6333333333333333,0.8333333333333334,0.6818181818181818,0.9107142857142857,0.14285714285714285
1182900,0.6333333333333333,0.8055555555555556,0.5909090909090909,0.8928571428571429,0.14285714285714285
1183200,0.7,0.8333333333333334,0.5909090909090909,0.8928571428571429,0.23809523809523808
1183500,0.7,0.8611111111111112,0.5909090909090909,0.8571428571428571,0.23809523809523808
1183800,0.7666666666666667,0.8055555555555556,0.5909090909090909,0.875,0.38095238095238093
1184100,0.7666666666666667,0.8333333333333334,0.5909090909090909,0.8214285714285714,0.21428571428571427
1184400,0.8,0.8611111111111112,0.5909090909090909,0.8214285714285714,0.21428571428571427
1184700,0.8666666666666667,0.8888888888888888,0.7272727272727273,0.8571428571428571,0.30952380952380953
1185000,0.8666666666666667,0.8333333333333334,0.6818181818181818,0.875,0.21428571428571427
1185300,0.8666666666666667,0.8055555555555556,0.7727272727272727,0.875,0.11904761904761904
1185600,0.8666666666666667,0.8055555555555556,0.7727272727272727,0.875,0.19047619047619047
1185900,0.8,0.7777777777777778,0.7727272727272727,0.8392857142857143,0.2619047619047619
1186200,0.8,0.7222222222222222,0.9090909090909091,0.8214285714285714,0.3333333333333333
1186500,0.8,0.75,0.9090909090909091,0.8035714285714286,0.3333333333333333
1186800,0.8,0.75,0.9090909090909091,0.8214285714285714,0.35714285714285715
1187100,0.8,0.7777777777777778,0.9090909090909091,0.8035714285714286,0.47619047619047616
1187400,0.8333333333333334,0.8055555555555556,0.8636363636363636,0.7857142857142857,0.5
1187700,0.8333333333333334,0.7777777777777778,0.8181818181818182,0.7857142857142857,0.35714285714285715
1188000,0.8666666666666667,0.7777777777777778,0.8181818181818182,0.8571428571428571,0.35714285714285715
1188300,0.0,0.0,0.0,0.0,0.4523809523809524
1188600,0.8,0.8333333333333334,0.7272727272727273,0.8392857142857143,0.3333333333333333
1188900,0.7666666666666667,0.8333333333333334,0.7727272727272727,0.875,0.3333333333333333
1189200,0.8,0.8055555555555556,0.7727272727272727,0.8571428571428571,0.30952380952380953
1189500,0.7666666666666667,0.8055555555555556,0.7727272727272727,0.8571428571428571,0.35714285714285715
1189800,0.7666666666666667,0.7777777777777778,0.8181818181818182,0.8392857142857143,0.30952380952380953
1190100,0.8,0.8055555555555556,0.8181818181818182,0.9107142857142857,0.2857142857142857
1190400,0.8,0.8611111111111112,0.7727272727272727,0.9107142857142857,0.2619047619047619
1190700,0.8,0.8611111111111112,0.8181818181818182,0.8214285714285714,0.3333333333333333
1191000,0.8,0.8888888888888888,0.8181818181818182,0.8392857142857143,0.2619047619047619
1191300,0.7666666666666667,0.8888888888888888,0.8181818181818182,0.8214285714285714,0.40476190476190477
1191600,0.7666666666666667,0.8611111111111112,0.7727272727272727,0.8214285714285714,0.47619047619047616
1191900,0.8333333333333334,0.8888888888888888,0.7727272727272727,0.6785714285714286,0.35714285714285715
1192200,0.8333333333333334,0.9166666666666666,0.8181818181818182,0.625,0.35714285714285715
1192500,0.8333333333333334,0.9166666666666666,0.8181818181818182,0.625,0.35714285714285715
1192800,0.8333333333333334,0.8888888888888888,0.7727272727272727,0.6428571428571429,0.2619047619047619
1193100,0.8666666666666667,0.9166666666666666,0.7727272727272727,0.6428571428571429,0.3333333333333333
1193400,0.8666666666666667,0.9166666666666666,0.6818181818181818,0.6071428571428571,0.30952380952380953
1193700,0.8666666666666667,0.8888888888888888,0.6818181818181818,0.6428571428571429,0.3333333333333333
1194000,0.8,0.8888888888888888,0.5454545454545454,0.625,0.40476190476190477
1194300,0.7666666666666667,0.8888888888888888,0.5,0.6428571428571429,0.4523809523809524
1194600,0.7333333333333333,0.8888888888888888,0.45454545454545453,0.5892857142857143,0.5238095238095238
1194900,0.7666666666666667,0.8888888888888888,0.4090909090909091,0.6071428571428571,0.5
1195200,0.7666666666666667,0.8888888888888888,0.36363636363636365,0.5535714285714286,0.40476190476190477
1195500,0.7666666666666667,0.8611111111111112,0.4090909090909091,0.5178571428571429,0.40476190476190477
1195800,0.7,0.8611111111111112,0.4090909090909091,0.5,0.40476190476190477
1196100,0.6666666666666666,0.8055555555555556,0.3181818181818182,0.5,0.5238095238095238
1196400,0.6666666666666666,0.8055555555555556,0.2727272727272727,0.5357142857142857,0.5238095238095238
1196700,0.6333333333333333,0.8055555555555556,0.18181818181818182,0.5892857142857143,0.47619047619047616
1197000,0.6666666666666666,0.75,0.13636363636363635,0.5892857142857143,0.38095238095238093
1197300,0.6666666666666666,0.75,0.13636363636363635,0.6428571428571429,0.4523809523809524
1197600,0.6666666666666666,0.7222222222222222,0.09090909090909091,0.625,0.5
1197900,0.6666666666666666,0.7222222222222222,0.045454545454545456,0.5714285714285714,0.5476190476190477
1198200,0.6,0.75,0.09090909090909091,0.44642857142857145,0.5714285714285714
1198500,0.6,0.75,0.045454545454545456,0.42857142857142855,0.5952380952380952
1198800,0.6,0.75,0.09090909090909091,0.39285714285714285,0.5238095238095238
1199100,0.5666666666666667,0.7222222222222222,0.09090909090909091,0.375,0.5476190476190477
1199400,0.5666666666666667,0.75,0.18181818181818182,0.39285714285714285,0.5238095238095238
1199700,0.6,0.7777777777777778,0.2727272727272727,0.32142857142857145,0.47619047619047616
1200000,0.5666666666666667,0.8333333333333334,0.36363636363636365,0.30357142857142855,0.5238095238095238
1200300,0.5666666666666667,0.8333333333333334,0.5,0.2857142857142857,0.5714285714285714
1200600,0.5,0.9166666666666666,0.5,0.17857142857142858,0.5714285714285714
1200900,0.4666666666666667,0.9166666666666666,0.45454545454545453,0.125,0.5
1201200,0.4666666666666667,0.9166666666666666,0.3181818181818182,0.14285714285714285,0.47619047619047616
1201500,0.4666666666666667,0.9166666666666666,0.3181818181818182,0.14285714285714285,0.42857142857142855
1201800,0.4666666666666667,0.9444444444444444,0.4090909090909091,0.125,0.5238095238095238
1202100,0.4,0.9444444444444444,0.5,0.16071428571428573,0.5952380952380952
1202400,0.36666666666666664,0.9444444444444444,0.5454545454545454,0.17857142857142858,0.5238095238095238
1202700,0.36666666666666664,0.9444444444444444,0.6363636363636364,0.16071428571428573,0.6190476190476191
1203000,0.36666666666666664,0.9444444444444444,0.6818181818181818,0.125,0.5476190476190477
1203300,0.4,0.9722222222222222,0.6363636363636364,0.21428571428571427,0.5714285714285714
1203600,0.36666666666666664,0.9444444444444444,0.6363636363636364,0.26785714285714285,0.6190476190476191
1203900,0.3333333333333333,0.9166666666666666,0.6363636363636364,0.26785714285714285,0.6428571428571429
1204200,0.36666666666666664,0.9444444444444444,0.6363636363636364,0.23214285714285715,0.5714285714285714
1204500,0.4,0.9722222222222222,0.5909090909090909,0.17857142857142858,0.5238095238095238
1204800,0.4,0.9444444444444444,0.5909090909090909,0.21428571428571427,0.38095238095238093
1205100,0.4,0.9444444444444444,0.5909090909090909,0.19642857142857142,0.35714285714285715
1205400,0.4,0.9166666666666666,0.5909090909090909,0.21428571428571427,0.35714285714285715
1205700,0.43333333333333335,0.9166666666666666,0.5454545454545454,0.21428571428571427,0.35714285714285715
1206000,0.4666666666666667,0.9166666666666666,0.5,0.2857142857142857,0.5238095238095238
1206300,0.43333333333333335,0.8888888888888888,0.5,0.23214285714285715,0.5952380952380952
1206600,0.5,0.8611111111111112,0.36363636363636365,0.19642857142857142,0.5
1206900,0.4666666666666667,0.8611111111111112,0.45454545454545453,0.21428571428571427,0.47619047619047616
1207200,0.4,0.8611111111111112,0.5454545454545454,0.21428571428571427,0.47619047619047616
1207500,0.4,0.8611111111111112,0.5454545454545454,0.35714285714285715,0.4523809523809524
1207800,0.36666666666666664,0.8333333333333334,0.5454545454545454,0.35714285714285715,0.35714285714285715
1208100,0.3333333333333333,0.8333333333333334,0.5,0.375,0.40476190476190477
1208400,0.43333333333333335,0.8611111111111112,0.5,0.4107142857142857,0.5238095238095238
1208700,0.4,0.8333333333333334,0.5,0.42857142857142855,0.5238095238095238
1209000,0.3,0.7777777777777778,0.5,0.35714285714285715,0.6190476190476191
1209300,0.26666666666666666,0.8055555555555556,0.5454545454545454,0.2857142857142857,0.6904761904761905
1209600,0.23333333333333334,0.8055555555555556,0.5454545454545454,0.23214285714285715,0.6904761904761905
1209900,0.23333333333333334,0.6666666666666666,0.4090909090909091,0.0,0.5952380952380952
1210200,0.23333333333333334,0.6944444444444444,0.4090909090909091,0.07142857142857142,0.5714285714285714
1210500,0.3,0.6111111111111112,0.36363636363636365,0.03571428571428571,0.47619047619047616
1210800,0.26666666666666666,0.6111111111111112,0.2727272727272727,0.07142857142857142,0.47619047619047616
1211100,0.26666666666666666,0.6111111111111112,0.2727272727272727,0.05357142857142857,0.47619047619047616
1211400,0.3,0.6111111111111112,0.2727272727272727,0.03571428571428571,0.5
1211700,0.26666666666666666,0.5555555555555556,0.2727272727272727,0.07142857142857142,0.2857142857142857
1212000,0.23333333333333334,0.5,0.2727272727272727,0.08928571428571429,0.21428571428571427
1212300,0.2,0.5,0.2727272727272727,0.08928571428571429,0.21428571428571427
1212600,0.2,0.5277777777777778,0.0,0.19642857142857142,0.2857142857142857
1212900,0.2,0.5277777777777778,0.2727272727272727,0.10714285714285714,0.23809523809523808
1213200,0.16666666666666666,0.5555555555555556,0.2727272727272727,0.08928571428571429,0.19047619047619047
1213500,0.23333333333333334,0.6111111111111112,0.22727272727272727,0.05357142857142857,0.23809523809523808
1213800,0.2,0.6388888888888888,0.22727272727272727,0.08928571428571429,0.19047619047619047
1214100,0.16666666666666666,0.6944444444444444,0.22727272727272727,0.03571428571428571,0.16666666666666666
1214400,0.2,0.6666666666666666,0.22727272727272727,0.05357142857142857,0.35714285714285715
1214700,0.16666666666666666,0.6944444444444444,0.2727272727272727,0.08928571428571429,0.3333333333333333
1215000,0.2,0.6666666666666666,0.22727272727272727,0.10714285714285714,0.5
1215300,0.2,0.6111111111111112,0.3181818181818182,0.08928571428571429,0.5476190476190477
1215600,0.2,0.5555555555555556,0.36363636363636365,0.08928571428571429,0.5476190476190477
1215900,0.2,0.5277777777777778,0.4090909090909091,0.17857142857142858,0.5
1216200,0.2,0.5555555555555556,0.45454545454545453,0.16071428571428573,0.5
1216500,0.23333333333333334,0.5555555555555556,0.45454545454545453,0.19642857142857142,0.5
1216800,0.23333333333333334,0.5277777777777778,0.45454545454545453,0.21428571428571427,0.6190476190476191
1217100,0.23333333333333334,0.5,0.5,0.21428571428571427,0.6190476190476191
1217400,0.23333333333333334,0.4722222222222222,0.5454545454545454,0.25,0.5952380952380952
1217700,0.23333333333333334,0.5277777777777778,0.5454545454545454,0.19642857142857142,0.6428571428571429
1218000,0.23333333333333334,0.5,0.5,0.14285714285714285,0.6666666666666666
1218300,0.23333333333333334,0.4444444444444444,0.45454545454545453,0.16071428571428573,0.7142857142857143
1218600,0.23333333333333334,0.4444444444444444,0.4090909090909091,0.19642857142857142,0.7142857142857143
1218900,0.23333333333333334,0.4166666666666667,0.45454545454545453,0.08928571428571429,0.7142857142857143
1219200,0.23333333333333334,0.4166666666666667,0.45454545454545453,0.14285714285714285,0.6904761904761905
1219500,0.23333333333333334,0.4444444444444444,0.45454545454545453,0.21428571428571427,0.8095238095238095
1219800,0.23333333333333334,0.4722222222222222,0.45454545454545453,0.19642857142857142,0.8095238095238095
1220100,0.23333333333333334,0.4166666666666667,0.45454545454545453,0.25,0.8333333333333334
1220400,0.23333333333333334,0.4166666666666667,0.45454545454545453,0.26785714285714285,0.8095238095238095
1220700,0.23333333333333334,0.3611111111111111,0.4090909090909091,0.25,0.8571428571428571
1221000,0.23333333333333334,0.3611111111111111,0.4090909090909091,0.26785714285714285,0.8333333333333334
1221300,0.23333333333333334,0.3333333333333333,0.4090909090909091,0.30357142857142855,0.8333333333333334
1221600,0.23333333333333334,0.3611111111111111,0.4090909090909091,0.375,0.8333333333333334
1221900,0.23333333333333334,0.3333333333333333,0.4090909090909091,0.39285714285714285,0.8571428571428571
1222200,0.23333333333333334,0.2777777777777778,0.4090909090909091,0.39285714285714285,0.8571428571428571
1222500,0.2,0.2777777777777778,0.45454545454545453,0.39285714285714285,0.8571428571428571
1222800,0.2,0.3333333333333333,0.45454545454545453,0.39285714285714285,0.8333333333333334
1223100,0.2,0.3333333333333333,0.4090909090909091,0.39285714285714285,0.8095238095238095
1223400,0.2,0.3333333333333333,0.4090909090909091,0.4107142857142857,0.8095238095238095
1223700,0.2,0.4166666666666667,0.4090909090909091,0.4107142857142857,0.7857142857142857
1224000,0.2,0.4166666666666667,0.36363636363636365,0.4642857142857143,0.8095238095238095
1224300,0.2,0.4166666666666667,0.3181818181818182,0.5,0.8333333333333334
1224600,0.2,0.4722222222222222,0.3181818181818182,0.5357142857142857,0.8095238095238095
1224900,0.2,0.4722222222222222,0.3181818181818182,0.5178571428571429,0.8333333333333334
1225200,0.2,0.4722222222222222,0.3181818181818182,0.5357142857142857,0.8571428571428571
1225500,0.2,0.5555555555555556,0.3181818181818182,0.5535714285714286,0.8571428571428571
1225800,0.2,0.5,0.2727272727272727,0.625,0.8333333333333334
1226100,0.2,0.4444444444444444,0.22727272727272727,0.6071428571428571,0.8095238095238095
1226400,0.2,0.5,0.22727272727272727,0.5892857142857143,0.7857142857142857
1226700,0.2,0.4444444444444444,0.22727272727272727,0.5892857142857143,0.7857142857142857
1227000,0.2,0.3888888888888889,0.22727272727272727,0.5714285714285714,0.7619047619047619
1227300,0.2,0.3055555555555556,0.22727272727272727,0.5892857142857143,0.7857142857142857
1227600,0.2,0.25,0.22727272727272727,0.5714285714285714,0.7380952380952381
1227900,0.2,0.2777777777777778,0.22727272727272727,0.6071428571428571,0.7619047619047619
1228200,0.2,0.16666666666666666,0.22727272727272727,0.6071428571428571,0.7380952380952381
1228500,0.2,0.19444444444444445,0.22727272727272727,0.6607142857142857,0.7142857142857143
1228800,0.2,0.19444444444444445,0.22727272727272727,0.5714285714285714,0.7142857142857143
1229100,0.2,0.1388888888888889,0.22727272727272727,0.5357142857142857,0.7857142857142857
1229400,0.2,0.19444444444444445,0.22727272727272727,0.5178571428571429,0.7380952380952381
1229700,0.2,0.1388888888888889,0.22727272727272727,0.5357142857142857,0.7619047619047619
1230000,0.2,0.16666666666666666,0.18181818181818182,0.44642857142857145,0.7142857142857143
1230300,0.2,0.1388888888888889,0.18181818181818182,0.4107142857142857,0.7380952380952381
1230600,0.2,0.1388888888888889,0.13636363636363635,0.375,0.7142857142857143
1230900,0.2,0.25,0.13636363636363635,0.42857142857142855,0.7142857142857143
1231200,0.2,0.3055555555555556,0.18181818181818182,0.4642857142857143,0.7142857142857143
1231500,0.2,0.2777777777777778,0.13636363636363635,0.44642857142857145,0.7380952380952381
1231800,0.16666666666666666,0.2777777777777778,0.18181818181818182,0.44642857142857145,0.7380952380952381
1232100,0.2,0.3333333333333333,0.22727272727272727,0.4107142857142857,0.7619047619047619
1232400,0.2,0.3333333333333333,0.2727272727272727,0.39285714285714285,0.7619047619047619
1232700,0.2,0.3333333333333333,0.22727272727272727,0.2857142857142857,0.7619047619047619
1233000,0.2,0.3055555555555556,0.18181818181818182,0.19642857142857142,0.7142857142857143
1233300,0.26666666666666666,0.3888888888888889,0.13636363636363635,0.19642857142857142,0.7142857142857143
1233600,0.26666666666666666,0.4444444444444444,0.13636363636363635,0.23214285714285715,0.6666666666666666
1233900,0.26666666666666666,0.5277777777777778,0.18181818181818182,0.26785714285714285,0.6190476190476191
1234200,0.3333333333333333,0.4444444444444444,0.18181818181818182,0.25,0.5952380952380952
1234500,0.3333333333333333,0.4444444444444444,0.3181818181818182,0.25,0.6428571428571429
1234800,0.36666666666666664,0.4444444444444444,0.4090909090909091,0.19642857142857142,0.6190476190476191
1235100,0.43333333333333335,0.4166666666666667,0.45454545454545453,0.19642857142857142,0.7380952380952381
1235400,0.4666666666666667,0.5,0.5909090909090909,0.19642857142857142,0.6904761904761905
1235700,0.4666666666666667,0.4722222222222222,0.6818181818181818,0.125,0.6904761904761905
1236000,0.4666666666666667,0.4444444444444444,0.7272727272727273,0.10714285714285714,0.7857142857142857
1236300,0.43333333333333335,0.5,0.7727272727272727,0.07142857142857142,0.7619047619047619
1236600,0.4666666666666667,0.5,0.7727272727272727,0.10714285714285714,0.7619047619047619
1236900,0.4666666666666667,0.5277777777777778,0.7727272727272727,0.14285714285714285,0.7380952380952381
1237200,0.4666666666666667,0.5555555555555556,0.8181818181818182,0.17857142857142858,0.7380952380952381
1237500,0.4666666666666667,0.5555555555555556,0.8181818181818182,0.19642857142857142,0.7380952380952381
1237800,0.4666666666666667,0.6388888888888888,0.8181818181818182,0.23214285714285715,0.6904761904761905
1238100,0.4666666666666667,0.7222222222222222,0.8181818181818182,0.26785714285714285,0.6666666666666666
1238400,0.5,0.75,0.8181818181818182,0.32142857142857145,0.6428571428571429
1238700,0.0,0.0,0.0,0.32142857142857145,0.5238095238095238
1239000,0.4666666666666667,0.8055555555555556,0.7272727272727273,0.4107142857142857,0.5476190476190477
1239300,0.5333333333333333,0.8333333333333334,0.7272727272727273,0.4642857142857143,0.5
1239600,0.5333333333333333,0.8888888888888888,0.7727272727272727,0.5357142857142857,0.5952380952380952
1239900,0.5666666666666667,0.8888888888888888,0.7272727272727273,0.5357142857142857,0.5476190476190477
1240200,0.6,0.8888888888888888,0.7272727272727273,0.5714285714285714,0.6190476190476191
1240500,0.6666666666666666,0.8888888888888888,0.7272727272727273,0.6785714285714286,0.6190476190476191
1240800,0.6666666666666666,0.8888888888888888,0.7272727272727273,0.7321428571428571,0.6666666666666666
1241100,0.6666666666666666,0.9166666666666666,0.7727272727272727,0.6964285714285714,0.6190476190476191
1241400,0.6666666666666666,0.9444444444444444,0.7727272727272727,0.6964285714285714,0.6190476190476191
1241700,0.6666666666666666,0.9444444444444444,0.8181818181818182,0.6964285714285714,0.6190476190476191
1242000,0.6666666666666666,0.9444444444444444,0.8636363636363636,0.6964285714285714,0.5714285714285714
1242300,0.6666666666666666,0.9444444444444444,0.8181818181818182,0.6785714285714286,0.5952380952380952
1242600,0.6333333333333333,0.9444444444444444,0.8181818181818182,0.7142857142857143,0.7380952380952381
1242900,0.6333333333333333,0.9722222222222222,0.8636363636363636,0.7321428571428571,0.7142857142857143
1243200,0.6333333333333333,1.0,0.8636363636363636,0.7142857142857143,0.6904761904761905
1243500,0.6333333333333333,0.9444444444444444,0.8181818181818182,0.7142857142857143,0.6904761904761905
1243800,0.6666666666666666,0.9444444444444444,0.8181818181818182,0.7142857142857143,0.5714285714285714
1244100,0.6666666666666666,0.9444444444444444,0.8181818181818182,0.6964285714285714,0.5714285714285714
1244400,0.6666666666666666,0.9444444444444444,0.8181818181818182,0.7321428571428571,0.5238095238095238
1244700,0.6666666666666666,0.9444444444444444,0.8181818181818182,0.7321428571428571,0.5714285714285714
1245000,0.6666666666666666,0.9444444444444444,0.8181818181818182,0.7857142857142857,0.5238095238095238
1245300,0.6666666666666666,0.9444444444444444,0.9090909090909091,0.8214285714285714,0.5238095238095238
1245600,0.7,0.9444444444444444,0.9545454545454546,0.8392857142857143,0.5
1245900,0.0,0.0,0.0,0.0,0.4523809523809524
1246200,0.8333333333333334,0.9444444444444444,0.8636363636363636,0.9107142857142857,0.47619047619047616
1246500,0.8333333333333334,0.9444444444444444,0.7727272727272727,0.9107142857142857,0.4523809523809524
1246800,0.8333333333333334,0.9166666666666666,0.7727272727272727,0.9642857142857143,0.35714285714285715
1247100,0.8,0.9166666666666666,0.7272727272727273,0.9464285714285714,0.23809523809523808
1247400,0.8,0.9166666666666666,0.7272727272727273,0.9464285714285714,0.19047619047619047
1247700,0.8,0.8888888888888888,0.6818181818181818,0.9642857142857143,0.2619047619047619
1248000,0.7333333333333333,0.8888888888888888,0.6818181818181818,0.9642857142857143,0.11904761904761904
1248300,0.7,0.8333333333333334,0.6818181818181818,0.9464285714285714,0.11904761904761904
1248600,0.7,0.8333333333333334,0.6818181818181818,0.9464285714285714,0.11904761904761904
1248900,0.6,0.8333333333333334,0.6363636363636364,0.9464285714285714,0.09523809523809523
1249200,0.6,0.8333333333333334,0.6363636363636364,0.9464285714285714,0.09523809523809523
1249500,0.6,0.8333333333333334,0.6363636363636364,0.8571428571428571,0.07142857142857142
1249800,0.6,0.8333333333333334,0.6363636363636364,0.8928571428571429,0.07142857142857142
1250100,0.6,0.8333333333333334,0.6363636363636364,0.8928571428571429,0.07142857142857142
1250400,0.6,0.8333333333333334,0.6363636363636364,0.9107142857142857,0.023809523809523808
1250700,0.5333333333333333,0.5277777777777778,0.7727272727272727,0.9107142857142857,0.07142857142857142
1251000,0.5333333333333333,0.5,0.7727272727272727,0.875,0.14285714285714285
1251300,0.5333333333333333,0.5,0.7727272727272727,0.875,0.14285714285714285
1251600,0.6,0.4722222222222222,0.7727272727272727,0.7678571428571429,0.11904761904761904
1251900,0.5666666666666667,0.4722222222222222,0.7727272727272727,0.7678571428571429,0.16666666666666666
1252200,0.5666666666666667,0.4722222222222222,0.7727272727272727,0.7678571428571429,0.16666666666666666
1252500,0.4666666666666667,0.5555555555555556,0.8181818181818182,0.8214285714285714,0.14285714285714285
1252800,0.4,0.6111111111111112,0.7272727272727273,0.8214285714285714,0.16666666666666666
1253100,0.4,0.5555555555555556,0.6363636363636364,0.7678571428571429,0.16666666666666666
1253400,0.43333333333333335,0.5,0.5909090909090909,0.6964285714285714,0.30952380952380953
1253700,0.4,0.5,0.5454545454545454,0.6607142857142857,0.3333333333333333
1254000,0.36666666666666664,0.5,0.5,0.6428571428571429,0.3333333333333333
1254300,0.3333333333333333,0.5277777777777778,0.45454545454545453,0.5714285714285714,0.42857142857142855
1254600,0.3333333333333333,0.4722222222222222,0.4090909090909091,0.5357142857142857,0.30952380952380953
1254900,0.26666666666666666,0.5,0.4090909090909091,0.48214285714285715,0.23809523809523808
1255200,0.2,0.5277777777777778,0.36363636363636365,0.4107142857142857,0.2619047619047619
1255500,0.2,0.5,0.2727272727272727,0.39285714285714285,0.21428571428571427
1255800,0.23333333333333334,0.5277777777777778,0.2727272727272727,0.4107142857142857,0.16666666666666666
1256100,0.23333333333333334,0.6111111111111112,0.22727272727272727,0.42857142857142855,0.047619047619047616
1256400,0.16666666666666666,0.5833333333333334,0.18181818181818182,0.48214285714285715,0.07142857142857142
1256700,0.13333333333333333,0.6111111111111112,0.2727272727272727,0.42857142857142855,0.047619047619047616
1257000,0.13333333333333333,0.5833333333333334,0.2727272727272727,0.44642857142857145,0.16666666666666666
1257300,0.2,0.5277777777777778,0.2727272727272727,0.5178571428571429,0.16666666666666666
1257600,0.1,0.5555555555555556,0.22727272727272727,0.5714285714285714,0.11904761904761904
1257900,0.06666666666666667,0.5277777777777778,0.22727272727272727,0.5535714285714286,0.11904761904761904
1258200,0.1,0.5,0.18181818181818182,0.5714285714285714,0.11904761904761904
1258500,0.06666666666666667,0.4722222222222222,0.18181818181818182,0.5892857142857143,0.047619047619047616
1258800,0.13333333333333333,0.4166666666666667,0.22727272727272727,0.6071428571428571,0.14285714285714285
1259100,0.16666666666666666,0.4166666666666667,0.2727272727272727,0.6071428571428571,0.11904761904761904
1259400,0.36666666666666664,0.3888888888888889,0.18181818181818182,0.6785714285714286,0.09523809523809523
1259700,0.4,0.4166666666666667,0.13636363636363635,0.6785714285714286,0.09523809523809523
1260000,0.4,0.4722222222222222,0.09090909090909091,0.6785714285714286,0.0
1260300,0.36666666666666664,0.5555555555555556,0.09090909090909091,0.8035714285714286,0.047619047619047616
1260600,0.36666666666666664,0.6944444444444444,0.2727272727272727,0.8214285714285714,0.09523809523809523
1260900,0.36666666666666664,0.8611111111111112,0.3181818181818182,0.8571428571428571,0.09523809523809523
1261200,0.43333333333333335,0.8055555555555556,0.36363636363636365,0.9107142857142857,0.07142857142857142
1261500,0.43333333333333335,0.8333333333333334,0.4090909090909091,0.8928571428571429,0.09523809523809523
1261800,0.43333333333333335,0.8333333333333334,0.45454545454545453,0.8928571428571429,0.09523809523809523
1262100,0.4666666666666667,0.8333333333333334,0.5,0.9107142857142857,0.09523809523809523
1262400,0.4,0.7777777777777778,0.5,0.8571428571428571,0.09523809523809523
1262700,0.4,0.7777777777777778,0.45454545454545453,0.875,0.16666666666666666
1263000,0.36666666666666664,0.7777777777777778,0.45454545454545453,0.875,0.14285714285714285
1263300,0.36666666666666664,0.7777777777777778,0.5,0.875,0.16666666666666666
1263600,0.4,0.7777777777777778,0.5454545454545454,0.875,0.14285714285714285
1263900,0.4,0.8055555555555556,0.6363636363636364,0.8214285714285714,0.11904761904761904
1264200,0.4,0.8055555555555556,0.6363636363636364,0.875,0.0
1264500,0.36666666666666664,0.8055555555555556,0.6818181818181818,0.8928571428571429,0.16666666666666666
1264800,0.36666666666666664,0.7777777777777778,0.6818181818181818,0.8571428571428571,0.09523809523809523
1265100,0.4666666666666667,0.7777777777777778,0.6363636363636364,0.8571428571428571,0.023809523809523808
1265400,0.4666666666666667,0.75,0.6363636363636364,0.875,0.09523809523809523
1265700,0.5333333333333333,0.7222222222222222,0.5454545454545454,0.875,0.16666666666666666
1266000,0.5,0.6944444444444444,0.6363636363636364,0.8928571428571429,0.11904761904761904
1266300,0.5,0.6944444444444444,0.6363636363636364,0.8928571428571429,0.11904761904761904
1266600,0.5666666666666667,0.6944444444444444,0.6363636363636364,0.875,0.023809523809523808
1266900,0.6333333333333333,0.6388888888888888,0.6363636363636364,0.8928571428571429,0.19047619047619047
1267200,0.6333333333333333,0.6111111111111112,0.6363636363636364,0.9464285714285714,0.16666666666666666
1267500,0.0,0.0,0.0,0.0,0.11904761904761904
1267800,0.5666666666666667,0.6111111111111112,0.5909090909090909,0.8928571428571429,0.07142857142857142
1268100,0.5666666666666667,0.6666666666666666,0.5454545454545454,0.9285714285714286,0.09523809523809523
1268400,0.5666666666666667,0.6944444444444444,0.5454545454545454,0.9107142857142857,0.14285714285714285
1268700,0.5666666666666667,0.75,0.5454545454545454,0.9285714285714286,0.14285714285714285
1269000,0.5666666666666667,0.7777777777777778,0.5454545454545454,0.875,0.09523809523809523
1269300,0.5666666666666667,0.8055555555555556,0.5,0.8928571428571429,0.21428571428571427
1269600,0.6,0.8888888888888888,0.5454545454545454,0.8928571428571429,0.023809523809523808
1269900,0.6,0.8333333333333334,0.5454545454545454,0.7678571428571429,0.14285714285714285
1270200,0.5666666666666667,0.8055555555555556,0.5454545454545454,0.7678571428571429,0.11904761904761904
1270500,0.5666666666666667,0.8333333333333334,0.5909090909090909,0.75,0.09523809523809523
1270800,0.5666666666666667,0.8333333333333334,0.5909090909090909,0.7678571428571429,0.047619047619047616
1271100,0.7333333333333333,0.7777777777777778,0.5909090909090909,0.7857142857142857,0.14285714285714285
1271400,0.7333333333333333,0.7777777777777778,0.6363636363636364,0.7857142857142857,0.19047619047619047
1271700,0.7333333333333333,0.7777777777777778,0.6363636363636364,0.7857142857142857,0.2857142857142857
1272000,0.7,0.8055555555555556,0.6363636363636364,0.8214285714285714,0.2619047619047619
1272300,0.7,0.7777777777777778,0.5909090909090909,0.8392857142857143,0.30952380952380953
1272600,0.7,0.7777777777777778,0.5454545454545454,0.8214285714285714,0.38095238095238093
1272900,0.7,0.7777777777777778,0.5909090909090909,0.8571428571428571,0.38095238095238093
1273200,0.7666666666666667,0.75,0.5909090909090909,0.8035714285714286,0.35714285714285715
1273500,0.8,0.7222222222222222,0.6363636363636364,0.8035714285714286,0.2619047619047619
1273800,0.8,0.7222222222222222,0.5454545454545454,0.8035714285714286,0.30952380952380953
1274100,0.8,0.7777777777777778,0.5454545454545454,0.7678571428571429,0.42857142857142855
1274400,0.8,0.8055555555555556,0.5454545454545454,0.75,0.38095238095238093
1274700,0.8,0.8333333333333334,0.5454545454545454,0.75,0.38095238095238093
1275000,0.8,0.8611111111111112,0.5454545454545454,0.75,0.23809523809523808
1275300,0.8333333333333334,0.8333333333333334,0.5454545454545454,0.75,0.21428571428571427
1275600,0.8333333333333334,0.8611111111111112,0.5454545454545454,0.8392857142857143,0.07142857142857142
1275900,0.7666666666666667,0.8888888888888888,0.5909090909090909,0.8214285714285714,0.11904761904761904
1276200,0.7666666666666667,0.9444444444444444,0.5909090909090909,0.7678571428571429,0.09523809523809523
1276500,0.7666666666666667,0.9444444444444444,0.5909090909090909,0.7678571428571429,0.047619047619047616
1276800,0.7666666666666667,0.9444444444444444,0.6818181818181818,0.7857142857142857,0.11904761904761904
1277100,0.8,0.9444444444444444,0.6818181818181818,0.7857142857142857,0.16666666666666666
1277400,0.7666666666666667,0.9444444444444444,0.7272727272727273,0.7678571428571429,0.23809523809523808
1277700,0.8,0.9444444444444444,0.7272727272727273,0.7678571428571429,0.11904761904761904
1278000,0.8,0.9444444444444444,0.7272727272727273,0.7678571428571429,0.11904761904761904
1278300,0.8,0.9444444444444444,0.7272727272727273,0.7321428571428571,0.2619047619047619
1278600,0.8,0.9444444444444444,0.7272727272727273,0.5714285714285714,0.16666666666666666
1278900,0.8,0.9166666666666666,0.6818181818181818,0.5714285714285714,0.14285714285714285
1279200,0.7666666666666667,0.9166666666666666,0.6818181818181818,0.5535714285714286,0.09523809523809523
1279500,0.7666666666666667,0.9166666666666666,0.6818181818181818,0.5178571428571429,0.16666666666666666
1279800,0.7666666666666667,0.8888888888888888,0.7272727272727273,0.35714285714285715,0.23809523809523808
1280100,0.7666666666666667,0.8888888888888888,0.7272727272727273,0.30357142857142855,0.23809523809523808
1280400,0.7666666666666667,0.8611111111111112,0.7272727272727273,0.30357142857142855,0.3333333333333333
1280700,0.8,0.8055555555555556,0.7727272727272727,0.32142857142857145,0.23809523809523808
1281000,0.7666666666666667,0.75,0.7727272727272727,0.2857142857142857,0.21428571428571427
1281300,0.7333333333333333,0.7777777777777778,0.6818181818181818,0.23214285714285715,0.14285714285714285
1281600,0.7666666666666667,0.7777777777777778,0.6818181818181818,0.21428571428571427,0.14285714285714285
1281900,0.7333333333333333,0.8055555555555556,0.6818181818181818,0.26785714285714285,0.23809523809523808
1282200,0.7333333333333333,0.7777777777777778,0.5909090909090909,0.2857142857142857,0.35714285714285715
1282500,0.7,0.7777777777777778,0.5909090909090909,0.30357142857142855,0.2857142857142857
1282800,0.6333333333333333,0.6388888888888888,0.6818181818181818,0.3392857142857143,0.23809523809523808
1283100,0.6333333333333333,0.6388888888888888,0.6818181818181818,0.4642857142857143,0.21428571428571427
1283400,0.6,0.6666666666666666,0.6363636363636364,0.375,0.2857142857142857
1283700,0.6,0.6944444444444444,0.6363636363636364,0.3392857142857143,0.3333333333333333
1284000,0.6333333333333333,0.6388888888888888,0.6818181818181818,0.32142857142857145,0.38095238095238093
1284300,0.6,0.6666666666666666,0.7272727272727273,0.3392857142857143,0.38095238095238093
1284600,0.5666666666666667,0.6944444444444444,0.6818181818181818,0.39285714285714285,0.40476190476190477
1284900,0.5333333333333333,0.7222222222222222,0.6818181818181818,0.42857142857142855,0.4523809523809524
1285200,0.5,0.7222222222222222,0.6363636363636364,0.48214285714285715,0.5
1285500,0.5333333333333333,0.75,0.6363636363636364,0.44642857142857145,0.47619047619047616
1285800,0.5333333333333333,0.8055555555555556,0.6363636363636364,0.44642857142857145,0.5238095238095238
1286100,0.5333333333333333,0.7777777777777778,0.6363636363636364,0.5178571428571429,0.47619047619047616
1286400,0.5333333333333333,0.7777777777777778,0.5909090909090909,0.5178571428571429,0.5238095238095238
1286700,0.5666666666666667,0.8055555555555556,0.5909090909090909,0.5357142857142857,0.5714285714285714
1287000,0.5333333333333333,0.7777777777777778,0.5909090909090909,0.5178571428571429,0.5238095238095238
1287300,0.5333333333333333,0.8055555555555556,0.5454545454545454,0.4642857142857143,0.6428571428571429
1287600,0.5333333333333333,0.8055555555555556,0.5454545454545454,0.4107142857142857,0.7142857142857143
1287900,0.5333333333333333,0.8055555555555556,0.5,0.4107142857142857,0.5952380952380952
1288200,0.5666666666666667,0.8333333333333334,0.5909090909090909,0.44642857142857145,0.4523809523809524
1288500,0.5333333333333333,0.8611111111111112,0.5909090909090909,0.4107142857142857,0.47619047619047616
1288800,0.5,0.8888888888888888,0.6363636363636364,0.35714285714285715,0.5952380952380952
1289100,0.5,0.8333333333333334,0.5,0.35714285714285715,0.6428571428571429
1289400,0.4666666666666667,0.8333333333333334,0.45454545454545453,0.4107142857142857,0.6904761904761905
1289700,0.5333333333333333,0.8055555555555556,0.45454545454545453,0.3392857142857143,0.6666666666666666
1290000,0.5666666666666667,0.8333333333333334,0.45454545454545453,0.375,0.6428571428571429
1290300,0.5,0.8333333333333334,0.45454545454545453,0.35714285714285715,0.6428571428571429
1290600,0.5,0.8333333333333334,0.36363636363636365,0.32142857142857145,0.5952380952380952
1290900,0.4666666666666667,0.8611111111111112,0.4090909090909091,0.30357142857142855,0.5714285714285714
1291200,0.4666666666666667,0.8611111111111112,0.36363636363636365,0.25,0.7380952380952381
1291500,0.4666666666666667,0.8333333333333334,0.36363636363636365,0.3392857142857143,0.7857142857142857
1291800,0.4666666666666667,0.8333333333333334,0.36363636363636365,0.35714285714285715,0.7619047619047619
1292100,0.4666666666666667,0.8611111111111112,0.4090909090909091,0.3392857142857143,0.7619047619047619
1292400,0.4666666666666667,0.8611111111111112,0.36363636363636365,0.375,0.7380952380952381
1292700,0.43333333333333335,0.8611111111111112,0.36363636363636365,0.35714285714285715,0.6666666666666666
1293000,0.4,0.8611111111111112,0.3181818181818182,0.30357142857142855,0.6666666666666666
1293300,0.43333333333333335,0.8055555555555556,0.3181818181818182,0.30357142857142855,0.6428571428571429
1293600,0.4666666666666667,0.8333333333333334,0.3181818181818182,0.26785714285714285,0.5476190476190477
1293900,0.5,0.8333333333333334,0.3181818181818182,0.26785714285714285,0.5714285714285714
1294200,0.5,0.7777777777777778,0.3181818181818182,0.2857142857142857,0.6190476190476191
1294500,0.5,0.75,0.3181818181818182,0.2857142857142857,0.5238095238095238
1294800,0.5,0.7222222222222222,0.36363636363636365,0.23214285714285715,0.5714285714285714
1295100,0.43333333333333335,0.75,0.3181818181818182,0.25,0.5238095238095238
1295400,0.4,0.7222222222222222,0.36363636363636365,0.16071428571428573,0.5238095238095238
1295700,0.43333333333333335,0.6944444444444444,0.3181818181818182,0.23214285714285715,0.47619047619047616
1296000,0.43333333333333335,0.6944444444444444,0.22727272727272727,0.19642857142857142,0.4523809523809524
1296300,0.43333333333333335,0.7222222222222222,0.22727272727272727,0.17857142857142858,0.5
1296600,0.4,0.6944444444444444,0.2727272727272727,0.08928571428571429,0.47619047619047616
1296900,0.36666666666666664,0.5555555555555556,0.22727272727272727,0.08928571428571429,0.2857142857142857
1297200,0.3333333333333333,0.5555555555555556,0.22727272727272727,0.10714285714285714,0.30952380952380953
1297500,0.36666666666666664,0.3888888888888889,0.22727272727272727,0.14285714285714285,0.2857142857142857
1297800,0.3333333333333333,0.3888888888888889,0.09090909090909091,0.08928571428571429,0.23809523809523808
1298100,0.3,0.3888888888888889,0.09090909090909091,0.14285714285714285,0.21428571428571427
1298400,0.3,0.3888888888888889,0.045454545454545456,0.16071428571428573,0.14285714285714285
1298700,0.26666666666666666,0.3333333333333333,0.045454545454545456,0.21428571428571427,0.19047619047619047
1299000,0.23333333333333334,0.3333333333333333,0.045454545454545456,0.25,0.11904761904761904
1299300,0.1,0.2777777777777778,0.0,0.05357142857142857,0.14285714285714285
1299600,0.1,0.3055555555555556,0.13636363636363635,0.03571428571428571,0.19047619047619047
1299900,0.16666666666666666,0.3333333333333333,0.13636363636363635,0.08928571428571429,0.19047619047619047
1300200,0.13333333333333333,0.3333333333333333,0.045454545454545456,0.05357142857142857,0.30952380952380953
1300500,0.1,0.3888888888888889,0.0,0.07142857142857142,0.3333333333333333
1300800,0.1,0.3333333333333333,0.09090909090909091,0.07142857142857142,0.4523809523809524
1301100,0.06666666666666667,0.2777777777777778,0.045454545454545456,0.07142857142857142,0.5
1301400,0.13333333333333333,0.3055555555555556,0.0,0.05357142857142857,0.5714285714285714
1301700,0.2,0.3055555555555556,0.0,0.10714285714285714,0.6428571428571429
1302000,0.16666666666666666,0.3611111111111111,0.045454545454545456,0.10714285714285714,0.6190476190476191
1302300,0.16666666666666666,0.3888888888888889,0.09090909090909091,0.05357142857142857,0.7857142857142857
1302600,0.2,0.4444444444444444,0.13636363636363635,0.125,0.8095238095238095
1302900,0.16666666666666666,0.4166666666666667,0.22727272727272727,0.05357142857142857,0.7619047619047619
1303200,0.16666666666666666,0.4444444444444444,0.13636363636363635,0.07142857142857142,0.8095238095238095
1303500,0.16666666666666666,0.5,0.13636363636363635,0.08928571428571429,0.8333333333333334
1303800,0.16666666666666666,0.4444444444444444,0.13636363636363635,0.08928571428571429,0.8333333333333334
1304100,0.16666666666666666,0.5,0.0,0.05357142857142857,0.8095238095238095
1304400,0.13333333333333333,0.6111111111111112,0.045454545454545456,0.07142857142857142,0.8571428571428571
1304700,0.13333333333333333,0.5277777777777778,0.09090909090909091,0.10714285714285714,0.8333333333333334
1305000,0.13333333333333333,0.4722222222222222,0.22727272727272727,0.05357142857142857,0.8571428571428571
1305300,0.13333333333333333,0.5555555555555556,0.2727272727272727,0.03571428571428571,0.8095238095238095
1305600,0.23333333333333334,0.5277777777777778,0.3181818181818182,0.07142857142857142,0.8333333333333334
1305900,0.23333333333333334,0.4722222222222222,0.3181818181818182,0.125,0.8571428571428571
1306200,0.23333333333333334,0.5277777777777778,0.2727272727272727,0.125,0.8809523809523809
1306500,0.23333333333333334,0.4444444444444444,0.22727272727272727,0.125,0.8333333333333334
1306800,0.2,0.4444444444444444,0.22727272727272727,0.21428571428571427,0.8571428571428571
1307100,0.2,0.4722222222222222,0.18181818181818182,0.23214285714285715,0.8571428571428571
1307400,0.16666666666666666,0.4444444444444444,0.22727272727272727,0.2857142857142857,0.8333333333333334
1307700,0.16666666666666666,0.4444444444444444,0.22727272727272727,0.23214285714285715,0.8095238095238095
1308000,0.16666666666666666,0.4166666666666667,0.22727272727272727,0.2857142857142857,0.8095238095238095
1308300,0.16666666666666666,0.3055555555555556,0.2727272727272727,0.26785714285714285,0.8333333333333334
1308600,0.16666666666666666,0.3888888888888889,0.2727272727272727,0.3392857142857143,0.8333333333333334
1308900,0.16666666666666666,0.3333333333333333,0.22727272727272727,0.39285714285714285,0.8333333333333334
1309200,0.16666666666666666,0.2777777777777778,0.18181818181818182,0.4107142857142857,0.8571428571428571
1309500,0.16666666666666666,0.2777777777777778,0.22727272727272727,0.39285714285714285,0.8571428571428571
1309800,0.16666666666666666,0.2777777777777778,0.2727272727272727,0.4642857142857143,0.8571428571428571
1310100,0.16666666666666666,0.19444444444444445,0.22727272727272727,0.48214285714285715,0.8571428571428571
1310400,0.16666666666666666,0.2222222222222222,0.2727272727272727,0.5178571428571429,0.8571428571428571
1310700,0.0,0.0,0.2727272727272727,0.0,0.8571428571428571
1311000,0.16666666666666666,0.19444444444444445,0.3181818181818182,0.42857142857142855,0.8571428571428571
1311300,0.16666666666666666,0.1388888888888889,0.3181818181818182,0.44642857142857145,0.8571428571428571
1311600,0.16666666666666666,0.19444444444444445,0.3181818181818182,0.4642857142857143,0.8333333333333334
1311900,0.16666666666666666,0.16666666666666666,0.3181818181818182,0.44642857142857145,0.8333333333333334
1312200,0.16666666666666666,0.19444444444444445,0.2727272727272727,0.5,0.8333333333333334
1312500,0.16666666666666666,0.19444444444444445,0.22727272727272727,0.5178571428571429,0.8333333333333334
1312800,0.16666666666666666,0.2222222222222222,0.22727272727272727,0.5,0.7619047619047619
1313100,0.16666666666666666,0.1111111111111111,0.22727272727272727,0.5178571428571429,0.7857142857142857
1313400,0.16666666666666666,0.1388888888888889,0.22727272727272727,0.48214285714285715,0.8095238095238095
1313700,0.16666666666666666,0.16666666666666666,0.18181818181818182,0.48214285714285715,0.7619047619047619
1314000,0.16666666666666666,0.2222222222222222,0.09090909090909091,0.48214285714285715,0.7857142857142857
1314300,0.16666666666666666,0.3055555555555556,0.09090909090909091,0.42857142857142855,0.7142857142857143
1314600,0.16666666666666666,0.2777777777777778,0.09090909090909091,0.44642857142857145,0.7380952380952381
1314900,0.16666666666666666,0.2222222222222222,0.13636363636363635,0.48214285714285715,0.7380952380952381
1315200,0.16666666666666666,0.1388888888888889,0.13636363636363635,0.48214285714285715,0.6428571428571429
1315500,0.16666666666666666,0.16666666666666666,0.18181818181818182,0.4642857142857143,0.6428571428571429
1315800,0.16666666666666666,0.1388888888888889,0.13636363636363635,0.5,0.5952380952380952
1316100,0.16666666666666666,0.1111111111111111,0.13636363636363635,0.5178571428571429,0.6428571428571429
1316400,0.16666666666666666,0.1388888888888889,0.13636363636363635,0.4642857142857143,0.6428571428571429
1316700,0.16666666666666666,0.2222222222222222,0.13636363636363635,0.48214285714285715,0.6904761904761905
1317000,0.16666666666666666,0.25,0.13636363636363635,0.5,0.6428571428571429
1317300,0.16666666666666666,0.25,0.18181818181818182,0.44642857142857145,0.6904761904761905
1317600,0.16666666666666666,0.2777777777777778,0.13636363636363635,0.48214285714285715,0.6428571428571429
1317900,0.16666666666666666,0.3888888888888889,0.13636363636363635,0.48214285714285715,0.7142857142857143
1318200,0.16666666666666666,0.3333333333333333,0.18181818181818182,0.5357142857142857,0.6666666666666666
1318500,0.16666666666666666,0.3888888888888889,0.22727272727272727,0.4642857142857143,0.6666666666666666
1318800,0.13333333333333333,0.4444444444444444,0.22727272727272727,0.44642857142857145,0.7142857142857143
1319100,0.16666666666666666,0.3611111111111111,0.2727272727272727,0.4642857142857143,0.6666666666666666
1319400,0.16666666666666666,0.3333333333333333,0.2727272727272727,0.39285714285714285,0.6428571428571429
1319700,0.2,0.3888888888888889,0.4090909090909091,0.3392857142857143,0.6428571428571429
1320000,0.2,0.3611111111111111,0.4090909090909091,0.3392857142857143,0.7142857142857143
1320300,0.26666666666666666,0.4166666666666667,0.5,0.2857142857142857,0.7619047619047619
1320600,0.23333333333333334,0.3888888888888889,0.5909090909090909,0.2857142857142857,0.6904761904761905
1320900,0.23333333333333334,0.4722222222222222,0.5454545454545454,0.21428571428571427,0.6904761904761905
1321200,0.23333333333333334,0.5555555555555556,0.5,0.16071428571428573,0.6666666666666666
1321500,0.26666666666666666,0.5833333333333334,0.5,0.10714285714285714,0.6666666666666666
1321800,0.3,0.5277777777777778,0.5,0.08928571428571429,0.7380952380952381
1322100,0.3,0.5,0.5454545454545454,0.07142857142857142,0.7142857142857143
1322400,0.3333333333333333,0.4444444444444444,0.5454545454545454,0.08928571428571429,0.7142857142857143
1322700,0.3333333333333333,0.4166666666666667,0.5,0.07142857142857142,0.7619047619047619
1323000,0.3333333333333333,0.3888888888888889,0.5,0.08928571428571429,0.7857142857142857
1323300,0.3333333333333333,0.3888888888888889,0.5,0.16071428571428573,0.7857142857142857
1323600,0.43333333333333335,0.4444444444444444,0.5,0.14285714285714285,0.7619047619047619
1323900,0.36666666666666664,0.4444444444444444,0.5909090909090909,0.17857142857142858,0.7380952380952381
1324200,0.36666666666666664,0.4722222222222222,0.5909090909090909,0.25,0.6666666666666666
1324500,0.4,0.5833333333333334,0.5909090909090909,0.30357142857142855,0.6666666666666666
1324800,0.43333333333333335,0.6388888888888888,0.5909090909090909,0.39285714285714285,0.5952380952380952
1325100,0.0,0.0,0.0,0.0,0.5476190476190477
1325400,0.4,0.7777777777777778,0.5909090909090909,0.4642857142857143,0.5476190476190477
1325700,0.36666666666666664,0.7777777777777778,0.5909090909090909,0.5357142857142857,0.6190476190476191
1326000,0.4,0.8611111111111112,0.5909090909090909,0.5714285714285714,0.5238095238095238
1326300,0.4,0.8888888888888888,0.5454545454545454,0.625,0.5952380952380952
1326600,0.43333333333333335,0.8888888888888888,0.5454545454545454,0.6071428571428571,0.6190476190476191
1326900,0.43333333333333335,0.9166666666666666,0.5454545454545454,0.6785714285714286,0.5952380952380952
1327200,0.4666666666666667,0.9444444444444444,0.5,0.6428571428571429,0.6190476190476191
1327500,0.4666666666666667,0.9166666666666666,0.45454545454545453,0.625,0.5714285714285714
1327800,0.5333333333333333,0.9166666666666666,0.36363636363636365,0.625,0.6666666666666666
1328100,0.5333333333333333,0.9166666666666666,0.36363636363636365,0.6428571428571429,0.5476190476190477
1328400,0.5,0.9166666666666666,0.3181818181818182,0.6428571428571429,0.5
1328700,0.4666666666666667,0.9444444444444444,0.3181818181818182,0.5892857142857143,0.42857142857142855
1329000,0.4666666666666667,0.8888888888888888,0.36363636363636365,0.5714285714285714,0.40476190476190477
1329300,0.5,0.8611111111111112,0.36363636363636365,0.625,0.38095238095238093
1329600,0.5666666666666667,0.8611111111111112,0.4090909090909091,0.625,0.38095238095238093
1329900,0.5333333333333333,0.8888888888888888,0.4090909090909091,0.6071428571428571,0.38095238095238093
1330200,0.6,0.8888888888888888,0.4090909090909091,0.5892857142857143,0.35714285714285715
1330500,0.5333333333333333,0.8888888888888888,0.36363636363636365,0.5892857142857143,0.2619047619047619
1330800,0.5333333333333333,0.8888888888888888,0.36363636363636365,0.6071428571428571,0.3333333333333333
1331100,0.5333333333333333,0.8333333333333334,0.3181818181818182,0.6785714285714286,0.3333333333333333
1331400,0.5333333333333333,0.7777777777777778,0.3181818181818182,0.7142857142857143,0.30952380952380953
1331700,0.5,0.7777777777777778,0.3181818181818182,0.7142857142857143,0.35714285714285715
1332000,0.4666666666666667,0.8055555555555556,0.3181818181818182,0.6964285714285714,0.30952380952380953
1332300,0.5,0.8055555555555556,0.36363636363636365,0.8035714285714286,0.38095238095238093
1332600,0.4666666666666667,0.8611111111111112,0.4090909090909091,0.8571428571428571,0.2619047619047619
1332900,0.4666666666666667,0.8611111111111112,0.4090909090909091,0.875,0.21428571428571427
1333200,0.4666666666666667,0.8611111111111112,0.45454545454545453,0.8571428571428571,0.30952380952380953
1333500,0.5,0.9166666666666666,0.45454545454545453,0.8571428571428571,0.40476190476190477
1333800,0.5,0.9166666666666666,0.45454545454545453,0.8392857142857143,0.5
1334100,0.4666666666666667,0.8888888888888888,0.45454545454545453,0.8214285714285714,0.5
1334400,0.5,0.8888888888888888,0.45454545454545453,0.8214285714285714,0.5
1334700,0.5333333333333333,0.8888888888888888,0.4090909090909091,0.8214285714285714,0.38095238095238093
1335000,0.5333333333333333,0.8888888888888888,0.45454545454545453,0.7678571428571429,0.35714285714285715
1335300,0.5,0.9166666666666666,0.45454545454545453,0.8571428571428571,0.2857142857142857
1335600,0.5,0.9166666666666666,0.45454545454545453,0.8392857142857143,0.2857142857142857
1335900,0.4666666666666667,0.9444444444444444,0.45454545454545453,0.875,0.30952380952380953
1336200,0.5,0.9444444444444444,0.45454545454545453,0.875,0.21428571428571427
1336500,0.5,0.9444444444444444,0.45454545454545453,0.8392857142857143,0.2619047619047619
1336800,0.5,0.9444444444444444,0.45454545454545453,0.8392857142857143,0.23809523809523808
1337100,0.5666666666666667,0.8888888888888888,0.5454545454545454,0.8035714285714286,0.2619047619047619
1337400,0.5666666666666667,0.8611111111111112,0.5454545454545454,0.8392857142857143,0.30952380952380953
1337700,0.6333333333333333,0.8333333333333334,0.5454545454545454,0.8571428571428571,0.35714285714285715
1338000,0.6,0.75,0.5909090909090909,0.8928571428571429,0.38095238095238093
1338300,0.6,0.7222222222222222,0.5909090909090909,0.9107142857142857,0.2619047619047619
1338600,0.6666666666666666,0.75,0.5,0.9107142857142857,0.3333333333333333
1338900,0.6333333333333333,0.6666666666666666,0.45454545454545453,0.875,0.23809523809523808
1339200,0.6333333333333333,0.7222222222222222,0.6363636363636364,0.8571428571428571,0.21428571428571427
1339500,0.0,0.0,0.0,0.0,0.09523809523809523
1339800,0.5,0.6944444444444444,0.7272727272727273,0.7678571428571429,0.14285714285714285
1340100,0.5,0.5555555555555556,0.6818181818181818,0.6964285714285714,0.14285714285714285
1340400,0.4666666666666667,0.4166666666666667,0.6818181818181818,0.6964285714285714,0.35714285714285715
1340700,0.4666666666666667,0.4166666666666667,0.6818181818181818,0.6964285714285714,0.35714285714285715
1341000,0.4666666666666667,0.4166666666666667,0.6818181818181818,0.6964285714285714,0.35714285714285715
1341300,0.4666666666666667,0.3055555555555556,0.6818181818181818,0.5178571428571429,0.42857142857142855
1341600,0.4666666666666667,0.3055555555555556,0.6818181818181818,0.5178571428571429,0.42857142857142855
1341900,0.43333333333333335,0.3055555555555556,0.6818181818181818,0.5892857142857143,0.42857142857142855
1342200,0.4,0.2777777777777778,0.7272727272727273,0.5892857142857143,0.3333333333333333
1342500,0.3333333333333333,0.3611111111111111,0.7272727272727273,0.5892857142857143,0.35714285714285715
1342800,0.36666666666666664,0.3611111111111111,0.6818181818181818,0.6964285714285714,0.3333333333333333
1343100,0.3,0.2222222222222222,0.6818181818181818,0.75,0.35714285714285715
1343400,0.3,0.2777777777777778,0.6818181818181818,0.8214285714285714,0.30952380952380953
1343700,0.3,0.3055555555555556,0.7272727272727273,0.7857142857142857,0.2619047619047619
1344000,0.3333333333333333,0.3611111111111111,0.7727272727272727,0.7857142857142857,0.2857142857142857
1344300,0.3,0.3333333333333333,0.8181818181818182,0.75,0.2857142857142857
1344600,0.36666666666666664,0.3333333333333333,0.7727272727272727,0.6964285714285714,0.2619047619047619
1344900,0.3333333333333333,0.3055555555555556,0.7272727272727273,0.6785714285714286,0.2857142857142857
1345200,0.23333333333333334,0.4166666666666667,0.8181818181818182,0.6428571428571429,0.30952380952380953
1345500,0.23333333333333334,0.4722222222222222,0.8181818181818182,0.6428571428571429,0.2857142857142857
1345800,0.2,0.5833333333333334,0.8181818181818182,0.6607142857142857,0.35714285714285715
1346100,0.16666666666666666,0.6944444444444444,0.8181818181818182,0.7142857142857143,0.40476190476190477
1346400,0.23333333333333334,0.7777777777777778,0.7727272727272727,0.75,0.40476190476190477
1346700,0.26666666666666666,0.8333333333333334,0.8181818181818182,0.0,0.38095238095238093
1347000,0.23333333333333334,0.8055555555555556,0.9090909090909091,0.8214285714285714,0.38095238095238093
1347300,0.23333333333333334,0.8333333333333334,0.8636363636363636,0.8035714285714286,0.38095238095238093
1347600,0.26666666666666666,0.8055555555555556,0.8636363636363636,0.8392857142857143,0.42857142857142855
1347900,0.3,0.8333333333333334,0.8181818181818182,0.8571428571428571,0.38095238095238093
1348200,0.3,0.8611111111111112,0.7727272727272727,0.9107142857142857,0.38095238095238093
1348500,0.3,0.8611111111111112,0.7727272727272727,0.9107142857142857,0.35714285714285715
1348800,0.3333333333333333,0.8611111111111112,0.7727272727272727,0.9107142857142857,0.42857142857142855
1349100,0.36666666666666664,0.8611111111111112,0.8181818181818182,0.9107142857142857,0.38095238095238093
1349400,0.36666666666666664,0.8333333333333334,0.8181818181818182,0.9464285714285714,0.3333333333333333
1349700,0.4,0.7777777777777778,0.8181818181818182,0.9464285714285714,0.38095238095238093
1350000,0.4,0.7777777777777778,0.7272727272727273,0.9464285714285714,0.3333333333333333
1350300,0.4,0.75,0.7272727272727273,0.8928571428571429,0.38095238095238093
1350600,0.36666666666666664,0.6944444444444444,0.7727272727272727,0.8571428571428571,0.30952380952380953
1350900,0.36666666666666664,0.6944444444444444,0.7272727272727273,0.8571428571428571,0.19047619047619047
1351200,0.36666666666666664,0.6944444444444444,0.7727272727272727,0.875,0.21428571428571427
1351500,0.3,0.7222222222222222,0.8181818181818182,0.8571428571428571,0.2857142857142857
1351800,0.26666666666666666,0.75,0.8181818181818182,0.8392857142857143,0.23809523809523808
1352100,0.3,0.75,0.8181818181818182,0.8214285714285714,0.2857142857142857
1352400,0.3,0.6944444444444444,0.7727272727272727,0.8392857142857143,0.2857142857142857
1352700,0.3,0.7222222222222222,0.7272727272727273,0.8392857142857143,0.3333333333333333
1353000,0.36666666666666664,0.75,0.7727272727272727,0.8035714285714286,0.4523809523809524
1353300,0.43333333333333335,0.75,0.8181818181818182,0.8035714285714286,0.2857142857142857
1353600,0.43333333333333335,0.75,0.8181818181818182,0.8035714285714286,0.23809523809523808
1353900,0.4666666666666667,0.75,0.8181818181818182,0.8571428571428571,0.19047619047619047
1354200,0.5,0.75,0.8636363636363636,0.8571428571428571,0.21428571428571427
1354500,0.5,0.75,0.8181818181818182,0.875,0.21428571428571427
1354800,0.5333333333333333,0.8055555555555556,0.7727272727272727,0.8928571428571429,0.16666666666666666
1355100,0.4666666666666667,0.7777777777777778,0.7727272727272727,0.875,0.2619047619047619
1355400,0.43333333333333335,0.8055555555555556,0.7727272727272727,0.8928571428571429,0.30952380952380953
1355700,0.43333333333333335,0.8611111111111112,0.8181818181818182,0.875,0.5
1356000,0.43333333333333335,0.8888888888888888,0.8181818181818182,0.8392857142857143,0.47619047619047616
1356300,0.5,0.9166666666666666,0.7727272727272727,0.8392857142857143,0.5238095238095238
1356600,0.5333333333333333,0.9166666666666666,0.7727272727272727,0.8392857142857143,0.47619047619047616
1356900,0.5666666666666667,0.8888888888888888,0.7727272727272727,0.8214285714285714,0.38095238095238093
1357200,0.6333333333333333,0.8611111111111112,0.7272727272727273,0.8214285714285714,0.35714285714285715
1357500,0.6666666666666666,0.8333333333333334,0.7272727272727273,0.7678571428571429,0.3333333333333333
1357800,0.7333333333333333,0.7777777777777778,0.7272727272727273,0.7857142857142857,0.30952380952380953
1358100,0.7333333333333333,0.8055555555555556,0.6818181818181818,0.8035714285714286,0.23809523809523808
1358400,0.7,0.75,0.6363636363636364,0.7678571428571429,0.19047619047619047
1358700,0.7,0.7777777777777778,0.6363636363636364,0.7857142857142857,0.30952380952380953
1359000,0.7,0.75,0.6818181818181818,0.7857142857142857,0.35714285714285715
1359300,0.6666666666666666,0.75,0.5909090909090909,0.7857142857142857,0.42857142857142855
1359600,0.7333333333333333,0.7222222222222222,0.5909090909090909,0.8035714285714286,0.42857142857142855
1359900,0.7333333333333333,0.7222222222222222,0.5909090909090909,0.8035714285714286,0.5
1360200,0.8,0.75,0.5454545454545454,0.8035714285714286,0.5476190476190477
1360500,0.8,0.75,0.5454545454545454,0.7857142857142857,0.5238095238095238
1360800,0.8,0.75,0.5909090909090909,0.875,0.5
1361100,0.7666666666666667,0.0,0.6363636363636364,0.0,0.42857142857142855
1361400,0.7333333333333333,0.8333333333333334,0.6818181818181818,0.7321428571428571,0.38095238095238093
1361700,0.7333333333333333,0.8611111111111112,0.6363636363636364,0.7142857142857143,0.38095238095238093
1362000,0.7,0.9444444444444444,0.6363636363636364,0.75,0.3333333333333333
1362300,0.7,0.9444444444444444,0.7272727272727273,0.75,0.40476190476190477
1362600,0.7333333333333333,0.9166666666666666,0.7272727272727273,0.75,0.5476190476190477
1362900,0.7333333333333333,0.9166666666666666,0.6818181818181818,0.6964285714285714,0.5238095238095238
1363200,0.7,0.9166666666666666,0.6363636363636364,0.6785714285714286,0.42857142857142855
1363500,0.7666666666666667,0.9166666666666666,0.6363636363636364,0.7142857142857143,0.40476190476190477
1363800,0.7333333333333333,0.9444444444444444,0.6818181818181818,0.8392857142857143,0.38095238095238093
1364100,0.6666666666666666,0.9722222222222222,0.6818181818181818,0.8214285714285714,0.30952380952380953
1364400,0.6666666666666666,0.9722222222222222,0.6818181818181818,0.8035714285714286,0.3333333333333333
1364700,0.6666666666666666,0.9722222222222222,0.6363636363636364,0.7678571428571429,0.47619047619047616
1365000,0.6333333333333333,0.9722222222222222,0.5909090909090909,0.6964285714285714,0.4523809523809524
1365300,0.6333333333333333,0.9722222222222222,0.5909090909090909,0.6964285714285714,0.5
1365600,0.6666666666666666,0.9444444444444444,0.5909090909090909,0.5892857142857143,0.42857142857142855
1365900,0.6333333333333333,0.9444444444444444,0.5909090909090909,0.5535714285714286,0.4523809523809524
1366200,0.5333333333333333,0.9444444444444444,0.6363636363636364,0.5357142857142857,0.23809523809523808
1366500,0.5333333333333333,0.9722222222222222,0.6363636363636364,0.5357142857142857,0.47619047619047616
1366800,0.4666666666666667,0.9166666666666666,0.5909090909090909,0.5357142857142857,0.5
1367100,0.4666666666666667,0.9166666666666666,0.5909090909090909,0.5714285714285714,0.4523809523809524
1367400,0.4,0.9166666666666666,0.6363636363636364,0.5892857142857143,0.4523809523809524
1367700,0.36666666666666664,0.8611111111111112,0.5909090909090909,0.5535714285714286,0.5
1368000,0.3333333333333333,0.8888888888888888,0.6363636363636364,0.5535714285714286,0.42857142857142855
1368300,0.36666666666666664,0.9166666666666666,0.5909090909090909,0.5535714285714286,0.42857142857142855
1368600,0.36666666666666664,0.8888888888888888,0.6363636363636364,0.5,0.42857142857142855
1368900,0.43333333333333335,0.8888888888888888,0.6363636363636364,0.5178571428571429,0.5
1369200,0.4,0.8888888888888888,0.6363636363636364,0.48214285714285715,0.5476190476190477
1369500,0.4,0.8333333333333334,0.6363636363636364,0.42857142857142855,0.5714285714285714
1369800,0.43333333333333335,0.8333333333333334,0.6363636363636364,0.42857142857142855,0.5952380952380952
1370100,0.43333333333333335,0.8055555555555556,0.5909090909090909,0.42857142857142855,0.5714285714285714
1370400,0.43333333333333335,0.8611111111111112,0.5454545454545454,0.42857142857142855,0.4523809523809524
1370700,0.43333333333333335,0.8611111111111112,0.5454545454545454,0.26785714285714285,0.5
1371000,0.4666666666666667,0.8611111111111112,0.5454545454545454,0.26785714285714285,0.47619047619047616
1371300,0.4666666666666667,0.8611111111111112,0.6363636363636364,0.30357142857142855,0.4523809523809524
1371600,0.4666666666666667,0.8611111111111112,0.6363636363636364,0.5,0.35714285714285715
1371900,0.5,0.8611111111111112,0.5909090909090909,0.44642857142857145,0.3333333333333333
1372200,0.5,0.8333333333333334,0.6363636363636364,0.42857142857142855,0.35714285714285715
1372500,0.5,0.8333333333333334,0.5454545454545454,0.375,0.5
1372800,0.5,0.8333333333333334,0.5909090909090909,0.3392857142857143,0.38095238095238093
1373100,0.4666666666666667,0.8055555555555556,0.45454545454545453,0.4107142857142857,0.40476190476190477
1373400,0.5,0.8611111111111112,0.45454545454545453,0.44642857142857145,0.38095238095238093
1373700,0.4666666666666667,0.8888888888888888,0.4090909090909091,0.4642857142857143,0.4523809523809524
1374000,0.4666666666666667,0.8888888888888888,0.4090909090909091,0.4642857142857143,0.4523809523809524
1374300,0.43333333333333335,0.8333333333333334,0.4090909090909091,0.42857142857142855,0.47619047619047616
1374600,0.43333333333333335,0.8611111111111112,0.3181818181818182,0.42857142857142855,0.6428571428571429
1374900,0.4666666666666667,0.8611111111111112,0.3181818181818182,0.42857142857142855,0.6428571428571429
1375200,0.4666666666666667,0.8611111111111112,0.2727272727272727,0.48214285714285715,0.7142857142857143
1375500,0.43333333333333335,0.8888888888888888,0.22727272727272727,0.5,0.7142857142857143
1375800,0.43333333333333335,0.9444444444444444,0.4090909090909091,0.42857142857142855,0.7142857142857143
1376100,0.43333333333333335,0.9166666666666666,0.5,0.35714285714285715,0.7142857142857143
1376400,0.43333333333333335,0.9166666666666666,0.45454545454545453,0.375,0.7380952380952381
1376700,0.43333333333333335,0.9166666666666666,0.4090909090909091,0.39285714285714285,0.7380952380952381
1377000,0.4,0.9166666666666666,0.36363636363636365,0.44642857142857145,0.6666666666666666
1377300,0.3333333333333333,0.9166666666666666,0.4090909090909091,0.44642857142857145,0.6190476190476191
1377600,0.3333333333333333,0.9166666666666666,0.36363636363636365,0.44642857142857145,0.5238095238095238
1377900,0.3333333333333333,0.9166666666666666,0.2727272727272727,0.42857142857142855,0.4523809523809524
1378200,0.3,0.9166666666666666,0.2727272727272727,0.4642857142857143,0.3333333333333333
1378500,0.36666666666666664,0.9166666666666666,0.2727272727272727,0.4642857142857143,0.40476190476190477
1378800,0.3333333333333333,0.9166666666666666,0.2727272727272727,0.48214285714285715,0.4523809523809524
1379100,0.26666666666666666,0.9166666666666666,0.3181818181818182,0.42857142857142855,0.4523809523809524
1379400,0.26666666666666666,0.9166666666666666,0.36363636363636365,0.44642857142857145,0.5238095238095238
1379700,0.3333333333333333,0.9444444444444444,0.36363636363636365,0.48214285714285715,0.4523809523809524
1380000,0.26666666666666666,0.9444444444444444,0.4090909090909091,0.5357142857142857,0.5238095238095238
1380300,0.23333333333333334,0.9444444444444444,0.45454545454545453,0.5,0.5238095238095238
1380600,0.23333333333333334,0.9444444444444444,0.45454545454545453,0.44642857142857145,0.47619047619047616
1380900,0.26666666666666666,0.9444444444444444,0.5,0.4642857142857143,0.47619047619047616
1381200,0.3,0.9722222222222222,0.6363636363636364,0.48214285714285715,0.42857142857142855
1381500,0.3,0.9444444444444444,0.45454545454545453,0.48214285714285715,0.4523809523809524
1381800,0.26666666666666666,0.8611111111111112,0.36363636363636365,0.5,0.4523809523809524
1382100,0.3,0.8611111111111112,0.4090909090909091,0.375,0.42857142857142855
1382400,0.23333333333333334,0.8611111111111112,0.5,0.2857142857142857,0.40476190476190477
1382700,0.23333333333333334,0.8055555555555556,0.45454545454545453,0.2857142857142857,0.4523809523809524
1383000,0.13333333333333333,0.6388888888888888,0.36363636363636365,0.32142857142857145,0.40476190476190477
1383300,0.16666666666666666,0.5833333333333334,0.2727272727272727,0.26785714285714285,0.47619047619047616
1383600,0.13333333333333333,0.5833333333333334,0.2727272727272727,0.23214285714285715,0.4523809523809524
1383900,0.13333333333333333,0.5,0.18181818181818182,0.25,0.4523809523809524
1384200,0.13333333333333333,0.4444444444444444,0.18181818181818182,0.26785714285714285,0.5
1384500,0.1,0.3611111111111111,0.13636363636363635,0.23214285714285715,0.4523809523809524
1384800,0.1,0.4166666666666667,0.13636363636363635,0.21428571428571427,0.4523809523809524
1385100,0.1,0.3888888888888889,0.18181818181818182,0.17857142857142858,0.42857142857142855
1385400,0.1,0.3055555555555556,0.13636363636363635,0.14285714285714285,0.42857142857142855
1385700,0.1,0.25,0.18181818181818182,0.03571428571428571,0.4523809523809524
1386000,0.1,0.3888888888888889,0.2727272727272727,0.16071428571428573,0.40476190476190477
1386300,0.13333333333333333,0.3611111111111111,0.2727272727272727,0.125,0.4523809523809524
1386600,0.1,0.3611111111111111,0.2727272727272727,0.14285714285714285,0.42857142857142855
1386900,0.1,0.3888888888888889,0.2727272727272727,0.14285714285714285,0.5
1387200,0.1,0.3055555555555556,0.2727272727272727,0.10714285714285714,0.5714285714285714
1387500,0.1,0.3611111111111111,0.36363636363636365,0.07142857142857142,0.5952380952380952
1387800,0.1,0.4166666666666667,0.4090909090909091,0.08928571428571429,0.6190476190476191
1388100,0.16666666666666666,0.4166666666666667,0.4090909090909091,0.16071428571428573,0.6428571428571429
1388400,0.16666666666666666,0.4166666666666667,0.45454545454545453,0.16071428571428573,0.6190476190476191
1388700,0.16666666666666666,0.3888888888888889,0.45454545454545453,0.125,0.6666666666666666
1389000,0.16666666666666666,0.4444444444444444,0.5454545454545454,0.10714285714285714,0.6190476190476191
1389300,0.16666666666666666,0.6111111111111112,0.5909090909090909,0.10714285714285714,0.5952380952380952
1389600,0.16666666666666666,0.6111111111111112,0.5909090909090909,0.125,0.5714285714285714
1389900,0.16666666666666666,0.5555555555555556,0.5,0.14285714285714285,0.5952380952380952
1390200,0.16666666666666666,0.6111111111111112,0.5,0.17857142857142858,0.6904761904761905
1390500,0.16666666666666666,0.5555555555555556,0.5,0.21428571428571427,0.6666666666666666
1390800,0.16666666666666666,0.5555555555555556,0.5,0.16071428571428573,0.6666666666666666
1391100,0.13333333333333333,0.5833333333333334,0.45454545454545453,0.19642857142857142,0.6428571428571429
1391400,0.13333333333333333,0.6111111111111112,0.5,0.16071428571428573,0.7380952380952381
1391700,0.13333333333333333,0.5277777777777778,0.5,0.21428571428571427,0.7380952380952381
1392000,0.13333333333333333,0.5277777777777778,0.45454545454545453,0.23214285714285715,0.7857142857142857
1392300,0.13333333333333333,0.5555555555555556,0.45454545454545453,0.23214285714285715,0.8333333333333334
1392600,0.13333333333333333,0.5,0.45454545454545453,0.25,0.8571428571428571
1392900,0.1,0.4722222222222222,0.4090909090909091,0.17857142857142858,0.8809523809523809
1393200,0.1,0.4722222222222222,0.4090909090909091,0.21428571428571427,0.8571428571428571
1393500,0.1,0.4444444444444444,0.5,0.16071428571428573,0.8571428571428571
1393800,0.1,0.4444444444444444,0.5,0.16071428571428573,0.8571428571428571
1394100,0.13333333333333333,0.4444444444444444,0.36363636363636365,0.16071428571428573,0.8571428571428571
1394400,0.13333333333333333,0.3055555555555556,0.36363636363636365,0.25,0.8333333333333334
1394700,0.13333333333333333,0.3055555555555556,0.36363636363636365,0.25,0.8333333333333334
1395000,0.1,0.3333333333333333,0.36363636363636365,0.25,0.8333333333333334
1395300,0.1,0.3611111111111111,0.3181818181818182,0.16071428571428573,0.8809523809523809
1395600,0.13333333333333333,0.3888888888888889,0.3181818181818182,0.17857142857142858,0.8809523809523809
1395900,0.1,0.3333333333333333,0.2727272727272727,0.25,0.9047619047619048
1396200,0.1,0.2777777777777778,0.2727272727272727,0.2857142857142857,0.9047619047619048
1396500,0.13333333333333333,0.25,0.22727272727272727,0.3392857142857143,0.9047619047619048
1396800,0.13333333333333333,0.25,0.22727272727272727,0.375,0.9047619047619048
1397100,0.13333333333333333,0.2222222222222222,0.2727272727272727,0.4107142857142857,0.8809523809523809
1397400,0.13333333333333333,0.2777777777777778,0.2727272727272727,0.4107142857142857,0.8809523809523809
1397700,0.13333333333333333,0.3055555555555556,0.22727272727272727,0.375,0.8809523809523809
1398000,0.13333333333333333,0.3333333333333333,0.18181818181818182,0.42857142857142855,0.8809523809523809
1398300,0.16666666666666666,0.3611111111111111,0.13636363636363635,0.5,0.8809523809523809
1398600,0.16666666666666666,0.3333333333333333,0.13636363636363635,0.5,0.8809523809523809
1398900,0.16666666666666666,0.25,0.13636363636363635,0.48214285714285715,0.8333333333333334
1399200,0.16666666666666666,0.2222222222222222,0.18181818181818182,0.5714285714285714,0.8095238095238095
1399500,0.16666666666666666,0.19444444444444445,0.13636363636363635,0.5357142857142857,0.8333333333333334
1399800,0.16666666666666666,0.2777777777777778,0.13636363636363635,0.5178571428571429,0.8571428571428571
1400100,0.16666666666666666,0.25,0.18181818181818182,0.5,0.8571428571428571
1400400,0.16666666666666666,0.2777777777777778,0.18181818181818182,0.5178571428571429,0.8809523809523809
1400700,0.16666666666666666,0.3055555555555556,0.18181818181818182,0.4642857142857143,0.9047619047619048
1401000,0.16666666666666666,0.3333333333333333,0.18181818181818182,0.44642857142857145,0.9047619047619048
1401300,0.16666666666666666,0.3333333333333333,0.18181818181818182,0.4642857142857143,0.9047619047619048
1401600,0.13333333333333333,0.4166666666666667,0.18181818181818182,0.5535714285714286,0.9047619047619048
1401900,0.13333333333333333,0.4444444444444444,0.18181818181818182,0.5357142857142857,0.8333333333333334
1402200,0.13333333333333333,0.4444444444444444,0.22727272727272727,0.44642857142857145,0.8333333333333334
1402500,0.13333333333333333,0.4166666666666667,0.22727272727272727,0.44642857142857145,0.8333333333333334
1402800,0.13333333333333333,0.3055555555555556,0.22727272727272727,0.4642857142857143,0.7857142857142857
1403100,0.1,0.2777777777777778,0.22727272727272727,0.5,0.7380952380952381
1403400,0.06666666666666667,0.2777777777777778,0.2727272727272727,0.5535714285714286,0.7142857142857143
1403700,0.06666666666666667,0.2777777777777778,0.2727272727272727,0.4642857142857143,0.6904761904761905
1404000,0.06666666666666667,0.3055555555555556,0.2727272727272727,0.44642857142857145,0.6666666666666666
1404300,0.1,0.3611111111111111,0.2727272727272727,0.4642857142857143,0.6904761904761905
1404600,0.06666666666666667,0.3611111111111111,0.2727272727272727,0.48214285714285715,0.7619047619047619
1404900,0.06666666666666667,0.3333333333333333,0.2727272727272727,0.4642857142857143,0.7857142857142857
1405200,0.06666666666666667,0.4166666666666667,0.2727272727272727,0.4107142857142857,0.7857142857142857
1405500,0.06666666666666667,0.4444444444444444,0.3181818181818182,0.4642857142857143,0.8333333333333334
1405800,0.06666666666666667,0.4166666666666667,0.3181818181818182,0.44642857142857145,0.8571428571428571
1406100,0.1,0.3888888888888889,0.3181818181818182,0.39285714285714285,0.8809523809523809
1406400,0.06666666666666667,0.4166666666666667,0.4090909090909091,0.4107142857142857,0.8809523809523809
1406700,0.06666666666666667,0.5277777777777778,0.4090909090909091,0.4107142857142857,0.8333333333333334
1407000,0.06666666666666667,0.5,0.4090909090909091,0.32142857142857145,0.8571428571428571
1407300,0.06666666666666667,0.5277777777777778,0.36363636363636365,0.25,0.8571428571428571
1407600,0.13333333333333333,0.5833333333333334,0.36363636363636365,0.19642857142857142,0.7857142857142857
1407900,0.13333333333333333,0.4722222222222222,0.36363636363636365,0.23214285714285715,0.7619047619047619
1408200,0.13333333333333333,0.4722222222222222,0.36363636363636365,0.17857142857142858,0.7857142857142857
1408500,0.16666666666666666,0.5,0.22727272727272727,0.10714285714285714,0.7619047619047619
1408800,0.16666666666666666,0.4722222222222222,0.22727272727272727,0.10714285714285714,0.7380952380952381
1409100,0.16666666666666666,0.4444444444444444,0.22727272727272727,0.10714285714285714,0.7142857142857143
1409400,0.16666666666666666,0.4722222222222222,0.3181818181818182,0.14285714285714285,0.7857142857142857
1409700,0.2,0.4166666666666667,0.4090909090909091,0.14285714285714285,0.8333333333333334
1410000,0.23333333333333334,0.4444444444444444,0.4090909090909091,0.14285714285714285,0.8333333333333334
1410300,0.23333333333333334,0.4722222222222222,0.4090909090909091,0.16071428571428573,0.8571428571428571
1410600,0.26666666666666666,0.5555555555555556,0.4090909090909091,0.16071428571428573,0.8571428571428571
1410900,0.26666666666666666,0.5833333333333334,0.36363636363636365,0.16071428571428573,0.8333333333333334
1411200,0.26666666666666666,0.7222222222222222,0.36363636363636365,0.21428571428571427,0.8571428571428571
1411500,0.3,0.6944444444444444,0.36363636363636365,0.25,0.8571428571428571
1411800,0.3,0.7222222222222222,0.36363636363636365,0.35714285714285715,0.8333333333333334
1412100,0.43333333333333335,0.8055555555555556,0.36363636363636365,0.375,0.7857142857142857
1412400,0.4666666666666667,0.8055555555555556,0.36363636363636365,0.4107142857142857,0.7380952380952381
1412700,0.5,0.8888888888888888,0.4090909090909091,0.5357142857142857,0.6428571428571429
1413000,0.5,0.8888888888888888,0.4090909090909091,0.5535714285714286,0.6190476190476191
1413300,0.5333333333333333,0.8888888888888888,0.36363636363636365,0.6071428571428571,0.5952380952380952
1413600,0.4666666666666667,0.9166666666666666,0.2727272727272727,0.7321428571428571,0.5238095238095238
1413900,0.4666666666666667,0.9166666666666666,0.2727272727272727,0.7678571428571429,0.5238095238095238
1414200,0.43333333333333335,0.9166666666666666,0.22727272727272727,0.6785714285714286,0.47619047619047616
1414500,0.4666666666666667,0.9444444444444444,0.22727272727272727,0.6785714285714286,0.47619047619047616
1414800,0.43333333333333335,0.9444444444444444,0.22727272727272727,0.6607142857142857,0.47619047619047616
1415100,0.5,0.9444444444444444,0.22727272727272727,0.7142857142857143,0.47619047619047616
1415400,0.5,0.9444444444444444,0.22727272727272727,0.6964285714285714,0.5952380952380952
1415700,0.5,0.9444444444444444,0.22727272727272727,0.6785714285714286,0.5
1416000,0.5,0.9444444444444444,0.22727272727272727,0.6428571428571429,0.4523809523809524
1416300,0.5,0.8611111111111112,0.22727272727272727,0.6428571428571429,0.4523809523809524
1416600,0.5333333333333333,0.8333333333333334,0.22727272727272727,0.6428571428571429,0.42857142857142855
1416900,0.43333333333333335,0.8611111111111112,0.22727272727272727,0.6785714285714286,0.40476190476190477
1417200,0.4666666666666667,0.8611111111111112,0.22727272727272727,0.6785714285714286,0.5
1417500,0.4,0.8333333333333334,0.3181818181818182,0.7142857142857143,0.5952380952380952
1417800,0.4,0.8333333333333334,0.36363636363636365,0.7321428571428571,0.5
1418100,0.36666666666666664,0.8888888888888888,0.4090909090909091,0.7678571428571429,0.4523809523809524
1418400,0.3333333333333333,0.8888888888888888,0.4090909090909091,0.8035714285714286,0.47619047619047616
1418700,0.0,0.0,0.0,0.0,0.5476190476190477
1419000,0.26666666666666666,0.9444444444444444,0.4090909090909091,0.8392857142857143,0.5714285714285714
1419300,0.26666666666666666,0.9444444444444444,0.45454545454545453,0.8928571428571429,0.5714285714285714
1419600,0.26666666666666666,0.9444444444444444,0.45454545454545453,0.8571428571428571,0.5238095238095238
1419900,0.3,0.9444444444444444,0.45454545454545453,0.8571428571428571,0.47619047619047616
1420200,0.26666666666666666,0.9166666666666666,0.45454545454545453,0.875,0.5476190476190477
1420500,0.3,0.9444444444444444,0.4090909090909091,0.875,0.5
1420800,0.23333333333333334,0.9722222222222222,0.36363636363636365,0.8928571428571429,0.5714285714285714
1421100,0.26666666666666666,0.9444444444444444,0.36363636363636365,0.875,0.6428571428571429
1421400,0.23333333333333334,0.9444444444444444,0.36363636363636365,0.8928571428571429,0.6904761904761905
1421700,0.26666666666666666,0.9444444444444444,0.36363636363636365,0.8928571428571429,0.5
1422000,0.26666666666666666,0.9444444444444444,0.4090909090909091,0.8928571428571429,0.47619047619047616
1422300,0.3,0.9444444444444444,0.45454545454545453,0.9107142857142857,0.4523809523809524
1422600,0.3333333333333333,0.9444444444444444,0.45454545454545453,0.9107142857142857,0.5238095238095238
1422900,0.36666666666666664,0.9166666666666666,0.45454545454545453,0.8928571428571429,0.4523809523809524
1423200,0.4,0.9166666666666666,0.45454545454545453,0.8928571428571429,0.30952380952380953
1423500,0.4,0.9166666666666666,0.4090909090909091,0.875,0.2619047619047619
1423800,0.36666666666666664,0.8611111111111112,0.4090909090909091,0.875,0.2619047619047619
1424100,0.43333333333333335,0.8055555555555556,0.45454545454545453,0.8392857142857143,0.2619047619047619
1424400,0.43333333333333335,0.8055555555555556,0.45454545454545453,0.8392857142857143,0.2619047619047619
1424700,0.43333333333333335,0.7222222222222222,0.45454545454545453,0.8392857142857143,0.19047619047619047
1425000,0.5,0.6944444444444444,0.45454545454545453,0.875,0.21428571428571427
1425300,0.5333333333333333,0.6388888888888888,0.5,0.8571428571428571,0.2857142857142857
1425600,0.4666666666666667,0.6388888888888888,0.5454545454545454,0.8392857142857143,0.2619047619047619
1425900,0.0,0.0,0.0,0.0,0.2619047619047619
1426200,0.5,0.5277777777777778,0.5,0.7142857142857143,0.35714285714285715
1426500,0.4666666666666667,0.6111111111111112,0.5,0.6071428571428571,0.5714285714285714
1426800,0.5,0.5277777777777778,0.4090909090909091,0.5892857142857143,0.5714285714285714
1427100,0.43333333333333335,0.5277777777777778,0.4090909090909091,0.5714285714285714,0.6190476190476191
1427400,0.43333333333333335,0.5277777777777778,0.4090909090909091,0.5357142857142857,0.5238095238095238
1427700,0.43333333333333335,0.4166666666666667,0.4090909090909091,0.48214285714285715,0.5
1428000,0.4,0.5,0.4090909090909091,0.48214285714285715,0.47619047619047616
1428300,0.36666666666666664,0.5,0.36363636363636365,0.4642857142857143,0.5
1428600,0.36666666666666664,0.4444444444444444,0.36363636363636365,0.44642857142857145,0.5
1428900,0.36666666666666664,0.5277777777777778,0.4090909090909091,0.4107142857142857,0.35714285714285715
1429200,0.4,0.4722222222222222,0.36363636363636365,0.39285714285714285,0.40476190476190477
1429500,0.4,0.4444444444444444,0.3181818181818182,0.3392857142857143,0.35714285714285715
1429800,0.3333333333333333,0.5277777777777778,0.2727272727272727,0.4642857142857143,0.3333333333333333
1430100,0.36666666666666664,0.5833333333333334,0.2727272727272727,0.48214285714285715,0.2619047619047619
1430400,0.36666666666666664,0.5833333333333334,0.2727272727272727,0.48214285714285715,0.2857142857142857
1430700,0.4,0.6111111111111112,0.2727272727272727,0.5178571428571429,0.23809523809523808
1431000,0.43333333333333335,0.6111111111111112,0.36363636363636365,0.6071428571428571,0.19047619047619047
1431300,0.43333333333333335,0.5833333333333334,0.36363636363636365,0.5892857142857143,0.16666666666666666
1431600,0.4,0.6388888888888888,0.36363636363636365,0.6071428571428571,0.09523809523809523
1431900,0.43333333333333335,0.6388888888888888,0.3181818181818182,0.625,0.11904761904761904
1432200,0.5,0.6944444444444444,0.4090909090909091,0.6785714285714286,0.14285714285714285
1432500,0.5666666666666667,0.7222222222222222,0.45454545454545453,0.7142857142857143,0.14285714285714285
1432800,0.5666666666666667,0.7777777777777778,0.45454545454545453,0.7857142857142857,0.07142857142857142
1433100,0.6,0.7777777777777778,0.5,0.875,0.07142857142857142
1433400,0.5666666666666667,0.8333333333333334,0.5454545454545454,0.8571428571428571,0.07142857142857142
1433700,0.5333333333333333,0.8333333333333334,0.5,0.8928571428571429,0.21428571428571427
1434000,0.5,0.8611111111111112,0.5454545454545454,0.8928571428571429,0.16666666666666666
1434300,0.5333333333333333,0.8611111111111112,0.5454545454545454,0.8928571428571429,0.19047619047619047
1434600,0.5333333333333333,0.8611111111111112,0.5454545454545454,0.9107142857142857,0.30952380952380953
1434900,0.5333333333333333,0.9166666666666666,0.5454545454545454,0.8928571428571429,0.16666666666666666
1435200,0.5,0.9166666666666666,0.5454545454545454,0.8928571428571429,0.09523809523809523
1435500,0.5333333333333333,0.9166666666666666,0.5909090909090909,0.9107142857142857,0.16666666666666666
1435800,0.5,0.8888888888888888,0.5909090909090909,0.8928571428571429,0.16666666666666666
1436100,0.5333333333333333,0.9166666666666666,0.5454545454545454,0.9107142857142857,0.23809523809523808
1436400,0.5,0.9166666666666666,0.5454545454545454,0.9285714285714286,0.14285714285714285
1436700,0.5,0.8888888888888888,0.5909090909090909,0.9285714285714286,0.16666666666666666
1437000,0.5,0.9166666666666666,0.5909090909090909,0.9285714285714286,0.11904761904761904
1437300,0.5,0.8888888888888888,0.5909090909090909,0.9464285714285714,0.047619047619047616
1437600,0.5,0.8611111111111112,0.6363636363636364,0.9642857142857143,0.047619047619047616
1437900,0.4666666666666667,0.8055555555555556,0.5909090909090909,0.9642857142857143,0.14285714285714285
1438200,0.4666666666666667,0.7777777777777778,0.5454545454545454,0.9642857142857143,0.19047619047619047
1438500,0.5666666666666667,0.75,0.5,0.9642857142857143,0.19047619047619047
1438800,0.5666666666666667,0.75,0.5909090909090909,0.9642857142857143,0.07142857142857142
1439100,0.6,0.7222222222222222,0.6363636363636364,0.9642857142857143,0.16666666666666666
1439400,0.6,0.6666666666666666,0.5454545454545454,0.9642857142857143,0.09523809523809523
1439700,0.6,0.6666666666666666,0.5454545454545454,0.9642857142857143,0.11904761904761904
1440000,0.6,0.5833333333333334,0.5,1.0,0.09523809523809523
1440300,0.6333333333333333,0.6111111111111112,0.5454545454545454,0.9642857142857143,0.11904761904761904
1440600,0.6666666666666666,0.7222222222222222,0.5454545454545454,0.9285714285714286,0.14285714285714285
1440900,0.6666666666666666,0.7222222222222222,0.45454545454545453,0.9107142857142857,0.07142857142857142
1441200,0.6666666666666666,0.75,0.5454545454545454,0.8214285714285714,0.09523809523809523
1441500,0.6333333333333333,0.75,0.5454545454545454,0.8214285714285714,0.11904761904761904
1441800,0.6333333333333333,0.7777777777777778,0.5454545454545454,0.7678571428571429,0.19047619047619047
1442100,0.6,0.75,0.6363636363636364,0.7142857142857143,0.2857142857142857
1442400,0.6,0.7222222222222222,0.6363636363636364,0.7142857142857143,0.3333333333333333
1442700,0.6,0.7222222222222222,0.6363636363636364,0.75,0.35714285714285715
1443000,0.6666666666666666,0.75,0.6818181818181818,0.7857142857142857,0.38095238095238093
1443300,0.6333333333333333,0.7777777777777778,0.6363636363636364,0.75,0.2857142857142857
1443600,0.7666666666666667,0.8055555555555556,0.6363636363636364,0.6964285714285714,0.2857142857142857
1443900,0.8,0.8611111111111112,0.6363636363636364,0.7142857142857143,0.21428571428571427
1444200,0.8,0.8611111111111112,0.6363636363636364,0.7142857142857143,0.30952380952380953
1444500,0.7666666666666667,0.9166666666666666,0.6363636363636364,0.6607142857142857,0.21428571428571427
1444800,0.7666666666666667,0.9166666666666666,0.6363636363636364,0.6964285714285714,0.09523809523809523
1445100,0.7666666666666667,0.9166666666666666,0.6363636363636364,0.7321428571428571,0.11904761904761904
1445400,0.7333333333333333,0.8888888888888888,0.5909090909090909,0.6964285714285714,0.14285714285714285
1445700,0.7666666666666667,0.8888888888888888,0.6818181818181818,0.7142857142857143,0.14285714285714285
1446000,0.7666666666666667,0.8888888888888888,0.6818181818181818,0.7321428571428571,0.11904761904761904
1446300,0.7666666666666667,0.9444444444444444,0.6363636363636364,0.7142857142857143,0.11904761904761904
1446600,0.7333333333333333,0.9166666666666666,0.6363636363636364,0.6964285714285714,0.023809523809523808
1446900,0.7,0.9166666666666666,0.6363636363636364,0.6428571428571429,0.07142857142857142
1447200,0.7,0.9444444444444444,0.6818181818181818,0.6428571428571429,0.09523809523809523
1447500,0.7,0.9444444444444444,0.6818181818181818,0.625,0.14285714285714285
1447800,0.7,0.9722222222222222,0.7727272727272727,0.7142857142857143,0.2857142857142857
1448100,0.7,0.9722222222222222,0.8181818181818182,0.75,0.30952380952380953
1448400,0.7333333333333333,0.9722222222222222,0.8181818181818182,0.75,0.38095238095238093
1448700,0.7666666666666667,0.9722222222222222,0.8636363636363636,0.7678571428571429,0.3333333333333333
1449000,0.7,0.9722222222222222,0.7727272727272727,0.8035714285714286,0.30952380952380953
1449300,0.7,0.9722222222222222,0.7727272727272727,0.8035714285714286,0.30952380952380953
1449600,0.6666666666666666,0.9722222222222222,0.7272727272727273,0.875,0.2619047619047619
1449900,0.7,0.9722222222222222,0.7272727272727273,0.9107142857142857,0.2857142857142857
1450200,0.7,0.9166666666666666,0.7272727272727273,0.9107142857142857,0.21428571428571427
1450500,0.7,0.9166666666666666,0.5909090909090909,0.9107142857142857,0.30952380952380953
1450800,0.7,0.9166666666666666,0.5909090909090909,0.875,0.30952380952380953
1451100,0.6666666666666666,0.9166666666666666,0.5909090909090909,0.8571428571428571,0.30952380952380953
1451400,0.6666666666666666,0.9166666666666666,0.6363636363636364,0.8392857142857143,0.3333333333333333
1451700,0.6333333333333333,0.9166666666666666,0.6363636363636364,0.7857142857142857,0.3333333333333333
1452000,0.6333333333333333,0.9444444444444444,0.6363636363636364,0.75,0.4523809523809524
1452300,0.6,0.8888888888888888,0.6363636363636364,0.7142857142857143,0.47619047619047616
1452600,0.5,0.8888888888888888,0.6363636363636364,0.6785714285714286,0.47619047619047616
1452900,0.5333333333333333,0.8888888888888888,0.6818181818181818,0.6964285714285714,0.5952380952380952
1453200,0.5333333333333333,0.8888888888888888,0.6818181818181818,0.7142857142857143,0.47619047619047616
1453500,0.5333333333333333,0.9166666666666666,0.5909090909090909,0.7321428571428571,0.40476190476190477
1453800,0.4666666666666667,0.8888888888888888,0.6363636363636364,0.7857142857142857,0.30952380952380953
1454100,0.4,0.8888888888888888,0.5909090909090909,0.6607142857142857,0.16666666666666666
1454400,0.4,0.8888888888888888,0.5454545454545454,0.5535714285714286,0.14285714285714285
1454700,0.4666666666666667,0.8888888888888888,0.45454545454545453,0.5178571428571429,0.19047619047619047
1455000,0.4666666666666667,0.9166666666666666,0.45454545454545453,0.44642857142857145,0.23809523809523808
1455300,0.4666666666666667,0.8888888888888888,0.5909090909090909,0.4642857142857143,0.3333333333333333
1455600,0.4,0.8333333333333334,0.5,0.5,0.30952380952380953
1455900,0.43333333333333335,0.8333333333333334,0.5454545454545454,0.5178571428571429,0.30952380952380953
1456200,0.36666666666666664,0.8611111111111112,0.5,0.44642857142857145,0.38095238095238093
1456500,0.36666666666666664,0.8333333333333334,0.5909090909090909,0.42857142857142855,0.47619047619047616
1456800,0.3333333333333333,0.8055555555555556,0.5909090909090909,0.32142857142857145,0.5
1457100,0.3333333333333333,0.8055555555555556,0.5,0.375,0.5714285714285714
1457400,0.3,0.8055555555555556,0.5,0.42857142857142855,0.5
1457700,0.23333333333333334,0.8055555555555556,0.45454545454545453,0.375,0.6428571428571429
1458000,0.23333333333333334,0.8611111111111112,0.5,0.375,0.6190476190476191
1458300,0.23333333333333334,0.8888888888888888,0.45454545454545453,0.42857142857142855,0.5238095238095238
1458600,0.3333333333333333,0.8611111111111112,0.4090909090909091,0.48214285714285715,0.5
1458900,0.3,0.8333333333333334,0.4090909090909091,0.5,0.5
1459200,0.3,0.8333333333333334,0.4090909090909091,0.5178571428571429,0.5952380952380952
1459500,0.26666666666666666,0.8888888888888888,0.4090909090909091,0.4642857142857143,0.5476190476190477
1459800,0.26666666666666666,0.8888888888888888,0.3181818181818182,0.35714285714285715,0.5476190476190477
1460100,0.23333333333333334,0.9444444444444444,0.36363636363636365,0.30357142857142855,0.5952380952380952
1460400,0.2,0.9444444444444444,0.4090909090909091,0.3392857142857143,0.5476190476190477
1460700,0.16666666666666666,0.9166666666666666,0.4090909090909091,0.3392857142857143,0.5714285714285714
1461000,0.13333333333333333,0.9166666666666666,0.4090909090909091,0.3392857142857143,0.6428571428571429
1461300,0.16666666666666666,0.8888888888888888,0.36363636363636365,0.32142857142857145,0.7142857142857143
1461600,0.16666666666666666,0.8888888888888888,0.2727272727272727,0.32142857142857145,0.5952380952380952
1461900,0.0,0.0,0.0,0.0,0.5952380952380952
1462200,0.16666666666666666,0.8055555555555556,0.36363636363636365,0.19642857142857142,0.5238095238095238
1462500,0.16666666666666666,0.8055555555555556,0.4090909090909091,0.14285714285714285,0.5238095238095238
1462800,0.23333333333333334,0.8055555555555556,0.3181818181818182,0.19642857142857142,0.6190476190476191
1463100,0.26666666666666666,0.7777777777777778,0.3181818181818182,0.21428571428571427,0.6190476190476191
1463400,0.3,0.75,0.3181818181818182,0.21428571428571427,0.6190476190476191
1463700,0.36666666666666664,0.7222222222222222,0.2727272727272727,0.21428571428571427,0.6190476190476191
1464000,0.3333333333333333,0.7222222222222222,0.2727272727272727,0.21428571428571427,0.5714285714285714
1464300,0.3333333333333333,0.7777777777777778,0.18181818181818182,0.26785714285714285,0.5952380952380952
1464600,0.36666666666666664,0.7777777777777778,0.18181818181818182,0.26785714285714285,0.5952380952380952
1464900,0.3,0.7777777777777778,0.13636363636363635,0.16071428571428573,0.5476190476190477
1465200,0.26666666666666666,0.7222222222222222,0.09090909090909091,0.16071428571428573,0.5952380952380952
1465500,0.26666666666666666,0.6944444444444444,0.13636363636363635,0.19642857142857142,0.5476190476190477
1465800,0.23333333333333334,0.7222222222222222,0.22727272727272727,0.26785714285714285,0.4523809523809524
1466100,0.3,0.75,0.2727272727272727,0.25,0.42857142857142855
1466400,0.26666666666666666,0.7222222222222222,0.22727272727272727,0.35714285714285715,0.40476190476190477
1466700,0.2,0.7222222222222222,0.22727272727272727,0.4107142857142857,0.42857142857142855
1467000,0.23333333333333334,0.7777777777777778,0.18181818181818182,0.32142857142857145,0.5238095238095238
1467300,0.2,0.75,0.18181818181818182,0.32142857142857145,0.5476190476190477
1467600,0.2,0.7777777777777778,0.13636363636363635,0.30357142857142855,0.6428571428571429
1467900,0.2,0.8333333333333334,0.09090909090909091,0.39285714285714285,0.6190476190476191
1468200,0.16666666666666666,0.7777777777777778,0.13636363636363635,0.23214285714285715,0.6666666666666666
1468500,0.16666666666666666,0.7222222222222222,0.09090909090909091,0.30357142857142855,0.6428571428571429
1468800,0.13333333333333333,0.6388888888888888,0.09090909090909091,0.25,0.7142857142857143
1469100,0.13333333333333333,0.6111111111111112,0.045454545454545456,0.21428571428571427,0.6904761904761905
1469400,0.2,0.4722222222222222,0.0,0.16071428571428573,0.5952380952380952
1469700,0.2,0.5555555555555556,0.045454545454545456,0.125,0.5476190476190477
1470000,0.13333333333333333,0.4444444444444444,0.0,0.19642857142857142,0.47619047619047616
1470300,0.13333333333333333,0.4166666666666667,0.045454545454545456,0.14285714285714285,0.4523809523809524
1470600,0.16666666666666666,0.4166666666666667,0.13636363636363635,0.14285714285714285,0.47619047619047616
1470900,0.16666666666666666,0.2222222222222222,0.22727272727272727,0.05357142857142857,0.5476190476190477
1471200,0.16666666666666666,0.2222222222222222,0.22727272727272727,0.07142857142857142,0.5714285714285714
1471500,0.16666666666666666,0.16666666666666666,0.13636363636363635,0.07142857142857142,0.5
1471800,0.13333333333333333,0.2222222222222222,0.13636363636363635,0.05357142857142857,0.4523809523809524
1472100,0.16666666666666666,0.2222222222222222,0.13636363636363635,0.05357142857142857,0.4523809523809524
1472400,0.2,0.19444444444444445,0.09090909090909091,0.17857142857142858,0.4523809523809524
1472700,0.2,0.25,0.13636363636363635,0.07142857142857142,0.38095238095238093
1473000,0.23333333333333334,0.19444444444444445,0.18181818181818182,0.14285714285714285,0.40476190476190477
1473300,0.26666666666666666,0.2222222222222222,0.09090909090909091,0.10714285714285714,0.5238095238095238
1473600,0.23333333333333334,0.19444444444444445,0.045454545454545456,0.10714285714285714,0.6428571428571429
1473900,0.23333333333333334,0.25,0.09090909090909091,0.16071428571428573,0.6428571428571429
1474200,0.23333333333333334,0.2777777777777778,0.09090909090909091,0.125,0.6190476190476191
1474500,0.26666666666666666,0.3055555555555556,0.09090909090909091,0.07142857142857142,0.6428571428571429
1474800,0.3,0.2222222222222222,0.045454545454545456,0.14285714285714285,0.6666666666666666
1475100,0.3,0.25,0.045454545454545456,0.08928571428571429,0.6190476190476191
1475400,0.26666666666666666,0.3055555555555556,0.09090909090909091,0.10714285714285714,0.6666666666666666
1475700,0.26666666666666666,0.25,0.09090909090909091,0.10714285714285714,0.7142857142857143
1476000,0.23333333333333334,0.25,0.13636363636363635,0.16071428571428573,0.6666666666666666
1476300,0.23333333333333334,0.16666666666666666,0.18181818181818182,0.125,0.6190476190476191
1476600,0.23333333333333334,0.1388888888888889,0.13636363636363635,0.16071428571428573,0.7619047619047619
1476900,0.23333333333333334,0.16666666666666666,0.22727272727272727,0.14285714285714285,0.8333333333333334
1477200,0.23333333333333334,0.16666666666666666,0.2727272727272727,0.19642857142857142,0.8333333333333334
1477500,0.23333333333333334,0.1388888888888889,0.22727272727272727,0.2857142857142857,0.8571428571428571
1477800,0.23333333333333334,0.19444444444444445,0.18181818181818182,0.25,0.8809523809523809
1478100,0.23333333333333334,0.16666666666666666,0.22727272727272727,0.2857142857142857,0.8809523809523809
1478400,0.23333333333333334,0.19444444444444445,0.2727272727272727,0.32142857142857145,0.8809523809523809
1478700,0.23333333333333334,0.2777777777777778,0.2727272727272727,0.30357142857142855,0.8809523809523809
1479000,0.23333333333333334,0.2222222222222222,0.2727272727272727,0.2857142857142857,0.8809523809523809
1479300,0.23333333333333334,0.25,0.2727272727272727,0.2857142857142857,0.8809523809523809
1479600,0.23333333333333334,0.16666666666666666,0.18181818181818182,0.26785714285714285,0.8809523809523809
1479900,0.23333333333333334,0.2777777777777778,0.09090909090909091,0.2857142857142857,0.8333333333333334
1480200,0.23333333333333334,0.19444444444444445,0.13636363636363635,0.30357142857142855,0.8333333333333334
1480500,0.23333333333333334,0.3055555555555556,0.09090909090909091,0.39285714285714285,0.8333333333333334
1480800,0.23333333333333334,0.25,0.09090909090909091,0.39285714285714285,0.8333333333333334
1481100,0.23333333333333334,0.25,0.09090909090909091,0.4107142857142857,0.8571428571428571
1481400,0.23333333333333334,0.2777777777777778,0.13636363636363635,0.4642857142857143,0.8809523809523809
1481700,0.23333333333333334,0.2777777777777778,0.13636363636363635,0.44642857142857145,0.8809523809523809
1482000,0.23333333333333334,0.3055555555555556,0.13636363636363635,0.5357142857142857,0.8809523809523809
1482300,0.23333333333333334,0.4722222222222222,0.13636363636363635,0.6071428571428571,0.8809523809523809
1482600,0.23333333333333334,0.5277777777777778,0.13636363636363635,0.5535714285714286,0.8809523809523809
1482900,0.23333333333333334,0.5555555555555556,0.13636363636363635,0.5714285714285714,0.8809523809523809
1483200,0.3,0.6111111111111112,0.13636363636363635,0.5892857142857143,0.8809523809523809
1483500,0.26666666666666666,0.5833333333333334,0.13636363636363635,0.6785714285714286,0.8809523809523809
1483800,0.26666666666666666,0.5833333333333334,0.13636363636363635,0.6607142857142857,0.8809523809523809
1484100,0.3333333333333333,0.5833333333333334,0.13636363636363635,0.625,0.8809523809523809
1484400,0.3333333333333333,0.5833333333333334,0.13636363636363635,0.6607142857142857,0.8809523809523809
1484700,0.3333333333333333,0.5833333333333334,0.18181818181818182,0.6607142857142857,0.8809523809523809
1485000,0.3333333333333333,0.6111111111111112,0.13636363636363635,0.6607142857142857,0.8809523809523809
1485300,0.3333333333333333,0.5277777777777778,0.13636363636363635,0.6785714285714286,0.8571428571428571
1485600,0.3333333333333333,0.5833333333333334,0.13636363636363635,0.7142857142857143,0.8333333333333334
1485900,0.3333333333333333,0.5833333333333334,0.13636363636363635,0.6964285714285714,0.8095238095238095
1486200,0.3,0.5833333333333334,0.13636363636363635,0.6785714285714286,0.8095238095238095
1486500,0.3,0.5833333333333334,0.18181818181818182,0.6785714285714286,0.7857142857142857
1486800,0.3,0.5555555555555556,0.18181818181818182,0.6785714285714286,0.8095238095238095
1487100,0.3,0.5277777777777778,0.22727272727272727,0.6785714285714286,0.7857142857142857
1487400,0.3,0.4444444444444444,0.22727272727272727,0.6785714285714286,0.7380952380952381
1487700,0.3,0.4444444444444444,0.22727272727272727,0.6607142857142857,0.7380952380952381
1488000,0.3,0.4444444444444444,0.22727272727272727,0.6428571428571429,0.7380952380952381
1488300,0.3,0.4444444444444444,0.22727272727272727,0.6428571428571429,0.7380952380952381
1488600,0.3,0.4444444444444444,0.22727272727272727,0.6428571428571429,0.7380952380952381
1488900,0.3,0.4444444444444444,0.22727272727272727,0.6428571428571429,0.7380952380952381
1489200,0.3,0.4444444444444444,0.22727272727272727,0.6428571428571429,0.7380952380952381
1489500,0.3,0.4444444444444444,0.22727272727272727,0.6428571428571429,0.7380952380952381
1489800,0.3,0.4444444444444444,0.22727272727272727,0.6428571428571429,0.7380952380952381
1490100,0.3,0.4444444444444444,0.22727272727272727,0.6428571428571429,0.7380952380952381
1490400,0.3,0.4444444444444444,0.22727272727272727,0.6428571428571429,0.7380952380952381
1490700,0.3,0.4444444444444444,0.22727272727272727,0.6428571428571429,0.7380952380952381
1491000,0.3,0.4444444444444444,0.22727272727272727,0.6428571428571429,0.7380952380952381
1491300,0.3,0.4444444444444444,0.22727272727272727,0.6428571428571429,0.7380952380952381
1491600,0.3,0.4444444444444444,0.22727272727272727,0.6428571428571429,0.7380952380952381
1491900,0.3,0.4444444444444444,0.22727272727272727,0.6428571428571429,0.7380952380952381
1492200,0.3,0.4444444444444444,0.22727272727272727,0.6428571428571429,0.7380952380952381
1492500,0.3,0.4444444444444444,0.22727272727272727,0.6428571428571429,0.7380952380952381
1492800,0.3,0.4444444444444444,0.22727272727272727,0.6428571428571429,0.7380952380952381
1493100,0.3,0.4444444444444444,0.22727272727272727,0.6428571428571429,0.7380952380952381
1493400,0.3,0.4444444444444444,0.22727272727272727,0.6428571428571429,0.7380952380952381
1493700,0.3,0.4444444444444444,0.22727272727272727,0.6428571428571429,0.7380952380952381
1494000,0.3,0.4444444444444444,0.22727272727272727,0.6428571428571429,0.7380952380952381
1494300,0.3,0.4444444444444444,0.22727272727272727,0.6428571428571429,0.7380952380952381
1494600,0.3,0.4444444444444444,0.22727272727272727,0.6428571428571429,0.7380952380952381
1494900,0.3,0.4444444444444444,0.22727272727272727,0.6428571428571429,0.7380952380952381
1495200,0.3,0.4444444444444444,0.22727272727272727,0.6428571428571429,0.7380952380952381
1495500,0.3,0.4444444444444444,0.22727272727272727,0.6428571428571429,0.7380952380952381
1495800,0.3,0.4444444444444444,0.22727272727272727,0.6428571428571429,0.7380952380952381
1496100,0.3,0.4444444444444444,0.22727272727272727,0.6428571428571429,0.7380952380952381
1496400,0.3,0.4444444444444444,0.22727272727272727,0.6428571428571429,0.7380952380952381
1496700,0.3,0.4444444444444444,0.22727272727272727,0.6428571428571429,0.7380952380952381
1497000,0.3,0.4444444444444444,0.22727272727272727,0.6428571428571429,0.7380952380952381
1497300,0.3,0.4444444444444444,0.22727272727272727,0.6428571428571429,0.7380952380952381
1497600,0.3,0.4444444444444444,0.22727272727272727,0.6428571428571429,0.7380952380952381
1497900,0.3,0.4444444444444444,0.22727272727272727,0.6428571428571429,0.7380952380952381
1498200,0.3,0.4444444444444444,0.22727272727272727,0.6428571428571429,0.7380952380952381
1498500,0.3,0.4444444444444444,0.6818181818181818,0.4642857142857143,0.5714285714285714
1498800,0.6666666666666666,0.7777777777777778,0.6818181818181818,0.48214285714285715,0.5
1499100,0.6666666666666666,0.7777777777777778,0.6818181818181818,0.5,0.5
1499400,0.6666666666666666,0.8055555555555556,0.6818181818181818,0.5,0.47619047619047616
1499700,0.6666666666666666,0.8611111111111112,0.6818181818181818,0.5,0.47619047619047616
1500000,0.6666666666666666,0.8611111111111112,0.6818181818181818,0.5892857142857143,0.4523809523809524
1500300,0.6666666666666666,0.8333333333333334,0.6818181818181818,0.5892857142857143,0.5476190476190477
1500600,0.6333333333333333,0.8888888888888888,0.7272727272727273,0.5892857142857143,0.5476190476190477
1500900,0.6333333333333333,0.8611111111111112,0.6818181818181818,0.6071428571428571,0.42857142857142855
1501200,0.6333333333333333,0.8611111111111112,0.6363636363636364,0.6785714285714286,0.42857142857142855
1501500,0.6666666666666666,0.8333333333333334,0.6363636363636364,0.6428571428571429,0.23809523809523808
1501800,0.7,0.8611111111111112,0.5909090909090909,0.625,0.19047619047619047
1502100,0.7,0.8611111111111112,0.5909090909090909,0.6785714285714286,0.21428571428571427
1502400,0.7,0.8611111111111112,0.5454545454545454,0.6785714285714286,0.19047619047619047
1502700,0.7666666666666667,0.8611111111111112,0.5454545454545454,0.6785714285714286,0.16666666666666666
1503000,0.7666666666666667,0.8611111111111112,0.5454545454545454,0.6785714285714286,0.19047619047619047
1503300,0.8,0.8611111111111112,0.5454545454545454,0.6964285714285714,0.23809523809523808
1503600,0.7333333333333333,0.8611111111111112,0.5,0.6964285714285714,0.2619047619047619
1503900,0.7333333333333333,0.8611111111111112,0.5,0.7142857142857143,0.30952380952380953
1504200,0.7333333333333333,0.8611111111111112,0.5454545454545454,0.7142857142857143,0.38095238095238093
1504500,0.7,0.8611111111111112,0.5909090909090909,0.7142857142857143,0.2857142857142857
1504800,0.7,0.8333333333333334,0.5909090909090909,0.75,0.2857142857142857
1505100,0.0,0.0,0.0,0.0,0.2857142857142857
1505400,0.7666666666666667,0.8611111111111112,0.5909090909090909,0.75,0.23809523809523808
1505700,0.7,0.8611111111111112,0.6363636363636364,0.7321428571428571,0.14285714285714285
1506000,0.7,0.8611111111111112,0.6363636363636364,0.7321428571428571,0.023809523809523808
1506300,0.7,0.8333333333333334,0.6363636363636364,0.7321428571428571,0.09523809523809523
1506600,0.7,0.8333333333333334,0.5909090909090909,0.6964285714285714,0.047619047619047616
1506900,0.7333333333333333,0.8333333333333334,0.5909090909090909,0.7321428571428571,0.023809523809523808
1507200,0.7,0.8611111111111112,0.6363636363636364,0.6964285714285714,0.023809523809523808
1507500,0.6,0.8611111111111112,0.5909090909090909,0.75,0.14285714285714285
1507800,0.5333333333333333,0.8611111111111112,0.5909090909090909,0.7678571428571429,0.14285714285714285
1508100,0.5333333333333333,0.8611111111111112,0.5909090909090909,0.7678571428571429,0.21428571428571427
1508400,0.5333333333333333,0.8611111111111112,0.5454545454545454,0.7678571428571429,0.07142857142857142
1508700,0.5333333333333333,0.8333333333333334,0.45454545454545453,0.8035714285714286,0.09523809523809523
1509000,0.5333333333333333,0.8055555555555556,0.45454545454545453,0.8214285714285714,0.14285714285714285
1509300,0.5666666666666667,0.75,0.45454545454545453,0.8571428571428571,0.2857142857142857
1509600,0.5333333333333333,0.6944444444444444,0.45454545454545453,0.8571428571428571,0.19047619047619047
1509900,0.5333333333333333,0.5833333333333334,0.4090909090909091,0.8392857142857143,0.047619047619047616
1510200,0.5333333333333333,0.5555555555555556,0.36363636363636365,0.8571428571428571,0.047619047619047616
1510500,0.43333333333333335,0.4722222222222222,0.36363636363636365,0.8035714285714286,0.047619047619047616
1510800,0.43333333333333335,0.5,0.36363636363636365,0.8035714285714286,0.09523809523809523
1511100,0.36666666666666664,0.5,0.45454545454545453,0.8392857142857143,0.09523809523809523
1511400,0.3,0.4166666666666667,0.5,0.8392857142857143,0.11904761904761904
1511700,0.26666666666666666,0.4444444444444444,0.4090909090909091,0.8214285714285714,0.09523809523809523
1512000,0.26666666666666666,0.4722222222222222,0.4090909090909091,0.8214285714285714,0.16666666666666666
1512300,0.23333333333333334,0.3888888888888889,0.45454545454545453,0.7142857142857143,0.16666666666666666
1512600,0.26666666666666666,0.3611111111111111,0.45454545454545453,0.7321428571428571,0.21428571428571427
1512900,0.2,0.3333333333333333,0.45454545454545453,0.7142857142857143,0.16666666666666666
1513200,0.23333333333333334,0.3055555555555556,0.45454545454545453,0.6428571428571429,0.11904761904761904
1513500,0.23333333333333334,0.3055555555555556,0.45454545454545453,0.6071428571428571,0.16666666666666666
1513800,0.23333333333333334,0.19444444444444445,0.4090909090909091,0.5,0.14285714285714285
1514100,0.23333333333333334,0.16666666666666666,0.36363636363636365,0.42857142857142855,0.2619047619047619
1514400,0.23333333333333334,0.2222222222222222,0.36363636363636365,0.4107142857142857,0.30952380952380953
1514700,0.23333333333333334,0.1111111111111111,0.3181818181818182,0.375,0.38095238095238093
1515000,0.16666666666666666,0.1388888888888889,0.36363636363636365,0.32142857142857145,0.38095238095238093
1515300,0.23333333333333334,0.16666666666666666,0.36363636363636365,0.4107142857142857,0.2857142857142857
1515600,0.23333333333333334,0.1388888888888889,0.36363636363636365,0.42857142857142855,0.16666666666666666
1515900,0.3,0.1388888888888889,0.22727272727272727,0.39285714285714285,0.047619047619047616
1516200,0.3,0.08333333333333333,0.2727272727272727,0.5,0.047619047619047616
1516500,0.3333333333333333,0.1111111111111111,0.22727272727272727,0.4642857142857143,0.14285714285714285
1516800,0.3,0.16666666666666666,0.3181818181818182,0.5178571428571429,0.07142857142857142
1517100,0.3333333333333333,0.16666666666666666,0.36363636363636365,0.5,0.14285714285714285
1517400,0.3333333333333333,0.1388888888888889,0.3181818181818182,0.5,0.14285714285714285
1517700,0.3,0.2777777777777778,0.3181818181818182,0.5178571428571429,0.07142857142857142
1518000,0.36666666666666664,0.3611111111111111,0.2727272727272727,0.5178571428571429,0.16666666666666666
1518300,0.4,0.3611111111111111,0.2727272727272727,0.5535714285714286,0.19047619047619047
1518600,0.43333333333333335,0.4444444444444444,0.2727272727272727,0.5892857142857143,0.23809523809523808
1518900,0.4,0.4444444444444444,0.45454545454545453,0.5892857142857143,0.07142857142857142
1519200,0.4,0.5,0.45454545454545453,0.6428571428571429,0.09523809523809523
1519500,0.43333333333333335,0.5277777777777778,0.45454545454545453,0.7321428571428571,0.023809523809523808
1519800,0.5,0.6111111111111112,0.45454545454545453,0.75,0.07142857142857142
1520100,0.4666666666666667,0.6944444444444444,0.45454545454545453,0.75,0.14285714285714285
1520400,0.43333333333333335,0.75,0.4090909090909091,0.7321428571428571,0.21428571428571427
1520700,0.36666666666666664,0.75,0.4090909090909091,0.75,0.2857142857142857
1521000,0.36666666666666664,0.75,0.4090909090909091,0.7857142857142857,0.2857142857142857
1521300,0.3333333333333333,0.7777777777777778,0.45454545454545453,0.8392857142857143,0.19047619047619047
1521600,0.36666666666666664,0.8611111111111112,0.5454545454545454,0.8392857142857143,0.14285714285714285
1521900,0.36666666666666664,0.8611111111111112,0.5909090909090909,0.875,0.16666666666666666
1522200,0.3333333333333333,0.8333333333333334,0.5909090909090909,0.8571428571428571,0.11904761904761904
1522500,0.3,0.8333333333333334,0.6363636363636364,0.8571428571428571,0.07142857142857142
1522800,0.26666666666666666,0.8055555555555556,0.6818181818181818,0.8928571428571429,0.047619047619047616
1523100,0.26666666666666666,0.75,0.6818181818181818,0.8571428571428571,0.09523809523809523
1523400,0.3,0.75,0.6818181818181818,0.875,0.19047619047619047
1523700,0.36666666666666664,0.75,0.6818181818181818,0.875,0.14285714285714285
1524000,0.36666666666666664,0.7222222222222222,0.6363636363636364,0.8571428571428571,0.19047619047619047
1524300,0.4,0.6944444444444444,0.5909090909090909,0.8392857142857143,0.047619047619047616
1524600,0.43333333333333335,0.6388888888888888,0.5909090909090909,0.8571428571428571,0.047619047619047616
1524900,0.4666666666666667,0.6388888888888888,0.5454545454545454,0.8571428571428571,0.07142857142857142
1525200,0.4666666666666667,0.6111111111111112,0.5454545454545454,0.8214285714285714,0.07142857142857142
1525500,0.5,0.5833333333333334,0.5,0.7857142857142857,0.16666666666666666
1525800,0.5333333333333333,0.6111111111111112,0.5454545454545454,0.75,0.09523809523809523
1526100,0.5,0.6666666666666666,0.5454545454545454,0.7678571428571429,0.07142857142857142
1526400,0.5,0.6111111111111112,0.5454545454545454,0.7857142857142857,0.047619047619047616
1526700,0.5666666666666667,0.6388888888888888,0.5,0.75,0.11904761904761904
1527000,0.5666666666666667,0.6388888888888888,0.5,0.017857142857142856,0.11904761904761904
1527300,0.5333333333333333,0.6666666666666666,0.5454545454545454,0.0,0.30952380952380953
1527600,0.5666666666666667,0.6111111111111112,0.5454545454545454,0.0,0.11904761904761904
1527900,0.5666666666666667,0.5555555555555556,0.45454545454545453,0.017857142857142856,0.11904761904761904
1528200,0.5666666666666667,0.5833333333333334,0.45454545454545453,0.0,0.19047619047619047
1528500,0.6,0.5833333333333334,0.45454545454545453,0.0,0.16666666666666666
1528800,0.6,0.5277777777777778,0.45454545454545453,0.0,0.14285714285714285
1529100,0.6333333333333333,0.6388888888888888,0.45454545454545453,0.0,0.047619047619047616
1529400,0.6,0.5555555555555556,0.45454545454545453,0.0,0.07142857142857142
1529700,0.6,0.5277777777777778,0.5,0.0,0.07142857142857142
1530000,0.5666666666666667,0.5,0.5454545454545454,0.0,0.16666666666666666
1530300,0.5666666666666667,0.5277777777777778,0.6363636363636364,0.0,0.30952380952380953
1530600,0.5666666666666667,0.5277777777777778,0.5454545454545454,0.017857142857142856,0.16666666666666666
1530900,0.6,0.4722222222222222,0.5454545454545454,0.017857142857142856,0.23809523809523808
1531200,0.6,0.4444444444444444,0.5,0.0,0.2857142857142857
1531500,0.5666666666666667,0.4444444444444444,0.5909090909090909,0.0,0.23809523809523808
1531800,0.5666666666666667,0.4444444444444444,0.5909090909090909,0.0,0.2857142857142857
1532100,0.5333333333333333,0.3055555555555556,0.6818181818181818,0.017857142857142856,0.19047619047619047
1532400,0.5666666666666667,0.4166666666666667,0.6363636363636364,0.0,0.11904761904761904
1532700,0.5,0.3611111111111111,0.6818181818181818,0.0,0.09523809523809523
1533000,0.4666666666666667,0.4166666666666667,0.6818181818181818,0.017857142857142856,0.21428571428571427
1533300,0.4666666666666667,0.4166666666666667,0.7272727272727273,0.017857142857142856,0.21428571428571427
1533600,0.5,0.4444444444444444,0.7727272727272727,0.03571428571428571,0.16666666666666666
1533900,0.5333333333333333,0.4722222222222222,0.7727272727272727,0.017857142857142856,0.23809523809523808
1534200,0.5333333333333333,0.5,0.7727272727272727,0.017857142857142856,0.23809523809523808
1534500,0.5666666666666667,0.5555555555555556,0.7727272727272727,0.0,0.2857142857142857
1534800,0.6,0.6388888888888888,0.7727272727272727,0.0,0.2619047619047619
1535100,0.6333333333333333,0.6666666666666666,0.7272727272727273,0.0,0.23809523809523808
1535400,0.6333333333333333,0.7222222222222222,0.7272727272727273,0.0,0.19047619047619047
1535700,0.6,0.75,0.7727272727272727,0.0,0.2857142857142857
1536000,0.5666666666666667,0.75,0.7272727272727273,0.0,0.3333333333333333
1536300,0.5666666666666667,0.75,0.6818181818181818,0.0,0.3333333333333333
1536600,0.5666666666666667,0.8055555555555556,0.6818181818181818,0.017857142857142856,0.23809523809523808
1536900,0.5666666666666667,0.8333333333333334,0.7727272727272727,0.0,0.3333333333333333
1537200,0.5666666666666667,0.8333333333333334,0.7727272727272727,0.0,0.30952380952380953
1537500,0.6,0.8333333333333334,0.7272727272727273,0.0,0.38095238095238093
1537800,0.5333333333333333,0.8055555555555556,0.7272727272727273,0.0,0.35714285714285715
1538100,0.5,0.8611111111111112,0.7272727272727273,0.0,0.23809523809523808
1538400,0.5666666666666667,0.8611111111111112,0.7272727272727273,0.0,0.23809523809523808
1538700,0.5333333333333333,0.8611111111111112,0.6818181818181818,0.0,0.21428571428571427
1539000,0.6,0.8888888888888888,0.6363636363636364,0.0,0.21428571428571427
1539300,0.6,0.8888888888888888,0.7727272727272727,0.0,0.11904761904761904
1539600,0.5333333333333333,0.8888888888888888,0.7727272727272727,0.0,0.14285714285714285
1539900,0.5666666666666667,0.8611111111111112,0.6818181818181818,0.0,0.2619047619047619
1540200,0.5333333333333333,0.8888888888888888,0.6818181818181818,0.0,0.16666666666666666
1540500,0.4666666666666667,0.7777777777777778,0.6818181818181818,0.017857142857142856,0.2857142857142857
1540800,0.4666666666666667,0.7777777777777778,0.6818181818181818,0.017857142857142856,0.2857142857142857
1541100,0.5666666666666667,0.7777777777777778,0.6818181818181818,0.0,0.16666666666666666
1541400,0.5666666666666667,0.75,0.6818181818181818,0.0,0.2619047619047619
1541700,0.5666666666666667,0.75,0.6363636363636364,0.0,0.23809523809523808
1542000,0.5666666666666667,0.75,0.6363636363636364,0.0,0.11904761904761904
1542300,0.5666666666666667,0.75,0.6363636363636364,0.0,0.11904761904761904
1542600,0.5666666666666667,0.75,0.36363636363636365,0.0,0.21428571428571427
1542900,0.5666666666666667,0.7222222222222222,0.3181818181818182,0.0,0.2619047619047619
1543200,0.5666666666666667,0.7222222222222222,0.2727272727272727,0.0,0.3333333333333333
1543500,0.5333333333333333,0.7222222222222222,0.3181818181818182,0.0,0.40476190476190477
1543800,0.5,0.7777777777777778,0.2727272727272727,0.017857142857142856,0.4523809523809524
1544100,0.5333333333333333,0.6944444444444444,0.18181818181818182,0.017857142857142856,0.35714285714285715
1544400,0.5666666666666667,0.6944444444444444,0.13636363636363635,0.0,0.3333333333333333
1544700,0.6,0.7222222222222222,0.09090909090909091,0.0,0.23809523809523808
1545000,0.6,0.8333333333333334,0.045454545454545456,0.0,0.30952380952380953
1545300,0.5333333333333333,0.8611111111111112,0.045454545454545456,0.0,0.38095238095238093
1545600,0.5,0.8611111111111112,0.18181818181818182,0.0,0.47619047619047616
1545900,0.4666666666666667,0.8611111111111112,0.18181818181818182,0.0,0.4523809523809524
1546200,0.43333333333333335,0.8611111111111112,0.18181818181818182,0.0,0.40476190476190477
1546500,0.3333333333333333,0.8888888888888888,0.13636363636363635,0.0,0.5238095238095238
1546800,0.3333333333333333,0.9166666666666666,0.13636363636363635,0.0,0.5
1547100,0.3333333333333333,0.9166666666666666,0.13636363636363635,0.0,0.5
1547400,0.4,0.9166666666666666,0.09090909090909091,0.0,0.4523809523809524
1547700,0.36666666666666664,0.9166666666666666,0.18181818181818182,0.0,0.47619047619047616
1548000,0.3333333333333333,0.9166666666666666,0.22727272727272727,0.0,0.3333333333333333
1548300,0.3333333333333333,0.9166666666666666,0.18181818181818182,0.19642857142857142,0.35714285714285715
1548600,0.3,0.9166666666666666,0.22727272727272727,0.19642857142857142,0.4523809523809524
1548900,0.3,0.9166666666666666,0.22727272727272727,0.16071428571428573,0.47619047619047616
1549200,0.3,0.9166666666666666,0.22727272727272727,0.125,0.40476190476190477
1549500,0.36666666666666664,0.9722222222222222,0.2727272727272727,0.14285714285714285,0.40476190476190477
1549800,0.3333333333333333,0.9722222222222222,0.45454545454545453,0.14285714285714285,0.40476190476190477
1550100,0.23333333333333334,0.9444444444444444,0.4090909090909091,0.08928571428571429,0.47619047619047616
1550400,0.23333333333333334,0.9166666666666666,0.45454545454545453,0.03571428571428571,0.47619047619047616
1550700,0.23333333333333334,0.9166666666666666,0.4090909090909091,0.03571428571428571,0.5476190476190477
1551000,0.23333333333333334,0.9166666666666666,0.4090909090909091,0.03571428571428571,0.5476190476190477
1551300,0.2,0.8611111111111112,0.6363636363636364,0.08928571428571429,0.4523809523809524
1551600,0.2,0.8611111111111112,0.6818181818181818,0.07142857142857142,0.40476190476190477
1551900,0.2,0.8333333333333334,0.6818181818181818,0.10714285714285714,0.4523809523809524
1552200,0.23333333333333334,0.8333333333333334,0.6363636363636364,0.17857142857142858,0.40476190476190477
1552500,0.16666666666666666,0.8333333333333334,0.5,0.14285714285714285,0.5714285714285714
1552800,0.16666666666666666,0.8611111111111112,0.5,0.21428571428571427,0.5952380952380952
1553100,0.2,0.8888888888888888,0.4090909090909091,0.2857142857142857,0.6190476190476191
1553400,0.23333333333333334,0.9166666666666666,0.4090909090909091,0.26785714285714285,0.6190476190476191
1553700,0.26666666666666666,0.8888888888888888,0.36363636363636365,0.2857142857142857,0.47619047619047616
1554000,0.23333333333333334,0.8888888888888888,0.3181818181818182,0.42857142857142855,0.5476190476190477
1554300,0.2,0.8888888888888888,0.3181818181818182,0.30357142857142855,0.5
1554600,0.23333333333333334,0.8055555555555556,0.36363636363636365,0.23214285714285715,0.4523809523809524
1554900,0.23333333333333334,0.8611111111111112,0.5454545454545454,0.26785714285714285,0.5238095238095238
1555200,0.2,0.8333333333333334,0.5909090909090909,0.26785714285714285,0.5476190476190477
1555500,0.23333333333333334,0.75,0.5454545454545454,0.17857142857142858,0.5238095238095238
1555800,0.2,0.6388888888888888,0.5454545454545454,0.14285714285714285,0.5
1556100,0.16666666666666666,0.5277777777777778,0.36363636363636365,0.10714285714285714,0.40476190476190477
1556400,0.2,0.5555555555555556,0.36363636363636365,0.08928571428571429,0.2857142857142857
1556700,0.13333333333333333,0.4722222222222222,0.36363636363636365,0.14285714285714285,0.21428571428571427
1557000,0.13333333333333333,0.3888888888888889,0.4090909090909091,0.21428571428571427,0.23809523809523808
1557300,0.13333333333333333,0.3333333333333333,0.4090909090909091,0.16071428571428573,0.16666666666666666
1557600,0.13333333333333333,0.3611111111111111,0.4090909090909091,0.125,0.09523809523809523
1557900,0.1,0.3611111111111111,0.45454545454545453,0.125,0.09523809523809523
1558200,0.1,0.2777777777777778,0.45454545454545453,0.10714285714285714,0.19047619047619047
1558500,0.13333333333333333,0.2222222222222222,0.4090909090909091,0.17857142857142858,0.3333333333333333
1558800,0.13333333333333333,0.2222222222222222,0.36363636363636365,0.125,0.5
1559100,0.13333333333333333,0.19444444444444445,0.36363636363636365,0.17857142857142858,0.5952380952380952
1559400,0.13333333333333333,0.2777777777777778,0.36363636363636365,0.17857142857142858,0.5
1559700,0.13333333333333333,0.25,0.36363636363636365,0.19642857142857142,0.6190476190476191
1560000,0.16666666666666666,0.2222222222222222,0.4090909090909091,0.19642857142857142,0.5714285714285714
1560300,0.16666666666666666,0.19444444444444445,0.4090909090909091,0.19642857142857142,0.5714285714285714
1560600,0.16666666666666666,0.3333333333333333,0.5,0.21428571428571427,0.5
1560900,0.16666666666666666,0.3611111111111111,0.5909090909090909,0.23214285714285715,0.5476190476190477
1561200,0.23333333333333334,0.4444444444444444,0.5909090909090909,0.26785714285714285,0.5714285714285714
1561500,0.23333333333333334,0.5,0.5909090909090909,0.23214285714285715,0.5714285714285714
1561800,0.23333333333333334,0.3888888888888889,0.6363636363636364,0.17857142857142858,0.5952380952380952
1562100,0.23333333333333334,0.3333333333333333,0.6363636363636364,0.17857142857142858,0.6428571428571429
1562400,0.23333333333333334,0.3333333333333333,0.6363636363636364,0.21428571428571427,0.6904761904761905
1562700,0.23333333333333334,0.4444444444444444,0.5909090909090909,0.19642857142857142,0.7142857142857143
1563000,0.23333333333333334,0.4444444444444444,0.5,0.26785714285714285,0.6904761904761905
1563300,0.23333333333333334,0.4722222222222222,0.5,0.26785714285714285,0.6904761904761905
1563600,0.2,0.4444444444444444,0.5,0.23214285714285715,0.7619047619047619
1563900,0.2,0.4444444444444444,0.5,0.17857142857142858,0.7857142857142857
1564200,0.2,0.4166666666666667,0.5,0.17857142857142858,0.8095238095238095
1564500,0.2,0.4166666666666667,0.45454545454545453,0.14285714285714285,0.8809523809523809
1564800,0.2,0.3888888888888889,0.4090909090909091,0.16071428571428573,0.8571428571428571
1565100,0.2,0.4166666666666667,0.36363636363636365,0.125,0.8571428571428571
1565400,0.23333333333333334,0.4722222222222222,0.4090909090909091,0.21428571428571427,0.8333333333333334
1565700,0.23333333333333334,0.4722222222222222,0.4090909090909091,0.21428571428571427,0.8333333333333334
1566000,0.23333333333333334,0.4722222222222222,0.4090909090909091,0.21428571428571427,0.8571428571428571
1566300,0.23333333333333334,0.4722222222222222,0.4090909090909091,0.21428571428571427,0.8809523809523809
1566600,0.23333333333333334,0.5277777777777778,0.4090909090909091,0.2857142857142857,0.8809523809523809
1566900,0.2,0.5555555555555556,0.4090909090909091,0.32142857142857145,0.8809523809523809
1567200,0.2,0.4166666666666667,0.36363636363636365,0.30357142857142855,0.8809523809523809
1567500,0.2,0.4166666666666667,0.36363636363636365,0.32142857142857145,0.8809523809523809
1567800,0.2,0.4166666666666667,0.36363636363636365,0.375,0.8809523809523809
1568100,0.23333333333333334,0.4444444444444444,0.36363636363636365,0.4107142857142857,0.9047619047619048
1568400,0.2,0.3611111111111111,0.36363636363636365,0.44642857142857145,0.9285714285714286
1568700,0.2,0.3611111111111111,0.3181818181818182,0.44642857142857145,0.9047619047619048
1569000,0.2,0.3055555555555556,0.2727272727272727,0.42857142857142855,0.9047619047619048
1569300,0.16666666666666666,0.3333333333333333,0.2727272727272727,0.44642857142857145,0.9285714285714286
1569600,0.16666666666666666,0.3055555555555556,0.2727272727272727,0.42857142857142855,0.9285714285714286
1569900,0.16666666666666666,0.3055555555555556,0.2727272727272727,0.5535714285714286,0.9285714285714286
1570200,0.16666666666666666,0.3055555555555556,0.18181818181818182,0.5535714285714286,0.9285714285714286
1570500,0.16666666666666666,0.3888888888888889,0.18181818181818182,0.5892857142857143,0.9285714285714286
1570800,0.16666666666666666,0.4444444444444444,0.18181818181818182,0.5892857142857143,0.9047619047619048
1571100,0.16666666666666666,0.3611111111111111,0.18181818181818182,0.5892857142857143,0.8809523809523809
1571400,0.16666666666666666,0.3888888888888889,0.18181818181818182,0.6071428571428571,0.8333333333333334
1571700,0.16666666666666666,0.4444444444444444,0.13636363636363635,0.6607142857142857,0.8333333333333334
1572000,0.16666666666666666,0.4722222222222222,0.13636363636363635,0.625,0.8809523809523809
1572300,0.16666666666666666,0.5277777777777778,0.13636363636363635,0.6785714285714286,0.8809523809523809
1572600,0.16666666666666666,0.5833333333333334,0.13636363636363635,0.6428571428571429,0.8571428571428571
1572900,0.16666666666666666,0.5277777777777778,0.13636363636363635,0.6428571428571429,0.8571428571428571
1573200,0.16666666666666666,0.5,0.13636363636363635,0.6428571428571429,0.8333333333333334
1573500,0.16666666666666666,0.5,0.13636363636363635,0.6607142857142857,0.7857142857142857
1573800,0.16666666666666666,0.5,0.13636363636363635,0.6428571428571429,0.7619047619047619
1574100,0.16666666666666666,0.5555555555555556,0.13636363636363635,0.6607142857142857,0.8095238095238095
1574400,0.16666666666666666,0.5833333333333334,0.13636363636363635,0.6607142857142857,0.8571428571428571
1574700,0.16666666666666666,0.6111111111111112,0.13636363636363635,0.625,0.7857142857142857
1575000,0.16666666666666666,0.5833333333333334,0.13636363636363635,0.5892857142857143,0.8095238095238095
1575300,0.16666666666666666,0.6388888888888888,0.13636363636363635,0.5535714285714286,0.8095238095238095
1575600,0.16666666666666666,0.6111111111111112,0.13636363636363635,0.5178571428571429,0.8095238095238095
1575900,0.16666666666666666,0.5833333333333334,0.13636363636363635,0.48214285714285715,0.8095238095238095
1576200,0.16666666666666666,0.6111111111111112,0.13636363636363635,0.44642857142857145,0.7857142857142857
1576500,0.16666666666666666,0.6388888888888888,0.13636363636363635,0.42857142857142855,0.8095238095238095
1576800,0.16666666666666666,0.6388888888888888,0.13636363636363635,0.42857142857142855,0.7857142857142857
1577100,0.16666666666666666,0.6388888888888888,0.13636363636363635,0.44642857142857145,0.7380952380952381
1577400,0.16666666666666666,0.5833333333333334,0.13636363636363635,0.42857142857142855,0.7142857142857143
1577700,0.16666666666666666,0.5,0.13636363636363635,0.375,0.7142857142857143
1578000,0.16666666666666666,0.5,0.18181818181818182,0.375,0.7619047619047619
1578300,0.16666666666666666,0.4444444444444444,0.22727272727272727,0.2857142857142857,0.7380952380952381
1578600,0.2,0.5555555555555556,0.3181818181818182,0.23214285714285715,0.7619047619047619
1578900,0.16666666666666666,0.5833333333333334,0.3181818181818182,0.10714285714285714,0.6904761904761905
1579200,0.16666666666666666,0.5555555555555556,0.3181818181818182,0.125,0.7142857142857143
1579500,0.2,0.5,0.36363636363636365,0.125,0.7142857142857143
1579800,0.2,0.5,0.5,0.10714285714285714,0.7142857142857143
1580100,0.23333333333333334,0.4444444444444444,0.5454545454545454,0.10714285714285714,0.7380952380952381
1580400,0.3,0.4166666666666667,0.6363636363636364,0.08928571428571429,0.7142857142857143
1580700,0.26666666666666666,0.3888888888888889,0.6363636363636364,0.05357142857142857,0.7857142857142857
1581000,0.26666666666666666,0.4444444444444444,0.6818181818181818,0.07142857142857142,0.7380952380952381
1581300,0.26666666666666666,0.4166666666666667,0.7272727272727273,0.10714285714285714,0.7619047619047619
1581600,0.23333333333333334,0.5,0.7272727272727273,0.03571428571428571,0.7380952380952381
1581900,0.3333333333333333,0.4722222222222222,0.7272727272727273,0.05357142857142857,0.6904761904761905
1582200,0.36666666666666664,0.4722222222222222,0.7272727272727273,0.10714285714285714,0.7380952380952381
1582500,0.4,0.5277777777777778,0.7272727272727273,0.08928571428571429,0.7142857142857143
1582800,0.4666666666666667,0.5277777777777778,0.7272727272727273,0.08928571428571429,0.7380952380952381
1583100,0.4666666666666667,0.6111111111111112,0.7727272727272727,0.125,0.7857142857142857
1583400,0.5,0.7222222222222222,0.8181818181818182,0.10714285714285714,0.8095238095238095
1583700,0.4666666666666667,0.7222222222222222,0.8181818181818182,0.03571428571428571,0.7619047619047619
1584000,0.5,0.75,0.8181818181818182,0.05357142857142857,0.7380952380952381
1584300,0.5,0.8333333333333334,0.8181818181818182,0.10714285714285714,0.6428571428571429
1584600,0.5,0.8333333333333334,0.8181818181818182,0.17857142857142858,0.7142857142857143
1584900,0.5666666666666667,0.8611111111111112,0.8181818181818182,0.23214285714285715,0.7142857142857143
1585200,0.5333333333333333,0.8611111111111112,0.8181818181818182,0.23214285714285715,0.7380952380952381
1585500,0.5333333333333333,0.8611111111111112,0.8181818181818182,0.32142857142857145,0.8095238095238095
1585800,0.5666666666666667,0.8611111111111112,0.7727272727272727,0.39285714285714285,0.7857142857142857
1586100,0.6,0.8611111111111112,0.7727272727272727,0.4107142857142857,0.7619047619047619
1586400,0.6,0.8333333333333334,0.7727272727272727,0.42857142857142855,0.7619047619047619
1586700,0.5666666666666667,0.7777777777777778,0.7727272727272727,0.48214285714285715,0.7142857142857143
1587000,0.5666666666666667,0.7777777777777778,0.6818181818181818,0.5535714285714286,0.7380952380952381
1587300,0.5666666666666667,0.7777777777777778,0.6818181818181818,0.5535714285714286,0.6904761904761905
1587600,0.5666666666666667,0.7777777777777778,0.6818181818181818,0.6785714285714286,0.6190476190476191
1587900,0.5666666666666667,0.8055555555555556,0.6363636363636364,0.6964285714285714,0.5476190476190477
1588200,0.5666666666666667,0.8055555555555556,0.6363636363636364,0.7142857142857143,0.5238095238095238
1588500,0.6,0.8055555555555556,0.5909090909090909,0.7678571428571429,0.42857142857142855
1588800,0.6666666666666666,0.8333333333333334,0.5,0.7321428571428571,0.40476190476190477
1589100,0.6666666666666666,0.8055555555555556,0.5,0.6964285714285714,0.38095238095238093
1589400,0.7,0.8333333333333334,0.5454545454545454,0.6785714285714286,0.40476190476190477
1589700,0.7,0.8333333333333334,0.5909090909090909,0.6785714285714286,0.40476190476190477
1590000,0.7666666666666667,0.8611111111111112,0.5909090909090909,0.6428571428571429,0.42857142857142855
1590300,0.7333333333333333,0.8611111111111112,0.5454545454545454,0.6428571428571429,0.3333333333333333
1590600,0.7333333333333333,0.8611111111111112,0.5909090909090909,0.6607142857142857,0.38095238095238093
1590900,0.7666666666666667,0.8611111111111112,0.7272727272727273,0.6785714285714286,0.42857142857142855
1591200,0.7666666666666667,0.8333333333333334,0.6363636363636364,0.6964285714285714,0.4523809523809524
1591500,0.0,0.0,0.0,0.0,0.40476190476190477
1591800,0.7333333333333333,0.8888888888888888,0.7272727272727273,0.7142857142857143,0.38095238095238093
1592100,0.7,0.8888888888888888,0.7727272727272727,0.7321428571428571,0.38095238095238093
1592400,0.6666666666666666,0.8611111111111112,0.7727272727272727,0.7321428571428571,0.40476190476190477
1592700,0.6666666666666666,0.8333333333333334,0.7272727272727273,0.7678571428571429,0.42857142857142855
1593000,0.6666666666666666,0.8888888888888888,0.7727272727272727,0.8392857142857143,0.3333333333333333
1593300,0.6666666666666666,0.8888888888888888,0.7727272727272727,0.8571428571428571,0.3333333333333333
1593600,0.6333333333333333,0.8611111111111112,0.7727272727272727,0.8214285714285714,0.35714285714285715
1593900,0.6333333333333333,0.8611111111111112,0.7727272727272727,0.8214285714285714,0.42857142857142855
1594200,0.6666666666666666,0.8888888888888888,0.7727272727272727,0.8035714285714286,0.35714285714285715
1594500,0.6,0.8888888888888888,0.7727272727272727,0.8035714285714286,0.38095238095238093
1594800,0.6333333333333333,0.8611111111111112,0.7272727272727273,0.8392857142857143,0.38095238095238093
1595100,0.6666666666666666,0.7777777777777778,0.7727272727272727,0.8392857142857143,0.35714285714285715
1595400,0.6333333333333333,0.7777777777777778,0.7727272727272727,0.8571428571428571,0.35714285714285715
1595700,0.6333333333333333,0.7222222222222222,0.7727272727272727,0.8928571428571429,0.3333333333333333
1596000,0.6,0.7222222222222222,0.7272727272727273,0.875,0.23809523809523808
1596300,0.6666666666666666,0.7222222222222222,0.7272727272727273,0.875,0.2857142857142857
1596600,0.6333333333333333,0.6666666666666666,0.7272727272727273,0.8571428571428571,0.21428571428571427
1596900,0.5666666666666667,0.5833333333333334,0.6818181818181818,0.8392857142857143,0.3333333333333333
1597200,0.5333333333333333,0.4722222222222222,0.6818181818181818,0.8035714285714286,0.23809523809523808
1597500,0.4666666666666667,0.4722222222222222,0.6363636363636364,0.8392857142857143,0.21428571428571427
1597800,0.43333333333333335,0.3611111111111111,0.6818181818181818,0.875,0.21428571428571427
1598100,0.5,0.3888888888888889,0.6818181818181818,0.8928571428571429,0.21428571428571427
1598400,0.4666666666666667,0.3611111111111111,0.7272727272727273,0.8035714285714286,0.11904761904761904
1598700,0.0,0.0,0.0,0.0,0.14285714285714285
1599000,0.3,0.19444444444444445,0.5909090909090909,0.625,0.16666666666666666
1599300,0.36666666666666664,0.2777777777777778,0.5909090909090909,0.5178571428571429,0.35714285714285715
1599600,0.3333333333333333,0.25,0.5909090909090909,0.5,0.3333333333333333
1599900,0.36666666666666664,0.1388888888888889,0.5909090909090909,0.44642857142857145,0.3333333333333333
1600200,0.4,0.1388888888888889,0.5909090909090909,0.44642857142857145,0.38095238095238093
1600500,0.4,0.1388888888888889,0.6363636363636364,0.4107142857142857,0.3333333333333333
1600800,0.36666666666666664,0.1111111111111111,0.6363636363636364,0.39285714285714285,0.19047619047619047
1601100,0.4,0.1388888888888889,0.5454545454545454,0.30357142857142855,0.21428571428571427
1601400,0.43333333333333335,0.16666666666666666,0.45454545454545453,0.26785714285714285,0.047619047619047616
1601700,0.4,0.19444444444444445,0.45454545454545453,0.25,0.023809523809523808
1602000,0.3333333333333333,0.2222222222222222,0.45454545454545453,0.25,0.11904761904761904
1602300,0.3333333333333333,0.1111111111111111,0.4090909090909091,0.25,0.11904761904761904
1602600,0.36666666666666664,0.16666666666666666,0.4090909090909091,0.23214285714285715,0.19047619047619047
1602900,0.4,0.1111111111111111,0.4090909090909091,0.32142857142857145,0.11904761904761904
1603200,0.4,0.16666666666666666,0.36363636363636365,0.23214285714285715,0.09523809523809523
1603500,0.3333333333333333,0.19444444444444445,0.4090909090909091,0.17857142857142858,0.023809523809523808
1603800,0.3333333333333333,0.16666666666666666,0.36363636363636365,0.21428571428571427,0.11904761904761904
1604100,0.3333333333333333,0.2777777777777778,0.5,0.23214285714285715,0.11904761904761904
1604400,0.3333333333333333,0.2777777777777778,0.5454545454545454,0.3392857142857143,0.21428571428571427
1604700,0.36666666666666664,0.3611111111111111,0.5454545454545454,0.4107142857142857,0.30952380952380953
1605000,0.36666666666666664,0.4166666666666667,0.5909090909090909,0.5,0.35714285714285715
1605300,0.36666666666666664,0.4444444444444444,0.5909090909090909,0.42857142857142855,0.2857142857142857
1605600,0.3333333333333333,0.5277777777777778,0.5909090909090909,0.42857142857142855,0.3333333333333333
1605900,0.0,0.0,0.0,0.0,0.19047619047619047
1606200,0.3333333333333333,0.75,0.5909090909090909,0.5178571428571429,0.30952380952380953
1606500,0.3333333333333333,0.8055555555555556,0.5909090909090909,0.5178571428571429,0.30952380952380953
1606800,0.36666666666666664,0.8611111111111112,0.5909090909090909,0.5714285714285714,0.19047619047619047
1607100,0.4666666666666667,0.8611111111111112,0.5909090909090909,0.5714285714285714,0.16666666666666666
1607400,0.43333333333333335,0.9166666666666666,0.5909090909090909,0.5714285714285714,0.14285714285714285
1607700,0.4,0.8888888888888888,0.5454545454545454,0.5714285714285714,0.11904761904761904
1608000,0.4,0.8611111111111112,0.5,0.5714285714285714,0.11904761904761904
1608300,0.43333333333333335,0.8888888888888888,0.4090909090909091,0.6071428571428571,0.14285714285714285
1608600,0.43333333333333335,0.8611111111111112,0.4090909090909091,0.625,0.14285714285714285
1608900,0.43333333333333335,0.8888888888888888,0.36363636363636365,0.7321428571428571,0.14285714285714285
1609200,0.43333333333333335,0.8888888888888888,0.5909090909090909,0.7857142857142857,0.19047619047619047
1609500,0.43333333333333335,0.8333333333333334,0.6363636363636364,0.75,0.2619047619047619
1609800,0.43333333333333335,0.8055555555555556,0.6363636363636364,0.7678571428571429,0.2857142857142857
1610100,0.5,0.8611111111111112,0.6818181818181818,0.75,0.2619047619047619
1610400,0.6,0.8888888888888888,0.7272727272727273,0.6964285714285714,0.30952380952380953
1610700,0.5666666666666667,0.8333333333333334,0.7272727272727273,0.7321428571428571,0.21428571428571427
1611000,0.5666666666666667,0.8333333333333334,0.7272727272727273,0.7321428571428571,0.047619047619047616
1611300,0.5333333333333333,0.8333333333333334,0.7727272727272727,0.6785714285714286,0.11904761904761904
1611600,0.5666666666666667,0.8333333333333334,0.7727272727272727,0.6964285714285714,0.16666666666666666
1611900,0.5333333333333333,0.8055555555555556,0.8181818181818182,0.6428571428571429,0.16666666666666666
1612200,0.5,0.8333333333333334,0.8181818181818182,0.6428571428571429,0.047619047619047616
1612500,0.5333333333333333,0.4444444444444444,0.8181818181818182,0.6428571428571429,0.07142857142857142
1612800,0.5333333333333333,0.1111111111111111,0.8181818181818182,0.6428571428571429,0.09523809523809523
1613100,0.5333333333333333,0.0,0.8636363636363636,0.6785714285714286,0.09523809523809523
1613400,0.5333333333333333,0.0,0.8181818181818182,0.0,0.16666666666666666
1613700,0.5333333333333333,0.0,0.8181818181818182,0.0,0.2619047619047619
1614000,0.5333333333333333,0.0,0.6818181818181818,0.0,0.21428571428571427
1614300,0.5666666666666667,0.0,0.6818181818181818,0.0,0.11904761904761904
1614600,0.5666666666666667,0.0,0.6818181818181818,0.0,0.11904761904761904
1614900,0.6,0.0,0.6818181818181818,0.0,0.07142857142857142
1615200,0.5666666666666667,0.0,0.7272727272727273,0.0,0.14285714285714285
1615500,0.5666666666666667,0.0,0.7727272727272727,0.0,0.07142857142857142
1615800,0.6,0.0,0.7727272727272727,0.0,0.09523809523809523
1616100,0.6333333333333333,0.0,0.7272727272727273,0.0,0.047619047619047616
1616400,0.6333333333333333,0.0,0.7727272727272727,0.0,0.047619047619047616
1616700,0.6333333333333333,0.0,0.7727272727272727,0.0,0.14285714285714285
1617000,0.6,0.0,0.7727272727272727,0.0,0.19047619047619047
1617300,0.7666666666666667,0.0,0.7272727272727273,0.0,0.14285714285714285
1617600,0.6666666666666666,0.0,0.7272727272727273,0.0,0.16666666666666666
1617900,0.6666666666666666,0.0,0.7272727272727273,0.0,0.21428571428571427
1618200,0.6666666666666666,0.0,0.6818181818181818,0.0,0.21428571428571427
1618500,0.6333333333333333,0.0,0.6818181818181818,0.0,0.3333333333333333
1618800,0.6333333333333333,0.0,0.6818181818181818,0.0,0.2857142857142857
1619100,0.5666666666666667,0.0,0.5909090909090909,0.0,0.2619047619047619
1619400,0.5666666666666667,0.0,0.6363636363636364,0.0,0.2857142857142857
1619700,0.6,0.0,0.6363636363636364,0.0,0.35714285714285715
1620000,0.6,0.0,0.6818181818181818,0.0,0.4523809523809524
1620300,0.6333333333333333,0.0,0.6818181818181818,0.0,0.35714285714285715
1620600,0.6333333333333333,0.0,0.7727272727272727,0.0,0.38095238095238093
1620900,0.6,0.0,0.7727272727272727,0.0,0.4523809523809524
1621200,0.6333333333333333,0.0,0.7272727272727273,0.0,0.5
1621500,0.6333333333333333,0.0,0.7272727272727273,0.0,0.5476190476190477
1621800,0.7,0.0,0.7272727272727273,0.0,0.5476190476190477
1622100,0.7333333333333333,0.0,0.7727272727272727,0.0,0.5476190476190477
1622400,0.7333333333333333,0.0,0.7727272727272727,0.0,0.35714285714285715
1622700,0.7666666666666667,0.0,0.7727272727272727,0.0,0.38095238095238093
1623000,0.7666666666666667,0.0,0.8181818181818182,0.0,0.3333333333333333
1623300,0.7666666666666667,0.0,0.8181818181818182,0.0,0.30952380952380953
1623600,0.7666666666666667,0.0,0.7727272727272727,0.0,0.35714285714285715
1623900,0.7666666666666667,0.0,0.6818181818181818,0.0,0.23809523809523808
1624200,0.8,0.0,0.6818181818181818,0.0,0.23809523809523808
1624500,0.8,0.0,0.5909090909090909,0.0,0.2857142857142857
1624800,0.8,0.0,0.5454545454545454,0.0,0.2857142857142857
1625100,0.8,0.0,0.5454545454545454,0.0,0.23809523809523808
1625400,0.8,0.0,0.45454545454545453,0.0,0.07142857142857142
1625700,0.7333333333333333,0.0,0.45454545454545453,0.0,0.11904761904761904
1626000,0.7,0.0,0.36363636363636365,0.0,0.14285714285714285
1626300,0.7333333333333333,0.0,0.36363636363636365,0.0,0.11904761904761904
1626600,0.7333333333333333,0.0,0.36363636363636365,0.0,0.19047619047619047
1626900,0.6666666666666666,0.0,0.4090909090909091,0.0,0.16666666666666666
1627200,0.7,0.0,0.4090909090909091,0.0,0.11904761904761904
1627500,0.7333333333333333,0.0,0.4090909090909091,0.0,0.14285714285714285
1627800,0.7,0.0,0.5,0.0,0.14285714285714285
1628100,0.6,0.0,0.5909090909090909,0.0,0.047619047619047616
1628400,0.5333333333333333,0.0,0.6363636363636364,0.0,0.19047619047619047
1628700,0.5333333333333333,0.0,0.6363636363636364,0.0,0.19047619047619047
1629000,0.5,0.0,0.6818181818181818,0.0,0.23809523809523808
1629300,0.5333333333333333,0.0,0.6818181818181818,0.0,0.30952380952380953
1629600,0.5333333333333333,0.0,0.6818181818181818,0.0,0.2857142857142857
1629900,0.5333333333333333,0.0,0.6363636363636364,0.0,0.2857142857142857
1630200,0.5333333333333333,0.0,0.6363636363636364,0.0,0.21428571428571427
1630500,0.5,0.0,0.5909090909090909,0.0,0.19047619047619047
1630800,0.4666666666666667,0.0,0.5454545454545454,0.0,0.2619047619047619
1631100,0.4666666666666667,0.0,0.5,0.0,0.3333333333333333
1631400,0.4,0.0,0.5,0.0,0.5
1631700,0.36666666666666664,0.0,0.4090909090909091,0.0,0.5476190476190477
1632000,0.36666666666666664,0.0,0.36363636363636365,0.0,0.47619047619047616
1632300,0.36666666666666664,0.0,0.3181818181818182,0.0,0.5238095238095238
1632600,0.36666666666666664,0.0,0.22727272727272727,0.0,0.6428571428571429
1632900,0.3,0.0,0.22727272727272727,0.0,0.6666666666666666
1633200,0.3,0.0,0.22727272727272727,0.0,0.7380952380952381
1633500,0.3,0.0,0.22727272727272727,0.0,0.6904761904761905
1633800,0.3,0.0,0.22727272727272727,0.0,0.6904761904761905
1634100,0.3,0.0,0.18181818181818182,0.0,0.6666666666666666
1634400,0.36666666666666664,0.0,0.18181818181818182,0.0,0.5714285714285714
1634700,0.0,0.0,0.0,0.0,0.5238095238095238
1635000,0.3,0.3055555555555556,0.18181818181818182,0.6428571428571429,0.47619047619047616
1635300,0.3,0.5277777777777778,0.3181818181818182,0.6071428571428571,0.5
1635600,0.3333333333333333,0.4722222222222222,0.3181818181818182,0.5,0.4523809523809524
1635900,0.3333333333333333,0.4722222222222222,0.3181818181818182,0.4642857142857143,0.47619047619047616
1636200,0.3,0.4722222222222222,0.36363636363636365,0.44642857142857145,0.4523809523809524
1636500,0.3,0.4722222222222222,0.4090909090909091,0.4107142857142857,0.5238095238095238
1636800,0.3,0.4722222222222222,0.3181818181818182,0.39285714285714285,0.5238095238095238
1637100,0.26666666666666666,0.4722222222222222,0.2727272727272727,0.35714285714285715,0.5
1637400,0.23333333333333334,0.4722222222222222,0.3181818181818182,0.4107142857142857,0.38095238095238093
1637700,0.3,0.4722222222222222,0.36363636363636365,0.4107142857142857,0.47619047619047616
1638000,0.23333333333333334,0.5,0.36363636363636365,0.3392857142857143,0.40476190476190477
1638300,0.2,0.5,0.4090909090909091,0.30357142857142855,0.35714285714285715
1638600,0.2,0.5,0.4090909090909091,0.39285714285714285,0.35714285714285715
1638900,0.3,0.5,0.22727272727272727,0.39285714285714285,0.38095238095238093
1639200,0.26666666666666666,0.5277777777777778,0.3181818181818182,0.42857142857142855,0.5238095238095238
1639500,0.26666666666666666,0.5277777777777778,0.3181818181818182,0.44642857142857145,0.5
1639800,0.3333333333333333,0.5277777777777778,0.3181818181818182,0.5357142857142857,0.5
1640100,0.3,0.5277777777777778,0.4090909090909091,0.5357142857142857,0.5
1640400,0.3,0.5277777777777778,0.3181818181818182,0.5714285714285714,0.4523809523809524
1640700,0.3,0.5,0.3181818181818182,0.5535714285714286,0.38095238095238093
1641000,0.3333333333333333,0.4722222222222222,0.3181818181818182,0.5,0.42857142857142855
1641300,0.3,0.4166666666666667,0.22727272727272727,0.4107142857142857,0.38095238095238093
1641600,0.3,0.2777777777777778,0.18181818181818182,0.4107142857142857,0.35714285714285715
1641900,0.0,0.0,0.18181818181818182,0.0,0.2857142857142857
1642200,0.26666666666666666,0.08333333333333333,0.18181818181818182,0.26785714285714285,0.21428571428571427
1642500,0.3,0.08333333333333333,0.13636363636363635,0.19642857142857142,0.30952380952380953
1642800,0.23333333333333334,0.027777777777777776,0.22727272727272727,0.19642857142857142,0.4523809523809524
1643100,0.23333333333333334,0.0,0.2727272727272727,0.19642857142857142,0.42857142857142855
1643400,0.13333333333333333,0.027777777777777776,0.2727272727272727,0.10714285714285714,0.47619047619047616
1643700,0.13333333333333333,0.027777777777777776,0.22727272727272727,0.07142857142857142,0.47619047619047616
1644000,0.13333333333333333,0.0,0.22727272727272727,0.03571428571428571,0.38095238095238093
1644300,0.13333333333333333,0.027777777777777776,0.22727272727272727,0.125,0.42857142857142855
1644600,0.13333333333333333,0.027777777777777776,0.13636363636363635,0.07142857142857142,0.5
1644900,0.2,0.027777777777777776,0.18181818181818182,0.017857142857142856,0.4523809523809524
1645200,0.2,0.05555555555555555,0.18181818181818182,0.125,0.42857142857142855
1645500,0.16666666666666666,0.027777777777777776,0.18181818181818182,0.03571428571428571,0.5
1645800,0.16666666666666666,0.027777777777777776,0.13636363636363635,0.05357142857142857,0.5476190476190477
1646100,0.16666666666666666,0.1111111111111111,0.18181818181818182,0.017857142857142856,0.47619047619047616
1646400,0.16666666666666666,0.19444444444444445,0.13636363636363635,0.017857142857142856,0.38095238095238093
1646700,0.23333333333333334,0.1111111111111111,0.13636363636363635,0.03571428571428571,0.38095238095238093
1647000,0.2,0.4444444444444444,0.13636363636363635,0.03571428571428571,0.38095238095238093
1647300,0.2,0.5277777777777778,0.13636363636363635,0.0,0.38095238095238093
1647600,0.2,0.4722222222222222,0.13636363636363635,0.017857142857142856,0.4523809523809524
1647900,0.2,0.4166666666666667,0.18181818181818182,0.05357142857142857,0.5714285714285714
1648200,0.23333333333333334,0.3611111111111111,0.22727272727272727,0.07142857142857142,0.6190476190476191
1648500,0.23333333333333334,0.25,0.45454545454545453,0.08928571428571429,0.6666666666666666
1648800,0.23333333333333334,0.2777777777777778,0.5454545454545454,0.07142857142857142,0.6190476190476191
1649100,0.0,0.0,0.0,0.0,0.6428571428571429
1649400,0.26666666666666666,0.1388888888888889,0.5454545454545454,0.10714285714285714,0.7380952380952381
1649700,0.3,0.1388888888888889,0.5454545454545454,0.19642857142857142,0.8095238095238095
1650000,0.3,0.1388888888888889,0.5454545454545454,0.16071428571428573,0.8095238095238095
1650300,0.3333333333333333,0.1111111111111111,0.5909090909090909,0.125,0.8095238095238095
1650600,0.3333333333333333,0.1111111111111111,0.5909090909090909,0.10714285714285714,0.8095238095238095
1650900,0.3333333333333333,0.19444444444444445,0.5454545454545454,0.08928571428571429,0.8571428571428571
1651200,0.3333333333333333,0.2777777777777778,0.5454545454545454,0.10714285714285714,0.8809523809523809
1651500,0.3333333333333333,0.2222222222222222,0.5,0.17857142857142858,0.8571428571428571
1651800,0.3333333333333333,0.16666666666666666,0.5454545454545454,0.23214285714285715,0.8571428571428571
1652100,0.3,0.2222222222222222,0.5454545454545454,0.26785714285714285,0.8571428571428571
1652400,0.3,0.2222222222222222,0.5454545454545454,0.25,0.8571428571428571
1652700,0.3,0.25,0.5454545454545454,0.17857142857142858,0.8333333333333334
1653000,0.3,0.25,0.5454545454545454,0.23214285714285715,0.8571428571428571
1653300,0.3,0.2222222222222222,0.5454545454545454,0.23214285714285715,0.8571428571428571
1653600,0.3,0.25,0.5454545454545454,0.21428571428571427,0.8809523809523809
1653900,0.3,0.25,0.5454545454545454,0.14285714285714285,0.8809523809523809
1654200,0.3,0.2222222222222222,0.5454545454545454,0.14285714285714285,0.8809523809523809
1654500,0.3,0.16666666666666666,0.5454545454545454,0.07142857142857142,0.8809523809523809
1654800,0.3,0.25,0.5,0.08928571428571429,0.8809523809523809
1655100,0.3,0.25,0.45454545454545453,0.10714285714285714,0.8809523809523809
1655400,0.3,0.3055555555555556,0.4090909090909091,0.125,0.8809523809523809
1655700,0.3,0.3333333333333333,0.4090909090909091,0.10714285714285714,0.8809523809523809
1656000,0.3,0.25,0.4090909090909091,0.125,0.8809523809523809
1656300,0.3,0.2777777777777778,0.36363636363636365,0.14285714285714285,0.8809523809523809
1656600,0.3,0.3888888888888889,0.3181818181818182,0.16071428571428573,0.8809523809523809
1656900,0.3,0.3055555555555556,0.3181818181818182,0.16071428571428573,0.9047619047619048
1657200,0.3,0.3055555555555556,0.36363636363636365,0.25,0.9047619047619048
1657500,0.3,0.3333333333333333,0.36363636363636365,0.21428571428571427,0.8809523809523809
1657800,0.3,0.2777777777777778,0.36363636363636365,0.16071428571428573,0.8571428571428571
1658100,0.3,0.25,0.36363636363636365,0.21428571428571427,0.8571428571428571
1658400,0.26666666666666666,0.2777777777777778,0.3181818181818182,0.23214285714285715,0.8571428571428571
1658700,0.23333333333333334,0.25,0.3181818181818182,0.26785714285714285,0.8333333333333334
1659000,0.23333333333333334,0.19444444444444445,0.36363636363636365,0.23214285714285715,0.8333333333333334
1659300,0.2,0.1388888888888889,0.36363636363636365,0.19642857142857142,0.8333333333333334
1659600,0.2,0.1388888888888889,0.36363636363636365,0.19642857142857142,0.8095238095238095
1659900,0.2,0.2222222222222222,0.36363636363636365,0.25,0.8095238095238095
1660200,0.2,0.25,0.36363636363636365,0.23214285714285715,0.8095238095238095
1660500,0.23333333333333334,0.19444444444444445,0.3181818181818182,0.21428571428571427,0.8095238095238095
1660800,0.23333333333333334,0.2222222222222222,0.36363636363636365,0.25,0.7857142857142857
1661100,0.23333333333333334,0.19444444444444445,0.36363636363636365,0.2857142857142857,0.7857142857142857
1661400,0.23333333333333334,0.2777777777777778,0.36363636363636365,0.2857142857142857,0.7857142857142857
1661700,0.23333333333333334,0.3055555555555556,0.36363636363636365,0.2857142857142857,0.7857142857142857
1662000,0.16666666666666666,0.3055555555555556,0.36363636363636365,0.30357142857142855,0.7380952380952381
1662300,0.16666666666666666,0.2777777777777778,0.36363636363636365,0.2857142857142857,0.7142857142857143
1662600,0.16666666666666666,0.3055555555555556,0.36363636363636365,0.23214285714285715,0.8095238095238095
1662900,0.16666666666666666,0.3888888888888889,0.36363636363636365,0.21428571428571427,0.7619047619047619
1663200,0.2,0.3888888888888889,0.36363636363636365,0.21428571428571427,0.7380952380952381
1663500,0.2,0.3333333333333333,0.3181818181818182,0.26785714285714285,0.7619047619047619
1663800,0.2,0.3611111111111111,0.36363636363636365,0.26785714285714285,0.7857142857142857
1664100,0.23333333333333334,0.3611111111111111,0.36363636363636365,0.21428571428571427,0.7857142857142857
1664400,0.2,0.3055555555555556,0.3181818181818182,0.16071428571428573,0.8095238095238095
1664700,0.23333333333333334,0.3611111111111111,0.4090909090909091,0.14285714285714285,0.7857142857142857
1665000,0.23333333333333334,0.4166666666666667,0.4090909090909091,0.125,0.8095238095238095
1665300,0.23333333333333334,0.3888888888888889,0.4090909090909091,0.16071428571428573,0.8095238095238095
1665600,0.23333333333333334,0.4166666666666667,0.4090909090909091,0.16071428571428573,0.8095238095238095
1665900,0.23333333333333334,0.4444444444444444,0.4090909090909091,0.17857142857142858,0.7857142857142857
1666200,0.26666666666666666,0.5,0.5,0.19642857142857142,0.7142857142857143
1666500,0.26666666666666666,0.5555555555555556,0.5454545454545454,0.08928571428571429,0.7142857142857143
1666800,0.3333333333333333,0.5555555555555556,0.6363636363636364,0.05357142857142857,0.7380952380952381
1667100,0.36666666666666664,0.5833333333333334,0.6363636363636364,0.08928571428571429,0.7380952380952381
1667400,0.36666666666666664,0.5555555555555556,0.5909090909090909,0.03571428571428571,0.7619047619047619
1667700,0.4,0.5,0.6363636363636364,0.03571428571428571,0.7857142857142857
1668000,0.4,0.5277777777777778,0.5909090909090909,0.03571428571428571,0.7619047619047619
1668300,0.4,0.5,0.6363636363636364,0.05357142857142857,0.7142857142857143
1668600,0.43333333333333335,0.5,0.6363636363636364,0.10714285714285714,0.7857142857142857
1668900,0.4666666666666667,0.5,0.6363636363636364,0.05357142857142857,0.7142857142857143
1669200,0.5,0.6111111111111112,0.5909090909090909,0.07142857142857142,0.7380952380952381
1669500,0.5333333333333333,0.6666666666666666,0.5909090909090909,0.10714285714285714,0.6904761904761905
1669800,0.5333333333333333,0.7222222222222222,0.6818181818181818,0.125,0.7142857142857143
1670100,0.5333333333333333,0.6944444444444444,0.7272727272727273,0.14285714285714285,0.5952380952380952
1670400,0.4666666666666667,0.6944444444444444,0.7272727272727273,0.16071428571428573,0.6190476190476191
1670700,0.4666666666666667,0.75,0.7272727272727273,0.21428571428571427,0.6666666666666666
1671000,0.4666666666666667,0.8055555555555556,0.5909090909090909,0.2857142857142857,0.6428571428571429
1671300,0.4666666666666667,0.8888888888888888,0.5909090909090909,0.35714285714285715,0.5952380952380952
1671600,0.4666666666666667,0.9166666666666666,0.5909090909090909,0.42857142857142855,0.5952380952380952
1671900,0.5,0.9166666666666666,0.5909090909090909,0.42857142857142855,0.5952380952380952
1672200,0.5,0.9166666666666666,0.5909090909090909,0.42857142857142855,0.5476190476190477
1672500,0.5,0.9166666666666666,0.5909090909090909,0.4642857142857143,0.5238095238095238
1672800,0.4666666666666667,0.8888888888888888,0.5909090909090909,0.5357142857142857,0.5476190476190477
1673100,0.4666666666666667,0.8888888888888888,0.6363636363636364,0.5714285714285714,0.5476190476190477
1673400,0.43333333333333335,0.8888888888888888,0.6818181818181818,0.5892857142857143,0.5238095238095238
1673700,0.5333333333333333,0.8888888888888888,0.6818181818181818,0.5714285714285714,0.6428571428571429
1674000,0.5666666666666667,0.8888888888888888,0.5909090909090909,0.6428571428571429,0.6428571428571429
1674300,0.5666666666666667,0.8888888888888888,0.7272727272727273,0.625,0.5238095238095238
1674600,0.5666666666666667,0.8888888888888888,0.7272727272727273,0.625,0.4523809523809524
1674900,0.6,0.8888888888888888,0.6818181818181818,0.625,0.35714285714285715
1675200,0.6,0.8888888888888888,0.7272727272727273,0.6428571428571429,0.38095238095238093
1675500,0.6,0.8888888888888888,0.6818181818181818,0.6428571428571429,0.2857142857142857
1675800,0.6,0.9166666666666666,0.6818181818181818,0.6607142857142857,0.2619047619047619
1676100,0.5666666666666667,0.8888888888888888,0.6818181818181818,0.6607142857142857,0.35714285714285715
1676400,0.5666666666666667,0.8888888888888888,0.6818181818181818,0.6964285714285714,0.40476190476190477
1676700,0.5333333333333333,0.8888888888888888,0.6818181818181818,0.6428571428571429,0.30952380952380953
1677000,0.5333333333333333,0.8888888888888888,0.6818181818181818,0.6607142857142857,0.2619047619047619
1677300,0.5333333333333333,0.8888888888888888,0.7727272727272727,0.6607142857142857,0.19047619047619047
1677600,0.5333333333333333,0.8888888888888888,0.7727272727272727,0.6607142857142857,0.2619047619047619
1677900,0.5666666666666667,0.8888888888888888,0.7727272727272727,0.6964285714285714,0.30952380952380953
1678200,0.5666666666666667,0.8888888888888888,0.8636363636363636,0.6964285714285714,0.21428571428571427
1678500,0.5666666666666667,0.8888888888888888,0.9545454545454546,0.7142857142857143,0.19047619047619047
1678800,0.5333333333333333,0.9444444444444444,0.9545454545454546,0.7142857142857143,0.2619047619047619
1679100,0.5333333333333333,0.9166666666666666,0.9545454545454546,0.7321428571428571,0.21428571428571427
1679400,0.5333333333333333,0.9166666666666666,0.9545454545454546,0.7857142857142857,0.16666666666666666
1679700,0.5333333333333333,0.9166666666666666,0.9545454545454546,0.7857142857142857,0.19047619047619047
1680000,0.5333333333333333,0.9166666666666666,0.9545454545454546,0.8035714285714286,0.023809523809523808
1680300,0.5666666666666667,0.9166666666666666,0.9090909090909091,0.8571428571428571,0.023809523809523808
1680600,0.5666666666666667,0.8888888888888888,0.9090909090909091,0.9285714285714286,0.09523809523809523
1680900,0.5666666666666667,0.9166666666666666,0.9090909090909091,0.9285714285714286,0.0
1681200,0.5666666666666667,0.8888888888888888,0.8636363636363636,0.9464285714285714,0.09523809523809523
1681500,0.6,0.8611111111111112,0.8636363636363636,0.9285714285714286,0.09523809523809523
1681800,0.5666666666666667,0.8333333333333334,0.9090909090909091,0.9464285714285714,0.047619047619047616
1682100,0.5333333333333333,0.7222222222222222,0.8181818181818182,0.9285714285714286,0.023809523809523808
1682400,0.43333333333333335,0.6666666666666666,0.8181818181818182,0.9464285714285714,0.07142857142857142
1682700,0.4666666666666667,0.6111111111111112,0.8181818181818182,0.9464285714285714,0.09523809523809523
1683000,0.5,0.6111111111111112,0.8636363636363636,0.9642857142857143,0.11904761904761904
1683300,0.5,0.5833333333333334,0.7727272727272727,0.9642857142857143,0.07142857142857142
1683600,0.5333333333333333,0.5833333333333334,0.7727272727272727,0.9642857142857143,0.047619047619047616
1683900,0.5333333333333333,0.6666666666666666,0.8636363636363636,0.9464285714285714,0.023809523809523808
1684200,0.4,0.5833333333333334,0.8181818181818182,0.9464285714285714,0.16666666666666666
1684500,0.4666666666666667,0.5277777777777778,0.8181818181818182,0.9464285714285714,0.19047619047619047
1684800,0.4666666666666667,0.5277777777777778,0.8181818181818182,0.9107142857142857,0.14285714285714285
1685100,0.4,0.4722222222222222,0.8181818181818182,0.8571428571428571,0.14285714285714285
1685400,0.4,0.4444444444444444,0.8181818181818182,0.8571428571428571,0.19047619047619047
1685700,0.4,0.3333333333333333,0.8181818181818182,0.75,0.21428571428571427
1686000,0.3333333333333333,0.25,0.8181818181818182,0.7321428571428571,0.14285714285714285
1686300,0.3,0.16666666666666666,0.6818181818181818,0.6785714285714286,0.09523809523809523
1686600,0.23333333333333334,0.1388888888888889,0.6363636363636364,0.625,0.11904761904761904
1686900,0.2,0.19444444444444445,0.6363636363636364,0.5892857142857143,0.09523809523809523
1687200,0.16666666666666666,0.16666666666666666,0.6363636363636364,0.5714285714285714,0.09523809523809523
1687500,0.16666666666666666,0.16666666666666666,0.7272727272727273,0.5535714285714286,0.21428571428571427
1687800,0.2,0.2222222222222222,0.6363636363636364,0.5357142857142857,0.35714285714285715
1688100,0.2,0.16666666666666666,0.5909090909090909,0.5535714285714286,0.38095238095238093
1688400,0.16666666666666666,0.19444444444444445,0.5909090909090909,0.5535714285714286,0.2619047619047619
1688700,0.2,0.2777777777777778,0.6363636363636364,0.5714285714285714,0.2619047619047619
1689000,0.23333333333333334,0.3055555555555556,0.5909090909090909,0.5714285714285714,0.23809523809523808
1689300,0.23333333333333334,0.3055555555555556,0.6363636363636364,0.5357142857142857,0.11904761904761904
1689600,0.23333333333333334,0.2777777777777778,0.6818181818181818,0.5892857142857143,0.11904761904761904
1689900,0.23333333333333334,0.2222222222222222,0.6818181818181818,0.5714285714285714,0.23809523809523808
1690200,0.26666666666666666,0.2222222222222222,0.7272727272727273,0.6071428571428571,0.16666666666666666
1690500,0.2,0.4166666666666667,0.7272727272727273,0.5892857142857143,0.14285714285714285
1690800,0.3333333333333333,0.4722222222222222,0.6818181818181818,0.6071428571428571,0.09523809523809523
1691100,0.3333333333333333,0.5,0.6818181818181818,0.6428571428571429,0.11904761904761904
1691400,0.3,0.4722222222222222,0.6363636363636364,0.6428571428571429,0.19047619047619047
1691700,0.3,0.4722222222222222,0.6363636363636364,0.6607142857142857,0.09523809523809523
1692000,0.26666666666666666,0.5555555555555556,0.6818181818181818,0.6785714285714286,0.09523809523809523
1692300,0.0,0.0,0.0,0.0,0.09523809523809523
1692600,0.23333333333333334,0.6666666666666666,0.7272727272727273,0.8392857142857143,0.11904761904761904
1692900,0.3,0.75,0.7727272727272727,0.9107142857142857,0.07142857142857142
1693200,0.23333333333333334,0.6944444444444444,0.7727272727272727,0.9107142857142857,0.07142857142857142
1693500,0.23333333333333334,0.6944444444444444,0.7727272727272727,0.9285714285714286,0.07142857142857142
1693800,0.26666666666666666,0.6944444444444444,0.7727272727272727,0.9107142857142857,0.09523809523809523
1694100,0.26666666666666666,0.6944444444444444,0.7727272727272727,0.9285714285714286,0.11904761904761904
1694400,0.26666666666666666,0.75,0.8181818181818182,0.9107142857142857,0.09523809523809523
1694700,0.26666666666666666,0.8055555555555556,0.8181818181818182,0.9285714285714286,0.11904761904761904
1695000,0.3,0.8333333333333334,0.7272727272727273,0.9107142857142857,0.07142857142857142
1695300,0.3,0.8055555555555556,0.7272727272727273,0.8928571428571429,0.023809523809523808
1695600,0.3333333333333333,0.8055555555555556,0.7272727272727273,0.8928571428571429,0.16666666666666666
1695900,0.3,0.8055555555555556,0.7272727272727273,0.8928571428571429,0.14285714285714285
1696200,0.26666666666666666,0.75,0.6363636363636364,0.8928571428571429,0.07142857142857142
1696500,0.3333333333333333,0.75,0.6818181818181818,0.875,0.047619047619047616
1696800,0.4,0.6944444444444444,0.6363636363636364,0.8392857142857143,0.16666666666666666
1697100,0.43333333333333335,0.6666666666666666,0.6818181818181818,0.8571428571428571,0.09523809523809523
1697400,0.4,0.6111111111111112,0.6818181818181818,0.8571428571428571,0.07142857142857142
1697700,0.43333333333333335,0.6111111111111112,0.6818181818181818,0.8571428571428571,0.14285714285714285
1698000,0.43333333333333335,0.5833333333333334,0.6818181818181818,0.8214285714285714,0.19047619047619047
1698300,0.5,0.5833333333333334,0.6818181818181818,0.7857142857142857,0.09523809523809523
1698600,0.4666666666666667,0.5555555555555556,0.7272727272727273,0.8214285714285714,0.09523809523809523
1698900,0.4666666666666667,0.5555555555555556,0.7727272727272727,0.8392857142857143,0.11904761904761904
1699200,0.43333333333333335,0.6388888888888888,0.8181818181818182,0.8571428571428571,0.19047619047619047
1699500,0.0,0.0,0.0,0.0,0.07142857142857142
1699800,0.5,0.75,0.8181818181818182,0.9285714285714286,0.11904761904761904
1700100,0.5333333333333333,0.75,0.7727272727272727,0.9285714285714286,0.07142857142857142
1700400,0.5,0.75,0.7272727272727273,0.9464285714285714,0.047619047619047616
1700700,0.5333333333333333,0.8611111111111112,0.7272727272727273,0.9285714285714286,0.047619047619047616
1701000,0.5666666666666667,0.8611111111111112,0.7272727272727273,0.8928571428571429,0.023809523809523808
1701300,0.6,0.8333333333333334,0.7272727272727273,0.875,0.16666666666666666
1701600,0.6,0.8055555555555556,0.6818181818181818,0.8214285714285714,0.14285714285714285
1701900,0.6666666666666666,0.7777777777777778,0.6363636363636364,0.8035714285714286,0.09523809523809523
1702200,0.6666666666666666,0.7777777777777778,0.6818181818181818,0.7857142857142857,0.07142857142857142
1702500,0.6666666666666666,0.7777777777777778,0.6818181818181818,0.8035714285714286,0.07142857142857142
1702800,0.6,0.7777777777777778,0.8636363636363636,0.8214285714285714,0.14285714285714285
1703100,0.5666666666666667,0.75,0.8636363636363636,0.8035714285714286,0.047619047619047616
1703400,0.6,0.7222222222222222,0.8181818181818182,0.8214285714285714,0.047619047619047616
1703700,0.6666666666666666,0.75,0.8181818181818182,0.8392857142857143,0.16666666666666666
1704000,0.7,0.7222222222222222,0.8181818181818182,0.8571428571428571,0.11904761904761904
1704300,0.7,0.75,0.8636363636363636,0.875,0.21428571428571427
1704600,0.7,0.8055555555555556,0.8636363636363636,0.875,0.2619047619047619
1704900,0.7333333333333333,0.8055555555555556,0.7727272727272727,0.8392857142857143,0.2619047619047619
1705200,0.7,0.8333333333333334,0.8181818181818182,0.8392857142857143,0.2619047619047619
1705500,0.6666666666666666,0.8333333333333334,0.8181818181818182,0.8214285714285714,0.09523809523809523
1705800,0.6666666666666666,0.8333333333333334,0.8181818181818182,0.8392857142857143,0.09523809523809523
1706100,0.6666666666666666,0.8333333333333334,0.8181818181818182,0.8214285714285714,0.11904761904761904
1706400,0.6333333333333333,0.8611111111111112,0.8181818181818182,0.7857142857142857,0.047619047619047616
1706700,0.0,0.0,0.8181818181818182,0.0,0.047619047619047616
1707000,0.6,0.9444444444444444,0.8181818181818182,0.8214285714285714,0.09523809523809523
1707300,0.6333333333333333,0.9444444444444444,0.7727272727272727,0.8392857142857143,0.023809523809523808
1707600,0.6333333333333333,0.9444444444444444,0.7727272727272727,0.8035714285714286,0.14285714285714285
1707900,0.6666666666666666,0.9166666666666666,0.7272727272727273,0.8214285714285714,0.19047619047619047
1708200,0.6666666666666666,0.9166666666666666,0.7272727272727273,0.8035714285714286,0.23809523809523808
1708500,0.7,0.8888888888888888,0.7727272727272727,0.7678571428571429,0.16666666666666666
1708800,0.6666666666666666,0.8888888888888888,0.7727272727272727,0.8035714285714286,0.23809523809523808
1709100,0.6333333333333333,0.8888888888888888,0.7727272727272727,0.8035714285714286,0.21428571428571427
1709400,0.6,0.9166666666666666,0.7727272727272727,0.8035714285714286,0.2619047619047619
1709700,0.6,0.9166666666666666,0.7272727272727273,0.8214285714285714,0.14285714285714285
1710000,0.5666666666666667,0.9166666666666666,0.6363636363636364,0.7678571428571429,0.16666666666666666
1710300,0.6333333333333333,0.8888888888888888,0.6818181818181818,0.625,0.11904761904761904
1710600,0.5333333333333333,0.8611111111111112,0.5909090909090909,0.5,0.09523809523809523
1710900,0.5333333333333333,0.8611111111111112,0.5909090909090909,0.5,0.14285714285714285
1711200,0.5,0.8888888888888888,0.5909090909090909,0.44642857142857145,0.19047619047619047
1711500,0.4666666666666667,0.8888888888888888,0.5909090909090909,0.42857142857142855,0.19047619047619047
1711800,0.43333333333333335,0.8611111111111112,0.5909090909090909,0.44642857142857145,0.047619047619047616
1712100,0.43333333333333335,0.8888888888888888,0.5909090909090909,0.5,0.11904761904761904
1712400,0.43333333333333335,0.8888888888888888,0.6363636363636364,0.4642857142857143,0.09523809523809523
1712700,0.5,0.8611111111111112,0.6363636363636364,0.48214285714285715,0.047619047619047616
1713000,0.5333333333333333,0.8055555555555556,0.6363636363636364,0.4107142857142857,0.14285714285714285
1713300,0.5333333333333333,0.8055555555555556,0.6363636363636364,0.3392857142857143,0.16666666666666666
1713600,0.5666666666666667,0.8055555555555556,0.5909090909090909,0.375,0.16666666666666666
1713900,0.5666666666666667,0.8333333333333334,0.5909090909090909,0.26785714285714285,0.19047619047619047
1714200,0.5666666666666667,0.8055555555555556,0.5454545454545454,0.25,0.21428571428571427
1714500,0.6333333333333333,0.8055555555555556,0.5909090909090909,0.21428571428571427,0.19047619047619047
1714800,0.6333333333333333,0.8055555555555556,0.5454545454545454,0.23214285714285715,0.16666666666666666
1715100,0.6,0.8055555555555556,0.6363636363636364,0.3392857142857143,0.16666666666666666
1715400,0.5666666666666667,0.7777777777777778,0.6363636363636364,0.3392857142857143,0.3333333333333333
1715700,0.5666666666666667,0.75,0.6818181818181818,0.30357142857142855,0.38095238095238093
1716000,0.5,0.75,0.6818181818181818,0.3392857142857143,0.3333333333333333
1716300,0.5,0.7222222222222222,0.6818181818181818,0.39285714285714285,0.4523809523809524
1716600,0.5,0.6944444444444444,0.6818181818181818,0.35714285714285715,0.47619047619047616
1716900,0.4666666666666667,0.7222222222222222,0.7272727272727273,0.2857142857142857,0.5476190476190477
1717200,0.4,0.7222222222222222,0.7272727272727273,0.39285714285714285,0.5238095238095238
1717500,0.3333333333333333,0.7222222222222222,0.6818181818181818,0.42857142857142855,0.5476190476190477
1717800,0.26666666666666666,0.7222222222222222,0.7272727272727273,0.39285714285714285,0.6904761904761905
1718100,0.2,0.7777777777777778,0.6818181818181818,0.4107142857142857,0.5952380952380952
1718400,0.16666666666666666,0.8055555555555556,0.6363636363636364,0.48214285714285715,0.5476190476190477
1718700,0.2,0.75,0.5909090909090909,0.5,0.4523809523809524
1719000,0.2,0.7777777777777778,0.5,0.4642857142857143,0.5238095238095238
1719300,0.23333333333333334,0.8333333333333334,0.5454545454545454,0.5535714285714286,0.5714285714285714
1719600,0.23333333333333334,0.8333333333333334,0.5,0.5714285714285714,0.5476190476190477
1719900,0.23333333333333334,0.8333333333333334,0.45454545454545453,0.5,0.5
1720200,0.3,0.8333333333333334,0.3181818181818182,0.44642857142857145,0.5
1720500,0.3,0.8333333333333334,0.3181818181818182,0.42857142857142855,0.5238095238095238
1720800,0.2,0.8333333333333334,0.22727272727272727,0.42857142857142855,0.5476190476190477
1721100,0.2,0.8333333333333334,0.18181818181818182,0.44642857142857145,0.5
1721400,0.26666666666666666,0.8888888888888888,0.22727272727272727,0.44642857142857145,0.47619047619047616
1721700,0.26666666666666666,0.8333333333333334,0.22727272727272727,0.42857142857142855,0.5238095238095238
1722000,0.26666666666666666,0.8611111111111112,0.36363636363636365,0.44642857142857145,0.35714285714285715
1722300,0.36666666666666664,0.8611111111111112,0.2727272727272727,0.48214285714285715,0.35714285714285715
1722600,0.3333333333333333,0.8611111111111112,0.22727272727272727,0.44642857142857145,0.35714285714285715
1722900,0.3,0.8611111111111112,0.22727272727272727,0.42857142857142855,0.40476190476190477
1723200,0.3333333333333333,0.8333333333333334,0.2727272727272727,0.35714285714285715,0.40476190476190477
1723500,0.3,0.8333333333333334,0.18181818181818182,0.2857142857142857,0.5714285714285714
1723800,0.3,0.8333333333333334,0.045454545454545456,0.26785714285714285,0.4523809523809524
1724100,0.26666666666666666,0.8333333333333334,0.13636363636363635,0.25,0.3333333333333333
1724400,0.26666666666666666,0.8611111111111112,0.18181818181818182,0.19642857142857142,0.40476190476190477
1724700,0.3333333333333333,0.8888888888888888,0.2727272727272727,0.23214285714285715,0.4523809523809524
1725000,0.36666666666666664,0.8888888888888888,0.3181818181818182,0.17857142857142858,0.5
1725300,0.43333333333333335,0.8888888888888888,0.2727272727272727,0.17857142857142858,0.6190476190476191
1725600,0.4,0.8888888888888888,0.22727272727272727,0.32142857142857145,0.5952380952380952
1725900,0.4,0.9166666666666666,0.22727272727272727,0.2857142857142857,0.5476190476190477
1726200,0.4,0.9166666666666666,0.18181818181818182,0.21428571428571427,0.5714285714285714
1726500,0.43333333333333335,0.8888888888888888,0.18181818181818182,0.21428571428571427,0.5714285714285714
1726800,0.43333333333333335,0.8611111111111112,0.13636363636363635,0.19642857142857142,0.5952380952380952
1727100,0.43333333333333335,0.8055555555555556,0.18181818181818182,0.10714285714285714,0.5952380952380952
1727400,0.4,0.8333333333333334,0.18181818181818182,0.16071428571428573,0.5476190476190477
1727700,0.36666666666666664,0.75,0.22727272727272727,0.125,0.6428571428571429
1728000,0.3333333333333333,0.6666666666666666,0.18181818181818182,0.125,0.6666666666666666
1728300,0.3333333333333333,0.5833333333333334,0.22727272727272727,0.14285714285714285,0.5714285714285714
1728600,0.3,0.5277777777777778,0.18181818181818182,0.05357142857142857,0.5476190476190477
1728900,0.23333333333333334,0.4722222222222222,0.22727272727272727,0.07142857142857142,0.42857142857142855
1729200,0.23333333333333334,0.4166666666666667,0.3181818181818182,0.08928571428571429,0.40476190476190477
1729500,0.16666666666666666,0.4444444444444444,0.3181818181818182,0.05357142857142857,0.4523809523809524
1729800,0.1,0.5277777777777778,0.36363636363636365,0.03571428571428571,0.5
1730100,0.13333333333333333,0.5,0.4090909090909091,0.10714285714285714,0.35714285714285715
1730400,0.16666666666666666,0.4444444444444444,0.36363636363636365,0.05357142857142857,0.30952380952380953
1730700,0.1,0.5,0.36363636363636365,0.08928571428571429,0.40476190476190477
1731000,0.1,0.4722222222222222,0.3181818181818182,0.125,0.42857142857142855
1731300,0.13333333333333333,0.3611111111111111,0.3181818181818182,0.05357142857142857,0.35714285714285715
1731600,0.16666666666666666,0.19444444444444445,0.3181818181818182,0.07142857142857142,0.30952380952380953
1731900,0.1,0.1111111111111111,0.2727272727272727,0.08928571428571429,0.30952380952380953
1732200,0.13333333333333333,0.1388888888888889,0.2727272727272727,0.10714285714285714,0.2857142857142857
1732500,0.16666666666666666,0.19444444444444445,0.45454545454545453,0.16071428571428573,0.16666666666666666
1732800,0.23333333333333334,0.16666666666666666,0.45454545454545453,0.14285714285714285,0.2857142857142857
1733100,0.3,0.16666666666666666,0.5454545454545454,0.17857142857142858,0.35714285714285715
1733400,0.3,0.16666666666666666,0.5,0.21428571428571427,0.35714285714285715
1733700,0.23333333333333334,0.1388888888888889,0.45454545454545453,0.17857142857142858,0.47619047619047616
1734000,0.2,0.16666666666666666,0.4090909090909091,0.16071428571428573,0.47619047619047616
1734300,0.23333333333333334,0.2222222222222222,0.4090909090909091,0.14285714285714285,0.47619047619047616
1734600,0.26666666666666666,0.2222222222222222,0.36363636363636365,0.17857142857142858,0.4523809523809524
1734900,0.26666666666666666,0.25,0.36363636363636365,0.17857142857142858,0.47619047619047616
1735200,0.26666666666666666,0.3611111111111111,0.36363636363636365,0.25,0.40476190476190477
1735500,0.26666666666666666,0.3888888888888889,0.36363636363636365,0.17857142857142858,0.42857142857142855
1735800,0.26666666666666666,0.3611111111111111,0.36363636363636365,0.14285714285714285,0.5476190476190477
1736100,0.26666666666666666,0.3333333333333333,0.36363636363636365,0.14285714285714285,0.5
1736400,0.26666666666666666,0.3055555555555556,0.36363636363636365,0.21428571428571427,0.5714285714285714
1736700,0.23333333333333334,0.3333333333333333,0.36363636363636365,0.23214285714285715,0.6666666666666666
1737000,0.23333333333333334,0.3611111111111111,0.36363636363636365,0.16071428571428573,0.7619047619047619
1737300,0.23333333333333334,0.3888888888888889,0.3181818181818182,0.19642857142857142,0.7380952380952381
1737600,0.23333333333333334,0.3888888888888889,0.36363636363636365,0.17857142857142858,0.7380952380952381
1737900,0.23333333333333334,0.3611111111111111,0.3181818181818182,0.19642857142857142,0.7619047619047619
1738200,0.23333333333333334,0.4166666666666667,0.3181818181818182,0.21428571428571427,0.8095238095238095
1738500,0.23333333333333334,0.4166666666666667,0.3181818181818182,0.23214285714285715,0.8809523809523809
1738800,0.26666666666666666,0.4722222222222222,0.3181818181818182,0.21428571428571427,0.8571428571428571
1739100,0.3,0.4166666666666667,0.2727272727272727,0.23214285714285715,0.8809523809523809
1739400,0.3333333333333333,0.3611111111111111,0.2727272727272727,0.25,0.9285714285714286
1739700,0.3333333333333333,0.3611111111111111,0.3181818181818182,0.2857142857142857,0.9761904761904762
1740000,0.3333333333333333,0.3055555555555556,0.3181818181818182,0.375,0.9761904761904762
1740300,0.3333333333333333,0.2777777777777778,0.36363636363636365,0.44642857142857145,0.9761904761904762
1740600,0.3333333333333333,0.16666666666666666,0.36363636363636365,0.5178571428571429,0.9761904761904762
1740900,0.3333333333333333,0.2222222222222222,0.4090909090909091,0.5714285714285714,0.9761904761904762
1741200,0.3333333333333333,0.16666666666666666,0.4090909090909091,0.5535714285714286,0.9761904761904762
1741500,0.3333333333333333,0.19444444444444445,0.4090909090909091,0.5178571428571429,0.9761904761904762
1741800,0.3333333333333333,0.19444444444444445,0.4090909090909091,0.5535714285714286,0.9761904761904762
1742100,0.3,0.19444444444444445,0.4090909090909091,0.5714285714285714,0.9761904761904762
1742400,0.3,0.19444444444444445,0.36363636363636365,0.5535714285714286,1.0
1742700,0.3,0.25,0.36363636363636365,0.5535714285714286,1.0
1743000,0.26666666666666666,0.3055555555555556,0.2727272727272727,0.5535714285714286,0.9761904761904762
1743300,0.26666666666666666,0.3055555555555556,0.22727272727272727,0.5357142857142857,0.9523809523809523
1743600,0.26666666666666666,0.2777777777777778,0.2727272727272727,0.5357142857142857,0.9285714285714286
1743900,0.26666666666666666,0.3333333333333333,0.13636363636363635,0.5535714285714286,0.9761904761904762
1744200,0.26666666666666666,0.3333333333333333,0.13636363636363635,0.5,0.9761904761904762
1744500,0.26666666666666666,0.3055555555555556,0.18181818181818182,0.5,1.0
1744800,0.26666666666666666,0.3888888888888889,0.09090909090909091,0.5178571428571429,1.0
1745100,0.26666666666666666,0.4444444444444444,0.09090909090909091,0.5714285714285714,1.0
1745400,0.26666666666666666,0.5277777777777778,0.09090909090909091,0.5357142857142857,0.9761904761904762
1745700,0.26666666666666666,0.5277777777777778,0.09090909090909091,0.5178571428571429,0.9523809523809523
1746000,0.26666666666666666,0.6388888888888888,0.09090909090909091,0.5535714285714286,0.9047619047619048
1746300,0.26666666666666666,0.5277777777777778,0.09090909090909091,0.5357142857142857,0.8809523809523809
1746600,0.26666666666666666,0.5555555555555556,0.09090909090909091,0.5535714285714286,0.8095238095238095
1746900,0.26666666666666666,0.5833333333333334,0.09090909090909091,0.5714285714285714,0.8095238095238095
1747200,0.26666666666666666,0.5555555555555556,0.09090909090909091,0.5714285714285714,0.7857142857142857
1747500,0.26666666666666666,0.5555555555555556,0.09090909090909091,0.5357142857142857,0.7857142857142857
1747800,0.26666666666666666,0.4444444444444444,0.09090909090909091,0.5535714285714286,0.7857142857142857
1748100,0.26666666666666666,0.4722222222222222,0.09090909090909091,0.5357142857142857,0.8095238095238095
1748400,0.26666666666666666,0.4166666666666667,0.09090909090909091,0.5357142857142857,0.8333333333333334
1748700,0.26666666666666666,0.4444444444444444,0.09090909090909091,0.5357142857142857,0.8095238095238095
1749000,0.26666666666666666,0.4444444444444444,0.09090909090909091,0.48214285714285715,0.8333333333333334
1749300,0.26666666666666666,0.3611111111111111,0.09090909090909091,0.42857142857142855,0.7857142857142857
1749600,0.23333333333333334,0.3611111111111111,0.09090909090909091,0.4642857142857143,0.8095238095238095
1749900,0.23333333333333334,0.3888888888888889,0.09090909090909091,0.44642857142857145,0.8095238095238095
1750200,0.26666666666666666,0.3611111111111111,0.13636363636363635,0.4107142857142857,0.8333333333333334
1750500,0.26666666666666666,0.2777777777777778,0.13636363636363635,0.42857142857142855,0.7857142857142857
1750800,0.26666666666666666,0.3333333333333333,0.13636363636363635,0.5,0.7380952380952381
1751100,0.26666666666666666,0.4444444444444444,0.18181818181818182,0.5,0.7380952380952381
1751400,0.26666666666666666,0.3888888888888889,0.2727272727272727,0.4107142857142857,0.7142857142857143
1751700,0.26666666666666666,0.4444444444444444,0.2727272727272727,0.3392857142857143,0.6904761904761905
1752000,0.26666666666666666,0.4166666666666667,0.3181818181818182,0.32142857142857145,0.6904761904761905
1752300,0.26666666666666666,0.3888888888888889,0.3181818181818182,0.2857142857142857,0.6428571428571429
1752600,0.26666666666666666,0.4166666666666667,0.36363636363636365,0.2857142857142857,0.5952380952380952
1752900,0.26666666666666666,0.4722222222222222,0.45454545454545453,0.32142857142857145,0.5952380952380952
1753200,0.26666666666666666,0.5,0.5454545454545454,0.30357142857142855,0.6428571428571429
1753500,0.26666666666666666,0.5,0.5909090909090909,0.2857142857142857,0.7142857142857143
1753800,0.26666666666666666,0.5,0.6363636363636364,0.26785714285714285,0.7380952380952381
1754100,0.23333333333333334,0.5555555555555556,0.5909090909090909,0.17857142857142858,0.8095238095238095
1754400,0.26666666666666666,0.5555555555555556,0.5454545454545454,0.17857142857142858,0.8333333333333334
1754700,0.3,0.5277777777777778,0.5909090909090909,0.16071428571428573,0.7857142857142857
1755000,0.3333333333333333,0.5277777777777778,0.5909090909090909,0.19642857142857142,0.8095238095238095
1755300,0.3333333333333333,0.5555555555555556,0.6818181818181818,0.14285714285714285,0.7857142857142857
1755600,0.3333333333333333,0.5555555555555556,0.6818181818181818,0.14285714285714285,0.7380952380952381
1755900,0.4,0.5833333333333334,0.6363636363636364,0.23214285714285715,0.7619047619047619
1756200,0.4,0.6944444444444444,0.6818181818181818,0.25,0.6904761904761905
1756500,0.4666666666666667,0.7222222222222222,0.6818181818181818,0.26785714285714285,0.6666666666666666
1756800,0.4666666666666667,0.75,0.7272727272727273,0.26785714285714285,0.6190476190476191
1757100,0.43333333333333335,0.75,0.7727272727272727,0.35714285714285715,0.6666666666666666
1757400,0.43333333333333335,0.8333333333333334,0.7727272727272727,0.4107142857142857,0.6666666666666666
1757700,0.43333333333333335,0.8611111111111112,0.7272727272727273,0.48214285714285715,0.6190476190476191
1758000,0.4666666666666667,0.8611111111111112,0.7272727272727273,0.5357142857142857,0.5952380952380952
1758300,0.43333333333333335,0.8888888888888888,0.6818181818181818,0.5535714285714286,0.5476190476190477
1758600,0.4666666666666667,0.8888888888888888,0.6818181818181818,0.6785714285714286,0.5952380952380952
1758900,0.4666666666666667,0.8888888888888888,0.6363636363636364,0.7142857142857143,0.6190476190476191
1759200,0.5,0.8888888888888888,0.6363636363636364,0.7142857142857143,0.6190476190476191
1759500,0.5333333333333333,0.8055555555555556,0.6363636363636364,0.7857142857142857,0.6428571428571429
1759800,0.5666666666666667,0.7777777777777778,0.6363636363636364,0.7857142857142857,0.6666666666666666
1760100,0.5666666666666667,0.7777777777777778,0.6363636363636364,0.7857142857142857,0.7142857142857143
1760400,0.5666666666666667,0.8055555555555556,0.6363636363636364,0.7857142857142857,0.6666666666666666
1760700,0.5666666666666667,0.8055555555555556,0.6363636363636364,0.8035714285714286,0.7380952380952381
1761000,0.6333333333333333,0.8055555555555556,0.5909090909090909,0.7857142857142857,0.6190476190476191
1761300,0.6333333333333333,0.8333333333333334,0.5454545454545454,0.75,0.5952380952380952
1761600,0.6333333333333333,0.8333333333333334,0.5909090909090909,0.75,0.6666666666666666
1761900,0.5666666666666667,0.8333333333333334,0.6363636363636364,0.8035714285714286,0.6428571428571429
1762200,0.5666666666666667,0.8055555555555556,0.6363636363636364,0.7857142857142857,0.5476190476190477
1762500,0.5666666666666667,0.8333333333333334,0.6363636363636364,0.8214285714285714,0.5476190476190477
1762800,0.5333333333333333,0.8333333333333334,0.7272727272727273,0.8035714285714286,0.6190476190476191
1763100,0.5333333333333333,0.7777777777777778,0.7272727272727273,0.8392857142857143,0.5476190476190477
1763400,0.5666666666666667,0.7777777777777778,0.7272727272727273,0.8214285714285714,0.47619047619047616
1763700,0.5666666666666667,0.8055555555555556,0.7272727272727273,0.8571428571428571,0.42857142857142855
1764000,0.5666666666666667,0.8055555555555556,0.7272727272727273,0.875,0.3333333333333333
1764300,0.6,0.8055555555555556,0.7272727272727273,0.8928571428571429,0.2857142857142857
1764600,0.6,0.8055555555555556,0.7272727272727273,0.9285714285714286,0.11904761904761904
1764900,0.6,0.8055555555555556,0.7272727272727273,0.9285714285714286,0.14285714285714285
1765200,0.6333333333333333,0.8055555555555556,0.7272727272727273,0.9285714285714286,0.07142857142857142
1765500,0.5333333333333333,0.8055555555555556,0.6818181818181818,0.9642857142857143,0.09523809523809523
1765800,0.5,0.8611111111111112,0.7272727272727273,0.9464285714285714,0.11904761904761904
1766100,0.5,0.8611111111111112,0.6818181818181818,0.9642857142857143,0.09523809523809523
1766400,0.4666666666666667,0.8888888888888888,0.6818181818181818,0.9642857142857143,0.09523809523809523
1766700,0.5333333333333333,0.8888888888888888,0.6818181818181818,0.9285714285714286,0.16666666666666666
1767000,0.5333333333333333,0.8611111111111112,0.6363636363636364,0.9464285714285714,0.11904761904761904
1767300,0.5,0.8611111111111112,0.6363636363636364,0.9464285714285714,0.11904761904761904
1767600,0.5,0.8611111111111112,0.6818181818181818,0.9464285714285714,0.14285714285714285
1767900,0.4666666666666667,0.8611111111111112,0.6818181818181818,0.9285714285714286,0.14285714285714285
1768200,0.5,0.8333333333333334,0.7727272727272727,0.8928571428571429,0.14285714285714285
1768500,0.43333333333333335,0.8055555555555556,0.7727272727272727,0.8928571428571429,0.07142857142857142
1768800,0.5,0.8055555555555556,0.7727272727272727,0.8928571428571429,0.07142857142857142
1769100,0.4666666666666667,0.8055555555555556,0.7272727272727273,0.875,0.09523809523809523
1769400,0.43333333333333335,0.8055555555555556,0.7272727272727273,0.8928571428571429,0.11904761904761904
1769700,0.4666666666666667,0.7222222222222222,0.7272727272727273,0.8928571428571429,0.11904761904761904
1770000,0.5,0.6944444444444444,0.6818181818181818,0.8928571428571429,0.11904761904761904
1770300,0.4666666666666667,0.6944444444444444,0.6818181818181818,0.875,0.09523809523809523
1770600,0.4666666666666667,0.6944444444444444,0.6818181818181818,0.8214285714285714,0.11904761904761904
1770900,0.4666666666666667,0.6666666666666666,0.7272727272727273,0.8214285714285714,0.07142857142857142
1771200,0.43333333333333335,0.7222222222222222,0.7272727272727273,0.8035714285714286,0.07142857142857142
1771500,0.0,0.0,0.0,0.0,0.19047619047619047
1771800,0.4666666666666667,0.5277777777777778,0.6363636363636364,0.6785714285714286,0.19047619047619047
1772100,0.4666666666666667,0.5277777777777778,0.6363636363636364,0.6785714285714286,0.19047619047619047
1772400,0.5,0.5,0.6363636363636364,0.6607142857142857,0.2619047619047619
1772700,0.4666666666666667,0.4722222222222222,0.5909090909090909,0.6785714285714286,0.23809523809523808
1773000,0.43333333333333335,0.4444444444444444,0.5909090909090909,0.6964285714285714,0.23809523809523808
1773300,0.4,0.3611111111111111,0.5454545454545454,0.6607142857142857,0.16666666666666666
1773600,0.4,0.3611111111111111,0.5454545454545454,0.625,0.11904761904761904
1773900,0.4,0.3611111111111111,0.5,0.5714285714285714,0.11904761904761904
1774200,0.3333333333333333,0.3055555555555556,0.5,0.5357142857142857,0.07142857142857142
1774500,0.3,0.25,0.5454545454545454,0.5892857142857143,0.14285714285714285
1774800,0.26666666666666666,0.2222222222222222,0.5454545454545454,0.5178571428571429,0.21428571428571427
1775100,0.26666666666666666,0.25,0.5454545454545454,0.5178571428571429,0.19047619047619047
1775400,0.26666666666666666,0.19444444444444445,0.5454545454545454,0.5,0.09523809523809523
1775700,0.3,0.2222222222222222,0.5,0.4642857142857143,0.047619047619047616
1776000,0.3,0.2222222222222222,0.5,0.4107142857142857,0.047619047619047616
1776300,0.26666666666666666,0.25,0.5454545454545454,0.39285714285714285,0.16666666666666666
1776600,0.26666666666666666,0.3055555555555556,0.5909090909090909,0.35714285714285715,0.16666666666666666
1776900,0.26666666666666666,0.3333333333333333,0.5,0.39285714285714285,0.07142857142857142
1777200,0.3,0.3888888888888889,0.5909090909090909,0.5178571428571429,0.11904761904761904
1777500,0.26666666666666666,0.4444444444444444,0.5909090909090909,0.5892857142857143,0.07142857142857142
1777800,0.23333333333333334,0.5277777777777778,0.5909090909090909,0.5892857142857143,0.19047619047619047
1778100,0.16666666666666666,0.4722222222222222,0.6818181818181818,0.6607142857142857,0.14285714285714285
1778400,0.2,0.5277777777777778,0.6818181818181818,0.6785714285714286,0.11904761904761904
1778700,0.0,0.0,0.0,0.0,0.07142857142857142
1779000,0.3333333333333333,0.5833333333333334,0.6363636363636364,0.75,0.16666666666666666
1779300,0.36666666666666664,0.6666666666666666,0.5454545454545454,0.75,0.09523809523809523
1779600,0.4,0.6944444444444444,0.5454545454545454,0.7857142857142857,0.11904761904761904
1779900,0.4666666666666667,0.75,0.6363636363636364,0.8214285714285714,0.047619047619047616
1780200,0.4,0.7777777777777778,0.6363636363636364,0.8392857142857143,0.047619047619047616
1780500,0.4666666666666667,0.75,0.6818181818181818,0.8571428571428571,0.11904761904761904
1780800,0.43333333333333335,0.75,0.6818181818181818,0.8571428571428571,0.11904761904761904
1781100,0.4666666666666667,0.75,0.6818181818181818,0.875,0.023809523809523808
1781400,0.43333333333333335,0.75,0.5909090909090909,0.875,0.16666666666666666
1781700,0.4666666666666667,0.75,0.5909090909090909,0.9107142857142857,0.09523809523809523
1782000,0.4666666666666667,0.75,0.6363636363636364,0.9464285714285714,0.11904761904761904
1782300,0.5,0.6666666666666666,0.6363636363636364,0.875,0.2619047619047619
1782600,0.5333333333333333,0.6944444444444444,0.6363636363636364,0.9642857142857143,0.07142857142857142
1782900,0.4666666666666667,0.7222222222222222,0.6363636363636364,0.9107142857142857,0.11904761904761904
1783200,0.5333333333333333,0.7222222222222222,0.6363636363636364,0.9107142857142857,0.07142857142857142
1783500,0.5,0.7222222222222222,0.5454545454545454,0.9107142857142857,0.16666666666666666
1783800,0.5333333333333333,0.7222222222222222,0.5,0.9107142857142857,0.14285714285714285
1784100,0.5666666666666667,0.7222222222222222,0.5454545454545454,0.9107142857142857,0.11904761904761904
1784400,0.5666666666666667,0.6111111111111112,0.5909090909090909,0.9107142857142857,0.09523809523809523
1784700,0.5666666666666667,0.5277777777777778,0.6363636363636364,0.9107142857142857,0.11904761904761904
1785000,0.5666666666666667,0.5,0.6818181818181818,0.9107142857142857,0.09523809523809523
1785300,0.5333333333333333,0.5,0.6818181818181818,0.9285714285714286,0.07142857142857142
1785600,0.5,0.5555555555555556,0.6818181818181818,0.9464285714285714,0.07142857142857142
1785900,0.0,0.0,0.0,0.0,0.16666666666666666
1786200,0.4666666666666667,0.5277777777777778,0.7272727272727273,0.9285714285714286,0.09523809523809523
1786500,0.4666666666666667,0.5555555555555556,0.7727272727272727,0.9285714285714286,0.07142857142857142
1786800,0.43333333333333335,0.5833333333333334,0.7272727272727273,0.8928571428571429,0.16666666666666666
1787100,0.43333333333333335,0.6388888888888888,0.7272727272727273,0.8392857142857143,0.09523809523809523
1787400,0.43333333333333335,0.6944444444444444,0.7727272727272727,0.8392857142857143,0.11904761904761904
1787700,0.43333333333333335,0.7777777777777778,0.7727272727272727,0.8214285714285714,0.19047619047619047
1788000,0.43333333333333335,0.7777777777777778,0.7272727272727273,0.75,0.07142857142857142
1788300,0.4,0.8055555555555556,0.7272727272727273,0.7678571428571429,0.11904761904761904
1788600,0.4,0.7777777777777778,0.7272727272727273,0.7321428571428571,0.09523809523809523
1788900,0.5,0.7222222222222222,0.7272727272727273,0.75,0.19047619047619047
1789200,0.4666666666666667,0.7777777777777778,0.7272727272727273,0.7142857142857143,0.2619047619047619
1789500,0.5333333333333333,0.7222222222222222,0.6818181818181818,0.7142857142857143,0.16666666666666666
1789800,0.6333333333333333,0.7222222222222222,0.6818181818181818,0.7321428571428571,0.14285714285714285
1790100,0.6666666666666666,0.75,0.6818181818181818,0.75,0.2857142857142857
1790400,0.7,0.7777777777777778,0.7272727272727273,0.7857142857142857,0.23809523809523808
1790700,0.7333333333333333,0.8055555555555556,0.7727272727272727,0.7142857142857143,0.09523809523809523
1791000,0.7333333333333333,0.7777777777777778,0.7727272727272727,0.6785714285714286,0.047619047619047616
1791300,0.8,0.8055555555555556,0.7727272727272727,0.625,0.07142857142857142
1791600,0.7666666666666667,0.8055555555555556,0.7727272727272727,0.6964285714285714,0.16666666666666666
1791900,0.7333333333333333,0.7777777777777778,0.7727272727272727,0.6785714285714286,0.16666666666666666
1792200,0.7666666666666667,0.8055555555555556,0.7727272727272727,0.6607142857142857,0.047619047619047616
1792500,0.7,0.8055555555555556,0.8636363636363636,0.6428571428571429,0.07142857142857142
1792800,0.6666666666666666,0.7777777777777778,0.8181818181818182,0.6071428571428571,0.09523809523809523
1793100,0.6666666666666666,0.75,0.8181818181818182,0.625,0.047619047619047616
1793400,0.7,0.8055555555555556,0.7727272727272727,0.6785714285714286,0.023809523809523808
1793700,0.7,0.8055555555555556,0.8181818181818182,0.7142857142857143,0.07142857142857142
1794000,0.7,0.8055555555555556,0.8181818181818182,0.7321428571428571,0.21428571428571427
1794300,0.7333333333333333,0.8333333333333334,0.8181818181818182,0.7321428571428571,0.2619047619047619
1794600,0.7,0.8333333333333334,0.7727272727272727,0.7142857142857143,0.2857142857142857
1794900,0.7,0.8611111111111112,0.8181818181818182,0.6785714285714286,0.2857142857142857
1795200,0.7,0.8888888888888888,0.7727272727272727,0.6964285714285714,0.23809523809523808
1795500,0.6666666666666666,0.8611111111111112,0.7727272727272727,0.7142857142857143,0.2857142857142857
1795800,0.6666666666666666,0.8333333333333334,0.7727272727272727,0.6607142857142857,0.19047619047619047
1796100,0.7333333333333333,0.7777777777777778,0.7727272727272727,0.6607142857142857,0.23809523809523808
1796400,0.7,0.7777777777777778,0.7727272727272727,0.625,0.16666666666666666
1796700,0.6333333333333333,0.75,0.7727272727272727,0.5714285714285714,0.19047619047619047
1797000,0.5333333333333333,0.7777777777777778,0.6818181818181818,0.48214285714285715,0.2619047619047619
1797300,0.6,0.75,0.6363636363636364,0.44642857142857145,0.23809523809523808
1797600,0.5333333333333333,0.75,0.6363636363636364,0.44642857142857145,0.30952380952380953
1797900,0.5333333333333333,0.7222222222222222,0.6363636363636364,0.48214285714285715,0.16666666666666666
1798200,0.5,0.7222222222222222,0.5909090909090909,0.4107142857142857,0.11904761904761904
1798500,0.5333333333333333,0.7222222222222222,0.5909090909090909,0.44642857142857145,0.07142857142857142
1798800,0.5666666666666667,0.7222222222222222,0.6363636363636364,0.42857142857142855,0.21428571428571427
1799100,0.6,0.7777777777777778,0.6363636363636364,0.48214285714285715,0.23809523809523808
1799400,0.6,0.7777777777777778,0.6818181818181818,0.4642857142857143,0.09523809523809523
1799700,0.6,0.7777777777777778,0.7727272727272727,0.5714285714285714,0.023809523809523808
1800000,0.5333333333333333,0.7777777777777778,0.8181818181818182,0.6071428571428571,0.16666666666666666
1800300,0.5333333333333333,0.7777777777777778,0.7727272727272727,0.6071428571428571,0.11904761904761904
1800600,0.5,0.7777777777777778,0.7272727272727273,0.5714285714285714,0.14285714285714285
1800900,0.4666666666666667,0.8055555555555556,0.7272727272727273,0.5892857142857143,0.21428571428571427
1801200,0.4666666666666667,0.8611111111111112,0.7272727272727273,0.5535714285714286,0.16666666666666666
1801500,0.4666666666666667,0.8055555555555556,0.6363636363636364,0.5178571428571429,0.23809523809523808
1801800,0.4666666666666667,0.8055555555555556,0.6363636363636364,0.44642857142857145,0.19047619047619047
1802100,0.4666666666666667,0.8333333333333334,0.6363636363636364,0.39285714285714285,0.16666666666666666
1802400,0.4666666666666667,0.8333333333333334,0.6363636363636364,0.30357142857142855,0.21428571428571427
1802700,0.5,0.8055555555555556,0.5454545454545454,0.30357142857142855,0.16666666666666666
1803000,0.5,0.8333333333333334,0.5,0.3392857142857143,0.21428571428571427
1803300,0.5,0.8055555555555556,0.45454545454545453,0.3392857142857143,0.2619047619047619
1803600,0.4666666666666667,0.8055555555555556,0.5,0.35714285714285715,0.2619047619047619
1803900,0.43333333333333335,0.8055555555555556,0.5454545454545454,0.39285714285714285,0.2619047619047619
1804200,0.5333333333333333,0.8333333333333334,0.3181818181818182,0.375,0.42857142857142855
1804500,0.5333333333333333,0.8333333333333334,0.3181818181818182,0.44642857142857145,0.42857142857142855
1804800,0.36666666666666664,0.8333333333333334,0.22727272727272727,0.42857142857142855,0.5
1805100,0.43333333333333335,0.8333333333333334,0.13636363636363635,0.3392857142857143,0.5714285714285714
1805400,0.43333333333333335,0.8333333333333334,0.09090909090909091,0.30357142857142855,0.5
1805700,0.43333333333333335,0.8611111111111112,0.09090909090909091,0.35714285714285715,0.38095238095238093
1806000,0.36666666666666664,0.8611111111111112,0.09090909090909091,0.39285714285714285,0.40476190476190477
1806300,0.36666666666666664,0.8888888888888888,0.09090909090909091,0.3392857142857143,0.3333333333333333
1806600,0.36666666666666664,0.8888888888888888,0.09090909090909091,0.42857142857142855,0.35714285714285715
1806900,0.3333333333333333,0.9166666666666666,0.09090909090909091,0.42857142857142855,0.2619047619047619
1807200,0.3333333333333333,0.9166666666666666,0.045454545454545456,0.39285714285714285,0.2857142857142857
1807500,0.36666666666666664,0.9444444444444444,0.045454545454545456,0.375,0.2857142857142857
1807800,0.4,0.9444444444444444,0.0,0.32142857142857145,0.2857142857142857
1808100,0.43333333333333335,0.9444444444444444,0.045454545454545456,0.39285714285714285,0.21428571428571427
1808400,0.43333333333333335,0.9166666666666666,0.18181818181818182,0.3392857142857143,0.19047619047619047
1808700,0.43333333333333335,0.9166666666666666,0.2727272727272727,0.35714285714285715,0.14285714285714285
1809000,0.43333333333333335,0.9166666666666666,0.22727272727272727,0.375,0.35714285714285715
1809300,0.43333333333333335,0.8888888888888888,0.22727272727272727,0.3392857142857143,0.30952380952380953
1809600,0.5333333333333333,0.8333333333333334,0.18181818181818182,0.32142857142857145,0.42857142857142855
1809900,0.5333333333333333,0.8055555555555556,0.18181818181818182,0.26785714285714285,0.5
1810200,0.5,0.8055555555555556,0.18181818181818182,0.25,0.5238095238095238
1810500,0.4666666666666667,0.7777777777777778,0.3181818181818182,0.25,0.4523809523809524
1810800,0.5,0.7777777777777778,0.4090909090909091,0.23214285714285715,0.5
1811100,0.4666666666666667,0.7222222222222222,0.36363636363636365,0.25,0.5952380952380952
1811400,0.5333333333333333,0.7222222222222222,0.3181818181818182,0.25,0.6428571428571429
1811700,0.5333333333333333,0.75,0.2727272727272727,0.26785714285714285,0.5476190476190477
1812000,0.5333333333333333,0.75,0.2727272727272727,0.26785714285714285,0.5476190476190477
1812300,0.5333333333333333,0.6666666666666666,0.3181818181818182,0.2857142857142857,0.4523809523809524
1812600,0.5333333333333333,0.6111111111111112,0.3181818181818182,0.21428571428571427,0.40476190476190477
1812900,0.5333333333333333,0.6666666666666666,0.36363636363636365,0.19642857142857142,0.38095238095238093
1813200,0.5,0.6111111111111112,0.36363636363636365,0.17857142857142858,0.38095238095238093
1813500,0.5,0.6111111111111112,0.36363636363636365,0.17857142857142858,0.38095238095238093
1813800,0.5,0.6111111111111112,0.36363636363636365,0.17857142857142858,0.38095238095238093
1814100,0.5,0.6111111111111112,0.36363636363636365,0.17857142857142858,0.38095238095238093
1814400,0.5,0.6111111111111112,0.36363636363636365,0.17857142857142858,0.38095238095238093
1814700,0.5,0.6111111111111112,0.36363636363636365,0.17857142857142858,0.38095238095238093
1815000,0.5,0.6111111111111112,0.36363636363636365,0.17857142857142858,0.38095238095238093
1815300,0.5,0.6111111111111112,0.36363636363636365,0.17857142857142858,0.38095238095238093
1815600,0.5,0.6111111111111112,0.36363636363636365,0.17857142857142858,0.38095238095238093
1815900,0.5,0.6111111111111112,0.36363636363636365,0.17857142857142858,0.38095238095238093
1816200,0.5,0.6111111111111112,0.36363636363636365,0.17857142857142858,0.38095238095238093
1816500,0.3,0.3611111111111111,0.22727272727272727,0.07142857142857142,0.2619047619047619
1816800,0.23333333333333334,0.3055555555555556,0.13636363636363635,0.03571428571428571,0.21428571428571427
1817100,0.26666666666666666,0.25,0.13636363636363635,0.07142857142857142,0.21428571428571427
1817400,0.23333333333333334,0.3333333333333333,0.09090909090909091,0.03571428571428571,0.19047619047619047
1817700,0.26666666666666666,0.3333333333333333,0.18181818181818182,0.125,0.14285714285714285
1818000,0.3,0.3055555555555556,0.18181818181818182,0.05357142857142857,0.11904761904761904
1818300,0.26666666666666666,0.2222222222222222,0.13636363636363635,0.125,0.2619047619047619
1818600,0.26666666666666666,0.2222222222222222,0.3181818181818182,0.08928571428571429,0.35714285714285715
1818900,0.26666666666666666,0.2222222222222222,0.3181818181818182,0.08928571428571429,0.35714285714285715
1819200,0.26666666666666666,0.2222222222222222,0.3181818181818182,0.08928571428571429,0.35714285714285715
1819500,0.26666666666666666,0.2222222222222222,0.3181818181818182,0.16071428571428573,0.42857142857142855
1819800,0.13333333333333333,0.2222222222222222,0.45454545454545453,0.125,0.5476190476190477
1820100,0.16666666666666666,0.2222222222222222,0.45454545454545453,0.10714285714285714,0.5476190476190477
1820400,0.16666666666666666,0.2777777777777778,0.5,0.16071428571428573,0.5238095238095238
1820700,0.2,0.16666666666666666,0.5454545454545454,0.19642857142857142,0.5952380952380952
1821000,0.2,0.16666666666666666,0.5454545454545454,0.19642857142857142,0.6666666666666666
1821300,0.2,0.19444444444444445,0.6363636363636364,0.14285714285714285,0.7142857142857143
1821600,0.2,0.1388888888888889,0.6363636363636364,0.16071428571428573,0.7619047619047619
1821900,0.2,0.25,0.5454545454545454,0.25,0.6904761904761905
1822200,0.2,0.2777777777777778,0.5909090909090909,0.2857142857142857,0.6904761904761905
1822500,0.2,0.2777777777777778,0.5454545454545454,0.2857142857142857,0.6666666666666666
1822800,0.23333333333333334,0.2777777777777778,0.6818181818181818,0.2857142857142857,0.6666666666666666
1823100,0.23333333333333334,0.4166666666666667,0.7727272727272727,0.2857142857142857,0.6428571428571429
1823400,0.23333333333333334,0.3888888888888889,0.7727272727272727,0.2857142857142857,0.6428571428571429
1823700,0.23333333333333334,0.3611111111111111,0.7727272727272727,0.26785714285714285,0.5952380952380952
1824000,0.2,0.3333333333333333,0.7727272727272727,0.30357142857142855,0.6428571428571429
1824300,0.2,0.3333333333333333,0.7272727272727273,0.26785714285714285,0.7380952380952381
1824600,0.23333333333333334,0.3333333333333333,0.7272727272727273,0.2857142857142857,0.7380952380952381
1824900,0.26666666666666666,0.25,0.6363636363636364,0.25,0.7380952380952381
1825200,0.26666666666666666,0.25,0.6363636363636364,0.25,0.7619047619047619
1825500,0.26666666666666666,0.2222222222222222,0.6363636363636364,0.2857142857142857,0.7857142857142857
1825800,0.26666666666666666,0.2222222222222222,0.5909090909090909,0.3392857142857143,0.7857142857142857
1826100,0.26666666666666666,0.16666666666666666,0.5909090909090909,0.35714285714285715,0.7857142857142857
1826400,0.26666666666666666,0.1388888888888889,0.5454545454545454,0.375,0.8095238095238095
1826700,0.26666666666666666,0.1388888888888889,0.5454545454545454,0.35714285714285715,0.8333333333333334
1827000,0.26666666666666666,0.16666666666666666,0.5,0.3392857142857143,0.8571428571428571
1827300,0.26666666666666666,0.19444444444444445,0.5,0.375,0.8571428571428571
1827600,0.26666666666666666,0.16666666666666666,0.5,0.375,0.8571428571428571
1827900,0.26666666666666666,0.16666666666666666,0.5,0.42857142857142855,0.8571428571428571
1828200,0.26666666666666666,0.1388888888888889,0.5,0.4642857142857143,0.8571428571428571
1828500,0.26666666666666666,0.1111111111111111,0.45454545454545453,0.44642857142857145,0.8095238095238095
1828800,0.26666666666666666,0.1388888888888889,0.4090909090909091,0.44642857142857145,0.8095238095238095
1829100,0.26666666666666666,0.1388888888888889,0.45454545454545453,0.4642857142857143,0.8095238095238095
1829400,0.26666666666666666,0.16666666666666666,0.45454545454545453,0.5,0.8095238095238095
1829700,0.26666666666666666,0.2222222222222222,0.4090909090909091,0.5,0.7619047619047619
1830000,0.26666666666666666,0.2222222222222222,0.4090909090909091,0.5535714285714286,0.7619047619047619
1830300,0.26666666666666666,0.3055555555555556,0.4090909090909091,0.5357142857142857,0.6904761904761905
1830600,0.26666666666666666,0.3055555555555556,0.45454545454545453,0.5357142857142857,0.6428571428571429
1830900,0.26666666666666666,0.3333333333333333,0.4090909090909091,0.6071428571428571,0.6904761904761905
1831200,0.26666666666666666,0.3333333333333333,0.4090909090909091,0.5714285714285714,0.6666666666666666
1831500,0.26666666666666666,0.3888888888888889,0.4090909090909091,0.5714285714285714,0.6666666666666666
1831800,0.26666666666666666,0.3611111111111111,0.36363636363636365,0.5178571428571429,0.6428571428571429
1832100,0.26666666666666666,0.3611111111111111,0.36363636363636365,0.5535714285714286,0.6190476190476191
1832400,0.26666666666666666,0.3611111111111111,0.36363636363636365,0.5357142857142857,0.5238095238095238
1832700,0.26666666666666666,0.4166666666666667,0.36363636363636365,0.5714285714285714,0.5
1833000,0.23333333333333334,0.4166666666666667,0.36363636363636365,0.5357142857142857,0.4523809523809524
1833300,0.23333333333333334,0.4722222222222222,0.36363636363636365,0.48214285714285715,0.5238095238095238
1833600,0.2,0.5,0.36363636363636365,0.5,0.5952380952380952
1833900,0.2,0.4444444444444444,0.4090909090909091,0.5,0.5952380952380952
1834200,0.2,0.3333333333333333,0.4090909090909091,0.44642857142857145,0.5714285714285714
1834500,0.23333333333333334,0.3333333333333333,0.45454545454545453,0.42857142857142855,0.5476190476190477
1834800,0.23333333333333334,0.3611111111111111,0.45454545454545453,0.44642857142857145,0.6190476190476191
1835100,0.23333333333333334,0.3888888888888889,0.45454545454545453,0.42857142857142855,0.5714285714285714
1835400,0.23333333333333334,0.4166666666666667,0.45454545454545453,0.44642857142857145,0.5952380952380952
1835700,0.23333333333333334,0.3888888888888889,0.45454545454545453,0.4107142857142857,0.6428571428571429
1836000,0.23333333333333334,0.4166666666666667,0.45454545454545453,0.3392857142857143,0.6190476190476191
1836300,0.0,0.0,0.0,0.0,0.5952380952380952
1836600,0.23333333333333334,0.3611111111111111,0.45454545454545453,0.39285714285714285,0.6428571428571429
1836900,0.23333333333333334,0.3333333333333333,0.45454545454545453,0.3392857142857143,0.5238095238095238
1837200,0.3,0.3333333333333333,0.45454545454545453,0.44642857142857145,0.6190476190476191
1837500,0.26666666666666666,0.3055555555555556,0.45454545454545453,0.4642857142857143,0.5952380952380952
1837800,0.26666666666666666,0.3333333333333333,0.45454545454545453,0.4107142857142857,0.6190476190476191
1838100,0.26666666666666666,0.3055555555555556,0.45454545454545453,0.4107142857142857,0.6904761904761905
1838400,0.26666666666666666,0.3611111111111111,0.45454545454545453,0.3392857142857143,0.7142857142857143
1838700,0.26666666666666666,0.4166666666666667,0.5,0.2857142857142857,0.7142857142857143
1839000,0.26666666666666666,0.4166666666666667,0.5,0.2857142857142857,0.7142857142857143
1839300,0.3,0.4166666666666667,0.5,0.25,0.7142857142857143
1839600,0.23333333333333334,0.3888888888888889,0.5454545454545454,0.25,0.6190476190476191
1839900,0.23333333333333334,0.3333333333333333,0.5454545454545454,0.25,0.5952380952380952
1840200,0.3,0.3611111111111111,0.5909090909090909,0.21428571428571427,0.6428571428571429
1840500,0.3,0.3333333333333333,0.6363636363636364,0.23214285714285715,0.6190476190476191
1840800,0.3333333333333333,0.3888888888888889,0.6363636363636364,0.16071428571428573,0.6666666666666666
1841100,0.36666666666666664,0.4444444444444444,0.6363636363636364,0.14285714285714285,0.5952380952380952
1841400,0.4,0.5,0.5909090909090909,0.125,0.6904761904761905
1841700,0.43333333333333335,0.5277777777777778,0.5909090909090909,0.19642857142857142,0.6428571428571429
1842000,0.4666666666666667,0.5833333333333334,0.5909090909090909,0.19642857142857142,0.5952380952380952
1842300,0.4666666666666667,0.6666666666666666,0.6363636363636364,0.23214285714285715,0.6190476190476191
1842600,0.4666666666666667,0.6944444444444444,0.6363636363636364,0.23214285714285715,0.6428571428571429
1842900,0.4666666666666667,0.7222222222222222,0.6363636363636364,0.25,0.6428571428571429
1843200,0.5,0.75,0.6363636363636364,0.21428571428571427,0.5238095238095238
1843500,0.0,0.0,0.0,0.0,0.5476190476190477
1843800,0.5333333333333333,0.8611111111111112,0.5909090909090909,0.3392857142857143,0.47619047619047616
1844100,0.6,0.8888888888888888,0.5909090909090909,0.39285714285714285,0.40476190476190477
1844400,0.6,0.9166666666666666,0.5909090909090909,0.4642857142857143,0.4523809523809524
1844700,0.5333333333333333,0.8888888888888888,0.5909090909090909,0.6428571428571429,0.42857142857142855
1845000,0.6,0.8611111111111112,0.5909090909090909,0.6607142857142857,0.47619047619047616
1845300,0.6333333333333333,0.8611111111111112,0.5909090909090909,0.6607142857142857,0.5
1845600,0.6333333333333333,0.8611111111111112,0.5909090909090909,0.7678571428571429,0.42857142857142855
1845900,0.6333333333333333,0.8611111111111112,0.5909090909090909,0.8392857142857143,0.38095238095238093
1846200,0.6666666666666666,0.8611111111111112,0.5909090909090909,0.8214285714285714,0.4523809523809524
1846500,0.6666666666666666,0.8333333333333334,0.5909090909090909,0.8392857142857143,0.40476190476190477
1846800,0.7,0.8055555555555556,0.6363636363636364,0.8214285714285714,0.35714285714285715
1847100,0.7,0.8055555555555556,0.6363636363636364,0.7857142857142857,0.35714285714285715
1847400,0.7,0.8333333333333334,0.5909090909090909,0.7857142857142857,0.35714285714285715
1847700,0.6666666666666666,0.8333333333333334,0.5909090909090909,0.7321428571428571,0.30952380952380953
1848000,0.7,0.9166666666666666,0.5909090909090909,0.7321428571428571,0.35714285714285715
1848300,0.6666666666666666,0.9166666666666666,0.5909090909090909,0.6964285714285714,0.2619047619047619
1848600,0.6666666666666666,0.9166666666666666,0.5454545454545454,0.7142857142857143,0.21428571428571427
1848900,0.7,0.8888888888888888,0.5454545454545454,0.6785714285714286,0.2619047619047619
1849200,0.7,0.8888888888888888,0.5454545454545454,0.6964285714285714,0.11904761904761904
1849500,0.7,0.8888888888888888,0.5454545454545454,0.7321428571428571,0.14285714285714285
1849800,0.7333333333333333,0.8888888888888888,0.5454545454545454,0.6785714285714286,0.07142857142857142
1850100,0.7,0.8888888888888888,0.5,0.75,0.14285714285714285
1850400,0.6666666666666666,0.8888888888888888,0.5,0.7678571428571429,0.11904761904761904
1850700,0.6666666666666666,0.9166666666666666,0.5,0.75,0.14285714285714285
1851000,0.5,0.9166666666666666,0.5,0.8392857142857143,0.11904761904761904
1851300,0.5666666666666667,0.9166666666666666,0.5454545454545454,0.8392857142857143,0.047619047619047616
1851600,0.5333333333333333,0.9166666666666666,0.5,0.8928571428571429,0.07142857142857142
1851900,0.5333333333333333,0.8888888888888888,0.5454545454545454,0.875,0.09523809523809523
1852200,0.5333333333333333,0.8888888888888888,0.5454545454545454,0.875,0.047619047619047616
1852500,0.5,0.8888888888888888,0.5,0.875,0.11904761904761904
1852800,0.5,0.8888888888888888,0.5,0.8928571428571429,0.19047619047619047
1853100,0.4666666666666667,0.8888888888888888,0.5,0.9285714285714286,0.16666666666666666
1853400,0.4666666666666667,0.8611111111111112,0.5,0.9642857142857143,0.14285714285714285
1853700,0.43333333333333335,0.8611111111111112,0.5909090909090909,0.9821428571428571,0.19047619047619047
1854000,0.43333333333333335,0.8611111111111112,0.5454545454545454,0.9821428571428571,0.07142857142857142
1854300,0.43333333333333335,0.8055555555555556,0.5454545454545454,0.9821428571428571,0.07142857142857142
1854600,0.5,0.8055555555555556,0.5454545454545454,0.9821428571428571,0.07142857142857142
1854900,0.4666666666666667,0.6666666666666666,0.5909090909090909,0.9821428571428571,0.047619047619047616
1855200,0.43333333333333335,0.6111111111111112,0.5909090909090909,0.9821428571428571,0.11904761904761904
1855500,0.4666666666666667,0.5555555555555556,0.5909090909090909,0.9642857142857143,0.09523809523809523
1855800,0.5333333333333333,0.5555555555555556,0.5909090909090909,0.9464285714285714,0.047619047619047616
1856100,0.5333333333333333,0.6111111111111112,0.5454545454545454,0.9464285714285714,0.047619047619047616
1856400,0.5,0.6111111111111112,0.5,0.9464285714285714,0.023809523809523808
1856700,0.5,0.5833333333333334,0.5,0.9107142857142857,0.047619047619047616
1857000,0.5,0.5833333333333334,0.5,0.8928571428571429,0.14285714285714285
1857300,0.4666666666666667,0.6388888888888888,0.5454545454545454,0.8928571428571429,0.2619047619047619
1857600,0.5,0.6666666666666666,0.5,0.8214285714285714,0.14285714285714285
1857900,0.0,0.0,0.0,0.0,0.07142857142857142
1858200,0.4666666666666667,0.5,0.4090909090909091,0.7321428571428571,0.023809523809523808
1858500,0.5,0.4444444444444444,0.36363636363636365,0.6964285714285714,0.09523809523809523
1858800,0.4666666666666667,0.5,0.36363636363636365,0.6607142857142857,0.0
1859100,0.4,0.5,0.36363636363636365,0.625,0.07142857142857142
1859400,0.43333333333333335,0.4444444444444444,0.2727272727272727,0.6071428571428571,0.16666666666666666
1859700,0.43333333333333335,0.4444444444444444,0.2727272727272727,0.625,0.047619047619047616
1860000,0.26666666666666666,0.4722222222222222,0.3181818181818182,0.6071428571428571,0.07142857142857142
1860300,0.23333333333333334,0.4444444444444444,0.3181818181818182,0.5892857142857143,0.14285714285714285
1860600,0.23333333333333334,0.3333333333333333,0.3181818181818182,0.5535714285714286,0.047619047619047616
1860900,0.3,0.2222222222222222,0.2727272727272727,0.5357142857142857,0.19047619047619047
1861200,0.3,0.2222222222222222,0.13636363636363635,0.48214285714285715,0.023809523809523808
1861500,0.26666666666666666,0.25,0.18181818181818182,0.48214285714285715,0.047619047619047616
1861800,0.36666666666666664,0.3055555555555556,0.13636363636363635,0.5357142857142857,0.023809523809523808
1862100,0.36666666666666664,0.2777777777777778,0.13636363636363635,0.5178571428571429,0.11904761904761904
1862400,0.3333333333333333,0.25,0.09090909090909091,0.5892857142857143,0.11904761904761904
1862700,0.23333333333333334,0.3055555555555556,0.0,0.5714285714285714,0.07142857142857142
1863000,0.2,0.3333333333333333,0.045454545454545456,0.5892857142857143,0.09523809523809523
1863300,0.2,0.3611111111111111,0.045454545454545456,0.5714285714285714,0.11904761904761904
1863600,0.23333333333333334,0.3333333333333333,0.18181818181818182,0.5535714285714286,0.047619047619047616
1863900,0.3,0.3333333333333333,0.18181818181818182,0.5178571428571429,0.023809523809523808
1864200,0.36666666666666664,0.3888888888888889,0.22727272727272727,0.5,0.07142857142857142
1864500,0.36666666666666664,0.4166666666666667,0.22727272727272727,0.5,0.09523809523809523
1864800,0.36666666666666664,0.5555555555555556,0.2727272727272727,0.5178571428571429,0.047619047619047616
1865100,0.3,0.6666666666666666,0.4090909090909091,0.5535714285714286,0.07142857142857142
1865400,0.3333333333333333,0.6388888888888888,0.5454545454545454,0.6785714285714286,0.11904761904761904
1865700,0.36666666666666664,0.6111111111111112,0.6363636363636364,0.7321428571428571,0.023809523809523808
1866000,0.4,0.6388888888888888,0.6818181818181818,0.7321428571428571,0.14285714285714285
1866300,0.43333333333333335,0.6666666666666666,0.5909090909090909,0.7857142857142857,0.07142857142857142
1866600,0.36666666666666664,0.6944444444444444,0.6363636363636364,0.7857142857142857,0.07142857142857142
1866900,0.4,0.6944444444444444,0.5454545454545454,0.8035714285714286,0.09523809523809523
1867200,0.4,0.6944444444444444,0.5,0.8928571428571429,0.07142857142857142
1867500,0.36666666666666664,0.7222222222222222,0.45454545454545453,0.9107142857142857,0.023809523809523808
1867800,0.4666666666666667,0.7777777777777778,0.45454545454545453,0.9285714285714286,0.023809523809523808
1868100,0.5,0.7777777777777778,0.45454545454545453,0.9107142857142857,0.07142857142857142
1868400,0.4666666666666667,0.7777777777777778,0.5454545454545454,0.875,0.14285714285714285
1868700,0.5,0.7777777777777778,0.5,0.8392857142857143,0.21428571428571427
1869000,0.5,0.7777777777777778,0.5454545454545454,0.8571428571428571,0.023809523809523808
1869300,0.5,0.75,0.5909090909090909,0.8571428571428571,0.023809523809523808
1869600,0.5,0.75,0.6363636363636364,0.7857142857142857,0.09523809523809523
1869900,0.5,0.6944444444444444,0.6363636363636364,0.8035714285714286,0.11904761904761904
1870200,0.5,0.7222222222222222,0.6818181818181818,0.8035714285714286,0.16666666666666666
1870500,0.4666666666666667,0.7777777777777778,0.6818181818181818,0.8035714285714286,0.047619047619047616
1870800,0.43333333333333335,0.8055555555555556,0.6363636363636364,0.8571428571428571,0.11904761904761904
1871100,0.4666666666666667,0.8055555555555556,0.5909090909090909,0.8571428571428571,0.07142857142857142
1871400,0.4666666666666667,0.8055555555555556,0.6818181818181818,0.8571428571428571,0.0
1871700,0.4666666666666667,0.7777777777777778,0.5909090909090909,0.8392857142857143,0.0
1872000,0.4,0.7777777777777778,0.5909090909090909,0.875,0.09523809523809523
1872300,0.43333333333333335,0.7222222222222222,0.5,0.8571428571428571,0.11904761904761904
1872600,0.5,0.75,0.5,0.8392857142857143,0.07142857142857142
1872900,0.5666666666666667,0.7777777777777778,0.6363636363636364,0.875,0.09523809523809523
1873200,0.5666666666666667,0.7777777777777778,0.6363636363636364,0.7857142857142857,0.07142857142857142
1873500,0.5333333333333333,0.8055555555555556,0.6363636363636364,0.8035714285714286,0.07142857142857142
1873800,0.6,0.8055555555555556,0.6818181818181818,0.7857142857142857,0.07142857142857142
1874100,0.6333333333333333,0.7777777777777778,0.6818181818181818,0.7321428571428571,0.047619047619047616
1874400,0.6333333333333333,0.7777777777777778,0.6818181818181818,0.7321428571428571,0.047619047619047616
1874700,0.6333333333333333,0.7777777777777778,0.6818181818181818,0.7321428571428571,0.047619047619047616
1875000,0.5666666666666667,0.7777777777777778,0.6363636363636364,0.7142857142857143,0.023809523809523808
1875300,0.5333333333333333,0.8055555555555556,0.5909090909090909,0.7142857142857143,0.09523809523809523
1875600,0.5666666666666667,0.8333333333333334,0.6363636363636364,0.6428571428571429,0.0
1875900,0.6,0.8611111111111112,0.5909090909090909,0.6785714285714286,0.047619047619047616
1876200,0.6666666666666666,0.8055555555555556,0.6818181818181818,0.6785714285714286,0.07142857142857142
1876500,0.7333333333333333,0.8055555555555556,0.7272727272727273,0.6785714285714286,0.047619047619047616
1876800,0.7333333333333333,0.7777777777777778,0.7272727272727273,0.7678571428571429,0.07142857142857142
1877100,0.7333333333333333,0.8055555555555556,0.7272727272727273,0.7857142857142857,0.11904761904761904
1877400,0.7333333333333333,0.8055555555555556,0.7272727272727273,0.7857142857142857,0.07142857142857142
1877700,0.7,0.8055555555555556,0.7272727272727273,0.7857142857142857,0.11904761904761904
1878000,0.7,0.7777777777777778,0.7727272727272727,0.7857142857142857,0.14285714285714285
1878300,0.7,0.8055555555555556,0.8181818181818182,0.8214285714285714,0.09523809523809523
1878600,0.7,0.8333333333333334,0.9090909090909091,0.8392857142857143,0.09523809523809523
1878900,0.7,0.8333333333333334,0.9545454545454546,0.8214285714285714,0.07142857142857142
1879200,0.7,0.8333333333333334,0.9090909090909091,0.8035714285714286,0.11904761904761904
1879500,0.7,0.8333333333333334,0.9090909090909091,0.8214285714285714,0.21428571428571427
1879800,0.6666666666666666,0.8611111111111112,0.9545454545454546,0.8214285714285714,0.14285714285714285
1880100,0.7333333333333333,0.8611111111111112,0.9090909090909091,0.8035714285714286,0.14285714285714285
1880400,0.7,0.8333333333333334,0.9090909090909091,0.8214285714285714,0.09523809523809523
1880700,0.7,0.8333333333333334,0.9090909090909091,0.8035714285714286,0.11904761904761904
1881000,0.6666666666666666,0.8333333333333334,0.8636363636363636,0.8035714285714286,0.09523809523809523
1881300,0.6666666666666666,0.8055555555555556,0.8181818181818182,0.8035714285714286,0.09523809523809523
1881600,0.7,0.7777777777777778,0.8181818181818182,0.7857142857142857,0.09523809523809523
1881900,0.7333333333333333,0.7777777777777778,0.8181818181818182,0.75,0.19047619047619047
1882200,0.7,0.75,0.8181818181818182,0.75,0.11904761904761904
1882500,0.7,0.7777777777777778,0.8181818181818182,0.7321428571428571,0.11904761904761904
1882800,0.7333333333333333,0.8055555555555556,0.8181818181818182,0.6964285714285714,0.07142857142857142
1883100,0.7666666666666667,0.7777777777777778,0.8636363636363636,0.6071428571428571,0.19047619047619047
1883400,0.7666666666666667,0.7222222222222222,0.8181818181818182,0.5714285714285714,0.16666666666666666
1883700,0.8,0.7777777777777778,0.8636363636363636,0.5178571428571429,0.23809523809523808
1884000,0.7666666666666667,0.8333333333333334,0.8636363636363636,0.48214285714285715,0.14285714285714285
1884300,0.7333333333333333,0.8333333333333334,0.8636363636363636,0.5178571428571429,0.19047619047619047
1884600,0.7666666666666667,0.8611111111111112,0.8181818181818182,0.5178571428571429,0.14285714285714285
1884900,0.7666666666666667,0.8888888888888888,0.6818181818181818,0.5,0.07142857142857142
1885200,0.7666666666666667,0.9166666666666666,0.7727272727272727,0.5,0.16666666666666666
1885500,0.7333333333333333,0.9166666666666666,0.7272727272727273,0.44642857142857145,0.2619047619047619
1885800,0.7666666666666667,0.9166666666666666,0.7272727272727273,0.5,0.2619047619047619
1886100,0.7666666666666667,0.9166666666666666,0.6818181818181818,0.48214285714285715,0.19047619047619047
1886400,0.7666666666666667,0.9166666666666666,0.6363636363636364,0.5357142857142857,0.23809523809523808
1886700,0.7666666666666667,0.9166666666666666,0.5454545454545454,0.44642857142857145,0.23809523809523808
1887000,0.7666666666666667,0.9166666666666666,0.5454545454545454,0.42857142857142855,0.23809523809523808
1887300,0.7333333333333333,0.9166666666666666,0.5,0.44642857142857145,0.30952380952380953
1887600,0.7333333333333333,0.8611111111111112,0.45454545454545453,0.48214285714285715,0.30952380952380953
1887900,0.6666666666666666,0.8611111111111112,0.4090909090909091,0.48214285714285715,0.21428571428571427
1888200,0.6333333333333333,0.9166666666666666,0.45454545454545453,0.48214285714285715,0.21428571428571427
1888500,0.6333333333333333,0.9166666666666666,0.45454545454545453,0.5,0.23809523809523808
1888800,0.6333333333333333,0.9166666666666666,0.45454545454545453,0.4642857142857143,0.14285714285714285
1889100,0.6333333333333333,0.9166666666666666,0.45454545454545453,0.44642857142857145,0.09523809523809523
1889400,0.6666666666666666,0.8888888888888888,0.4090909090909091,0.5,0.11904761904761904
1889700,0.6666666666666666,0.9166666666666666,0.45454545454545453,0.48214285714285715,0.11904761904761904
1890000,0.6666666666666666,0.9166666666666666,0.45454545454545453,0.4642857142857143,0.11904761904761904
1890300,0.6666666666666666,0.8888888888888888,0.4090909090909091,0.48214285714285715,0.19047619047619047
1890600,0.6666666666666666,0.8333333333333334,0.4090909090909091,0.4642857142857143,0.3333333333333333
1890900,0.6666666666666666,0.8333333333333334,0.4090909090909091,0.4107142857142857,0.35714285714285715
1891200,0.7,0.8333333333333334,0.45454545454545453,0.375,0.42857142857142855
1891500,0.7,0.8333333333333334,0.5,0.39285714285714285,0.42857142857142855
1891800,0.7,0.8055555555555556,0.5454545454545454,0.35714285714285715,0.4523809523809524
1892100,0.6666666666666666,0.8333333333333334,0.5454545454545454,0.3392857142857143,0.40476190476190477
1892400,0.6666666666666666,0.8333333333333334,0.5454545454545454,0.32142857142857145,0.47619047619047616
1892700,0.6666666666666666,0.8611111111111112,0.5454545454545454,0.32142857142857145,0.42857142857142855
1893000,0.6333333333333333,0.8611111111111112,0.5,0.30357142857142855,0.42857142857142855
1893300,0.6,0.8611111111111112,0.5,0.3392857142857143,0.4523809523809524
1893600,0.5333333333333333,0.8888888888888888,0.5,0.32142857142857145,0.42857142857142855
1893900,0.5666666666666667,0.8611111111111112,0.5,0.3392857142857143,0.4523809523809524
1894200,0.5666666666666667,0.8888888888888888,0.5909090909090909,0.30357142857142855,0.5
1894500,0.5666666666666667,0.8888888888888888,0.6363636363636364,0.3392857142857143,0.5
1894800,0.5,0.9166666666666666,0.5909090909090909,0.35714285714285715,0.47619047619047616
1895100,0.43333333333333335,0.8611111111111112,0.6818181818181818,0.3392857142857143,0.35714285714285715
1895400,0.4,0.8611111111111112,0.7272727272727273,0.39285714285714285,0.30952380952380953
1895700,0.43333333333333335,0.8888888888888888,0.7272727272727273,0.44642857142857145,0.30952380952380953
1896000,0.43333333333333335,0.8888888888888888,0.6363636363636364,0.48214285714285715,0.23809523809523808
1896300,0.43333333333333335,0.8888888888888888,0.6363636363636364,0.44642857142857145,0.5
1896600,0.4,0.8333333333333334,0.6818181818181818,0.42857142857142855,0.5476190476190477
1896900,0.4,0.7777777777777778,0.6818181818181818,0.5178571428571429,0.47619047619047616
1897200,0.4,0.8055555555555556,0.6818181818181818,0.5357142857142857,0.5714285714285714
1897500,0.4,0.7777777777777778,0.6818181818181818,0.625,0.5714285714285714
1897800,0.36666666666666664,0.7777777777777778,0.6363636363636364,0.625,0.5476190476190477
1898100,0.36666666666666664,0.75,0.5909090909090909,0.6607142857142857,0.6666666666666666
1898400,0.36666666666666664,0.7777777777777778,0.5,0.625,0.47619047619047616
1898700,0.3333333333333333,0.7777777777777778,0.5,0.6607142857142857,0.42857142857142855
1899000,0.36666666666666664,0.7777777777777778,0.6363636363636364,0.75,0.4523809523809524
1899300,0.3333333333333333,0.8055555555555556,0.6363636363636364,0.7321428571428571,0.42857142857142855
1899600,0.4,0.8055555555555556,0.6818181818181818,0.7857142857142857,0.40476190476190477
1899900,0.4,0.7777777777777778,0.6818181818181818,0.7321428571428571,0.40476190476190477
1900200,0.43333333333333335,0.7222222222222222,0.6818181818181818,0.7678571428571429,0.38095238095238093
1900500,0.4,0.6944444444444444,0.6818181818181818,0.6785714285714286,0.35714285714285715
1900800,0.4,0.6666666666666666,0.6818181818181818,0.6428571428571429,0.4523809523809524
1901100,0.3,0.5833333333333334,0.5909090909090909,0.48214285714285715,0.40476190476190477
1901400,0.26666666666666666,0.5277777777777778,0.5454545454545454,0.42857142857142855,0.42857142857142855
1901700,0.26666666666666666,0.5833333333333334,0.45454545454545453,0.39285714285714285,0.35714285714285715
1902000,0.23333333333333334,0.5555555555555556,0.45454545454545453,0.32142857142857145,0.21428571428571427
1902300,0.23333333333333334,0.5277777777777778,0.45454545454545453,0.26785714285714285,0.19047619047619047
1902600,0.26666666666666666,0.5277777777777778,0.4090909090909091,0.17857142857142858,0.2857142857142857
1902900,0.26666666666666666,0.5555555555555556,0.36363636363636365,0.125,0.2619047619047619
1903200,0.2,0.6111111111111112,0.36363636363636365,0.125,0.14285714285714285
1903500,0.16666666666666666,0.5277777777777778,0.3181818181818182,0.08928571428571429,0.09523809523809523
1903800,0.16666666666666666,0.5555555555555556,0.22727272727272727,0.125,0.09523809523809523
1904100,0.16666666666666666,0.5,0.18181818181818182,0.08928571428571429,0.19047619047619047
1904400,0.16666666666666666,0.5,0.18181818181818182,0.07142857142857142,0.16666666666666666
1904700,0.16666666666666666,0.4722222222222222,0.13636363636363635,0.08928571428571429,0.16666666666666666
1905000,0.13333333333333333,0.5277777777777778,0.18181818181818182,0.08928571428571429,0.16666666666666666
1905300,0.1,0.5555555555555556,0.18181818181818182,0.16071428571428573,0.21428571428571427
1905600,0.1,0.5,0.18181818181818182,0.16071428571428573,0.21428571428571427
1905900,0.1,0.6666666666666666,0.18181818181818182,0.14285714285714285,0.11904761904761904
1906200,0.13333333333333333,0.6666666666666666,0.22727272727272727,0.19642857142857142,0.21428571428571427
1906500,0.13333333333333333,0.5277777777777778,0.18181818181818182,0.17857142857142858,0.35714285714285715
1906800,0.13333333333333333,0.4722222222222222,0.18181818181818182,0.17857142857142858,0.38095238095238093
1907100,0.1,0.4722222222222222,0.18181818181818182,0.14285714285714285,0.35714285714285715
1907400,0.1,0.4444444444444444,0.2727272727272727,0.19642857142857142,0.38095238095238093
1907700,0.1,0.4444444444444444,0.2727272727272727,0.25,0.5476190476190477
1908000,0.1,0.5,0.2727272727272727,0.2857142857142857,0.6190476190476191
1908300,0.1,0.3888888888888889,0.22727272727272727,0.26785714285714285,0.5714285714285714
1908600,0.1,0.3888888888888889,0.18181818181818182,0.3392857142857143,0.5952380952380952
1908900,0.16666666666666666,0.4166666666666667,0.22727272727272727,0.3392857142857143,0.47619047619047616
1909200,0.16666666666666666,0.5,0.18181818181818182,0.35714285714285715,0.4523809523809524
1909500,0.13333333333333333,0.5,0.13636363636363635,0.375,0.38095238095238093
1909800,0.1,0.5,0.18181818181818182,0.375,0.4523809523809524
1910100,0.1,0.4166666666666667,0.18181818181818182,0.4107142857142857,0.5476190476190477
1910400,0.13333333333333333,0.4444444444444444,0.22727272727272727,0.4107142857142857,0.5714285714285714
1910700,0.2,0.4722222222222222,0.22727272727272727,0.42857142857142855,0.5714285714285714
1911000,0.13333333333333333,0.4166666666666667,0.2727272727272727,0.39285714285714285,0.5714285714285714
1911300,0.13333333333333333,0.3611111111111111,0.3181818181818182,0.44642857142857145,0.6428571428571429
1911600,0.13333333333333333,0.2777777777777778,0.3181818181818182,0.39285714285714285,0.6428571428571429
1911900,0.13333333333333333,0.2777777777777778,0.36363636363636365,0.4107142857142857,0.6666666666666666
1912200,0.16666666666666666,0.25,0.45454545454545453,0.44642857142857145,0.6428571428571429
1912500,0.16666666666666666,0.25,0.45454545454545453,0.4642857142857143,0.6904761904761905
1912800,0.16666666666666666,0.25,0.45454545454545453,0.5,0.7142857142857143
1913100,0.13333333333333333,0.19444444444444445,0.5,0.44642857142857145,0.7619047619047619
1913400,0.13333333333333333,0.16666666666666666,0.45454545454545453,0.44642857142857145,0.7619047619047619
1913700,0.13333333333333333,0.16666666666666666,0.45454545454545453,0.4107142857142857,0.8095238095238095
1914000,0.13333333333333333,0.16666666666666666,0.4090909090909091,0.42857142857142855,0.8333333333333334
1914300,0.1,0.2222222222222222,0.3181818181818182,0.4107142857142857,0.8571428571428571
1914600,0.1,0.2222222222222222,0.3181818181818182,0.35714285714285715,0.8571428571428571
1914900,0.1,0.16666666666666666,0.3181818181818182,0.35714285714285715,0.8571428571428571
1915200,0.06666666666666667,0.1388888888888889,0.4090909090909091,0.30357142857142855,0.8333333333333334
1915500,0.0,0.0,0.0,0.0,0.8571428571428571
1915800,0.06666666666666667,0.16666666666666666,0.4090909090909091,0.35714285714285715,0.8571428571428571
1916100,0.06666666666666667,0.1388888888888889,0.4090909090909091,0.3392857142857143,0.8809523809523809
1916400,0.06666666666666667,0.1111111111111111,0.4090909090909091,0.3392857142857143,0.8571428571428571
1916700,0.1,0.1111111111111111,0.36363636363636365,0.375,0.8571428571428571
1917000,0.06666666666666667,0.16666666666666666,0.4090909090909091,0.2857142857142857,0.7857142857142857
1917300,0.06666666666666667,0.19444444444444445,0.4090909090909091,0.32142857142857145,0.7619047619047619
1917600,0.06666666666666667,0.1388888888888889,0.4090909090909091,0.30357142857142855,0.7619047619047619
1917900,0.1,0.1388888888888889,0.4090909090909091,0.30357142857142855,0.7619047619047619
1918200,0.13333333333333333,0.1388888888888889,0.4090909090909091,0.3392857142857143,0.7380952380952381
1918500,0.16666666666666666,0.1388888888888889,0.36363636363636365,0.3392857142857143,0.7142857142857143
1918800,0.16666666666666666,0.1111111111111111,0.3181818181818182,0.375,0.7142857142857143
1919100,0.13333333333333333,0.08333333333333333,0.2727272727272727,0.5,0.7619047619047619
1919400,0.13333333333333333,0.1111111111111111,0.18181818181818182,0.48214285714285715,0.6904761904761905
1919700,0.16666666666666666,0.1388888888888889,0.18181818181818182,0.5,0.5476190476190477
1920000,0.16666666666666666,0.1111111111111111,0.13636363636363635,0.5357142857142857,0.5714285714285714
1920300,0.16666666666666666,0.25,0.13636363636363635,0.48214285714285715,0.5476190476190477
1920600,0.16666666666666666,0.1388888888888889,0.13636363636363635,0.5178571428571429,0.6190476190476191
1920900,0.2,0.1111111111111111,0.13636363636363635,0.5535714285714286,0.5476190476190477
1921200,0.2,0.1388888888888889,0.18181818181818182,0.5714285714285714,0.5238095238095238
1921500,0.16666666666666666,0.08333333333333333,0.18181818181818182,0.5535714285714286,0.35714285714285715
1921800,0.16666666666666666,0.1111111111111111,0.18181818181818182,0.5714285714285714,0.38095238095238093
1922100,0.16666666666666666,0.1388888888888889,0.13636363636363635,0.5178571428571429,0.40476190476190477
1922400,0.16666666666666666,0.16666666666666666,0.13636363636363635,0.5,0.40476190476190477
1922700,0.16666666666666666,0.08333333333333333,0.18181818181818182,0.5357142857142857,0.42857142857142855
1923000,0.16666666666666666,0.1388888888888889,0.18181818181818182,0.5714285714285714,0.5
1923300,0.16666666666666666,0.1388888888888889,0.22727272727272727,0.5714285714285714,0.40476190476190477
1923600,0.16666666666666666,0.1388888888888889,0.22727272727272727,0.5714285714285714,0.38095238095238093
1923900,0.16666666666666666,0.1111111111111111,0.22727272727272727,0.5178571428571429,0.40476190476190477
1924200,0.16666666666666666,0.19444444444444445,0.22727272727272727,0.5357142857142857,0.38095238095238093
1924500,0.16666666666666666,0.1388888888888889,0.22727272727272727,0.4642857142857143,0.47619047619047616
1924800,0.2,0.1388888888888889,0.22727272727272727,0.4642857142857143,0.38095238095238093
1925100,0.23333333333333334,0.1111111111111111,0.22727272727272727,0.5,0.38095238095238093
1925400,0.2,0.1388888888888889,0.22727272727272727,0.48214285714285715,0.40476190476190477
1925700,0.2,0.1388888888888889,0.22727272727272727,0.4642857142857143,0.38095238095238093
1926000,0.2,0.19444444444444445,0.3181818181818182,0.4642857142857143,0.47619047619047616
1926300,0.16666666666666666,0.16666666666666666,0.2727272727272727,0.4642857142857143,0.40476190476190477
1926600,0.26666666666666666,0.1388888888888889,0.2727272727272727,0.5178571428571429,0.40476190476190477
1926900,0.3,0.08333333333333333,0.2727272727272727,0.5,0.5
1927200,0.36666666666666664,0.1111111111111111,0.3181818181818182,0.5,0.5
1927500,0.3333333333333333,0.08333333333333333,0.3181818181818182,0.4107142857142857,0.5476190476190477
1927800,0.3333333333333333,0.1111111111111111,0.3181818181818182,0.4107142857142857,0.5
1928100,0.3333333333333333,0.1388888888888889,0.3181818181818182,0.4642857142857143,0.5
1928400,0.3,0.1111111111111111,0.3181818181818182,0.5357142857142857,0.42857142857142855
1928700,0.3333333333333333,0.1111111111111111,0.3181818181818182,0.5714285714285714,0.4523809523809524
1929000,0.3,0.16666666666666666,0.2727272727272727,0.5714285714285714,0.47619047619047616
1929300,0.3,0.1388888888888889,0.22727272727272727,0.5535714285714286,0.47619047619047616
1929600,0.3333333333333333,0.19444444444444445,0.18181818181818182,0.5,0.40476190476190477
1929900,0.3333333333333333,0.2777777777777778,0.18181818181818182,0.5357142857142857,0.40476190476190477
1930200,0.3333333333333333,0.3333333333333333,0.2727272727272727,0.5892857142857143,0.40476190476190477
1930500,0.3,0.3333333333333333,0.2727272727272727,0.5714285714285714,0.3333333333333333
1930800,0.3333333333333333,0.4722222222222222,0.2727272727272727,0.6071428571428571,0.47619047619047616
1931100,0.3333333333333333,0.5277777777777778,0.2727272727272727,0.5892857142857143,0.5
1931400,0.3333333333333333,0.5555555555555556,0.2727272727272727,0.5892857142857143,0.5476190476190477
1931700,0.4,0.5555555555555556,0.22727272727272727,0.5892857142857143,0.5952380952380952
1932000,0.43333333333333335,0.6111111111111112,0.22727272727272727,0.5535714285714286,0.5952380952380952
1932300,0.4,0.6388888888888888,0.22727272727272727,0.6071428571428571,0.5476190476190477
1932600,0.4,0.6666666666666666,0.18181818181818182,0.6428571428571429,0.6428571428571429
1932900,0.36666666666666664,0.6944444444444444,0.18181818181818182,0.6607142857142857,0.6190476190476191
1933200,0.36666666666666664,0.7222222222222222,0.18181818181818182,0.6607142857142857,0.5714285714285714
1933500,0.43333333333333335,0.7777777777777778,0.22727272727272727,0.7321428571428571,0.5238095238095238
1933800,0.36666666666666664,0.8333333333333334,0.3181818181818182,0.7857142857142857,0.5238095238095238
1934100,0.36666666666666664,0.8055555555555556,0.3181818181818182,0.7857142857142857,0.5476190476190477
1934400,0.36666666666666664,0.8333333333333334,0.4090909090909091,0.7678571428571429,0.5476190476190477
1934700,0.4,0.8333333333333334,0.36363636363636365,0.7678571428571429,0.5
1935000,0.36666666666666664,0.8333333333333334,0.36363636363636365,0.75,0.5
1935300,0.36666666666666664,0.8333333333333334,0.4090909090909091,0.75,0.40476190476190477
1935600,0.36666666666666664,0.8333333333333334,0.4090909090909091,0.7678571428571429,0.42857142857142855
1935900,0.36666666666666664,0.8333333333333334,0.4090909090909091,0.7678571428571429,0.38095238095238093
1936200,0.36666666666666664,0.8333333333333334,0.4090909090909091,0.7678571428571429,0.40476190476190477
1936500,0.4,0.8333333333333334,0.4090909090909091,0.7857142857142857,0.38095238095238093
1936800,0.36666666666666664,0.8333333333333334,0.4090909090909091,0.7857142857142857,0.40476190476190477
1937100,0.36666666666666664,0.0,0.36363636363636365,0.0,0.35714285714285715
1937400,0.36666666666666664,0.8888888888888888,0.36363636363636365,0.8035714285714286,0.30952380952380953
1937700,0.4,0.8888888888888888,0.4090909090909091,0.8035714285714286,0.2857142857142857
1938000,0.43333333333333335,0.9166666666666666,0.36363636363636365,0.7857142857142857,0.14285714285714285
1938300,0.36666666666666664,0.9166666666666666,0.36363636363636365,0.7857142857142857,0.07142857142857142
1938600,0.36666666666666664,0.9166666666666666,0.36363636363636365,0.75,0.16666666666666666
1938900,0.3333333333333333,0.9166666666666666,0.22727272727272727,0.7678571428571429,0.19047619047619047
1939200,0.3333333333333333,0.8888888888888888,0.22727272727272727,0.7857142857142857,0.14285714285714285
1939500,0.3,0.8888888888888888,0.22727272727272727,0.7857142857142857,0.19047619047619047
1939800,0.3333333333333333,0.8888888888888888,0.18181818181818182,0.7857142857142857,0.2857142857142857
1940100,0.3333333333333333,0.8888888888888888,0.22727272727272727,0.7857142857142857,0.2857142857142857
1940400,0.3,0.8611111111111112,0.22727272727272727,0.8035714285714286,0.2857142857142857
1940700,0.3,0.8611111111111112,0.22727272727272727,0.8214285714285714,0.2619047619047619
1941000,0.4,0.8611111111111112,0.22727272727272727,0.8392857142857143,0.2857142857142857
1941300,0.4,0.8611111111111112,0.2727272727272727,0.8571428571428571,0.2857142857142857
1941600,0.4666666666666667,0.8611111111111112,0.36363636363636365,0.8392857142857143,0.3333333333333333
1941900,0.5,0.8611111111111112,0.4090909090909091,0.8392857142857143,0.38095238095238093
1942200,0.5333333333333333,0.8333333333333334,0.4090909090909091,0.8928571428571429,0.42857142857142855
1942500,0.5666666666666667,0.8055555555555556,0.4090909090909091,0.8928571428571429,0.42857142857142855
1942800,0.5666666666666667,0.7777777777777778,0.45454545454545453,0.875,0.35714285714285715
1943100,0.6333333333333333,0.7777777777777778,0.45454545454545453,0.8928571428571429,0.4523809523809524
1943400,0.6,0.7222222222222222,0.45454545454545453,0.8928571428571429,0.38095238095238093
1943700,0.6666666666666666,0.6944444444444444,0.45454545454545453,0.9107142857142857,0.4523809523809524
1944000,0.6333333333333333,0.6944444444444444,0.45454545454545453,0.8928571428571429,0.38095238095238093
1944300,0.6333333333333333,0.6388888888888888,0.5,0.8571428571428571,0.40476190476190477
1944600,0.6333333333333333,0.6111111111111112,0.45454545454545453,0.8571428571428571,0.42857142857142855
1944900,0.5333333333333333,0.5833333333333334,0.45454545454545453,0.8035714285714286,0.40476190476190477
1945200,0.4666666666666667,0.5833333333333334,0.45454545454545453,0.7678571428571429,0.40476190476190477
1945500,0.5,0.5555555555555556,0.5,0.75,0.42857142857142855
1945800,0.43333333333333335,0.5277777777777778,0.45454545454545453,0.6785714285714286,0.5
1946100,0.4666666666666667,0.5277777777777778,0.5,0.6785714285714286,0.38095238095238093
1946400,0.43333333333333335,0.4444444444444444,0.5,0.6607142857142857,0.42857142857142855
1946700,0.4,0.5555555555555556,0.5,0.6428571428571429,0.42857142857142855
1947000,0.36666666666666664,0.5277777777777778,0.36363636363636365,0.625,0.40476190476190477
1947300,0.3,0.5277777777777778,0.36363636363636365,0.6428571428571429,0.3333333333333333
1947600,0.3,0.5833333333333334,0.36363636363636365,0.5714285714285714,0.38095238095238093
1947900,0.3,0.5,0.3181818181818182,0.5535714285714286,0.30952380952380953
1948200,0.3,0.4444444444444444,0.3181818181818182,0.5535714285714286,0.2619047619047619
1948500,0.3,0.3888888888888889,0.36363636363636365,0.5178571428571429,0.19047619047619047
1948800,0.23333333333333334,0.3888888888888889,0.36363636363636365,0.5535714285714286,0.11904761904761904
1949100,0.2,0.3888888888888889,0.22727272727272727,0.5357142857142857,0.0
1949400,0.2,0.3611111111111111,0.18181818181818182,0.5178571428571429,0.09523809523809523
1949700,0.3333333333333333,0.3055555555555556,0.22727272727272727,0.5178571428571429,0.11904761904761904
1950000,0.3333333333333333,0.3055555555555556,0.22727272727272727,0.5178571428571429,0.07142857142857142
1950300,0.26666666666666666,0.3055555555555556,0.2727272727272727,0.5,0.21428571428571427
1950600,0.2,0.3055555555555556,0.2727272727272727,0.5714285714285714,0.14285714285714285
1950900,0.2,0.3055555555555556,0.22727272727272727,0.5892857142857143,0.14285714285714285
1951200,0.16666666666666666,0.3333333333333333,0.18181818181818182,0.6428571428571429,0.16666666666666666
1951500,0.23333333333333334,0.5277777777777778,0.2727272727272727,0.7142857142857143,0.35714285714285715
1951800,0.23333333333333334,0.5277777777777778,0.2727272727272727,0.7678571428571429,0.2857142857142857
1952100,0.23333333333333334,0.6111111111111112,0.3181818181818182,0.8035714285714286,0.38095238095238093
1952400,0.23333333333333334,0.6388888888888888,0.3181818181818182,0.8035714285714286,0.5
1952700,0.16666666666666666,0.6111111111111112,0.3181818181818182,0.8214285714285714,0.47619047619047616
1953000,0.2,0.6388888888888888,0.3181818181818182,0.8392857142857143,0.47619047619047616
1953300,0.3,0.6944444444444444,0.2727272727272727,0.8571428571428571,0.5
1953600,0.3,0.7222222222222222,0.2727272727272727,0.8571428571428571,0.5476190476190477
1953900,0.4,0.7222222222222222,0.2727272727272727,0.8392857142857143,0.5
1954200,0.4,0.6944444444444444,0.3181818181818182,0.8928571428571429,0.47619047619047616
1954500,0.4666666666666667,0.7222222222222222,0.3181818181818182,0.9107142857142857,0.42857142857142855
1954800,0.43333333333333335,0.7222222222222222,0.3181818181818182,0.8928571428571429,0.38095238095238093
1955100,0.43333333333333335,0.75,0.36363636363636365,0.8928571428571429,0.38095238095238093
1955400,0.4666666666666667,0.7777777777777778,0.3181818181818182,0.9107142857142857,0.38095238095238093
1955700,0.5,0.7777777777777778,0.2727272727272727,0.9285714285714286,0.35714285714285715
1956000,0.5333333333333333,0.75,0.18181818181818182,0.8928571428571429,0.4523809523809524
1956300,0.5,0.75,0.18181818181818182,0.9107142857142857,0.3333333333333333
1956600,0.4666666666666667,0.7222222222222222,0.22727272727272727,0.875,0.30952380952380953
1956900,0.4666666666666667,0.7222222222222222,0.2727272727272727,0.8035714285714286,0.2857142857142857
1957200,0.5,0.7222222222222222,0.3181818181818182,0.7321428571428571,0.2619047619047619
1957500,0.5333333333333333,0.7222222222222222,0.2727272727272727,0.7321428571428571,0.2857142857142857
1957800,0.5,0.7222222222222222,0.22727272727272727,0.7678571428571429,0.3333333333333333
1958100,0.5,0.7222222222222222,0.22727272727272727,0.7678571428571429,0.3333333333333333
1958400,0.4,0.7222222222222222,0.22727272727272727,0.7678571428571429,0.35714285714285715
1958700,0.4,0.7222222222222222,0.22727272727272727,0.7678571428571429,0.35714285714285715
1959000,0.3333333333333333,0.6666666666666666,0.18181818181818182,0.6964285714285714,0.35714285714285715
1959300,0.3333333333333333,0.6944444444444444,0.22727272727272727,0.6607142857142857,0.3333333333333333
1959600,0.3333333333333333,0.6666666666666666,0.2727272727272727,0.6785714285714286,0.30952380952380953
1959900,0.3,0.6944444444444444,0.22727272727272727,0.6964285714285714,0.38095238095238093
1960200,0.3333333333333333,0.7222222222222222,0.2727272727272727,0.6607142857142857,0.30952380952380953
1960500,0.36666666666666664,0.6388888888888888,0.36363636363636365,0.625,0.11904761904761904
1960800,0.36666666666666664,0.6666666666666666,0.4090909090909091,0.6071428571428571,0.14285714285714285
1961100,0.3333333333333333,0.6388888888888888,0.36363636363636365,0.6071428571428571,0.09523809523809523
1961400,0.3333333333333333,0.6111111111111112,0.3181818181818182,0.6785714285714286,0.2857142857142857
1961700,0.36666666666666664,0.6388888888888888,0.3181818181818182,0.6785714285714286,0.2857142857142857
1962000,0.4,0.6388888888888888,0.36363636363636365,0.6428571428571429,0.38095238095238093
1962300,0.3333333333333333,0.6666666666666666,0.4090909090909091,0.5892857142857143,0.42857142857142855
1962600,0.36666666666666664,0.6666666666666666,0.5,0.6071428571428571,0.35714285714285715
1962900,0.36666666666666664,0.6666666666666666,0.45454545454545453,0.5892857142857143,0.2619047619047619
1963200,0.3333333333333333,0.5833333333333334,0.5,0.6071428571428571,0.30952380952380953
1963500,0.3333333333333333,0.6388888888888888,0.5909090909090909,0.6071428571428571,0.14285714285714285
1963800,0.4,0.6666666666666666,0.5454545454545454,0.6071428571428571,0.07142857142857142
1964100,0.43333333333333335,0.6111111111111112,0.5454545454545454,0.625,0.16666666666666666
1964400,0.43333333333333335,0.6111111111111112,0.5454545454545454,0.625,0.21428571428571427
1964700,0.43333333333333335,0.6111111111111112,0.5454545454545454,0.6964285714285714,0.21428571428571427
1965000,0.43333333333333335,0.5833333333333334,0.5,0.75,0.35714285714285715
1965300,0.4,0.5833333333333334,0.5,0.7857142857142857,0.40476190476190477
1965600,0.43333333333333335,0.6111111111111112,0.5454545454545454,0.7857142857142857,0.3333333333333333
1965900,0.43333333333333335,0.6388888888888888,0.5454545454545454,0.8571428571428571,0.3333333333333333
1966200,0.4,0.6666666666666666,0.6363636363636364,0.8392857142857143,0.3333333333333333
1966500,0.4,0.6666666666666666,0.6363636363636364,0.875,0.30952380952380953
1966800,0.36666666666666664,0.6666666666666666,0.6363636363636364,0.875,0.42857142857142855
1967100,0.3333333333333333,0.6666666666666666,0.6818181818181818,0.8928571428571429,0.5
1967400,0.3333333333333333,0.6666666666666666,0.6818181818181818,0.8928571428571429,0.5714285714285714
1967700,0.4,0.75,0.6363636363636364,0.8035714285714286,0.40476190476190477
1968000,0.43333333333333335,0.75,0.6363636363636364,0.7857142857142857,0.35714285714285715
1968300,0.43333333333333335,0.75,0.6363636363636364,0.7857142857142857,0.35714285714285715
1968600,0.43333333333333335,0.75,0.6363636363636364,0.7678571428571429,0.2619047619047619
1968900,0.4,0.7777777777777778,0.5454545454545454,0.7321428571428571,0.35714285714285715
1969200,0.4,0.8055555555555556,0.45454545454545453,0.75,0.2619047619047619
1969500,0.4,0.8055555555555556,0.4090909090909091,0.6785714285714286,0.3333333333333333
1969800,0.36666666666666664,0.8333333333333334,0.4090909090909091,0.6785714285714286,0.2857142857142857
1970100,0.3,0.8333333333333334,0.4090909090909091,0.6785714285714286,0.30952380952380953
1970400,0.23333333333333334,0.8333333333333334,0.5,0.7321428571428571,0.2619047619047619
1970700,0.3333333333333333,0.8611111111111112,0.5,0.75,0.42857142857142855
1971000,0.3333333333333333,0.7777777777777778,0.5,0.6964285714285714,0.47619047619047616
1971300,0.3333333333333333,0.7777777777777778,0.4090909090909091,0.7142857142857143,0.5714285714285714
1971600,0.3333333333333333,0.8055555555555556,0.4090909090909091,0.6964285714285714,0.5238095238095238
1971900,0.3333333333333333,0.8055555555555556,0.6363636363636364,0.6964285714285714,0.5476190476190477
1972200,0.3,0.8055555555555556,0.6363636363636364,0.6607142857142857,0.5
1972500,0.3,0.8333333333333334,0.7727272727272727,0.6964285714285714,0.42857142857142855
1972800,0.3,0.8055555555555556,0.7727272727272727,0.6785714285714286,0.42857142857142855
1973100,0.3333333333333333,0.8333333333333334,0.7727272727272727,0.6785714285714286,0.40476190476190477
1973400,0.26666666666666666,0.8333333333333334,0.7272727272727273,0.6785714285714286,0.38095238095238093
1973700,0.26666666666666666,0.8333333333333334,0.7272727272727273,0.6964285714285714,0.42857142857142855
1974000,0.23333333333333334,0.8333333333333334,0.7272727272727273,0.7321428571428571,0.40476190476190477
1974300,0.3,0.8611111111111112,0.7272727272727273,0.7142857142857143,0.40476190476190477
1974600,0.3,0.8611111111111112,0.7727272727272727,0.6964285714285714,0.47619047619047616
1974900,0.3,0.8611111111111112,0.7727272727272727,0.6964285714285714,0.47619047619047616
1975200,0.3333333333333333,0.8055555555555556,0.6818181818181818,0.7142857142857143,0.35714285714285715
1975500,0.26666666666666666,0.8333333333333334,0.7272727272727273,0.7857142857142857,0.38095238095238093
1975800,0.3333333333333333,0.8333333333333334,0.7727272727272727,0.7857142857142857,0.38095238095238093
1976100,0.3333333333333333,0.8333333333333334,0.8181818181818182,0.8214285714285714,0.4523809523809524
1976400,0.4,0.8333333333333334,0.7727272727272727,0.8214285714285714,0.47619047619047616
1976700,0.43333333333333335,0.8333333333333334,0.7272727272727273,0.8214285714285714,0.42857142857142855
1977000,0.4666666666666667,0.8333333333333334,0.7272727272727273,0.7678571428571429,0.42857142857142855
1977300,0.4,0.8333333333333334,0.6818181818181818,0.7321428571428571,0.5
1977600,0.4,0.8333333333333334,0.6818181818181818,0.6964285714285714,0.5238095238095238
1977900,0.4,0.8611111111111112,0.6818181818181818,0.6607142857142857,0.5
1978200,0.36666666666666664,0.8611111111111112,0.6818181818181818,0.625,0.5
1978500,0.4,0.7777777777777778,0.6818181818181818,0.5714285714285714,0.5952380952380952
1978800,0.43333333333333335,0.7777777777777778,0.6818181818181818,0.5892857142857143,0.6666666666666666
1979100,0.4666666666666667,0.8055555555555556,0.6818181818181818,0.5892857142857143,0.6904761904761905
1979400,0.5,0.8055555555555556,0.5909090909090909,0.6071428571428571,0.7142857142857143
1979700,0.5666666666666667,0.8055555555555556,0.5909090909090909,0.6071428571428571,0.7142857142857143
1980000,0.5666666666666667,0.8055555555555556,0.5909090909090909,0.5714285714285714,0.6666666666666666
1980300,0.6,0.8055555555555556,0.6363636363636364,0.5714285714285714,0.6428571428571429
1980600,0.6,0.7777777777777778,0.7272727272727273,0.5892857142857143,0.5
1980900,0.6,0.8055555555555556,0.7272727272727273,0.5892857142857143,0.47619047619047616
1981200,0.6,0.8055555555555556,0.7272727272727273,0.6071428571428571,0.5
1981500,0.6333333333333333,0.8333333333333334,0.6818181818181818,0.6428571428571429,0.4523809523809524
1981800,0.6,0.8333333333333334,0.6363636363636364,0.625,0.42857142857142855
1982100,0.6,0.8055555555555556,0.6363636363636364,0.625,0.42857142857142855
1982400,0.6,0.7777777777777778,0.5909090909090909,0.625,0.47619047619047616
1982700,0.6,0.7777777777777778,0.5454545454545454,0.6428571428571429,0.4523809523809524
1983000,0.5666666666666667,0.8333333333333334,0.6363636363636364,0.6071428571428571,0.5714285714285714
1983300,0.5,0.8333333333333334,0.5909090909090909,0.6071428571428571,0.5
1983600,0.4666666666666667,0.8333333333333334,0.5454545454545454,0.5178571428571429,0.5476190476190477
1983900,0.43333333333333335,0.8055555555555556,0.5909090909090909,0.5178571428571429,0.4523809523809524
1984200,0.4666666666666667,0.8333333333333334,0.5909090909090909,0.5714285714285714,0.35714285714285715
1984500,0.4666666666666667,0.8333333333333334,0.5909090909090909,0.5714285714285714,0.35714285714285715
1984800,0.4666666666666667,0.8333333333333334,0.5454545454545454,0.5535714285714286,0.2857142857142857
1985100,0.4666666666666667,0.8055555555555556,0.5909090909090909,0.5,0.2857142857142857
1985400,0.4666666666666667,0.8055555555555556,0.5909090909090909,0.48214285714285715,0.2857142857142857
1985700,0.4666666666666667,0.75,0.36363636363636365,0.35714285714285715,0.16666666666666666
1986000,0.4,0.6944444444444444,0.36363636363636365,0.32142857142857145,0.14285714285714285
1986300,0.36666666666666664,0.7222222222222222,0.36363636363636365,0.3392857142857143,0.11904761904761904
1986600,0.3333333333333333,0.6666666666666666,0.3181818181818182,0.35714285714285715,0.23809523809523808
1986900,0.3333333333333333,0.6666666666666666,0.22727272727272727,0.35714285714285715,0.21428571428571427
1987200,0.3333333333333333,0.6388888888888888,0.18181818181818182,0.375,0.2619047619047619
1987500,0.26666666666666666,0.6388888888888888,0.09090909090909091,0.17857142857142858,0.2857142857142857
1987800,0.26666666666666666,0.4444444444444444,0.045454545454545456,0.16071428571428573,0.14285714285714285
1988100,0.23333333333333334,0.4722222222222222,0.045454545454545456,0.10714285714285714,0.11904761904761904
1988400,0.26666666666666666,0.2222222222222222,0.0,0.125,0.19047619047619047
1988700,0.3333333333333333,0.2222222222222222,0.0,0.05357142857142857,0.23809523809523808
1989000,0.36666666666666664,0.1111111111111111,0.09090909090909091,0.07142857142857142,0.3333333333333333
1989300,0.36666666666666664,0.1111111111111111,0.09090909090909091,0.125,0.38095238095238093
1989600,0.36666666666666664,0.1388888888888889,0.09090909090909091,0.16071428571428573,0.3333333333333333
1989900,0.43333333333333335,0.1388888888888889,0.0,0.08928571428571429,0.30952380952380953
1990200,0.4,0.19444444444444445,0.0,0.08928571428571429,0.23809523809523808
1990500,0.4,0.16666666666666666,0.0,0.10714285714285714,0.09523809523809523
1990800,0.4,0.19444444444444445,0.09090909090909091,0.08928571428571429,0.11904761904761904
1991100,0.3,0.16666666666666666,0.18181818181818182,0.08928571428571429,0.30952380952380953
1991400,0.3,0.19444444444444445,0.3181818181818182,0.16071428571428573,0.2619047619047619
1991700,0.26666666666666666,0.08333333333333333,0.2727272727272727,0.14285714285714285,0.35714285714285715
1992000,0.23333333333333334,0.1388888888888889,0.3181818181818182,0.10714285714285714,0.40476190476190477
1992300,0.23333333333333334,0.16666666666666666,0.3181818181818182,0.07142857142857142,0.47619047619047616
1992600,0.23333333333333334,0.2222222222222222,0.4090909090909091,0.10714285714285714,0.47619047619047616
1992900,0.26666666666666666,0.2777777777777778,0.5,0.16071428571428573,0.5952380952380952
1993200,0.26666666666666666,0.25,0.5,0.14285714285714285,0.6190476190476191
1993500,0.26666666666666666,0.19444444444444445,0.5909090909090909,0.16071428571428573,0.6666666666666666
1993800,0.26666666666666666,0.16666666666666666,0.5454545454545454,0.14285714285714285,0.7380952380952381
1994100,0.26666666666666666,0.2222222222222222,0.5454545454545454,0.23214285714285715,0.7380952380952381
1994400,0.3,0.2222222222222222,0.5454545454545454,0.21428571428571427,0.7619047619047619
1994700,0.3,0.25,0.5,0.21428571428571427,0.7380952380952381
1995000,0.3,0.19444444444444445,0.5,0.32142857142857145,0.7619047619047619
1995300,0.3,0.16666666666666666,0.5,0.30357142857142855,0.8333333333333334
1995600,0.26666666666666666,0.16666666666666666,0.45454545454545453,0.375,0.8333333333333334
1995900,0.3,0.08333333333333333,0.45454545454545453,0.375,0.8095238095238095
1996200,0.26666666666666666,0.08333333333333333,0.4090909090909091,0.35714285714285715,0.8095238095238095
1996500,0.26666666666666666,0.1111111111111111,0.4090909090909091,0.375,0.8095238095238095
1996800,0.26666666666666666,0.08333333333333333,0.4090909090909091,0.375,0.8333333333333334
1997100,0.26666666666666666,0.08333333333333333,0.4090909090909091,0.39285714285714285,0.8571428571428571
1997400,0.26666666666666666,0.08333333333333333,0.4090909090909091,0.4107142857142857,0.8809523809523809
1997700,0.26666666666666666,0.16666666666666666,0.4090909090909091,0.42857142857142855,0.8809523809523809
1998000,0.3,0.3055555555555556,0.4090909090909091,0.5178571428571429,0.8571428571428571
1998300,0.3,0.25,0.4090909090909091,0.5178571428571429,0.8333333333333334
1998600,0.3,0.3611111111111111,0.45454545454545453,0.5178571428571429,0.8333333333333334
1998900,0.3,0.3333333333333333,0.5,0.625,0.8333333333333334
1999200,0.3,0.3055555555555556,0.4090909090909091,0.6071428571428571,0.8333333333333334
1999500,0.3,0.3333333333333333,0.4090909090909091,0.5535714285714286,0.8571428571428571
1999800,0.3,0.3611111111111111,0.4090909090909091,0.6071428571428571,0.8809523809523809
2000100,0.3,0.3055555555555556,0.4090909090909091,0.5892857142857143,0.8809523809523809
2000400,0.3,0.2777777777777778,0.4090909090909091,0.6071428571428571,0.8571428571428571
2000700,0.3,0.2777777777777778,0.4090909090909091,0.625,0.8809523809523809
2001000,0.3,0.2777777777777778,0.4090909090909091,0.6785714285714286,0.8571428571428571
2001300,0.3,0.2222222222222222,0.4090909090909091,0.6785714285714286,0.8809523809523809
2001600,0.3,0.2777777777777778,0.36363636363636365,0.6785714285714286,0.8809523809523809
2001900,0.3,0.2777777777777778,0.4090909090909091,0.6607142857142857,0.8809523809523809
2002200,0.26666666666666666,0.3611111111111111,0.36363636363636365,0.6428571428571429,0.8809523809523809
2002500,0.26666666666666666,0.2777777777777778,0.36363636363636365,0.6428571428571429,0.8571428571428571
2002800,0.26666666666666666,0.3333333333333333,0.3181818181818182,0.7678571428571429,0.8571428571428571
2003100,0.26666666666666666,0.3333333333333333,0.3181818181818182,0.8214285714285714,0.8571428571428571
2003400,0.26666666666666666,0.3055555555555556,0.3181818181818182,0.8035714285714286,0.8571428571428571
2003700,0.26666666666666666,0.3333333333333333,0.3181818181818182,0.8214285714285714,0.9047619047619048
2004000,0.26666666666666666,0.3611111111111111,0.36363636363636365,0.8214285714285714,0.8809523809523809
2004300,0.26666666666666666,0.3333333333333333,0.5,0.8214285714285714,0.8571428571428571
2004600,0.26666666666666666,0.4166666666666667,0.5454545454545454,0.8392857142857143,0.8095238095238095
2004900,0.26666666666666666,0.4444444444444444,0.5454545454545454,0.8571428571428571,0.8095238095238095
2005200,0.26666666666666666,0.4444444444444444,0.5909090909090909,0.8571428571428571,0.7857142857142857
2005500,0.26666666666666666,0.4166666666666667,0.5909090909090909,0.8571428571428571,0.7619047619047619
2005800,0.3,0.3055555555555556,0.5909090909090909,0.8392857142857143,0.6666666666666666
2006100,0.3,0.2222222222222222,0.5909090909090909,0.875,0.6904761904761905
2006400,0.3,0.3055555555555556,0.6363636363636364,0.875,0.7142857142857143
2006700,0.3,0.3055555555555556,0.6363636363636364,0.8214285714285714,0.7619047619047619
2007000,0.3,0.2777777777777778,0.6363636363636364,0.8035714285714286,0.7857142857142857
2007300,0.3,0.3055555555555556,0.6818181818181818,0.8214285714285714,0.8095238095238095
2007600,0.3,0.25,0.7272727272727273,0.8214285714285714,0.7857142857142857
2007900,0.3,0.3055555555555556,0.8181818181818182,0.8214285714285714,0.7857142857142857
2008200,0.3,0.2777777777777778,0.8181818181818182,0.8214285714285714,0.7619047619047619
2008500,0.26666666666666666,0.25,0.8181818181818182,0.8214285714285714,0.7380952380952381
2008800,0.26666666666666666,0.2222222222222222,0.8181818181818182,0.8392857142857143,0.7857142857142857
2009100,0.26666666666666666,0.19444444444444445,0.8181818181818182,0.8392857142857143,0.7857142857142857
2009400,0.26666666666666666,0.1388888888888889,0.8181818181818182,0.8571428571428571,0.7619047619047619
2009700,0.23333333333333334,0.19444444444444445,0.8181818181818182,0.8571428571428571,0.7142857142857143
2010000,0.23333333333333334,0.3055555555555556,0.7727272727272727,0.8214285714285714,0.6904761904761905
2010300,0.26666666666666666,0.3333333333333333,0.7727272727272727,0.8214285714285714,0.7142857142857143
2010600,0.23333333333333334,0.3888888888888889,0.8181818181818182,0.8392857142857143,0.7380952380952381
2010900,0.2,0.3055555555555556,0.8181818181818182,0.8392857142857143,0.7142857142857143
2011200,0.2,0.3055555555555556,0.8636363636363636,0.8214285714285714,0.5952380952380952
2011500,0.2,0.3888888888888889,0.9090909090909091,0.75,0.6190476190476191
2011800,0.2,0.3055555555555556,0.8636363636363636,0.7142857142857143,0.6666666666666666
2012100,0.2,0.3333333333333333,0.8636363636363636,0.6607142857142857,0.6904761904761905
2012400,0.23333333333333334,0.4166666666666667,0.8181818181818182,0.5892857142857143,0.7380952380952381
2012700,0.23333333333333334,0.4444444444444444,0.8181818181818182,0.5535714285714286,0.7857142857142857
2013000,0.26666666666666666,0.3888888888888889,0.7727272727272727,0.5,0.8095238095238095
2013300,0.26666666666666666,0.3333333333333333,0.7727272727272727,0.39285714285714285,0.8095238095238095
2013600,0.26666666666666666,0.3611111111111111,0.7727272727272727,0.375,0.8095238095238095
2013900,0.26666666666666666,0.3611111111111111,0.7727272727272727,0.39285714285714285,0.8095238095238095
2014200,0.26666666666666666,0.3888888888888889,0.7727272727272727,0.375,0.8333333333333334
2014500,0.26666666666666666,0.3611111111111111,0.7727272727272727,0.35714285714285715,0.7857142857142857
2014800,0.26666666666666666,0.3333333333333333,0.7727272727272727,0.375,0.8095238095238095
2015100,0.3,0.4166666666666667,0.7727272727272727,0.35714285714285715,0.8095238095238095
2015400,0.26666666666666666,0.4722222222222222,0.7727272727272727,0.39285714285714285,0.8333333333333334
2015700,0.26666666666666666,0.5555555555555556,0.7727272727272727,0.5,0.8095238095238095
2016000,0.26666666666666666,0.5555555555555556,0.7272727272727273,0.5535714285714286,0.8095238095238095
2016300,0.26666666666666666,0.6944444444444444,0.7272727272727273,0.5892857142857143,0.7857142857142857
2016600,0.26666666666666666,0.7222222222222222,0.6818181818181818,0.6428571428571429,0.8095238095238095
2016900,0.26666666666666666,0.75,0.6818181818181818,0.6428571428571429,0.8095238095238095
2017200,0.23333333333333334,0.8055555555555556,0.6818181818181818,0.6607142857142857,0.8095238095238095
2017500,0.3,0.8611111111111112,0.6818181818181818,0.6607142857142857,0.7619047619047619
2017800,0.3333333333333333,0.8611111111111112,0.6363636363636364,0.7321428571428571,0.7142857142857143
2018100,0.3333333333333333,0.8611111111111112,0.6363636363636364,0.7321428571428571,0.6666666666666666
2018400,0.36666666666666664,0.8333333333333334,0.6363636363636364,0.6964285714285714,0.6428571428571429
2018700,0.43333333333333335,0.8611111111111112,0.6363636363636364,0.7321428571428571,0.6428571428571429
2019000,0.43333333333333335,0.8611111111111112,0.6363636363636364,0.75,0.6666666666666666
2019300,0.43333333333333335,0.8611111111111112,0.6363636363636364,0.7321428571428571,0.6666666666666666
2019600,0.43333333333333335,0.8611111111111112,0.6363636363636364,0.7321428571428571,0.6666666666666666
2019900,0.43333333333333335,0.8611111111111112,0.6363636363636364,0.7321428571428571,0.6666666666666666
2020200,0.43333333333333335,0.8611111111111112,0.6363636363636364,0.7321428571428571,0.6666666666666666
2020500,0.43333333333333335,0.8611111111111112,0.6363636363636364,0.7321428571428571,0.6666666666666666
2020800,0.43333333333333335,0.8611111111111112,0.6363636363636364,0.7321428571428571,0.6666666666666666
2021100,0.43333333333333335,0.8611111111111112,0.6363636363636364,0.7321428571428571,0.6666666666666666
2021400,0.43333333333333335,0.8611111111111112,0.6363636363636364,0.7321428571428571,0.6666666666666666
2021700,0.43333333333333335,0.8611111111111112,0.6363636363636364,0.7321428571428571,0.6666666666666666
2022000,0.43333333333333335,0.8611111111111112,0.6363636363636364,0.7321428571428571,0.6666666666666666
2022300,0.43333333333333335,0.8611111111111112,0.6363636363636364,0.7321428571428571,0.6666666666666666
2022600,0.43333333333333335,0.8611111111111112,0.6363636363636364,0.7321428571428571,0.6666666666666666
2022900,0.43333333333333335,0.8611111111111112,0.6363636363636364,0.7321428571428571,0.6666666666666666
2023200,0.43333333333333335,0.8611111111111112,0.6363636363636364,0.7321428571428571,0.6666666666666666
2023500,0.43333333333333335,0.8611111111111112,0.6363636363636364,0.7321428571428571,0.6666666666666666
2023800,0.43333333333333335,0.8611111111111112,0.6363636363636364,0.7321428571428571,0.6666666666666666
2024100,0.43333333333333335,0.8611111111111112,0.6363636363636364,0.7321428571428571,0.6666666666666666
2024400,0.43333333333333335,0.8611111111111112,0.6363636363636364,0.7321428571428571,0.6666666666666666
2024700,0.43333333333333335,0.8611111111111112,0.6363636363636364,0.7321428571428571,0.6666666666666666
2025000,0.43333333333333335,0.8611111111111112,0.6363636363636364,0.7321428571428571,0.6666666666666666
2025300,0.43333333333333335,0.8611111111111112,0.6363636363636364,0.7321428571428571,0.6666666666666666
2025600,0.43333333333333335,0.8611111111111112,0.6363636363636364,0.7321428571428571,0.6666666666666666
2025900,0.43333333333333335,0.8611111111111112,0.6363636363636364,0.7321428571428571,0.6666666666666666
2026200,0.43333333333333335,0.8611111111111112,0.6363636363636364,0.7321428571428571,0.6666666666666666
2026500,0.43333333333333335,0.8611111111111112,0.6363636363636364,0.7321428571428571,0.6666666666666666
2026800,0.43333333333333335,0.8611111111111112,0.6363636363636364,0.7321428571428571,0.6666666666666666
2027100,0.43333333333333335,0.8611111111111112,0.6363636363636364,0.7321428571428571,0.6666666666666666
2027400,0.43333333333333335,0.8611111111111112,0.6363636363636364,0.7321428571428571,0.6666666666666666
2027700,0.43333333333333335,0.8611111111111112,0.6363636363636364,0.7321428571428571,0.6666666666666666
2028000,0.43333333333333335,0.8611111111111112,0.6363636363636364,0.7321428571428571,0.6666666666666666
2028300,0.43333333333333335,0.8611111111111112,0.6363636363636364,0.7321428571428571,0.6666666666666666
2028600,0.43333333333333335,0.8611111111111112,0.6363636363636364,0.7321428571428571,0.6666666666666666
2028900,0.43333333333333335,0.8611111111111112,0.6363636363636364,0.7321428571428571,0.6666666666666666
2029200,0.43333333333333335,0.8611111111111112,0.6363636363636364,0.7321428571428571,0.6666666666666666
2029500,0.43333333333333335,0.8611111111111112,0.6363636363636364,0.7321428571428571,0.6666666666666666
2029800,0.43333333333333335,0.8611111111111112,0.6363636363636364,0.7321428571428571,0.6666666666666666
2030100,0.43333333333333335,0.8611111111111112,0.6363636363636364,0.7321428571428571,0.6666666666666666
2030400,0.43333333333333335,0.8611111111111112,0.6363636363636364,0.7321428571428571,0.6666666666666666
2030700,0.43333333333333335,0.8611111111111112,0.6363636363636364,0.7321428571428571,0.6666666666666666
2031000,0.43333333333333335,0.8611111111111112,0.6363636363636364,0.7321428571428571,0.6666666666666666
2031300,0.43333333333333335,0.8611111111111112,0.6363636363636364,0.7321428571428571,0.6666666666666666
2031600,0.43333333333333335,0.8611111111111112,0.6363636363636364,0.7321428571428571,0.6666666666666666
2031900,0.43333333333333335,0.8611111111111112,0.6363636363636364,0.7321428571428571,0.6666666666666666
2032200,0.43333333333333335,0.8611111111111112,0.6363636363636364,0.7321428571428571,0.6666666666666666
2032500,0.43333333333333335,0.8611111111111112,0.6363636363636364,0.7321428571428571,0.6666666666666666
2032800,0.43333333333333335,0.8611111111111112,0.6363636363636364,0.7321428571428571,0.6666666666666666
2033100,0.43333333333333335,0.8611111111111112,0.6363636363636364,0.7321428571428571,0.6666666666666666
2033400,0.43333333333333335,0.8611111111111112,0.6363636363636364,0.7321428571428571,0.6666666666666666
2033700,0.43333333333333335,0.8611111111111112,0.6363636363636364,0.7321428571428571,0.6666666666666666
2034000,0.43333333333333335,0.8611111111111112,0.6363636363636364,0.7321428571428571,0.6666666666666666
2034300,0.43333333333333335,0.8611111111111112,0.6363636363636364,0.7321428571428571,0.6666666666666666
2034600,0.43333333333333335,0.8611111111111112,0.6363636363636364,0.7321428571428571,0.6666666666666666
2034900,0.43333333333333335,0.8611111111111112,0.6363636363636364,0.7321428571428571,0.6666666666666666
2035200,0.43333333333333335,0.8611111111111112,0.6363636363636364,0.7321428571428571,0.6666666666666666
2035500,0.43333333333333335,0.8611111111111112,0.6363636363636364,0.7321428571428571,0.6666666666666666
2035800,0.43333333333333335,0.8611111111111112,0.6363636363636364,0.7321428571428571,0.6666666666666666
2036100,0.43333333333333335,0.8611111111111112,0.6363636363636364,0.7321428571428571,0.6666666666666666
2036400,0.43333333333333335,0.8611111111111112,0.6363636363636364,0.7321428571428571,0.6666666666666666
2036700,0.43333333333333335,0.8611111111111112,0.6363636363636364,0.7321428571428571,0.6666666666666666
2037000,0.43333333333333335,0.8611111111111112,0.6363636363636364,0.7321428571428571,0.6666666666666666
2037300,0.43333333333333335,0.8611111111111112,0.6363636363636364,0.7321428571428571,0.6666666666666666
2037600,0.43333333333333335,0.8611111111111112,0.6363636363636364,0.7321428571428571,0.6666666666666666
2037900,0.43333333333333335,0.8611111111111112,0.6363636363636364,0.7321428571428571,0.6666666666666666
2038200,0.43333333333333335,0.8611111111111112,0.6363636363636364,0.7321428571428571,0.6666666666666666
2038500,0.43333333333333335,0.8611111111111112,0.6363636363636364,0.7321428571428571,0.6666666666666666
2038800,0.43333333333333335,0.8611111111111112,0.6363636363636364,0.7321428571428571,0.6666666666666666
2039100,0.43333333333333335,0.8611111111111112,0.6363636363636364,0.7321428571428571,0.6666666666666666
2039400,0.43333333333333335,0.8611111111111112,0.6363636363636364,0.7321428571428571,0.6666666666666666
2039700,0.6,0.6944444444444444,0.5454545454545454,0.75,0.5238095238095238
2040000,0.6,0.6944444444444444,0.5454545454545454,0.7321428571428571,0.6428571428571429
2040300,0.6666666666666666,0.6666666666666666,0.5909090909090909,0.75,0.5238095238095238
2040600,0.7,0.6666666666666666,0.5909090909090909,0.75,0.4523809523809524
2040900,0.7,0.6666666666666666,0.5909090909090909,0.7678571428571429,0.47619047619047616
2041200,0.7333333333333333,0.6666666666666666,0.5909090909090909,0.7678571428571429,0.5238095238095238
2041500,0.7,0.6944444444444444,0.5909090909090909,0.75,0.4523809523809524
2041800,0.7,0.7222222222222222,0.5909090909090909,0.7321428571428571,0.38095238095238093
2042100,0.7,0.6944444444444444,0.5454545454545454,0.7142857142857143,0.3333333333333333
2042400,0.7,0.7222222222222222,0.5454545454545454,0.7142857142857143,0.3333333333333333
2042700,0.7,0.7222222222222222,0.45454545454545453,0.7142857142857143,0.35714285714285715
2043000,0.7333333333333333,0.6666666666666666,0.5454545454545454,0.7321428571428571,0.38095238095238093
2043300,0.7333333333333333,0.6666666666666666,0.5454545454545454,0.7678571428571429,0.38095238095238093
2043600,0.7333333333333333,0.6666666666666666,0.5454545454545454,0.7678571428571429,0.16666666666666666
2043900,0.7,0.6666666666666666,0.5454545454545454,0.7678571428571429,0.47619047619047616
2044200,0.7,0.6666666666666666,0.45454545454545453,0.7857142857142857,0.5
2044500,0.7,0.6666666666666666,0.45454545454545453,0.7857142857142857,0.5
2044800,0.7,0.6666666666666666,0.45454545454545453,0.7857142857142857,0.5
2045100,0.7,0.6666666666666666,0.45454545454545453,0.7857142857142857,0.5
2045400,0.7,0.6666666666666666,0.45454545454545453,0.7857142857142857,0.5
2045700,0.7,0.6666666666666666,0.45454545454545453,0.7857142857142857,0.5
2046000,0.5666666666666667,0.75,0.45454545454545453,0.7857142857142857,0.42857142857142855
2046300,0.5666666666666667,0.7222222222222222,0.36363636363636365,0.8035714285714286,0.40476190476190477
2046600,0.5666666666666667,0.6944444444444444,0.3181818181818182,0.7857142857142857,0.35714285714285715
2046900,0.5666666666666667,0.7222222222222222,0.2727272727272727,0.8392857142857143,0.38095238095238093
2047200,0.5666666666666667,0.7222222222222222,0.2727272727272727,0.8392857142857143,0.38095238095238093
2047500,0.5666666666666667,0.7222222222222222,0.2727272727272727,0.8392857142857143,0.38095238095238093
2047800,0.5666666666666667,0.7222222222222222,0.2727272727272727,0.8392857142857143,0.38095238095238093
2048100,0.5666666666666667,0.7222222222222222,0.2727272727272727,0.8392857142857143,0.38095238095238093
2048400,0.5666666666666667,0.7222222222222222,0.2727272727272727,0.8392857142857143,0.38095238095238093
2048700,0.6,0.7777777777777778,0.4090909090909091,0.8214285714285714,0.4523809523809524
2049000,0.7,0.7777777777777778,0.4090909090909091,0.8035714285714286,0.5238095238095238
2049300,0.7,0.7777777777777778,0.4090909090909091,0.8035714285714286,0.5
2049600,0.7333333333333333,0.7222222222222222,0.4090909090909091,0.8035714285714286,0.5714285714285714
2049900,0.7333333333333333,0.7777777777777778,0.5,0.7857142857142857,0.6190476190476191
2050200,0.7333333333333333,0.75,0.5,0.6785714285714286,0.4523809523809524
2050500,0.7333333333333333,0.75,0.5,0.6785714285714286,0.4523809523809524
2050800,0.6666666666666666,0.75,0.5,0.6964285714285714,0.42857142857142855
2051100,0.6333333333333333,0.7222222222222222,0.6363636363636364,0.7142857142857143,0.4523809523809524
2051400,0.6333333333333333,0.7222222222222222,0.6363636363636364,0.7142857142857143,0.4523809523809524
2051700,0.6333333333333333,0.7222222222222222,0.6363636363636364,0.7142857142857143,0.4523809523809524
2052000,0.6333333333333333,0.6944444444444444,0.6363636363636364,0.75,0.40476190476190477
2052300,0.6333333333333333,0.6666666666666666,0.6363636363636364,0.7857142857142857,0.40476190476190477
2052600,0.6333333333333333,0.6388888888888888,0.5909090909090909,0.7142857142857143,0.4523809523809524
2052900,0.7333333333333333,0.6388888888888888,0.5,0.7321428571428571,0.42857142857142855
2053200,0.7,0.6666666666666666,0.4090909090909091,0.6785714285714286,0.47619047619047616
2053500,0.7,0.6666666666666666,0.4090909090909091,0.7142857142857143,0.6190476190476191
2053800,0.7,0.6666666666666666,0.4090909090909091,0.6607142857142857,0.5952380952380952
2054100,0.7,0.6111111111111112,0.4090909090909091,0.6607142857142857,0.5
2054400,0.7,0.6388888888888888,0.4090909090909091,0.6964285714285714,0.5
2054700,0.7,0.6388888888888888,0.45454545454545453,0.6785714285714286,0.5
2055000,0.7,0.6944444444444444,0.4090909090909091,0.5714285714285714,0.5952380952380952
2055300,0.6666666666666666,0.6944444444444444,0.4090909090909091,0.625,0.5238095238095238
2055600,0.6666666666666666,0.6944444444444444,0.3181818181818182,0.6428571428571429,0.5
2055900,0.6666666666666666,0.6944444444444444,0.3181818181818182,0.5357142857142857,0.47619047619047616
2056200,0.6666666666666666,0.75,0.3181818181818182,0.48214285714285715,0.42857142857142855
2056500,0.7,0.7777777777777778,0.3181818181818182,0.42857142857142855,0.40476190476190477
2056800,0.7,0.7777777777777778,0.3181818181818182,0.39285714285714285,0.5
2057100,0.6666666666666666,0.8055555555555556,0.2727272727272727,0.375,0.5238095238095238
2057400,0.6666666666666666,0.8055555555555556,0.13636363636363635,0.39285714285714285,0.5476190476190477
2057700,0.6666666666666666,0.8055555555555556,0.045454545454545456,0.39285714285714285,0.6190476190476191
2058000,0.6333333333333333,0.8055555555555556,0.045454545454545456,0.48214285714285715,0.6190476190476191
2058300,0.5666666666666667,0.8333333333333334,0.09090909090909091,0.5,0.5952380952380952
2058600,0.5666666666666667,0.8611111111111112,0.13636363636363635,0.48214285714285715,0.5238095238095238
2058900,0.5666666666666667,0.8611111111111112,0.3181818181818182,0.5,0.5238095238095238
2059200,0.6,0.8055555555555556,0.45454545454545453,0.4642857142857143,0.42857142857142855
2059500,0.5333333333333333,0.7777777777777778,0.45454545454545453,0.6071428571428571,0.47619047619047616
2059800,0.5666666666666667,0.7777777777777778,0.5,0.625,0.42857142857142855
2060100,0.5666666666666667,0.75,0.5,0.5535714285714286,0.4523809523809524
2060400,0.5666666666666667,0.75,0.5,0.5178571428571429,0.4523809523809524
2060700,0.5333333333333333,0.75,0.5,0.5357142857142857,0.35714285714285715
2061000,0.5666666666666667,0.8055555555555556,0.5454545454545454,0.5357142857142857,0.38095238095238093
2061300,0.5666666666666667,0.7777777777777778,0.5,0.5892857142857143,0.38095238095238093
2061600,0.5666666666666667,0.7777777777777778,0.5454545454545454,0.5714285714285714,0.40476190476190477
2061900,0.5666666666666667,0.7222222222222222,0.5454545454545454,0.5714285714285714,0.47619047619047616
2062200,0.6,0.6944444444444444,0.5454545454545454,0.5535714285714286,0.5
2062500,0.5,0.6944444444444444,0.6818181818181818,0.5714285714285714,0.5714285714285714
2062800,0.43333333333333335,0.6944444444444444,0.7272727272727273,0.5535714285714286,0.5952380952380952
2063100,0.4666666666666667,0.6944444444444444,0.8181818181818182,0.5357142857142857,0.6428571428571429
2063400,0.4666666666666667,0.75,0.8636363636363636,0.5357142857142857,0.6666666666666666
2063700,0.4666666666666667,0.75,0.8636363636363636,0.5178571428571429,0.7380952380952381
2064000,0.5333333333333333,0.7222222222222222,0.8636363636363636,0.48214285714285715,0.7380952380952381
2064300,0.5333333333333333,0.75,0.8636363636363636,0.44642857142857145,0.8333333333333334
2064600,0.5666666666666667,0.75,0.8181818181818182,0.42857142857142855,0.7619047619047619
2064900,0.5333333333333333,0.75,0.7272727272727273,0.4107142857142857,0.7142857142857143
2065200,0.4666666666666667,0.75,0.6363636363636364,0.42857142857142855,0.6666666666666666
2065500,0.4666666666666667,0.75,0.5909090909090909,0.48214285714285715,0.6904761904761905
2065800,0.43333333333333335,0.6944444444444444,0.6363636363636364,0.4642857142857143,0.7380952380952381
2066100,0.43333333333333335,0.75,0.6363636363636364,0.5178571428571429,0.7142857142857143
2066400,0.43333333333333335,0.7222222222222222,0.5454545454545454,0.5357142857142857,0.6666666666666666
2066700,0.43333333333333335,0.6666666666666666,0.5909090909090909,0.0,0.5238095238095238
2067000,0.4,0.6666666666666666,0.5909090909090909,0.4642857142857143,0.47619047619047616
2067300,0.4,0.6388888888888888,0.5454545454545454,0.32142857142857145,0.4523809523809524
2067600,0.4,0.6666666666666666,0.5909090909090909,0.2857142857142857,0.5
2067900,0.4,0.6388888888888888,0.6363636363636364,0.30357142857142855,0.47619047619047616
2068200,0.36666666666666664,0.6666666666666666,0.6363636363636364,0.32142857142857145,0.5476190476190477
2068500,0.4,0.6388888888888888,0.6363636363636364,0.32142857142857145,0.5952380952380952
2068800,0.3333333333333333,0.6388888888888888,0.6818181818181818,0.32142857142857145,0.5714285714285714
2069100,0.36666666666666664,0.6111111111111112,0.6818181818181818,0.26785714285714285,0.4523809523809524
2069400,0.3333333333333333,0.5833333333333334,0.6363636363636364,0.32142857142857145,0.40476190476190477
2069700,0.36666666666666664,0.6388888888888888,0.6363636363636364,0.25,0.40476190476190477
2070000,0.36666666666666664,0.7222222222222222,0.6818181818181818,0.25,0.38095238095238093
2070300,0.43333333333333335,0.7777777777777778,0.5909090909090909,0.25,0.40476190476190477
2070600,0.4666666666666667,0.7777777777777778,0.5454545454545454,0.16071428571428573,0.4523809523809524
2070900,0.43333333333333335,0.75,0.45454545454545453,0.14285714285714285,0.42857142857142855
2071200,0.4,0.7222222222222222,0.4090909090909091,0.19642857142857142,0.4523809523809524
2071500,0.4,0.6944444444444444,0.5,0.16071428571428573,0.4523809523809524
2071800,0.3333333333333333,0.6944444444444444,0.45454545454545453,0.19642857142857142,0.42857142857142855
2072100,0.36666666666666664,0.75,0.5,0.14285714285714285,0.47619047619047616
2072400,0.36666666666666664,0.75,0.5,0.16071428571428573,0.42857142857142855
2072700,0.3333333333333333,0.7222222222222222,0.5,0.14285714285714285,0.4523809523809524
2073000,0.3,0.7222222222222222,0.5,0.10714285714285714,0.47619047619047616
2073300,0.3,0.6666666666666666,0.5,0.14285714285714285,0.5238095238095238
2073600,0.3,0.5833333333333334,0.45454545454545453,0.16071428571428573,0.6190476190476191
2073900,0.23333333333333334,0.0,0.4090909090909091,0.0,0.5238095238095238
2074200,0.26666666666666666,0.5555555555555556,0.4090909090909091,0.25,0.5476190476190477
2074500,0.3,0.5,0.36363636363636365,0.25,0.5714285714285714
2074800,0.3,0.4444444444444444,0.3181818181818182,0.23214285714285715,0.5238095238095238
2075100,0.3333333333333333,0.3611111111111111,0.22727272727272727,0.25,0.42857142857142855
2075400,0.43333333333333335,0.3611111111111111,0.22727272727272727,0.21428571428571427,0.5
2075700,0.36666666666666664,0.3888888888888889,0.2727272727272727,0.30357142857142855,0.5
2076000,0.3333333333333333,0.3888888888888889,0.3181818181818182,0.3392857142857143,0.38095238095238093
2076300,0.3333333333333333,0.3333333333333333,0.3181818181818182,0.30357142857142855,0.35714285714285715
2076600,0.23333333333333334,0.3888888888888889,0.2727272727272727,0.26785714285714285,0.3333333333333333
2076900,0.23333333333333334,0.3611111111111111,0.22727272727272727,0.25,0.42857142857142855
2077200,0.23333333333333334,0.3611111111111111,0.22727272727272727,0.25,0.4523809523809524
2077500,0.23333333333333334,0.3055555555555556,0.2727272727272727,0.25,0.40476190476190477
2077800,0.23333333333333334,0.2777777777777778,0.2727272727272727,0.16071428571428573,0.5
2078100,0.2,0.3611111111111111,0.2727272727272727,0.2857142857142857,0.5
2078400,0.2,0.2777777777777778,0.2727272727272727,0.2857142857142857,0.5714285714285714
2078700,0.2,0.2777777777777778,0.3181818181818182,0.375,0.5714285714285714
2079000,0.2,0.3055555555555556,0.4090909090909091,0.35714285714285715,0.6428571428571429
2079300,0.23333333333333334,0.3333333333333333,0.5,0.35714285714285715,0.5952380952380952
2079600,0.23333333333333334,0.3333333333333333,0.5,0.3392857142857143,0.5952380952380952
2079900,0.26666666666666666,0.3055555555555556,0.5909090909090909,0.35714285714285715,0.5476190476190477
2080200,0.26666666666666666,0.3611111111111111,0.5909090909090909,0.35714285714285715,0.5476190476190477
2080500,0.23333333333333334,0.3055555555555556,0.5909090909090909,0.375,0.6190476190476191
2080800,0.23333333333333334,0.3611111111111111,0.5454545454545454,0.375,0.6666666666666666
2081100,0.23333333333333334,0.3333333333333333,0.5454545454545454,0.4107142857142857,0.7619047619047619
2081400,0.23333333333333334,0.3888888888888889,0.5909090909090909,0.35714285714285715,0.8333333333333334
2081700,0.23333333333333334,0.4444444444444444,0.7727272727272727,0.32142857142857145,0.9285714285714286
2082000,0.23333333333333334,0.4722222222222222,0.7727272727272727,0.42857142857142855,0.8809523809523809
2082300,0.23333333333333334,0.5277777777777778,0.8181818181818182,0.4107142857142857,0.8333333333333334
2082600,0.26666666666666666,0.4722222222222222,0.8181818181818182,0.42857142857142855,0.8333333333333334
2082900,0.26666666666666666,0.4444444444444444,0.8181818181818182,0.4107142857142857,0.9047619047619048
2083200,0.26666666666666666,0.4722222222222222,0.8181818181818182,0.4642857142857143,0.9047619047619048
2083500,0.26666666666666666,0.5277777777777778,0.8181818181818182,0.5178571428571429,0.9285714285714286
2083800,0.26666666666666666,0.5,0.8181818181818182,0.5714285714285714,0.9285714285714286
2084100,0.26666666666666666,0.5,0.7272727272727273,0.5357142857142857,0.9285714285714286
2084400,0.26666666666666666,0.3611111111111111,0.7272727272727273,0.5178571428571429,0.9285714285714286
2084700,0.26666666666666666,0.3055555555555556,0.7272727272727273,0.5178571428571429,0.9285714285714286
2085000,0.26666666666666666,0.3055555555555556,0.7272727272727273,0.5357142857142857,0.9285714285714286
2085300,0.26666666666666666,0.3055555555555556,0.7727272727272727,0.5357142857142857,0.9285714285714286
2085600,0.26666666666666666,0.3055555555555556,0.6818181818181818,0.5178571428571429,0.9285714285714286
2085900,0.3,0.3055555555555556,0.6363636363636364,0.42857142857142855,0.9523809523809523
2086200,0.26666666666666666,0.2777777777777778,0.5909090909090909,0.4107142857142857,0.9523809523809523
2086500,0.23333333333333334,0.25,0.5454545454545454,0.42857142857142855,0.9523809523809523
2086800,0.23333333333333334,0.25,0.5,0.42857142857142855,0.9523809523809523
2087100,0.23333333333333334,0.25,0.5454545454545454,0.4107142857142857,0.9523809523809523
2087400,0.23333333333333334,0.25,0.5454545454545454,0.4642857142857143,0.9523809523809523
2087700,0.23333333333333334,0.19444444444444445,0.5454545454545454,0.5,0.9523809523809523
2088000,0.26666666666666666,0.2222222222222222,0.5454545454545454,0.5357142857142857,0.9523809523809523
2088300,0.26666666666666666,0.19444444444444445,0.5454545454545454,0.5535714285714286,0.9285714285714286
2088600,0.26666666666666666,0.19444444444444445,0.5454545454545454,0.5535714285714286,0.9285714285714286
2088900,0.23333333333333334,0.16666666666666666,0.5,0.5535714285714286,0.9285714285714286
2089200,0.23333333333333334,0.19444444444444445,0.5454545454545454,0.6428571428571429,0.9285714285714286
2089500,0.23333333333333334,0.16666666666666666,0.6363636363636364,0.6964285714285714,0.9047619047619048
2089800,0.23333333333333334,0.16666666666666666,0.6818181818181818,0.6964285714285714,0.9285714285714286
2090100,0.23333333333333334,0.25,0.6818181818181818,0.7321428571428571,0.8809523809523809
2090400,0.23333333333333334,0.25,0.7272727272727273,0.7678571428571429,0.8571428571428571
2090700,0.23333333333333334,0.19444444444444445,0.8636363636363636,0.8035714285714286,0.8809523809523809
2091000,0.23333333333333334,0.2222222222222222,0.8636363636363636,0.8392857142857143,0.8809523809523809
2091300,0.23333333333333334,0.25,0.8636363636363636,0.8035714285714286,0.8571428571428571
2091600,0.23333333333333334,0.2222222222222222,0.8636363636363636,0.8035714285714286,0.8809523809523809
2091900,0.23333333333333334,0.19444444444444445,0.9090909090909091,0.8035714285714286,0.8809523809523809
2092200,0.23333333333333334,0.2222222222222222,0.9545454545454546,0.8214285714285714,0.8809523809523809
2092500,0.23333333333333334,0.16666666666666666,0.9090909090909091,0.8035714285714286,0.9047619047619048
2092800,0.23333333333333334,0.16666666666666666,0.9090909090909091,0.8035714285714286,0.8571428571428571
2093100,0.23333333333333334,0.19444444444444445,0.8636363636363636,0.7857142857142857,0.8333333333333334
2093400,0.23333333333333334,0.1388888888888889,0.8636363636363636,0.7857142857142857,0.8333333333333334
2093700,0.23333333333333334,0.16666666666666666,0.8636363636363636,0.75,0.8333333333333334
2094000,0.23333333333333334,0.16666666666666666,0.8636363636363636,0.7142857142857143,0.8333333333333334
2094300,0.23333333333333334,0.19444444444444445,0.8636363636363636,0.6785714285714286,0.8333333333333334
2094600,0.23333333333333334,0.3055555555555556,0.8636363636363636,0.6785714285714286,0.8095238095238095
2094900,0.2,0.3333333333333333,0.8636363636363636,0.6964285714285714,0.8571428571428571
2095200,0.2,0.2777777777777778,0.8636363636363636,0.6607142857142857,0.8333333333333334
2095500,0.2,0.3055555555555556,0.8636363636363636,0.6428571428571429,0.8809523809523809
2095800,0.0,0.0,0.8636363636363636,0.0,0.9047619047619048
2096100,0.23333333333333334,0.3333333333333333,0.8636363636363636,0.7321428571428571,0.8809523809523809
2096400,0.2,0.2777777777777778,0.8636363636363636,0.7321428571428571,0.8571428571428571
2096700,0.23333333333333334,0.4166666666666667,0.8636363636363636,0.6785714285714286,0.8809523809523809
2097000,0.23333333333333334,0.3611111111111111,0.9090909090909091,0.6607142857142857,0.8095238095238095
2097300,0.23333333333333334,0.3888888888888889,0.8636363636363636,0.6428571428571429,0.8095238095238095
2097600,0.3,0.3888888888888889,0.8636363636363636,0.6428571428571429,0.8095238095238095
2097900,0.26666666666666666,0.3888888888888889,0.8636363636363636,0.6428571428571429,0.7857142857142857
2098200,0.3,0.3888888888888889,0.8636363636363636,0.6071428571428571,0.8095238095238095
2098500,0.3333333333333333,0.5,0.8636363636363636,0.6071428571428571,0.8095238095238095
2098800,0.3,0.5555555555555556,0.8636363636363636,0.5714285714285714,0.8095238095238095
2099100,0.3333333333333333,0.5833333333333334,0.8636363636363636,0.5535714285714286,0.8571428571428571
2099400,0.3333333333333333,0.5,0.8636363636363636,0.5714285714285714,0.8333333333333334
2099700,0.36666666666666664,0.5,0.8636363636363636,0.5357142857142857,0.8095238095238095
2100000,0.36666666666666664,0.4722222222222222,0.8636363636363636,0.44642857142857145,0.8333333333333334
2100300,0.3333333333333333,0.4722222222222222,0.8636363636363636,0.42857142857142855,0.7857142857142857
2100600,0.3333333333333333,0.4444444444444444,0.8636363636363636,0.375,0.7619047619047619
2100900,0.3333333333333333,0.5,0.8636363636363636,0.4642857142857143,0.7380952380952381
2101200,0.3333333333333333,0.5,0.8636363636363636,0.42857142857142855,0.7142857142857143
2101500,0.3333333333333333,0.5277777777777778,0.8636363636363636,0.44642857142857145,0.7142857142857143
2101800,0.36666666666666664,0.4722222222222222,0.8636363636363636,0.48214285714285715,0.7380952380952381
2102100,0.3333333333333333,0.4722222222222222,0.8636363636363636,0.5178571428571429,0.6666666666666666
2102400,0.3333333333333333,0.5,0.8636363636363636,0.5178571428571429,0.6904761904761905
2102700,0.3333333333333333,0.5833333333333334,0.8636363636363636,0.5178571428571429,0.6904761904761905
2103000,0.3333333333333333,0.6111111111111112,0.8636363636363636,0.5535714285714286,0.6904761904761905
2103300,0.36666666666666664,0.6388888888888888,0.8636363636363636,0.5535714285714286,0.6904761904761905
2103600,0.4,0.6388888888888888,0.8636363636363636,0.5357142857142857,0.7380952380952381
2103900,0.4,0.6388888888888888,0.8636363636363636,0.5892857142857143,0.7619047619047619
2104200,0.5333333333333333,0.6666666666666666,0.8636363636363636,0.6607142857142857,0.6666666666666666
2104500,0.5333333333333333,0.6388888888888888,0.8181818181818182,0.5714285714285714,0.47619047619047616
2104800,0.5333333333333333,0.6666666666666666,0.8181818181818182,0.5357142857142857,0.4523809523809524
2105100,0.5666666666666667,0.6944444444444444,0.7727272727272727,0.5,0.38095238095238093
2105400,0.6,0.6944444444444444,0.7727272727272727,0.5178571428571429,0.4523809523809524
2105700,0.6,0.6944444444444444,0.7727272727272727,0.5,0.4523809523809524
2106000,0.6,0.7222222222222222,0.7272727272727273,0.4642857142857143,0.38095238095238093
2106300,0.6,0.6666666666666666,0.7272727272727273,0.5178571428571429,0.35714285714285715
2106600,0.6333333333333333,0.6666666666666666,0.7272727272727273,0.5,0.42857142857142855
2106900,0.6333333333333333,0.6666666666666666,0.7272727272727273,0.5,0.40476190476190477
2107200,0.7,0.7222222222222222,0.6818181818181818,0.5178571428571429,0.4523809523809524
2107500,0.7,0.7777777777777778,0.6818181818181818,0.5357142857142857,0.38095238095238093
2107800,0.7,0.7777777777777778,0.7272727272727273,0.5892857142857143,0.30952380952380953
2108100,0.7,0.7777777777777778,0.6818181818181818,0.6428571428571429,0.38095238095238093
2108400,0.6666666666666666,0.8055555555555556,0.5454545454545454,0.625,0.2619047619047619
2108700,0.6666666666666666,0.8333333333333334,0.6363636363636364,0.6964285714285714,0.16666666666666666
2109000,0.7,0.8611111111111112,0.6818181818181818,0.6964285714285714,0.047619047619047616
2109300,0.7,0.8888888888888888,0.6363636363636364,0.75,0.19047619047619047
2109600,0.7,0.8888888888888888,0.6363636363636364,0.7678571428571429,0.2619047619047619
2109900,0.7,0.8888888888888888,0.5909090909090909,0.7678571428571429,0.19047619047619047
2110200,0.7,0.8611111111111112,0.5909090909090909,0.8214285714285714,0.14285714285714285
2110500,0.6666666666666666,0.8611111111111112,0.6818181818181818,0.8928571428571429,0.19047619047619047
2110800,0.6666666666666666,0.8333333333333334,0.6363636363636364,0.875,0.16666666666666666
2111100,0.7,0.8333333333333334,0.6363636363636364,0.8571428571428571,0.2619047619047619
2111400,0.6333333333333333,0.8333333333333334,0.6363636363636364,0.875,0.30952380952380953
2111700,0.6333333333333333,0.8333333333333334,0.6363636363636364,0.8392857142857143,0.23809523809523808
2112000,0.6333333333333333,0.8055555555555556,0.6363636363636364,0.8214285714285714,0.21428571428571427
2112300,0.5666666666666667,0.8055555555555556,0.7272727272727273,0.8214285714285714,0.14285714285714285
2112600,0.5666666666666667,0.7777777777777778,0.7272727272727273,0.8214285714285714,0.047619047619047616
2112900,0.5333333333333333,0.75,0.7272727272727273,0.8392857142857143,0.047619047619047616
2113200,0.5,0.75,0.7272727272727273,0.8571428571428571,0.07142857142857142
2113500,0.5666666666666667,0.75,0.6818181818181818,0.875,0.11904761904761904
2113800,0.5666666666666667,0.75,0.6818181818181818,0.8928571428571429,0.19047619047619047
2114100,0.6,0.7222222222222222,0.6818181818181818,0.9107142857142857,0.11904761904761904
2114400,0.5333333333333333,0.75,0.7272727272727273,0.9285714285714286,0.16666666666666666
2114700,0.5333333333333333,0.75,0.7272727272727273,0.9285714285714286,0.16666666666666666
2115000,0.6,0.7777777777777778,0.6818181818181818,0.9464285714285714,0.14285714285714285
2115300,0.7,0.7222222222222222,0.6818181818181818,0.9285714285714286,0.14285714285714285
2115600,0.7,0.7222222222222222,0.6363636363636364,0.9285714285714286,0.07142857142857142
2115900,0.7333333333333333,0.75,0.5909090909090909,0.9107142857142857,0.14285714285714285
2116200,0.7666666666666667,0.6944444444444444,0.5909090909090909,0.9107142857142857,0.2619047619047619
2116500,0.7666666666666667,0.6666666666666666,0.5909090909090909,0.8928571428571429,0.23809523809523808
2116800,0.7666666666666667,0.6388888888888888,0.5909090909090909,0.8928571428571429,0.11904761904761904
2117100,0.7666666666666667,0.6666666666666666,0.5,0.8571428571428571,0.16666666666666666
2117400,0.7666666666666667,0.6388888888888888,0.4090909090909091,0.7857142857142857,0.2857142857142857
2117700,0.7666666666666667,0.5833333333333334,0.45454545454545453,0.6964285714285714,0.23809523809523808
2118000,0.7,0.5555555555555556,0.4090909090909091,0.6071428571428571,0.07142857142857142
2118300,0.7666666666666667,0.5277777777777778,0.5,0.625,0.14285714285714285
2118600,0.7666666666666667,0.5555555555555556,0.5909090909090909,0.625,0.14285714285714285
2118900,0.7333333333333333,0.5,0.5454545454545454,0.5892857142857143,0.09523809523809523
2119200,0.7333333333333333,0.5555555555555556,0.5454545454545454,0.5714285714285714,0.14285714285714285
2119500,0.6666666666666666,0.4722222222222222,0.5,0.5357142857142857,0.19047619047619047
2119800,0.7,0.3888888888888889,0.5454545454545454,0.5714285714285714,0.14285714285714285
2120100,0.7,0.3333333333333333,0.5909090909090909,0.5357142857142857,0.14285714285714285
2120400,0.6,0.3333333333333333,0.5454545454545454,0.5892857142857143,0.09523809523809523
2120700,0.6,0.3055555555555556,0.5454545454545454,0.5714285714285714,0.11904761904761904
2121000,0.5333333333333333,0.3055555555555556,0.5909090909090909,0.5714285714285714,0.023809523809523808
2121300,0.5333333333333333,0.3611111111111111,0.6363636363636364,0.5357142857142857,0.14285714285714285
2121600,0.5333333333333333,0.3611111111111111,0.6818181818181818,0.5535714285714286,0.16666666666666666
2121900,0.5,0.3611111111111111,0.5909090909090909,0.6071428571428571,0.11904761904761904
2122200,0.5,0.4166666666666667,0.6363636363636364,0.6428571428571429,0.14285714285714285
2122500,0.4666666666666667,0.4444444444444444,0.5909090909090909,0.6607142857142857,0.21428571428571427
2122800,0.4666666666666667,0.4166666666666667,0.6363636363636364,0.6785714285714286,0.09523809523809523
2123100,0.5,0.4166666666666667,0.6363636363636364,0.7321428571428571,0.09523809523809523
2123400,0.5333333333333333,0.4166666666666667,0.7272727272727273,0.7678571428571429,0.14285714285714285
2123700,0.6,0.4444444444444444,0.7272727272727273,0.8392857142857143,0.11904761904761904
2124000,0.6333333333333333,0.5,0.7272727272727273,0.9107142857142857,0.19047619047619047
2124300,0.6333333333333333,0.5,0.7272727272727273,0.875,0.21428571428571427
2124600,0.6,0.5555555555555556,0.6818181818181818,0.875,0.2619047619047619
2124900,0.5666666666666667,0.6111111111111112,0.6818181818181818,0.8928571428571429,0.30952380952380953
2125200,0.5666666666666667,0.6944444444444444,0.6818181818181818,0.875,0.16666666666666666
2125500,0.5666666666666667,0.7222222222222222,0.6818181818181818,0.8928571428571429,0.19047619047619047
2125800,0.5333333333333333,0.7777777777777778,0.5909090909090909,0.9285714285714286,0.09523809523809523
2126100,0.5333333333333333,0.8055555555555556,0.6363636363636364,0.8571428571428571,0.07142857142857142
2126400,0.5333333333333333,0.8055555555555556,0.6363636363636364,0.8571428571428571,0.07142857142857142
2126700,0.5333333333333333,0.8055555555555556,0.5909090909090909,0.8214285714285714,0.047619047619047616
2127000,0.5666666666666667,0.7777777777777778,0.6363636363636364,0.8571428571428571,0.023809523809523808
2127300,0.5333333333333333,0.7777777777777778,0.5909090909090909,0.8571428571428571,0.047619047619047616
2127600,0.6,0.75,0.5909090909090909,0.875,0.07142857142857142
2127900,0.6,0.7222222222222222,0.6363636363636364,0.8035714285714286,0.09523809523809523
2128200,0.6,0.7222222222222222,0.6363636363636364,0.8035714285714286,0.07142857142857142
2128500,0.6333333333333333,0.7222222222222222,0.6363636363636364,0.8392857142857143,0.09523809523809523
2128800,0.6333333333333333,0.7222222222222222,0.5454545454545454,0.8928571428571429,0.023809523809523808
2129100,0.6333333333333333,0.6944444444444444,0.45454545454545453,0.8928571428571429,0.07142857142857142
2129400,0.6666666666666666,0.6666666666666666,0.6363636363636364,0.9107142857142857,0.19047619047619047
2129700,0.6666666666666666,0.6666666666666666,0.6818181818181818,0.9642857142857143,0.19047619047619047
2130000,0.6666666666666666,0.6666666666666666,0.5909090909090909,0.9285714285714286,0.07142857142857142
2130300,0.7666666666666667,0.6666666666666666,0.45454545454545453,0.9285714285714286,0.09523809523809523
2130600,0.8,0.6388888888888888,0.5909090909090909,0.9107142857142857,0.09523809523809523
2130900,0.7666666666666667,0.6666666666666666,0.5909090909090909,0.9107142857142857,0.11904761904761904
2131200,0.7,0.6388888888888888,0.5909090909090909,0.9107142857142857,0.047619047619047616
2131500,0.6666666666666666,0.6388888888888888,0.0,0.8928571428571429,0.047619047619047616
2131800,0.7333333333333333,0.0,0.6363636363636364,0.0,0.07142857142857142
2132100,0.7333333333333333,0.6944444444444444,0.6363636363636364,0.8571428571428571,0.16666666666666666
2132400,0.7333333333333333,0.6944444444444444,0.5909090909090909,0.8571428571428571,0.11904761904761904
2132700,0.6666666666666666,0.6944444444444444,0.5909090909090909,0.7678571428571429,0.19047619047619047
2133000,0.5666666666666667,0.6388888888888888,0.6363636363636364,0.8035714285714286,0.21428571428571427
2133300,0.6,0.6111111111111112,0.6363636363636364,0.7678571428571429,0.11904761904761904
2133600,0.6,0.75,0.7272727272727273,0.75,0.14285714285714285
2133900,0.5333333333333333,0.7777777777777778,0.7727272727272727,0.8035714285714286,0.21428571428571427
2134200,0.5333333333333333,0.75,0.8181818181818182,0.7678571428571429,0.19047619047619047
2134500,0.5333333333333333,0.7777777777777778,0.8181818181818182,0.7678571428571429,0.19047619047619047
2134800,0.6,0.6388888888888888,0.7727272727272727,0.75,0.11904761904761904
2135100,0.5666666666666667,0.6666666666666666,0.7272727272727273,0.6428571428571429,0.047619047619047616
2135400,0.5333333333333333,0.5833333333333334,0.7272727272727273,0.625,0.11904761904761904
2135700,0.5333333333333333,0.5277777777777778,0.7272727272727273,0.6071428571428571,0.16666666666666666
2136000,0.5666666666666667,0.5555555555555556,0.6818181818181818,0.6071428571428571,0.023809523809523808
2136300,0.5666666666666667,0.5555555555555556,0.6818181818181818,0.5892857142857143,0.047619047619047616
2136600,0.6,0.5555555555555556,0.6818181818181818,0.5714285714285714,0.09523809523809523
2136900,0.6333333333333333,0.5833333333333334,0.7272727272727273,0.625,0.047619047619047616
2137200,0.6333333333333333,0.5555555555555556,0.7272727272727273,0.5714285714285714,0.09523809523809523
2137500,0.5666666666666667,0.6111111111111112,0.7272727272727273,0.5535714285714286,0.047619047619047616
2137800,0.5666666666666667,0.6111111111111112,0.7272727272727273,0.5535714285714286,0.047619047619047616
2138100,0.4666666666666667,0.6111111111111112,0.7272727272727273,0.7321428571428571,0.09523809523809523
2138400,0.5,0.6388888888888888,0.6818181818181818,0.7321428571428571,0.11904761904761904
2138700,0.5,0.6111111111111112,0.6818181818181818,0.7678571428571429,0.19047619047619047
2139000,0.5,0.6666666666666666,0.6818181818181818,0.6785714285714286,0.19047619047619047
2139300,0.6,0.6944444444444444,0.6818181818181818,0.625,0.21428571428571427
2139600,0.6,0.7222222222222222,0.6818181818181818,0.625,0.07142857142857142
2139900,0.5333333333333333,0.7777777777777778,0.7272727272727273,0.6428571428571429,0.14285714285714285
2140200,0.5666666666666667,0.7777777777777778,0.6818181818181818,0.6607142857142857,0.14285714285714285
2140500,0.6333333333333333,0.7777777777777778,0.6818181818181818,0.7321428571428571,0.07142857142857142
2140800,0.6666666666666666,0.7777777777777778,0.5909090909090909,0.7857142857142857,0.16666666666666666
2141100,0.6666666666666666,0.7777777777777778,0.5909090909090909,0.7678571428571429,0.14285714285714285
2141400,0.7,0.8055555555555556,0.5454545454545454,0.7857142857142857,0.11904761904761904
2141700,0.7,0.8333333333333334,0.5454545454545454,0.8392857142857143,0.047619047619047616
2142000,0.7,0.8333333333333334,0.5,0.7678571428571429,0.023809523809523808
2142300,0.7666666666666667,0.8333333333333334,0.4090909090909091,0.75,0.09523809523809523
2142600,0.7666666666666667,0.7777777777777778,0.4090909090909091,0.6428571428571429,0.09523809523809523
2142900,0.7666666666666667,0.7777777777777778,0.4090909090909091,0.5892857142857143,0.11904761904761904
2143200,0.8,0.7777777777777778,0.36363636363636365,0.5178571428571429,0.07142857142857142
2143500,0.8333333333333334,0.7777777777777778,0.45454545454545453,0.5178571428571429,0.07142857142857142
2143800,0.8333333333333334,0.7777777777777778,0.5,0.5,0.07142857142857142
2144100,0.8,0.7777777777777778,0.5,0.375,0.07142857142857142
2144400,0.7,0.75,0.5,0.23214285714285715,0.07142857142857142
2144700,0.7,0.7222222222222222,0.4090909090909091,0.21428571428571427,0.19047619047619047
2145000,0.6333333333333333,0.6944444444444444,0.4090909090909091,0.16071428571428573,0.23809523809523808
2145300,0.6333333333333333,0.6944444444444444,0.4090909090909091,0.16071428571428573,0.14285714285714285
2145600,0.6,0.6944444444444444,0.36363636363636365,0.17857142857142858,0.11904761904761904
2145900,0.5666666666666667,0.6944444444444444,0.45454545454545453,0.25,0.09523809523809523
2146200,0.0,0.0,0.0,0.0,0.07142857142857142
2146500,0.6,0.6666666666666666,0.36363636363636365,0.21428571428571427,0.14285714285714285
2146800,0.6,0.6388888888888888,0.36363636363636365,0.17857142857142858,0.11904761904761904
2147100,0.6,0.6388888888888888,0.2727272727272727,0.23214285714285715,0.047619047619047616
2147400,0.5,0.5833333333333334,0.2727272727272727,0.21428571428571427,0.14285714285714285
2147700,0.43333333333333335,0.5555555555555556,0.3181818181818182,0.26785714285714285,0.19047619047619047
2148000,0.4666666666666667,0.5555555555555556,0.2727272727272727,0.25,0.14285714285714285
2148300,0.43333333333333335,0.6111111111111112,0.22727272727272727,0.25,0.11904761904761904
2148600,0.43333333333333335,0.6111111111111112,0.18181818181818182,0.30357142857142855,0.11904761904761904
2148900,0.4,0.5833333333333334,0.22727272727272727,0.35714285714285715,0.2857142857142857
2149200,0.43333333333333335,0.6944444444444444,0.13636363636363635,0.4107142857142857,0.35714285714285715
2149500,0.4,0.7222222222222222,0.18181818181818182,0.3392857142857143,0.38095238095238093
2149800,0.3333333333333333,0.7222222222222222,0.2727272727272727,0.32142857142857145,0.35714285714285715
2150100,0.36666666666666664,0.75,0.22727272727272727,0.39285714285714285,0.3333333333333333
2150400,0.36666666666666664,0.75,0.18181818181818182,0.4107142857142857,0.35714285714285715
2150700,0.4,0.7222222222222222,0.18181818181818182,0.35714285714285715,0.30952380952380953
2151000,0.36666666666666664,0.75,0.13636363636363635,0.42857142857142855,0.30952380952380953
2151300,0.36666666666666664,0.75,0.2727272727272727,0.42857142857142855,0.42857142857142855
2151600,0.36666666666666664,0.75,0.18181818181818182,0.48214285714285715,0.5
2151900,0.3333333333333333,0.75,0.22727272727272727,0.5,0.47619047619047616
2152200,0.26666666666666666,0.75,0.3181818181818182,0.5,0.47619047619047616
2152500,0.3,0.75,0.36363636363636365,0.5,0.4523809523809524
2152800,0.3333333333333333,0.75,0.3181818181818182,0.44642857142857145,0.5
2153100,0.3,0.7777777777777778,0.45454545454545453,0.44642857142857145,0.42857142857142855
2153400,0.3,0.7777777777777778,0.36363636363636365,0.42857142857142855,0.40476190476190477
2153700,0.3,0.7222222222222222,0.4090909090909091,0.375,0.35714285714285715
2154000,0.3,0.6944444444444444,0.45454545454545453,0.35714285714285715,0.40476190476190477
2154300,0.3,0.6944444444444444,0.45454545454545453,0.375,0.47619047619047616
2154600,0.3,0.6944444444444444,0.5454545454545454,0.30357142857142855,0.47619047619047616
2154900,0.3,0.7222222222222222,0.5,0.32142857142857145,0.5
2155200,0.3,0.7222222222222222,0.45454545454545453,0.35714285714285715,0.5
2155500,0.3,0.7222222222222222,0.3181818181818182,0.35714285714285715,0.5238095238095238
2155800,0.36666666666666664,0.6944444444444444,0.3181818181818182,0.21428571428571427,0.6190476190476191
2156100,0.43333333333333335,0.6111111111111112,0.2727272727272727,0.14285714285714285,0.5952380952380952
2156400,0.43333333333333335,0.6666666666666666,0.22727272727272727,0.14285714285714285,0.5952380952380952
2156700,0.36666666666666664,0.6388888888888888,0.13636363636363635,0.14285714285714285,0.47619047619047616
2157000,0.3,0.5555555555555556,0.2727272727272727,0.125,0.47619047619047616
2157300,0.23333333333333334,0.5,0.2727272727272727,0.21428571428571427,0.47619047619047616
2157600,0.2,0.5555555555555556,0.22727272727272727,0.17857142857142858,0.38095238095238093
2157900,0.2,0.5555555555555556,0.13636363636363635,0.26785714285714285,0.3333333333333333
2158200,0.16666666666666666,0.5833333333333334,0.13636363636363635,0.25,0.4523809523809524
2158500,0.26666666666666666,0.6111111111111112,0.09090909090909091,0.16071428571428573,0.2857142857142857
2158800,0.26666666666666666,0.6111111111111112,0.045454545454545456,0.26785714285714285,0.35714285714285715
2159100,0.26666666666666666,0.5277777777777778,0.09090909090909091,0.26785714285714285,0.2857142857142857
2159400,0.3,0.5833333333333334,0.09090909090909091,0.26785714285714285,0.38095238095238093
2159700,0.3333333333333333,0.6666666666666666,0.22727272727272727,0.21428571428571427,0.35714285714285715
2160000,0.3333333333333333,0.6388888888888888,0.2727272727272727,0.17857142857142858,0.35714285714285715
2160300,0.3,0.6388888888888888,0.3181818181818182,0.17857142857142858,0.38095238095238093
2160600,0.23333333333333334,0.4444444444444444,0.3181818181818182,0.08928571428571429,0.30952380952380953
2160900,0.26666666666666666,0.4444444444444444,0.3181818181818182,0.05357142857142857,0.2619047619047619
2161200,0.23333333333333334,0.4444444444444444,0.3181818181818182,0.07142857142857142,0.21428571428571427
2161500,0.2,0.3611111111111111,0.22727272727272727,0.05357142857142857,0.30952380952380953
2161800,0.2,0.3333333333333333,0.22727272727272727,0.125,0.2619047619047619
2162100,0.16666666666666666,0.3888888888888889,0.18181818181818182,0.10714285714285714,0.2857142857142857
2162400,0.13333333333333333,0.3611111111111111,0.2727272727272727,0.08928571428571429,0.30952380952380953
2162700,0.13333333333333333,0.4722222222222222,0.3181818181818182,0.10714285714285714,0.42857142857142855
2163000,0.13333333333333333,0.5277777777777778,0.36363636363636365,0.16071428571428573,0.5
2163300,0.13333333333333333,0.5,0.36363636363636365,0.125,0.4523809523809524
2163600,0.13333333333333333,0.4722222222222222,0.36363636363636365,0.17857142857142858,0.4523809523809524
2163900,0.13333333333333333,0.4166666666666667,0.3181818181818182,0.14285714285714285,0.5476190476190477
2164200,0.13333333333333333,0.3888888888888889,0.3181818181818182,0.14285714285714285,0.6428571428571429
2164500,0.13333333333333333,0.3611111111111111,0.3181818181818182,0.21428571428571427,0.6428571428571429
2164800,0.16666666666666666,0.2777777777777778,0.36363636363636365,0.19642857142857142,0.6904761904761905
2165100,0.16666666666666666,0.2777777777777778,0.36363636363636365,0.19642857142857142,0.6904761904761905
2165400,0.2,0.2777777777777778,0.45454545454545453,0.25,0.7142857142857143
2165700,0.16666666666666666,0.25,0.45454545454545453,0.23214285714285715,0.6428571428571429
2166000,0.2,0.2777777777777778,0.5454545454545454,0.25,0.6428571428571429
2166300,0.23333333333333334,0.25,0.6818181818181818,0.26785714285714285,0.6190476190476191
2166600,0.23333333333333334,0.2222222222222222,0.6363636363636364,0.30357142857142855,0.6666666666666666
2166900,0.2,0.19444444444444445,0.6818181818181818,0.25,0.7142857142857143
2167200,0.16666666666666666,0.25,0.6363636363636364,0.21428571428571427,0.7619047619047619
2167500,0.13333333333333333,0.16666666666666666,0.5909090909090909,0.32142857142857145,0.8095238095238095
2167800,0.13333333333333333,0.2222222222222222,0.5909090909090909,0.32142857142857145,0.8095238095238095
2168100,0.13333333333333333,0.2222222222222222,0.5909090909090909,0.32142857142857145,0.7142857142857143
2168400,0.13333333333333333,0.19444444444444445,0.5909090909090909,0.3392857142857143,0.6904761904761905
2168700,0.13333333333333333,0.19444444444444445,0.5,0.4107142857142857,0.7142857142857143
2169000,0.13333333333333333,0.2222222222222222,0.5,0.4107142857142857,0.7380952380952381
2169300,0.13333333333333333,0.25,0.5,0.4642857142857143,0.7142857142857143
2169600,0.16666666666666666,0.16666666666666666,0.5,0.5178571428571429,0.6666666666666666
2169900,0.16666666666666666,0.2222222222222222,0.45454545454545453,0.5535714285714286,0.6428571428571429
2170200,0.16666666666666666,0.19444444444444445,0.5909090909090909,0.6071428571428571,0.6904761904761905
2170500,0.2,0.19444444444444445,0.6363636363636364,0.5714285714285714,0.7142857142857143
2170800,0.2,0.25,0.6818181818181818,0.5535714285714286,0.7380952380952381
2171100,0.2,0.25,0.7272727272727273,0.5357142857142857,0.7619047619047619
2171400,0.2,0.3055555555555556,0.6818181818181818,0.5714285714285714,0.7857142857142857
2171700,0.2,0.2777777777777778,0.6363636363636364,0.5357142857142857,0.8571428571428571
2172000,0.2,0.3055555555555556,0.6363636363636364,0.5535714285714286,0.8571428571428571
2172300,0.2,0.3611111111111111,0.6363636363636364,0.5535714285714286,0.8571428571428571
2172600,0.2,0.3333333333333333,0.6363636363636364,0.5535714285714286,0.8571428571428571
2172900,0.2,0.3333333333333333,0.6363636363636364,0.5535714285714286,0.8571428571428571
2173200,0.2,0.2777777777777778,0.6363636363636364,0.5535714285714286,0.8571428571428571
2173500,0.2,0.2222222222222222,0.6363636363636364,0.5535714285714286,0.8333333333333334
2173800,0.2,0.19444444444444445,0.6363636363636364,0.5535714285714286,0.8333333333333334
2174100,0.2,0.25,0.6363636363636364,0.5535714285714286,0.8809523809523809
2174400,0.2,0.3055555555555556,0.6363636363636364,0.5,0.8571428571428571
2174700,0.2,0.3333333333333333,0.6363636363636364,0.5892857142857143,0.8333333333333334
2175000,0.0,0.0,0.6363636363636364,0.0,0.8333333333333334
2175300,0.2,0.3055555555555556,0.5909090909090909,0.5535714285714286,0.8333333333333334
2175600,0.2,0.2777777777777778,0.5909090909090909,0.5535714285714286,0.8571428571428571
2175900,0.2,0.2777777777777778,0.5454545454545454,0.5357142857142857,0.8571428571428571
2176200,0.2,0.3611111111111111,0.5454545454545454,0.5,0.8571428571428571
2176500,0.2,0.3333333333333333,0.5454545454545454,0.5,0.8809523809523809
2176800,0.2,0.3611111111111111,0.5,0.5714285714285714,0.9047619047619048
2177100,0.16666666666666666,0.3611111111111111,0.5,0.5892857142857143,0.8809523809523809
2177400,0.16666666666666666,0.4444444444444444,0.5,0.625,0.8571428571428571
2177700,0.16666666666666666,0.3611111111111111,0.5,0.6428571428571429,0.8571428571428571
2178000,0.23333333333333334,0.3333333333333333,0.5,0.6428571428571429,0.8333333333333334
2178300,0.2,0.3333333333333333,0.5,0.6428571428571429,0.8333333333333334
2178600,0.2,0.3333333333333333,0.5454545454545454,0.6607142857142857,0.8333333333333334
2178900,0.2,0.25,0.5,0.7678571428571429,0.8095238095238095
2179200,0.23333333333333334,0.25,0.5454545454545454,0.75,0.8333333333333334
2179500,0.2,0.2222222222222222,0.5454545454545454,0.7678571428571429,0.8333333333333334
2179800,0.2,0.2222222222222222,0.5,0.7857142857142857,0.7857142857142857
2180100,0.2,0.2777777777777778,0.5454545454545454,0.7857142857142857,0.8095238095238095
2180400,0.2,0.3055555555555556,0.5454545454545454,0.7678571428571429,0.8333333333333334
2180700,0.2,0.3055555555555556,0.5454545454545454,0.75,0.8571428571428571
2181000,0.2,0.2777777777777778,0.5454545454545454,0.75,0.8571428571428571
2181300,0.2,0.2777777777777778,0.5454545454545454,0.75,0.8571428571428571
2181600,0.2,0.3611111111111111,0.5,0.7678571428571429,0.8333333333333334
2181900,0.2,0.3055555555555556,0.5,0.75,0.8095238095238095
2182200,0.2,0.3611111111111111,0.45454545454545453,0.75,0.8095238095238095
2182500,0.2,0.3333333333333333,0.5454545454545454,0.8035714285714286,0.8333333333333334
2182800,0.23333333333333334,0.4444444444444444,0.5454545454545454,0.7857142857142857,0.8095238095238095
2183100,0.23333333333333334,0.5,0.5454545454545454,0.7857142857142857,0.7857142857142857
2183400,0.23333333333333334,0.4444444444444444,0.5909090909090909,0.8214285714285714,0.7619047619047619
2183700,0.23333333333333334,0.4722222222222222,0.6363636363636364,0.8035714285714286,0.7380952380952381
2184000,0.23333333333333334,0.5,0.5909090909090909,0.7321428571428571,0.7619047619047619
2184300,0.23333333333333334,0.5277777777777778,0.5909090909090909,0.6785714285714286,0.7619047619047619
2184600,0.3,0.4166666666666667,0.6363636363636364,0.6428571428571429,0.7619047619047619
2184900,0.26666666666666666,0.4166666666666667,0.6818181818181818,0.5892857142857143,0.7619047619047619
2185200,0.26666666666666666,0.3333333333333333,0.6818181818181818,0.5535714285714286,0.7380952380952381
2185500,0.3,0.4166666666666667,0.6818181818181818,0.5357142857142857,0.7142857142857143
2185800,0.3,0.4166666666666667,0.6818181818181818,0.5,0.6904761904761905
2186100,0.3333333333333333,0.4166666666666667,0.6818181818181818,0.42857142857142855,0.6904761904761905
2186400,0.3,0.3888888888888889,0.6818181818181818,0.42857142857142855,0.6428571428571429
2186700,0.36666666666666664,0.3888888888888889,0.6818181818181818,0.4107142857142857,0.6190476190476191
2187000,0.36666666666666664,0.4166666666666667,0.6818181818181818,0.35714285714285715,0.5952380952380952
2187300,0.4,0.4444444444444444,0.6818181818181818,0.32142857142857145,0.5238095238095238
2187600,0.4,0.5277777777777778,0.6818181818181818,0.375,0.42857142857142855
2187900,0.4666666666666667,0.5,0.7272727272727273,0.35714285714285715,0.38095238095238093
2188200,0.4666666666666667,0.5555555555555556,0.7272727272727273,0.4107142857142857,0.38095238095238093
2188500,0.5,0.5833333333333334,0.7272727272727273,0.48214285714285715,0.42857142857142855
2188800,0.5,0.6666666666666666,0.7272727272727273,0.5,0.6190476190476191
2189100,0.5,0.7222222222222222,0.7272727272727273,0.5535714285714286,0.6428571428571429
2189400,0.0,0.0,0.0,0.0,0.6666666666666666
2189700,0.5666666666666667,0.75,0.7272727272727273,0.625,0.7619047619047619
2190000,0.5666666666666667,0.75,0.7272727272727273,0.6428571428571429,0.7142857142857143
2190300,0.5666666666666667,0.7777777777777778,0.7272727272727273,0.6428571428571429,0.6666666666666666
2190600,0.5666666666666667,0.7777777777777778,0.7272727272727273,0.6428571428571429,0.5714285714285714
2190900,0.5333333333333333,0.7777777777777778,0.7272727272727273,0.7142857142857143,0.5238095238095238
2191200,0.5333333333333333,0.7777777777777778,0.7272727272727273,0.7678571428571429,0.47619047619047616
2191500,0.6,0.8055555555555556,0.7272727272727273,0.8392857142857143,0.4523809523809524
2191800,0.6333333333333333,0.7777777777777778,0.6818181818181818,0.8035714285714286,0.40476190476190477
2192100,0.6333333333333333,0.8055555555555556,0.6818181818181818,0.8035714285714286,0.40476190476190477
2192400,0.6333333333333333,0.8333333333333334,0.6363636363636364,0.7857142857142857,0.5
2192700,0.6666666666666666,0.8055555555555556,0.5909090909090909,0.75,0.5238095238095238
2193000,0.6333333333333333,0.8055555555555556,0.6363636363636364,0.75,0.5
2193300,0.7,0.8055555555555556,0.6818181818181818,0.7857142857142857,0.42857142857142855
2193600,0.7,0.8055555555555556,0.6818181818181818,0.75,0.42857142857142855
2193900,0.7,0.8055555555555556,0.6818181818181818,0.6964285714285714,0.2857142857142857
2194200,0.6666666666666666,0.8055555555555556,0.9090909090909091,0.6428571428571429,0.21428571428571427
2194500,0.7,0.8055555555555556,0.9090909090909091,0.6607142857142857,0.21428571428571427
2194800,0.7333333333333333,0.7777777777777778,0.8636363636363636,0.6964285714285714,0.16666666666666666
2195100,0.7333333333333333,0.8055555555555556,0.8636363636363636,0.6964285714285714,0.14285714285714285
2195400,0.7333333333333333,0.8055555555555556,0.8636363636363636,0.7142857142857143,0.19047619047619047
2195700,0.7666666666666667,0.8055555555555556,0.8636363636363636,0.7321428571428571,0.14285714285714285
2196000,0.7,0.75,0.8636363636363636,0.7321428571428571,0.09523809523809523
2196300,0.7,0.75,0.8636363636363636,0.7678571428571429,0.07142857142857142
2196600,0.0,0.0,0.8636363636363636,0.0,0.2619047619047619
2196900,0.6333333333333333,0.8055555555555556,0.8636363636363636,0.875,0.21428571428571427
2197200,0.6,0.8333333333333334,0.9090909090909091,0.9107142857142857,0.21428571428571427
2197500,0.5666666666666667,0.8333333333333334,0.9090909090909091,0.9107142857142857,0.2619047619047619
2197800,0.4666666666666667,0.8333333333333334,0.7272727272727273,0.9464285714285714,0.30952380952380953
2198100,0.4666666666666667,0.8333333333333334,0.7272727272727273,0.9285714285714286,0.35714285714285715
2198400,0.4666666666666667,0.8333333333333334,0.7272727272727273,0.9107142857142857,0.21428571428571427
2198700,0.4666666666666667,0.8055555555555556,0.6818181818181818,0.9107142857142857,0.30952380952380953
2199000,0.4666666666666667,0.8055555555555556,0.6818181818181818,0.9464285714285714,0.30952380952380953
2199300,0.5,0.8055555555555556,0.6363636363636364,0.9285714285714286,0.09523809523809523
2199600,0.5,0.75,0.6818181818181818,0.9107142857142857,0.09523809523809523
2199900,0.4666666666666667,0.7777777777777778,0.6363636363636364,0.8928571428571429,0.07142857142857142
2200200,0.4666666666666667,0.7222222222222222,0.6363636363636364,0.8928571428571429,0.14285714285714285
2200500,0.5,0.7222222222222222,0.6363636363636364,0.875,0.14285714285714285
2200800,0.5,0.6388888888888888,0.5909090909090909,0.8571428571428571,0.11904761904761904
2201100,0.4,0.5277777777777778,0.6363636363636364,0.8571428571428571,0.07142857142857142
2201400,0.43333333333333335,0.6111111111111112,0.6363636363636364,0.8571428571428571,0.11904761904761904
2201700,0.4,0.4722222222222222,0.6363636363636364,0.875,0.07142857142857142
2202000,0.4,0.4722222222222222,0.6363636363636364,0.8928571428571429,0.09523809523809523
2202300,0.36666666666666664,0.4722222222222222,0.5909090909090909,0.8928571428571429,0.2619047619047619
2202600,0.43333333333333335,0.4722222222222222,0.5454545454545454,0.8392857142857143,0.16666666666666666
2202900,0.36666666666666664,0.4444444444444444,0.5454545454545454,0.8392857142857143,0.16666666666666666
2203200,0.3333333333333333,0.4444444444444444,0.5,0.8214285714285714,0.19047619047619047
2203500,0.36666666666666664,0.4166666666666667,0.5,0.6607142857142857,0.07142857142857142
2203800,0.3333333333333333,0.0,0.2727272727272727,0.0,0.11904761904761904
2204100,0.26666666666666666,0.3055555555555556,0.2727272727272727,0.42857142857142855,0.19047619047619047
2204400,0.26666666666666666,0.2777777777777778,0.2727272727272727,0.4107142857142857,0.16666666666666666
2204700,0.26666666666666666,0.3333333333333333,0.3181818181818182,0.4107142857142857,0.2619047619047619
2205000,0.26666666666666666,0.3333333333333333,0.3181818181818182,0.32142857142857145,0.2619047619047619
2205300,0.23333333333333334,0.3055555555555556,0.18181818181818182,0.25,0.23809523809523808
2205600,0.26666666666666666,0.25,0.2727272727272727,0.26785714285714285,0.23809523809523808
2205900,0.3,0.2222222222222222,0.5,0.19642857142857142,0.2857142857142857
2206200,0.3333333333333333,0.25,0.45454545454545453,0.21428571428571427,0.30952380952380953
2206500,0.23333333333333334,0.3888888888888889,0.4090909090909091,0.125,0.4523809523809524
2206800,0.26666666666666666,0.4166666666666667,0.4090909090909091,0.26785714285714285,0.40476190476190477
2207100,0.3333333333333333,0.3055555555555556,0.4090909090909091,0.26785714285714285,0.2857142857142857
2207400,0.3333333333333333,0.2777777777777778,0.4090909090909091,0.2857142857142857,0.3333333333333333
2207700,0.3,0.3611111111111111,0.36363636363636365,0.375,0.23809523809523808
2208000,0.23333333333333334,0.3333333333333333,0.3181818181818182,0.42857142857142855,0.40476190476190477
2208300,0.26666666666666666,0.3888888888888889,0.2727272727272727,0.39285714285714285,0.3333333333333333
2208600,0.2,0.3888888888888889,0.2727272727272727,0.39285714285714285,0.30952380952380953
2208900,0.2,0.4444444444444444,0.45454545454545453,0.39285714285714285,0.38095238095238093
2209200,0.26666666666666666,0.5277777777777778,0.45454545454545453,0.375,0.3333333333333333
2209500,0.3,0.5277777777777778,0.5,0.42857142857142855,0.23809523809523808
2209800,0.3333333333333333,0.6388888888888888,0.6363636363636364,0.5,0.19047619047619047
2210100,0.3333333333333333,0.6388888888888888,0.6818181818181818,0.5357142857142857,0.14285714285714285
2210400,0.36666666666666664,0.6666666666666666,0.6818181818181818,0.5357142857142857,0.19047619047619047
2210700,0.3333333333333333,0.6388888888888888,0.6818181818181818,0.625,0.21428571428571427
2211000,0.3333333333333333,0.6388888888888888,0.6818181818181818,0.625,0.23809523809523808
2211300,0.36666666666666664,0.6666666666666666,0.5909090909090909,0.6785714285714286,0.35714285714285715
2211600,0.4,0.75,0.6363636363636364,0.7142857142857143,0.42857142857142855
2211900,0.4,0.7777777777777778,0.6363636363636364,0.7142857142857143,0.4523809523809524
2212200,0.4,0.7777777777777778,0.5909090909090909,0.6607142857142857,0.35714285714285715
2212500,0.3333333333333333,0.75,0.5909090909090909,0.7321428571428571,0.42857142857142855
2212800,0.3333333333333333,0.75,0.5909090909090909,0.7321428571428571,0.42857142857142855
2213100,0.36666666666666664,0.75,0.5454545454545454,0.8571428571428571,0.2857142857142857
2213400,0.36666666666666664,0.75,0.6363636363636364,0.9464285714285714,0.21428571428571427
2213700,0.4,0.7777777777777778,0.5909090909090909,0.9464285714285714,0.19047619047619047
2214000,0.43333333333333335,0.8055555555555556,0.5454545454545454,0.8928571428571429,0.19047619047619047
2214300,0.43333333333333335,0.8333333333333334,0.5909090909090909,0.8928571428571429,0.21428571428571427
2214600,0.5,0.8333333333333334,0.5909090909090909,0.8928571428571429,0.23809523809523808
2214900,0.4666666666666667,0.8055555555555556,0.6363636363636364,0.8928571428571429,0.14285714285714285
2215200,0.4666666666666667,0.8055555555555556,0.7272727272727273,0.8571428571428571,0.14285714285714285
2215500,0.4666666666666667,0.8055555555555556,0.7727272727272727,0.8571428571428571,0.23809523809523808
2215800,0.4666666666666667,0.7222222222222222,0.7272727272727273,0.8571428571428571,0.23809523809523808
2216100,0.4,0.7222222222222222,0.7272727272727273,0.8571428571428571,0.19047619047619047
2216400,0.36666666666666664,0.6388888888888888,0.8181818181818182,0.8571428571428571,0.09523809523809523
2216700,0.4,0.6388888888888888,0.8636363636363636,0.8928571428571429,0.07142857142857142
2217000,0.36666666666666664,0.5833333333333334,0.8636363636363636,0.8928571428571429,0.07142857142857142
2217300,0.36666666666666664,0.6111111111111112,0.7272727272727273,0.875,0.23809523809523808
2217600,0.36666666666666664,0.5277777777777778,0.7272727272727273,0.8571428571428571,0.14285714285714285
2217900,0.3333333333333333,0.5555555555555556,0.6818181818181818,0.875,0.09523809523809523
2218200,0.4,0.6111111111111112,0.6363636363636364,0.0,0.19047619047619047
2218500,0.4,0.5,0.6363636363636364,0.875,0.21428571428571427
2218800,0.43333333333333335,0.4722222222222222,0.6818181818181818,0.875,0.3333333333333333
2219100,0.43333333333333335,0.5555555555555556,0.6818181818181818,0.875,0.30952380952380953
2219400,0.3333333333333333,0.6388888888888888,0.7272727272727273,0.8928571428571429,0.19047619047619047
2219700,0.3333333333333333,0.6388888888888888,0.6363636363636364,0.9107142857142857,0.14285714285714285
2220000,0.4,0.6388888888888888,0.5909090909090909,0.9107142857142857,0.21428571428571427
2220300,0.36666666666666664,0.6388888888888888,0.5909090909090909,0.9107142857142857,0.19047619047619047
2220600,0.4,0.6111111111111112,0.6818181818181818,0.8928571428571429,0.14285714285714285
2220900,0.4666666666666667,0.6388888888888888,0.7272727272727273,0.8392857142857143,0.07142857142857142
2221200,0.4666666666666667,0.7222222222222222,0.7727272727272727,0.8392857142857143,0.11904761904761904
2221500,0.6,0.6944444444444444,0.7727272727272727,0.8392857142857143,0.11904761904761904
2221800,0.6,0.7222222222222222,0.7727272727272727,0.8571428571428571,0.11904761904761904
2222100,0.6333333333333333,0.6666666666666666,0.7727272727272727,0.875,0.07142857142857142
2222400,0.6333333333333333,0.6666666666666666,0.7727272727272727,0.8571428571428571,0.07142857142857142
2222700,0.6333333333333333,0.6944444444444444,0.8181818181818182,0.7678571428571429,0.14285714285714285
2223000,0.6333333333333333,0.6944444444444444,0.8181818181818182,0.75,0.11904761904761904
2223300,0.6333333333333333,0.7222222222222222,0.7272727272727273,0.75,0.047619047619047616
2223600,0.7,0.7777777777777778,0.7272727272727273,0.75,0.047619047619047616
2223900,0.7,0.7777777777777778,0.7272727272727273,0.75,0.047619047619047616
2224200,0.7666666666666667,0.75,0.7272727272727273,0.7142857142857143,0.19047619047619047
2224500,0.8,0.8055555555555556,0.7272727272727273,0.7321428571428571,0.16666666666666666
2224800,0.8333333333333334,0.8611111111111112,0.7272727272727273,0.75,0.19047619047619047
2225100,0.8333333333333334,0.8611111111111112,0.7272727272727273,0.7857142857142857,0.16666666666666666
2225400,0.8333333333333334,0.8611111111111112,0.7272727272727273,0.7857142857142857,0.16666666666666666
2225700,0.7666666666666667,0.8611111111111112,0.7727272727272727,0.75,0.40476190476190477
2226000,0.7333333333333333,0.8611111111111112,0.7727272727272727,0.7678571428571429,0.3333333333333333
2226300,0.7333333333333333,0.8888888888888888,0.7272727272727273,0.7857142857142857,0.3333333333333333
2226600,0.7333333333333333,0.8611111111111112,0.7727272727272727,0.7857142857142857,0.23809523809523808
2226900,0.8,0.8611111111111112,0.7727272727272727,0.8392857142857143,0.23809523809523808
2227200,0.7666666666666667,0.8611111111111112,0.7727272727272727,0.8392857142857143,0.3333333333333333
2227500,0.7666666666666667,0.8888888888888888,0.7727272727272727,0.8571428571428571,0.35714285714285715
2227800,0.7333333333333333,0.8611111111111112,0.7727272727272727,0.8392857142857143,0.35714285714285715
2228100,0.7333333333333333,0.8055555555555556,0.7727272727272727,0.8571428571428571,0.23809523809523808
2228400,0.7,0.8055555555555556,0.6818181818181818,0.8392857142857143,0.23809523809523808
2228700,0.7,0.8055555555555556,0.5909090909090909,0.6428571428571429,0.14285714285714285
2229000,0.7,0.8055555555555556,0.5909090909090909,0.6607142857142857,0.2857142857142857
2229300,0.7,0.8055555555555556,0.5909090909090909,0.625,0.11904761904761904
2229600,0.6666666666666666,0.8055555555555556,0.6363636363636364,0.6071428571428571,0.14285714285714285
2229900,0.6666666666666666,0.8055555555555556,0.6363636363636364,0.5357142857142857,0.11904761904761904
2230200,0.6333333333333333,0.8055555555555556,0.6363636363636364,0.4642857142857143,0.19047619047619047
2230500,0.6666666666666666,0.7777777777777778,0.5909090909090909,0.44642857142857145,0.21428571428571427
2230800,0.6333333333333333,0.8055555555555556,0.6363636363636364,0.32142857142857145,0.11904761904761904
2231100,0.6333333333333333,0.7777777777777778,0.5909090909090909,0.32142857142857145,0.16666666666666666
2231400,0.6,0.8055555555555556,0.5,0.35714285714285715,0.2857142857142857
2231700,0.5666666666666667,0.8055555555555556,0.5,0.44642857142857145,0.2619047619047619
2232000,0.5333333333333333,0.7777777777777778,0.5,0.39285714285714285,0.2857142857142857
2232300,0.0,0.8055555555555556,0.0,0.375,0.2857142857142857
2232600,0.6,0.0,0.5909090909090909,0.0,0.2857142857142857
2232900,0.6,0.7777777777777778,0.6363636363636364,0.4107142857142857,0.35714285714285715
2233200,0.6,0.7777777777777778,0.6363636363636364,0.48214285714285715,0.23809523809523808
2233500,0.5666666666666667,0.7777777777777778,0.6818181818181818,0.48214285714285715,0.16666666666666666
2233800,0.5333333333333333,0.7777777777777778,0.6818181818181818,0.39285714285714285,0.21428571428571427
2234100,0.5333333333333333,0.8888888888888888,0.6363636363636364,0.4107142857142857,0.19047619047619047
2234400,0.5333333333333333,0.8611111111111112,0.5909090909090909,0.4107142857142857,0.16666666666666666
2234700,0.5,0.8611111111111112,0.5909090909090909,0.4107142857142857,0.21428571428571427
2235000,0.5,0.8888888888888888,0.5909090909090909,0.4107142857142857,0.30952380952380953
2235300,0.5,0.8611111111111112,0.5454545454545454,0.4107142857142857,0.14285714285714285
2235600,0.4666666666666667,0.8333333333333334,0.5909090909090909,0.42857142857142855,0.07142857142857142
2235900,0.5,0.8888888888888888,0.5909090909090909,0.4642857142857143,0.19047619047619047
2236200,0.5333333333333333,0.8888888888888888,0.5454545454545454,0.48214285714285715,0.23809523809523808
2236500,0.5666666666666667,0.9166666666666666,0.5,0.39285714285714285,0.38095238095238093
2236800,0.5666666666666667,0.8888888888888888,0.36363636363636365,0.375,0.38095238095238093
2237100,0.5,0.8888888888888888,0.36363636363636365,0.35714285714285715,0.47619047619047616
2237400,0.5,0.8611111111111112,0.36363636363636365,0.35714285714285715,0.5238095238095238
2237700,0.5333333333333333,0.8611111111111112,0.36363636363636365,0.3392857142857143,0.5476190476190477
2238000,0.5333333333333333,0.8611111111111112,0.3181818181818182,0.35714285714285715,0.5952380952380952
2238300,0.5333333333333333,0.8611111111111112,0.36363636363636365,0.3392857142857143,0.5476190476190477
2238600,0.5333333333333333,0.8888888888888888,0.4090909090909091,0.35714285714285715,0.5714285714285714
2238900,0.5,0.8888888888888888,0.4090909090909091,0.3392857142857143,0.5238095238095238
2239200,0.43333333333333335,0.8888888888888888,0.36363636363636365,0.375,0.5952380952380952
2239500,0.43333333333333335,0.8888888888888888,0.36363636363636365,0.375,0.5952380952380952
2239800,0.43333333333333335,0.9166666666666666,0.3181818181818182,0.375,0.5476190476190477
2240100,0.43333333333333335,0.9444444444444444,0.3181818181818182,0.32142857142857145,0.5476190476190477
2240400,0.43333333333333335,0.9722222222222222,0.2727272727272727,0.35714285714285715,0.40476190476190477
2240700,0.5,0.9722222222222222,0.3181818181818182,0.3392857142857143,0.38095238095238093
2241000,0.4666666666666667,1.0,0.2727272727272727,0.30357142857142855,0.47619047619047616
2241300,0.4666666666666667,1.0,0.3181818181818182,0.35714285714285715,0.40476190476190477
2241600,0.5,1.0,0.36363636363636365,0.3392857142857143,0.42857142857142855
2241900,0.4666666666666667,0.9444444444444444,0.2727272727272727,0.32142857142857145,0.4523809523809524
2242200,0.4666666666666667,0.9444444444444444,0.2727272727272727,0.32142857142857145,0.47619047619047616
2242500,0.4666666666666667,0.8888888888888888,0.36363636363636365,0.30357142857142855,0.47619047619047616
2242800,0.4666666666666667,0.8888888888888888,0.45454545454545453,0.23214285714285715,0.40476190476190477
2243100,0.5,0.8611111111111112,0.45454545454545453,0.19642857142857142,0.38095238095238093
2243400,0.4666666666666667,0.8055555555555556,0.45454545454545453,0.2857142857142857,0.4523809523809524
2243700,0.43333333333333335,0.7777777777777778,0.45454545454545453,0.3392857142857143,0.42857142857142855
2244000,0.43333333333333335,0.7777777777777778,0.4090909090909091,0.25,0.38095238095238093
2244300,0.4,0.8055555555555556,0.4090909090909091,0.26785714285714285,0.21428571428571427
2244600,0.36666666666666664,0.7777777777777778,0.45454545454545453,0.25,0.23809523809523808
2244900,0.36666666666666664,0.7777777777777778,0.3181818181818182,0.2857142857142857,0.2857142857142857
2245200,0.3,0.8055555555555556,0.36363636363636365,0.26785714285714285,0.23809523809523808
2245500,0.3,0.8055555555555556,0.3181818181818182,0.25,0.30952380952380953
2245800,0.23333333333333334,0.9166666666666666,0.3181818181818182,0.21428571428571427,0.30952380952380953
2246100,0.16666666666666666,0.8888888888888888,0.2727272727272727,0.26785714285714285,0.30952380952380953
2246400,0.16666666666666666,0.8888888888888888,0.3181818181818182,0.26785714285714285,0.30952380952380953
2246700,0.16666666666666666,0.75,0.36363636363636365,0.16071428571428573,0.3333333333333333
2247000,0.2,0.6666666666666666,0.36363636363636365,0.125,0.38095238095238093
2247300,0.23333333333333334,0.5,0.36363636363636365,0.125,0.19047619047619047
2247600,0.2,0.4166666666666667,0.36363636363636365,0.16071428571428573,0.11904761904761904
2247900,0.2,0.4166666666666667,0.3181818181818182,0.14285714285714285,0.11904761904761904
2248200,0.2,0.3333333333333333,0.3181818181818182,0.23214285714285715,0.2619047619047619
2248500,0.16666666666666666,0.25,0.3181818181818182,0.25,0.2619047619047619
2248800,0.16666666666666666,0.2777777777777778,0.3181818181818182,0.19642857142857142,0.2619047619047619
2249100,0.13333333333333333,0.25,0.3181818181818182,0.23214285714285715,0.3333333333333333
2249400,0.13333333333333333,0.3055555555555556,0.3181818181818182,0.25,0.40476190476190477
2249700,0.2,0.2222222222222222,0.3181818181818182,0.25,0.30952380952380953
2250000,0.2,0.2777777777777778,0.2727272727272727,0.30357142857142855,0.11904761904761904
2250300,0.2,0.3333333333333333,0.2727272727272727,0.26785714285714285,0.19047619047619047
2250600,0.2,0.2777777777777778,0.2727272727272727,0.26785714285714285,0.21428571428571427
2250900,0.16666666666666666,0.25,0.36363636363636365,0.2857142857142857,0.5
2251200,0.16666666666666666,0.3888888888888889,0.36363636363636365,0.26785714285714285,0.5
2251500,0.16666666666666666,0.3888888888888889,0.45454545454545453,0.32142857142857145,0.5476190476190477
2251800,0.16666666666666666,0.3888888888888889,0.45454545454545453,0.42857142857142855,0.5
2252100,0.16666666666666666,0.4722222222222222,0.45454545454545453,0.4642857142857143,0.5476190476190477
2252400,0.16666666666666666,0.5,0.45454545454545453,0.48214285714285715,0.2619047619047619
2252700,0.2,0.5277777777777778,0.36363636363636365,0.4642857142857143,0.2619047619047619
2253000,0.2,0.5,0.36363636363636365,0.4642857142857143,0.6190476190476191
2253300,0.2,0.5,0.4090909090909091,0.4107142857142857,0.5952380952380952
2253600,0.2,0.5277777777777778,0.36363636363636365,0.4107142857142857,0.5
2253900,0.23333333333333334,0.5,0.36363636363636365,0.4642857142857143,0.5
2254200,0.26666666666666666,0.4444444444444444,0.36363636363636365,0.44642857142857145,0.4523809523809524
2254500,0.26666666666666666,0.4722222222222222,0.3181818181818182,0.4642857142857143,0.5476190476190477
2254800,0.26666666666666666,0.4722222222222222,0.3181818181818182,0.5,0.5238095238095238
2255100,0.26666666666666666,0.3611111111111111,0.2727272727272727,0.5357142857142857,0.5238095238095238
2255400,0.23333333333333334,0.3888888888888889,0.2727272727272727,0.48214285714285715,0.5952380952380952
2255700,0.23333333333333334,0.3333333333333333,0.2727272727272727,0.5178571428571429,0.6666666666666666
2256000,0.23333333333333334,0.3055555555555556,0.2727272727272727,0.5357142857142857,0.6428571428571429
2256300,0.23333333333333334,0.3055555555555556,0.22727272727272727,0.5178571428571429,0.6904761904761905
2256600,0.23333333333333334,0.4166666666666667,0.18181818181818182,0.5357142857142857,0.7142857142857143
2256900,0.23333333333333334,0.3611111111111111,0.18181818181818182,0.5714285714285714,0.6904761904761905
2257200,0.23333333333333334,0.3611111111111111,0.18181818181818182,0.5535714285714286,0.6666666666666666
2257500,0.23333333333333334,0.3055555555555556,0.09090909090909091,0.5178571428571429,0.7380952380952381
2257800,0.23333333333333334,0.2777777777777778,0.09090909090909091,0.5892857142857143,0.7857142857142857
2258100,0.23333333333333334,0.3611111111111111,0.09090909090909091,0.5714285714285714,0.8333333333333334
2258400,0.23333333333333334,0.3055555555555556,0.09090909090909091,0.6071428571428571,0.8333333333333334
2258700,0.23333333333333334,0.2777777777777778,0.13636363636363635,0.5892857142857143,0.8571428571428571
2259000,0.23333333333333334,0.3888888888888889,0.13636363636363635,0.6071428571428571,0.8571428571428571
2259300,0.23333333333333334,0.3055555555555556,0.18181818181818182,0.5892857142857143,0.8571428571428571
2259600,0.23333333333333334,0.2222222222222222,0.18181818181818182,0.5892857142857143,0.8333333333333334
2259900,0.23333333333333334,0.25,0.18181818181818182,0.5892857142857143,0.8333333333333334
2260200,0.23333333333333334,0.2222222222222222,0.18181818181818182,0.5892857142857143,0.8571428571428571
2260500,0.23333333333333334,0.19444444444444445,0.13636363636363635,0.5714285714285714,0.8571428571428571
2260800,0.23333333333333334,0.16666666666666666,0.09090909090909091,0.5535714285714286,0.8333333333333334
2261100,0.26666666666666666,0.25,0.045454545454545456,0.5535714285714286,0.8095238095238095
2261400,0.26666666666666666,0.2222222222222222,0.045454545454545456,0.5714285714285714,0.8095238095238095
2261700,0.26666666666666666,0.3055555555555556,0.045454545454545456,0.5714285714285714,0.7857142857142857
2262000,0.23333333333333334,0.3055555555555556,0.045454545454545456,0.5357142857142857,0.7619047619047619
2262300,0.23333333333333334,0.3611111111111111,0.045454545454545456,0.5357142857142857,0.7380952380952381
2262600,0.23333333333333334,0.3333333333333333,0.09090909090909091,0.5535714285714286,0.6904761904761905
2262900,0.23333333333333334,0.3888888888888889,0.13636363636363635,0.5892857142857143,0.6428571428571429
2263200,0.23333333333333334,0.3888888888888889,0.18181818181818182,0.5892857142857143,0.6666666666666666
2263500,0.23333333333333334,0.4722222222222222,0.18181818181818182,0.5892857142857143,0.6666666666666666
2263800,0.26666666666666666,0.4166666666666667,0.18181818181818182,0.5535714285714286,0.7142857142857143
2264100,0.26666666666666666,0.4444444444444444,0.18181818181818182,0.5357142857142857,0.6428571428571429
2264400,0.26666666666666666,0.3888888888888889,0.18181818181818182,0.5178571428571429,0.6904761904761905
2264700,0.26666666666666666,0.4166666666666667,0.18181818181818182,0.5178571428571429,0.6428571428571429
2265000,0.26666666666666666,0.3888888888888889,0.18181818181818182,0.5535714285714286,0.6666666666666666
2265300,0.23333333333333334,0.3888888888888889,0.18181818181818182,0.6071428571428571,0.6428571428571429
2265600,0.23333333333333334,0.3611111111111111,0.22727272727272727,0.6071428571428571,0.5476190476190477
2265900,0.23333333333333334,0.3611111111111111,0.22727272727272727,0.6607142857142857,0.6190476190476191
2266200,0.23333333333333334,0.3888888888888889,0.18181818181818182,0.625,0.6190476190476191
2266500,0.23333333333333334,0.3055555555555556,0.18181818181818182,0.625,0.5952380952380952
2266800,0.23333333333333334,0.2777777777777778,0.22727272727272727,0.6071428571428571,0.6190476190476191
2267100,0.23333333333333334,0.3333333333333333,0.22727272727272727,0.6607142857142857,0.6190476190476191
2267400,0.23333333333333334,0.2222222222222222,0.22727272727272727,0.6607142857142857,0.6904761904761905
2267700,0.2,0.2777777777777778,0.22727272727272727,0.6607142857142857,0.6904761904761905
2268000,0.2,0.3611111111111111,0.22727272727272727,0.6607142857142857,0.7142857142857143
2268300,0.2,0.3611111111111111,0.2727272727272727,0.6964285714285714,0.7142857142857143
2268600,0.2,0.4166666666666667,0.2727272727272727,0.6964285714285714,0.7380952380952381
2268900,0.23333333333333334,0.4444444444444444,0.3181818181818182,0.7142857142857143,0.7619047619047619
2269200,0.2,0.4166666666666667,0.3181818181818182,0.7142857142857143,0.6666666666666666
2269500,0.23333333333333334,0.5555555555555556,0.3181818181818182,0.6071428571428571,0.5714285714285714
2269800,0.23333333333333334,0.6388888888888888,0.3181818181818182,0.5714285714285714,0.5952380952380952
2270100,0.26666666666666666,0.7222222222222222,0.4090909090909091,0.5535714285714286,0.5952380952380952
2270400,0.26666666666666666,0.6388888888888888,0.45454545454545453,0.5714285714285714,0.5952380952380952
2270700,0.26666666666666666,0.6111111111111112,0.4090909090909091,0.5535714285714286,0.5476190476190477
2271000,0.26666666666666666,0.5555555555555556,0.45454545454545453,0.5357142857142857,0.5714285714285714
2271300,0.26666666666666666,0.6111111111111112,0.6363636363636364,0.5714285714285714,0.5238095238095238
2271600,0.3,0.6111111111111112,0.6818181818181818,0.5178571428571429,0.6190476190476191
2271900,0.3,0.5833333333333334,0.7272727272727273,0.5178571428571429,0.6190476190476191
2272200,0.4,0.6111111111111112,0.6818181818181818,0.5714285714285714,0.6666666666666666
2272500,0.4,0.6666666666666666,0.6818181818181818,0.5178571428571429,0.6428571428571429
2272800,0.4,0.6388888888888888,0.6818181818181818,0.48214285714285715,0.6190476190476191
2273100,0.43333333333333335,0.6111111111111112,0.6818181818181818,0.375,0.6666666666666666
2273400,0.4666666666666667,0.5833333333333334,0.6818181818181818,0.375,0.6190476190476191
2273700,0.4666666666666667,0.6388888888888888,0.6818181818181818,0.375,0.6666666666666666
2274000,0.5666666666666667,0.6666666666666666,0.7272727272727273,0.4107142857142857,0.6190476190476191
2274300,0.5666666666666667,0.6388888888888888,0.7272727272727273,0.4642857142857143,0.5714285714285714
2274600,0.5,0.7222222222222222,0.6818181818181818,0.48214285714285715,0.5714285714285714
2274900,0.5,0.75,0.7272727272727273,0.5178571428571429,0.5238095238095238
2275200,0.5,0.7777777777777778,0.7272727272727273,0.5357142857142857,0.5476190476190477
2275500,0.5,0.8333333333333334,0.7272727272727273,0.5714285714285714,0.5714285714285714
2275800,0.5,0.8888888888888888,0.7727272727272727,0.6071428571428571,0.5238095238095238
2276100,0.5333333333333333,0.9444444444444444,0.7727272727272727,0.6964285714285714,0.5476190476190477
2276400,0.5,0.9722222222222222,0.7727272727272727,0.6964285714285714,0.5238095238095238
2276700,0.5,0.9722222222222222,0.7727272727272727,0.6964285714285714,0.5238095238095238
2277000,0.5666666666666667,0.9722222222222222,0.7727272727272727,0.7678571428571429,0.5238095238095238
2277300,0.6,0.9722222222222222,0.7727272727272727,0.8035714285714286,0.5952380952380952
2277600,0.6333333333333333,1.0,0.7727272727272727,0.8035714285714286,0.6190476190476191
2277900,0.6333333333333333,1.0,0.7727272727272727,0.8035714285714286,0.5476190476190477
2278200,0.6333333333333333,1.0,0.7272727272727273,0.7678571428571429,0.5
2278500,0.6333333333333333,1.0,0.7272727272727273,0.7857142857142857,0.5238095238095238
2278800,0.7,1.0,0.7272727272727273,0.7857142857142857,0.47619047619047616
2279100,0.8,1.0,0.7727272727272727,0.8035714285714286,0.38095238095238093
2279400,0.8,0.9722222222222222,0.7727272727272727,0.8214285714285714,0.38095238095238093
2279700,0.7666666666666667,0.9722222222222222,0.6818181818181818,0.8571428571428571,0.35714285714285715
2280000,0.7666666666666667,0.9722222222222222,0.6818181818181818,0.8392857142857143,0.2857142857142857
2280300,0.8,0.9722222222222222,0.6363636363636364,0.8571428571428571,0.21428571428571427
2280600,0.8,0.9722222222222222,0.6818181818181818,0.8392857142857143,0.14285714285714285
2280900,0.8,0.9722222222222222,0.6818181818181818,0.8571428571428571,0.16666666666666666
2281200,0.8,0.9722222222222222,0.6818181818181818,0.8214285714285714,0.19047619047619047
2281500,0.8,0.9722222222222222,0.6818181818181818,0.8035714285714286,0.19047619047619047
2281800,0.7666666666666667,0.9722222222222222,0.7272727272727273,0.8035714285714286,0.11904761904761904
2282100,0.7666666666666667,0.9722222222222222,0.7272727272727273,0.8035714285714286,0.07142857142857142
2282400,0.8,1.0,0.8181818181818182,0.8214285714285714,0.19047619047619047
2282700,0.8333333333333334,1.0,0.8636363636363636,0.8571428571428571,0.19047619047619047
2283000,0.0,0.0,0.0,0.0,0.19047619047619047
2283300,0.7666666666666667,1.0,0.8636363636363636,0.8571428571428571,0.23809523809523808
2283600,0.8333333333333334,0.9722222222222222,0.8636363636363636,0.8214285714285714,0.19047619047619047
2283900,0.7333333333333333,0.9444444444444444,0.8636363636363636,0.8571428571428571,0.23809523809523808
2284200,0.7333333333333333,0.9444444444444444,0.8636363636363636,0.8571428571428571,0.21428571428571427
2284500,0.7333333333333333,0.9722222222222222,0.8636363636363636,0.8928571428571429,0.19047619047619047
2284800,0.7333333333333333,0.9722222222222222,0.8636363636363636,0.9107142857142857,0.16666666666666666
2285100,0.7,0.9722222222222222,0.8636363636363636,0.8928571428571429,0.11904761904761904
2285400,0.7,0.9722222222222222,0.8181818181818182,0.9107142857142857,0.11904761904761904
2285700,0.6666666666666666,1.0,0.8181818181818182,0.9107142857142857,0.14285714285714285
2286000,0.7333333333333333,0.9722222222222222,0.8636363636363636,0.8928571428571429,0.14285714285714285
2286300,0.7666666666666667,0.9444444444444444,0.8636363636363636,0.8928571428571429,0.09523809523809523
2286600,0.7333333333333333,0.8888888888888888,0.8636363636363636,0.8571428571428571,0.0
2286900,0.7333333333333333,0.8611111111111112,0.8636363636363636,0.8571428571428571,0.07142857142857142
2287200,0.6666666666666666,0.8333333333333334,0.8636363636363636,0.8214285714285714,0.16666666666666666
2287500,0.6,0.8055555555555556,0.8636363636363636,0.8392857142857143,0.11904761904761904
2287800,0.5666666666666667,0.7777777777777778,0.8181818181818182,0.8392857142857143,0.09523809523809523
2288100,0.5666666666666667,0.7777777777777778,0.8181818181818182,0.8571428571428571,0.09523809523809523
2288400,0.5666666666666667,0.75,0.8181818181818182,0.875,0.047619047619047616
2288700,0.5333333333333333,0.8333333333333334,0.8181818181818182,0.8392857142857143,0.07142857142857142
2289000,0.5,0.8333333333333334,0.8181818181818182,0.8214285714285714,0.11904761904761904
2289300,0.4666666666666667,0.75,0.8181818181818182,0.7857142857142857,0.19047619047619047
2289600,0.43333333333333335,0.6111111111111112,0.8636363636363636,0.7678571428571429,0.14285714285714285
2289900,0.5,0.5555555555555556,0.8181818181818182,0.7321428571428571,0.2619047619047619
2290200,0.5333333333333333,0.5,0.8181818181818182,0.6785714285714286,0.23809523809523808
2290500,0.4666666666666667,0.4166666666666667,0.7727272727272727,0.5892857142857143,0.11904761904761904
2290800,0.4666666666666667,0.3333333333333333,0.7727272727272727,0.5535714285714286,0.023809523809523808
2291100,0.4,0.19444444444444445,0.7727272727272727,0.5535714285714286,0.047619047619047616
2291400,0.4,0.1111111111111111,0.7272727272727273,0.5,0.09523809523809523
2291700,0.36666666666666664,0.1111111111111111,0.6363636363636364,0.48214285714285715,0.16666666666666666
2292000,0.4,0.1388888888888889,0.6363636363636364,0.4642857142857143,0.2619047619047619
2292300,0.5,0.1111111111111111,0.6363636363636364,0.42857142857142855,0.23809523809523808
2292600,0.4666666666666667,0.16666666666666666,0.6363636363636364,0.42857142857142855,0.16666666666666666
2292900,0.43333333333333335,0.1388888888888889,0.5,0.44642857142857145,0.09523809523809523
2293200,0.43333333333333335,0.16666666666666666,0.5,0.4642857142857143,0.11904761904761904
2293500,0.36666666666666664,0.25,0.45454545454545453,0.44642857142857145,0.09523809523809523
2293800,0.26666666666666666,0.3333333333333333,0.4090909090909091,0.44642857142857145,0.16666666666666666
2294100,0.3,0.3611111111111111,0.3181818181818182,0.42857142857142855,0.19047619047619047
2294400,0.26666666666666666,0.2777777777777778,0.3181818181818182,0.44642857142857145,0.14285714285714285
2294700,0.36666666666666664,0.3611111111111111,0.4090909090909091,0.4107142857142857,0.14285714285714285
2295000,0.3,0.3055555555555556,0.4090909090909091,0.42857142857142855,0.047619047619047616
2295300,0.26666666666666666,0.2777777777777778,0.45454545454545453,0.42857142857142855,0.09523809523809523
2295600,0.26666666666666666,0.25,0.45454545454545453,0.48214285714285715,0.14285714285714285
2295900,0.26666666666666666,0.2777777777777778,0.5,0.5178571428571429,0.16666666666666666
2296200,0.26666666666666666,0.3333333333333333,0.5454545454545454,0.6071428571428571,0.3333333333333333
2296500,0.3333333333333333,0.3611111111111111,0.5454545454545454,0.6607142857142857,0.30952380952380953
2296800,0.36666666666666664,0.5,0.5909090909090909,0.625,0.30952380952380953
2297100,0.43333333333333335,0.5277777777777778,0.5909090909090909,0.7321428571428571,0.2857142857142857
2297400,0.0,0.0,0.0,0.0,0.2619047619047619
2297700,0.43333333333333335,0.5833333333333334,0.5909090909090909,0.7142857142857143,0.19047619047619047
2298000,0.4666666666666667,0.6666666666666666,0.7272727272727273,0.7857142857142857,0.19047619047619047
2298300,0.4666666666666667,0.6666666666666666,0.6818181818181818,0.7857142857142857,0.16666666666666666
2298600,0.4666666666666667,0.6944444444444444,0.5454545454545454,0.8214285714285714,0.19047619047619047
2298900,0.4666666666666667,0.6666666666666666,0.5454545454545454,0.8392857142857143,0.19047619047619047
2299200,0.4666666666666667,0.6666666666666666,0.5909090909090909,0.875,0.19047619047619047
2299500,0.5333333333333333,0.5833333333333334,0.5909090909090909,0.875,0.21428571428571427
2299800,0.5333333333333333,0.5833333333333334,0.5909090909090909,0.875,0.21428571428571427
2300100,0.5333333333333333,0.5833333333333334,0.5909090909090909,0.875,0.21428571428571427
2300400,0.5666666666666667,0.5277777777777778,0.6818181818181818,0.9107142857142857,0.14285714285714285
2300700,0.5666666666666667,0.5555555555555556,0.6363636363636364,0.9285714285714286,0.16666666666666666
2301000,0.5666666666666667,0.5833333333333334,0.6818181818181818,0.9464285714285714,0.14285714285714285
2301300,0.5666666666666667,0.5833333333333334,0.6363636363636364,0.9285714285714286,0.16666666666666666
2301600,0.5333333333333333,0.5555555555555556,0.6363636363636364,0.9285714285714286,0.14285714285714285
2301900,0.5,0.5555555555555556,0.5454545454545454,0.9285714285714286,0.11904761904761904
2302200,0.5333333333333333,0.5555555555555556,0.5909090909090909,0.8928571428571429,0.2619047619047619
2302500,0.4666666666666667,0.5555555555555556,0.5909090909090909,0.9285714285714286,0.3333333333333333
2302800,0.4666666666666667,0.5277777777777778,0.5909090909090909,0.9285714285714286,0.2619047619047619
2303100,0.4666666666666667,0.4722222222222222,0.6363636363636364,0.9285714285714286,0.21428571428571427
2303400,0.43333333333333335,0.4722222222222222,0.5454545454545454,0.9464285714285714,0.16666666666666666
2303700,0.43333333333333335,0.4444444444444444,0.5909090909090909,0.9464285714285714,0.047619047619047616
2304000,0.4666666666666667,0.4444444444444444,0.5454545454545454,0.9464285714285714,0.14285714285714285
2304300,0.5333333333333333,0.5277777777777778,0.5,0.9642857142857143,0.14285714285714285
2304600,0.5333333333333333,0.5277777777777778,0.5,0.9642857142857143,0.14285714285714285
2304900,0.5333333333333333,0.5833333333333334,0.5,0.9464285714285714,0.16666666666666666
2305200,0.6,0.6666666666666666,0.5,0.9107142857142857,0.11904761904761904
2305500,0.6333333333333333,0.6666666666666666,0.45454545454545453,0.9107142857142857,0.14285714285714285
2305800,0.6333333333333333,0.6944444444444444,0.5909090909090909,0.875,0.09523809523809523
2306100,0.6666666666666666,0.7777777777777778,0.45454545454545453,0.875,0.07142857142857142
2306400,0.6,0.8055555555555556,0.36363636363636365,0.8571428571428571,0.09523809523809523
2306700,0.6,0.8055555555555556,0.4090909090909091,0.8571428571428571,0.16666666666666666
2307000,0.5666666666666667,0.7777777777777778,0.5,0.8571428571428571,0.21428571428571427
2307300,0.5333333333333333,0.7777777777777778,0.45454545454545453,0.8571428571428571,0.14285714285714285
2307600,0.5666666666666667,0.7777777777777778,0.5909090909090909,0.8571428571428571,0.11904761904761904
2307900,0.6,0.75,0.6818181818181818,0.8928571428571429,0.14285714285714285
2308200,0.6,0.75,0.6363636363636364,0.8928571428571429,0.16666666666666666
2308500,0.6333333333333333,0.75,0.6363636363636364,0.8571428571428571,0.2857142857142857
2308800,0.5666666666666667,0.7777777777777778,0.5909090909090909,0.8571428571428571,0.2857142857142857
2309100,0.5333333333333333,0.7777777777777778,0.5909090909090909,0.875,0.2619047619047619
2309400,0.5333333333333333,0.75,0.5454545454545454,0.875,0.30952380952380953
2309700,0.5333333333333333,0.75,0.5454545454545454,0.9107142857142857,0.23809523809523808
2310000,0.5333333333333333,0.7777777777777778,0.5909090909090909,0.875,0.21428571428571427
2310300,0.5333333333333333,0.75,0.5909090909090909,0.9107142857142857,0.21428571428571427
2310600,0.5666666666666667,0.75,0.5909090909090909,0.9107142857142857,0.14285714285714285
2310900,0.5333333333333333,0.75,0.5909090909090909,0.9107142857142857,0.09523809523809523
2311200,0.5666666666666667,0.7777777777777778,0.5909090909090909,0.8392857142857143,0.09523809523809523
2311500,0.6,0.7777777777777778,0.5909090909090909,0.8392857142857143,0.16666666666666666
2311800,0.6333333333333333,0.8333333333333334,0.5909090909090909,0.0,0.30952380952380953
2312100,0.7,0.8055555555555556,0.5909090909090909,0.8214285714285714,0.35714285714285715
2312400,0.7,0.8055555555555556,0.5909090909090909,0.8035714285714286,0.2857142857142857
2312700,0.7666666666666667,0.8611111111111112,0.5909090909090909,0.8392857142857143,0.35714285714285715
2313000,0.7,0.8888888888888888,0.6363636363636364,0.8214285714285714,0.2857142857142857
2313300,0.6666666666666666,0.8333333333333334,0.5909090909090909,0.75,0.35714285714285715
2313600,0.7,0.9166666666666666,0.5454545454545454,0.7857142857142857,0.40476190476190477
2313900,0.7,0.9166666666666666,0.5,0.7857142857142857,0.38095238095238093
2314200,0.7,0.9166666666666666,0.5909090909090909,0.75,0.40476190476190477
2314500,0.7,0.9444444444444444,0.6363636363636364,0.7678571428571429,0.3333333333333333
2314800,0.7,0.9722222222222222,0.6818181818181818,0.6964285714285714,0.30952380952380953
2315100,0.7,0.9444444444444444,0.5909090909090909,0.48214285714285715,0.40476190476190477
2315400,0.7,0.9444444444444444,0.6363636363636364,0.5,0.3333333333333333
2315700,0.6666666666666666,0.9444444444444444,0.5454545454545454,0.48214285714285715,0.35714285714285715
2316000,0.6666666666666666,0.9444444444444444,0.5454545454545454,0.42857142857142855,0.35714285714285715
2316300,0.6666666666666666,0.9166666666666666,0.5,0.375,0.38095238095238093
2316600,0.6666666666666666,0.8611111111111112,0.5,0.35714285714285715,0.2857142857142857
2316900,0.6666666666666666,0.8611111111111112,0.45454545454545453,0.26785714285714285,0.2857142857142857
2317200,0.7,0.9166666666666666,0.5,0.26785714285714285,0.2619047619047619
2317500,0.6666666666666666,0.8888888888888888,0.5454545454545454,0.30357142857142855,0.16666666666666666
2317800,0.6666666666666666,0.8611111111111112,0.5,0.2857142857142857,0.23809523809523808
2318100,0.6333333333333333,0.8333333333333334,0.45454545454545453,0.30357142857142855,0.14285714285714285
2318400,0.6,0.8611111111111112,0.45454545454545453,0.3392857142857143,0.14285714285714285
2318700,0.5666666666666667,0.8055555555555556,0.5,0.23214285714285715,0.07142857142857142
2319000,0.5666666666666667,0.8055555555555556,0.5454545454545454,0.14285714285714285,0.14285714285714285
2319300,0.5,0.8055555555555556,0.5909090909090909,0.14285714285714285,0.21428571428571427
2319600,0.5333333333333333,0.8888888888888888,0.6363636363636364,0.08928571428571429,0.16666666666666666
2319900,0.5333333333333333,0.8611111111111112,0.6363636363636364,0.10714285714285714,0.14285714285714285
2320200,0.4666666666666667,0.8333333333333334,0.5909090909090909,0.10714285714285714,0.11904761904761904
2320500,0.4666666666666667,0.8888888888888888,0.5909090909090909,0.19642857142857142,0.09523809523809523
2320800,0.5,0.8611111111111112,0.45454545454545453,0.16071428571428573,0.11904761904761904
2321100,0.5333333333333333,0.8055555555555556,0.36363636363636365,0.17857142857142858,0.14285714285714285
2321400,0.5666666666666667,0.8055555555555556,0.36363636363636365,0.14285714285714285,0.16666666666666666
2321700,0.5333333333333333,0.75,0.2727272727272727,0.14285714285714285,0.30952380952380953
2322000,0.5,0.7777777777777778,0.2727272727272727,0.10714285714285714,0.2857142857142857
2322300,0.4666666666666667,0.7777777777777778,0.22727272727272727,0.17857142857142858,0.2857142857142857
2322600,0.5,0.7777777777777778,0.22727272727272727,0.23214285714285715,0.16666666666666666
2322900,0.5,0.7777777777777778,0.18181818181818182,0.25,0.21428571428571427
2323200,0.5,0.7777777777777778,0.18181818181818182,0.2857142857142857,0.21428571428571427
2323500,0.5,0.7777777777777778,0.22727272727272727,0.23214285714285715,0.40476190476190477
2323800,0.5,0.7777777777777778,0.13636363636363635,0.21428571428571427,0.4523809523809524
2324100,0.4,0.8888888888888888,0.36363636363636365,0.17857142857142858,0.47619047619047616
2324400,0.4,0.8888888888888888,0.45454545454545453,0.16071428571428573,0.5476190476190477
2324700,0.4,0.8888888888888888,0.4090909090909091,0.21428571428571427,0.5952380952380952
2325000,0.4,0.8888888888888888,0.45454545454545453,0.21428571428571427,0.5238095238095238
2325300,0.36666666666666664,0.8888888888888888,0.5,0.14285714285714285,0.5238095238095238
2325600,0.4666666666666667,0.8888888888888888,0.4090909090909091,0.16071428571428573,0.42857142857142855
2325900,0.4666666666666667,0.8888888888888888,0.36363636363636365,0.16071428571428573,0.38095238095238093
2326200,0.43333333333333335,0.8611111111111112,0.36363636363636365,0.19642857142857142,0.4523809523809524
2326500,0.43333333333333335,0.8611111111111112,0.5,0.23214285714285715,0.5714285714285714
2326800,0.43333333333333335,0.8611111111111112,0.5,0.23214285714285715,0.6190476190476191
2327100,0.43333333333333335,0.8611111111111112,0.5454545454545454,0.23214285714285715,0.6904761904761905
2327400,0.43333333333333335,0.8611111111111112,0.5454545454545454,0.17857142857142858,0.7142857142857143
2327700,0.43333333333333335,0.8888888888888888,0.45454545454545453,0.23214285714285715,0.6428571428571429
2328000,0.4,0.8611111111111112,0.45454545454545453,0.3392857142857143,0.5
2328300,0.4,0.8055555555555556,0.45454545454545453,0.32142857142857145,0.5238095238095238
2328600,0.43333333333333335,0.8611111111111112,0.5454545454545454,0.39285714285714285,0.5238095238095238
2328900,0.5,0.8333333333333334,0.45454545454545453,0.44642857142857145,0.5714285714285714
2329200,0.5,0.8333333333333334,0.4090909090909091,0.48214285714285715,0.5714285714285714
2329500,0.5333333333333333,0.8611111111111112,0.45454545454545453,0.5714285714285714,0.6666666666666666
2329800,0.5333333333333333,0.8333333333333334,0.36363636363636365,0.5892857142857143,0.6904761904761905
2330100,0.4666666666666667,0.8888888888888888,0.3181818181818182,0.6428571428571429,0.6428571428571429
2330400,0.5333333333333333,0.9166666666666666,0.3181818181818182,0.625,0.6190476190476191
2330700,0.5,0.8888888888888888,0.2727272727272727,0.6428571428571429,0.7619047619047619
2331000,0.5,0.8611111111111112,0.22727272727272727,0.625,0.7857142857142857
2331300,0.4666666666666667,0.8333333333333334,0.22727272727272727,0.6428571428571429,0.8095238095238095
2331600,0.4,0.8611111111111112,0.22727272727272727,0.625,0.7380952380952381
2331900,0.3333333333333333,0.8333333333333334,0.2727272727272727,0.6428571428571429,0.7142857142857143
2332200,0.3333333333333333,0.8333333333333334,0.2727272727272727,0.6607142857142857,0.5714285714285714
2332500,0.3333333333333333,0.8333333333333334,0.2727272727272727,0.625,0.5952380952380952
2332800,0.3,0.75,0.22727272727272727,0.625,0.5476190476190477
2333100,0.23333333333333334,0.5555555555555556,0.18181818181818182,0.5535714285714286,0.5
2333400,0.2,0.5,0.22727272727272727,0.5535714285714286,0.42857142857142855
2333700,0.23333333333333334,0.4722222222222222,0.22727272727272727,0.5178571428571429,0.40476190476190477
2334000,0.2,0.3333333333333333,0.18181818181818182,0.4642857142857143,0.4523809523809524
2334300,0.2,0.3333333333333333,0.18181818181818182,0.4642857142857143,0.38095238095238093
2334600,0.13333333333333333,0.3333333333333333,0.09090909090909091,0.4642857142857143,0.30952380952380953
2334900,0.16666666666666666,0.2777777777777778,0.0,0.42857142857142855,0.16666666666666666
2335200,0.13333333333333333,0.25,0.0,0.39285714285714285,0.047619047619047616
2335500,0.13333333333333333,0.3055555555555556,0.09090909090909091,0.42857142857142855,0.16666666666666666
2335800,0.2,0.2777777777777778,0.0,0.4642857142857143,0.2619047619047619
2336100,0.13333333333333333,0.25,0.0,0.44642857142857145,0.3333333333333333
2336400,0.13333333333333333,0.3055555555555556,0.0,0.48214285714285715,0.23809523809523808
2336700,0.16666666666666666,0.3611111111111111,0.09090909090909091,0.4642857142857143,0.2857142857142857
2337000,0.13333333333333333,0.3333333333333333,0.09090909090909091,0.48214285714285715,0.35714285714285715
2337300,0.16666666666666666,0.4166666666666667,0.13636363636363635,0.48214285714285715,0.3333333333333333
2337600,0.16666666666666666,0.4166666666666667,0.18181818181818182,0.5357142857142857,0.2857142857142857
2337900,0.16666666666666666,0.5,0.22727272727272727,0.5535714285714286,0.3333333333333333
2338200,0.13333333333333333,0.6111111111111112,0.2727272727272727,0.5535714285714286,0.35714285714285715
2338500,0.13333333333333333,0.5833333333333334,0.2727272727272727,0.5892857142857143,0.42857142857142855
2338800,0.13333333333333333,0.5833333333333334,0.3181818181818182,0.5714285714285714,0.42857142857142855
2339100,0.1,0.5277777777777778,0.3181818181818182,0.5178571428571429,0.42857142857142855
2339400,0.1,0.5,0.3181818181818182,0.4642857142857143,0.47619047619047616
2339700,0.16666666666666666,0.4722222222222222,0.3181818181818182,0.4107142857142857,0.6190476190476191
2340000,0.1,0.4166666666666667,0.2727272727272727,0.4642857142857143,0.6666666666666666
2340300,0.13333333333333333,0.3888888888888889,0.2727272727272727,0.4107142857142857,0.6666666666666666
2340600,0.1,0.4444444444444444,0.2727272727272727,0.4107142857142857,0.7142857142857143
2340900,0.2,0.4166666666666667,0.2727272727272727,0.375,0.8333333333333334
2341200,0.2,0.4166666666666667,0.22727272727272727,0.39285714285714285,0.8333333333333334
2341500,0.2,0.3888888888888889,0.18181818181818182,0.5,0.8333333333333334
2341800,0.23333333333333334,0.3333333333333333,0.22727272727272727,0.5178571428571429,0.8333333333333334
2342100,0.23333333333333334,0.2777777777777778,0.22727272727272727,0.5535714285714286,0.9047619047619048
2342400,0.23333333333333334,0.3611111111111111,0.22727272727272727,0.35714285714285715,0.9047619047619048
2342700,0.2,0.3055555555555556,0.2727272727272727,0.39285714285714285,0.9285714285714286
2343000,0.2,0.3055555555555556,0.2727272727272727,0.375,0.9285714285714286
2343300,0.2,0.3333333333333333,0.2727272727272727,0.39285714285714285,0.9285714285714286
2343600,0.2,0.2777777777777778,0.2727272727272727,0.375,0.8809523809523809
2343900,0.2,0.3333333333333333,0.3181818181818182,0.4107142857142857,0.8809523809523809
2344200,0.2,0.25,0.3181818181818182,0.4642857142857143,0.9047619047619048
2344500,0.2,0.25,0.18181818181818182,0.48214285714285715,0.8809523809523809
2344800,0.2,0.19444444444444445,0.18181818181818182,0.4642857142857143,0.9285714285714286
2345100,0.2,0.2222222222222222,0.18181818181818182,0.48214285714285715,0.9285714285714286
2345400,0.2,0.1388888888888889,0.13636363636363635,0.48214285714285715,0.9285714285714286
2345700,0.2,0.1388888888888889,0.13636363636363635,0.48214285714285715,0.9523809523809523
2346000,0.2,0.2222222222222222,0.18181818181818182,0.5178571428571429,0.9523809523809523
2346300,0.2,0.3055555555555556,0.22727272727272727,0.5892857142857143,0.9523809523809523
2346600,0.2,0.25,0.2727272727272727,0.5714285714285714,0.9285714285714286
2346900,0.2,0.3055555555555556,0.2727272727272727,0.5535714285714286,0.9047619047619048
2347200,0.2,0.25,0.2727272727272727,0.5357142857142857,0.9047619047619048
2347500,0.2,0.2777777777777778,0.2727272727272727,0.5535714285714286,0.9285714285714286
2347800,0.0,0.0,0.0,0.0,0.9285714285714286
2348100,0.16666666666666666,0.19444444444444445,0.2727272727272727,0.5714285714285714,0.9047619047619048
2348400,0.16666666666666666,0.19444444444444445,0.2727272727272727,0.5892857142857143,0.8571428571428571
2348700,0.16666666666666666,0.25,0.2727272727272727,0.6071428571428571,0.8571428571428571
2349000,0.16666666666666666,0.25,0.22727272727272727,0.625,0.8333333333333334
2349300,0.16666666666666666,0.19444444444444445,0.22727272727272727,0.6428571428571429,0.8333333333333334
2349600,0.16666666666666666,0.16666666666666666,0.22727272727272727,0.625,0.8095238095238095
2349900,0.16666666666666666,0.16666666666666666,0.18181818181818182,0.625,0.8095238095238095
2350200,0.16666666666666666,0.16666666666666666,0.22727272727272727,0.6428571428571429,0.8809523809523809
2350500,0.16666666666666666,0.2777777777777778,0.22727272727272727,0.6428571428571429,0.9047619047619048
2350800,0.16666666666666666,0.25,0.22727272727272727,0.625,0.8333333333333334
2351100,0.16666666666666666,0.25,0.22727272727272727,0.6428571428571429,0.8333333333333334
2351400,0.16666666666666666,0.3055555555555556,0.22727272727272727,0.6071428571428571,0.8571428571428571
2351700,0.16666666666666666,0.4166666666666667,0.22727272727272727,0.6785714285714286,0.8333333333333334
2352000,0.16666666666666666,0.4166666666666667,0.2727272727272727,0.6964285714285714,0.7380952380952381
2352300,0.16666666666666666,0.4166666666666667,0.18181818181818182,0.6607142857142857,0.6904761904761905
2352600,0.13333333333333333,0.3888888888888889,0.13636363636363635,0.6428571428571429,0.6904761904761905
2352900,0.13333333333333333,0.4166666666666667,0.13636363636363635,0.6428571428571429,0.6666666666666666
2353200,0.13333333333333333,0.4166666666666667,0.13636363636363635,0.6428571428571429,0.6428571428571429
2353500,0.13333333333333333,0.4166666666666667,0.13636363636363635,0.6428571428571429,0.7619047619047619
2353800,0.13333333333333333,0.3333333333333333,0.13636363636363635,0.6607142857142857,0.6666666666666666
2354100,0.13333333333333333,0.25,0.13636363636363635,0.6607142857142857,0.7619047619047619
2354400,0.13333333333333333,0.25,0.13636363636363635,0.6428571428571429,0.7380952380952381
2354700,0.13333333333333333,0.3333333333333333,0.18181818181818182,0.6071428571428571,0.7619047619047619
2355000,0.13333333333333333,0.3611111111111111,0.22727272727272727,0.6071428571428571,0.7619047619047619
2355300,0.16666666666666666,0.3888888888888889,0.18181818181818182,0.5714285714285714,0.7857142857142857
2355600,0.16666666666666666,0.3055555555555556,0.22727272727272727,0.5714285714285714,0.8095238095238095
2355900,0.23333333333333334,0.2777777777777778,0.22727272727272727,0.5178571428571429,0.8333333333333334
2356200,0.26666666666666666,0.2777777777777778,0.2727272727272727,0.48214285714285715,0.8333333333333334
2356500,0.26666666666666666,0.2777777777777778,0.45454545454545453,0.4642857142857143,0.8095238095238095
2356800,0.26666666666666666,0.2777777777777778,0.5909090909090909,0.48214285714285715,0.8333333333333334
2357100,0.26666666666666666,0.2777777777777778,0.5909090909090909,0.44642857142857145,0.8095238095238095
2357400,0.3,0.3055555555555556,0.5909090909090909,0.39285714285714285,0.7857142857142857
2357700,0.3,0.3333333333333333,0.5909090909090909,0.4107142857142857,0.7857142857142857
2358000,0.3,0.3611111111111111,0.5909090909090909,0.4107142857142857,0.7857142857142857
2358300,0.3333333333333333,0.2777777777777778,0.5909090909090909,0.39285714285714285,0.7619047619047619
2358600,0.3333333333333333,0.25,0.5909090909090909,0.4107142857142857,0.8095238095238095
2358900,0.36666666666666664,0.3333333333333333,0.5909090909090909,0.39285714285714285,0.8095238095238095
2359200,0.4666666666666667,0.2777777777777778,0.5909090909090909,0.32142857142857145,0.8333333333333334
2359500,0.5,0.3333333333333333,0.5909090909090909,0.30357142857142855,0.8571428571428571
2359800,0.5,0.3888888888888889,0.5909090909090909,0.26785714285714285,0.8571428571428571
2360100,0.5333333333333333,0.4722222222222222,0.5909090909090909,0.25,0.8333333333333334
2360400,0.5333333333333333,0.5555555555555556,0.6818181818181818,0.30357142857142855,0.8333333333333334
2360700,0.5666666666666667,0.6388888888888888,0.7727272727272727,0.35714285714285715,0.7380952380952381
2361000,0.5333333333333333,0.6388888888888888,0.8181818181818182,0.35714285714285715,0.7142857142857143
2361300,0.5333333333333333,0.6944444444444444,0.8636363636363636,0.32142857142857145,0.6666666666666666
2361600,0.5333333333333333,0.7777777777777778,0.8636363636363636,0.375,0.6904761904761905
2361900,0.5333333333333333,0.8333333333333334,0.8636363636363636,0.5,0.6666666666666666
2362200,0.5333333333333333,0.8611111111111112,0.8636363636363636,0.6607142857142857,0.7380952380952381
2362500,0.5333333333333333,0.8888888888888888,0.9090909090909091,0.6428571428571429,0.7142857142857143
2362800,0.5333333333333333,0.9444444444444444,0.9090909090909091,0.625,0.6904761904761905
2363100,0.5666666666666667,0.9722222222222222,0.9090909090909091,0.6785714285714286,0.6904761904761905
2363400,0.6666666666666666,0.9722222222222222,0.9090909090909091,0.6964285714285714,0.6904761904761905
2363700,0.6666666666666666,1.0,0.8636363636363636,0.6964285714285714,0.6666666666666666
2364000,0.6666666666666666,1.0,0.8636363636363636,0.6964285714285714,0.6190476190476191
2364300,0.7,0.9722222222222222,0.8181818181818182,0.6964285714285714,0.6428571428571429
2364600,0.6666666666666666,0.9722222222222222,0.8181818181818182,0.6785714285714286,0.5952380952380952
2364900,0.6666666666666666,0.9444444444444444,0.8181818181818182,0.6785714285714286,0.6666666666666666
2365200,0.6666666666666666,0.9166666666666666,0.8181818181818182,0.8035714285714286,0.6904761904761905
2365500,0.7,0.9166666666666666,0.7727272727272727,0.75,0.5952380952380952
2365800,0.7,0.9166666666666666,0.7727272727272727,0.75,0.5476190476190477
2366100,0.7,0.9166666666666666,0.7272727272727273,0.7857142857142857,0.5714285714285714
2366400,0.7,0.9166666666666666,0.7272727272727273,0.75,0.5952380952380952
2366700,0.7,0.9166666666666666,0.8181818181818182,0.6964285714285714,0.6190476190476191
2367000,0.7,0.9166666666666666,0.8636363636363636,0.6964285714285714,0.5952380952380952
2367300,0.7,0.9444444444444444,0.9090909090909091,0.6785714285714286,0.5
2367600,0.7333333333333333,0.9444444444444444,0.9090909090909091,0.7321428571428571,0.4523809523809524
2367900,0.7,0.9444444444444444,0.8636363636363636,0.75,0.2857142857142857
2368200,0.7,0.9444444444444444,0.8181818181818182,0.7678571428571429,0.21428571428571427
2368500,0.7,0.9444444444444444,0.9090909090909091,0.8035714285714286,0.2619047619047619
2368800,0.6333333333333333,1.0,0.9090909090909091,0.8392857142857143,0.21428571428571427
2369100,0.6333333333333333,1.0,0.9090909090909091,0.8928571428571429,0.14285714285714285
2369400,0.0,0.0,0.0,0.0,0.21428571428571427
2369700,0.6333333333333333,1.0,0.9545454545454546,0.875,0.16666666666666666
2370000,0.6333333333333333,1.0,0.9545454545454546,0.9285714285714286,0.19047619047619047
2370300,0.6333333333333333,1.0,0.9545454545454546,0.9107142857142857,0.16666666666666666
2370600,0.6333333333333333,1.0,0.9090909090909091,0.9464285714285714,0.07142857142857142
2370900,0.7,1.0,0.9090909090909091,0.9464285714285714,0.19047619047619047
2371200,0.7,0.9444444444444444,0.9090909090909091,0.9464285714285714,0.047619047619047616
2371500,0.7,0.9166666666666666,0.9090909090909091,0.9464285714285714,0.11904761904761904
2371800,0.6666666666666666,0.9166666666666666,0.9090909090909091,0.9107142857142857,0.11904761904761904
2372100,0.6,0.8888888888888888,0.9090909090909091,0.875,0.07142857142857142
2372400,0.6333333333333333,0.8611111111111112,0.9090909090909091,0.875,0.11904761904761904
2372700,0.6,0.8333333333333334,0.9090909090909091,0.875,0.09523809523809523
2373000,0.6,0.8611111111111112,0.9090909090909091,0.875,0.09523809523809523
2373300,0.5666666666666667,0.8611111111111112,0.8636363636363636,0.875,0.07142857142857142
2373600,0.5666666666666667,0.8611111111111112,0.8181818181818182,0.8928571428571429,0.07142857142857142
2373900,0.6,0.8611111111111112,0.7727272727272727,0.9107142857142857,0.14285714285714285
2374200,0.6,0.8333333333333334,0.7727272727272727,0.9107142857142857,0.16666666666666666
2374500,0.6,0.8055555555555556,0.7727272727272727,0.875,0.19047619047619047
2374800,0.6666666666666666,0.8055555555555556,0.7272727272727273,0.8571428571428571,0.21428571428571427
2375100,0.6666666666666666,0.8055555555555556,0.6818181818181818,0.875,0.21428571428571427
2375400,0.6666666666666666,0.75,0.6818181818181818,0.8571428571428571,0.23809523809523808
2375700,0.6333333333333333,0.7222222222222222,0.6818181818181818,0.8392857142857143,0.14285714285714285
2376000,0.6,0.6944444444444444,0.5909090909090909,0.8035714285714286,0.09523809523809523
2376300,0.6333333333333333,0.6111111111111112,0.4090909090909091,0.8214285714285714,0.023809523809523808
2376600,0.0,0.0,0.3181818181818182,0.0,0.14285714285714285
2376900,0.6666666666666666,0.5833333333333334,0.3181818181818182,0.6428571428571429,0.07142857142857142
2377200,0.6333333333333333,0.4166666666666667,0.3181818181818182,0.6071428571428571,0.11904761904761904
2377500,0.6,0.3888888888888889,0.4090909090909091,0.5714285714285714,0.047619047619047616
2377800,0.5333333333333333,0.2777777777777778,0.36363636363636365,0.5357142857142857,0.11904761904761904
2378100,0.4666666666666667,0.3333333333333333,0.36363636363636365,0.5,0.047619047619047616
2378400,0.4666666666666667,0.3055555555555556,0.2727272727272727,0.5535714285714286,0.09523809523809523
2378700,0.4666666666666667,0.19444444444444445,0.3181818181818182,0.5535714285714286,0.21428571428571427
2379000,0.4,0.16666666666666666,0.2727272727272727,0.5178571428571429,0.21428571428571427
2379300,0.4,0.19444444444444445,0.2727272727272727,0.5892857142857143,0.14285714285714285
2379600,0.4,0.25,0.22727272727272727,0.5,0.14285714285714285
2379900,0.4,0.1388888888888889,0.2727272727272727,0.5357142857142857,0.09523809523809523
2380200,0.3,0.2222222222222222,0.22727272727272727,0.5714285714285714,0.11904761904761904
2380500,0.36666666666666664,0.25,0.22727272727272727,0.6071428571428571,0.11904761904761904
2380800,0.3333333333333333,0.3055555555555556,0.22727272727272727,0.5714285714285714,0.16666666666666666
2381100,0.36666666666666664,0.3611111111111111,0.22727272727272727,0.5357142857142857,0.2619047619047619
2381400,0.4,0.3055555555555556,0.2727272727272727,0.5,0.35714285714285715
2381700,0.4,0.3333333333333333,0.4090909090909091,0.48214285714285715,0.30952380952380953
2382000,0.3333333333333333,0.3888888888888889,0.5909090909090909,0.5178571428571429,0.23809523809523808
2382300,0.36666666666666664,0.4166666666666667,0.5909090909090909,0.5535714285714286,0.23809523809523808
2382600,0.36666666666666664,0.3888888888888889,0.7272727272727273,0.625,0.21428571428571427
2382900,0.4,0.4722222222222222,0.7727272727272727,0.6607142857142857,0.14285714285714285
2383200,0.4,0.5555555555555556,0.7727272727272727,0.6785714285714286,0.07142857142857142
2383500,0.43333333333333335,0.6666666666666666,0.7727272727272727,0.75,0.16666666666666666
2383800,0.4666666666666667,0.6944444444444444,0.8181818181818182,0.8035714285714286,0.09523809523809523
2384100,0.4666666666666667,0.7777777777777778,0.8181818181818182,0.8392857142857143,0.023809523809523808
2384400,0.4666666666666667,0.7222222222222222,0.8181818181818182,0.8214285714285714,0.14285714285714285
2384700,0.5,0.7222222222222222,0.8181818181818182,0.8392857142857143,0.07142857142857142
2385000,0.43333333333333335,0.75,0.8181818181818182,0.8571428571428571,0.09523809523809523
2385300,0.43333333333333335,0.8055555555555556,0.8636363636363636,0.8571428571428571,0.21428571428571427
2385600,0.4,0.8333333333333334,0.8181818181818182,0.8928571428571429,0.3333333333333333
2385900,0.36666666666666664,0.8888888888888888,0.8181818181818182,0.9107142857142857,0.2857142857142857
2386200,0.36666666666666664,0.8888888888888888,0.8636363636363636,0.8928571428571429,0.19047619047619047
2386500,0.36666666666666664,0.8888888888888888,0.8636363636363636,0.875,0.21428571428571427
2386800,0.43333333333333335,0.8611111111111112,0.7272727272727273,0.8928571428571429,0.09523809523809523
2387100,0.4,0.8888888888888888,0.7272727272727273,0.9285714285714286,0.11904761904761904
2387400,0.4,0.8611111111111112,0.7272727272727273,0.9107142857142857,0.14285714285714285
2387700,0.4666666666666667,0.8055555555555556,0.7272727272727273,0.9107142857142857,0.19047619047619047
2388000,0.5,0.7777777777777778,0.6818181818181818,0.9107142857142857,0.09523809523809523
2388300,0.4666666666666667,0.7777777777777778,0.6363636363636364,0.8571428571428571,0.09523809523809523
2388600,0.5,0.7222222222222222,0.5909090909090909,0.8928571428571429,0.047619047619047616
2388900,0.5,0.6666666666666666,0.5909090909090909,0.875,0.07142857142857142
2389200,0.5333333333333333,0.6388888888888888,0.5909090909090909,0.8928571428571429,0.09523809523809523
2389500,0.5333333333333333,0.6111111111111112,0.5909090909090909,0.875,0.047619047619047616
2389800,0.5666666666666667,0.6111111111111112,0.5909090909090909,0.8928571428571429,0.07142857142857142
2390100,0.5333333333333333,0.5555555555555556,0.6363636363636364,0.9107142857142857,0.11904761904761904
2390400,0.5333333333333333,0.5,0.6363636363636364,0.9285714285714286,0.14285714285714285
2390700,0.5333333333333333,0.5,0.6363636363636364,0.9285714285714286,0.23809523809523808
2391000,0.5333333333333333,0.4722222222222222,0.5909090909090909,0.9464285714285714,0.30952380952380953
2391300,0.5666666666666667,0.4722222222222222,0.5909090909090909,0.9285714285714286,0.2619047619047619
2391600,0.5666666666666667,0.5277777777777778,0.6363636363636364,0.9285714285714286,0.23809523809523808
2391900,0.5333333333333333,0.5277777777777778,0.6818181818181818,0.9285714285714286,0.16666666666666666
2392200,0.4666666666666667,0.6944444444444444,0.6818181818181818,0.9642857142857143,0.16666666666666666
2392500,0.43333333333333335,0.6666666666666666,0.6818181818181818,0.9464285714285714,0.09523809523809523
2392800,0.4666666666666667,0.6944444444444444,0.6363636363636364,0.9285714285714286,0.047619047619047616
2393100,0.4666666666666667,0.7222222222222222,0.6363636363636364,0.9107142857142857,0.16666666666666666
2393400,0.4666666666666667,0.7222222222222222,0.6363636363636364,0.8928571428571429,0.11904761904761904
2393700,0.4666666666666667,0.6944444444444444,0.6363636363636364,0.8928571428571429,0.047619047619047616
2394000,0.5333333333333333,0.6666666666666666,0.6363636363636364,0.8928571428571429,0.07142857142857142
2394300,0.5666666666666667,0.6388888888888888,0.5909090909090909,0.8928571428571429,0.11904761904761904
2394600,0.6,0.6111111111111112,0.6818181818181818,0.8928571428571429,0.11904761904761904
2394900,0.6,0.6388888888888888,0.6818181818181818,0.8928571428571429,0.09523809523809523
2395200,0.6,0.6111111111111112,0.6818181818181818,0.8571428571428571,0.047619047619047616
2395500,0.7666666666666667,0.5555555555555556,0.6363636363636364,0.875,0.09523809523809523
2395800,0.7333333333333333,0.6388888888888888,0.6363636363636364,0.875,0.14285714285714285
2396100,0.6666666666666666,0.6111111111111112,0.7272727272727273,0.8571428571428571,0.023809523809523808
2396400,0.6666666666666666,0.6111111111111112,0.7727272727272727,0.8392857142857143,0.047619047619047616
2396700,0.6666666666666666,0.6666666666666666,0.7727272727272727,0.8035714285714286,0.09523809523809523
2397000,0.6333333333333333,0.6388888888888888,0.7727272727272727,0.7321428571428571,0.047619047619047616
2397300,0.6333333333333333,0.6944444444444444,0.8636363636363636,0.7678571428571429,0.11904761904761904
2397600,0.6666666666666666,0.7777777777777778,0.8181818181818182,0.8214285714285714,0.14285714285714285
2397900,0.6666666666666666,0.8055555555555556,0.0,0.8214285714285714,0.11904761904761904
2398200,0.0,0.0,0.0,0.0,0.19047619047619047
2398500,0.0,0.0,0.0,0.0,0.19047619047619047
2398800,0.8,0.8055555555555556,0.8636363636363636,0.6428571428571429,0.2857142857142857
2399100,0.8333333333333334,0.8333333333333334,0.8181818181818182,0.6785714285714286,0.3333333333333333
2399400,0.8333333333333334,0.8055555555555556,0.8181818181818182,0.6428571428571429,0.40476190476190477
2399700,0.8333333333333334,0.8055555555555556,0.8181818181818182,0.6428571428571429,0.3333333333333333
2400000,0.8333333333333334,0.8055555555555556,0.8181818181818182,0.6785714285714286,0.21428571428571427
2400300,0.8333333333333334,0.8055555555555556,0.8181818181818182,0.6785714285714286,0.21428571428571427
2400600,0.8,0.8333333333333334,0.7272727272727273,0.5714285714285714,0.16666666666666666
2400900,0.8,0.8611111111111112,0.7727272727272727,0.5357142857142857,0.2857142857142857
2401200,0.7333333333333333,0.8611111111111112,0.7727272727272727,0.48214285714285715,0.16666666666666666
2401500,0.7333333333333333,0.8611111111111112,0.7727272727272727,0.48214285714285715,0.16666666666666666
2401800,0.7,0.8611111111111112,0.7272727272727273,0.4107142857142857,0.14285714285714285
2402100,0.6666666666666666,0.8333333333333334,0.7272727272727273,0.42857142857142855,0.14285714285714285
2402400,0.7,0.8888888888888888,0.7272727272727273,0.42857142857142855,0.11904761904761904
2402700,0.7,0.8888888888888888,0.7272727272727273,0.4107142857142857,0.19047619047619047
2403000,0.7,0.9166666666666666,0.7272727272727273,0.4107142857142857,0.21428571428571427
2403300,0.7,0.8888888888888888,0.7272727272727273,0.39285714285714285,0.23809523809523808
2403600,0.6666666666666666,0.9166666666666666,0.6363636363636364,0.35714285714285715,0.19047619047619047
2403900,0.6333333333333333,0.8611111111111112,0.6363636363636364,0.32142857142857145,0.2619047619047619
2404200,0.6666666666666666,0.7777777777777778,0.5909090909090909,0.35714285714285715,0.2619047619047619
2404500,0.7,0.7777777777777778,0.5909090909090909,0.375,0.19047619047619047
2404800,0.7,0.7777777777777778,0.5909090909090909,0.39285714285714285,0.11904761904761904
2405100,0.7333333333333333,0.7777777777777778,0.5909090909090909,0.4107142857142857,0.19047619047619047
2405400,0.7,0.7777777777777778,0.5909090909090909,0.4107142857142857,0.11904761904761904
2405700,0.7,0.75,0.5909090909090909,0.39285714285714285,0.14285714285714285
2406000,0.6333333333333333,0.7222222222222222,0.5,0.32142857142857145,0.16666666666666666
2406300,0.6333333333333333,0.6944444444444444,0.5,0.3392857142857143,0.23809523809523808
2406600,0.5666666666666667,0.6666666666666666,0.5,0.32142857142857145,0.3333333333333333
2406900,0.5666666666666667,0.7222222222222222,0.45454545454545453,0.21428571428571427,0.2857142857142857
2407200,0.5666666666666667,0.6944444444444444,0.4090909090909091,0.21428571428571427,0.2619047619047619
2407500,0.4666666666666667,0.6666666666666666,0.5,0.23214285714285715,0.40476190476190477
2407800,0.5,0.6666666666666666,0.5,0.26785714285714285,0.5238095238095238
2408100,0.5,0.75,0.45454545454545453,0.26785714285714285,0.5
2408400,0.4,0.7222222222222222,0.45454545454545453,0.3392857142857143,0.42857142857142855
2408700,0.4,0.6944444444444444,0.45454545454545453,0.26785714285714285,0.47619047619047616
2409000,0.36666666666666664,0.6944444444444444,0.4090909090909091,0.375,0.4523809523809524
2409300,0.36666666666666664,0.7222222222222222,0.45454545454545453,0.30357142857142855,0.5238095238095238
2409600,0.36666666666666664,0.7222222222222222,0.36363636363636365,0.2857142857142857,0.5
2409900,0.4,0.8333333333333334,0.4090909090909091,0.25,0.5
2410200,0.43333333333333335,0.8333333333333334,0.4090909090909091,0.25,0.47619047619047616
2410500,0.43333333333333335,0.8888888888888888,0.4090909090909091,0.21428571428571427,0.5
2410800,0.43333333333333335,0.8888888888888888,0.3181818181818182,0.21428571428571427,0.47619047619047616
2411100,0.4,0.9166666666666666,0.3181818181818182,0.23214285714285715,0.5
2411400,0.3333333333333333,0.9444444444444444,0.3181818181818182,0.19642857142857142,0.5476190476190477
2411700,0.36666666666666664,0.9444444444444444,0.2727272727272727,0.26785714285714285,0.5
2412000,0.3333333333333333,0.9444444444444444,0.2727272727272727,0.26785714285714285,0.35714285714285715
2412300,0.3333333333333333,0.9444444444444444,0.2727272727272727,0.26785714285714285,0.35714285714285715
2412600,0.0,0.0,0.0,0.0,0.47619047619047616
2412900,0.3333333333333333,0.9166666666666666,0.3181818181818182,0.19642857142857142,0.4523809523809524
2413200,0.3,0.9166666666666666,0.2727272727272727,0.23214285714285715,0.5238095238095238
2413500,0.3,0.9444444444444444,0.2727272727272727,0.21428571428571427,0.5476190476190477
2413800,0.36666666666666664,0.9166666666666666,0.18181818181818182,0.21428571428571427,0.5714285714285714
2414100,0.36666666666666664,0.9166666666666666,0.09090909090909091,0.16071428571428573,0.5714285714285714
2414400,0.3333333333333333,0.9166666666666666,0.22727272727272727,0.19642857142857142,0.5
2414700,0.3333333333333333,0.8888888888888888,0.36363636363636365,0.17857142857142858,0.47619047619047616
2415000,0.3333333333333333,0.8888888888888888,0.2727272727272727,0.19642857142857142,0.4523809523809524
2415300,0.26666666666666666,0.8888888888888888,0.22727272727272727,0.17857142857142858,0.40476190476190477
2415600,0.23333333333333334,0.8611111111111112,0.22727272727272727,0.17857142857142858,0.23809523809523808
2415900,0.13333333333333333,0.8333333333333334,0.18181818181818182,0.21428571428571427,0.40476190476190477
2416200,0.16666666666666666,0.8611111111111112,0.22727272727272727,0.17857142857142858,0.40476190476190477
2416500,0.2,0.8055555555555556,0.22727272727272727,0.23214285714285715,0.35714285714285715
2416800,0.23333333333333334,0.8333333333333334,0.09090909090909091,0.26785714285714285,0.3333333333333333
2417100,0.26666666666666666,0.8333333333333334,0.045454545454545456,0.2857142857142857,0.35714285714285715
2417400,0.23333333333333334,0.8333333333333334,0.045454545454545456,0.26785714285714285,0.42857142857142855
2417700,0.26666666666666666,0.8611111111111112,0.18181818181818182,0.3392857142857143,0.4523809523809524
2418000,0.23333333333333334,0.8333333333333334,0.045454545454545456,0.26785714285714285,0.47619047619047616
2418300,0.23333333333333334,0.8611111111111112,0.045454545454545456,0.26785714285714285,0.5
2418600,0.2,0.8333333333333334,0.0,0.21428571428571427,0.3333333333333333
2418900,0.16666666666666666,0.7222222222222222,0.045454545454545456,0.16071428571428573,0.2619047619047619
2419200,0.13333333333333333,0.6388888888888888,0.13636363636363635,0.14285714285714285,0.2857142857142857
2419500,0.16666666666666666,0.5277777777777778,0.13636363636363635,0.16071428571428573,0.2857142857142857
2419800,0.2,0.4444444444444444,0.13636363636363635,0.16071428571428573,0.2619047619047619
2420100,0.26666666666666666,0.4166666666666667,0.09090909090909091,0.125,0.16666666666666666
2420400,0.26666666666666666,0.3055555555555556,0.09090909090909091,0.19642857142857142,0.11904761904761904
2420700,0.3,0.3055555555555556,0.09090909090909091,0.21428571428571427,0.14285714285714285
2421000,0.23333333333333334,0.19444444444444445,0.045454545454545456,0.19642857142857142,0.14285714285714285
2421300,0.16666666666666666,0.2222222222222222,0.045454545454545456,0.14285714285714285,0.16666666666666666
2421600,0.2,0.16666666666666666,0.045454545454545456,0.10714285714285714,0.14285714285714285
2421900,0.13333333333333333,0.16666666666666666,0.045454545454545456,0.14285714285714285,0.16666666666666666
2422200,0.16666666666666666,0.19444444444444445,0.09090909090909091,0.16071428571428573,0.16666666666666666
2422500,0.13333333333333333,0.16666666666666666,0.13636363636363635,0.16071428571428573,0.09523809523809523
2422800,0.13333333333333333,0.19444444444444445,0.13636363636363635,0.14285714285714285,0.14285714285714285
2423100,0.13333333333333333,0.19444444444444445,0.09090909090909091,0.16071428571428573,0.16666666666666666
2423400,0.13333333333333333,0.25,0.18181818181818182,0.23214285714285715,0.23809523809523808
2423700,0.13333333333333333,0.3055555555555556,0.09090909090909091,0.2857142857142857,0.2619047619047619
2424000,0.16666666666666666,0.4444444444444444,0.13636363636363635,0.30357142857142855,0.3333333333333333
2424300,0.16666666666666666,0.6111111111111112,0.09090909090909091,0.26785714285714285,0.35714285714285715
2424600,0.13333333333333333,0.6388888888888888,0.09090909090909091,0.26785714285714285,0.38095238095238093
2424900,0.2,0.6111111111111112,0.045454545454545456,0.32142857142857145,0.3333333333333333
2425200,0.26666666666666666,0.6666666666666666,0.045454545454545456,0.35714285714285715,0.38095238095238093
2425500,0.26666666666666666,0.6111111111111112,0.22727272727272727,0.2857142857142857,0.3333333333333333
2425800,0.26666666666666666,0.5555555555555556,0.22727272727272727,0.32142857142857145,0.3333333333333333
2426100,0.26666666666666666,0.5555555555555556,0.22727272727272727,0.39285714285714285,0.35714285714285715
2426400,0.26666666666666666,0.5833333333333334,0.22727272727272727,0.35714285714285715,0.47619047619047616
2426700,0.3,0.5555555555555556,0.18181818181818182,0.4107142857142857,0.5
2427000,0.3,0.3888888888888889,0.13636363636363635,0.44642857142857145,0.5
2427300,0.3,0.3888888888888889,0.09090909090909091,0.4642857142857143,0.5952380952380952
2427600,0.3,0.3611111111111111,0.13636363636363635,0.48214285714285715,0.6904761904761905
2427900,0.26666666666666666,0.2777777777777778,0.13636363636363635,0.5535714285714286,0.7857142857142857
2428200,0.26666666666666666,0.3333333333333333,0.045454545454545456,0.6071428571428571,0.7857142857142857
2428500,0.26666666666666666,0.3333333333333333,0.045454545454545456,0.6071428571428571,0.7142857142857143
2428800,0.23333333333333334,0.3055555555555556,0.09090909090909091,0.625,0.7619047619047619
2429100,0.2,0.2777777777777778,0.09090909090909091,0.6964285714285714,0.7380952380952381
2429400,0.2,0.3333333333333333,0.13636363636363635,0.7321428571428571,0.7857142857142857
2429700,0.2,0.3055555555555556,0.09090909090909091,0.7142857142857143,0.8809523809523809
2430000,0.2,0.3333333333333333,0.22727272727272727,0.7142857142857143,0.9285714285714286
2430300,0.2,0.4166666666666667,0.22727272727272727,0.6785714285714286,0.9523809523809523
2430600,0.2,0.4166666666666667,0.18181818181818182,0.7321428571428571,0.9285714285714286
2430900,0.2,0.3055555555555556,0.22727272727272727,0.7678571428571429,0.9285714285714286
2431200,0.2,0.3333333333333333,0.22727272727272727,0.75,0.9285714285714286
2431500,0.23333333333333334,0.3055555555555556,0.18181818181818182,0.7678571428571429,0.9523809523809523
2431800,0.23333333333333334,0.2222222222222222,0.22727272727272727,0.7678571428571429,0.9523809523809523
2432100,0.23333333333333334,0.19444444444444445,0.22727272727272727,0.7857142857142857,0.9523809523809523
2432400,0.23333333333333334,0.19444444444444445,0.18181818181818182,0.75,0.9523809523809523
2432700,0.23333333333333334,0.19444444444444445,0.18181818181818182,0.7321428571428571,0.9285714285714286
2433000,0.23333333333333334,0.16666666666666666,0.22727272727272727,0.6785714285714286,0.9285714285714286
2433300,0.23333333333333334,0.19444444444444445,0.3181818181818182,0.6607142857142857,0.9285714285714286
2433600,0.26666666666666666,0.19444444444444445,0.3181818181818182,0.6607142857142857,0.9285714285714286
2433900,0.26666666666666666,0.16666666666666666,0.3181818181818182,0.6428571428571429,0.9285714285714286
2434200,0.26666666666666666,0.2777777777777778,0.3181818181818182,0.6607142857142857,0.9047619047619048
2434500,0.26666666666666666,0.16666666666666666,0.22727272727272727,0.6428571428571429,0.9047619047619048
2434800,0.26666666666666666,0.1388888888888889,0.18181818181818182,0.6607142857142857,0.8809523809523809
2435100,0.23333333333333334,0.19444444444444445,0.22727272727272727,0.6607142857142857,0.8809523809523809
2435400,0.23333333333333334,0.2777777777777778,0.13636363636363635,0.7321428571428571,0.9047619047619048
2435700,0.23333333333333334,0.25,0.18181818181818182,0.6964285714285714,0.9285714285714286
2436000,0.23333333333333334,0.2777777777777778,0.18181818181818182,0.6785714285714286,0.9285714285714286
2436300,0.23333333333333334,0.3333333333333333,0.22727272727272727,0.6785714285714286,0.9047619047619048
2436600,0.23333333333333334,0.4166666666666667,0.18181818181818182,0.6964285714285714,0.9285714285714286
2436900,0.23333333333333334,0.4166666666666667,0.18181818181818182,0.6785714285714286,0.9047619047619048
2437200,0.23333333333333334,0.2777777777777778,0.18181818181818182,0.7142857142857143,0.9047619047619048
2437500,0.23333333333333334,0.25,0.13636363636363635,0.7321428571428571,0.8809523809523809
2437800,0.23333333333333334,0.3333333333333333,0.13636363636363635,0.7142857142857143,0.9047619047619048
2438100,0.23333333333333334,0.3055555555555556,0.18181818181818182,0.7142857142857143,0.8571428571428571
2438400,0.23333333333333334,0.25,0.2727272727272727,0.7321428571428571,0.7857142857142857
2438700,0.23333333333333334,0.19444444444444445,0.36363636363636365,0.75,0.8333333333333334
2439000,0.23333333333333334,0.16666666666666666,0.36363636363636365,0.7678571428571429,0.8333333333333334
2439300,0.2,0.19444444444444445,0.36363636363636365,0.7857142857142857,0.8809523809523809
2439600,0.2,0.19444444444444445,0.36363636363636365,0.8035714285714286,0.8333333333333334
2439900,0.2,0.16666666666666666,0.22727272727272727,0.7857142857142857,0.8095238095238095
2440200,0.2,0.16666666666666666,0.22727272727272727,0.7678571428571429,0.7857142857142857
2440500,0.2,0.2777777777777778,0.2727272727272727,0.7857142857142857,0.8095238095238095
2440800,0.2,0.2222222222222222,0.2727272727272727,0.8035714285714286,0.8095238095238095
2441100,0.2,0.19444444444444445,0.22727272727272727,0.7857142857142857,0.7857142857142857
2441400,0.2,0.2222222222222222,0.2727272727272727,0.7857142857142857,0.7619047619047619
2441700,0.2,0.25,0.3181818181818182,0.7857142857142857,0.8095238095238095
2442000,0.2,0.2222222222222222,0.3181818181818182,0.8035714285714286,0.8095238095238095
2442300,0.2,0.3333333333333333,0.36363636363636365,0.7857142857142857,0.7380952380952381
2442600,0.2,0.3888888888888889,0.45454545454545453,0.75,0.7380952380952381
2442900,0.2,0.4444444444444444,0.45454545454545453,0.7321428571428571,0.7142857142857143
2443200,0.2,0.4444444444444444,0.5,0.7321428571428571,0.7142857142857143
2443500,0.2,0.4444444444444444,0.5454545454545454,0.6785714285714286,0.7142857142857143
2443800,0.23333333333333334,0.4722222222222222,0.5454545454545454,0.625,0.7142857142857143
2444100,0.23333333333333334,0.5,0.5454545454545454,0.5357142857142857,0.7857142857142857
2444400,0.23333333333333334,0.5555555555555556,0.6363636363636364,0.48214285714285715,0.7619047619047619
2444700,0.23333333333333334,0.5555555555555556,0.7272727272727273,0.48214285714285715,0.7380952380952381
2445000,0.23333333333333334,0.5833333333333334,0.7727272727272727,0.44642857142857145,0.7142857142857143
2445300,0.3,0.5555555555555556,0.8181818181818182,0.4107142857142857,0.7142857142857143
2445600,0.3333333333333333,0.5555555555555556,0.8636363636363636,0.39285714285714285,0.7142857142857143
2445900,0.3333333333333333,0.5,0.8181818181818182,0.375,0.7380952380952381
2446200,0.36666666666666664,0.5555555555555556,0.8181818181818182,0.35714285714285715,0.7380952380952381
2446500,0.36666666666666664,0.6111111111111112,0.8181818181818182,0.375,0.7142857142857143
2446800,0.43333333333333335,0.75,0.8181818181818182,0.35714285714285715,0.7380952380952381
2447100,0.4666666666666667,0.75,0.8181818181818182,0.375,0.7142857142857143
2447400,0.5,0.75,0.8181818181818182,0.39285714285714285,0.6904761904761905
2447700,0.5333333333333333,0.7222222222222222,0.8181818181818182,0.42857142857142855,0.6666666666666666
2448000,0.5333333333333333,0.75,0.8181818181818182,0.4642857142857143,0.5952380952380952
2448300,0.5333333333333333,0.8333333333333334,0.8636363636363636,0.5,0.5952380952380952
2448600,0.5333333333333333,0.8333333333333334,0.9090909090909091,0.5178571428571429,0.5
2448900,0.5333333333333333,0.8888888888888888,0.9090909090909091,0.6071428571428571,0.42857142857142855
2449200,0.5666666666666667,0.8888888888888888,0.9090909090909091,0.625,0.5
2449500,0.5666666666666667,0.9722222222222222,0.9090909090909091,0.5892857142857143,0.5
2449800,0.6,0.9722222222222222,0.9090909090909091,0.625,0.5714285714285714
2450100,0.5666666666666667,0.9722222222222222,0.9090909090909091,0.6607142857142857,0.5952380952380952
2450400,0.6,1.0,0.9090909090909091,0.7142857142857143,0.5
2450700,0.6,1.0,0.9090909090909091,0.7142857142857143,0.47619047619047616
2451000,0.6333333333333333,1.0,0.9090909090909091,0.7142857142857143,0.42857142857142855
2451300,0.6333333333333333,1.0,0.9090909090909091,0.6964285714285714,0.2619047619047619
2451600,0.6333333333333333,1.0,0.9090909090909091,0.6964285714285714,0.3333333333333333
2451900,0.6,1.0,0.9090909090909091,0.6428571428571429,0.38095238095238093
2452200,0.6333333333333333,0.9722222222222222,1.0,0.6607142857142857,0.38095238095238093
2452500,0.6333333333333333,0.9722222222222222,1.0,0.6785714285714286,0.38095238095238093
2452800,0.6666666666666666,0.9722222222222222,0.9545454545454546,0.6785714285714286,0.40476190476190477
2453100,0.6666666666666666,0.9444444444444444,0.9545454545454546,0.6428571428571429,0.42857142857142855
2453400,0.6666666666666666,0.9444444444444444,0.9545454545454546,0.625,0.42857142857142855
2453700,0.6666666666666666,0.9444444444444444,0.9545454545454546,0.6964285714285714,0.42857142857142855
2454000,0.6666666666666666,0.9444444444444444,0.9545454545454546,0.7678571428571429,0.30952380952380953
2454300,0.6666666666666666,0.9444444444444444,0.9545454545454546,0.7678571428571429,0.2857142857142857
2454600,0.6666666666666666,0.9444444444444444,0.9545454545454546,0.75,0.21428571428571427
2454900,0.6666666666666666,0.9444444444444444,1.0,0.75,0.14285714285714285
2455200,0.6333333333333333,0.9444444444444444,0.9545454545454546,0.7678571428571429,0.23809523809523808
2455500,0.6666666666666666,0.9444444444444444,0.9545454545454546,0.8571428571428571,0.2619047619047619
2455800,0.0,0.0,0.0,0.0,0.21428571428571427
2456100,0.7,0.9166666666666666,0.9545454545454546,0.9285714285714286,0.30952380952380953
2456400,0.7,0.9444444444444444,0.9545454545454546,0.9285714285714286,0.35714285714285715
2456700,0.6,0.9444444444444444,0.9545454545454546,0.9464285714285714,0.40476190476190477
2457000,0.5666666666666667,0.9444444444444444,0.9545454545454546,0.9464285714285714,0.30952380952380953
2457300,0.5666666666666667,0.9166666666666666,0.8181818181818182,0.9642857142857143,0.14285714285714285
2457600,0.5666666666666667,0.8611111111111112,0.8181818181818182,0.9642857142857143,0.047619047619047616
2457900,0.5666666666666667,0.8611111111111112,0.7727272727272727,0.9821428571428571,0.047619047619047616
2458200,0.5666666666666667,0.8888888888888888,0.7272727272727273,0.9642857142857143,0.07142857142857142
2458500,0.6,0.8888888888888888,0.6818181818181818,0.9642857142857143,0.047619047619047616
2458800,0.6,0.8611111111111112,0.6818181818181818,0.9464285714285714,0.14285714285714285
2459100,0.5333333333333333,0.8333333333333334,0.6363636363636364,0.9464285714285714,0.11904761904761904
2459400,0.5,0.8333333333333334,0.7272727272727273,0.9107142857142857,0.11904761904761904
2459700,0.5,0.8055555555555556,0.7272727272727273,0.9107142857142857,0.09523809523809523
2460000,0.5,0.8055555555555556,0.7272727272727273,0.9107142857142857,0.16666666666666666
2460300,0.5,0.7222222222222222,0.6818181818181818,0.9107142857142857,0.23809523809523808
2460600,0.5,0.6944444444444444,0.6818181818181818,0.9107142857142857,0.11904761904761904
2460900,0.4666666666666667,0.6666666666666666,0.7272727272727273,0.8928571428571429,0.14285714285714285
2461200,0.5,0.6388888888888888,0.7272727272727273,0.9107142857142857,0.23809523809523808
2461500,0.4666666666666667,0.6388888888888888,0.7272727272727273,0.8928571428571429,0.21428571428571427
2461800,0.36666666666666664,0.6388888888888888,0.7272727272727273,0.8928571428571429,0.21428571428571427
2462100,0.4,0.6111111111111112,0.5454545454545454,0.9107142857142857,0.21428571428571427
2462400,0.4,0.5277777777777778,0.5,0.8392857142857143,0.07142857142857142
2462700,0.4,0.5555555555555556,0.45454545454545453,0.8035714285714286,0.21428571428571427
2463000,0.23333333333333334,0.0,0.3181818181818182,0.0,0.14285714285714285
2463300,0.2,0.5277777777777778,0.3181818181818182,0.6607142857142857,0.09523809523809523
2463600,0.23333333333333334,0.5277777777777778,0.3181818181818182,0.6071428571428571,0.09523809523809523
2463900,0.2,0.5277777777777778,0.2727272727272727,0.5714285714285714,0.07142857142857142
2464200,0.2,0.5277777777777778,0.2727272727272727,0.5535714285714286,0.047619047619047616
2464500,0.16666666666666666,0.5,0.22727272727272727,0.5357142857142857,0.023809523809523808
2464800,0.23333333333333334,0.3888888888888889,0.2727272727272727,0.39285714285714285,0.047619047619047616
2465100,0.26666666666666666,0.3888888888888889,0.3181818181818182,0.375,0.11904761904761904
2465400,0.16666666666666666,0.3333333333333333,0.36363636363636365,0.44642857142857145,0.09523809523809523
2465700,0.13333333333333333,0.3333333333333333,0.45454545454545453,0.42857142857142855,0.11904761904761904
2466000,0.13333333333333333,0.3055555555555556,0.45454545454545453,0.4642857142857143,0.047619047619047616
2466300,0.16666666666666666,0.2222222222222222,0.45454545454545453,0.42857142857142855,0.07142857142857142
2466600,0.13333333333333333,0.25,0.45454545454545453,0.39285714285714285,0.023809523809523808
2466900,0.16666666666666666,0.25,0.45454545454545453,0.44642857142857145,0.0
2467200,0.2,0.3333333333333333,0.36363636363636365,0.48214285714285715,0.07142857142857142
2467500,0.2,0.3333333333333333,0.36363636363636365,0.625,0.07142857142857142
2467800,0.2,0.3055555555555556,0.3181818181818182,0.6071428571428571,0.07142857142857142
2468100,0.3,0.25,0.2727272727272727,0.6071428571428571,0.21428571428571427
2468400,0.23333333333333334,0.3055555555555556,0.3181818181818182,0.5535714285714286,0.07142857142857142
2468700,0.23333333333333334,0.3333333333333333,0.5,0.5892857142857143,0.14285714285714285
2469000,0.23333333333333334,0.25,0.45454545454545453,0.5714285714285714,0.14285714285714285
2469300,0.23333333333333334,0.2777777777777778,0.45454545454545453,0.5892857142857143,0.047619047619047616
2469600,0.3,0.5277777777777778,0.45454545454545453,0.5892857142857143,0.047619047619047616
2469900,0.3333333333333333,0.5555555555555556,0.45454545454545453,0.6071428571428571,0.047619047619047616
2470200,0.4,0.5833333333333334,0.45454545454545453,0.625,0.047619047619047616
2470500,0.4666666666666667,0.6666666666666666,0.4090909090909091,0.6785714285714286,0.023809523809523808
2470800,0.4666666666666667,0.6388888888888888,0.45454545454545453,0.7142857142857143,0.047619047619047616
2471100,0.5,0.6666666666666666,0.45454545454545453,0.7142857142857143,0.14285714285714285
2471400,0.5333333333333333,0.7222222222222222,0.5454545454545454,0.75,0.07142857142857142
2471700,0.5333333333333333,0.7222222222222222,0.5,0.75,0.11904761904761904
2472000,0.5,0.7222222222222222,0.45454545454545453,0.7321428571428571,0.16666666666666666
2472300,0.5,0.6944444444444444,0.45454545454545453,0.8214285714285714,0.14285714285714285
2472600,0.5,0.7222222222222222,0.45454545454545453,0.8571428571428571,0.09523809523809523
2472900,0.5333333333333333,0.75,0.5,0.9107142857142857,0.047619047619047616
2473200,0.5333333333333333,0.75,0.5,0.9107142857142857,0.09523809523809523
2473500,0.5333333333333333,0.7777777777777778,0.5454545454545454,0.9285714285714286,0.11904761904761904
2473800,0.5333333333333333,0.7777777777777778,0.5909090909090909,0.9464285714285714,0.023809523809523808
2474100,0.5333333333333333,0.8055555555555556,0.6363636363636364,0.9464285714285714,0.0
2474400,0.5666666666666667,0.75,0.6363636363636364,0.9464285714285714,0.09523809523809523
2474700,0.6,0.6944444444444444,0.6818181818181818,0.9285714285714286,0.21428571428571427
2475000,0.6,0.5833333333333334,0.6363636363636364,0.9642857142857143,0.11904761904761904
2475300,0.5666666666666667,0.5833333333333334,0.5909090909090909,0.9464285714285714,0.07142857142857142
2475600,0.5333333333333333,0.5833333333333334,0.5909090909090909,0.9642857142857143,0.07142857142857142
2475900,0.5333333333333333,0.5,0.5909090909090909,0.9107142857142857,0.14285714285714285
2476200,0.5666666666666667,0.4722222222222222,0.5454545454545454,0.9107142857142857,0.047619047619047616
2476500,0.6,0.5,0.5909090909090909,0.8928571428571429,0.023809523809523808
2476800,0.6,0.5277777777777778,0.5909090909090909,0.875,0.023809523809523808
2477100,0.5666666666666667,0.5277777777777778,0.5909090909090909,0.875,0.21428571428571427
2477400,0.5666666666666667,0.5277777777777778,0.5909090909090909,0.875,0.21428571428571427
2477700,0.6,0.5,0.5909090909090909,0.7678571428571429,0.19047619047619047
2478000,0.5333333333333333,0.6111111111111112,0.5909090909090909,0.7857142857142857,0.11904761904761904
2478300,0.5333333333333333,0.6111111111111112,0.6363636363636364,0.7857142857142857,0.16666666666666666
2478600,0.5,0.6388888888888888,0.5909090909090909,0.7857142857142857,0.09523809523809523
2478900,0.5333333333333333,0.6666666666666666,0.5909090909090909,0.7857142857142857,0.09523809523809523
2479200,0.5333333333333333,0.6111111111111112,0.5909090909090909,0.7857142857142857,0.16666666666666666
2479500,0.5666666666666667,0.6111111111111112,0.5909090909090909,0.8035714285714286,0.19047619047619047
2479800,0.6,0.6388888888888888,0.5909090909090909,0.8928571428571429,0.11904761904761904
2480100,0.6,0.6944444444444444,0.5909090909090909,0.875,0.14285714285714285
2480400,0.6,0.7222222222222222,0.5909090909090909,0.8928571428571429,0.07142857142857142
2480700,0.6333333333333333,0.6666666666666666,0.5909090909090909,0.9107142857142857,0.14285714285714285
2481000,0.6666666666666666,0.6666666666666666,0.5909090909090909,0.9285714285714286,0.16666666666666666
2481300,0.6666666666666666,0.6666666666666666,0.5909090909090909,0.9107142857142857,0.14285714285714285
2481600,0.7,0.6666666666666666,0.5454545454545454,0.9107142857142857,0.09523809523809523
2481900,0.7,0.6944444444444444,0.5,0.9107142857142857,0.16666666666666666
2482200,0.7333333333333333,0.6944444444444444,0.5454545454545454,0.9285714285714286,0.14285714285714285
2482500,0.7,0.75,0.5454545454545454,0.9285714285714286,0.11904761904761904
2482800,0.7333333333333333,0.75,0.5909090909090909,0.9285714285714286,0.047619047619047616
2483100,0.6333333333333333,0.7777777777777778,0.5909090909090909,0.9107142857142857,0.07142857142857142
2483400,0.5666666666666667,0.7777777777777778,0.5909090909090909,0.9285714285714286,0.07142857142857142
2483700,0.5666666666666667,0.7777777777777778,0.6363636363636364,0.9285714285714286,0.07142857142857142
2484000,0.5333333333333333,0.8055555555555556,0.6818181818181818,0.8928571428571429,0.09523809523809523
2484300,0.5666666666666667,0.8333333333333334,0.6818181818181818,0.8928571428571429,0.16666666666666666
2484600,0.0,0.0,0.6818181818181818,0.0,0.09523809523809523
2484900,0.6666666666666666,0.8333333333333334,0.7272727272727273,0.9107142857142857,0.19047619047619047
2485200,0.6666666666666666,0.8888888888888888,0.7272727272727273,0.9107142857142857,0.09523809523809523
2485500,0.7,0.9444444444444444,0.8181818181818182,0.9107142857142857,0.2619047619047619
2485800,0.7333333333333333,0.9166666666666666,0.9090909090909091,0.8571428571428571,0.14285714285714285
2486100,0.7333333333333333,0.9166666666666666,0.9090909090909091,0.875,0.3333333333333333
2486400,0.8,0.8888888888888888,0.7727272727272727,0.8928571428571429,0.14285714285714285
2486700,0.8,0.8888888888888888,0.7727272727272727,0.9107142857142857,0.11904761904761904
2487000,0.8,0.9444444444444444,0.7727272727272727,0.875,0.16666666666666666
2487300,0.8333333333333334,0.9444444444444444,0.7727272727272727,0.8392857142857143,0.11904761904761904
2487600,0.8,0.9722222222222222,0.7272727272727273,0.8035714285714286,0.11904761904761904
2487900,0.7666666666666667,0.9722222222222222,0.6818181818181818,0.7142857142857143,0.11904761904761904
2488200,0.7333333333333333,1.0,0.6818181818181818,0.6785714285714286,0.07142857142857142
2488500,0.7333333333333333,1.0,0.6818181818181818,0.6964285714285714,0.09523809523809523
2488800,0.7,1.0,0.6818181818181818,0.6785714285714286,0.09523809523809523
2489100,0.6666666666666666,1.0,0.6818181818181818,0.625,0.047619047619047616
2489400,0.6666666666666666,0.9722222222222222,0.6818181818181818,0.6071428571428571,0.047619047619047616
2489700,0.7,0.9722222222222222,0.6818181818181818,0.5892857142857143,0.09523809523809523
2490000,0.7,0.9722222222222222,0.6818181818181818,0.5357142857142857,0.23809523809523808
2490300,0.7,0.9444444444444444,0.6818181818181818,0.5714285714285714,0.16666666666666666
2490600,0.7,0.9722222222222222,0.7272727272727273,0.625,0.09523809523809523
2490900,0.7,0.9722222222222222,0.6818181818181818,0.5714285714285714,0.09523809523809523
2491200,0.7333333333333333,0.9722222222222222,0.6818181818181818,0.5535714285714286,0.09523809523809523
2491500,0.7333333333333333,0.9722222222222222,0.7272727272727273,0.5714285714285714,0.14285714285714285
2491800,0.7333333333333333,0.9722222222222222,0.6363636363636364,0.5714285714285714,0.14285714285714285
2492100,0.6666666666666666,0.9444444444444444,0.6818181818181818,0.5178571428571429,0.023809523809523808
2492400,0.6666666666666666,0.9444444444444444,0.6818181818181818,0.42857142857142855,0.11904761904761904
2492700,0.6666666666666666,0.9444444444444444,0.6818181818181818,0.4107142857142857,0.14285714285714285
2493000,0.6333333333333333,0.9444444444444444,0.6818181818181818,0.39285714285714285,0.09523809523809523
2493300,0.5666666666666667,0.9166666666666666,0.6363636363636364,0.3392857142857143,0.14285714285714285
2493600,0.5666666666666667,0.8888888888888888,0.6363636363636364,0.3392857142857143,0.30952380952380953
2493900,0.5666666666666667,0.8611111111111112,0.5909090909090909,0.375,0.38095238095238093
2494200,0.5666666666666667,0.8611111111111112,0.5909090909090909,0.35714285714285715,0.35714285714285715
2494500,0.5666666666666667,0.8611111111111112,0.5454545454545454,0.375,0.38095238095238093
2494800,0.5,0.8888888888888888,0.5454545454545454,0.4107142857142857,0.40476190476190477
2495100,0.43333333333333335,0.8888888888888888,0.5,0.5,0.35714285714285715
2495400,0.43333333333333335,0.8888888888888888,0.5454545454545454,0.5,0.2619047619047619
2495700,0.4,0.8888888888888888,0.5909090909090909,0.5178571428571429,0.19047619047619047
2496000,0.43333333333333335,0.8611111111111112,0.5,0.5178571428571429,0.16666666666666666
2496300,0.43333333333333335,0.9166666666666666,0.45454545454545453,0.42857142857142855,0.19047619047619047
2496600,0.43333333333333335,0.9166666666666666,0.45454545454545453,0.44642857142857145,0.38095238095238093
2496900,0.4,0.9722222222222222,0.5454545454545454,0.35714285714285715,0.38095238095238093
2497200,0.43333333333333335,0.9722222222222222,0.5454545454545454,0.39285714285714285,0.30952380952380953
2497500,0.4,0.9722222222222222,0.5,0.25,0.35714285714285715
2497800,0.4666666666666667,0.9722222222222222,0.5,0.26785714285714285,0.3333333333333333
2498100,0.4666666666666667,0.9722222222222222,0.5454545454545454,0.26785714285714285,0.35714285714285715
2498400,0.5,0.9722222222222222,0.5909090909090909,0.21428571428571427,0.30952380952380953
2498700,0.5333333333333333,1.0,0.5454545454545454,0.26785714285714285,0.30952380952380953
2499000,0.5333333333333333,0.0,0.45454545454545453,0.0,0.4523809523809524
2499300,0.4666666666666667,1.0,0.45454545454545453,0.30357142857142855,0.42857142857142855
2499600,0.4666666666666667,1.0,0.45454545454545453,0.32142857142857145,0.47619047619047616
2499900,0.4,1.0,0.45454545454545453,0.30357142857142855,0.42857142857142855
2500200,0.36666666666666664,1.0,0.36363636363636365,0.375,0.4523809523809524
2500500,0.36666666666666664,0.9722222222222222,0.45454545454545453,0.35714285714285715,0.47619047619047616
2500800,0.3333333333333333,0.9722222222222222,0.5454545454545454,0.30357142857142855,0.5238095238095238
2501100,0.3333333333333333,0.9444444444444444,0.5909090909090909,0.30357142857142855,0.5238095238095238
2501400,0.3333333333333333,0.9444444444444444,0.45454545454545453,0.26785714285714285,0.47619047619047616
2501700,0.4,0.9444444444444444,0.36363636363636365,0.26785714285714285,0.5
2502000,0.4,0.9166666666666666,0.3181818181818182,0.2857142857142857,0.5238095238095238
2502300,0.4,0.8611111111111112,0.22727272727272727,0.32142857142857145,0.5238095238095238
2502600,0.4,0.8333333333333334,0.22727272727272727,0.3392857142857143,0.5
2502900,0.43333333333333335,0.8333333333333334,0.22727272727272727,0.39285714285714285,0.35714285714285715
2503200,0.43333333333333335,0.8333333333333334,0.22727272727272727,0.39285714285714285,0.23809523809523808
2503500,0.43333333333333335,0.9166666666666666,0.22727272727272727,0.39285714285714285,0.14285714285714285
2503800,0.43333333333333335,0.9166666666666666,0.22727272727272727,0.42857142857142855,0.047619047619047616
2504100,0.4666666666666667,0.8888888888888888,0.36363636363636365,0.44642857142857145,0.09523809523809523
2504400,0.43333333333333335,0.8888888888888888,0.36363636363636365,0.35714285714285715,0.09523809523809523
2504700,0.36666666666666664,0.8055555555555556,0.2727272727272727,0.32142857142857145,0.19047619047619047
2505000,0.3333333333333333,0.8055555555555556,0.22727272727272727,0.30357142857142855,0.16666666666666666
2505300,0.3,0.8888888888888888,0.22727272727272727,0.32142857142857145,0.16666666666666666
