timestamp,89450
0,0.8695652173913043
300,0.8043478260869565
600,0.8043478260869565
900,0.7391304347826086
1200,0.717391304347826
1500,0.6739130434782609
1800,0.6956521739130435
2100,0.6739130434782609
2400,0.6739130434782609
2700,0.6739130434782609
3000,0.6739130434782609
3300,0.6739130434782609
3600,0.6304347826086957
3900,0.6739130434782609
4200,0.6956521739130435
4500,0.6739130434782609
4800,0.6739130434782609
5100,0.6956521739130435
5400,0.6739130434782609
5700,0.6521739130434783
6000,0.6304347826086957
6300,0.6304347826086957
6600,0.6521739130434783
6900,0.6521739130434783
7200,0.6521739130434783
7500,0.6739130434782609
7800,0.717391304347826
8100,0.6304347826086957
8400,0.5869565217391305
8700,0.5869565217391305
9000,0.5869565217391305
9300,0.5869565217391305
9600,0.6086956521739131
9900,0.5869565217391305
10200,0.5434782608695652
10500,0.5652173913043478
10800,0.5652173913043478
11100,0.5434782608695652
11400,0.5434782608695652
11700,0.5434782608695652
12000,0.5652173913043478
12300,0.5869565217391305
12600,0.6304347826086957
12900,0.6304347826086957
13200,0.6086956521739131
13500,0.6304347826086957
13800,0.6521739130434783
14100,0.6956521739130435
14400,0.6956521739130435
14700,0.6739130434782609
15000,0.6521739130434783
15300,0.6739130434782609
15600,0.6739130434782609
15900,0.6956521739130435
16200,0.6956521739130435
16500,0.717391304347826
16800,0.6739130434782609
17100,0.6739130434782609
17400,0.6521739130434783
17700,0.6304347826086957
18000,0.6304347826086957
18300,0.6521739130434783
18600,0.6304347826086957
18900,0.6521739130434783
19200,0.6739130434782609
19500,0.6739130434782609
19800,0.6739130434782609
20100,0.6739130434782609
20400,0.6739130434782609
20700,0.6521739130434783
21000,0.6521739130434783
21300,0.6304347826086957
21600,0.6086956521739131
21900,0.6086956521739131
22200,0.5869565217391305
22500,0.6304347826086957
22800,0.6304347826086957
23100,0.6304347826086957
23400,0.6304347826086957
23700,0.6086956521739131
24000,0.5869565217391305
24300,0.6086956521739131
24600,0.5652173913043478
24900,0.5652173913043478
25200,0.5652173913043478
25500,0.5869565217391305
25800,0.5434782608695652
26100,0.5434782608695652
26400,0.5652173913043478
26700,0.5869565217391305
27000,0.5869565217391305
27300,0.5434782608695652
27600,0.5652173913043478
27900,0.5434782608695652
28200,0.5217391304347826
28500,0.5434782608695652
28800,0.5652173913043478
29100,0.6304347826086957
29400,0.6739130434782609
29700,0.6739130434782609
30000,0.6956521739130435
30300,0.6956521739130435
30600,0.782608695652174
30900,0.8260869565217391
31200,0.8478260869565217
31500,0.8478260869565217
31800,0.8695652173913043
32100,0.8695652173913043
32400,0.8478260869565217
32700,0.8478260869565217
33000,0.8260869565217391
33300,0.8260869565217391
33600,0.8478260869565217
33900,0.8695652173913043
34200,0.8913043478260869
34500,0.8695652173913043
34800,0.8478260869565217
35100,0.8260869565217391
35400,0.8043478260869565
35700,0.782608695652174
36000,0.782608695652174
36300,0.8043478260869565
36600,0.8913043478260869
36900,0.9130434782608695
37200,0.8478260869565217
37500,0.8695652173913043
37800,0.8913043478260869
38100,0.8695652173913043
38400,0.8695652173913043
38700,0.8695652173913043
39000,0.8913043478260869
39300,0.8913043478260869
39600,0.8913043478260869
39900,0.8913043478260869
40200,0.8695652173913043
40500,0.9130434782608695
40800,0.9130434782608695
41100,0.9130434782608695
41400,0.9130434782608695
41700,0.9130434782608695
42000,0.9130434782608695
42300,0.8913043478260869
42600,0.8913043478260869
42900,0.8695652173913043
43200,0.8478260869565217
43500,0.782608695652174
43800,0.6521739130434783
44100,0.5869565217391305
44400,0.45652173913043476
44700,0.3695652173913043
45000,0.32608695652173914
45300,0.34782608695652173
45600,0.2826086956521739
45900,0.32608695652173914
46200,0.30434782608695654
46500,0.32608695652173914
46800,0.391304347826087
47100,0.3695652173913043
47400,0.3695652173913043
47700,0.3695652173913043
48000,0.34782608695652173
48300,0.3695652173913043
48600,0.3695652173913043
48900,0.3695652173913043
49200,0.30434782608695654
49500,0.30434782608695654
49800,0.34782608695652173
50100,0.391304347826087
50400,0.43478260869565216
50700,0.4782608695652174
51000,0.5652173913043478
51300,0.6304347826086957
51600,0.6521739130434783
51900,0.6956521739130435
52200,0.717391304347826
52500,0.782608695652174
52800,0.7608695652173914
53100,0.782608695652174
53400,0.782608695652174
53700,0.8043478260869565
54000,0.8043478260869565
54300,0.8043478260869565
54600,0.8260869565217391
54900,0.782608695652174
55200,0.782608695652174
55500,0.8043478260869565
55800,0.8043478260869565
56100,0.8043478260869565
56400,0.8043478260869565
56700,0.8043478260869565
57000,0.8043478260869565
57300,0.8260869565217391
57600,0.8913043478260869
57900,0.8913043478260869
58200,0.9130434782608695
58500,0.9130434782608695
58800,0.9347826086956522
59100,0.9130434782608695
59400,0.8913043478260869
59700,0.8913043478260869
60000,0.8913043478260869
60300,0.8695652173913043
60600,0.782608695652174
60900,0.7608695652173914
61200,0.7608695652173914
61500,0.8043478260869565
61800,0.782608695652174
62100,0.782608695652174
62400,0.8043478260869565
62700,0.782608695652174
63000,0.8043478260869565
63300,0.8043478260869565
63600,0.8478260869565217
63900,0.8695652173913043
64200,0.8478260869565217
64500,0.8695652173913043
64800,0.8695652173913043
65100,0.8913043478260869
65400,0.8695652173913043
65700,0.8695652173913043
66000,0.8913043478260869
66300,0.9130434782608695
66600,0.9347826086956522
66900,0.9347826086956522
67200,0.9565217391304348
67500,0.9565217391304348
67800,0.9565217391304348
68100,0.9565217391304348
68400,0.9130434782608695
68700,0.9347826086956522
69000,0.9347826086956522
69300,0.9347826086956522
69600,0.9347826086956522
69900,0.8695652173913043
70200,0.8695652173913043
70500,0.8695652173913043
70800,0.8478260869565217
71100,0.8478260869565217
71400,0.8043478260869565
71700,0.8260869565217391
72000,0.8695652173913043
72300,0.8913043478260869
72600,0.8695652173913043
72900,0.8478260869565217
73200,0.8478260869565217
73500,0.8260869565217391
73800,0.8260869565217391
74100,0.8260869565217391
74400,0.782608695652174
74700,0.8260869565217391
75000,0.8043478260869565
75300,0.8478260869565217
75600,0.8695652173913043
75900,0.9130434782608695
76200,0.9347826086956522
76500,0.8913043478260869
76800,0.8913043478260869
77100,0.8695652173913043
77400,0.8695652173913043
77700,0.8695652173913043
78000,0.8260869565217391
78300,0.8043478260869565
78600,0.8478260869565217
78900,0.8260869565217391
79200,0.8260869565217391
79500,0.8478260869565217
79800,0.8695652173913043
80100,0.8695652173913043
80400,0.8913043478260869
80700,0.8695652173913043
81000,0.8695652173913043
81300,0.8478260869565217
81600,0.8478260869565217
81900,0.8478260869565217
82200,0.8478260869565217
82500,0.8478260869565217
82800,0.8260869565217391
83100,0.8478260869565217
83400,0.8695652173913043
83700,0.8478260869565217
84000,0.8478260869565217
84300,0.8260869565217391
84600,0.8260869565217391
84900,0.8478260869565217
85200,0.8478260869565217
85500,0.8913043478260869
85800,0.8913043478260869
86100,0.8695652173913043
86400,0.8913043478260869
86700,0.8695652173913043
87000,0.8695652173913043
87300,0.8478260869565217
87600,0.8478260869565217
87900,0.782608695652174
88200,0.782608695652174
88500,0.6956521739130435
88800,0.6304347826086957
89100,0.6086956521739131
89400,0.5869565217391305
89700,0.5869565217391305
90000,0.5652173913043478
90300,0.5434782608695652
90600,0.5652173913043478
90900,0.5434782608695652
91200,0.43478260869565216
91500,0.391304347826087
91800,0.391304347826087
92100,0.391304347826087
92400,0.391304347826087
92700,0.391304347826087
93000,0.3695652173913043
93300,0.391304347826087
93600,0.34782608695652173
93900,0.3695652173913043
94200,0.41304347826086957
94500,0.41304347826086957
94800,0.5
95100,0.5217391304347826
95400,0.5652173913043478
95700,0.5652173913043478
96000,0.5869565217391305
96300,0.6086956521739131
96600,0.6086956521739131
96900,0.5652173913043478
97200,0.5869565217391305
97500,0.5869565217391305
97800,0.6086956521739131
98100,0.6086956521739131
98400,0.6086956521739131
98700,0.5869565217391305
99000,0.5869565217391305
99300,0.5869565217391305
99600,0.5869565217391305
99900,0.6086956521739131
100200,0.6086956521739131
100500,0.5869565217391305
100800,0.5869565217391305
101100,0.5869565217391305
101400,0.5869565217391305
101700,0.6086956521739131
102000,0.6086956521739131
102300,0.6086956521739131
102600,0.6304347826086957
102900,0.6304347826086957
103200,0.6086956521739131
103500,0.6086956521739131
103800,0.6086956521739131
104100,0.6086956521739131
104400,0.6086956521739131
104700,0.6086956521739131
105000,0.6521739130434783
105300,0.6304347826086957
105600,0.6086956521739131
105900,0.6304347826086957
106200,0.6086956521739131
106500,0.6304347826086957
106800,0.6521739130434783
107100,0.6521739130434783
107400,0.6521739130434783
107700,0.6086956521739131
108000,0.6086956521739131
108300,0.5652173913043478
108600,0.5652173913043478
108900,0.5434782608695652
109200,0.5217391304347826
109500,0.5434782608695652
109800,0.5217391304347826
110100,0.4782608695652174
110400,0.4782608695652174
110700,0.45652173913043476
111000,0.5
111300,0.5217391304347826
111600,0.5434782608695652
111900,0.5
112200,0.5869565217391305
112500,0.5217391304347826
112800,0.5
113100,0.5
113400,0.41304347826086957
113700,0.34782608695652173
114000,0.41304347826086957
114300,0.43478260869565216
114600,0.4782608695652174
114900,0.5
115200,0.5217391304347826
115500,0.5652173913043478
115800,0.5869565217391305
116100,0.5869565217391305
116400,0.6739130434782609
116700,0.717391304347826
117000,0.717391304347826
117300,0.717391304347826
117600,0.7608695652173914
117900,0.7391304347826086
118200,0.7608695652173914
118500,0.8260869565217391
118800,0.8043478260869565
119100,0.8043478260869565
119400,0.8043478260869565
119700,0.8913043478260869
120000,0.8913043478260869
120300,0.9130434782608695
120600,0.9347826086956522
120900,0.9130434782608695
121200,0.9130434782608695
121500,0.8913043478260869
121800,0.8913043478260869
122100,0.8478260869565217
122400,0.8478260869565217
122700,0.8478260869565217
123000,0.8043478260869565
123300,0.8913043478260869
123600,0.9130434782608695
123900,0.9347826086956522
124200,0.9347826086956522
124500,0.9565217391304348
124800,0.9565217391304348
125100,0.9565217391304348
125400,0.9782608695652174
125700,0.9782608695652174
126000,0.9782608695652174
126300,0.9782608695652174
126600,0.9782608695652174
126900,0.9782608695652174
127200,0.9782608695652174
127500,0.9782608695652174
127800,0.9782608695652174
128100,0.9782608695652174
128400,0.9782608695652174
128700,0.9782608695652174
129000,0.9782608695652174
129300,0.9347826086956522
129600,0.9347826086956522
129900,0.8695652173913043
130200,0.7608695652173914
130500,0.6956521739130435
130800,0.6739130434782609
131100,0.6086956521739131
131400,0.5434782608695652
131700,0.5
132000,0.4782608695652174
132300,0.5217391304347826
132600,0.4782608695652174
132900,0.43478260869565216
133200,0.391304347826087
133500,0.391304347826087
133800,0.41304347826086957
134100,0.45652173913043476
134400,0.45652173913043476
134700,0.43478260869565216
135000,0.43478260869565216
135300,0.41304347826086957
135600,0.41304347826086957
135900,0.5
136200,0.5
136500,0.5869565217391305
136800,0.5869565217391305
137100,0.6521739130434783
137400,0.717391304347826
137700,0.717391304347826
138000,0.782608695652174
138300,0.782608695652174
138600,0.8260869565217391
138900,0.8260869565217391
139200,0.8260869565217391
139500,0.8260869565217391
139800,0.8478260869565217
140100,0.8260869565217391
140400,0.8695652173913043
140700,0.8695652173913043
141000,0.8695652173913043
141300,0.8913043478260869
141600,0.8913043478260869
141900,0.9130434782608695
142200,0.9130434782608695
142500,0.9130434782608695
142800,0.9130434782608695
143100,0.8913043478260869
143400,0.8913043478260869
143700,0.8913043478260869
144000,0.8913043478260869
144300,0.8913043478260869
144600,0.8913043478260869
144900,0.9130434782608695
145200,0.9130434782608695
145500,0.8913043478260869
145800,0.9130434782608695
146100,0.9130434782608695
146400,0.9130434782608695
146700,0.9130434782608695
147000,0.8913043478260869
147300,0.9130434782608695
147600,0.9347826086956522
147900,0.9347826086956522
148200,0.9565217391304348
148500,0.9565217391304348
148800,0.9565217391304348
149100,0.9565217391304348
149400,0.9782608695652174
149700,0.9782608695652174
150000,1.0
150300,1.0
150600,0.9782608695652174
150900,0.9782608695652174
151200,0.9782608695652174
151500,0.9782608695652174
151800,0.9565217391304348
152100,0.9565217391304348
152400,0.9565217391304348
152700,0.9565217391304348
153000,0.9565217391304348
153300,0.9565217391304348
153600,0.9565217391304348
153900,0.9565217391304348
154200,0.9565217391304348
154500,0.9347826086956522
154800,0.9130434782608695
155100,0.8913043478260869
155400,0.8695652173913043
155700,0.8695652173913043
156000,0.8478260869565217
156300,0.8260869565217391
156600,0.8478260869565217
156900,0.782608695652174
157200,0.8043478260869565
157500,0.8043478260869565
157800,0.7608695652173914
158100,0.717391304347826
158400,0.7608695652173914
158700,0.782608695652174
159000,0.782608695652174
159300,0.7608695652173914
159600,0.8260869565217391
159900,0.782608695652174
160200,0.8260869565217391
160500,0.8260869565217391
160800,0.8478260869565217
161100,0.8260869565217391
161400,0.782608695652174
161700,0.7608695652173914
162000,0.7608695652173914
162300,0.782608695652174
162600,0.782608695652174
162900,0.782608695652174
163200,0.8260869565217391
163500,0.8695652173913043
163800,0.8695652173913043
164100,0.8260869565217391
164400,0.782608695652174
164700,0.8043478260869565
165000,0.782608695652174
165300,0.8043478260869565
165600,0.8043478260869565
165900,0.8260869565217391
166200,0.8260869565217391
166500,0.8260869565217391
166800,0.8260869565217391
167100,0.8260869565217391
167400,0.8043478260869565
167700,0.8260869565217391
168000,0.8043478260869565
168300,0.782608695652174
168600,0.782608695652174
168900,0.782608695652174
169200,0.8043478260869565
169500,0.8260869565217391
169800,0.8260869565217391
170100,0.8478260869565217
170400,0.8260869565217391
170700,0.8260869565217391
171000,0.8260869565217391
171300,0.8260869565217391
171600,0.8478260869565217
171900,0.8478260869565217
172200,0.8478260869565217
172500,0.8260869565217391
172800,0.8260869565217391
173100,0.8478260869565217
173400,0.8478260869565217
173700,0.8043478260869565
174000,0.782608695652174
174300,0.6086956521739131
174600,0.5652173913043478
174900,0.5434782608695652
175200,0.5
175500,0.41304347826086957
175800,0.3695652173913043
176100,0.3695652173913043
176400,0.391304347826087
176700,0.34782608695652173
177000,0.32608695652173914
177300,0.5
177600,0.391304347826087
177900,0.41304347826086957
178200,0.4782608695652174
178500,0.5217391304347826
178800,0.5434782608695652
179100,0.5652173913043478
179400,0.5652173913043478
179700,0.5434782608695652
180000,0.5652173913043478
180300,0.5652173913043478
180600,0.5652173913043478
180900,0.5652173913043478
181200,0.5869565217391305
181500,0.5434782608695652
181800,0.5217391304347826
182100,0.5869565217391305
182400,0.6086956521739131
182700,0.5434782608695652
183000,0.5217391304347826
183300,0.5
183600,0.5
183900,0.5434782608695652
184200,0.5217391304347826
184500,0.5217391304347826
184800,0.5434782608695652
185100,0.5869565217391305
185400,0.5869565217391305
185700,0.5869565217391305
186000,0.5869565217391305
186300,0.6086956521739131
186600,0.6086956521739131
186900,0.5434782608695652
187200,0.5217391304347826
187500,0.5217391304347826
187800,0.5652173913043478
188100,0.5652173913043478
188400,0.5869565217391305
188700,0.5652173913043478
189000,0.5869565217391305
189300,0.5652173913043478
189600,0.5869565217391305
189900,0.5652173913043478
190200,0.5652173913043478
190500,0.5217391304347826
190800,0.5217391304347826
191100,0.5217391304347826
191400,0.5217391304347826
191700,0.5217391304347826
192000,0.5217391304347826
192300,0.5217391304347826
192600,0.5
192900,0.4782608695652174
193200,0.5
193500,0.5217391304347826
193800,0.5
194100,0.5
194400,0.5217391304347826
194700,0.41304347826086957
195000,0.5869565217391305
195300,0.5869565217391305
195600,0.5652173913043478
195900,0.5869565217391305
196200,0.5869565217391305
196500,0.5869565217391305
196800,0.5869565217391305
197100,0.5869565217391305
197400,0.5869565217391305
197700,0.5217391304347826
198000,0.45652173913043476
198300,0.45652173913043476
198600,0.43478260869565216
198900,0.45652173913043476
199200,0.391304347826087
199500,0.391304347826087
199800,0.3695652173913043
200100,0.3695652173913043
200400,0.43478260869565216
200700,0.4782608695652174
201000,0.4782608695652174
201300,0.5
201600,0.5
201900,0.5434782608695652
202200,0.5434782608695652
202500,0.5652173913043478
202800,0.6086956521739131
203100,0.5869565217391305
203400,0.5869565217391305
203700,0.6521739130434783
204000,0.6739130434782609
204300,0.6521739130434783
204600,0.6521739130434783
204900,0.6956521739130435
205200,0.6956521739130435
205500,0.6956521739130435
205800,0.6956521739130435
206100,0.7391304347826086
206400,0.7391304347826086
206700,0.782608695652174
207000,0.782608695652174
207300,0.782608695652174
207600,0.8043478260869565
207900,0.782608695652174
208200,0.782608695652174
208500,0.782608695652174
208800,0.782608695652174
209100,0.782608695652174
209400,0.8260869565217391
209700,0.8260869565217391
210000,0.8478260869565217
210300,0.8260869565217391
210600,0.8260869565217391
210900,0.8478260869565217
211200,0.8478260869565217
211500,0.8478260869565217
211800,0.8695652173913043
212100,0.8695652173913043
212400,0.8695652173913043
212700,0.8478260869565217
213000,0.8043478260869565
213300,0.8043478260869565
213600,0.8043478260869565
213900,0.8043478260869565
214200,0.8043478260869565
214500,0.8260869565217391
214800,0.8260869565217391
215100,0.8043478260869565
215400,0.8260869565217391
215700,0.8478260869565217
216000,0.8260869565217391
216300,0.8043478260869565
216600,0.6521739130434783
216900,0.6304347826086957
217200,0.6521739130434783
217500,0.6304347826086957
217800,0.6086956521739131
218100,0.6739130434782609
218400,0.6521739130434783
218700,0.6521739130434783
219000,0.6304347826086957
219300,0.5652173913043478
219600,0.5217391304347826
219900,0.4782608695652174
220200,0.4782608695652174
220500,0.5217391304347826
220800,0.4782608695652174
221100,0.5434782608695652
221400,0.5869565217391305
221700,0.6304347826086957
222000,0.6304347826086957
222300,0.6521739130434783
222600,0.717391304347826
222900,0.7391304347826086
223200,0.7608695652173914
223500,0.7391304347826086
223800,0.7608695652173914
224100,0.7608695652173914
224400,0.8260869565217391
224700,0.8043478260869565
225000,0.8043478260869565
225300,0.8260869565217391
225600,0.8043478260869565
225900,0.8260869565217391
226200,0.8478260869565217
226500,0.8478260869565217
226800,0.8478260869565217
227100,0.8478260869565217
227400,0.8260869565217391
227700,0.8478260869565217
228000,0.8260869565217391
228300,0.8260869565217391
228600,0.8043478260869565
228900,0.8260869565217391
229200,0.8043478260869565
229500,0.8043478260869565
229800,0.8478260869565217
230100,0.8695652173913043
230400,0.8695652173913043
230700,0.8695652173913043
231000,0.8913043478260869
231300,0.8913043478260869
231600,0.8695652173913043
231900,0.9130434782608695
232200,0.8695652173913043
232500,0.8695652173913043
232800,0.8913043478260869
233100,0.8913043478260869
233400,0.9130434782608695
233700,0.9130434782608695
234000,0.9130434782608695
234300,0.9130434782608695
234600,0.9130434782608695
234900,0.9130434782608695
235200,0.9347826086956522
235500,0.9130434782608695
235800,0.9347826086956522
236100,0.9347826086956522
236400,0.9130434782608695
236700,0.9130434782608695
237000,0.9347826086956522
237300,0.9130434782608695
237600,0.9130434782608695
237900,0.9130434782608695
238200,0.9130434782608695
238500,0.8913043478260869
238800,0.9130434782608695
239100,0.9130434782608695
239400,0.9130434782608695
239700,0.9347826086956522
240000,0.9347826086956522
240300,0.9347826086956522
240600,0.9565217391304348
240900,0.9565217391304348
241200,0.9347826086956522
241500,0.9347826086956522
241800,0.9130434782608695
242100,0.8695652173913043
242400,0.8478260869565217
242700,0.8043478260869565
243000,0.782608695652174
243300,0.782608695652174
243600,0.717391304347826
243900,0.717391304347826
244200,0.7391304347826086
244500,0.7608695652173914
244800,0.8043478260869565
245100,0.8260869565217391
245400,0.8260869565217391
245700,0.8043478260869565
246000,0.7608695652173914
246300,0.7391304347826086
246600,0.7391304347826086
246900,0.7391304347826086
247200,0.7391304347826086
247500,0.7608695652173914
247800,0.8043478260869565
248100,0.7608695652173914
248400,0.7391304347826086
248700,0.782608695652174
249000,0.7608695652173914
249300,0.782608695652174
249600,0.782608695652174
249900,0.7608695652173914
250200,0.7391304347826086
250500,0.7608695652173914
250800,0.7391304347826086
251100,0.7391304347826086
251400,0.717391304347826
251700,0.6956521739130435
252000,0.6739130434782609
252300,0.6521739130434783
252600,0.717391304347826
252900,0.6956521739130435
253200,0.6739130434782609
253500,0.6956521739130435
253800,0.7608695652173914
254100,0.7608695652173914
254400,0.782608695652174
254700,0.8043478260869565
255000,0.8043478260869565
255300,0.782608695652174
255600,0.782608695652174
255900,0.782608695652174
256200,0.782608695652174
256500,0.782608695652174
256800,0.782608695652174
257100,0.782608695652174
257400,0.8260869565217391
257700,0.8043478260869565
258000,0.8043478260869565
258300,0.8478260869565217
258600,0.8478260869565217
258900,0.8478260869565217
259200,0.8478260869565217
259500,0.8043478260869565
259800,0.782608695652174
260100,0.782608695652174
260400,0.7608695652173914
260700,0.6956521739130435
261000,0.6739130434782609
261300,0.6739130434782609
261600,0.6521739130434783
261900,0.6086956521739131
262200,0.5434782608695652
262500,0.5217391304347826
262800,0.4782608695652174
263100,0.41304347826086957
263400,0.34782608695652173
263700,0.32608695652173914
264000,0.32608695652173914
264300,0.3695652173913043
264600,0.391304347826087
264900,0.3695652173913043
265200,0.34782608695652173
265500,0.34782608695652173
265800,0.45652173913043476
266100,0.41304347826086957
266400,0.4782608695652174
266700,0.5217391304347826
267000,0.5652173913043478
267300,0.5217391304347826
267600,0.5217391304347826
267900,0.5217391304347826
268200,0.5217391304347826
268500,0.5
268800,0.5434782608695652
269100,0.5652173913043478
269400,0.5652173913043478
269700,0.5652173913043478
270000,0.5652173913043478
270300,0.5869565217391305
270600,0.5434782608695652
270900,0.5217391304347826
271200,0.5217391304347826
271500,0.4782608695652174
271800,0.5652173913043478
272100,0.5652173913043478
272400,0.5652173913043478
272700,0.5652173913043478
273000,0.5434782608695652
273300,0.5434782608695652
273600,0.5434782608695652
273900,0.5434782608695652
274200,0.5217391304347826
274500,0.5217391304347826
274800,0.5652173913043478
275100,0.5652173913043478
275400,0.4782608695652174
275700,0.4782608695652174
276000,0.5
276300,0.5
276600,0.5434782608695652
276900,0.6304347826086957
277200,0.6086956521739131
277500,0.5434782608695652
277800,0.6086956521739131
278100,0.6086956521739131
278400,0.6086956521739131
278700,0.6086956521739131
279000,0.6086956521739131
279300,0.5434782608695652
279600,0.6304347826086957
279900,0.6304347826086957
280200,0.6304347826086957
280500,0.6086956521739131
280800,0.6086956521739131
281100,0.6086956521739131
281400,0.6086956521739131
281700,0.6086956521739131
282000,0.6304347826086957
282300,0.6304347826086957
282600,0.5
282900,0.5217391304347826
283200,0.5434782608695652
283500,0.5217391304347826
283800,0.5434782608695652
284100,0.5217391304347826
284400,0.45652173913043476
284700,0.4782608695652174
285000,0.41304347826086957
285300,0.34782608695652173
285600,0.391304347826087
285900,0.43478260869565216
286200,0.4782608695652174
286500,0.45652173913043476
286800,0.43478260869565216
287100,0.41304347826086957
287400,0.45652173913043476
287700,0.5434782608695652
288000,0.5434782608695652
288300,0.6086956521739131
288600,0.6086956521739131
288900,0.6956521739130435
289200,0.717391304347826
289500,0.717391304347826
289800,0.7608695652173914
290100,0.7608695652173914
290400,0.8043478260869565
290700,0.8043478260869565
291000,0.8043478260869565
291300,0.8043478260869565
291600,0.8695652173913043
291900,0.8695652173913043
292200,0.8695652173913043
292500,0.8695652173913043
292800,0.8695652173913043
293100,0.8695652173913043
293400,0.8695652173913043
293700,0.8695652173913043
294000,0.8478260869565217
294300,0.8260869565217391
294600,0.8478260869565217
294900,0.8478260869565217
295200,0.8478260869565217
295500,0.8478260869565217
295800,0.8478260869565217
296100,0.8478260869565217
296400,0.9130434782608695
296700,0.9130434782608695
297000,0.9130434782608695
297300,0.9565217391304348
297600,0.9565217391304348
297900,0.9565217391304348
298200,0.9565217391304348
298500,0.9565217391304348
298800,0.9782608695652174
299100,0.9782608695652174
299400,0.9782608695652174
299700,0.9565217391304348
300000,0.9565217391304348
300300,0.9130434782608695
300600,0.8695652173913043
300900,0.8695652173913043
301200,0.8695652173913043
301500,0.8478260869565217
301800,0.8478260869565217
302100,0.8695652173913043
302400,0.8695652173913043
302700,0.8695652173913043
303000,0.7608695652173914
303300,0.6956521739130435
303600,0.6086956521739131
303900,0.5652173913043478
304200,0.5434782608695652
304500,0.5217391304347826
304800,0.5
305100,0.5217391304347826
305400,0.5217391304347826
305700,0.5
306000,0.4782608695652174
306300,0.4782608695652174
306600,0.5
306900,0.45652173913043476
307200,0.4782608695652174
307500,0.5
307800,0.4782608695652174
308100,0.5434782608695652
308400,0.5434782608695652
308700,0.5
309000,0.5434782608695652
309300,0.5652173913043478
309600,0.5652173913043478
309900,0.6086956521739131
310200,0.6304347826086957
310500,0.6521739130434783
310800,0.6956521739130435
311100,0.717391304347826
311400,0.7391304347826086
311700,0.7608695652173914
312000,0.782608695652174
312300,0.7608695652173914
312600,0.7608695652173914
312900,0.782608695652174
313200,0.8043478260869565
313500,0.8043478260869565
313800,0.8043478260869565
314100,0.8260869565217391
314400,0.8478260869565217
314700,0.8695652173913043
315000,0.8913043478260869
315300,0.8913043478260869
315600,0.9130434782608695
315900,0.8913043478260869
316200,0.8695652173913043
316500,0.8043478260869565
316800,0.8260869565217391
317100,0.8478260869565217
317400,0.8695652173913043
317700,0.8695652173913043
318000,0.8478260869565217
318300,0.8695652173913043
318600,0.8913043478260869
318900,0.8913043478260869
319200,0.8913043478260869
319500,0.8913043478260869
319800,0.8913043478260869
320100,0.8695652173913043
320400,0.8478260869565217
320700,0.8478260869565217
321000,0.8478260869565217
321300,0.8260869565217391
321600,0.8260869565217391
321900,0.8260869565217391
322200,0.8260869565217391
322500,0.8478260869565217
322800,0.8478260869565217
323100,0.8478260869565217
323400,0.8913043478260869
323700,0.8913043478260869
324000,0.8913043478260869
324300,0.8913043478260869
324600,0.8913043478260869
324900,0.9130434782608695
325200,0.9130434782608695
325500,0.9130434782608695
325800,0.9130434782608695
326100,0.9130434782608695
326400,0.9347826086956522
326700,0.9782608695652174
327000,0.9565217391304348
327300,0.9565217391304348
327600,0.9130434782608695
327900,0.9130434782608695
328200,0.9130434782608695
328500,0.8913043478260869
328800,0.8913043478260869
329100,0.9130434782608695
329400,0.8913043478260869
329700,0.8913043478260869
330000,0.9130434782608695
330300,0.9130434782608695
330600,0.9347826086956522
330900,0.9130434782608695
331200,0.8913043478260869
331500,0.8695652173913043
331800,0.8478260869565217
332100,0.8695652173913043
332400,0.8913043478260869
332700,0.9130434782608695
333000,0.8695652173913043
333300,0.8913043478260869
333600,0.8913043478260869
333900,0.8695652173913043
334200,0.8695652173913043
334500,0.8478260869565217
334800,0.8695652173913043
335100,0.8913043478260869
335400,0.8913043478260869
335700,0.8695652173913043
336000,0.8478260869565217
336300,0.8478260869565217
336600,0.8478260869565217
336900,0.8260869565217391
337200,0.8478260869565217
337500,0.8478260869565217
337800,0.9130434782608695
338100,0.8913043478260869
338400,0.8695652173913043
338700,0.8913043478260869
339000,0.8695652173913043
339300,0.8478260869565217
339600,0.8478260869565217
339900,0.8260869565217391
340200,0.8478260869565217
340500,0.8695652173913043
340800,0.8695652173913043
341100,0.8478260869565217
341400,0.8695652173913043
341700,0.8695652173913043
342000,0.8695652173913043
342300,0.8913043478260869
342600,0.8695652173913043
342900,0.8695652173913043
343200,0.8478260869565217
343500,0.8260869565217391
343800,0.8260869565217391
344100,0.8478260869565217
344400,0.8478260869565217
344700,0.8260869565217391
345000,0.7608695652173914
345300,0.7608695652173914
345600,0.7608695652173914
345900,0.7391304347826086
346200,0.6956521739130435
346500,0.6521739130434783
346800,0.5869565217391305
347100,0.5652173913043478
347400,0.5869565217391305
347700,0.5869565217391305
348000,0.5869565217391305
348300,0.5869565217391305
348600,0.5434782608695652
348900,0.5217391304347826
349200,0.4782608695652174
349500,0.45652173913043476
349800,0.5217391304347826
350100,0.5217391304347826
350400,0.4782608695652174
350700,0.5217391304347826
351000,0.4782608695652174
351300,0.4782608695652174
351600,0.43478260869565216
351900,0.43478260869565216
352200,0.41304347826086957
352500,0.4782608695652174
352800,0.5
353100,0.45652173913043476
353400,0.5
353700,0.5434782608695652
354000,0.5652173913043478
354300,0.6086956521739131
354600,0.5869565217391305
354900,0.5652173913043478
355200,0.5217391304347826
355500,0.5652173913043478
355800,0.5652173913043478
356100,0.5652173913043478
356400,0.6086956521739131
356700,0.5652173913043478
357000,0.5869565217391305
357300,0.5869565217391305
357600,0.5217391304347826
357900,0.5434782608695652
358200,0.5217391304347826
358500,0.5217391304347826
358800,0.5217391304347826
359100,0.5434782608695652
359400,0.5869565217391305
359700,0.5869565217391305
360000,0.5869565217391305
360300,0.5869565217391305
360600,0.5869565217391305
360900,0.6086956521739131
361200,0.5652173913043478
361500,0.5652173913043478
361800,0.5869565217391305
362100,0.5869565217391305
362400,0.6304347826086957
362700,0.6086956521739131
363000,0.6086956521739131
363300,0.5869565217391305
363600,0.5869565217391305
363900,0.6304347826086957
364200,0.6086956521739131
364500,0.6086956521739131
364800,0.5869565217391305
365100,0.5869565217391305
365400,0.5652173913043478
365700,0.5652173913043478
366000,0.5869565217391305
366300,0.6086956521739131
366600,0.5869565217391305
366900,0.6086956521739131
367200,0.6304347826086957
367500,0.5869565217391305
367800,0.6086956521739131
368100,0.6304347826086957
368400,0.6304347826086957
368700,0.6086956521739131
369000,0.5434782608695652
369300,0.5217391304347826
369600,0.5
369900,0.5
370200,0.5
370500,0.45652173913043476
370800,0.4782608695652174
371100,0.4782608695652174
371400,0.41304347826086957
371700,0.4782608695652174
372000,0.5434782608695652
372300,0.5434782608695652
372600,0.5652173913043478
372900,0.5217391304347826
373200,0.5217391304347826
373500,0.4782608695652174
373800,0.5
374100,0.5217391304347826
374400,0.5652173913043478
374700,0.6086956521739131
375000,0.6521739130434783
375300,0.6521739130434783
375600,0.6521739130434783
375900,0.717391304347826
376200,0.6956521739130435
376500,0.717391304347826
376800,0.717391304347826
377100,0.717391304347826
377400,0.717391304347826
377700,0.717391304347826
378000,0.7608695652173914
378300,0.7608695652173914
378600,0.717391304347826
378900,0.7391304347826086
379200,0.7391304347826086
379500,0.7391304347826086
379800,0.7391304347826086
380100,0.7391304347826086
380400,0.7391304347826086
380700,0.7608695652173914
381000,0.7608695652173914
381300,0.7608695652173914
381600,0.7608695652173914
381900,0.7608695652173914
382200,0.7608695652173914
382500,0.7608695652173914
382800,0.8260869565217391
383100,0.8260869565217391
383400,0.782608695652174
383700,0.782608695652174
384000,0.8043478260869565
384300,0.782608695652174
384600,0.8043478260869565
384900,0.8043478260869565
385200,0.8043478260869565
385500,0.8043478260869565
385800,0.8260869565217391
386100,0.8478260869565217
386400,0.8260869565217391
386700,0.8478260869565217
387000,0.8260869565217391
387300,0.8043478260869565
387600,0.8043478260869565
387900,0.8043478260869565
388200,0.782608695652174
388500,0.8043478260869565
388800,0.8043478260869565
389100,0.7608695652173914
389400,0.6956521739130435
389700,0.6304347826086957
390000,0.5434782608695652
390300,0.5217391304347826
390600,0.5
390900,0.45652173913043476
391200,0.43478260869565216
391500,0.391304347826087
391800,0.3695652173913043
392100,0.43478260869565216
392400,0.41304347826086957
392700,0.43478260869565216
393000,0.41304347826086957
393300,0.391304347826087
393600,0.43478260869565216
393900,0.45652173913043476
394200,0.45652173913043476
394500,0.5217391304347826
394800,0.5217391304347826
395100,0.5217391304347826
395400,0.5
395700,0.5652173913043478
396000,0.5434782608695652
396300,0.5869565217391305
396600,0.6086956521739131
396900,0.6086956521739131
397200,0.6086956521739131
397500,0.6086956521739131
397800,0.6521739130434783
398100,0.6521739130434783
398400,0.6956521739130435
398700,0.717391304347826
399000,0.8260869565217391
399300,0.8260869565217391
399600,0.8043478260869565
399900,0.8043478260869565
400200,0.782608695652174
400500,0.782608695652174
400800,0.8043478260869565
401100,0.8478260869565217
401400,0.8695652173913043
401700,0.8695652173913043
402000,0.8260869565217391
402300,0.8478260869565217
402600,0.8478260869565217
402900,0.8695652173913043
403200,0.8695652173913043
403500,0.8695652173913043
403800,0.8695652173913043
404100,0.8695652173913043
404400,0.8695652173913043
404700,0.8913043478260869
405000,0.8695652173913043
405300,0.8695652173913043
405600,0.8478260869565217
405900,0.8478260869565217
406200,0.8478260869565217
406500,0.8478260869565217
406800,0.8478260869565217
407100,0.8478260869565217
407400,0.8695652173913043
407700,0.8913043478260869
408000,0.8478260869565217
408300,0.8695652173913043
408600,0.8478260869565217
408900,0.8695652173913043
409200,0.8913043478260869
409500,0.9130434782608695
409800,0.8913043478260869
410100,0.8913043478260869
410400,0.8913043478260869
410700,0.8913043478260869
411000,0.8913043478260869
411300,0.9130434782608695
411600,0.9130434782608695
411900,0.9130434782608695
412200,0.9130434782608695
412500,0.8913043478260869
412800,0.8913043478260869
413100,0.8913043478260869
413400,0.9130434782608695
413700,0.9130434782608695
414000,0.9130434782608695
414300,0.9130434782608695
414600,0.8695652173913043
414900,0.8478260869565217
415200,0.782608695652174
415500,0.782608695652174
415800,0.7608695652173914
416100,0.7391304347826086
416400,0.7608695652173914
416700,0.7608695652173914
417000,0.8260869565217391
417300,0.8478260869565217
417600,0.8260869565217391
417900,0.8043478260869565
418200,0.782608695652174
418500,0.717391304347826
418800,0.7608695652173914
419100,0.7391304347826086
419400,0.717391304347826
419700,0.717391304347826
420000,0.8043478260869565
420300,0.8260869565217391
420600,0.8913043478260869
420900,0.9130434782608695
421200,0.9347826086956522
421500,0.9130434782608695
421800,0.9130434782608695
422100,0.9347826086956522
422400,0.9130434782608695
422700,0.9347826086956522
423000,0.9347826086956522
423300,0.9347826086956522
423600,0.9347826086956522
423900,0.9347826086956522
424200,0.9130434782608695
424500,0.8913043478260869
424800,0.8913043478260869
425100,0.8913043478260869
425400,0.8913043478260869
425700,0.8913043478260869
426000,0.8913043478260869
426300,0.8695652173913043
426600,0.8260869565217391
426900,0.8478260869565217
427200,0.8260869565217391
427500,0.8043478260869565
427800,0.782608695652174
428100,0.782608695652174
428400,0.782608695652174
428700,0.782608695652174
429000,0.8043478260869565
429300,0.782608695652174
429600,0.782608695652174
429900,0.782608695652174
430200,0.8043478260869565
430500,0.8043478260869565
430800,0.8043478260869565
431100,0.782608695652174
431400,0.782608695652174
431700,0.782608695652174
432000,0.782608695652174
432300,0.7608695652173914
432600,0.6956521739130435
432900,0.6739130434782609
433200,0.6521739130434783
433500,0.6304347826086957
433800,0.6304347826086957
434100,0.6304347826086957
434400,0.6304347826086957
434700,0.6086956521739131
435000,0.6521739130434783
435300,0.6739130434782609
435600,0.6086956521739131
435900,0.6086956521739131
436200,0.5652173913043478
436500,0.5217391304347826
436800,0.5434782608695652
437100,0.5434782608695652
437400,0.5652173913043478
437700,0.5434782608695652
438000,0.5217391304347826
438300,0.5217391304347826
438600,0.5652173913043478
438900,0.5434782608695652
439200,0.5869565217391305
439500,0.5869565217391305
439800,0.5869565217391305
440100,0.5869565217391305
440400,0.6304347826086957
440700,0.6304347826086957
441000,0.6521739130434783
441300,0.6521739130434783
441600,0.6956521739130435
441900,0.6956521739130435
442200,0.6956521739130435
442500,0.6521739130434783
442800,0.6739130434782609
443100,0.717391304347826
443400,0.717391304347826
443700,0.6956521739130435
444000,0.6956521739130435
444300,0.6739130434782609
444600,0.6739130434782609
444900,0.6739130434782609
445200,0.6739130434782609
445500,0.6956521739130435
445800,0.717391304347826
446100,0.6956521739130435
446400,0.6956521739130435
446700,0.6739130434782609
447000,0.6956521739130435
447300,0.6956521739130435
447600,0.717391304347826
447900,0.6956521739130435
448200,0.717391304347826
448500,0.717391304347826
448800,0.717391304347826
449100,0.717391304347826
449400,0.6956521739130435
449700,0.6956521739130435
450000,0.7391304347826086
450300,0.7391304347826086
450600,0.717391304347826
450900,0.6521739130434783
451200,0.6521739130434783
451500,0.6304347826086957
451800,0.6304347826086957
452100,0.6304347826086957
452400,0.6304347826086957
452700,0.6521739130434783
453000,0.6304347826086957
453300,0.6304347826086957
453600,0.6304347826086957
453900,0.6304347826086957
454200,0.6304347826086957
454500,0.6086956521739131
454800,0.5869565217391305
455100,0.6086956521739131
455400,0.5434782608695652
455700,0.5
456000,0.4782608695652174
456300,0.5
456600,0.45652173913043476
456900,0.43478260869565216
457200,0.41304347826086957
457500,0.391304347826087
457800,0.34782608695652173
458100,0.41304347826086957
458400,0.3695652173913043
458700,0.43478260869565216
459000,0.45652173913043476
459300,0.45652173913043476
459600,0.45652173913043476
459900,0.5
460200,0.5434782608695652
460500,0.5869565217391305
460800,0.6521739130434783
461100,0.6739130434782609
461400,0.7391304347826086
461700,0.717391304347826
462000,0.7608695652173914
462300,0.782608695652174
462600,0.782608695652174
462900,0.782608695652174
463200,0.782608695652174
463500,0.782608695652174
463800,0.782608695652174
464100,0.782608695652174
464400,0.7608695652173914
464700,0.782608695652174
465000,0.8043478260869565
465300,0.8043478260869565
465600,0.8260869565217391
465900,0.8260869565217391
466200,0.8260869565217391
466500,0.8260869565217391
466800,0.8043478260869565
467100,0.8260869565217391
467400,0.8043478260869565
467700,0.8695652173913043
468000,0.8695652173913043
468300,0.8695652173913043
468600,0.8695652173913043
468900,0.8695652173913043
469200,0.8695652173913043
469500,0.8695652173913043
469800,0.8695652173913043
470100,0.8478260869565217
470400,0.8478260869565217
470700,0.8695652173913043
471000,0.8913043478260869
471300,0.8913043478260869
471600,0.9130434782608695
471900,0.9130434782608695
472200,0.8913043478260869
472500,0.8913043478260869
472800,0.8695652173913043
473100,0.8478260869565217
473400,0.8478260869565217
473700,0.8695652173913043
474000,0.8695652173913043
474300,0.8478260869565217
474600,0.8260869565217391
474900,0.8260869565217391
475200,0.8043478260869565
475500,0.8043478260869565
475800,0.6739130434782609
476100,0.6304347826086957
476400,0.5869565217391305
476700,0.5652173913043478
477000,0.5
477300,0.5217391304347826
477600,0.43478260869565216
477900,0.391304347826087
478200,0.2608695652173913
478500,0.2391304347826087
478800,0.2826086956521739
479100,0.2826086956521739
479400,0.21739130434782608
479700,0.2826086956521739
480000,0.30434782608695654
480300,0.2826086956521739
480600,0.2608695652173913
480900,0.30434782608695654
481200,0.3695652173913043
481500,0.34782608695652173
481800,0.3695652173913043
482100,0.391304347826087
482400,0.43478260869565216
482700,0.5869565217391305
483000,0.6521739130434783
483300,0.6739130434782609
483600,0.717391304347826
483900,0.717391304347826
484200,0.6304347826086957
484500,0.7391304347826086
484800,0.782608695652174
485100,0.782608695652174
485400,0.782608695652174
485700,0.8043478260869565
486000,0.8043478260869565
486300,0.8043478260869565
486600,0.8043478260869565
486900,0.8478260869565217
487200,0.8478260869565217
487500,0.8478260869565217
487800,0.8478260869565217
488100,0.8478260869565217
488400,0.8260869565217391
488700,0.6739130434782609
489000,0.6739130434782609
489300,0.6739130434782609
489600,0.6521739130434783
489900,0.6739130434782609
490200,0.8260869565217391
490500,0.8260869565217391
490800,0.8260869565217391
491100,0.8260869565217391
491400,0.8260869565217391
491700,0.8260869565217391
492000,0.8260869565217391
492300,0.8043478260869565
492600,0.8043478260869565
492900,0.8260869565217391
493200,0.8260869565217391
493500,0.8043478260869565
493800,0.8043478260869565
494100,0.8043478260869565
494400,0.8260869565217391
494700,0.8260869565217391
495000,0.8260869565217391
495300,0.8478260869565217
495600,0.8478260869565217
495900,0.8478260869565217
496200,0.8478260869565217
496500,0.8478260869565217
496800,0.8478260869565217
497100,0.8478260869565217
497400,0.8478260869565217
497700,0.8478260869565217
498000,0.8478260869565217
498300,0.8478260869565217
498600,0.8478260869565217
498900,0.8478260869565217
499200,0.8478260869565217
499500,0.8478260869565217
499800,0.8478260869565217
500100,0.8478260869565217
500400,0.8478260869565217
500700,0.8478260869565217
501000,0.8478260869565217
501300,0.8478260869565217
501600,0.8478260869565217
501900,0.8478260869565217
502200,0.8478260869565217
502500,0.8478260869565217
502800,0.8478260869565217
503100,0.8478260869565217
503400,0.8478260869565217
503700,0.8478260869565217
504000,0.8478260869565217
504300,0.8478260869565217
504600,0.8478260869565217
504900,0.8478260869565217
505200,0.8478260869565217
505500,0.8478260869565217
505800,0.8478260869565217
506100,0.8478260869565217
506400,0.8478260869565217
506700,0.8478260869565217
507000,0.8478260869565217
507300,0.8478260869565217
507600,0.8478260869565217
507900,0.8478260869565217
508200,0.8478260869565217
508500,0.8478260869565217
508800,0.8478260869565217
509100,0.8478260869565217
509400,0.8478260869565217
509700,0.8478260869565217
510000,0.8478260869565217
510300,0.8478260869565217
510600,0.8478260869565217
510900,0.8478260869565217
511200,0.8478260869565217
511500,0.8478260869565217
511800,0.8478260869565217
512100,0.8478260869565217
512400,0.8478260869565217
512700,0.8478260869565217
513000,0.8478260869565217
513300,0.8478260869565217
513600,0.8478260869565217
513900,0.8478260869565217
514200,0.8478260869565217
514500,0.8478260869565217
514800,0.8478260869565217
515100,0.8478260869565217
515400,0.8478260869565217
515700,0.8478260869565217
516000,0.8478260869565217
516300,0.8478260869565217
516600,0.8478260869565217
516900,0.8478260869565217
517200,0.8478260869565217
517500,0.8478260869565217
517800,0.8478260869565217
518100,0.8478260869565217
518400,0.8478260869565217
518700,0.8478260869565217
519000,0.8478260869565217
519300,0.8478260869565217
519600,0.8478260869565217
519900,0.8478260869565217
520200,0.8478260869565217
520500,0.8478260869565217
520800,0.8478260869565217
521100,0.8478260869565217
521400,0.8478260869565217
521700,0.8478260869565217
522000,0.8478260869565217
522300,0.8478260869565217
522600,0.8478260869565217
522900,0.8478260869565217
523200,0.8478260869565217
523500,0.8478260869565217
523800,0.8478260869565217
524100,0.8478260869565217
524400,0.8478260869565217
524700,0.8478260869565217
525000,0.8478260869565217
525300,0.8478260869565217
525600,0.8478260869565217
525900,0.8478260869565217
526200,0.8478260869565217
526500,0.8478260869565217
526800,0.8478260869565217
527100,0.8478260869565217
527400,0.8478260869565217
527700,0.8478260869565217
528000,0.8478260869565217
528300,0.8478260869565217
528600,0.8478260869565217
528900,0.8478260869565217
529200,0.8478260869565217
529500,0.8478260869565217
529800,0.8478260869565217
530100,0.8478260869565217
530400,0.8478260869565217
530700,0.8478260869565217
531000,0.8478260869565217
531300,0.8478260869565217
531600,0.8478260869565217
531900,0.8478260869565217
532200,0.8478260869565217
532500,0.8478260869565217
532800,0.8478260869565217
533100,0.8478260869565217
533400,0.8478260869565217
533700,0.8478260869565217
534000,0.8478260869565217
534300,0.8478260869565217
534600,0.8478260869565217
534900,0.8478260869565217
535200,0.8478260869565217
535500,0.8478260869565217
535800,0.8478260869565217
536100,0.8478260869565217
536400,0.8478260869565217
536700,0.8478260869565217
537000,0.8478260869565217
537300,0.8478260869565217
537600,0.8478260869565217
537900,0.8478260869565217
538200,0.8478260869565217
538500,0.8478260869565217
538800,0.8478260869565217
539100,0.8478260869565217
539400,0.8478260869565217
539700,0.8478260869565217
540000,0.8478260869565217
540300,0.8478260869565217
540600,0.8478260869565217
540900,0.8478260869565217
541200,0.8478260869565217
541500,0.8478260869565217
541800,0.8478260869565217
542100,0.8478260869565217
542400,0.8478260869565217
542700,0.8478260869565217
543000,0.8478260869565217
543300,0.8478260869565217
543600,0.8478260869565217
543900,0.8478260869565217
544200,0.8478260869565217
544500,0.8478260869565217
544800,0.8478260869565217
545100,0.8478260869565217
545400,0.8478260869565217
545700,0.8478260869565217
546000,0.8478260869565217
546300,0.8478260869565217
546600,0.8478260869565217
546900,0.8478260869565217
547200,0.8478260869565217
547500,0.8478260869565217
547800,0.8478260869565217
548100,0.8478260869565217
548400,0.8478260869565217
548700,0.8478260869565217
549000,0.8478260869565217
549300,0.8478260869565217
549600,0.8478260869565217
549900,0.8478260869565217
550200,0.8478260869565217
550500,0.8478260869565217
550800,0.8478260869565217
551100,0.8478260869565217
551400,0.8478260869565217
551700,0.8478260869565217
552000,0.8478260869565217
552300,0.8478260869565217
552600,0.8478260869565217
552900,0.8478260869565217
553200,0.8478260869565217
553500,0.8478260869565217
553800,0.8478260869565217
554100,0.8478260869565217
554400,0.8478260869565217
554700,0.8478260869565217
555000,0.8478260869565217
555300,0.8478260869565217
555600,0.8478260869565217
555900,0.8478260869565217
556200,0.8478260869565217
556500,0.8478260869565217
556800,0.7608695652173914
557100,0.7608695652173914
557400,0.7608695652173914
557700,0.7608695652173914
558000,0.7608695652173914
558300,0.7391304347826086
558600,0.717391304347826
558900,0.717391304347826
559200,0.6956521739130435
559500,0.8478260869565217
559800,0.8043478260869565
560100,0.8043478260869565
560400,0.8043478260869565
560700,0.782608695652174
561000,0.7608695652173914
561300,0.7391304347826086
561600,0.717391304347826
561900,0.717391304347826
562200,0.6304347826086957
562500,0.5434782608695652
562800,0.4782608695652174
563100,0.41304347826086957
563400,0.391304347826087
563700,0.391304347826087
564000,0.41304347826086957
564300,0.3695652173913043
564600,0.391304347826087
564900,0.45652173913043476
565200,0.41304347826086957
565500,0.4782608695652174
565800,0.5
566100,0.45652173913043476
566400,0.5217391304347826
566700,0.5434782608695652
567000,0.5434782608695652
567300,0.6086956521739131
567600,0.5869565217391305
567900,0.5434782608695652
568200,0.5652173913043478
568500,0.5869565217391305
568800,0.6086956521739131
569100,0.6521739130434783
569400,0.6739130434782609
569700,0.6956521739130435
570000,0.6956521739130435
570300,0.7608695652173914
570600,0.782608695652174
570900,0.782608695652174
571200,0.8260869565217391
571500,0.8260869565217391
571800,0.8260869565217391
572100,0.8478260869565217
572400,0.8478260869565217
572700,0.8478260869565217
573000,0.8695652173913043
573300,0.8695652173913043
573600,0.8695652173913043
573900,0.8478260869565217
574200,0.8043478260869565
574500,0.782608695652174
574800,0.782608695652174
575100,0.8260869565217391
575400,0.8043478260869565
575700,0.8260869565217391
576000,0.8043478260869565
576300,0.8043478260869565
576600,0.8478260869565217
576900,0.8695652173913043
577200,0.9130434782608695
577500,0.9347826086956522
577800,0.9347826086956522
578100,0.9347826086956522
578400,0.9130434782608695
578700,0.8695652173913043
579000,0.8913043478260869
579300,0.8478260869565217
579600,0.8478260869565217
579900,0.8478260869565217
580200,0.8478260869565217
580500,0.8478260869565217
580800,0.8695652173913043
581100,0.8478260869565217
581400,0.8478260869565217
581700,0.8695652173913043
582000,0.8695652173913043
582300,0.8478260869565217
582600,0.8695652173913043
582900,0.8695652173913043
583200,0.7391304347826086
583500,0.717391304347826
583800,0.717391304347826
584100,0.717391304347826
584400,0.7608695652173914
584700,0.782608695652174
585000,0.782608695652174
585300,0.782608695652174
585600,0.782608695652174
585900,0.782608695652174
586200,0.782608695652174
586500,0.782608695652174
586800,0.782608695652174
587100,0.8043478260869565
587400,0.782608695652174
587700,0.7608695652173914
588000,0.7608695652173914
588300,0.7391304347826086
588600,0.7391304347826086
588900,0.717391304347826
589200,0.6956521739130435
589500,0.6956521739130435
589800,0.6956521739130435
590100,0.6956521739130435
590400,0.6739130434782609
590700,0.6521739130434783
591000,0.6521739130434783
591300,0.6304347826086957
591600,0.6304347826086957
591900,0.6304347826086957
592200,0.6304347826086957
592500,0.6304347826086957
592800,0.6304347826086957
593100,0.6304347826086957
593400,0.6304347826086957
593700,0.6304347826086957
594000,0.6304347826086957
594300,0.6304347826086957
594600,0.6304347826086957
594900,0.6304347826086957
595200,0.7391304347826086
595500,0.6521739130434783
595800,0.8043478260869565
596100,0.8043478260869565
596400,0.7608695652173914
596700,0.7391304347826086
597000,0.7391304347826086
597300,0.717391304347826
597600,0.717391304347826
597900,0.717391304347826
598200,0.6956521739130435
598500,0.6956521739130435
598800,0.717391304347826
599100,0.6739130434782609
599400,0.6956521739130435
599700,0.6739130434782609
600000,0.6739130434782609
600300,0.6739130434782609
600600,0.6956521739130435
600900,0.6739130434782609
601200,0.717391304347826
601500,0.6956521739130435
601800,0.6956521739130435
602100,0.6956521739130435
602400,0.6956521739130435
602700,0.717391304347826
603000,0.717391304347826
603300,0.717391304347826
603600,0.717391304347826
603900,0.6956521739130435
604200,0.717391304347826
604500,0.717391304347826
604800,0.6739130434782609
605100,0.6521739130434783
605400,0.5869565217391305
605700,0.5869565217391305
606000,0.5434782608695652
606300,0.5434782608695652
606600,0.5434782608695652
606900,0.4782608695652174
607200,0.4782608695652174
607500,0.4782608695652174
607800,0.4782608695652174
608100,0.5
608400,0.45652173913043476
608700,0.43478260869565216
609000,0.45652173913043476
609300,0.4782608695652174
609600,0.4782608695652174
609900,0.4782608695652174
610200,0.5217391304347826
610500,0.43478260869565216
610800,0.45652173913043476
611100,0.45652173913043476
611400,0.45652173913043476
611700,0.43478260869565216
612000,0.391304347826087
612300,0.41304347826086957
612600,0.43478260869565216
612900,0.41304347826086957
613200,0.41304347826086957
613500,0.45652173913043476
613800,0.45652173913043476
614100,0.45652173913043476
614400,0.4782608695652174
614700,0.4782608695652174
615000,0.5
615300,0.5
615600,0.5
615900,0.5
616200,0.5
616500,0.5
616800,0.5217391304347826
617100,0.5
617400,0.5217391304347826
617700,0.5217391304347826
618000,0.5217391304347826
618300,0.5
618600,0.5217391304347826
618900,0.5217391304347826
619200,0.5217391304347826
619500,0.4782608695652174
619800,0.4782608695652174
620100,0.4782608695652174
620400,0.4782608695652174
620700,0.5
621000,0.5
621300,0.5
621600,0.5
621900,0.5
622200,0.5
622500,0.5
622800,0.5217391304347826
623100,0.5
623400,0.5
623700,0.4782608695652174
624000,0.5
624300,0.5
624600,0.5217391304347826
624900,0.5217391304347826
625200,0.5
625500,0.5
625800,0.5
626100,0.5
626400,0.45652173913043476
626700,0.43478260869565216
627000,0.41304347826086957
627300,0.41304347826086957
627600,0.43478260869565216
627900,0.3695652173913043
628200,0.30434782608695654
628500,0.30434782608695654
628800,0.3695652173913043
629100,0.32608695652173914
629400,0.32608695652173914
629700,0.3695652173913043
630000,0.34782608695652173
630300,0.391304347826087
630600,0.34782608695652173
630900,0.32608695652173914
631200,0.32608695652173914
631500,0.32608695652173914
631800,0.30434782608695654
632100,0.30434782608695654
632400,0.30434782608695654
632700,0.32608695652173914
633000,0.30434782608695654
633300,0.3695652173913043
633600,0.41304347826086957
633900,0.45652173913043476
634200,0.5
634500,0.5
634800,0.4782608695652174
635100,0.5
635400,0.5652173913043478
635700,0.5652173913043478
636000,0.5652173913043478
636300,0.5217391304347826
636600,0.5434782608695652
636900,0.6086956521739131
637200,0.6086956521739131
637500,0.6304347826086957
637800,0.6521739130434783
638100,0.6956521739130435
638400,0.6739130434782609
638700,0.6521739130434783
639000,0.6521739130434783
639300,0.6521739130434783
639600,0.6304347826086957
639900,0.5652173913043478
640200,0.5652173913043478
640500,0.5434782608695652
640800,0.5652173913043478
641100,0.5652173913043478
641400,0.7391304347826086
641700,0.717391304347826
642000,0.717391304347826
642300,0.717391304347826
642600,0.717391304347826
642900,0.7608695652173914
643200,0.8260869565217391
643500,0.8260869565217391
643800,0.8260869565217391
644100,0.8043478260869565
644400,0.782608695652174
644700,0.782608695652174
645000,0.7391304347826086
645300,0.7391304347826086
645600,0.7391304347826086
645900,0.7608695652173914
646200,0.7608695652173914
646500,0.7608695652173914
646800,0.7608695652173914
647100,0.7608695652173914
647400,0.7608695652173914
647700,0.717391304347826
648000,0.6304347826086957
648300,0.5
648600,0.5
648900,0.45652173913043476
649200,0.3695652173913043
649500,0.34782608695652173
649800,0.32608695652173914
650100,0.34782608695652173
650400,0.30434782608695654
650700,0.30434782608695654
651000,0.2826086956521739
651300,0.30434782608695654
651600,0.34782608695652173
651900,0.391304347826087
652200,0.41304347826086957
652500,0.43478260869565216
652800,0.4782608695652174
653100,0.41304347826086957
653400,0.41304347826086957
653700,0.391304347826087
654000,0.3695652173913043
654300,0.3695652173913043
654600,0.34782608695652173
654900,0.34782608695652173
655200,0.41304347826086957
655500,0.4782608695652174
655800,0.5869565217391305
656100,0.5869565217391305
656400,0.6086956521739131
656700,0.5869565217391305
657000,0.6304347826086957
657300,0.6739130434782609
657600,0.6956521739130435
657900,0.7391304347826086
658200,0.717391304347826
658500,0.6739130434782609
658800,0.717391304347826
659100,0.7391304347826086
659400,0.7391304347826086
659700,0.7391304347826086
660000,0.717391304347826
660300,0.7391304347826086
660600,0.7391304347826086
660900,0.7391304347826086
661200,0.7391304347826086
661500,0.7608695652173914
661800,0.782608695652174
662100,0.7391304347826086
662400,0.717391304347826
662700,0.6086956521739131
663000,0.717391304347826
663300,0.717391304347826
663600,0.7608695652173914
663900,0.7608695652173914
664200,0.7391304347826086
664500,0.7391304347826086
664800,0.6956521739130435
665100,0.782608695652174
665400,0.782608695652174
665700,0.7608695652173914
666000,0.782608695652174
666300,0.8043478260869565
666600,0.8043478260869565
666900,0.8043478260869565
667200,0.782608695652174
667500,0.782608695652174
667800,0.8043478260869565
668100,0.8043478260869565
668400,0.8043478260869565
668700,0.782608695652174
669000,0.7391304347826086
669300,0.7608695652173914
669600,0.7608695652173914
669900,0.7608695652173914
670200,0.7608695652173914
670500,0.782608695652174
670800,0.8043478260869565
671100,0.782608695652174
671400,0.782608695652174
671700,0.782608695652174
672000,0.782608695652174
672300,0.782608695652174
672600,0.782608695652174
672900,0.8043478260869565
673200,0.8043478260869565
673500,0.782608695652174
673800,0.782608695652174
674100,0.7391304347826086
674400,0.7391304347826086
674700,0.6956521739130435
675000,0.6521739130434783
675300,0.6521739130434783
675600,0.6956521739130435
675900,0.6956521739130435
676200,0.6956521739130435
676500,0.6956521739130435
676800,0.6956521739130435
677100,0.717391304347826
677400,0.6956521739130435
677700,0.717391304347826
678000,0.7608695652173914
678300,0.7608695652173914
678600,0.7391304347826086
678900,0.7391304347826086
679200,0.717391304347826
679500,0.717391304347826
679800,0.6956521739130435
680100,0.6956521739130435
680400,0.6956521739130435
680700,0.6739130434782609
681000,0.6521739130434783
681300,0.6304347826086957
681600,0.5869565217391305
681900,0.6086956521739131
682200,0.6086956521739131
682500,0.6304347826086957
682800,0.6304347826086957
683100,0.6521739130434783
683400,0.6521739130434783
683700,0.6521739130434783
684000,0.6956521739130435
684300,0.6956521739130435
684600,0.717391304347826
684900,0.717391304347826
685200,0.7391304347826086
685500,0.7391304347826086
685800,0.7391304347826086
686100,0.7608695652173914
686400,0.7391304347826086
686700,0.7391304347826086
687000,0.7391304347826086
687300,0.7391304347826086
687600,0.717391304347826
687900,0.717391304347826
688200,0.717391304347826
688500,0.6956521739130435
688800,0.6956521739130435
689100,0.6739130434782609
689400,0.6739130434782609
689700,0.6739130434782609
690000,0.6956521739130435
690300,0.6739130434782609
690600,0.6739130434782609
690900,0.6521739130434783
691200,0.6304347826086957
691500,0.6086956521739131
691800,0.5217391304347826
692100,0.4782608695652174
692400,0.4782608695652174
692700,0.41304347826086957
693000,0.41304347826086957
693300,0.41304347826086957
693600,0.34782608695652173
693900,0.30434782608695654
694200,0.30434782608695654
694500,0.30434782608695654
694800,0.32608695652173914
695100,0.34782608695652173
695400,0.41304347826086957
695700,0.41304347826086957
696000,0.41304347826086957
696300,0.41304347826086957
696600,0.3695652173913043
696900,0.34782608695652173
697200,0.34782608695652173
697500,0.2826086956521739
697800,0.32608695652173914
698100,0.30434782608695654
698400,0.2608695652173913
698700,0.21739130434782608
699000,0.21739130434782608
699300,0.21739130434782608
699600,0.21739130434782608
699900,0.2826086956521739
700200,0.2826086956521739
700500,0.2826086956521739
700800,0.32608695652173914
701100,0.3695652173913043
701400,0.3695652173913043
701700,0.30434782608695654
702000,0.30434782608695654
702300,0.32608695652173914
702600,0.30434782608695654
702900,0.30434782608695654
703200,0.30434782608695654
703500,0.3695652173913043
703800,0.3695652173913043
704100,0.34782608695652173
704400,0.3695652173913043
704700,0.391304347826087
705000,0.3695652173913043
705300,0.391304347826087
705600,0.3695652173913043
705900,0.391304347826087
706200,0.41304347826086957
706500,0.41304347826086957
706800,0.45652173913043476
707100,0.45652173913043476
707400,0.45652173913043476
707700,0.45652173913043476
708000,0.45652173913043476
708300,0.45652173913043476
708600,0.4782608695652174
708900,0.5
709200,0.5
709500,0.4782608695652174
709800,0.4782608695652174
710100,0.4782608695652174
710400,0.4782608695652174
710700,0.4782608695652174
711000,0.4782608695652174
711300,0.4782608695652174
711600,0.4782608695652174
711900,0.4782608695652174
712200,0.4782608695652174
712500,0.43478260869565216
712800,0.45652173913043476
713100,0.45652173913043476
713400,0.41304347826086957
713700,0.41304347826086957
714000,0.391304347826087
714300,0.3695652173913043
714600,0.2608695652173913
714900,0.2608695652173913
715200,0.2826086956521739
715500,0.2391304347826087
715800,0.21739130434782608
716100,0.21739130434782608
716400,0.17391304347826086
716700,0.1956521739130435
717000,0.2391304347826087
717300,0.2391304347826087
717600,0.2608695652173913
717900,0.2391304347826087
718200,0.21739130434782608
718500,0.2391304347826087
718800,0.2391304347826087
719100,0.2391304347826087
719400,0.2608695652173913
719700,0.30434782608695654
720000,0.30434782608695654
720300,0.34782608695652173
720600,0.391304347826087
720900,0.45652173913043476
721200,0.45652173913043476
721500,0.4782608695652174
721800,0.4782608695652174
722100,0.5217391304347826
722400,0.5217391304347826
722700,0.5217391304347826
723000,0.5217391304347826
723300,0.5217391304347826
723600,0.5217391304347826
723900,0.5217391304347826
724200,0.5217391304347826
724500,0.5217391304347826
724800,0.5217391304347826
725100,0.5217391304347826
725400,0.5217391304347826
725700,0.5217391304347826
726000,0.5217391304347826
726300,0.5217391304347826
726600,0.5217391304347826
726900,0.5217391304347826
727200,0.5217391304347826
727500,0.5217391304347826
727800,0.5217391304347826
728100,0.5217391304347826
728400,0.5217391304347826
728700,0.5217391304347826
729000,0.5217391304347826
729300,0.5217391304347826
729600,0.5217391304347826
729900,0.5217391304347826
730200,0.5217391304347826
730500,0.5217391304347826
730800,0.5217391304347826
731100,0.5217391304347826
731400,0.5217391304347826
731700,0.5217391304347826
732000,0.5217391304347826
732300,0.5217391304347826
732600,0.5217391304347826
732900,0.5217391304347826
733200,0.5217391304347826
733500,0.5217391304347826
733800,0.0
734100,0.7608695652173914
734400,0.7391304347826086
734700,0.717391304347826
735000,0.717391304347826
735300,0.6521739130434783
735600,0.5869565217391305
735900,0.5869565217391305
736200,0.5652173913043478
736500,0.5434782608695652
736800,0.5217391304347826
737100,0.5
737400,0.5434782608695652
737700,0.5434782608695652
738000,0.5652173913043478
738300,0.5217391304347826
738600,0.5
738900,0.5217391304347826
739200,0.5
739500,0.5217391304347826
739800,0.5434782608695652
740100,0.5869565217391305
740400,0.5869565217391305
740700,0.6304347826086957
741000,0.6739130434782609
741300,0.6956521739130435
741600,0.717391304347826
741900,0.6956521739130435
742200,0.717391304347826
742500,0.717391304347826
742800,0.7391304347826086
743100,0.7391304347826086
743400,0.7608695652173914
743700,0.717391304347826
744000,0.717391304347826
744300,0.6521739130434783
744600,0.6739130434782609
744900,0.6521739130434783
745200,0.782608695652174
745500,0.7391304347826086
745800,0.8043478260869565
746100,0.8260869565217391
746400,0.8478260869565217
746700,0.8478260869565217
747000,0.8478260869565217
747300,0.8695652173913043
747600,0.8913043478260869
747900,0.9130434782608695
748200,0.9130434782608695
748500,0.8695652173913043
748800,0.9130434782608695
749100,0.9130434782608695
749400,0.9347826086956522
749700,0.9347826086956522
750000,0.9347826086956522
750300,0.9347826086956522
750600,0.9347826086956522
750900,0.9347826086956522
751200,0.9130434782608695
751500,0.8913043478260869
751800,0.9130434782608695
752100,0.9130434782608695
752400,0.9130434782608695
752700,0.9130434782608695
753000,0.9130434782608695
753300,0.9347826086956522
753600,0.9347826086956522
753900,0.9347826086956522
754200,0.9130434782608695
754500,0.9130434782608695
754800,0.8260869565217391
755100,0.8260869565217391
755400,0.8260869565217391
755700,0.8260869565217391
756000,0.8478260869565217
756300,0.8695652173913043
756600,0.9130434782608695
756900,0.9130434782608695
757200,0.9347826086956522
757500,0.9130434782608695
757800,0.9130434782608695
758100,0.8913043478260869
758400,0.9347826086956522
758700,0.9347826086956522
759000,0.9347826086956522
759300,0.9347826086956522
759600,0.9347826086956522
759900,0.9565217391304348
760200,0.9347826086956522
760500,0.9130434782608695
760800,0.8913043478260869
761100,0.8695652173913043
761400,0.8695652173913043
761700,0.8260869565217391
762000,0.8043478260869565
762300,0.782608695652174
762600,0.782608695652174
762900,0.8043478260869565
763200,0.8043478260869565
763500,0.8043478260869565
763800,0.8043478260869565
764100,0.8043478260869565
764400,0.8043478260869565
764700,0.8043478260869565
765000,0.8260869565217391
765300,0.8695652173913043
765600,0.8695652173913043
765900,0.8913043478260869
766200,0.9130434782608695
766500,0.9130434782608695
766800,0.9130434782608695
767100,0.9130434782608695
767400,0.9130434782608695
767700,0.8695652173913043
768000,0.8913043478260869
768300,0.8695652173913043
768600,0.8478260869565217
768900,0.8478260869565217
769200,0.8478260869565217
769500,0.8478260869565217
769800,0.8478260869565217
770100,0.8043478260869565
770400,0.8478260869565217
770700,0.8260869565217391
771000,0.8043478260869565
771300,0.8478260869565217
771600,0.8695652173913043
771900,0.8695652173913043
772200,0.8913043478260869
772500,0.8913043478260869
772800,0.8913043478260869
773100,0.8695652173913043
773400,0.8695652173913043
773700,0.8478260869565217
774000,0.8260869565217391
774300,0.8260869565217391
774600,0.8260869565217391
774900,0.8478260869565217
775200,0.8043478260869565
775500,0.8043478260869565
775800,0.782608695652174
776100,0.782608695652174
776400,0.7608695652173914
776700,0.782608695652174
777000,0.782608695652174
777300,0.782608695652174
777600,0.782608695652174
777900,0.8260869565217391
778200,0.8043478260869565
778500,0.6956521739130435
778800,0.5434782608695652
779100,0.5434782608695652
779400,0.5
779700,0.5217391304347826
780000,0.45652173913043476
780300,0.43478260869565216
780600,0.43478260869565216
780900,0.43478260869565216
781200,0.3695652173913043
781500,0.34782608695652173
781800,0.32608695652173914
782100,0.3695652173913043
782400,0.3695652173913043
782700,0.3695652173913043
783000,0.41304347826086957
783300,0.34782608695652173
783600,0.391304347826087
783900,0.3695652173913043
784200,0.34782608695652173
784500,0.391304347826087
784800,0.391304347826087
785100,0.41304347826086957
785400,0.43478260869565216
785700,0.45652173913043476
786000,0.43478260869565216
786300,0.41304347826086957
786600,0.43478260869565216
786900,0.43478260869565216
787200,0.43478260869565216
787500,0.45652173913043476
787800,0.4782608695652174
788100,0.5434782608695652
788400,0.5217391304347826
788700,0.5217391304347826
789000,0.5652173913043478
789300,0.5652173913043478
789600,0.5434782608695652
789900,0.5434782608695652
790200,0.5652173913043478
790500,0.5434782608695652
790800,0.5217391304347826
791100,0.5217391304347826
791400,0.5434782608695652
791700,0.5434782608695652
792000,0.5652173913043478
792300,0.5652173913043478
792600,0.5434782608695652
792900,0.5652173913043478
793200,0.5652173913043478
793500,0.5869565217391305
793800,0.5869565217391305
794100,0.6086956521739131
794400,0.6086956521739131
794700,0.5869565217391305
795000,0.5869565217391305
795300,0.5869565217391305
795600,0.5869565217391305
795900,0.6086956521739131
796200,0.6086956521739131
796500,0.6086956521739131
796800,0.6086956521739131
797100,0.6086956521739131
797400,0.6086956521739131
797700,0.6086956521739131
798000,0.5869565217391305
798300,0.5869565217391305
798600,0.5869565217391305
798900,0.5869565217391305
799200,0.5869565217391305
799500,0.5869565217391305
799800,0.6086956521739131
800100,0.6086956521739131
800400,0.5652173913043478
800700,0.5652173913043478
801000,0.5
801300,0.5
801600,0.5
801900,0.5
802200,0.4782608695652174
802500,0.43478260869565216
802800,0.41304347826086957
803100,0.3695652173913043
803400,0.34782608695652173
803700,0.391304347826087
804000,0.41304347826086957
804300,0.34782608695652173
804600,0.41304347826086957
804900,0.43478260869565216
805200,0.45652173913043476
805500,0.45652173913043476
805800,0.4782608695652174
806100,0.45652173913043476
806400,0.45652173913043476
806700,0.4782608695652174
807000,0.5
807300,0.5434782608695652
807600,0.5217391304347826
807900,0.5869565217391305
808200,0.5869565217391305
808500,0.5869565217391305
808800,0.5869565217391305
809100,0.5652173913043478
809400,0.5869565217391305
809700,0.6086956521739131
810000,0.6086956521739131
810300,0.6739130434782609
810600,0.6739130434782609
810900,0.6739130434782609
811200,0.6521739130434783
811500,0.6304347826086957
811800,0.6956521739130435
812100,0.6739130434782609
812400,0.717391304347826
812700,0.6956521739130435
813000,0.717391304347826
813300,0.717391304347826
813600,0.717391304347826
813900,0.717391304347826
814200,0.782608695652174
814500,0.8260869565217391
814800,0.8043478260869565
815100,0.8260869565217391
815400,0.8478260869565217
815700,0.8260869565217391
816000,0.8260869565217391
816300,0.8260869565217391
816600,0.8043478260869565
816900,0.8043478260869565
817200,0.8043478260869565
817500,0.8260869565217391
817800,0.8260869565217391
818100,0.8478260869565217
818400,0.8478260869565217
818700,0.8260869565217391
819000,0.8478260869565217
819300,0.8478260869565217
819600,0.8695652173913043
819900,0.8695652173913043
820200,0.8695652173913043
820500,0.8478260869565217
820800,0.8260869565217391
821100,0.8043478260869565
821400,0.782608695652174
821700,0.782608695652174
822000,0.717391304347826
822300,0.6956521739130435
822600,0.717391304347826
822900,0.717391304347826
823200,0.7391304347826086
823500,0.717391304347826
823800,0.6956521739130435
824100,0.6739130434782609
824400,0.6304347826086957
824700,0.6304347826086957
825000,0.6086956521739131
825300,0.6521739130434783
825600,0.6521739130434783
825900,0.6739130434782609
826200,0.6956521739130435
826500,0.7391304347826086
826800,0.7391304347826086
827100,0.6739130434782609
827400,0.6956521739130435
827700,0.6304347826086957
828000,0.6304347826086957
828300,0.6304347826086957
828600,0.6739130434782609
828900,0.6521739130434783
829200,0.6521739130434783
829500,0.6739130434782609
829800,0.6739130434782609
830100,0.6956521739130435
830400,0.7391304347826086
830700,0.7608695652173914
831000,0.7608695652173914
831300,0.8043478260869565
831600,0.8043478260869565
831900,0.782608695652174
832200,0.8260869565217391
832500,0.8043478260869565
832800,0.8043478260869565
833100,0.8043478260869565
833400,0.8043478260869565
833700,0.8260869565217391
834000,0.8478260869565217
834300,0.8260869565217391
834600,0.8695652173913043
834900,0.8913043478260869
835200,0.8913043478260869
835500,0.9130434782608695
835800,0.9130434782608695
836100,0.9130434782608695
836400,0.8913043478260869
836700,0.8260869565217391
837000,0.8260869565217391
837300,0.8260869565217391
837600,0.8260869565217391
837900,0.8260869565217391
838200,0.8260869565217391
838500,0.8260869565217391
838800,0.8260869565217391
839100,0.8478260869565217
839400,0.8695652173913043
839700,0.8695652173913043
840000,0.8913043478260869
840300,0.8913043478260869
840600,0.9347826086956522
840900,0.9347826086956522
841200,0.9347826086956522
841500,0.9347826086956522
841800,0.9347826086956522
842100,0.9347826086956522
842400,0.9347826086956522
842700,0.9130434782608695
843000,0.9130434782608695
843300,0.9347826086956522
843600,0.9347826086956522
843900,0.9565217391304348
844200,0.9347826086956522
844500,0.9347826086956522
844800,0.9130434782608695
845100,0.9130434782608695
845400,0.9130434782608695
845700,0.9130434782608695
846000,0.9130434782608695
846300,0.8913043478260869
846600,0.8043478260869565
846900,0.782608695652174
847200,0.7608695652173914
847500,0.782608695652174
847800,0.782608695652174
848100,0.7608695652173914
848400,0.782608695652174
848700,0.782608695652174
849000,0.782608695652174
849300,0.782608695652174
849600,0.8043478260869565
849900,0.782608695652174
850200,0.782608695652174
850500,0.782608695652174
850800,0.7608695652173914
851100,0.7391304347826086
851400,0.782608695652174
851700,0.7608695652173914
852000,0.7391304347826086
852300,0.7608695652173914
852600,0.7391304347826086
852900,0.7608695652173914
853200,0.7391304347826086
853500,0.7391304347826086
853800,0.7608695652173914
854100,0.7391304347826086
854400,0.7391304347826086
854700,0.782608695652174
855000,0.782608695652174
855300,0.7608695652173914
855600,0.7391304347826086
855900,0.7391304347826086
856200,0.7391304347826086
856500,0.7391304347826086
856800,0.7391304347826086
857100,0.8043478260869565
857400,0.782608695652174
857700,0.782608695652174
858000,0.782608695652174
858300,0.8043478260869565
858600,0.8043478260869565
858900,0.8043478260869565
859200,0.8043478260869565
859500,0.8043478260869565
859800,0.8695652173913043
860100,0.8695652173913043
860400,0.8695652173913043
860700,0.8695652173913043
861000,0.8695652173913043
861300,0.8695652173913043
861600,0.8478260869565217
861900,0.8260869565217391
862200,0.8260869565217391
862500,0.782608695652174
862800,0.782608695652174
863100,0.7608695652173914
863400,0.7608695652173914
863700,0.7391304347826086
864000,0.6956521739130435
864300,0.6304347826086957
864600,0.6086956521739131
864900,0.5652173913043478
865200,0.5652173913043478
865500,0.5434782608695652
865800,0.4782608695652174
866100,0.45652173913043476
866400,0.4782608695652174
866700,0.5
867000,0.43478260869565216
867300,0.4782608695652174
867600,0.5
867900,0.5
868200,0.5
868500,0.4782608695652174
868800,0.45652173913043476
869100,0.391304347826087
869400,0.391304347826087
869700,0.32608695652173914
870000,0.34782608695652173
870300,0.34782608695652173
870600,0.391304347826087
870900,0.391304347826087
871200,0.43478260869565216
871500,0.4782608695652174
871800,0.5217391304347826
872100,0.5
872400,0.5
872700,0.5217391304347826
873000,0.5434782608695652
873300,0.5434782608695652
873600,0.6304347826086957
873900,0.6086956521739131
874200,0.5869565217391305
874500,0.5434782608695652
874800,0.5434782608695652
875100,0.5652173913043478
875400,0.5869565217391305
875700,0.6086956521739131
876000,0.6086956521739131
876300,0.6086956521739131
876600,0.6086956521739131
876900,0.6086956521739131
877200,0.6304347826086957
877500,0.6086956521739131
877800,0.6086956521739131
878100,0.6086956521739131
878400,0.6086956521739131
878700,0.6086956521739131
879000,0.6086956521739131
879300,0.6304347826086957
879600,0.6304347826086957
879900,0.6304347826086957
880200,0.6739130434782609
880500,0.6739130434782609
880800,0.6739130434782609
881100,0.717391304347826
881400,0.717391304347826
881700,0.717391304347826
882000,0.717391304347826
882300,0.717391304347826
882600,0.717391304347826
882900,0.717391304347826
883200,0.6086956521739131
883500,0.6521739130434783
883800,0.6521739130434783
884100,0.6521739130434783
884400,0.6304347826086957
884700,0.6086956521739131
885000,0.5869565217391305
885300,0.5652173913043478
885600,0.5869565217391305
885900,0.5434782608695652
886200,0.5652173913043478
886500,0.5217391304347826
886800,0.5217391304347826
887100,0.5652173913043478
887400,0.5434782608695652
887700,0.5217391304347826
888000,0.5
888300,0.45652173913043476
888600,0.3695652173913043
888900,0.3695652173913043
889200,0.391304347826087
889500,0.391304347826087
889800,0.3695652173913043
890100,0.391304347826087
890400,0.391304347826087
890700,0.4782608695652174
891000,0.4782608695652174
891300,0.4782608695652174
891600,0.5217391304347826
891900,0.5652173913043478
892200,0.5869565217391305
892500,0.6086956521739131
892800,0.6086956521739131
893100,0.6521739130434783
893400,0.6739130434782609
893700,0.6739130434782609
894000,0.717391304347826
894300,0.717391304347826
894600,0.717391304347826
894900,0.7391304347826086
895200,0.7391304347826086
895500,0.7391304347826086
895800,0.7608695652173914
896100,0.8043478260869565
896400,0.8260869565217391
896700,0.8043478260869565
897000,0.8260869565217391
897300,0.8260869565217391
897600,0.8478260869565217
897900,0.9130434782608695
898200,0.9347826086956522
898500,0.8913043478260869
898800,0.8913043478260869
899100,0.8913043478260869
899400,0.8695652173913043
899700,0.8478260869565217
900000,0.8695652173913043
900300,0.8913043478260869
900600,0.8913043478260869
900900,0.9130434782608695
901200,0.9130434782608695
901500,0.9130434782608695
901800,0.9130434782608695
902100,0.9130434782608695
902400,0.9347826086956522
902700,0.9130434782608695
903000,0.9130434782608695
903300,0.9347826086956522
903600,0.9347826086956522
903900,0.9347826086956522
904200,0.9347826086956522
904500,0.9347826086956522
904800,0.9130434782608695
905100,0.9130434782608695
905400,0.9347826086956522
905700,0.8913043478260869
906000,0.8913043478260869
906300,0.8695652173913043
906600,0.8695652173913043
906900,0.8695652173913043
907200,0.8478260869565217
907500,0.8260869565217391
907800,0.7391304347826086
908100,0.6956521739130435
908400,0.6521739130434783
908700,0.5217391304347826
909000,0.45652173913043476
909300,0.43478260869565216
909600,0.391304347826087
909900,0.391304347826087
910200,0.32608695652173914
910500,0.30434782608695654
910800,0.2391304347826087
911100,0.1956521739130435
911400,0.21739130434782608
911700,0.21739130434782608
912000,0.21739130434782608
912300,0.32608695652173914
912600,0.32608695652173914
912900,0.3695652173913043
913200,0.41304347826086957
913500,0.391304347826087
913800,0.391304347826087
914100,0.4782608695652174
914400,0.4782608695652174
914700,0.5434782608695652
915000,0.5869565217391305
915300,0.5869565217391305
915600,0.5869565217391305
915900,0.6956521739130435
916200,0.7391304347826086
916500,0.7391304347826086
916800,0.7608695652173914
917100,0.782608695652174
917400,0.8043478260869565
917700,0.8043478260869565
918000,0.8478260869565217
918300,0.8695652173913043
918600,0.8913043478260869
918900,0.8695652173913043
919200,0.8478260869565217
919500,0.8478260869565217
919800,0.8478260869565217
920100,0.8043478260869565
920400,0.8043478260869565
920700,0.8043478260869565
921000,0.8260869565217391
921300,0.8260869565217391
921600,0.8043478260869565
921900,0.8043478260869565
922200,0.8260869565217391
922500,0.8260869565217391
922800,0.782608695652174
923100,0.8043478260869565
923400,0.7608695652173914
923700,0.7391304347826086
924000,0.7608695652173914
924300,0.782608695652174
924600,0.782608695652174
924900,0.782608695652174
925200,0.8260869565217391
925500,0.8260869565217391
925800,0.8260869565217391
926100,0.8260869565217391
926400,0.8478260869565217
926700,0.8260869565217391
927000,0.8260869565217391
927300,0.8260869565217391
927600,0.8260869565217391
927900,0.8260869565217391
928200,0.8478260869565217
928500,0.8260869565217391
928800,0.8478260869565217
929100,0.8695652173913043
929400,0.8695652173913043
929700,0.8695652173913043
930000,0.8695652173913043
930300,0.8913043478260869
930600,0.8913043478260869
930900,0.9130434782608695
931200,0.8913043478260869
931500,0.8913043478260869
931800,0.9130434782608695
932100,0.9130434782608695
932400,0.9130434782608695
932700,0.9130434782608695
933000,0.8478260869565217
933300,0.8260869565217391
933600,0.8260869565217391
933900,0.8478260869565217
934200,0.8478260869565217
934500,0.8260869565217391
934800,0.8260869565217391
935100,0.8043478260869565
935400,0.8043478260869565
935700,0.782608695652174
936000,0.8043478260869565
936300,0.8260869565217391
936600,0.8043478260869565
936900,0.8043478260869565
937200,0.8043478260869565
937500,0.8043478260869565
937800,0.8260869565217391
938100,0.8260869565217391
938400,0.8260869565217391
938700,0.782608695652174
939000,0.782608695652174
939300,0.8478260869565217
939600,0.8478260869565217
939900,0.8695652173913043
940200,0.782608695652174
940500,0.782608695652174
940800,0.7608695652173914
941100,0.7608695652173914
941400,0.782608695652174
941700,0.782608695652174
942000,0.8043478260869565
942300,0.8043478260869565
942600,0.8260869565217391
942900,0.8478260869565217
943200,0.782608695652174
943500,0.782608695652174
943800,0.782608695652174
944100,0.782608695652174
944400,0.782608695652174
944700,0.8043478260869565
945000,0.782608695652174
945300,0.782608695652174
945600,0.7608695652173914
945900,0.717391304347826
946200,0.6956521739130435
946500,0.717391304347826
946800,0.7608695652173914
947100,0.782608695652174
947400,0.782608695652174
947700,0.7608695652173914
948000,0.7608695652173914
948300,0.717391304347826
948600,0.7391304347826086
948900,0.7391304347826086
949200,0.7608695652173914
949500,0.782608695652174
949800,0.782608695652174
950100,0.782608695652174
950400,0.782608695652174
950700,0.7608695652173914
951000,0.7391304347826086
951300,0.7391304347826086
951600,0.7391304347826086
951900,0.7391304347826086
952200,0.6956521739130435
952500,0.6956521739130435
952800,0.5869565217391305
953100,0.5217391304347826
953400,0.5217391304347826
953700,0.4782608695652174
954000,0.41304347826086957
954300,0.41304347826086957
954600,0.3695652173913043
954900,0.3695652173913043
955200,0.3695652173913043
955500,0.3695652173913043
955800,0.34782608695652173
956100,0.32608695652173914
956400,0.32608695652173914
956700,0.41304347826086957
957000,0.391304347826087
957300,0.45652173913043476
957600,0.4782608695652174
957900,0.5
958200,0.4782608695652174
958500,0.4782608695652174
958800,0.5652173913043478
959100,0.5652173913043478
959400,0.5434782608695652
959700,0.5217391304347826
960000,0.5
960300,0.5217391304347826
960600,0.5217391304347826
960900,0.5217391304347826
961200,0.5652173913043478
961500,0.5869565217391305
961800,0.5434782608695652
962100,0.6304347826086957
962400,0.6086956521739131
962700,0.6086956521739131
963000,0.5869565217391305
963300,0.4782608695652174
963600,0.5
963900,0.5652173913043478
964200,0.5
964500,0.5
964800,0.5217391304347826
965100,0.5217391304347826
965400,0.5434782608695652
965700,0.5434782608695652
966000,0.5434782608695652
966300,0.5434782608695652
966600,0.5217391304347826
966900,0.5
967200,0.5434782608695652
967500,0.5434782608695652
967800,0.5652173913043478
968100,0.5869565217391305
968400,0.5434782608695652
968700,0.5217391304347826
969000,0.5217391304347826
969300,0.5217391304347826
969600,0.5434782608695652
969900,0.5434782608695652
970200,0.5434782608695652
970500,0.5434782608695652
970800,0.5869565217391305
971100,0.5869565217391305
971400,0.5434782608695652
971700,0.5217391304347826
972000,0.5434782608695652
972300,0.5217391304347826
972600,0.5434782608695652
972900,0.5217391304347826
973200,0.5434782608695652
973500,0.5434782608695652
973800,0.5
974100,0.5
974400,0.5217391304347826
974700,0.5
975000,0.391304347826087
975300,0.4782608695652174
975600,0.5
975900,0.5434782608695652
976200,0.5217391304347826
976500,0.5434782608695652
976800,0.5
977100,0.5
977400,0.4782608695652174
977700,0.4782608695652174
978000,0.5434782608695652
978300,0.5434782608695652
978600,0.5217391304347826
978900,0.5652173913043478
979200,0.6086956521739131
979500,0.6956521739130435
979800,0.717391304347826
980100,0.717391304347826
980400,0.7391304347826086
980700,0.7608695652173914
981000,0.782608695652174
981300,0.8043478260869565
981600,0.8043478260869565
981900,0.782608695652174
982200,0.8043478260869565
982500,0.782608695652174
982800,0.7608695652173914
983100,0.8043478260869565
983400,0.782608695652174
983700,0.8043478260869565
984000,0.8043478260869565
984300,0.8043478260869565
984600,0.8478260869565217
984900,0.8478260869565217
985200,0.8695652173913043
985500,0.8695652173913043
985800,0.8913043478260869
986100,0.9130434782608695
986400,0.9130434782608695
986700,0.9347826086956522
987000,0.9347826086956522
987300,0.9347826086956522
987600,0.9347826086956522
987900,0.9565217391304348
988200,0.9565217391304348
988500,0.9565217391304348
988800,0.9565217391304348
989100,0.9347826086956522
989400,0.9347826086956522
989700,0.9347826086956522
990000,0.9565217391304348
990300,0.9565217391304348
990600,0.9347826086956522
990900,0.9347826086956522
991200,0.9347826086956522
991500,0.9347826086956522
991800,0.9347826086956522
992100,0.8913043478260869
992400,0.8913043478260869
992700,0.8913043478260869
993000,0.8695652173913043
993300,0.8695652173913043
993600,0.8260869565217391
993900,0.8260869565217391
994200,0.8260869565217391
994500,0.5
994800,0.45652173913043476
995100,0.43478260869565216
995400,0.391304347826087
995700,0.3695652173913043
996000,0.2608695652173913
996300,0.21739130434782608
996600,0.15217391304347827
996900,0.15217391304347827
997200,0.1956521739130435
997500,0.1956521739130435
997800,0.15217391304347827
998100,0.21739130434782608
998400,0.21739130434782608
998700,0.2391304347826087
999000,0.2391304347826087
999300,0.2608695652173913
999600,0.3695652173913043
999900,0.43478260869565216
1000200,0.34782608695652173
1000500,0.34782608695652173
1000800,0.5
1001100,0.5869565217391305
1001400,0.6086956521739131
1001700,0.5869565217391305
1002000,0.6304347826086957
1002300,0.6739130434782609
1002600,0.717391304347826
1002900,0.7608695652173914
1003200,0.782608695652174
1003500,0.7608695652173914
1003800,0.7608695652173914
1004100,0.7608695652173914
1004400,0.782608695652174
1004700,0.8260869565217391
1005000,0.8478260869565217
1005300,0.8478260869565217
1005600,0.8913043478260869
1005900,0.8913043478260869
1006200,0.8695652173913043
1006500,0.8695652173913043
1006800,0.8695652173913043
1007100,0.8913043478260869
1007400,0.9130434782608695
1007700,0.9130434782608695
1008000,0.9130434782608695
1008300,0.8478260869565217
1008600,0.8478260869565217
1008900,0.8260869565217391
1009200,0.8478260869565217
1009500,0.8478260869565217
1009800,0.8695652173913043
1010100,0.8695652173913043
1010400,0.8695652173913043
1010700,0.8695652173913043
1011000,0.8695652173913043
1011300,0.8260869565217391
1011600,0.8478260869565217
1011900,0.8695652173913043
1012200,0.7608695652173914
1012500,0.8260869565217391
1012800,0.9347826086956522
1013100,0.9347826086956522
1013400,0.9782608695652174
1013700,0.9782608695652174
1014000,0.9565217391304348
1014300,0.9782608695652174
1014600,0.9782608695652174
1014900,0.9782608695652174
1015200,0.9782608695652174
1015500,0.9782608695652174
1015800,0.9782608695652174
1016100,0.9782608695652174
1016400,0.9347826086956522
1016700,0.9782608695652174
1017000,0.9782608695652174
1017300,0.9782608695652174
1017600,0.9782608695652174
1017900,0.9782608695652174
1018200,0.9782608695652174
1018500,0.9782608695652174
1018800,0.9782608695652174
1019100,0.9782608695652174
1019400,0.9782608695652174
1019700,0.9782608695652174
1020000,0.9782608695652174
1020300,0.9782608695652174
1020600,0.9347826086956522
1020900,0.9130434782608695
1021200,0.8695652173913043
1021500,0.782608695652174
1021800,0.782608695652174
1022100,0.7608695652173914
1022400,0.782608695652174
1022700,0.782608695652174
1023000,0.8260869565217391
1023300,0.8043478260869565
1023600,0.782608695652174
1023900,0.8043478260869565
1024200,0.7608695652173914
1024500,0.6956521739130435
1024800,0.6956521739130435
1025100,0.6739130434782609
1025400,0.6739130434782609
1025700,0.6521739130434783
1026000,0.6304347826086957
1026300,0.6739130434782609
1026600,0.6739130434782609
1026900,0.7391304347826086
1027200,0.7608695652173914
1027500,0.782608695652174
1027800,0.782608695652174
1028100,0.7608695652173914
1028400,0.782608695652174
1028700,0.7608695652173914
1029000,0.7391304347826086
1029300,0.782608695652174
1029600,0.7608695652173914
1029900,0.782608695652174
1030200,0.782608695652174
1030500,0.8043478260869565
1030800,0.8043478260869565
1031100,0.8043478260869565
1031400,0.8043478260869565
1031700,0.8043478260869565
1032000,0.8043478260869565
1032300,0.8043478260869565
1032600,0.8043478260869565
1032900,0.8043478260869565
1033200,0.8043478260869565
1033500,0.8043478260869565
1033800,0.8043478260869565
1034100,0.8043478260869565
1034400,0.8043478260869565
1034700,0.8043478260869565
1035000,0.8043478260869565
1035300,0.8043478260869565
1035600,0.8043478260869565
1035900,0.8043478260869565
1036200,0.8043478260869565
1036500,0.8043478260869565
1036800,0.8043478260869565
1037100,0.8043478260869565
1037400,0.8043478260869565
1037700,0.8043478260869565
1038000,0.8043478260869565
1038300,0.8043478260869565
1038600,0.8043478260869565
1038900,0.8043478260869565
1039200,0.8043478260869565
1039500,0.8043478260869565
1039800,0.8043478260869565
1040100,0.8043478260869565
1040400,0.8043478260869565
1040700,0.8043478260869565
1041000,0.8043478260869565
1041300,0.8043478260869565
1041600,0.8043478260869565
1041900,0.8043478260869565
1042200,0.8043478260869565
1042500,0.8043478260869565
1042800,0.8043478260869565
1043100,0.8043478260869565
1043400,0.8043478260869565
1043700,0.8043478260869565
1044000,0.8043478260869565
1044300,0.8043478260869565
1044600,0.8043478260869565
1044900,0.8043478260869565
1045200,0.8043478260869565
1045500,0.8043478260869565
1045800,0.8043478260869565
1046100,0.8043478260869565
1046400,0.8043478260869565
1046700,0.8043478260869565
1047000,0.8043478260869565
1047300,0.8043478260869565
1047600,0.8043478260869565
1047900,0.8043478260869565
1048200,0.8043478260869565
1048500,0.8043478260869565
1048800,0.8043478260869565
1049100,0.8043478260869565
1049400,0.8043478260869565
1049700,0.8043478260869565
1050000,0.8043478260869565
1050300,0.8043478260869565
1050600,0.8043478260869565
1050900,0.8043478260869565
1051200,0.8043478260869565
1051500,0.8043478260869565
1051800,0.8043478260869565
1052100,0.8043478260869565
1052400,0.8043478260869565
1052700,0.8043478260869565
1053000,0.8043478260869565
1053300,0.8043478260869565
1053600,0.8043478260869565
1053900,0.8043478260869565
1054200,0.8043478260869565
1054500,0.8043478260869565
1054800,0.8043478260869565
1055100,0.8043478260869565
1055400,0.8043478260869565
1055700,0.8043478260869565
1056000,0.8043478260869565
1056300,0.8043478260869565
1056600,0.8043478260869565
1056900,0.8043478260869565
1057200,0.8043478260869565
1057500,0.8043478260869565
1057800,0.8043478260869565
1058100,0.8043478260869565
1058400,0.8043478260869565
1058700,0.8043478260869565
1059000,0.8043478260869565
1059300,0.8043478260869565
1059600,0.8043478260869565
1059900,0.8043478260869565
1060200,0.8043478260869565
1060500,0.8043478260869565
1060800,0.8043478260869565
1061100,0.8043478260869565
1061400,0.8043478260869565
1061700,0.8043478260869565
1062000,0.8043478260869565
1062300,0.8043478260869565
1062600,0.8043478260869565
1062900,0.8043478260869565
1063200,0.8043478260869565
1063500,0.8043478260869565
1063800,0.8043478260869565
1064100,0.8043478260869565
1064400,0.8043478260869565
1064700,0.8043478260869565
1065000,0.8043478260869565
1065300,0.8043478260869565
1065600,0.8043478260869565
1065900,0.8043478260869565
1066200,0.8043478260869565
1066500,0.8043478260869565
1066800,0.8043478260869565
1067100,0.8043478260869565
1067400,0.8043478260869565
1067700,0.8043478260869565
1068000,0.8043478260869565
1068300,0.8043478260869565
1068600,0.8043478260869565
1068900,0.8043478260869565
1069200,0.8043478260869565
1069500,0.8043478260869565
1069800,0.8043478260869565
1070100,0.8043478260869565
1070400,0.8043478260869565
1070700,0.8043478260869565
1071000,0.8043478260869565
1071300,0.8043478260869565
1071600,0.8043478260869565
1071900,0.8043478260869565
1072200,0.8043478260869565
1072500,0.8043478260869565
1072800,0.8043478260869565
1073100,0.8043478260869565
1073400,0.8043478260869565
1073700,0.8043478260869565
1074000,0.8043478260869565
1074300,0.8043478260869565
1074600,0.8043478260869565
1074900,0.8043478260869565
1075200,0.8043478260869565
1075500,0.8043478260869565
1075800,0.8043478260869565
1076100,0.8043478260869565
1076400,0.8043478260869565
1076700,0.8043478260869565
1077000,0.8043478260869565
1077300,0.8043478260869565
1077600,0.8043478260869565
1077900,0.8043478260869565
1078200,0.8043478260869565
1078500,0.8043478260869565
1078800,0.8043478260869565
1079100,0.8043478260869565
1079400,0.8043478260869565
1079700,0.8043478260869565
1080000,0.8043478260869565
1080300,0.8043478260869565
1080600,0.8043478260869565
1080900,0.8043478260869565
1081200,0.8043478260869565
1081500,0.8043478260869565
1081800,0.8043478260869565
1082100,0.8043478260869565
1082400,0.8043478260869565
1082700,0.8043478260869565
1083000,0.8043478260869565
1083300,0.8043478260869565
1083600,0.8043478260869565
1083900,0.8043478260869565
1084200,0.8043478260869565
1084500,0.8043478260869565
1084800,0.8043478260869565
1085100,0.8043478260869565
1085400,0.8043478260869565
1085700,0.8043478260869565
1086000,0.8043478260869565
1086300,0.8043478260869565
1086600,0.8043478260869565
1086900,0.8043478260869565
1087200,0.8043478260869565
1087500,0.8043478260869565
1087800,0.8043478260869565
1088100,0.8043478260869565
1088400,0.8043478260869565
1088700,0.8043478260869565
1089000,0.8043478260869565
1089300,0.8043478260869565
1089600,0.8043478260869565
1089900,0.8043478260869565
1090200,0.8043478260869565
1090500,0.8043478260869565
1090800,0.8043478260869565
1091100,0.8043478260869565
1091400,0.8043478260869565
1091700,0.8043478260869565
1092000,0.8043478260869565
1092300,0.8043478260869565
1092600,0.8043478260869565
1092900,0.8043478260869565
1093200,0.8043478260869565
1093500,0.8043478260869565
1093800,0.8043478260869565
1094100,0.8043478260869565
1094400,0.8043478260869565
1094700,0.8043478260869565
1095000,0.8043478260869565
1095300,0.8043478260869565
1095600,0.8043478260869565
1095900,0.8043478260869565
1096200,0.8043478260869565
1096500,0.8043478260869565
1096800,0.8043478260869565
1097100,0.8043478260869565
1097400,0.8043478260869565
1097700,0.8043478260869565
1098000,0.8043478260869565
1098300,0.8043478260869565
1098600,0.8043478260869565
1098900,0.8043478260869565
1099200,0.8043478260869565
1099500,0.8043478260869565
1099800,0.8043478260869565
1100100,0.8043478260869565
1100400,0.8043478260869565
1100700,0.8043478260869565
1101000,0.8043478260869565
1101300,0.8043478260869565
1101600,0.8043478260869565
1101900,0.8043478260869565
1102200,0.8043478260869565
1102500,0.8043478260869565
1102800,0.8043478260869565
1103100,0.8043478260869565
1103400,0.8043478260869565
1103700,0.8043478260869565
1104000,0.8043478260869565
1104300,0.8043478260869565
1104600,0.8043478260869565
1104900,0.8043478260869565
1105200,0.8043478260869565
1105500,0.8043478260869565
1105800,0.8043478260869565
1106100,0.8043478260869565
1106400,0.8043478260869565
1106700,0.8043478260869565
1107000,0.8043478260869565
1107300,0.8043478260869565
1107600,0.8043478260869565
1107900,0.8043478260869565
1108200,0.8043478260869565
1108500,0.8043478260869565
1108800,0.8043478260869565
1109100,0.8043478260869565
1109400,0.8043478260869565
1109700,0.8043478260869565
1110000,0.8043478260869565
1110300,0.8043478260869565
1110600,0.8043478260869565
1110900,0.8043478260869565
1111200,0.8043478260869565
1111500,0.8043478260869565
1111800,0.8043478260869565
1112100,0.8043478260869565
1112400,0.8043478260869565
1112700,0.8043478260869565
1113000,0.8043478260869565
1113300,0.8043478260869565
1113600,0.8043478260869565
1113900,0.8043478260869565
1114200,0.8043478260869565
1114500,0.8043478260869565
1114800,0.8043478260869565
1115100,0.8043478260869565
1115400,0.8043478260869565
1115700,0.8043478260869565
1116000,0.8043478260869565
1116300,0.8043478260869565
1116600,0.8043478260869565
1116900,0.8043478260869565
1117200,0.8043478260869565
1117500,0.8913043478260869
1117800,0.9130434782608695
1118100,0.9130434782608695
1118400,0.8913043478260869
1118700,0.8913043478260869
1119000,0.9130434782608695
1119300,0.9130434782608695
1119600,0.9347826086956522
1119900,0.9347826086956522
1120200,0.9347826086956522
1120500,0.9347826086956522
1120800,0.9347826086956522
1121100,0.9347826086956522
1121400,0.9347826086956522
1121700,0.9347826086956522
1122000,0.9347826086956522
1122300,0.9130434782608695
1122600,0.9130434782608695
1122900,0.9130434782608695
1123200,0.8913043478260869
1123500,0.8260869565217391
1123800,0.8043478260869565
1124100,0.782608695652174
1124400,0.7608695652173914
1124700,0.6956521739130435
1125000,0.6086956521739131
1125300,0.5434782608695652
1125600,0.5
1125900,0.4782608695652174
1126200,0.45652173913043476
1126500,0.5
1126800,0.5
1127100,0.5
1127400,0.5
1127700,0.5217391304347826
1128000,0.5434782608695652
1128300,0.5434782608695652
1128600,0.4782608695652174
1128900,0.45652173913043476
1129200,0.45652173913043476
1129500,0.4782608695652174
1129800,0.43478260869565216
1130100,0.41304347826086957
1130400,0.4782608695652174
1130700,0.45652173913043476
1131000,0.5217391304347826
1131300,0.45652173913043476
1131600,0.43478260869565216
1131900,0.43478260869565216
1132200,0.41304347826086957
1132500,0.391304347826087
1132800,0.45652173913043476
1133100,0.45652173913043476
1133400,0.4782608695652174
1133700,0.5
1134000,0.5217391304347826
1134300,0.5217391304347826
1134600,0.5652173913043478
1134900,0.5869565217391305
1135200,0.6521739130434783
1135500,0.6521739130434783
1135800,0.6521739130434783
1136100,0.6739130434782609
1136400,0.6739130434782609
1136700,0.6521739130434783
1137000,0.6739130434782609
1137300,0.6739130434782609
1137600,0.6521739130434783
1137900,0.6521739130434783
1138200,0.6521739130434783
1138500,0.6304347826086957
1138800,0.6521739130434783
1139100,0.6304347826086957
1139400,0.6086956521739131
1139700,0.6086956521739131
1140000,0.6086956521739131
1140300,0.6086956521739131
1140600,0.6086956521739131
1140900,0.5869565217391305
1141200,0.5652173913043478
1141500,0.5652173913043478
1141800,0.5652173913043478
1142100,0.5652173913043478
1142400,0.5652173913043478
1142700,0.5434782608695652
1143000,0.5434782608695652
1143300,0.5434782608695652
1143600,0.6304347826086957
1143900,0.6521739130434783
1144200,0.6304347826086957
1144500,0.6086956521739131
1144800,0.6086956521739131
1145100,0.6304347826086957
1145400,0.6086956521739131
1145700,0.6086956521739131
1146000,0.6086956521739131
1146300,0.5869565217391305
1146600,0.5
1146900,0.43478260869565216
1147200,0.41304347826086957
1147500,0.3695652173913043
1147800,0.3695652173913043
1148100,0.30434782608695654
1148400,0.32608695652173914
1148700,0.32608695652173914
1149000,0.30434782608695654
1149300,0.2608695652173913
1149600,0.2391304347826087
1149900,0.2608695652173913
1150200,0.30434782608695654
1150500,0.34782608695652173
1150800,0.3695652173913043
1151100,0.3695652173913043
1151400,0.41304347826086957
1151700,0.43478260869565216
1152000,0.43478260869565216
1152300,0.4782608695652174
1152600,0.5217391304347826
1152900,0.5434782608695652
1153200,0.6521739130434783
1153500,0.6956521739130435
1153800,0.6956521739130435
1154100,0.717391304347826
1154400,0.717391304347826
1154700,0.7391304347826086
1155000,0.7608695652173914
1155300,0.7391304347826086
1155600,0.7391304347826086
1155900,0.7391304347826086
1156200,0.7391304347826086
1156500,0.782608695652174
1156800,0.8260869565217391
1157100,0.8478260869565217
1157400,0.8695652173913043
1157700,0.8695652173913043
1158000,0.8913043478260869
1158300,0.9130434782608695
1158600,0.9347826086956522
1158900,0.9130434782608695
1159200,0.9130434782608695
1159500,0.9130434782608695
1159800,0.9130434782608695
1160100,0.9130434782608695
1160400,0.8913043478260869
1160700,0.8913043478260869
1161000,0.8695652173913043
1161300,0.8695652173913043
1161600,0.8695652173913043
1161900,0.8695652173913043
1162200,0.8478260869565217
1162500,0.8478260869565217
1162800,0.8478260869565217
1163100,0.8260869565217391
1163400,0.8260869565217391
1163700,0.8043478260869565
1164000,0.8260869565217391
1164300,0.8478260869565217
1164600,0.8695652173913043
1164900,0.8260869565217391
1165200,0.8260869565217391
1165500,0.8043478260869565
1165800,0.8043478260869565
1166100,0.8695652173913043
1166400,0.8478260869565217
1166700,0.8043478260869565
1167000,0.717391304347826
1167300,0.6956521739130435
1167600,0.5869565217391305
1167900,0.5869565217391305
1168200,0.5
1168500,0.5
1168800,0.45652173913043476
1169100,0.4782608695652174
1169400,0.4782608695652174
1169700,0.45652173913043476
1170000,0.4782608695652174
1170300,0.5
1170600,0.5
1170900,0.5217391304347826
1171200,0.45652173913043476
1171500,0.45652173913043476
1171800,0.4782608695652174
1172100,0.45652173913043476
1172400,0.4782608695652174
1172700,0.4782608695652174
1173000,0.43478260869565216
1173300,0.43478260869565216
1173600,0.4782608695652174
1173900,0.5
1174200,0.6086956521739131
1174500,0.6739130434782609
1174800,0.7391304347826086
1175100,0.7391304347826086
1175400,0.7391304347826086
1175700,0.7391304347826086
1176000,0.7608695652173914
1176300,0.8043478260869565
1176600,0.8260869565217391
1176900,0.8260869565217391
1177200,0.8260869565217391
1177500,0.8260869565217391
1177800,0.8260869565217391
1178100,0.8913043478260869
1178400,0.9130434782608695
1178700,0.8478260869565217
1179000,0.8478260869565217
1179300,0.8695652173913043
1179600,0.8695652173913043
1179900,0.8695652173913043
1180200,0.8913043478260869
1180500,0.8695652173913043
1180800,0.8695652173913043
1181100,0.8695652173913043
1181400,0.8695652173913043
1181700,0.8913043478260869
1182000,0.8913043478260869
1182300,0.8913043478260869
1182600,0.8913043478260869
1182900,0.8913043478260869
1183200,0.8695652173913043
1183500,0.8913043478260869
1183800,0.8695652173913043
1184100,0.9130434782608695
1184400,0.9130434782608695
1184700,0.8913043478260869
1185000,0.8913043478260869
1185300,0.9347826086956522
1185600,0.9565217391304348
1185900,0.9565217391304348
1186200,0.9347826086956522
1186500,0.9347826086956522
1186800,0.9130434782608695
1187100,0.9130434782608695
1187400,0.9130434782608695
1187700,0.9130434782608695
1188000,0.9130434782608695
1188300,0.9130434782608695
1188600,0.9347826086956522
1188900,0.9347826086956522
1189200,0.9347826086956522
1189500,0.9347826086956522
1189800,0.9347826086956522
1190100,0.9347826086956522
1190400,0.9130434782608695
1190700,0.9347826086956522
1191000,0.9130434782608695
1191300,0.9130434782608695
1191600,0.8695652173913043
1191900,0.8478260869565217
1192200,0.8043478260869565
1192500,0.782608695652174
1192800,0.7608695652173914
1193100,0.7608695652173914
1193400,0.7391304347826086
1193700,0.717391304347826
1194000,0.782608695652174
1194300,0.8043478260869565
1194600,0.8260869565217391
1194900,0.8260869565217391
1195200,0.8478260869565217
1195500,0.8478260869565217
1195800,0.8695652173913043
1196100,0.9130434782608695
1196400,0.9130434782608695
1196700,0.8913043478260869
1197000,0.7608695652173914
1197300,0.8478260869565217
1197600,0.8478260869565217
1197900,0.8478260869565217
1198200,0.8695652173913043
1198500,0.8478260869565217
1198800,0.9130434782608695
1199100,0.8695652173913043
1199400,0.8478260869565217
1199700,0.8260869565217391
1200000,0.8043478260869565
1200300,0.8260869565217391
1200600,0.8478260869565217
1200900,0.8260869565217391
1201200,0.8260869565217391
1201500,0.8043478260869565
1201800,0.8478260869565217
1202100,0.8695652173913043
1202400,0.8695652173913043
1202700,0.8695652173913043
1203000,0.8260869565217391
1203300,0.8260869565217391
1203600,0.8478260869565217
1203900,0.8260869565217391
1204200,0.8478260869565217
1204500,0.8478260869565217
1204800,0.8478260869565217
1205100,0.8260869565217391
1205400,0.8260869565217391
1205700,0.8043478260869565
1206000,0.8260869565217391
1206300,0.8478260869565217
1206600,0.8260869565217391
1206900,0.8260869565217391
1207200,0.8478260869565217
1207500,0.8478260869565217
1207800,0.782608695652174
1208100,0.782608695652174
1208400,0.8260869565217391
1208700,0.782608695652174
1209000,0.8043478260869565
1209300,0.8043478260869565
1209600,0.8260869565217391
1209900,0.782608695652174
1210200,0.7391304347826086
1210500,0.7391304347826086
1210800,0.6956521739130435
1211100,0.5652173913043478
1211400,0.6304347826086957
1211700,0.6086956521739131
1212000,0.5434782608695652
1212300,0.5
1212600,0.4782608695652174
1212900,0.45652173913043476
1213200,0.45652173913043476
1213500,0.5217391304347826
1213800,0.5217391304347826
1214100,0.5
1214400,0.4782608695652174
1214700,0.5
1215000,0.5
1215300,0.43478260869565216
1215600,0.45652173913043476
1215900,0.4782608695652174
1216200,0.45652173913043476
1216500,0.5652173913043478
1216800,0.5
1217100,0.5
1217400,0.5
1217700,0.5
1218000,0.5
1218300,0.5
1218600,0.4782608695652174
1218900,0.4782608695652174
1219200,0.4782608695652174
1219500,0.45652173913043476
1219800,0.4782608695652174
1220100,0.4782608695652174
1220400,0.5
1220700,0.5
1221000,0.4782608695652174
1221300,0.4782608695652174
1221600,0.45652173913043476
1221900,0.45652173913043476
1222200,0.45652173913043476
1222500,0.45652173913043476
1222800,0.4782608695652174
1223100,0.45652173913043476
1223400,0.43478260869565216
1223700,0.41304347826086957
1224000,0.41304347826086957
1224300,0.41304347826086957
1224600,0.391304347826087
1224900,0.3695652173913043
1225200,0.391304347826087
1225500,0.41304347826086957
1225800,0.41304347826086957
1226100,0.41304347826086957
1226400,0.45652173913043476
1226700,0.4782608695652174
1227000,0.5
1227300,0.5
1227600,0.5
1227900,0.5
1228200,0.4782608695652174
1228500,0.4782608695652174
1228800,0.4782608695652174
1229100,0.5
1229400,0.5
1229700,0.5217391304347826
1230000,0.5217391304347826
1230300,0.5217391304347826
1230600,0.5
1230900,0.5434782608695652
1231200,0.5434782608695652
1231500,0.5434782608695652
1231800,0.5217391304347826
1232100,0.5217391304347826
1232400,0.5217391304347826
1232700,0.5217391304347826
1233000,0.4782608695652174
1233300,0.4782608695652174
1233600,0.45652173913043476
1233900,0.43478260869565216
1234200,0.41304347826086957
1234500,0.391304347826087
1234800,0.34782608695652173
1235100,0.32608695652173914
1235400,0.32608695652173914
1235700,0.32608695652173914
1236000,0.32608695652173914
1236300,0.32608695652173914
1236600,0.30434782608695654
1236900,0.34782608695652173
1237200,0.41304347826086957
1237500,0.4782608695652174
1237800,0.45652173913043476
1238100,0.5434782608695652
1238400,0.5217391304347826
1238700,0.5434782608695652
1239000,0.5652173913043478
1239300,0.5869565217391305
1239600,0.6304347826086957
1239900,0.6304347826086957
1240200,0.6304347826086957
1240500,0.6739130434782609
1240800,0.717391304347826
1241100,0.7391304347826086
1241400,0.7608695652173914
1241700,0.782608695652174
1242000,0.8043478260869565
1242300,0.8043478260869565
1242600,0.8043478260869565
1242900,0.782608695652174
1243200,0.8043478260869565
1243500,0.8043478260869565
1243800,0.8260869565217391
1244100,0.8478260869565217
1244400,0.8478260869565217
1244700,0.8478260869565217
1245000,0.8478260869565217
1245300,0.8478260869565217
1245600,0.8478260869565217
1245900,0.8260869565217391
1246200,0.8260869565217391
1246500,0.8260869565217391
1246800,0.8260869565217391
1247100,0.8043478260869565
1247400,0.8043478260869565
1247700,0.7608695652173914
1248000,0.7608695652173914
1248300,0.782608695652174
1248600,0.782608695652174
1248900,0.782608695652174
1249200,0.782608695652174
1249500,0.8043478260869565
1249800,0.8043478260869565
1250100,0.8043478260869565
1250400,0.8043478260869565
1250700,0.8260869565217391
1251000,0.8260869565217391
1251300,0.8260869565217391
1251600,0.8043478260869565
1251900,0.8043478260869565
1252200,0.8043478260869565
1252500,0.782608695652174
1252800,0.782608695652174
1253100,0.6304347826086957
1253400,0.5869565217391305
1253700,0.5
1254000,0.5217391304347826
1254300,0.5
1254600,0.5217391304347826
1254900,0.5217391304347826
1255200,0.45652173913043476
1255500,0.45652173913043476
1255800,0.5
1256100,0.5
1256400,0.45652173913043476
1256700,0.4782608695652174
1257000,0.391304347826087
1257300,0.43478260869565216
1257600,0.391304347826087
1257900,0.41304347826086957
1258200,0.3695652173913043
1258500,0.3695652173913043
1258800,0.391304347826087
1259100,0.45652173913043476
1259400,0.5434782608695652
1259700,0.5434782608695652
1260000,0.6086956521739131
1260300,0.6086956521739131
1260600,0.5869565217391305
1260900,0.6521739130434783
1261200,0.6304347826086957
1261500,0.6956521739130435
1261800,0.7391304347826086
1262100,0.7608695652173914
1262400,0.782608695652174
1262700,0.8043478260869565
1263000,0.8043478260869565
1263300,0.8260869565217391
1263600,0.8478260869565217
1263900,0.8695652173913043
1264200,0.8913043478260869
1264500,0.8695652173913043
1264800,0.9130434782608695
1265100,0.8913043478260869
1265400,0.8913043478260869
1265700,0.9130434782608695
1266000,0.8913043478260869
1266300,0.8913043478260869
1266600,0.8913043478260869
1266900,0.8913043478260869
1267200,0.9347826086956522
1267500,0.9347826086956522
1267800,0.9347826086956522
1268100,0.9130434782608695
1268400,0.9130434782608695
1268700,0.8695652173913043
1269000,0.8695652173913043
1269300,0.782608695652174
1269600,0.7608695652173914
1269900,0.782608695652174
1270200,0.8043478260869565
1270500,0.782608695652174
1270800,0.8043478260869565
1271100,0.8260869565217391
1271400,0.8478260869565217
1271700,0.8478260869565217
1272000,0.8913043478260869
1272300,0.9130434782608695
1272600,0.9130434782608695
1272900,0.9130434782608695
1273200,0.9565217391304348
1273500,0.9347826086956522
1273800,0.9347826086956522
1274100,0.9347826086956522
1274400,0.9347826086956522
1274700,0.9782608695652174
1275000,0.9782608695652174
1275300,0.9565217391304348
1275600,0.9565217391304348
1275900,0.9565217391304348
1276200,0.9347826086956522
1276500,0.9347826086956522
1276800,0.9347826086956522
1277100,0.9782608695652174
1277400,0.9782608695652174
1277700,0.9782608695652174
1278000,0.9782608695652174
1278300,0.9565217391304348
1278600,0.8913043478260869
1278900,0.9130434782608695
1279200,0.8695652173913043
1279500,0.8695652173913043
1279800,0.8478260869565217
1280100,0.8260869565217391
1280400,0.8478260869565217
1280700,0.8260869565217391
1281000,0.8260869565217391
1281300,0.782608695652174
1281600,0.8043478260869565
1281900,0.8260869565217391
1282200,0.8260869565217391
1282500,0.8043478260869565
1282800,0.782608695652174
1283100,0.7608695652173914
1283400,0.7391304347826086
1283700,0.782608695652174
1284000,0.8260869565217391
1284300,0.782608695652174
1284600,0.782608695652174
1284900,0.7391304347826086
1285200,0.7391304347826086
1285500,0.6956521739130435
1285800,0.6956521739130435
1286100,0.6956521739130435
1286400,0.6956521739130435
1286700,0.717391304347826
1287000,0.7391304347826086
1287300,0.717391304347826
1287600,0.7391304347826086
1287900,0.7608695652173914
1288200,0.8260869565217391
1288500,0.8260869565217391
1288800,0.8260869565217391
1289100,0.8478260869565217
1289400,0.8695652173913043
1289700,0.8695652173913043
1290000,0.8695652173913043
1290300,0.8695652173913043
1290600,0.8695652173913043
1290900,0.8695652173913043
1291200,0.8260869565217391
1291500,0.8260869565217391
1291800,0.8260869565217391
1292100,0.8260869565217391
1292400,0.8260869565217391
1292700,0.8260869565217391
1293000,0.782608695652174
1293300,0.782608695652174
1293600,0.7608695652173914
1293900,0.7608695652173914
1294200,0.7608695652173914
1294500,0.8043478260869565
1294800,0.8043478260869565
1295100,0.8260869565217391
1295400,0.8260869565217391
1295700,0.8695652173913043
1296000,0.8260869565217391
1296300,0.8043478260869565
1296600,0.8043478260869565
1296900,0.782608695652174
1297200,0.717391304347826
1297500,0.6739130434782609
1297800,0.6739130434782609
1298100,0.5652173913043478
1298400,0.5217391304347826
1298700,0.5217391304347826
1299000,0.45652173913043476
1299300,0.41304347826086957
1299600,0.41304347826086957
1299900,0.41304347826086957
1300200,0.391304347826087
1300500,0.34782608695652173
1300800,0.34782608695652173
1301100,0.34782608695652173
1301400,0.30434782608695654
1301700,0.34782608695652173
1302000,0.3695652173913043
1302300,0.391304347826087
1302600,0.34782608695652173
1302900,0.3695652173913043
1303200,0.4782608695652174
1303500,0.45652173913043476
1303800,0.43478260869565216
1304100,0.41304347826086957
1304400,0.43478260869565216
1304700,0.43478260869565216
1305000,0.41304347826086957
1305300,0.3695652173913043
1305600,0.34782608695652173
1305900,0.34782608695652173
1306200,0.34782608695652173
1306500,0.3695652173913043
1306800,0.391304347826087
1307100,0.41304347826086957
1307400,0.43478260869565216
1307700,0.43478260869565216
1308000,0.5
1308300,0.5
1308600,0.5
1308900,0.5217391304347826
1309200,0.5217391304347826
1309500,0.5
1309800,0.4782608695652174
1310100,0.45652173913043476
1310400,0.45652173913043476
1310700,0.45652173913043476
1311000,0.45652173913043476
1311300,0.43478260869565216
1311600,0.45652173913043476
1311900,0.45652173913043476
1312200,0.41304347826086957
1312500,0.41304347826086957
1312800,0.41304347826086957
1313100,0.41304347826086957
1313400,0.45652173913043476
1313700,0.43478260869565216
1314000,0.43478260869565216
1314300,0.43478260869565216
1314600,0.45652173913043476
1314900,0.43478260869565216
1315200,0.43478260869565216
1315500,0.43478260869565216
1315800,0.45652173913043476
1316100,0.43478260869565216
1316400,0.41304347826086957
1316700,0.43478260869565216
1317000,0.5
1317300,0.4782608695652174
1317600,0.4782608695652174
1317900,0.4782608695652174
1318200,0.45652173913043476
1318500,0.45652173913043476
1318800,0.5
1319100,0.45652173913043476
1319400,0.43478260869565216
1319700,0.41304347826086957
1320000,0.391304347826087
1320300,0.391304347826087
1320600,0.41304347826086957
1320900,0.43478260869565216
1321200,0.34782608695652173
1321500,0.32608695652173914
1321800,0.34782608695652173
1322100,0.32608695652173914
1322400,0.34782608695652173
1322700,0.30434782608695654
1323000,0.3695652173913043
1323300,0.41304347826086957
1323600,0.43478260869565216
1323900,0.43478260869565216
1324200,0.43478260869565216
1324500,0.45652173913043476
1324800,0.45652173913043476
1325100,0.5652173913043478
1325400,0.5652173913043478
1325700,0.5434782608695652
1326000,0.5652173913043478
1326300,0.5652173913043478
1326600,0.5652173913043478
1326900,0.5434782608695652
1327200,0.5652173913043478
1327500,0.5652173913043478
1327800,0.5434782608695652
1328100,0.5
1328400,0.5
1328700,0.5652173913043478
1329000,0.5652173913043478
1329300,0.5869565217391305
1329600,0.6086956521739131
1329900,0.5869565217391305
1330200,0.6086956521739131
1330500,0.6739130434782609
1330800,0.6304347826086957
1331100,0.6304347826086957
1331400,0.6304347826086957
1331700,0.6521739130434783
1332000,0.6956521739130435
1332300,0.7608695652173914
1332600,0.7608695652173914
1332900,0.782608695652174
1333200,0.8043478260869565
1333500,0.8260869565217391
1333800,0.8260869565217391
1334100,0.8478260869565217
1334400,0.8478260869565217
1334700,0.8913043478260869
1335000,0.8913043478260869
1335300,0.9347826086956522
1335600,0.9565217391304348
1335900,0.9347826086956522
1336200,0.9130434782608695
1336500,0.8695652173913043
1336800,0.8695652173913043
1337100,0.8695652173913043
1337400,0.9347826086956522
1337700,0.9347826086956522
1338000,0.9565217391304348
1338300,0.9347826086956522
1338600,0.9130434782608695
1338900,0.9130434782608695
1339200,0.9130434782608695
1339500,0.8478260869565217
1339800,0.7608695652173914
1340100,0.6956521739130435
1340400,0.6956521739130435
1340700,0.6956521739130435
1341000,0.6956521739130435
1341300,0.6956521739130435
1341600,0.6956521739130435
1341900,0.6304347826086957
1342200,0.6304347826086957
1342500,0.6304347826086957
1342800,0.5434782608695652
1343100,0.5434782608695652
1343400,0.5869565217391305
1343700,0.6086956521739131
1344000,0.6304347826086957
1344300,0.5869565217391305
1344600,0.6086956521739131
1344900,0.6086956521739131
1345200,0.6521739130434783
1345500,0.6304347826086957
1345800,0.5869565217391305
1346100,0.5869565217391305
1346400,0.6304347826086957
1346700,0.6086956521739131
1347000,0.6304347826086957
1347300,0.6304347826086957
1347600,0.6739130434782609
1347900,0.6956521739130435
1348200,0.7608695652173914
1348500,0.7608695652173914
1348800,0.7608695652173914
1349100,0.7608695652173914
1349400,0.782608695652174
1349700,0.8260869565217391
1350000,0.8043478260869565
1350300,0.8260869565217391
1350600,0.8260869565217391
1350900,0.8478260869565217
1351200,0.8260869565217391
1351500,0.8043478260869565
1351800,0.8043478260869565
1352100,0.8043478260869565
1352400,0.8478260869565217
1352700,0.8478260869565217
1353000,0.8478260869565217
1353300,0.8478260869565217
1353600,0.8260869565217391
1353900,0.8478260869565217
1354200,0.8695652173913043
1354500,0.8695652173913043
1354800,0.8695652173913043
1355100,0.8478260869565217
1355400,0.8478260869565217
1355700,0.8695652173913043
1356000,0.8260869565217391
1356300,0.8478260869565217
1356600,0.8478260869565217
1356900,0.8260869565217391
1357200,0.8478260869565217
1357500,0.8478260869565217
1357800,0.8695652173913043
1358100,0.9130434782608695
1358400,0.9347826086956522
1358700,0.9347826086956522
1359000,0.9565217391304348
1359300,0.9565217391304348
1359600,0.9565217391304348
1359900,0.9565217391304348
1360200,0.9565217391304348
1360500,0.9565217391304348
1360800,0.9565217391304348
1361100,0.9565217391304348
1361400,0.9565217391304348
1361700,0.9565217391304348
1362000,0.9782608695652174
1362300,0.9782608695652174
1362600,0.9782608695652174
1362900,0.9782608695652174
1363200,0.9782608695652174
1363500,0.9565217391304348
1363800,0.9565217391304348
1364100,0.9565217391304348
1364400,0.9347826086956522
1364700,0.9347826086956522
1365000,0.9347826086956522
1365300,0.9130434782608695
1365600,0.8913043478260869
1365900,0.8478260869565217
1366200,0.6521739130434783
1366500,0.6521739130434783
1366800,0.6521739130434783
1367100,0.45652173913043476
1367400,0.4782608695652174
1367700,0.7391304347826086
1368000,0.782608695652174
1368300,0.7391304347826086
1368600,0.7608695652173914
1368900,0.7391304347826086
1369200,0.7608695652173914
1369500,0.7391304347826086
1369800,0.717391304347826
1370100,0.7608695652173914
1370400,0.782608695652174
1370700,0.782608695652174
1371000,0.8043478260869565
1371300,0.782608695652174
1371600,0.6956521739130435
1371900,0.717391304347826
1372200,0.7391304347826086
1372500,0.7608695652173914
1372800,0.782608695652174
1373100,0.8043478260869565
1373400,0.782608695652174
1373700,0.782608695652174
1374000,0.782608695652174
1374300,0.8043478260869565
1374600,0.8260869565217391
1374900,0.8043478260869565
1375200,0.8043478260869565
1375500,0.8043478260869565
1375800,0.8043478260869565
1376100,0.8260869565217391
1376400,0.8260869565217391
1376700,0.8478260869565217
1377000,0.8913043478260869
1377300,0.8695652173913043
1377600,0.8695652173913043
1377900,0.8478260869565217
1378200,0.8260869565217391
1378500,0.8260869565217391
1378800,0.8260869565217391
1379100,0.8260869565217391
1379400,0.8043478260869565
1379700,0.8260869565217391
1380000,0.8043478260869565
1380300,0.8043478260869565
1380600,0.8043478260869565
1380900,0.8260869565217391
1381200,0.8478260869565217
1381500,0.8695652173913043
1381800,0.8695652173913043
1382100,0.8695652173913043
1382400,0.8695652173913043
1382700,0.782608695652174
1383000,0.7608695652173914
1383300,0.717391304347826
1383600,0.717391304347826
1383900,0.7391304347826086
1384200,0.717391304347826
1384500,0.6956521739130435
1384800,0.6521739130434783
1385100,0.6521739130434783
1385400,0.6304347826086957
1385700,0.6086956521739131
1386000,0.5869565217391305
1386300,0.5652173913043478
1386600,0.5652173913043478
1386900,0.5434782608695652
1387200,0.5
1387500,0.5
1387800,0.5
1388100,0.5
1388400,0.5
1388700,0.5217391304347826
1389000,0.5434782608695652
1389300,0.5434782608695652
1389600,0.5217391304347826
1389900,0.5
1390200,0.5652173913043478
1390500,0.5434782608695652
1390800,0.5217391304347826
1391100,0.5652173913043478
1391400,0.5434782608695652
1391700,0.5434782608695652
1392000,0.5434782608695652
1392300,0.5434782608695652
1392600,0.5652173913043478
1392900,0.5434782608695652
1393200,0.5652173913043478
1393500,0.5652173913043478
1393800,0.5652173913043478
1394100,0.5652173913043478
1394400,0.5434782608695652
1394700,0.5217391304347826
1395000,0.5434782608695652
1395300,0.5434782608695652
1395600,0.5217391304347826
1395900,0.5217391304347826
1396200,0.5217391304347826
1396500,0.5652173913043478
1396800,0.5869565217391305
1397100,0.5869565217391305
1397400,0.5869565217391305
1397700,0.5869565217391305
1398000,0.5869565217391305
1398300,0.5869565217391305
1398600,0.5869565217391305
1398900,0.6086956521739131
1399200,0.5869565217391305
1399500,0.6304347826086957
1399800,0.6304347826086957
1400100,0.6304347826086957
1400400,0.5652173913043478
1400700,0.5869565217391305
1401000,0.5652173913043478
1401300,0.5652173913043478
1401600,0.5869565217391305
1401900,0.6086956521739131
1402200,0.6304347826086957
1402500,0.6304347826086957
1402800,0.5869565217391305
1403100,0.5869565217391305
1403400,0.5434782608695652
1403700,0.5869565217391305
1404000,0.5434782608695652
1404300,0.4782608695652174
1404600,0.5
1404900,0.5
1405200,0.5
1405500,0.5217391304347826
1405800,0.5652173913043478
1406100,0.5869565217391305
1406400,0.6304347826086957
1406700,0.6521739130434783
1407000,0.6956521739130435
1407300,0.717391304347826
1407600,0.717391304347826
1407900,0.6521739130434783
1408200,0.6956521739130435
1408500,0.6739130434782609
1408800,0.6956521739130435
1409100,0.6521739130434783
1409400,0.6304347826086957
1409700,0.6086956521739131
1410000,0.5869565217391305
1410300,0.5869565217391305
1410600,0.5869565217391305
1410900,0.5869565217391305
1411200,0.5869565217391305
1411500,0.5652173913043478
1411800,0.5652173913043478
1412100,0.6521739130434783
1412400,0.6956521739130435
1412700,0.6521739130434783
1413000,0.6521739130434783
1413300,0.6956521739130435
1413600,0.6739130434782609
1413900,0.6956521739130435
1414200,0.717391304347826
1414500,0.717391304347826
1414800,0.7391304347826086
1415100,0.717391304347826
1415400,0.717391304347826
1415700,0.717391304347826
1416000,0.6956521739130435
1416300,0.6956521739130435
1416600,0.6956521739130435
1416900,0.6956521739130435
1417200,0.717391304347826
1417500,0.7391304347826086
1417800,0.7391304347826086
1418100,0.782608695652174
1418400,0.8043478260869565
1418700,0.8043478260869565
1419000,0.8043478260869565
1419300,0.8043478260869565
1419600,0.8043478260869565
1419900,0.8260869565217391
1420200,0.8260869565217391
1420500,0.8043478260869565
1420800,0.8260869565217391
1421100,0.8478260869565217
1421400,0.8478260869565217
1421700,0.8478260869565217
1422000,0.8695652173913043
1422300,0.8695652173913043
1422600,0.8695652173913043
1422900,0.8695652173913043
1423200,0.8695652173913043
1423500,0.8695652173913043
1423800,0.8478260869565217
1424100,0.9130434782608695
1424400,0.9130434782608695
1424700,0.8913043478260869
1425000,0.9130434782608695
1425300,0.9130434782608695
1425600,0.8478260869565217
1425900,0.7608695652173914
1426200,0.7608695652173914
1426500,0.6739130434782609
1426800,0.6521739130434783
1427100,0.6739130434782609
1427400,0.6304347826086957
1427700,0.6304347826086957
1428000,0.5869565217391305
1428300,0.5652173913043478
1428600,0.5217391304347826
1428900,0.5217391304347826
1429200,0.5217391304347826
1429500,0.5217391304347826
1429800,0.5652173913043478
1430100,0.5434782608695652
1430400,0.5652173913043478
1430700,0.6086956521739131
1431000,0.5869565217391305
1431300,0.5652173913043478
1431600,0.5652173913043478
1431900,0.5434782608695652
1432200,0.5652173913043478
1432500,0.5869565217391305
1432800,0.6304347826086957
1433100,0.6739130434782609
1433400,0.6956521739130435
1433700,0.6956521739130435
1434000,0.6956521739130435
1434300,0.7608695652173914
1434600,0.7608695652173914
1434900,0.7608695652173914
1435200,0.7608695652173914
1435500,0.8043478260869565
1435800,0.8260869565217391
1436100,0.8043478260869565
1436400,0.782608695652174
1436700,0.8043478260869565
1437000,0.8260869565217391
1437300,0.8260869565217391
1437600,0.8478260869565217
1437900,0.8913043478260869
1438200,0.8913043478260869
1438500,0.8913043478260869
1438800,0.8695652173913043
1439100,0.8695652173913043
1439400,0.8913043478260869
1439700,0.8695652173913043
1440000,0.8478260869565217
1440300,0.8478260869565217
1440600,0.8478260869565217
1440900,0.8478260869565217
1441200,0.8913043478260869
1441500,0.8913043478260869
1441800,0.8913043478260869
1442100,0.8913043478260869
1442400,0.8913043478260869
1442700,0.8695652173913043
1443000,0.8695652173913043
1443300,0.8913043478260869
1443600,0.8913043478260869
1443900,0.8913043478260869
1444200,0.9130434782608695
1444500,0.9130434782608695
1444800,0.9130434782608695
1445100,0.9347826086956522
1445400,0.9347826086956522
1445700,0.9347826086956522
1446000,0.9347826086956522
1446300,0.9347826086956522
1446600,0.9347826086956522
1446900,0.9347826086956522
1447200,0.9347826086956522
1447500,0.9347826086956522
1447800,0.9347826086956522
1448100,0.9347826086956522
1448400,0.9130434782608695
1448700,0.9130434782608695
1449000,0.8913043478260869
1449300,0.8913043478260869
1449600,0.8695652173913043
1449900,0.8695652173913043
1450200,0.8478260869565217
1450500,0.8478260869565217
1450800,0.8478260869565217
1451100,0.8478260869565217
1451400,0.8695652173913043
1451700,0.8478260869565217
1452000,0.8478260869565217
1452300,0.8043478260869565
1452600,0.8260869565217391
1452900,0.8260869565217391
1453200,0.8478260869565217
1453500,0.8043478260869565
1453800,0.7608695652173914
1454100,0.7608695652173914
1454400,0.7608695652173914
1454700,0.782608695652174
1455000,0.8260869565217391
1455300,0.8260869565217391
1455600,0.8695652173913043
1455900,0.8695652173913043
1456200,0.8695652173913043
1456500,0.8478260869565217
1456800,0.8478260869565217
1457100,0.8260869565217391
1457400,0.8260869565217391
1457700,0.8260869565217391
1458000,0.8260869565217391
1458300,0.782608695652174
1458600,0.7391304347826086
1458900,0.7391304347826086
1459200,0.717391304347826
1459500,0.717391304347826
1459800,0.6739130434782609
1460100,0.6739130434782609
1460400,0.717391304347826
1460700,0.7391304347826086
1461000,0.717391304347826
1461300,0.717391304347826
1461600,0.717391304347826
1461900,0.717391304347826
1462200,0.7391304347826086
1462500,0.7391304347826086
1462800,0.8260869565217391
1463100,0.8478260869565217
1463400,0.8260869565217391
1463700,0.8478260869565217
1464000,0.8260869565217391
1464300,0.8043478260869565
1464600,0.8695652173913043
1464900,0.8478260869565217
1465200,0.8695652173913043
1465500,0.8478260869565217
1465800,0.8478260869565217
1466100,0.8260869565217391
1466400,0.782608695652174
1466700,0.8043478260869565
1467000,0.782608695652174
1467300,0.7391304347826086
1467600,0.8043478260869565
1467900,0.8043478260869565
1468200,0.782608695652174
1468500,0.8043478260869565
1468800,0.8043478260869565
1469100,0.782608695652174
1469400,0.7391304347826086
1469700,0.7391304347826086
1470000,0.6956521739130435
1470300,0.6739130434782609
1470600,0.6521739130434783
1470900,0.7391304347826086
1471200,0.717391304347826
1471500,0.7391304347826086
1471800,0.6956521739130435
1472100,0.6739130434782609
1472400,0.6956521739130435
1472700,0.6739130434782609
1473000,0.6739130434782609
1473300,0.6304347826086957
1473600,0.5869565217391305
1473900,0.5
1474200,0.4782608695652174
1474500,0.43478260869565216
1474800,0.43478260869565216
1475100,0.45652173913043476
1475400,0.41304347826086957
1475700,0.41304347826086957
1476000,0.3695652173913043
1476300,0.41304347826086957
1476600,0.3695652173913043
1476900,0.3695652173913043
1477200,0.41304347826086957
1477500,0.4782608695652174
1477800,0.45652173913043476
1478100,0.43478260869565216
1478400,0.5
1478700,0.5217391304347826
1479000,0.6086956521739131
1479300,0.6521739130434783
1479600,0.6521739130434783
1479900,0.6739130434782609
1480200,0.6521739130434783
1480500,0.717391304347826
1480800,0.6739130434782609
1481100,0.6521739130434783
1481400,0.6521739130434783
1481700,0.6304347826086957
1482000,0.6521739130434783
1482300,0.6304347826086957
1482600,0.6304347826086957
1482900,0.6521739130434783
1483200,0.6521739130434783
1483500,0.6956521739130435
1483800,0.6956521739130435
1484100,0.717391304347826
1484400,0.717391304347826
1484700,0.6956521739130435
1485000,0.6956521739130435
1485300,0.6956521739130435
1485600,0.6956521739130435
1485900,0.717391304347826
1486200,0.717391304347826
1486500,0.717391304347826
1486800,0.717391304347826
1487100,0.7391304347826086
1487400,0.7391304347826086
1487700,0.7391304347826086
1488000,0.7391304347826086
1488300,0.7391304347826086
1488600,0.7391304347826086
1488900,0.7391304347826086
1489200,0.7391304347826086
1489500,0.7391304347826086
1489800,0.7391304347826086
1490100,0.7391304347826086
1490400,0.7391304347826086
1490700,0.7391304347826086
1491000,0.7391304347826086
1491300,0.7391304347826086
1491600,0.7391304347826086
1491900,0.7391304347826086
1492200,0.7391304347826086
1492500,0.7391304347826086
1492800,0.7391304347826086
1493100,0.7391304347826086
1493400,0.7391304347826086
1493700,0.7391304347826086
1494000,0.7391304347826086
1494300,0.7391304347826086
1494600,0.7391304347826086
1494900,0.7391304347826086
1495200,0.7391304347826086
1495500,0.7391304347826086
1495800,0.7391304347826086
1496100,0.7391304347826086
1496400,0.7391304347826086
1496700,0.7391304347826086
1497000,0.7391304347826086
1497300,0.7391304347826086
1497600,0.7391304347826086
1497900,0.7391304347826086
1498200,0.7391304347826086
1498500,0.8260869565217391
1498800,0.8478260869565217
1499100,0.8260869565217391
1499400,0.8260869565217391
1499700,0.8260869565217391
1500000,0.8478260869565217
1500300,0.8260869565217391
1500600,0.8260869565217391
1500900,0.8043478260869565
1501200,0.8043478260869565
1501500,0.782608695652174
1501800,0.8260869565217391
1502100,0.8478260869565217
1502400,0.8478260869565217
1502700,0.8260869565217391
1503000,0.8478260869565217
1503300,0.8478260869565217
1503600,0.8478260869565217
1503900,0.8478260869565217
1504200,0.8260869565217391
1504500,0.8043478260869565
1504800,0.782608695652174
1505100,0.7608695652173914
1505400,0.7391304347826086
1505700,0.7391304347826086
1506000,0.7391304347826086
1506300,0.7608695652173914
1506600,0.782608695652174
1506900,0.782608695652174
1507200,0.782608695652174
1507500,0.8043478260869565
1507800,0.782608695652174
1508100,0.8043478260869565
1508400,0.8043478260869565
1508700,0.8043478260869565
1509000,0.782608695652174
1509300,0.782608695652174
1509600,0.782608695652174
1509900,0.782608695652174
1510200,0.8260869565217391
1510500,0.8260869565217391
1510800,0.8478260869565217
1511100,0.8478260869565217
1511400,0.8695652173913043
1511700,0.8260869565217391
1512000,0.8260869565217391
1512300,0.8043478260869565
1512600,0.7608695652173914
1512900,0.6521739130434783
1513200,0.5869565217391305
1513500,0.5434782608695652
1513800,0.5434782608695652
1514100,0.4782608695652174
1514400,0.41304347826086957
1514700,0.34782608695652173
1515000,0.30434782608695654
1515300,0.2608695652173913
1515600,0.2826086956521739
1515900,0.2608695652173913
1516200,0.2608695652173913
1516500,0.17391304347826086
1516800,0.1956521739130435
1517100,0.15217391304347827
1517400,0.1956521739130435
1517700,0.17391304347826086
1518000,0.21739130434782608
1518300,0.2391304347826087
1518600,0.2608695652173913
1518900,0.4782608695652174
1519200,0.43478260869565216
1519500,0.45652173913043476
1519800,0.5217391304347826
1520100,0.5652173913043478
1520400,0.6086956521739131
1520700,0.6521739130434783
1521000,0.717391304347826
1521300,0.717391304347826
1521600,0.7391304347826086
1521900,0.782608695652174
1522200,0.7608695652173914
1522500,0.782608695652174
1522800,0.8043478260869565
1523100,0.8260869565217391
1523400,0.8260869565217391
1523700,0.8043478260869565
1524000,0.8260869565217391
1524300,0.8695652173913043
1524600,0.8695652173913043
1524900,0.8695652173913043
1525200,0.8913043478260869
1525500,0.8913043478260869
1525800,0.8695652173913043
1526100,0.8695652173913043
1526400,0.8913043478260869
1526700,0.8913043478260869
1527000,0.8913043478260869
1527300,0.8913043478260869
1527600,0.8913043478260869
1527900,0.8695652173913043
1528200,0.8913043478260869
1528500,0.8913043478260869
1528800,0.9130434782608695
1529100,0.9130434782608695
1529400,0.9130434782608695
1529700,0.9130434782608695
1530000,0.9130434782608695
1530300,0.9130434782608695
1530600,0.9130434782608695
1530900,0.9130434782608695
1531200,0.9130434782608695
1531500,0.8913043478260869
1531800,0.8913043478260869
1532100,0.9130434782608695
1532400,0.8913043478260869
1532700,0.9130434782608695
1533000,0.9130434782608695
1533300,0.9130434782608695
1533600,0.9130434782608695
1533900,0.9130434782608695
1534200,0.9130434782608695
1534500,0.8913043478260869
1534800,0.8913043478260869
1535100,0.8913043478260869
1535400,0.9347826086956522
1535700,0.9347826086956522
1536000,0.9347826086956522
1536300,0.9347826086956522
1536600,0.9347826086956522
1536900,0.9347826086956522
1537200,0.9347826086956522
1537500,0.9347826086956522
1537800,0.9347826086956522
1538100,0.9130434782608695
1538400,0.8913043478260869
1538700,0.8260869565217391
1539000,0.782608695652174
1539300,0.7391304347826086
1539600,0.717391304347826
1539900,0.6956521739130435
1540200,0.6739130434782609
1540500,0.6521739130434783
1540800,0.6521739130434783
1541100,0.6304347826086957
1541400,0.6086956521739131
1541700,0.5869565217391305
1542000,0.5869565217391305
1542300,0.6086956521739131
1542600,0.6086956521739131
1542900,0.5869565217391305
1543200,0.5869565217391305
1543500,0.6521739130434783
1543800,0.5869565217391305
1544100,0.6086956521739131
1544400,0.6086956521739131
1544700,0.5869565217391305
1545000,0.6304347826086957
1545300,0.6739130434782609
1545600,0.6956521739130435
1545900,0.6521739130434783
1546200,0.6304347826086957
1546500,0.6521739130434783
1546800,0.6304347826086957
1547100,0.6304347826086957
1547400,0.6739130434782609
1547700,0.717391304347826
1548000,0.7608695652173914
1548300,0.7608695652173914
1548600,0.8043478260869565
1548900,0.8260869565217391
1549200,0.8478260869565217
1549500,0.8478260869565217
1549800,0.8260869565217391
1550100,0.8260869565217391
1550400,0.8260869565217391
1550700,0.8043478260869565
1551000,0.8043478260869565
1551300,0.782608695652174
1551600,0.782608695652174
1551900,0.782608695652174
1552200,0.8043478260869565
1552500,0.8260869565217391
1552800,0.8260869565217391
1553100,0.8260869565217391
1553400,0.8043478260869565
1553700,0.8043478260869565
1554000,0.8260869565217391
1554300,0.8260869565217391
1554600,0.8260869565217391
1554900,0.8478260869565217
1555200,0.8478260869565217
1555500,0.8695652173913043
1555800,0.8260869565217391
1556100,0.782608695652174
1556400,0.782608695652174
1556700,0.7608695652173914
1557000,0.7608695652173914
1557300,0.7391304347826086
1557600,0.7608695652173914
1557900,0.7608695652173914
1558200,0.7608695652173914
1558500,0.7391304347826086
1558800,0.717391304347826
1559100,0.6956521739130435
1559400,0.6739130434782609
1559700,0.6304347826086957
1560000,0.6086956521739131
1560300,0.5869565217391305
1560600,0.5869565217391305
1560900,0.6086956521739131
1561200,0.5652173913043478
1561500,0.5869565217391305
1561800,0.5869565217391305
1562100,0.5652173913043478
1562400,0.5652173913043478
1562700,0.5869565217391305
1563000,0.6086956521739131
1563300,0.5869565217391305
1563600,0.5869565217391305
1563900,0.5434782608695652
1564200,0.5217391304347826
1564500,0.5217391304347826
1564800,0.5217391304347826
1565100,0.5
1565400,0.4782608695652174
1565700,0.43478260869565216
1566000,0.4782608695652174
1566300,0.5
1566600,0.5
1566900,0.5217391304347826
1567200,0.5217391304347826
1567500,0.5217391304347826
1567800,0.5217391304347826
1568100,0.5434782608695652
1568400,0.5652173913043478
1568700,0.5652173913043478
1569000,0.6304347826086957
1569300,0.6304347826086957
1569600,0.6304347826086957
1569900,0.6086956521739131
1570200,0.6086956521739131
1570500,0.6086956521739131
1570800,0.6086956521739131
1571100,0.6086956521739131
1571400,0.6521739130434783
1571700,0.6086956521739131
1572000,0.5869565217391305
1572300,0.5652173913043478
1572600,0.5869565217391305
1572900,0.5869565217391305
1573200,0.5652173913043478
1573500,0.5652173913043478
1573800,0.5652173913043478
1574100,0.5869565217391305
1574400,0.5652173913043478
1574700,0.5434782608695652
1575000,0.5434782608695652
1575300,0.5217391304347826
1575600,0.5434782608695652
1575900,0.5652173913043478
1576200,0.5434782608695652
1576500,0.5652173913043478
1576800,0.5217391304347826
1577100,0.45652173913043476
1577400,0.45652173913043476
1577700,0.45652173913043476
1578000,0.45652173913043476
1578300,0.4782608695652174
1578600,0.5434782608695652
1578900,0.5434782608695652
1579200,0.5
1579500,0.4782608695652174
1579800,0.45652173913043476
1580100,0.45652173913043476
1580400,0.45652173913043476
1580700,0.43478260869565216
1581000,0.45652173913043476
1581300,0.45652173913043476
1581600,0.45652173913043476
1581900,0.5217391304347826
1582200,0.5
1582500,0.4782608695652174
1582800,0.4782608695652174
1583100,0.43478260869565216
1583400,0.43478260869565216
1583700,0.43478260869565216
1584000,0.43478260869565216
1584300,0.5
1584600,0.5
1584900,0.5
1585200,0.5652173913043478
1585500,0.6086956521739131
1585800,0.6304347826086957
1586100,0.6304347826086957
1586400,0.6304347826086957
1586700,0.6521739130434783
1587000,0.6956521739130435
1587300,0.717391304347826
1587600,0.7391304347826086
1587900,0.7608695652173914
1588200,0.8043478260869565
1588500,0.8695652173913043
1588800,0.8695652173913043
1589100,0.8478260869565217
1589400,0.8695652173913043
1589700,0.8695652173913043
1590000,0.8478260869565217
1590300,0.8478260869565217
1590600,0.8478260869565217
1590900,0.8478260869565217
1591200,0.8478260869565217
1591500,0.8260869565217391
1591800,0.8478260869565217
1592100,0.8695652173913043
1592400,0.8478260869565217
1592700,0.8478260869565217
1593000,0.8478260869565217
1593300,0.8695652173913043
1593600,0.8913043478260869
1593900,0.9130434782608695
1594200,0.9347826086956522
1594500,0.9347826086956522
1594800,0.9130434782608695
1595100,0.9130434782608695
1595400,0.8913043478260869
1595700,0.8913043478260869
1596000,0.8913043478260869
1596300,0.8695652173913043
1596600,0.8695652173913043
1596900,0.8695652173913043
1597200,0.8913043478260869
1597500,0.8913043478260869
1597800,0.8478260869565217
1598100,0.8260869565217391
1598400,0.782608695652174
1598700,0.6956521739130435
1599000,0.6956521739130435
1599300,0.6956521739130435
1599600,0.6521739130434783
1599900,0.6086956521739131
1600200,0.5652173913043478
1600500,0.5434782608695652
1600800,0.4782608695652174
1601100,0.43478260869565216
1601400,0.391304347826087
1601700,0.34782608695652173
1602000,0.34782608695652173
1602300,0.34782608695652173
1602600,0.2608695652173913
1602900,0.1956521739130435
1603200,0.21739130434782608
1603500,0.1956521739130435
1603800,0.2826086956521739
1604100,0.34782608695652173
1604400,0.391304347826087
1604700,0.45652173913043476
1605000,0.45652173913043476
1605300,0.4782608695652174
1605600,0.4782608695652174
1605900,0.5
1606200,0.5
1606500,0.5869565217391305
1606800,0.6086956521739131
1607100,0.6086956521739131
1607400,0.6739130434782609
1607700,0.6739130434782609
1608000,0.6956521739130435
1608300,0.6956521739130435
1608600,0.6739130434782609
1608900,0.6739130434782609
1609200,0.6956521739130435
1609500,0.717391304347826
1609800,0.7391304347826086
1610100,0.7608695652173914
1610400,0.8043478260869565
1610700,0.8260869565217391
1611000,0.8695652173913043
1611300,0.8695652173913043
1611600,0.8695652173913043
1611900,0.8695652173913043
1612200,0.8913043478260869
1612500,0.8913043478260869
1612800,0.8913043478260869
1613100,0.8913043478260869
1613400,0.8913043478260869
1613700,0.8913043478260869
1614000,0.9130434782608695
1614300,0.9130434782608695
1614600,0.9130434782608695
1614900,0.9130434782608695
1615200,0.9130434782608695
1615500,0.9130434782608695
1615800,0.9130434782608695
1616100,0.9347826086956522
1616400,0.9347826086956522
1616700,0.9347826086956522
1617000,0.9347826086956522
1617300,0.9347826086956522
1617600,0.9347826086956522
1617900,0.9782608695652174
1618200,0.9782608695652174
1618500,0.9565217391304348
1618800,0.9565217391304348
1619100,0.9565217391304348
1619400,0.9565217391304348
1619700,0.9347826086956522
1620000,0.9130434782608695
1620300,0.9347826086956522
1620600,0.9565217391304348
1620900,0.9565217391304348
1621200,0.9782608695652174
1621500,0.9782608695652174
1621800,0.9782608695652174
1622100,0.9782608695652174
1622400,0.9782608695652174
1622700,0.9782608695652174
1623000,0.9782608695652174
1623300,0.9782608695652174
1623600,0.9782608695652174
1623900,0.9782608695652174
1624200,0.9782608695652174
1624500,0.9565217391304348
1624800,0.9347826086956522
1625100,0.9130434782608695
1625400,0.9130434782608695
1625700,0.8913043478260869
1626000,0.8913043478260869
1626300,0.8260869565217391
1626600,0.8043478260869565
1626900,0.8043478260869565
1627200,0.7608695652173914
1627500,0.7391304347826086
1627800,0.7608695652173914
1628100,0.717391304347826
1628400,0.6956521739130435
1628700,0.6956521739130435
1629000,0.6521739130434783
1629300,0.6739130434782609
1629600,0.6956521739130435
1629900,0.6956521739130435
1630200,0.6956521739130435
1630500,0.7391304347826086
1630800,0.7608695652173914
1631100,0.7608695652173914
1631400,0.6956521739130435
1631700,0.6956521739130435
1632000,0.7608695652173914
1632300,0.8043478260869565
1632600,0.8260869565217391
1632900,0.8043478260869565
1633200,0.8043478260869565
1633500,0.8043478260869565
1633800,0.8043478260869565
1634100,0.8478260869565217
1634400,0.8913043478260869
1634700,0.8913043478260869
1635000,0.8913043478260869
1635300,0.8478260869565217
1635600,0.8478260869565217
1635900,0.8260869565217391
1636200,0.8260869565217391
1636500,0.8260869565217391
1636800,0.8478260869565217
1637100,0.8260869565217391
1637400,0.8478260869565217
1637700,0.8260869565217391
1638000,0.8260869565217391
1638300,0.8043478260869565
1638600,0.8043478260869565
1638900,0.8043478260869565
1639200,0.782608695652174
1639500,0.8260869565217391
1639800,0.8260869565217391
1640100,0.8043478260869565
1640400,0.8260869565217391
1640700,0.8260869565217391
1641000,0.8260869565217391
1641300,0.8260869565217391
1641600,0.8478260869565217
1641900,0.8043478260869565
1642200,0.782608695652174
1642500,0.7391304347826086
1642800,0.6956521739130435
1643100,0.6521739130434783
1643400,0.6521739130434783
1643700,0.6739130434782609
1644000,0.6304347826086957
1644300,0.6521739130434783
1644600,0.6304347826086957
1644900,0.6086956521739131
1645200,0.6304347826086957
1645500,0.5869565217391305
1645800,0.5652173913043478
1646100,0.5434782608695652
1646400,0.5434782608695652
1646700,0.5
1647000,0.5217391304347826
1647300,0.5434782608695652
1647600,0.5
1647900,0.5
1648200,0.5217391304347826
1648500,0.5434782608695652
1648800,0.5217391304347826
1649100,0.5217391304347826
1649400,0.5434782608695652
1649700,0.5869565217391305
1650000,0.5434782608695652
1650300,0.5217391304347826
1650600,0.5217391304347826
1650900,0.5217391304347826
1651200,0.5869565217391305
1651500,0.5869565217391305
1651800,0.5869565217391305
1652100,0.6086956521739131
1652400,0.6304347826086957
1652700,0.6304347826086957
1653000,0.6304347826086957
1653300,0.6304347826086957
1653600,0.6304347826086957
1653900,0.6521739130434783
1654200,0.6521739130434783
1654500,0.6521739130434783
1654800,0.717391304347826
1655100,0.7391304347826086
1655400,0.7391304347826086
1655700,0.7391304347826086
1656000,0.717391304347826
1656300,0.717391304347826
1656600,0.782608695652174
1656900,0.782608695652174
1657200,0.8043478260869565
1657500,0.8043478260869565
1657800,0.7608695652173914
1658100,0.7608695652173914
1658400,0.7391304347826086
1658700,0.7391304347826086
1659000,0.7391304347826086
1659300,0.7391304347826086
1659600,0.7608695652173914
1659900,0.7608695652173914
1660200,0.7391304347826086
1660500,0.7608695652173914
1660800,0.782608695652174
1661100,0.782608695652174
1661400,0.782608695652174
1661700,0.782608695652174
1662000,0.7608695652173914
1662300,0.7391304347826086
1662600,0.6956521739130435
1662900,0.6956521739130435
1663200,0.6739130434782609
1663500,0.6739130434782609
1663800,0.6521739130434783
1664100,0.6521739130434783
1664400,0.6956521739130435
1664700,0.6521739130434783
1665000,0.6521739130434783
1665300,0.6739130434782609
1665600,0.6739130434782609
1665900,0.6304347826086957
1666200,0.6086956521739131
1666500,0.6304347826086957
1666800,0.6086956521739131
1667100,0.5869565217391305
1667400,0.5652173913043478
1667700,0.5434782608695652
1668000,0.5217391304347826
1668300,0.5217391304347826
1668600,0.5
1668900,0.5
1669200,0.5217391304347826
1669500,0.5217391304347826
1669800,0.5434782608695652
1670100,0.5652173913043478
1670400,0.6304347826086957
1670700,0.6086956521739131
1671000,0.6304347826086957
1671300,0.6086956521739131
1671600,0.6304347826086957
1671900,0.6739130434782609
1672200,0.6956521739130435
1672500,0.717391304347826
1672800,0.7391304347826086
1673100,0.7608695652173914
1673400,0.7608695652173914
1673700,0.7391304347826086
1674000,0.782608695652174
1674300,0.8043478260869565
1674600,0.8260869565217391
1674900,0.8260869565217391
1675200,0.8260869565217391
1675500,0.8260869565217391
1675800,0.8260869565217391
1676100,0.8478260869565217
1676400,0.8478260869565217
1676700,0.8478260869565217
1677000,0.8043478260869565
1677300,0.8043478260869565
1677600,0.8043478260869565
1677900,0.8043478260869565
1678200,0.8043478260869565
1678500,0.8260869565217391
1678800,0.8260869565217391
1679100,0.8260869565217391
1679400,0.8695652173913043
1679700,0.8260869565217391
1680000,0.8260869565217391
1680300,0.8260869565217391
1680600,0.8260869565217391
1680900,0.8478260869565217
1681200,0.8260869565217391
1681500,0.8260869565217391
1681800,0.8260869565217391
1682100,0.8260869565217391
1682400,0.8260869565217391
1682700,0.8260869565217391
1683000,0.8260869565217391
1683300,0.8260869565217391
1683600,0.8478260869565217
1683900,0.8695652173913043
1684200,0.8695652173913043
1684500,0.8043478260869565
1684800,0.782608695652174
1685100,0.6521739130434783
1685400,0.6304347826086957
1685700,0.5869565217391305
1686000,0.5434782608695652
1686300,0.5217391304347826
1686600,0.41304347826086957
1686900,0.3695652173913043
1687200,0.34782608695652173
1687500,0.32608695652173914
1687800,0.32608695652173914
1688100,0.34782608695652173
1688400,0.3695652173913043
1688700,0.32608695652173914
1689000,0.3695652173913043
1689300,0.34782608695652173
1689600,0.32608695652173914
1689900,0.34782608695652173
1690200,0.2826086956521739
1690500,0.2826086956521739
1690800,0.41304347826086957
1691100,0.43478260869565216
1691400,0.391304347826087
1691700,0.391304347826087
1692000,0.391304347826087
1692300,0.3695652173913043
1692600,0.41304347826086957
1692900,0.45652173913043476
1693200,0.5217391304347826
1693500,0.6304347826086957
1693800,0.6739130434782609
1694100,0.7391304347826086
1694400,0.7608695652173914
1694700,0.782608695652174
1695000,0.782608695652174
1695300,0.782608695652174
1695600,0.8260869565217391
1695900,0.8260869565217391
1696200,0.8260869565217391
1696500,0.8260869565217391
1696800,0.8260869565217391
1697100,0.8478260869565217
1697400,0.8478260869565217
1697700,0.8260869565217391
1698000,0.8695652173913043
1698300,0.8478260869565217
1698600,0.8478260869565217
1698900,0.8478260869565217
1699200,0.8695652173913043
1699500,0.8478260869565217
1699800,0.8478260869565217
1700100,0.8695652173913043
1700400,0.8695652173913043
1700700,0.8913043478260869
1701000,0.8913043478260869
1701300,0.8913043478260869
1701600,0.9130434782608695
1701900,0.9565217391304348
1702200,0.9565217391304348
1702500,0.9565217391304348
1702800,0.9130434782608695
1703100,0.9130434782608695
1703400,0.9130434782608695
1703700,0.8695652173913043
1704000,0.8695652173913043
1704300,0.8478260869565217
1704600,0.8478260869565217
1704900,0.8695652173913043
1705200,0.8695652173913043
1705500,0.8913043478260869
1705800,0.9130434782608695
1706100,0.9130434782608695
1706400,0.9130434782608695
1706700,0.9130434782608695
1707000,0.9130434782608695
1707300,0.8913043478260869
1707600,0.8695652173913043
1707900,0.8695652173913043
1708200,0.8695652173913043
1708500,0.8695652173913043
1708800,0.8695652173913043
1709100,0.9347826086956522
1709400,0.9347826086956522
1709700,0.9130434782608695
1710000,0.9130434782608695
1710300,0.9347826086956522
1710600,0.9130434782608695
1710900,0.9130434782608695
1711200,0.8695652173913043
1711500,0.8478260869565217
1711800,0.8043478260869565
1712100,0.7391304347826086
1712400,0.717391304347826
1712700,0.6956521739130435
1713000,0.6521739130434783
1713300,0.6521739130434783
1713600,0.717391304347826
1713900,0.6304347826086957
1714200,0.6304347826086957
1714500,0.6521739130434783
1714800,0.6521739130434783
1715100,0.6739130434782609
1715400,0.6521739130434783
1715700,0.6739130434782609
1716000,0.717391304347826
1716300,0.7608695652173914
1716600,0.7608695652173914
1716900,0.782608695652174
1717200,0.7608695652173914
1717500,0.8043478260869565
1717800,0.782608695652174
1718100,0.782608695652174
1718400,0.782608695652174
1718700,0.7608695652173914
1719000,0.7608695652173914
1719300,0.8043478260869565
1719600,0.7608695652173914
1719900,0.7391304347826086
1720200,0.7391304347826086
1720500,0.7391304347826086
1720800,0.6956521739130435
1721100,0.6956521739130435
1721400,0.6739130434782609
1721700,0.717391304347826
1722000,0.6956521739130435
1722300,0.717391304347826
1722600,0.7391304347826086
1722900,0.717391304347826
1723200,0.7608695652173914
1723500,0.7391304347826086
1723800,0.7608695652173914
1724100,0.782608695652174
1724400,0.782608695652174
1724700,0.782608695652174
1725000,0.7608695652173914
1725300,0.7608695652173914
1725600,0.782608695652174
1725900,0.8043478260869565
1726200,0.8043478260869565
1726500,0.8043478260869565
1726800,0.8043478260869565
1727100,0.8478260869565217
1727400,0.8478260869565217
1727700,0.8478260869565217
1728000,0.8260869565217391
1728300,0.7608695652173914
1728600,0.7608695652173914
1728900,0.7391304347826086
1729200,0.717391304347826
1729500,0.6739130434782609
1729800,0.6521739130434783
1730100,0.6304347826086957
1730400,0.6086956521739131
1730700,0.6086956521739131
1731000,0.6086956521739131
1731300,0.5869565217391305
1731600,0.5434782608695652
1731900,0.5217391304347826
1732200,0.5217391304347826
1732500,0.5217391304347826
1732800,0.5434782608695652
1733100,0.4782608695652174
1733400,0.4782608695652174
1733700,0.4782608695652174
1734000,0.5217391304347826
1734300,0.5434782608695652
1734600,0.5434782608695652
1734900,0.5434782608695652
1735200,0.5869565217391305
1735500,0.6086956521739131
1735800,0.5869565217391305
1736100,0.5869565217391305
1736400,0.5869565217391305
1736700,0.6086956521739131
1737000,0.6086956521739131
1737300,0.5869565217391305
1737600,0.5652173913043478
1737900,0.6086956521739131
1738200,0.6086956521739131
1738500,0.6086956521739131
1738800,0.6086956521739131
1739100,0.6304347826086957
1739400,0.6304347826086957
1739700,0.6304347826086957
1740000,0.6739130434782609
1740300,0.6739130434782609
1740600,0.6739130434782609
1740900,0.6739130434782609
1741200,0.6739130434782609
1741500,0.6739130434782609
1741800,0.6739130434782609
1742100,0.6956521739130435
1742400,0.6956521739130435
1742700,0.6956521739130435
1743000,0.6739130434782609
1743300,0.6739130434782609
1743600,0.717391304347826
1743900,0.717391304347826
1744200,0.717391304347826
1744500,0.6956521739130435
1744800,0.6956521739130435
1745100,0.6956521739130435
1745400,0.6956521739130435
1745700,0.6956521739130435
1746000,0.6956521739130435
1746300,0.7391304347826086
1746600,0.7391304347826086
1746900,0.717391304347826
1747200,0.6739130434782609
1747500,0.6739130434782609
1747800,0.6739130434782609
1748100,0.6739130434782609
1748400,0.6739130434782609
1748700,0.6739130434782609
1749000,0.6521739130434783
1749300,0.6304347826086957
1749600,0.6304347826086957
1749900,0.5869565217391305
1750200,0.6086956521739131
1750500,0.5869565217391305
1750800,0.5652173913043478
1751100,0.5217391304347826
1751400,0.4782608695652174
1751700,0.45652173913043476
1752000,0.41304347826086957
1752300,0.41304347826086957
1752600,0.43478260869565216
1752900,0.391304347826087
1753200,0.391304347826087
1753500,0.43478260869565216
1753800,0.41304347826086957
1754100,0.4782608695652174
1754400,0.45652173913043476
1754700,0.4782608695652174
1755000,0.45652173913043476
1755300,0.45652173913043476
1755600,0.5
1755900,0.5217391304347826
1756200,0.5217391304347826
1756500,0.6086956521739131
1756800,0.6086956521739131
1757100,0.5869565217391305
1757400,0.717391304347826
1757700,0.7391304347826086
1758000,0.7391304347826086
1758300,0.6956521739130435
1758600,0.717391304347826
1758900,0.717391304347826
1759200,0.7391304347826086
1759500,0.782608695652174
1759800,0.8043478260869565
1760100,0.8260869565217391
1760400,0.8478260869565217
1760700,0.8478260869565217
1761000,0.8478260869565217
1761300,0.8478260869565217
1761600,0.8043478260869565
1761900,0.8043478260869565
1762200,0.8043478260869565
1762500,0.8043478260869565
1762800,0.8043478260869565
1763100,0.782608695652174
1763400,0.782608695652174
1763700,0.782608695652174
1764000,0.782608695652174
1764300,0.782608695652174
1764600,0.782608695652174
1764900,0.782608695652174
1765200,0.8260869565217391
1765500,0.8478260869565217
1765800,0.8913043478260869
1766100,0.8913043478260869
1766400,0.8913043478260869
1766700,0.8695652173913043
1767000,0.8695652173913043
1767300,0.8913043478260869
1767600,0.8913043478260869
1767900,0.8043478260869565
1768200,0.7391304347826086
1768500,0.7391304347826086
1768800,0.7391304347826086
1769100,0.6956521739130435
1769400,0.6739130434782609
1769700,0.717391304347826
1770000,0.6956521739130435
1770300,0.717391304347826
1770600,0.6956521739130435
1770900,0.6739130434782609
1771200,0.6521739130434783
1771500,0.6304347826086957
1771800,0.5869565217391305
1772100,0.5869565217391305
1772400,0.5434782608695652
1772700,0.5
1773000,0.45652173913043476
1773300,0.43478260869565216
1773600,0.45652173913043476
1773900,0.43478260869565216
1774200,0.43478260869565216
1774500,0.45652173913043476
1774800,0.43478260869565216
1775100,0.3695652173913043
1775400,0.391304347826087
1775700,0.41304347826086957
1776000,0.3695652173913043
1776300,0.391304347826087
1776600,0.3695652173913043
1776900,0.3695652173913043
1777200,0.391304347826087
1777500,0.43478260869565216
1777800,0.41304347826086957
1778100,0.43478260869565216
1778400,0.43478260869565216
1778700,0.45652173913043476
1779000,0.5434782608695652
1779300,0.5217391304347826
1779600,0.5217391304347826
1779900,0.6086956521739131
1780200,0.6521739130434783
1780500,0.6521739130434783
1780800,0.6739130434782609
1781100,0.6956521739130435
1781400,0.717391304347826
1781700,0.7608695652173914
1782000,0.8043478260869565
1782300,0.8260869565217391
1782600,0.8478260869565217
1782900,0.8695652173913043
1783200,0.8913043478260869
1783500,0.8913043478260869
1783800,0.8478260869565217
1784100,0.8478260869565217
1784400,0.8478260869565217
1784700,0.8260869565217391
1785000,0.8043478260869565
1785300,0.8043478260869565
1785600,0.8478260869565217
1785900,0.8478260869565217
1786200,0.8478260869565217
1786500,0.8043478260869565
1786800,0.8043478260869565
1787100,0.782608695652174
1787400,0.8043478260869565
1787700,0.8043478260869565
1788000,0.8043478260869565
1788300,0.8043478260869565
1788600,0.8043478260869565
1788900,0.782608695652174
1789200,0.8260869565217391
1789500,0.8478260869565217
1789800,0.8043478260869565
1790100,0.782608695652174
1790400,0.8043478260869565
1790700,0.8043478260869565
1791000,0.8260869565217391
1791300,0.8478260869565217
1791600,0.8260869565217391
1791900,0.8478260869565217
1792200,0.8913043478260869
1792500,0.8913043478260869
1792800,0.8913043478260869
1793100,0.9130434782608695
1793400,0.9347826086956522
1793700,0.9130434782608695
1794000,0.9347826086956522
1794300,0.9565217391304348
1794600,0.9130434782608695
1794900,0.9130434782608695
1795200,0.8913043478260869
1795500,0.8913043478260869
1795800,0.9130434782608695
1796100,0.9130434782608695
1796400,0.9130434782608695
1796700,0.8913043478260869
1797000,0.8478260869565217
1797300,0.8043478260869565
1797600,0.8043478260869565
1797900,0.8043478260869565
1798200,0.8260869565217391
1798500,0.8043478260869565
1798800,0.782608695652174
1799100,0.7608695652173914
1799400,0.7391304347826086
1799700,0.717391304347826
1800000,0.782608695652174
1800300,0.7608695652173914
1800600,0.7608695652173914
1800900,0.8043478260869565
1801200,0.8260869565217391
1801500,0.8260869565217391
1801800,0.8043478260869565
1802100,0.8043478260869565
1802400,0.8260869565217391
1802700,0.8478260869565217
1803000,0.8260869565217391
1803300,0.8043478260869565
1803600,0.8043478260869565
1803900,0.8260869565217391
1804200,0.8260869565217391
1804500,0.8695652173913043
1804800,0.8913043478260869
1805100,0.8695652173913043
1805400,0.8913043478260869
1805700,0.8695652173913043
1806000,0.8478260869565217
1806300,0.8695652173913043
1806600,0.8695652173913043
1806900,0.9130434782608695
1807200,0.9130434782608695
1807500,0.9130434782608695
1807800,0.9130434782608695
1808100,0.9130434782608695
1808400,0.8695652173913043
1808700,0.8695652173913043
1809000,0.8478260869565217
1809300,0.8260869565217391
1809600,0.8478260869565217
1809900,0.8478260869565217
1810200,0.8478260869565217
1810500,0.8478260869565217
1810800,0.8260869565217391
1811100,0.8260869565217391
1811400,0.8260869565217391
1811700,0.8043478260869565
1812000,0.8043478260869565
1812300,0.8043478260869565
1812600,0.8260869565217391
1812900,0.8043478260869565
1813200,0.8913043478260869
1813500,0.8913043478260869
1813800,0.8913043478260869
1814100,0.8913043478260869
1814400,0.8913043478260869
1814700,0.8913043478260869
1815000,0.8913043478260869
1815300,0.8913043478260869
1815600,0.8913043478260869
1815900,0.8913043478260869
1816200,0.8913043478260869
1816500,0.6521739130434783
1816800,0.6304347826086957
1817100,0.5869565217391305
1817400,0.5217391304347826
1817700,0.4782608695652174
1818000,0.43478260869565216
1818300,0.41304347826086957
1818600,0.391304347826087
1818900,0.391304347826087
1819200,0.391304347826087
1819500,0.4782608695652174
1819800,0.45652173913043476
1820100,0.4782608695652174
1820400,0.5217391304347826
1820700,0.5
1821000,0.4782608695652174
1821300,0.4782608695652174
1821600,0.5217391304347826
1821900,0.5217391304347826
1822200,0.4782608695652174
1822500,0.5
1822800,0.4782608695652174
1823100,0.45652173913043476
1823400,0.4782608695652174
1823700,0.41304347826086957
1824000,0.4782608695652174
1824300,0.4782608695652174
1824600,0.5434782608695652
1824900,0.5434782608695652
1825200,0.5652173913043478
1825500,0.5652173913043478
1825800,0.5869565217391305
1826100,0.5869565217391305
1826400,0.5652173913043478
1826700,0.5869565217391305
1827000,0.5869565217391305
1827300,0.5652173913043478
1827600,0.5652173913043478
1827900,0.5652173913043478
1828200,0.5652173913043478
1828500,0.5869565217391305
1828800,0.5869565217391305
1829100,0.5869565217391305
1829400,0.5869565217391305
1829700,0.5869565217391305
1830000,0.6304347826086957
1830300,0.6304347826086957
1830600,0.6086956521739131
1830900,0.5869565217391305
1831200,0.5652173913043478
1831500,0.5652173913043478
1831800,0.5869565217391305
1832100,0.6304347826086957
1832400,0.6304347826086957
1832700,0.6304347826086957
1833000,0.6304347826086957
1833300,0.6521739130434783
1833600,0.6521739130434783
1833900,0.6304347826086957
1834200,0.6521739130434783
1834500,0.6739130434782609
1834800,0.6739130434782609
1835100,0.6956521739130435
1835400,0.6739130434782609
1835700,0.6521739130434783
1836000,0.6304347826086957
1836300,0.6086956521739131
1836600,0.6086956521739131
1836900,0.6086956521739131
1837200,0.6086956521739131
1837500,0.5652173913043478
1837800,0.5434782608695652
1838100,0.5652173913043478
1838400,0.5652173913043478
1838700,0.5652173913043478
1839000,0.5652173913043478
1839300,0.5652173913043478
1839600,0.5869565217391305
1839900,0.5434782608695652
1840200,0.5217391304347826
1840500,0.5217391304347826
1840800,0.5
1841100,0.5
1841400,0.5
1841700,0.45652173913043476
1842000,0.5217391304347826
1842300,0.5434782608695652
1842600,0.5652173913043478
1842900,0.5869565217391305
1843200,0.5869565217391305
1843500,0.6521739130434783
1843800,0.6304347826086957
1844100,0.6521739130434783
1844400,0.6739130434782609
1844700,0.6739130434782609
1845000,0.717391304347826
1845300,0.7391304347826086
1845600,0.782608695652174
1845900,0.7608695652173914
1846200,0.7608695652173914
1846500,0.7608695652173914
1846800,0.7608695652173914
1847100,0.782608695652174
1847400,0.782608695652174
1847700,0.782608695652174
1848000,0.7608695652173914
1848300,0.7608695652173914
1848600,0.7608695652173914
1848900,0.8043478260869565
1849200,0.8043478260869565
1849500,0.782608695652174
1849800,0.782608695652174
1850100,0.7608695652173914
1850400,0.7391304347826086
1850700,0.7608695652173914
1851000,0.7608695652173914
1851300,0.7608695652173914
1851600,0.782608695652174
1851900,0.8043478260869565
1852200,0.8043478260869565
1852500,0.782608695652174
1852800,0.782608695652174
1853100,0.782608695652174
1853400,0.8043478260869565
1853700,0.8478260869565217
1854000,0.8478260869565217
1854300,0.8695652173913043
1854600,0.9130434782608695
1854900,0.8913043478260869
1855200,0.8913043478260869
1855500,0.8913043478260869
1855800,0.8695652173913043
1856100,0.8913043478260869
1856400,0.8260869565217391
1856700,0.7608695652173914
1857000,0.6956521739130435
1857300,0.6739130434782609
1857600,0.6304347826086957
1857900,0.5217391304347826
1858200,0.41304347826086957
1858500,0.43478260869565216
1858800,0.41304347826086957
1859100,0.43478260869565216
1859400,0.4782608695652174
1859700,0.391304347826087
1860000,0.32608695652173914
1860300,0.30434782608695654
1860600,0.32608695652173914
1860900,0.2826086956521739
1861200,0.2391304347826087
1861500,0.2826086956521739
1861800,0.30434782608695654
1862100,0.2826086956521739
1862400,0.21739130434782608
1862700,0.17391304347826086
1863000,0.2391304347826087
1863300,0.32608695652173914
1863600,0.34782608695652173
1863900,0.2826086956521739
1864200,0.2826086956521739
1864500,0.32608695652173914
1864800,0.3695652173913043
1865100,0.391304347826087
1865400,0.4782608695652174
1865700,0.45652173913043476
1866000,0.391304347826087
1866300,0.43478260869565216
1866600,0.5
1866900,0.6304347826086957
1867200,0.6521739130434783
1867500,0.6304347826086957
1867800,0.6956521739130435
1868100,0.717391304347826
1868400,0.717391304347826
1868700,0.7391304347826086
1869000,0.7608695652173914
1869300,0.8043478260869565
1869600,0.8043478260869565
1869900,0.8260869565217391
1870200,0.8478260869565217
1870500,0.8695652173913043
1870800,0.8695652173913043
1871100,0.8478260869565217
1871400,0.8478260869565217
1871700,0.8695652173913043
1872000,0.8478260869565217
1872300,0.8913043478260869
1872600,0.8913043478260869
1872900,0.8695652173913043
1873200,0.8695652173913043
1873500,0.8478260869565217
1873800,0.8478260869565217
1874100,0.8695652173913043
1874400,0.8695652173913043
1874700,0.8695652173913043
1875000,0.8478260869565217
1875300,0.8695652173913043
1875600,0.8913043478260869
1875900,0.8913043478260869
1876200,0.9130434782608695
1876500,0.8913043478260869
1876800,0.8695652173913043
1877100,0.8695652173913043
1877400,0.8478260869565217
1877700,0.8260869565217391
1878000,0.8478260869565217
1878300,0.8260869565217391
1878600,0.8260869565217391
1878900,0.8260869565217391
1879200,0.782608695652174
1879500,0.8478260869565217
1879800,0.8478260869565217
1880100,0.8260869565217391
1880400,0.8260869565217391
1880700,0.8260869565217391
1881000,0.8695652173913043
1881300,0.8695652173913043
1881600,0.9565217391304348
1881900,0.9347826086956522
1882200,0.9347826086956522
1882500,0.9130434782608695
1882800,0.9130434782608695
1883100,0.8695652173913043
1883400,0.8260869565217391
1883700,0.8043478260869565
1884000,0.8260869565217391
1884300,0.8260869565217391
1884600,0.8043478260869565
1884900,0.7608695652173914
1885200,0.7608695652173914
1885500,0.8043478260869565
1885800,0.8043478260869565
1886100,0.7608695652173914
1886400,0.717391304347826
1886700,0.717391304347826
1887000,0.7391304347826086
1887300,0.7391304347826086
1887600,0.7391304347826086
1887900,0.7608695652173914
1888200,0.7391304347826086
1888500,0.7391304347826086
1888800,0.717391304347826
1889100,0.7391304347826086
1889400,0.7608695652173914
1889700,0.8043478260869565
1890000,0.8478260869565217
1890300,0.8260869565217391
1890600,0.8913043478260869
1890900,0.8478260869565217
1891200,0.8695652173913043
1891500,0.8913043478260869
1891800,0.9130434782608695
1892100,0.9130434782608695
1892400,0.8913043478260869
1892700,0.8913043478260869
1893000,0.9130434782608695
1893300,0.9130434782608695
1893600,0.9130434782608695
1893900,0.8695652173913043
1894200,0.8913043478260869
1894500,0.8913043478260869
1894800,0.8913043478260869
1895100,0.9130434782608695
1895400,0.9130434782608695
1895700,0.9130434782608695
1896000,0.8913043478260869
1896300,0.8913043478260869
1896600,0.9130434782608695
1896900,0.9130434782608695
1897200,0.9130434782608695
1897500,0.8695652173913043
1897800,0.8695652173913043
1898100,0.8260869565217391
1898400,0.8260869565217391
1898700,0.8260869565217391
1899000,0.8478260869565217
1899300,0.8478260869565217
1899600,0.8478260869565217
1899900,0.8478260869565217
1900200,0.8478260869565217
1900500,0.8260869565217391
1900800,0.8043478260869565
1901100,0.8478260869565217
1901400,0.8478260869565217
1901700,0.8260869565217391
1902000,0.7608695652173914
1902300,0.6956521739130435
1902600,0.6521739130434783
1902900,0.6521739130434783
1903200,0.6521739130434783
1903500,0.6304347826086957
1903800,0.5652173913043478
1904100,0.5434782608695652
1904400,0.5652173913043478
1904700,0.5217391304347826
1905000,0.5217391304347826
1905300,0.5869565217391305
1905600,0.5217391304347826
1905900,0.6086956521739131
1906200,0.6304347826086957
1906500,0.5434782608695652
1906800,0.5217391304347826
1907100,0.5217391304347826
1907400,0.6304347826086957
1907700,0.6521739130434783
1908000,0.6304347826086957
1908300,0.6521739130434783
1908600,0.6304347826086957
1908900,0.6086956521739131
1909200,0.5869565217391305
1909500,0.5869565217391305
1909800,0.6086956521739131
1910100,0.5869565217391305
1910400,0.5652173913043478
1910700,0.5434782608695652
1911000,0.5434782608695652
1911300,0.4782608695652174
1911600,0.45652173913043476
1911900,0.45652173913043476
1912200,0.5
1912500,0.4782608695652174
1912800,0.4782608695652174
1913100,0.45652173913043476
1913400,0.45652173913043476
1913700,0.41304347826086957
1914000,0.41304347826086957
1914300,0.43478260869565216
1914600,0.43478260869565216
1914900,0.45652173913043476
1915200,0.45652173913043476
1915500,0.4782608695652174
1915800,0.43478260869565216
1916100,0.41304347826086957
1916400,0.43478260869565216
1916700,0.41304347826086957
1917000,0.43478260869565216
1917300,0.4782608695652174
1917600,0.5217391304347826
1917900,0.5217391304347826
1918200,0.5217391304347826
1918500,0.5217391304347826
1918800,0.5217391304347826
1919100,0.5217391304347826
1919400,0.5217391304347826
1919700,0.5
1920000,0.5
1920300,0.5
1920600,0.5
1920900,0.5
1921200,0.4782608695652174
1921500,0.43478260869565216
1921800,0.43478260869565216
1922100,0.41304347826086957
1922400,0.41304347826086957
1922700,0.391304347826087
1923000,0.3695652173913043
1923300,0.391304347826087
1923600,0.391304347826087
1923900,0.41304347826086957
1924200,0.3695652173913043
1924500,0.34782608695652173
1924800,0.32608695652173914
1925100,0.391304347826087
1925400,0.34782608695652173
1925700,0.32608695652173914
1926000,0.2608695652173913
1926300,0.2608695652173913
1926600,0.2826086956521739
1926900,0.2608695652173913
1927200,0.2391304347826087
1927500,0.2391304347826087
1927800,0.1956521739130435
1928100,0.1956521739130435
1928400,0.1956521739130435
1928700,0.2391304347826087
1929000,0.2608695652173913
1929300,0.2826086956521739
1929600,0.2826086956521739
1929900,0.30434782608695654
1930200,0.32608695652173914
1930500,0.32608695652173914
1930800,0.391304347826087
1931100,0.4782608695652174
1931400,0.5
1931700,0.5217391304347826
1932000,0.5434782608695652
1932300,0.5869565217391305
1932600,0.6086956521739131
1932900,0.5869565217391305
1933200,0.6086956521739131
1933500,0.5869565217391305
1933800,0.6521739130434783
1934100,0.6304347826086957
1934400,0.6521739130434783
1934700,0.6521739130434783
1935000,0.6739130434782609
1935300,0.7391304347826086
1935600,0.7391304347826086
1935900,0.782608695652174
1936200,0.7608695652173914
1936500,0.7608695652173914
1936800,0.7608695652173914
1937100,0.7608695652173914
1937400,0.782608695652174
1937700,0.782608695652174
1938000,0.782608695652174
1938300,0.782608695652174
1938600,0.7608695652173914
1938900,0.7608695652173914
1939200,0.782608695652174
1939500,0.8043478260869565
1939800,0.8043478260869565
1940100,0.8260869565217391
1940400,0.8043478260869565
1940700,0.8043478260869565
1941000,0.8043478260869565
1941300,0.782608695652174
1941600,0.7608695652173914
1941900,0.782608695652174
1942200,0.7608695652173914
1942500,0.7391304347826086
1942800,0.7391304347826086
1943100,0.7608695652173914
1943400,0.7391304347826086
1943700,0.717391304347826
1944000,0.717391304347826
1944300,0.6956521739130435
1944600,0.6739130434782609
1944900,0.6521739130434783
1945200,0.6304347826086957
1945500,0.6086956521739131
1945800,0.6086956521739131
1946100,0.5652173913043478
1946400,0.5434782608695652
1946700,0.4782608695652174
1947000,0.45652173913043476
1947300,0.4782608695652174
1947600,0.4782608695652174
1947900,0.4782608695652174
1948200,0.5217391304347826
1948500,0.5217391304347826
1948800,0.5434782608695652
1949100,0.5652173913043478
1949400,0.5869565217391305
1949700,0.6086956521739131
1950000,0.6086956521739131
1950300,0.6086956521739131
1950600,0.6521739130434783
1950900,0.6304347826086957
1951200,0.6304347826086957
1951500,0.717391304347826
1951800,0.7391304347826086
1952100,0.7608695652173914
1952400,0.782608695652174
1952700,0.8043478260869565
1953000,0.8260869565217391
1953300,0.8043478260869565
1953600,0.8043478260869565
1953900,0.8043478260869565
1954200,0.8043478260869565
1954500,0.8043478260869565
1954800,0.8043478260869565
1955100,0.8260869565217391
1955400,0.8260869565217391
1955700,0.8478260869565217
1956000,0.8478260869565217
1956300,0.8478260869565217
1956600,0.8478260869565217
1956900,0.8260869565217391
1957200,0.782608695652174
1957500,0.782608695652174
1957800,0.782608695652174
1958100,0.8043478260869565
1958400,0.782608695652174
1958700,0.782608695652174
1959000,0.8695652173913043
1959300,0.8695652173913043
1959600,0.8913043478260869
1959900,0.8913043478260869
1960200,0.8913043478260869
1960500,0.8478260869565217
1960800,0.8478260869565217
1961100,0.8478260869565217
1961400,0.8478260869565217
1961700,0.8260869565217391
1962000,0.8260869565217391
1962300,0.8043478260869565
1962600,0.8695652173913043
1962900,0.8913043478260869
1963200,0.9130434782608695
1963500,0.8913043478260869
1963800,0.8913043478260869
1964100,0.9130434782608695
1964400,0.8913043478260869
1964700,0.9130434782608695
1965000,0.9347826086956522
1965300,0.9347826086956522
1965600,0.9347826086956522
1965900,0.9347826086956522
1966200,0.9565217391304348
1966500,0.9565217391304348
1966800,0.9565217391304348
1967100,0.9565217391304348
1967400,0.9565217391304348
1967700,0.9565217391304348
1968000,0.9347826086956522
1968300,0.9565217391304348
1968600,0.9565217391304348
1968900,0.9565217391304348
1969200,0.9347826086956522
1969500,0.9347826086956522
1969800,0.9347826086956522
1970100,0.8913043478260869
1970400,0.8913043478260869
1970700,0.8695652173913043
1971000,0.8260869565217391
1971300,0.8260869565217391
1971600,0.8478260869565217
1971900,0.8043478260869565
1972200,0.8260869565217391
1972500,0.8478260869565217
1972800,0.8260869565217391
1973100,0.8260869565217391
1973400,0.8260869565217391
1973700,0.8478260869565217
1974000,0.8478260869565217
1974300,0.8478260869565217
1974600,0.8478260869565217
1974900,0.8913043478260869
1975200,0.8695652173913043
1975500,0.8695652173913043
1975800,0.8695652173913043
1976100,0.8260869565217391
1976400,0.8260869565217391
1976700,0.8478260869565217
1977000,0.8478260869565217
1977300,0.8260869565217391
1977600,0.8043478260869565
1977900,0.8478260869565217
1978200,0.8260869565217391
1978500,0.782608695652174
1978800,0.782608695652174
1979100,0.782608695652174
1979400,0.6739130434782609
1979700,0.782608695652174
1980000,0.782608695652174
1980300,0.8043478260869565
1980600,0.8260869565217391
1980900,0.8260869565217391
1981200,0.8478260869565217
1981500,0.8478260869565217
1981800,0.8478260869565217
1982100,0.8260869565217391
1982400,0.8260869565217391
1982700,0.8043478260869565
1983000,0.8043478260869565
1983300,0.8043478260869565
1983600,0.782608695652174
1983900,0.782608695652174
1984200,0.782608695652174
1984500,0.782608695652174
1984800,0.782608695652174
1985100,0.782608695652174
1985400,0.782608695652174
1985700,0.782608695652174
1986000,0.7608695652173914
1986300,0.7608695652173914
1986600,0.7391304347826086
1986900,0.7391304347826086
1987200,0.6956521739130435
1987500,0.6739130434782609
1987800,0.6304347826086957
1988100,0.6086956521739131
1988400,0.5869565217391305
1988700,0.6086956521739131
1989000,0.5434782608695652
1989300,0.45652173913043476
1989600,0.391304347826087
1989900,0.41304347826086957
1990200,0.34782608695652173
1990500,0.32608695652173914
1990800,0.34782608695652173
1991100,0.3695652173913043
1991400,0.3695652173913043
1991700,0.391304347826087
1992000,0.391304347826087
1992300,0.41304347826086957
1992600,0.43478260869565216
1992900,0.45652173913043476
1993200,0.5434782608695652
1993500,0.5434782608695652
1993800,0.5652173913043478
1994100,0.5869565217391305
1994400,0.5869565217391305
1994700,0.6304347826086957
1995000,0.6304347826086957
1995300,0.6304347826086957
1995600,0.6086956521739131
1995900,0.6086956521739131
1996200,0.5869565217391305
1996500,0.5869565217391305
1996800,0.5652173913043478
1997100,0.5434782608695652
1997400,0.5652173913043478
1997700,0.5652173913043478
1998000,0.5434782608695652
1998300,0.5434782608695652
1998600,0.5434782608695652
1998900,0.5434782608695652
1999200,0.5434782608695652
1999500,0.5434782608695652
1999800,0.5217391304347826
2000100,0.5217391304347826
2000400,0.5434782608695652
2000700,0.5217391304347826
2001000,0.5434782608695652
2001300,0.5869565217391305
2001600,0.5652173913043478
2001900,0.5652173913043478
2002200,0.5
2002500,0.5
2002800,0.4782608695652174
2003100,0.5
2003400,0.5
2003700,0.5434782608695652
2004000,0.5652173913043478
2004300,0.5869565217391305
2004600,0.5652173913043478
2004900,0.5869565217391305
2005200,0.5869565217391305
2005500,0.5869565217391305
2005800,0.6086956521739131
2006100,0.6086956521739131
2006400,0.6086956521739131
2006700,0.6086956521739131
2007000,0.6086956521739131
2007300,0.5652173913043478
2007600,0.5652173913043478
2007900,0.5652173913043478
2008200,0.5434782608695652
2008500,0.5652173913043478
2008800,0.5434782608695652
2009100,0.5217391304347826
2009400,0.5217391304347826
2009700,0.5
2010000,0.4782608695652174
2010300,0.4782608695652174
2010600,0.5
2010900,0.45652173913043476
2011200,0.4782608695652174
2011500,0.4782608695652174
2011800,0.5
2012100,0.5217391304347826
2012400,0.5
2012700,0.5
2013000,0.5
2013300,0.5434782608695652
2013600,0.5652173913043478
2013900,0.5869565217391305
2014200,0.5869565217391305
2014500,0.5434782608695652
2014800,0.5652173913043478
2015100,0.5652173913043478
2015400,0.5217391304347826
2015700,0.5217391304347826
2016000,0.5217391304347826
2016300,0.5217391304347826
2016600,0.5652173913043478
2016900,0.5869565217391305
2017200,0.5869565217391305
2017500,0.5869565217391305
2017800,0.5869565217391305
2018100,0.5652173913043478
2018400,0.5652173913043478
2018700,0.6086956521739131
2019000,0.6304347826086957
2019300,0.6304347826086957
2019600,0.6304347826086957
2019900,0.6304347826086957
2020200,0.6304347826086957
2020500,0.6304347826086957
2020800,0.6304347826086957
2021100,0.6304347826086957
2021400,0.6304347826086957
2021700,0.6304347826086957
2022000,0.6304347826086957
2022300,0.6304347826086957
2022600,0.6304347826086957
2022900,0.6304347826086957
2023200,0.6304347826086957
2023500,0.6304347826086957
2023800,0.6304347826086957
2024100,0.6304347826086957
2024400,0.6304347826086957
2024700,0.6304347826086957
2025000,0.6304347826086957
2025300,0.6304347826086957
2025600,0.6304347826086957
2025900,0.6304347826086957
2026200,0.6304347826086957
2026500,0.6304347826086957
2026800,0.6304347826086957
2027100,0.6304347826086957
2027400,0.6304347826086957
2027700,0.6304347826086957
2028000,0.6304347826086957
2028300,0.6304347826086957
2028600,0.6304347826086957
2028900,0.6304347826086957
2029200,0.6304347826086957
2029500,0.6304347826086957
2029800,0.6304347826086957
2030100,0.6304347826086957
2030400,0.6304347826086957
2030700,0.6304347826086957
2031000,0.6304347826086957
2031300,0.6304347826086957
2031600,0.6304347826086957
2031900,0.6304347826086957
2032200,0.6304347826086957
2032500,0.6304347826086957
2032800,0.6304347826086957
2033100,0.6304347826086957
2033400,0.6304347826086957
2033700,0.6304347826086957
2034000,0.6304347826086957
2034300,0.6304347826086957
2034600,0.6304347826086957
2034900,0.6304347826086957
2035200,0.6304347826086957
2035500,0.6304347826086957
2035800,0.6304347826086957
2036100,0.6304347826086957
2036400,0.6304347826086957
2036700,0.6304347826086957
2037000,0.6304347826086957
2037300,0.6304347826086957
2037600,0.6304347826086957
2037900,0.6304347826086957
2038200,0.6304347826086957
2038500,0.6304347826086957
2038800,0.6304347826086957
2039100,0.6304347826086957
2039400,0.6304347826086957
2039700,0.6739130434782609
2040000,0.6521739130434783
2040300,0.6739130434782609
2040600,0.6956521739130435
2040900,0.6956521739130435
2041200,0.6956521739130435
2041500,0.7391304347826086
2041800,0.7391304347826086
2042100,0.782608695652174
2042400,0.8043478260869565
2042700,0.782608695652174
2043000,0.782608695652174
2043300,0.782608695652174
2043600,0.717391304347826
2043900,0.8043478260869565
2044200,0.8913043478260869
2044500,0.8913043478260869
2044800,0.8913043478260869
2045100,0.8913043478260869
2045400,0.8913043478260869
2045700,0.8913043478260869
2046000,0.9347826086956522
2046300,0.9130434782608695
2046600,0.9130434782608695
2046900,0.9347826086956522
2047200,0.9347826086956522
2047500,0.9347826086956522
2047800,0.9347826086956522
2048100,0.9347826086956522
2048400,0.9347826086956522
2048700,0.9130434782608695
2049000,0.9347826086956522
2049300,0.9565217391304348
2049600,0.9565217391304348
2049900,0.9565217391304348
2050200,0.9782608695652174
2050500,0.9782608695652174
2050800,0.9782608695652174
2051100,1.0
2051400,1.0
2051700,1.0
2052000,0.9782608695652174
2052300,0.9782608695652174
2052600,0.9782608695652174
2052900,1.0
2053200,0.9347826086956522
2053500,0.9347826086956522
2053800,0.9347826086956522
2054100,0.9347826086956522
2054400,0.9347826086956522
2054700,0.9347826086956522
2055000,0.9130434782608695
2055300,0.8695652173913043
2055600,0.8478260869565217
2055900,0.8260869565217391
2056200,0.8695652173913043
2056500,0.8260869565217391
2056800,0.8260869565217391
2057100,0.8043478260869565
2057400,0.782608695652174
2057700,0.7391304347826086
2058000,0.717391304347826
2058300,0.7608695652173914
2058600,0.7608695652173914
2058900,0.7391304347826086
2059200,0.717391304347826
2059500,0.7608695652173914
2059800,0.7391304347826086
2060100,0.782608695652174
2060400,0.782608695652174
2060700,0.8043478260869565
2061000,0.7608695652173914
2061300,0.782608695652174
2061600,0.8043478260869565
2061900,0.782608695652174
2062200,0.7391304347826086
2062500,0.7608695652173914
2062800,0.7391304347826086
2063100,0.717391304347826
2063400,0.6739130434782609
2063700,0.6956521739130435
2064000,0.7391304347826086
2064300,0.717391304347826
2064600,0.7608695652173914
2064900,0.7608695652173914
2065200,0.782608695652174
2065500,0.782608695652174
2065800,0.8260869565217391
2066100,0.8260869565217391
2066400,0.8478260869565217
2066700,0.8478260869565217
2067000,0.8478260869565217
2067300,0.8695652173913043
2067600,0.8913043478260869
2067900,0.8695652173913043
2068200,0.8913043478260869
2068500,0.8913043478260869
2068800,0.8913043478260869
2069100,0.8913043478260869
2069400,0.8695652173913043
2069700,0.8695652173913043
2070000,0.8695652173913043
2070300,0.8695652173913043
2070600,0.8695652173913043
2070900,0.8478260869565217
2071200,0.8913043478260869
2071500,0.8913043478260869
2071800,0.8695652173913043
2072100,0.8478260869565217
2072400,0.8260869565217391
2072700,0.8043478260869565
2073000,0.8043478260869565
2073300,0.782608695652174
2073600,0.782608695652174
2073900,0.7391304347826086
2074200,0.7391304347826086
2074500,0.717391304347826
2074800,0.717391304347826
2075100,0.6304347826086957
2075400,0.6086956521739131
2075700,0.6521739130434783
2076000,0.5652173913043478
2076300,0.4782608695652174
2076600,0.45652173913043476
2076900,0.43478260869565216
2077200,0.45652173913043476
2077500,0.4782608695652174
2077800,0.391304347826087
2078100,0.391304347826087
2078400,0.3695652173913043
2078700,0.3695652173913043
2079000,0.34782608695652173
2079300,0.4782608695652174
2079600,0.5
2079900,0.5434782608695652
2080200,0.5217391304347826
2080500,0.5
2080800,0.5652173913043478
2081100,0.5652173913043478
2081400,0.5652173913043478
2081700,0.5869565217391305
2082000,0.6304347826086957
2082300,0.6304347826086957
2082600,0.6304347826086957
2082900,0.6086956521739131
2083200,0.6304347826086957
2083500,0.6304347826086957
2083800,0.6304347826086957
2084100,0.6304347826086957
2084400,0.6521739130434783
2084700,0.6521739130434783
2085000,0.6739130434782609
2085300,0.6739130434782609
2085600,0.6739130434782609
2085900,0.6521739130434783
2086200,0.6304347826086957
2086500,0.6956521739130435
2086800,0.6739130434782609
2087100,0.6739130434782609
2087400,0.6521739130434783
2087700,0.6521739130434783
2088000,0.6304347826086957
2088300,0.6304347826086957
2088600,0.5652173913043478
2088900,0.6304347826086957
2089200,0.6304347826086957
2089500,0.6304347826086957
2089800,0.6304347826086957
2090100,0.6304347826086957
2090400,0.6304347826086957
2090700,0.6086956521739131
2091000,0.6086956521739131
2091300,0.6086956521739131
2091600,0.6739130434782609
2091900,0.6521739130434783
2092200,0.6739130434782609
2092500,0.6739130434782609
2092800,0.6304347826086957
2093100,0.6304347826086957
2093400,0.6304347826086957
2093700,0.6304347826086957
2094000,0.6304347826086957
2094300,0.5869565217391305
2094600,0.6739130434782609
2094900,0.6521739130434783
2095200,0.6521739130434783
2095500,0.6304347826086957
2095800,0.6086956521739131
2096100,0.6086956521739131
2096400,0.6086956521739131
2096700,0.5869565217391305
2097000,0.5869565217391305
2097300,0.5652173913043478
2097600,0.5217391304347826
2097900,0.5
2098200,0.5217391304347826
2098500,0.5
2098800,0.5217391304347826
2099100,0.5
2099400,0.5217391304347826
2099700,0.5652173913043478
2100000,0.5434782608695652
2100300,0.5434782608695652
2100600,0.5
2100900,0.5217391304347826
2101200,0.5
2101500,0.5217391304347826
2101800,0.5217391304347826
2102100,0.5434782608695652
2102400,0.5652173913043478
2102700,0.6086956521739131
2103000,0.6521739130434783
2103300,0.6521739130434783
2103600,0.6521739130434783
2103900,0.6304347826086957
2104200,0.6304347826086957
2104500,0.6304347826086957
2104800,0.6521739130434783
2105100,0.6739130434782609
2105400,0.717391304347826
2105700,0.6956521739130435
2106000,0.717391304347826
2106300,0.7391304347826086
2106600,0.7391304347826086
2106900,0.7391304347826086
2107200,0.6956521739130435
2107500,0.717391304347826
2107800,0.7391304347826086
2108100,0.7391304347826086
2108400,0.7608695652173914
2108700,0.782608695652174
2109000,0.7391304347826086
2109300,0.7391304347826086
2109600,0.7608695652173914
2109900,0.8043478260869565
2110200,0.8260869565217391
2110500,0.8043478260869565
2110800,0.782608695652174
2111100,0.782608695652174
2111400,0.7608695652173914
2111700,0.7608695652173914
2112000,0.7391304347826086
2112300,0.7391304347826086
2112600,0.8043478260869565
2112900,0.8043478260869565
2113200,0.8043478260869565
2113500,0.8260869565217391
2113800,0.8478260869565217
2114100,0.8478260869565217
2114400,0.8478260869565217
2114700,0.8478260869565217
2115000,0.8478260869565217
2115300,0.8260869565217391
2115600,0.782608695652174
2115900,0.7608695652173914
2116200,0.782608695652174
2116500,0.782608695652174
2116800,0.782608695652174
2117100,0.7391304347826086
2117400,0.717391304347826
2117700,0.717391304347826
2118000,0.6739130434782609
2118300,0.6086956521739131
2118600,0.5434782608695652
2118900,0.5217391304347826
2119200,0.5652173913043478
2119500,0.5869565217391305
2119800,0.6086956521739131
2120100,0.5869565217391305
2120400,0.5434782608695652
2120700,0.5434782608695652
2121000,0.5869565217391305
2121300,0.6086956521739131
2121600,0.5869565217391305
2121900,0.6086956521739131
2122200,0.6086956521739131
2122500,0.6086956521739131
2122800,0.6956521739130435
2123100,0.6956521739130435
2123400,0.6739130434782609
2123700,0.6521739130434783
2124000,0.6304347826086957
2124300,0.6086956521739131
2124600,0.6304347826086957
2124900,0.7391304347826086
2125200,0.7608695652173914
2125500,0.7608695652173914
2125800,0.7391304347826086
2126100,0.7608695652173914
2126400,0.7608695652173914
2126700,0.782608695652174
2127000,0.7608695652173914
2127300,0.782608695652174
2127600,0.8043478260869565
2127900,0.8260869565217391
2128200,0.8478260869565217
2128500,0.8695652173913043
2128800,0.8695652173913043
2129100,0.8913043478260869
2129400,0.8913043478260869
2129700,0.8913043478260869
2130000,0.8913043478260869
2130300,0.8478260869565217
2130600,0.8695652173913043
2130900,0.8695652173913043
2131200,0.8695652173913043
2131500,0.8913043478260869
2131800,0.8913043478260869
2132100,0.8913043478260869
2132400,0.8913043478260869
2132700,0.8913043478260869
2133000,0.9130434782608695
2133300,0.9130434782608695
2133600,0.9130434782608695
2133900,0.9130434782608695
2134200,0.9130434782608695
2134500,0.9130434782608695
2134800,0.9347826086956522
2135100,0.9565217391304348
2135400,0.9565217391304348
2135700,0.9565217391304348
2136000,0.9347826086956522
2136300,0.9347826086956522
2136600,0.9565217391304348
2136900,0.9565217391304348
2137200,0.9565217391304348
2137500,0.9565217391304348
2137800,0.9565217391304348
2138100,0.9347826086956522
2138400,0.9565217391304348
2138700,0.9565217391304348
2139000,0.9565217391304348
2139300,0.9565217391304348
2139600,0.9565217391304348
2139900,1.0
2140200,1.0
2140500,0.9782608695652174
2140800,0.9782608695652174
2141100,0.9782608695652174
2141400,0.9565217391304348
2141700,0.9565217391304348
2142000,0.9565217391304348
2142300,0.9130434782608695
2142600,0.8695652173913043
2142900,0.8478260869565217
2143200,0.8478260869565217
2143500,0.8043478260869565
2143800,0.8478260869565217
2144100,0.8478260869565217
2144400,0.8478260869565217
2144700,0.8478260869565217
2145000,0.8260869565217391
2145300,0.8695652173913043
2145600,0.8913043478260869
2145900,0.9130434782608695
2146200,0.8478260869565217
2146500,0.8478260869565217
2146800,0.8043478260869565
2147100,0.782608695652174
2147400,0.7608695652173914
2147700,0.6956521739130435
2148000,0.717391304347826
2148300,0.7391304347826086
2148600,0.7608695652173914
2148900,0.7391304347826086
2149200,0.7391304347826086
2149500,0.8260869565217391
2149800,0.8478260869565217
2150100,0.8695652173913043
2150400,0.8478260869565217
2150700,0.8695652173913043
2151000,0.8478260869565217
2151300,0.8695652173913043
2151600,0.9130434782608695
2151900,0.9130434782608695
2152200,0.9130434782608695
2152500,0.9347826086956522
2152800,0.9347826086956522
2153100,0.8478260869565217
2153400,0.782608695652174
2153700,0.717391304347826
2154000,0.6739130434782609
2154300,0.6739130434782609
2154600,0.6521739130434783
2154900,0.6739130434782609
2155200,0.717391304347826
2155500,0.6304347826086957
2155800,0.6956521739130435
2156100,0.6956521739130435
2156400,0.6956521739130435
2156700,0.717391304347826
2157000,0.782608695652174
2157300,0.782608695652174
2157600,0.8260869565217391
2157900,0.8695652173913043
2158200,0.8695652173913043
2158500,0.8913043478260869
2158800,0.8913043478260869
2159100,0.9130434782608695
2159400,0.8913043478260869
2159700,0.8913043478260869
2160000,0.8695652173913043
2160300,0.8478260869565217
2160600,0.8478260869565217
2160900,0.8043478260869565
2161200,0.8043478260869565
2161500,0.7608695652173914
2161800,0.7391304347826086
2162100,0.717391304347826
2162400,0.6521739130434783
2162700,0.6521739130434783
2163000,0.6521739130434783
2163300,0.6521739130434783
2163600,0.6304347826086957
2163900,0.5869565217391305
2164200,0.6086956521739131
2164500,0.5652173913043478
2164800,0.5434782608695652
2165100,0.5434782608695652
2165400,0.5434782608695652
2165700,0.5434782608695652
2166000,0.5434782608695652
2166300,0.5
2166600,0.5217391304347826
2166900,0.5434782608695652
2167200,0.5434782608695652
2167500,0.5434782608695652
2167800,0.5869565217391305
2168100,0.5869565217391305
2168400,0.6304347826086957
2168700,0.6304347826086957
2169000,0.6304347826086957
2169300,0.6304347826086957
2169600,0.6304347826086957
2169900,0.6304347826086957
2170200,0.6304347826086957
2170500,0.6304347826086957
2170800,0.6521739130434783
2171100,0.6304347826086957
2171400,0.6956521739130435
2171700,0.6956521739130435
2172000,0.6739130434782609
2172300,0.6739130434782609
2172600,0.6956521739130435
2172900,0.6739130434782609
2173200,0.6739130434782609
2173500,0.6956521739130435
2173800,0.6521739130434783
2174100,0.6521739130434783
2174400,0.6521739130434783
2174700,0.6304347826086957
2175000,0.6304347826086957
2175300,0.6304347826086957
2175600,0.6304347826086957
2175900,0.6304347826086957
2176200,0.6304347826086957
2176500,0.6086956521739131
2176800,0.6086956521739131
2177100,0.6086956521739131
2177400,0.6521739130434783
2177700,0.6521739130434783
2178000,0.6521739130434783
2178300,0.5869565217391305
2178600,0.6086956521739131
2178900,0.6304347826086957
2179200,0.5869565217391305
2179500,0.5869565217391305
2179800,0.5652173913043478
2180100,0.6086956521739131
2180400,0.5217391304347826
2180700,0.5434782608695652
2181000,0.5
2181300,0.6086956521739131
2181600,0.5652173913043478
2181900,0.5434782608695652
2182200,0.5869565217391305
2182500,0.5869565217391305
2182800,0.5434782608695652
2183100,0.5217391304347826
2183400,0.5434782608695652
2183700,0.5434782608695652
2184000,0.4782608695652174
2184300,0.45652173913043476
2184600,0.43478260869565216
2184900,0.5
2185200,0.4782608695652174
2185500,0.4782608695652174
2185800,0.5217391304347826
2186100,0.5
2186400,0.5
2186700,0.5434782608695652
2187000,0.5652173913043478
2187300,0.5869565217391305
2187600,0.5434782608695652
2187900,0.5434782608695652
2188200,0.5869565217391305
2188500,0.6086956521739131
2188800,0.6521739130434783
2189100,0.6956521739130435
2189400,0.6956521739130435
2189700,0.6956521739130435
2190000,0.717391304347826
2190300,0.6956521739130435
2190600,0.717391304347826
2190900,0.717391304347826
2191200,0.6739130434782609
2191500,0.6304347826086957
2191800,0.6739130434782609
2192100,0.6956521739130435
2192400,0.6956521739130435
2192700,0.717391304347826
2193000,0.782608695652174
2193300,0.7608695652173914
2193600,0.7608695652173914
2193900,0.7391304347826086
2194200,0.7391304347826086
2194500,0.7608695652173914
2194800,0.7391304347826086
2195100,0.7391304347826086
2195400,0.6956521739130435
2195700,0.6956521739130435
2196000,0.717391304347826
2196300,0.717391304347826
2196600,0.782608695652174
2196900,0.782608695652174
2197200,0.782608695652174
2197500,0.8043478260869565
2197800,0.8260869565217391
2198100,0.8478260869565217
2198400,0.8478260869565217
2198700,0.8695652173913043
2199000,0.8695652173913043
2199300,0.8478260869565217
2199600,0.8260869565217391
2199900,0.8260869565217391
2200200,0.8043478260869565
2200500,0.8043478260869565
2200800,0.8043478260869565
2201100,0.8260869565217391
2201400,0.8478260869565217
2201700,0.8260869565217391
2202000,0.8478260869565217
2202300,0.782608695652174
2202600,0.782608695652174
2202900,0.7391304347826086
2203200,0.6956521739130435
2203500,0.5869565217391305
2203800,0.5
2204100,0.5
2204400,0.41304347826086957
2204700,0.30434782608695654
2205000,0.2608695652173913
2205300,0.15217391304347827
2205600,0.15217391304347827
2205900,0.21739130434782608
2206200,0.17391304347826086
2206500,0.2608695652173913
2206800,0.2826086956521739
2207100,0.32608695652173914
2207400,0.2826086956521739
2207700,0.391304347826087
2208000,0.3695652173913043
2208300,0.43478260869565216
2208600,0.43478260869565216
2208900,0.41304347826086957
2209200,0.45652173913043476
2209500,0.5
2209800,0.5869565217391305
2210100,0.6304347826086957
2210400,0.6521739130434783
2210700,0.6521739130434783
2211000,0.6739130434782609
2211300,0.7391304347826086
2211600,0.6521739130434783
2211900,0.6521739130434783
2212200,0.6956521739130435
2212500,0.7608695652173914
2212800,0.7608695652173914
2213100,0.7391304347826086
2213400,0.782608695652174
2213700,0.782608695652174
2214000,0.8260869565217391
2214300,0.8260869565217391
2214600,0.8913043478260869
2214900,0.8913043478260869
2215200,0.8913043478260869
2215500,0.8695652173913043
2215800,0.9130434782608695
2216100,0.9130434782608695
2216400,0.9565217391304348
2216700,0.9565217391304348
2217000,0.9347826086956522
2217300,0.9130434782608695
2217600,0.8913043478260869
2217900,0.8695652173913043
2218200,0.8913043478260869
2218500,0.9130434782608695
2218800,0.9130434782608695
2219100,0.9347826086956522
2219400,0.9347826086956522
2219700,0.9130434782608695
2220000,0.9130434782608695
2220300,0.9130434782608695
2220600,0.9347826086956522
2220900,0.9565217391304348
2221200,0.9347826086956522
2221500,0.8913043478260869
2221800,0.8913043478260869
2222100,0.8913043478260869
2222400,0.8913043478260869
2222700,0.8695652173913043
2223000,0.8695652173913043
2223300,0.8478260869565217
2223600,0.8695652173913043
2223900,0.8695652173913043
2224200,0.8260869565217391
2224500,0.8260869565217391
2224800,0.782608695652174
2225100,0.8043478260869565
2225400,0.8043478260869565
2225700,0.8478260869565217
2226000,0.8913043478260869
2226300,0.9130434782608695
2226600,0.9347826086956522
2226900,0.9347826086956522
2227200,0.9347826086956522
2227500,0.9347826086956522
2227800,0.9347826086956522
2228100,0.9347826086956522
2228400,0.9347826086956522
2228700,0.8913043478260869
2229000,0.8695652173913043
2229300,0.8478260869565217
2229600,0.782608695652174
2229900,0.7391304347826086
2230200,0.6956521739130435
2230500,0.43478260869565216
2230800,0.32608695652173914
2231100,0.6956521739130435
2231400,0.6956521739130435
2231700,0.6739130434782609
2232000,0.7391304347826086
2232300,0.7608695652173914
2232600,0.7608695652173914
2232900,0.7608695652173914
2233200,0.8043478260869565
2233500,0.8043478260869565
2233800,0.8260869565217391
2234100,0.8260869565217391
2234400,0.8478260869565217
2234700,0.8260869565217391
2235000,0.8260869565217391
2235300,0.8695652173913043
2235600,0.8695652173913043
2235900,0.8913043478260869
2236200,0.9130434782608695
2236500,0.9130434782608695
2236800,0.8913043478260869
2237100,0.8695652173913043
2237400,0.8695652173913043
2237700,0.8478260869565217
2238000,0.8478260869565217
2238300,0.8695652173913043
2238600,0.8478260869565217
2238900,0.782608695652174
2239200,0.8043478260869565
2239500,0.8043478260869565
2239800,0.782608695652174
2240100,0.782608695652174
2240400,0.782608695652174
2240700,0.782608695652174
2241000,0.782608695652174
2241300,0.8043478260869565
2241600,0.782608695652174
2241900,0.7608695652173914
2242200,0.7608695652173914
2242500,0.7391304347826086
2242800,0.717391304347826
2243100,0.717391304347826
2243400,0.7391304347826086
2243700,0.7608695652173914
2244000,0.782608695652174
2244300,0.7608695652173914
2244600,0.7608695652173914
2244900,0.7391304347826086
2245200,0.7391304347826086
2245500,0.7391304347826086
2245800,0.717391304347826
2246100,0.6956521739130435
2246400,0.6956521739130435
2246700,0.6956521739130435
2247000,0.6956521739130435
2247300,0.6956521739130435
2247600,0.6739130434782609
2247900,0.6521739130434783
2248200,0.6304347826086957
2248500,0.5869565217391305
2248800,0.5869565217391305
2249100,0.5869565217391305
2249400,0.5434782608695652
2249700,0.5652173913043478
2250000,0.5869565217391305
2250300,0.5652173913043478
2250600,0.5652173913043478
2250900,0.5434782608695652
2251200,0.5652173913043478
2251500,0.5869565217391305
2251800,0.5217391304347826
2252100,0.5217391304347826
2252400,0.5434782608695652
2252700,0.5652173913043478
2253000,0.5434782608695652
2253300,0.5434782608695652
2253600,0.5869565217391305
2253900,0.5652173913043478
2254200,0.5217391304347826
2254500,0.5217391304347826
2254800,0.5
2255100,0.5434782608695652
2255400,0.5434782608695652
2255700,0.5217391304347826
2256000,0.5
2256300,0.5652173913043478
2256600,0.5652173913043478
2256900,0.5652173913043478
2257200,0.5434782608695652
2257500,0.5434782608695652
2257800,0.5
2258100,0.5
2258400,0.5
2258700,0.5
2259000,0.5217391304347826
2259300,0.5434782608695652
2259600,0.5434782608695652
2259900,0.5434782608695652
2260200,0.5652173913043478
2260500,0.6304347826086957
2260800,0.6304347826086957
2261100,0.6086956521739131
2261400,0.6086956521739131
2261700,0.6086956521739131
2262000,0.6086956521739131
2262300,0.5869565217391305
2262600,0.6086956521739131
2262900,0.6304347826086957
2263200,0.6521739130434783
2263500,0.6521739130434783
2263800,0.6739130434782609
2264100,0.6739130434782609
2264400,0.6739130434782609
2264700,0.6521739130434783
2265000,0.6521739130434783
2265300,0.6521739130434783
2265600,0.6521739130434783
2265900,0.6521739130434783
2266200,0.6304347826086957
2266500,0.6304347826086957
2266800,0.6304347826086957
2267100,0.5869565217391305
2267400,0.5652173913043478
2267700,0.5217391304347826
2268000,0.5434782608695652
2268300,0.4782608695652174
2268600,0.5
2268900,0.5217391304347826
2269200,0.4782608695652174
2269500,0.4782608695652174
2269800,0.4782608695652174
2270100,0.4782608695652174
2270400,0.4782608695652174
2270700,0.5
2271000,0.5217391304347826
2271300,0.5217391304347826
2271600,0.5434782608695652
2271900,0.5434782608695652
2272200,0.5217391304347826
2272500,0.5434782608695652
2272800,0.5217391304347826
2273100,0.4782608695652174
2273400,0.45652173913043476
2273700,0.43478260869565216
2274000,0.43478260869565216
2274300,0.45652173913043476
2274600,0.43478260869565216
2274900,0.4782608695652174
2275200,0.5217391304347826
2275500,0.4782608695652174
2275800,0.5434782608695652
2276100,0.5217391304347826
2276400,0.5217391304347826
2276700,0.5434782608695652
2277000,0.5434782608695652
2277300,0.6086956521739131
2277600,0.6521739130434783
2277900,0.6739130434782609
2278200,0.6739130434782609
2278500,0.6521739130434783
2278800,0.6521739130434783
2279100,0.6739130434782609
2279400,0.6739130434782609
2279700,0.6739130434782609
2280000,0.6739130434782609
2280300,0.6956521739130435
2280600,0.6956521739130435
2280900,0.6956521739130435
2281200,0.717391304347826
2281500,0.6956521739130435
2281800,0.6956521739130435
2282100,0.717391304347826
2282400,0.717391304347826
2282700,0.7391304347826086
2283000,0.7391304347826086
2283300,0.7391304347826086
2283600,0.7608695652173914
2283900,0.782608695652174
2284200,0.8043478260869565
2284500,0.8260869565217391
2284800,0.8260869565217391
2285100,0.8043478260869565
2285400,0.8695652173913043
2285700,0.8695652173913043
2286000,0.8478260869565217
2286300,0.8478260869565217
2286600,0.8913043478260869
2286900,0.8913043478260869
2287200,0.8695652173913043
2287500,0.8695652173913043
2287800,0.8695652173913043
2288100,0.8478260869565217
2288400,0.8695652173913043
2288700,0.8695652173913043
2289000,0.8478260869565217
2289300,0.8478260869565217
2289600,0.8478260869565217
2289900,0.8043478260869565
2290200,0.782608695652174
2290500,0.6521739130434783
2290800,0.7391304347826086
2291100,0.6739130434782609
2291400,0.6956521739130435
2291700,0.6304347826086957
2292000,0.6086956521739131
2292300,0.5652173913043478
2292600,0.6304347826086957
2292900,0.5434782608695652
2293200,0.5217391304347826
2293500,0.5217391304347826
2293800,0.45652173913043476
2294100,0.5
2294400,0.4782608695652174
2294700,0.41304347826086957
2295000,0.41304347826086957
2295300,0.391304347826087
2295600,0.43478260869565216
2295900,0.43478260869565216
2296200,0.4782608695652174
2296500,0.45652173913043476
2296800,0.41304347826086957
2297100,0.4782608695652174
2297400,0.5217391304347826
2297700,0.5434782608695652
2298000,0.5869565217391305
2298300,0.6086956521739131
2298600,0.6956521739130435
2298900,0.717391304347826
2299200,0.717391304347826
2299500,0.7391304347826086
2299800,0.7391304347826086
2300100,0.7391304347826086
2300400,0.8478260869565217
2300700,0.8260869565217391
2301000,0.8043478260869565
2301300,0.8260869565217391
2301600,0.8478260869565217
2301900,0.8260869565217391
2302200,0.8478260869565217
2302500,0.8695652173913043
2302800,0.8695652173913043
2303100,0.8695652173913043
2303400,0.8695652173913043
2303700,0.8913043478260869
2304000,0.8913043478260869
2304300,0.8695652173913043
2304600,0.8695652173913043
2304900,0.8695652173913043
2305200,0.8695652173913043
2305500,0.9130434782608695
2305800,0.9130434782608695
2306100,0.9565217391304348
2306400,0.9782608695652174
2306700,0.9565217391304348
2307000,0.9565217391304348
2307300,0.9347826086956522
2307600,0.9130434782608695
2307900,0.8913043478260869
2308200,0.8913043478260869
2308500,0.8913043478260869
2308800,0.8695652173913043
2309100,0.8695652173913043
2309400,0.8695652173913043
2309700,0.8695652173913043
2310000,0.8695652173913043
2310300,0.8913043478260869
2310600,0.9130434782608695
2310900,0.8913043478260869
2311200,0.9130434782608695
2311500,0.9347826086956522
2311800,0.9565217391304348
2312100,0.9565217391304348
2312400,0.9565217391304348
2312700,0.9565217391304348
2313000,0.9565217391304348
2313300,0.9565217391304348
2313600,0.9565217391304348
2313900,0.9565217391304348
2314200,0.9130434782608695
2314500,0.8913043478260869
2314800,0.8913043478260869
2315100,0.8695652173913043
2315400,0.8478260869565217
2315700,0.8695652173913043
2316000,0.8695652173913043
2316300,0.8913043478260869
2316600,0.8913043478260869
2316900,0.8695652173913043
2317200,0.8260869565217391
2317500,0.8043478260869565
2317800,0.8695652173913043
2318100,0.8478260869565217
2318400,0.8043478260869565
2318700,0.8043478260869565
2319000,0.7608695652173914
2319300,0.7391304347826086
2319600,0.717391304347826
2319900,0.7608695652173914
2320200,0.7608695652173914
2320500,0.7391304347826086
2320800,0.7391304347826086
2321100,0.7391304347826086
2321400,0.782608695652174
2321700,0.8260869565217391
2322000,0.8260869565217391
2322300,0.8260869565217391
2322600,0.8043478260869565
2322900,0.782608695652174
2323200,0.782608695652174
2323500,0.782608695652174
2323800,0.8043478260869565
2324100,0.8260869565217391
2324400,0.8260869565217391
2324700,0.8260869565217391
2325000,0.8043478260869565
2325300,0.8260869565217391
2325600,0.8695652173913043
2325900,0.8695652173913043
2326200,0.8913043478260869
2326500,0.8913043478260869
2326800,0.8695652173913043
2327100,0.8478260869565217
2327400,0.8478260869565217
2327700,0.8695652173913043
2328000,0.8043478260869565
2328300,0.8043478260869565
2328600,0.8043478260869565
2328900,0.8695652173913043
2329200,0.8478260869565217
2329500,0.8260869565217391
2329800,0.8043478260869565
2330100,0.8260869565217391
2330400,0.782608695652174
2330700,0.782608695652174
2331000,0.7608695652173914
2331300,0.782608695652174
2331600,0.782608695652174
2331900,0.8260869565217391
2332200,0.8043478260869565
2332500,0.8260869565217391
2332800,0.8695652173913043
2333100,0.8260869565217391
2333400,0.8043478260869565
2333700,0.8043478260869565
2334000,0.782608695652174
2334300,0.7608695652173914
2334600,0.782608695652174
2334900,0.7391304347826086
2335200,0.6956521739130435
2335500,0.6739130434782609
2335800,0.6739130434782609
2336100,0.6086956521739131
2336400,0.5869565217391305
2336700,0.6086956521739131
2337000,0.5869565217391305
2337300,0.5869565217391305
2337600,0.5869565217391305
2337900,0.5869565217391305
2338200,0.5652173913043478
2338500,0.5
2338800,0.5434782608695652
2339100,0.6086956521739131
2339400,0.5652173913043478
2339700,0.5652173913043478
2340000,0.5652173913043478
2340300,0.5652173913043478
2340600,0.5869565217391305
2340900,0.5434782608695652
2341200,0.5434782608695652
2341500,0.5217391304347826
2341800,0.5434782608695652
2342100,0.5217391304347826
2342400,0.5434782608695652
2342700,0.5434782608695652
2343000,0.5652173913043478
2343300,0.5652173913043478
2343600,0.6086956521739131
2343900,0.6304347826086957
2344200,0.6739130434782609
2344500,0.6086956521739131
2344800,0.6086956521739131
2345100,0.6086956521739131
2345400,0.6521739130434783
2345700,0.6739130434782609
2346000,0.6521739130434783
2346300,0.6304347826086957
2346600,0.6304347826086957
2346900,0.6304347826086957
2347200,0.6304347826086957
2347500,0.6304347826086957
2347800,0.6521739130434783
2348100,0.6739130434782609
2348400,0.6739130434782609
2348700,0.6956521739130435
2349000,0.6956521739130435
2349300,0.7391304347826086
2349600,0.717391304347826
2349900,0.7391304347826086
2350200,0.6956521739130435
2350500,0.6956521739130435
2350800,0.6956521739130435
2351100,0.6739130434782609
2351400,0.6739130434782609
2351700,0.6739130434782609
2352000,0.6739130434782609
2352300,0.6739130434782609
2352600,0.6739130434782609
2352900,0.6739130434782609
2353200,0.6739130434782609
2353500,0.6739130434782609
2353800,0.6521739130434783
2354100,0.6521739130434783
2354400,0.6521739130434783
2354700,0.6521739130434783
2355000,0.6304347826086957
2355300,0.6304347826086957
2355600,0.6304347826086957
2355900,0.6304347826086957
2356200,0.6739130434782609
2356500,0.6521739130434783
2356800,0.6521739130434783
2357100,0.5869565217391305
2357400,0.5869565217391305
2357700,0.5434782608695652
2358000,0.5
2358300,0.4782608695652174
2358600,0.4782608695652174
2358900,0.4782608695652174
2359200,0.41304347826086957
2359500,0.391304347826087
2359800,0.41304347826086957
2360100,0.391304347826087
2360400,0.41304347826086957
2360700,0.391304347826087
2361000,0.43478260869565216
2361300,0.45652173913043476
2361600,0.4782608695652174
2361900,0.4782608695652174
2362200,0.5
2362500,0.5434782608695652
2362800,0.5869565217391305
2363100,0.6304347826086957
2363400,0.6521739130434783
2363700,0.6739130434782609
2364000,0.717391304347826
2364300,0.782608695652174
2364600,0.782608695652174
2364900,0.782608695652174
2365200,0.8043478260869565
2365500,0.782608695652174
2365800,0.8043478260869565
2366100,0.8043478260869565
2366400,0.8043478260869565
2366700,0.8043478260869565
2367000,0.8043478260869565
2367300,0.782608695652174
2367600,0.782608695652174
2367900,0.782608695652174
2368200,0.782608695652174
2368500,0.7608695652173914
2368800,0.7608695652173914
2369100,0.782608695652174
2369400,0.8043478260869565
2369700,0.8043478260869565
2370000,0.782608695652174
2370300,0.8043478260869565
2370600,0.8043478260869565
2370900,0.782608695652174
2371200,0.8043478260869565
2371500,0.7608695652173914
2371800,0.782608695652174
2372100,0.782608695652174
2372400,0.782608695652174
2372700,0.7608695652173914
2373000,0.7391304347826086
2373300,0.7391304347826086
2373600,0.8043478260869565
2373900,0.8043478260869565
2374200,0.782608695652174
2374500,0.782608695652174
2374800,0.8043478260869565
2375100,0.8043478260869565
2375400,0.7608695652173914
2375700,0.7391304347826086
2376000,0.6304347826086957
2376300,0.6956521739130435
2376600,0.6956521739130435
2376900,0.6521739130434783
2377200,0.5652173913043478
2377500,0.5217391304347826
2377800,0.5
2378100,0.5
2378400,0.45652173913043476
2378700,0.43478260869565216
2379000,0.41304347826086957
2379300,0.41304347826086957
2379600,0.41304347826086957
2379900,0.41304347826086957
2380200,0.45652173913043476
2380500,0.41304347826086957
2380800,0.34782608695652173
2381100,0.32608695652173914
2381400,0.32608695652173914
2381700,0.30434782608695654
2382000,0.32608695652173914
2382300,0.34782608695652173
2382600,0.3695652173913043
2382900,0.34782608695652173
2383200,0.391304347826087
2383500,0.4782608695652174
2383800,0.5869565217391305
2384100,0.6086956521739131
2384400,0.6304347826086957
2384700,0.6304347826086957
2385000,0.6739130434782609
2385300,0.6956521739130435
2385600,0.782608695652174
2385900,0.782608695652174
2386200,0.8043478260869565
2386500,0.8043478260869565
2386800,0.782608695652174
2387100,0.782608695652174
2387400,0.8260869565217391
2387700,0.8478260869565217
2388000,0.8695652173913043
2388300,0.8695652173913043
2388600,0.9130434782608695
2388900,0.9347826086956522
2389200,0.9565217391304348
2389500,0.9565217391304348
2389800,0.9565217391304348
2390100,0.9347826086956522
2390400,0.9347826086956522
2390700,0.9347826086956522
2391000,0.9130434782608695
2391300,0.9130434782608695
2391600,0.9130434782608695
2391900,0.9130434782608695
2392200,0.8695652173913043
2392500,0.8695652173913043
2392800,0.8695652173913043
2393100,0.8260869565217391
2393400,0.8260869565217391
2393700,0.8260869565217391
2394000,0.8913043478260869
2394300,0.8695652173913043
2394600,0.8478260869565217
2394900,0.8260869565217391
2395200,0.8260869565217391
2395500,0.8260869565217391
2395800,0.8260869565217391
2396100,0.8260869565217391
2396400,0.8260869565217391
2396700,0.8043478260869565
2397000,0.8043478260869565
2397300,0.8478260869565217
2397600,0.8478260869565217
2397900,0.8695652173913043
2398200,0.8695652173913043
2398500,0.8695652173913043
2398800,0.8913043478260869
2399100,0.8695652173913043
2399400,0.8695652173913043
2399700,0.8695652173913043
2400000,0.8913043478260869
2400300,0.8913043478260869
2400600,0.8913043478260869
2400900,0.8913043478260869
2401200,0.9130434782608695
2401500,0.9130434782608695
2401800,0.8260869565217391
2402100,0.8043478260869565
2402400,0.6956521739130435
2402700,0.6956521739130435
2403000,0.6521739130434783
2403300,0.6521739130434783
2403600,0.717391304347826
2403900,0.7391304347826086
2404200,0.7391304347826086
2404500,0.8260869565217391
2404800,0.8043478260869565
2405100,0.8260869565217391
2405400,0.8260869565217391
2405700,0.8043478260869565
2406000,0.8043478260869565
2406300,0.8260869565217391
2406600,0.8260869565217391
2406900,0.8260869565217391
2407200,0.8260869565217391
2407500,0.8043478260869565
2407800,0.8043478260869565
2408100,0.8043478260869565
2408400,0.8478260869565217
2408700,0.8478260869565217
2409000,0.8478260869565217
2409300,0.8695652173913043
2409600,0.8478260869565217
2409900,0.8478260869565217
2410200,0.8478260869565217
2410500,0.8695652173913043
2410800,0.8478260869565217
2411100,0.8695652173913043
2411400,0.8260869565217391
2411700,0.8695652173913043
2412000,0.8695652173913043
2412300,0.8695652173913043
2412600,0.8695652173913043
2412900,0.8260869565217391
2413200,0.8260869565217391
2413500,0.8260869565217391
2413800,0.8478260869565217
2414100,0.8260869565217391
2414400,0.8478260869565217
2414700,0.8478260869565217
2415000,0.8478260869565217
2415300,0.8478260869565217
2415600,0.782608695652174
2415900,0.8260869565217391
2416200,0.9130434782608695
2416500,0.8478260869565217
2416800,0.8478260869565217
2417100,0.8478260869565217
2417400,0.8260869565217391
2417700,0.8260869565217391
2418000,0.8913043478260869
2418300,0.8695652173913043
2418600,0.8913043478260869
2418900,0.8260869565217391
2419200,0.8260869565217391
2419500,0.782608695652174
2419800,0.7391304347826086
2420100,0.6956521739130435
2420400,0.6739130434782609
2420700,0.6521739130434783
2421000,0.6086956521739131
2421300,0.5869565217391305
2421600,0.5434782608695652
2421900,0.5434782608695652
2422200,0.5
2422500,0.5217391304347826
2422800,0.5434782608695652
2423100,0.5217391304347826
2423400,0.5
2423700,0.5869565217391305
2424000,0.5652173913043478
2424300,0.5217391304347826
2424600,0.5217391304347826
2424900,0.5652173913043478
2425200,0.5869565217391305
2425500,0.5869565217391305
2425800,0.6304347826086957
2426100,0.6521739130434783
2426400,0.6739130434782609
2426700,0.6739130434782609
2427000,0.6521739130434783
2427300,0.6739130434782609
2427600,0.6521739130434783
2427900,0.6521739130434783
2428200,0.6739130434782609
2428500,0.717391304347826
2428800,0.6521739130434783
2429100,0.6739130434782609
2429400,0.6739130434782609
2429700,0.6739130434782609
2430000,0.6521739130434783
2430300,0.6304347826086957
2430600,0.6086956521739131
2430900,0.6304347826086957
2431200,0.6304347826086957
2431500,0.6304347826086957
2431800,0.6304347826086957
2432100,0.6521739130434783
2432400,0.6521739130434783
2432700,0.6739130434782609
2433000,0.6956521739130435
2433300,0.6956521739130435
2433600,0.7391304347826086
2433900,0.7391304347826086
2434200,0.7391304347826086
2434500,0.7608695652173914
2434800,0.7608695652173914
2435100,0.7608695652173914
2435400,0.7608695652173914
2435700,0.7391304347826086
2436000,0.7391304347826086
2436300,0.7608695652173914
2436600,0.7391304347826086
2436900,0.7391304347826086
2437200,0.717391304347826
2437500,0.6956521739130435
2437800,0.6956521739130435
2438100,0.6956521739130435
2438400,0.717391304347826
2438700,0.717391304347826
2439000,0.7391304347826086
2439300,0.717391304347826
2439600,0.717391304347826
2439900,0.6956521739130435
2440200,0.717391304347826
2440500,0.717391304347826
2440800,0.6739130434782609
2441100,0.6956521739130435
2441400,0.717391304347826
2441700,0.6739130434782609
2442000,0.6521739130434783
2442300,0.6521739130434783
2442600,0.6304347826086957
2442900,0.5652173913043478
2443200,0.5217391304347826
2443500,0.4782608695652174
2443800,0.4782608695652174
2444100,0.5
2444400,0.4782608695652174
2444700,0.5
2445000,0.5434782608695652
2445300,0.5434782608695652
2445600,0.5652173913043478
2445900,0.5652173913043478
2446200,0.5869565217391305
2446500,0.5869565217391305
2446800,0.6086956521739131
2447100,0.6304347826086957
2447400,0.6304347826086957
2447700,0.6521739130434783
2448000,0.6739130434782609
2448300,0.6521739130434783
2448600,0.6739130434782609
2448900,0.6521739130434783
2449200,0.6521739130434783
2449500,0.6956521739130435
2449800,0.6956521739130435
2450100,0.717391304347826
2450400,0.7608695652173914
2450700,0.7608695652173914
2451000,0.7608695652173914
2451300,0.7608695652173914
2451600,0.7391304347826086
2451900,0.7608695652173914
2452200,0.7608695652173914
2452500,0.8043478260869565
2452800,0.8260869565217391
2453100,0.8260869565217391
2453400,0.8043478260869565
2453700,0.8260869565217391
2454000,0.8260869565217391
2454300,0.8260869565217391
2454600,0.8478260869565217
2454900,0.8043478260869565
2455200,0.8260869565217391
2455500,0.8260869565217391
2455800,0.8478260869565217
2456100,0.8695652173913043
2456400,0.8913043478260869
2456700,0.8913043478260869
2457000,0.8913043478260869
2457300,0.8913043478260869
2457600,0.8695652173913043
2457900,0.8695652173913043
2458200,0.8695652173913043
2458500,0.8695652173913043
2458800,0.8695652173913043
2459100,0.8913043478260869
2459400,0.8695652173913043
2459700,0.8913043478260869
2460000,0.8913043478260869
2460300,0.8913043478260869
2460600,0.8913043478260869
2460900,0.9130434782608695
2461200,0.9130434782608695
2461500,0.9130434782608695
2461800,0.8913043478260869
2462100,0.9130434782608695
2462400,0.8913043478260869
2462700,0.8043478260869565
2463000,0.6304347826086957
2463300,0.6086956521739131
2463600,0.5434782608695652
2463900,0.5217391304347826
2464200,0.5217391304347826
2464500,0.5
2464800,0.43478260869565216
2465100,0.391304347826087
2465400,0.3695652173913043
2465700,0.3695652173913043
2466000,0.3695652173913043
2466300,0.34782608695652173
2466600,0.3695652173913043
2466900,0.45652173913043476
2467200,0.41304347826086957
2467500,0.34782608695652173
2467800,0.32608695652173914
2468100,0.30434782608695654
2468400,0.34782608695652173
2468700,0.3695652173913043
2469000,0.391304347826087
2469300,0.391304347826087
2469600,0.45652173913043476
2469900,0.5652173913043478
2470200,0.5869565217391305
2470500,0.6304347826086957
2470800,0.5869565217391305
2471100,0.5869565217391305
2471400,0.5652173913043478
2471700,0.6086956521739131
2472000,0.5869565217391305
2472300,0.6086956521739131
2472600,0.6086956521739131
2472900,0.6739130434782609
2473200,0.6739130434782609
2473500,0.6739130434782609
2473800,0.6956521739130435
2474100,0.6956521739130435
2474400,0.7391304347826086
2474700,0.7608695652173914
2475000,0.782608695652174
2475300,0.8043478260869565
2475600,0.782608695652174
2475900,0.8043478260869565
2476200,0.8043478260869565
2476500,0.8695652173913043
2476800,0.8695652173913043
2477100,0.8695652173913043
2477400,0.8695652173913043
2477700,0.8695652173913043
2478000,0.9347826086956522
2478300,0.9130434782608695
2478600,0.9130434782608695
2478900,0.9347826086956522
2479200,0.9347826086956522
2479500,0.9347826086956522
2479800,0.9130434782608695
2480100,0.9130434782608695
2480400,0.9130434782608695
2480700,0.9347826086956522
2481000,0.9347826086956522
2481300,0.9347826086956522
2481600,0.9565217391304348
2481900,0.9347826086956522
2482200,0.9347826086956522
2482500,0.9565217391304348
2482800,0.9565217391304348
2483100,0.9565217391304348
2483400,0.9565217391304348
2483700,0.9565217391304348
2484000,0.9565217391304348
2484300,0.9565217391304348
2484600,0.9782608695652174
2484900,1.0
2485200,1.0
2485500,1.0
2485800,0.9782608695652174
2486100,0.9782608695652174
2486400,0.9782608695652174
2486700,0.9782608695652174
2487000,0.9130434782608695
2487300,0.8913043478260869
2487600,0.8695652173913043
2487900,0.8478260869565217
2488200,0.8478260869565217
2488500,0.8260869565217391
2488800,0.782608695652174
2489100,0.7391304347826086
2489400,0.717391304347826
2489700,0.717391304347826
2490000,0.717391304347826
2490300,0.7391304347826086
2490600,0.7391304347826086
2490900,0.782608695652174
2491200,0.7391304347826086
2491500,0.782608695652174
2491800,0.8478260869565217
2492100,0.8478260869565217
2492400,0.8478260869565217
2492700,0.8478260869565217
2493000,0.8478260869565217
2493300,0.8043478260869565
2493600,0.8260869565217391
2493900,0.8695652173913043
2494200,0.8478260869565217
2494500,0.8260869565217391
2494800,0.782608695652174
2495100,0.7608695652173914
2495400,0.7608695652173914
2495700,0.782608695652174
2496000,0.782608695652174
2496300,0.8043478260869565
2496600,0.8043478260869565
2496900,0.7608695652173914
2497200,0.7391304347826086
2497500,0.7608695652173914
2497800,0.7391304347826086
2498100,0.782608695652174
2498400,0.8043478260869565
2498700,0.8260869565217391
2499000,0.8478260869565217
2499300,0.8695652173913043
2499600,0.8695652173913043
2499900,0.8478260869565217
2500200,0.8478260869565217
2500500,0.8478260869565217
2500800,0.8695652173913043
2501100,0.8695652173913043
2501400,0.8478260869565217
2501700,0.8260869565217391
2502000,0.8260869565217391
2502300,0.8260869565217391
2502600,0.8260869565217391
2502900,0.8478260869565217
2503200,0.8478260869565217
2503500,0.8478260869565217
2503800,0.8260869565217391
2504100,0.8478260869565217
2504400,0.8478260869565217
2504700,0.8478260869565217
2505000,0.8260869565217391
2505300,0.8260869565217391
