timestamp,89449
0,0.7
300,0.8
600,0.8
900,0.7
1200,0.6
1500,0.55
1800,0.55
2100,0.55
2400,0.6
2700,0.6
3000,0.5
3300,0.55
3600,0.7
3900,0.85
4200,0.7
4500,0.7
4800,0.7
5100,0.7
5400,0.65
5700,0.65
6000,0.7
6300,0.7
6600,0.7
6900,0.75
7200,0.85
7500,0.85
7800,0.85
8100,0.85
8400,0.8
8700,0.85
9000,0.9
9300,0.85
9600,0.85
9900,0.9
10200,0.9
10500,0.9
10800,0.9
11100,0.9
11400,0.95
11700,0.95
12000,0.95
12300,0.95
12600,1.0
12900,1.0
13200,1.0
13500,1.0
13800,0.95
14100,0.9
14400,0.85
14700,0.85
15000,0.85
15300,0.85
15600,0.85
15900,0.95
16200,1.0
16500,1.0
16800,1.0
17100,1.0
17400,1.0
17700,1.0
18000,1.0
18300,1.0
18600,0.95
18900,0.95
19200,0.85
19500,0.8
19800,0.75
20100,0.75
20400,0.7
20700,0.6
21000,0.5
21300,0.45
21600,0.4
21900,0.4
22200,0.5
22500,0.55
22800,0.6
23100,0.6
23400,0.55
23700,0.55
24000,0.45
24300,0.45
24600,0.35
24900,0.4
25200,0.45
25500,0.45
25800,0.5
26100,0.5
26400,0.5
26700,0.45
27000,0.4
27300,0.4
27600,0.5
27900,0.45
28200,0.5
28500,0.5
28800,0.7
29100,0.7
29400,0.85
29700,0.85
30000,0.85
30300,0.9
30600,0.85
30900,0.95
31200,0.95
31500,0.95
31800,0.9
32100,0.85
32400,0.85
32700,0.85
33000,0.8
33300,0.85
33600,0.9
33900,0.9
34200,0.9
34500,0.9
34800,0.85
35100,0.85
35400,0.85
35700,0.85
36000,0.8
36300,0.7
36600,0.7
36900,0.75
37200,0.75
37500,0.75
37800,0.75
38100,0.75
38400,0.75
38700,0.7
39000,0.75
39300,0.75
39600,0.75
39900,0.8
40200,0.85
40500,0.85
40800,0.9
41100,0.85
41400,0.85
41700,0.85
42000,0.9
42300,0.85
42600,0.85
42900,0.8
43200,0.75
43500,0.7
43800,0.6
44100,0.6
44400,0.65
44700,0.65
45000,0.65
45300,0.55
45600,0.65
45900,0.65
46200,0.65
46500,0.6
46800,0.55
47100,0.45
47400,0.45
47700,0.5
48000,0.55
48300,0.55
48600,0.55
48900,0.6
49200,0.55
49500,0.6
49800,0.5
50100,0.5
50400,0.65
50700,0.7
51000,0.7
51300,0.75
51600,0.8
51900,0.8
52200,0.8
52500,0.8
52800,0.8
53100,0.75
53400,0.75
53700,0.8
54000,0.8
54300,0.8
54600,0.8
54900,0.75
55200,0.8
55500,0.7
55800,0.7
56100,0.7
56400,0.75
56700,0.75
57000,0.8
57300,0.8
57600,0.8
57900,0.85
58200,0.9
58500,0.85
58800,0.8
59100,0.75
59400,0.8
59700,0.75
60000,0.75
60300,0.8
60600,0.8
60900,0.85
61200,0.85
61500,0.9
61800,0.8
62100,0.8
62400,0.8
62700,0.8
63000,0.85
63300,0.8
63600,0.85
63900,0.9
64200,0.9
64500,0.9
64800,0.95
65100,0.9
65400,0.95
65700,0.85
66000,0.85
66300,0.85
66600,0.85
66900,0.8
67200,0.8
67500,0.8
67800,0.8
68100,0.8
68400,0.8
68700,0.75
69000,0.8
69300,0.8
69600,0.75
69900,0.75
70200,0.7
70500,0.7
70800,0.65
71100,0.7
71400,0.7
71700,0.65
72000,0.55
72300,0.6
72600,0.6
72900,0.45
73200,0.45
73500,0.4
73800,0.35
74100,0.4
74400,0.45
74700,0.4
75000,0.4
75300,0.6
75600,0.65
75900,0.65
76200,0.6
76500,0.65
76800,0.7
77100,0.65
77400,0.65
77700,0.65
78000,0.65
78300,0.7
78600,0.6
78900,0.6
79200,0.6
79500,0.6
79800,0.55
80100,0.55
80400,0.5
80700,0.45
81000,0.45
81300,0.55
81600,0.6
81900,0.65
82200,0.65
82500,0.65
82800,0.7
83100,0.65
83400,0.7
83700,0.75
84000,0.75
84300,0.8
84600,0.7
84900,0.75
85200,0.8
85500,0.75
85800,0.75
86100,0.8
86400,0.75
86700,0.75
87000,0.65
87300,0.7
87600,0.6
87900,0.55
88200,0.5
88500,0.55
88800,0.55
89100,0.55
89400,0.5
89700,0.5
90000,0.5
90300,0.5
90600,0.45
90900,0.45
91200,0.5
91500,0.4
91800,0.5
92100,0.5
92400,0.45
92700,0.45
93000,0.45
93300,0.5
93600,0.55
93900,0.55
94200,0.7
94500,0.65
94800,0.65
95100,0.6
95400,0.6
95700,0.7
96000,0.65
96300,0.65
96600,0.75
96900,0.8
97200,0.8
97500,0.75
97800,0.8
98100,0.85
98400,0.85
98700,0.9
99000,0.9
99300,0.9
99600,0.9
99900,0.85
100200,0.85
100500,0.8
100800,0.75
101100,0.7
101400,0.7
101700,0.7
102000,0.7
102300,0.7
102600,0.6
102900,0.65
103200,0.65
103500,0.65
103800,0.65
104100,0.7
104400,0.75
104700,0.7
105000,0.7
105300,0.7
105600,0.7
105900,0.7
106200,0.7
106500,0.7
106800,0.7
107100,0.65
107400,0.6
107700,0.65
108000,0.6
108300,0.65
108600,0.6
108900,0.55
109200,0.5
109500,0.45
109800,0.45
110100,0.45
110400,0.4
110700,0.45
111000,0.4
111300,0.4
111600,0.3
111900,0.2
112200,0.15
112500,0.15
112800,0.1
113100,0.15
113400,0.3
113700,0.3
114000,0.45
114300,0.45
114600,0.45
114900,0.55
115200,0.5
115500,0.5
115800,0.65
116100,0.65
116400,0.7
116700,0.7
117000,0.8
117300,0.8
117600,0.75
117900,0.75
118200,0.75
118500,0.75
118800,0.7
119100,0.7
119400,0.65
119700,0.6
120000,0.5
120300,0.45
120600,0.4
120900,0.35
121200,0.3
121500,0.35
121800,0.35
122100,0.35
122400,0.45
122700,0.45
123000,0.7
123300,0.7
123600,0.8
123900,0.8
124200,0.85
124500,0.85
124800,0.9
125100,0.9
125400,0.8
125700,0.7
126000,0.6
126300,0.55
126600,0.55
126900,0.55
127200,0.55
127500,0.5
127800,0.5
128100,0.55
128400,0.5
128700,0.45
129000,0.55
129300,0.55
129600,0.55
129900,0.6
130200,0.6
130500,0.75
130800,0.85
131100,0.85
131400,0.85
131700,0.8
132000,0.8
132300,0.8
132600,0.75
132900,0.75
133200,0.7
133500,0.65
133800,0.5
134100,0.5
134400,0.65
134700,0.65
135000,0.65
135300,0.65
135600,0.65
135900,0.7
136200,0.65
136500,0.65
136800,0.65
137100,0.7
137400,0.7
137700,0.6
138000,0.7
138300,0.7
138600,0.75
138900,0.75
139200,0.75
139500,0.8
139800,0.8
140100,0.8
140400,0.85
140700,0.9
141000,0.9
141300,0.95
141600,0.95
141900,0.9
142200,0.9
142500,0.9
142800,0.85
143100,0.85
143400,0.85
143700,0.85
144000,0.85
144300,0.85
144600,0.9
144900,0.85
145200,0.8
145500,0.75
145800,0.8
146100,0.8
146400,0.75
146700,0.75
147000,0.7
147300,0.6
147600,0.6
147900,0.65
148200,0.7
148500,0.7
148800,0.85
149100,0.75
149400,0.75
149700,0.75
150000,0.7
150300,0.7
150600,0.7
150900,0.75
151200,0.75
151500,0.75
151800,0.75
152100,0.8
152400,0.85
152700,0.85
153000,0.85
153300,0.85
153600,0.95
153900,0.95
154200,0.85
154500,0.8
154800,0.75
155100,0.7
155400,0.6
155700,0.4
156000,0.5
156300,0.55
156600,0.55
156900,0.55
157200,0.55
157500,0.55
157800,0.45
158100,0.45
158400,0.45
158700,0.45
159000,0.45
159300,0.45
159600,0.5
159900,0.55
160200,0.55
160500,0.55
160800,0.55
161100,0.55
161400,0.6
161700,0.55
162000,0.45
162300,0.4
162600,0.5
162900,0.45
163200,0.5
163500,0.5
163800,0.55
164100,0.55
164400,0.6
164700,0.55
165000,0.55
165300,0.6
165600,0.55
165900,0.5
166200,0.45
166500,0.4
166800,0.45
167100,0.55
167400,0.65
167700,0.6
168000,0.6
168300,0.55
168600,0.55
168900,0.55
169200,0.55
169500,0.5
169800,0.6
170100,0.7
170400,0.7
170700,0.7
171000,0.7
171300,0.85
171600,0.85
171900,0.85
172200,0.8
172500,0.6
172800,0.6
173100,0.55
173400,0.5
173700,0.6
174000,0.55
174300,0.5
174600,0.45
174900,0.45
175200,0.45
175500,0.45
175800,0.45
176100,0.4
176400,0.35
176700,0.4
177000,0.4
177300,0.5
177600,0.6
177900,0.55
178200,0.55
178500,0.5
178800,0.55
179100,0.6
179400,0.6
179700,0.75
180000,0.7
180300,0.7
180600,0.8
180900,0.8
181200,0.85
181500,0.85
181800,0.85
182100,0.9
182400,0.9
182700,0.9
183000,0.85
183300,0.75
183600,0.75
183900,0.75
184200,0.75
184500,0.75
184800,0.75
185100,0.7
185400,0.6
185700,0.6
186000,0.6
186300,0.65
186600,0.65
186900,0.7
187200,0.7
187500,0.7
187800,0.7
188100,0.75
188400,0.75
188700,0.7
189000,0.7
189300,0.7
189600,0.75
189900,0.75
190200,0.7
190500,0.75
190800,0.75
191100,0.7
191400,0.7
191700,0.6
192000,0.6
192300,0.55
192600,0.6
192900,0.65
193200,0.65
193500,0.65
193800,0.75
194100,0.8
194400,0.75
194700,0.7
195000,0.7
195300,0.75
195600,0.8
195900,0.8
196200,0.85
196500,0.8
196800,0.65
197100,0.55
197400,0.5
197700,0.55
198000,0.35
198300,0.2
198600,0.05
198900,0.0
199200,0.0
199500,0.15
199800,0.05
200100,0.05
200400,0.05
200700,0.05
201000,0.1
201300,0.15
201600,0.25
201900,0.3
202200,0.4
202500,0.45
202800,0.6
203100,0.8
203400,0.85
203700,0.85
204000,0.9
204300,0.9
204600,0.85
204900,0.8
205200,0.8
205500,0.8
205800,0.75
206100,0.7
206400,0.65
206700,0.55
207000,0.4
207300,0.4
207600,0.45
207900,0.5
208200,0.6
208500,0.65
208800,0.65
209100,0.6
209400,0.6
209700,0.55
210000,0.55
210300,0.5
210600,0.65
210900,0.65
211200,0.65
211500,0.65
211800,0.65
212100,0.7
212400,0.75
212700,0.65
213000,0.65
213300,0.65
213600,0.7
213900,0.7
214200,0.7
214500,0.75
214800,0.7
215100,0.7
215400,0.7
215700,0.65
216000,0.6
216300,0.6
216600,0.6
216900,0.6
217200,0.6
217500,0.6
217800,0.7
218100,0.7
218400,0.65
218700,0.65
219000,0.65
219300,0.65
219600,0.6
219900,0.6
220200,0.6
220500,0.6
220800,0.55
221100,0.55
221400,0.6
221700,0.55
222000,0.55
222300,0.6
222600,0.7
222900,0.75
223200,0.75
223500,0.9
223800,0.9
224100,0.95
224400,0.95
224700,0.95
225000,0.95
225300,0.95
225600,0.95
225900,0.95
226200,0.95
226500,0.95
226800,0.95
227100,0.95
227400,0.95
227700,0.95
228000,0.95
228300,0.95
228600,0.95
228900,0.95
229200,0.9
229500,0.8
229800,0.8
230100,0.75
230400,0.75
230700,0.7
231000,0.75
231300,0.75
231600,0.75
231900,0.7
232200,0.8
232500,0.8
232800,0.75
233100,0.7
233400,0.65
233700,0.6
234000,0.6
234300,0.7
234600,0.8
234900,0.75
235200,0.65
235500,0.6
235800,0.65
236100,0.65
236400,0.6
236700,0.6
237000,0.65
237300,0.7
237600,0.7
237900,0.75
238200,0.75
238500,0.85
238800,0.8
239100,0.75
239400,0.75
239700,0.75
240000,0.7
240300,0.7
240600,0.65
240900,0.65
241200,0.65
241500,0.6
241800,0.7
242100,0.8
242400,0.8
242700,0.85
243000,0.8
243300,0.8
243600,0.8
243900,0.8
244200,0.7
244500,0.7
244800,0.75
245100,0.75
245400,0.85
245700,0.8
246000,0.75
246300,0.75
246600,0.7
246900,0.7
247200,0.65
247500,0.65
247800,0.6
248100,0.65
248400,0.55
248700,0.5
249000,0.6
249300,0.6
249600,0.55
249900,0.6
250200,0.6
250500,0.6
250800,0.55
251100,0.6
251400,0.6
251700,0.55
252000,0.6
252300,0.6
252600,0.55
252900,0.6
253200,0.6
253500,0.6
253800,0.7
254100,0.8
254400,0.85
254700,0.8
255000,0.8
255300,0.75
255600,0.7
255900,0.6
256200,0.65
256500,0.65
256800,0.65
257100,0.65
257400,0.65
257700,0.65
258000,0.65
258300,0.65
258600,0.65
258900,0.7
259200,0.7
259500,0.55
259800,0.6
260100,0.55
260400,0.55
260700,0.45
261000,0.4
261300,0.35
261600,0.3
261900,0.35
262200,0.35
262500,0.35
262800,0.35
263100,0.5
263400,0.6
263700,0.65
264000,0.65
264300,0.65
264600,0.6
264900,0.55
265200,0.65
265500,0.7
265800,0.7
266100,0.7
266400,0.7
266700,0.75
267000,0.7
267300,0.7
267600,0.7
267900,0.7
268200,0.65
268500,0.65
268800,0.65
269100,0.6
269400,0.6
269700,0.65
270000,0.65
270300,0.65
270600,0.65
270900,0.65
271200,0.65
271500,0.65
271800,0.65
272100,0.7
272400,0.7
272700,0.7
273000,0.7
273300,0.75
273600,0.75
273900,0.75
274200,0.7
274500,0.7
274800,0.7
275100,0.7
275400,0.65
275700,0.65
276000,0.65
276300,0.65
276600,0.6
276900,0.6
277200,0.5
277500,0.5
277800,0.5
278100,0.5
278400,0.55
278700,0.55
279000,0.6
279300,0.55
279600,0.6
279900,0.65
280200,0.65
280500,0.6
280800,0.55
281100,0.5
281400,0.5
281700,0.45
282000,0.45
282300,0.45
282600,0.5
282900,0.5
283200,0.55
283500,0.5
283800,0.35
284100,0.35
284400,0.4
284700,0.45
285000,0.4
285300,0.4
285600,0.5
285900,0.5
286200,0.6
286500,0.55
286800,0.55
287100,0.55
287400,0.6
287700,0.65
288000,0.75
288300,0.8
288600,0.85
288900,0.9
289200,0.9
289500,0.8
289800,0.8
290100,0.8
290400,0.8
290700,0.8
291000,0.8
291300,0.7
291600,0.7
291900,0.7
292200,0.75
292500,0.75
292800,0.7
293100,0.7
293400,0.8
293700,0.8
294000,0.8
294300,0.7
294600,0.6
294900,0.6
295200,0.6
295500,0.55
295800,0.55
296100,0.5
296400,0.45
296700,0.4
297000,0.4
297300,0.5
297600,0.55
297900,0.6
298200,0.65
298500,0.65
298800,0.65
299100,0.65
299400,0.65
299700,0.7
300000,0.6
300300,0.65
300600,0.7
300900,0.8
301200,0.75
301500,0.7
301800,0.7
302100,0.7
302400,0.7
302700,0.6
303000,0.6
303300,0.55
303600,0.55
303900,0.55
304200,0.5
304500,0.45
304800,0.4
305100,0.45
305400,0.4
305700,0.35
306000,0.35
306300,0.45
306600,0.5
306900,0.55
307200,0.55
307500,0.55
307800,0.6
308100,0.6
308400,0.55
308700,0.45
309000,0.55
309300,0.6
309600,0.55
309900,0.55
310200,0.55
310500,0.55
310800,0.6
311100,0.6
311400,0.65
311700,0.65
312000,0.7
312300,0.8
312600,0.8
312900,0.75
313200,0.7
313500,0.7
313800,0.7
314100,0.7
314400,0.75
314700,0.7
315000,0.7
315300,0.65
315600,0.65
315900,0.75
316200,0.8
316500,0.8
316800,0.7
317100,0.75
317400,0.65
317700,0.75
318000,0.75
318300,0.75
318600,0.75
318900,0.75
319200,0.75
319500,0.75
319800,0.75
320100,0.9
320400,0.9
320700,0.85
321000,0.85
321300,0.8
321600,0.8
321900,0.8
322200,0.75
322500,0.8
322800,0.85
323100,0.85
323400,0.85
323700,0.85
324000,0.9
324300,0.9
324600,0.85
324900,0.85
325200,0.8
325500,0.85
325800,0.85
326100,0.9
326400,0.9
326700,0.9
327000,0.85
327300,0.85
327600,0.75
327900,0.7
328200,0.55
328500,0.55
328800,0.4
329100,0.3
329400,0.25
329700,0.25
330000,0.2
330300,0.2
330600,0.25
330900,0.25
331200,0.3
331500,0.4
331800,0.4
332100,0.4
332400,0.4
332700,0.4
333000,0.35
333300,0.4
333600,0.4
333900,0.4
334200,0.45
334500,0.45
334800,0.45
335100,0.65
335400,0.7
335700,0.65
336000,0.65
336300,0.6
336600,0.5
336900,0.55
337200,0.55
337500,0.6
337800,0.65
338100,0.8
338400,0.85
338700,0.85
339000,0.8
339300,0.8
339600,0.8
339900,0.8
340200,0.75
340500,0.75
340800,0.75
341100,0.7
341400,0.7
341700,0.6
342000,0.5
342300,0.45
342600,0.5
342900,0.55
343200,0.55
343500,0.55
343800,0.55
344100,0.55
344400,0.55
344700,0.55
345000,0.55
345300,0.5
345600,0.55
345900,0.45
346200,0.6
346500,0.6
346800,0.5
347100,0.4
347400,0.35
347700,0.3
348000,0.35
348300,0.35
348600,0.35
348900,0.5
349200,0.5
349500,0.65
349800,0.7
350100,0.7
350400,0.85
350700,0.9
351000,0.95
351300,1.0
351600,1.0
351900,1.0
352200,1.0
352500,1.0
352800,1.0
353100,0.95
353400,0.9
353700,0.9
354000,0.9
354300,0.9
354600,0.85
354900,0.8
355200,0.8
355500,0.85
355800,0.8
356100,0.8
356400,0.8
356700,0.8
357000,0.8
357300,0.75
357600,0.75
357900,0.8
358200,0.8
358500,0.7
358800,0.8
359100,0.8
359400,0.9
359700,0.9
360000,0.9
360300,0.8
360600,0.8
360900,0.75
361200,0.75
361500,0.75
361800,0.75
362100,0.75
362400,0.8
362700,0.8
363000,0.85
363300,0.85
363600,0.85
363900,0.9
364200,0.9
364500,0.8
364800,0.8
365100,0.75
365400,0.75
365700,0.75
366000,0.8
366300,0.8
366600,0.8
366900,0.8
367200,0.85
367500,0.85
367800,0.7
368100,0.65
368400,0.6
368700,0.45
369000,0.45
369300,0.4
369600,0.3
369900,0.35
370200,0.3
370500,0.3
370800,0.4
371100,0.35
371400,0.25
371700,0.35
372000,0.35
372300,0.35
372600,0.35
372900,0.55
373200,0.5
373500,0.5
373800,0.55
374100,0.55
374400,0.6
374700,0.6
375000,0.9
375300,0.9
375600,0.9
375900,0.9
376200,0.85
376500,0.9
376800,0.9
377100,0.95
377400,1.0
377700,0.85
378000,0.8
378300,0.8
378600,0.8
378900,0.8
379200,0.85
379500,0.85
379800,0.8
380100,0.8
380400,0.75
380700,0.8
381000,0.9
381300,0.9
381600,0.9
381900,0.9
382200,0.95
382500,1.0
382800,1.0
383100,1.0
383400,1.0
383700,1.0
384000,0.9
384300,0.9
384600,0.9
384900,0.9
385200,0.9
385500,0.95
385800,0.95
386100,0.95
386400,1.0
386700,1.0
387000,1.0
387300,1.0
387600,0.95
387900,0.95
388200,0.95
388500,0.9
388800,0.9
389100,0.8
389400,0.65
389700,0.65
390000,0.65
390300,0.65
390600,0.65
390900,0.7
391200,0.65
391500,0.6
391800,0.6
392100,0.65
392400,0.6
392700,0.5
393000,0.5
393300,0.6
393600,0.6
393900,0.75
394200,0.75
394500,0.7
394800,0.65
395100,0.65
395400,0.7
395700,0.75
396000,0.75
396300,0.6
396600,0.65
396900,0.75
397200,0.8
397500,0.8
397800,0.8
398100,0.75
398400,0.8
398700,0.8
399000,0.8
399300,0.8
399600,0.75
399900,0.75
400200,0.75
400500,0.75
400800,0.7
401100,0.7
401400,0.7
401700,0.8
402000,0.75
402300,0.75
402600,0.8
402900,0.75
403200,0.75
403500,0.7
403800,0.75
404100,0.8
404400,0.8
404700,0.8
405000,0.85
405300,0.9
405600,0.9
405900,0.85
406200,0.85
406500,0.9
406800,0.9
407100,0.9
407400,0.9
407700,0.85
408000,0.85
408300,0.9
408600,0.85
408900,0.85
409200,0.9
409500,0.9
409800,0.9
410100,0.95
410400,0.9
410700,0.9
411000,0.9
411300,0.95
411600,0.95
411900,0.95
412200,0.95
412500,0.95
412800,0.95
413100,0.95
413400,0.95
413700,0.8
414000,0.8
414300,0.75
414600,0.75
414900,0.65
415200,0.6
415500,0.55
415800,0.5
416100,0.45
416400,0.45
416700,0.5
417000,0.45
417300,0.45
417600,0.5
417900,0.4
418200,0.45
418500,0.45
418800,0.4
419100,0.45
419400,0.5
419700,0.5
420000,0.6
420300,0.6
420600,0.6
420900,0.5
421200,0.5
421500,0.55
421800,0.65
422100,0.75
422400,0.85
422700,0.75
423000,0.75
423300,0.75
423600,0.7
423900,0.7
424200,0.65
424500,0.6
424800,0.55
425100,0.6
425400,0.6
425700,0.55
426000,0.5
426300,0.5
426600,0.5
426900,0.45
427200,0.35
427500,0.45
427800,0.35
428100,0.5
428400,0.45
428700,0.5
429000,0.45
429300,0.5
429600,0.55
429900,0.65
430200,0.65
430500,0.75
430800,0.8
431100,0.75
431400,0.75
431700,0.75
432000,0.8
432300,0.7
432600,0.65
432900,0.6
433200,0.55
433500,0.5
433800,0.3
434100,0.2
434400,0.2
434700,0.2
435000,0.2
435300,0.15
435600,0.3
435900,0.4
436200,0.35
436500,0.35
436800,0.35
437100,0.35
437400,0.4
437700,0.45
438000,0.5
438300,0.5
438600,0.5
438900,0.55
439200,0.55
439500,0.55
439800,0.55
440100,0.55
440400,0.65
440700,0.8
441000,0.75
441300,0.75
441600,0.8
441900,0.8
442200,0.8
442500,0.8
442800,0.8
443100,0.8
443400,0.8
443700,0.8
444000,0.8
444300,0.8
444600,0.8
444900,0.85
445200,0.85
445500,0.85
445800,0.85
446100,0.85
446400,0.85
446700,0.85
447000,0.85
447300,0.85
447600,0.8
447900,0.8
448200,0.75
448500,0.8
448800,0.8
449100,0.8
449400,0.8
449700,0.85
450000,0.85
450300,0.85
450600,0.85
450900,0.8
451200,0.8
451500,0.75
451800,0.65
452100,0.65
452400,0.65
452700,0.6
453000,0.6
453300,0.55
453600,0.55
453900,0.6
454200,0.65
454500,0.6
454800,0.5
455100,0.55
455400,0.6
455700,0.55
456000,0.5
456300,0.55
456600,0.5
456900,0.45
457200,0.35
457500,0.3
457800,0.35
458100,0.4
458400,0.45
458700,0.45
459000,0.3
459300,0.55
459600,0.6
459900,0.6
460200,0.75
460500,0.75
460800,0.7
461100,0.8
461400,0.85
461700,0.8
462000,0.95
462300,0.95
462600,0.95
462900,0.95
463200,0.95
463500,0.95
463800,0.95
464100,0.95
464400,0.95
464700,0.95
465000,0.85
465300,0.85
465600,0.85
465900,0.9
466200,0.85
466500,0.9
466800,0.9
467100,0.9
467400,0.9
467700,0.9
468000,0.9
468300,0.85
468600,0.85
468900,0.9
469200,0.95
469500,0.95
469800,1.0
470100,1.0
470400,0.95
470700,0.95
471000,0.95
471300,0.95
471600,0.95
471900,0.95
472200,0.95
472500,0.95
472800,0.95
473100,0.9
473400,0.85
473700,0.8
474000,0.8
474300,0.75
474600,0.75
474900,0.75
475200,0.7
475500,0.6
475800,0.55
476100,0.5
476400,0.5
476700,0.4
477000,0.35
477300,0.35
477600,0.4
477900,0.4
478200,0.45
478500,0.55
478800,0.55
479100,0.5
479400,0.6
479700,0.6
480000,0.55
480300,0.7
480600,0.7
480900,0.75
481200,0.75
481500,0.75
481800,0.85
482100,0.8
482400,0.8
482700,0.8
483000,0.85
483300,0.85
483600,0.8
483900,0.85
484200,0.85
484500,0.85
484800,0.9
485100,0.9
485400,0.9
485700,0.9
486000,0.9
486300,0.85
486600,0.85
486900,0.85
487200,0.85
487500,0.85
487800,0.9
488100,0.9
488400,0.95
488700,0.85
489000,0.9
489300,0.9
489600,0.9
489900,0.9
490200,0.85
490500,0.9
490800,0.9
491100,0.9
491400,0.9
491700,0.9
492000,0.9
492300,0.9
492600,0.9
492900,0.85
493200,0.85
493500,0.85
493800,0.85
494100,0.85
494400,0.9
494700,0.9
495000,0.9
495300,0.9
495600,0.9
495900,0.9
496200,0.9
496500,0.9
496800,0.9
497100,0.9
497400,0.9
497700,0.9
498000,0.9
498300,0.9
498600,0.9
498900,0.9
499200,0.9
499500,0.9
499800,0.9
500100,0.9
500400,0.9
500700,0.9
501000,0.9
501300,0.9
501600,0.9
501900,0.9
502200,0.9
502500,0.9
502800,0.9
503100,0.9
503400,0.9
503700,0.9
504000,0.9
504300,0.9
504600,0.9
504900,0.9
505200,0.9
505500,0.9
505800,0.9
506100,0.9
506400,0.9
506700,0.9
507000,0.9
507300,0.9
507600,0.9
507900,0.9
508200,0.9
508500,0.9
508800,0.9
509100,0.9
509400,0.9
509700,0.9
510000,0.9
510300,0.9
510600,0.9
510900,0.9
511200,0.9
511500,0.9
511800,0.9
512100,0.9
512400,0.9
512700,0.9
513000,0.9
513300,0.9
513600,0.9
513900,0.9
514200,0.9
514500,0.9
514800,0.9
515100,0.9
515400,0.9
515700,0.9
516000,0.9
516300,0.9
516600,0.9
516900,0.9
517200,0.9
517500,0.9
517800,0.9
518100,0.9
518400,0.9
518700,0.9
519000,0.9
519300,0.9
519600,0.9
519900,0.9
520200,0.9
520500,0.9
520800,0.9
521100,0.9
521400,0.9
521700,0.9
522000,0.9
522300,0.9
522600,0.9
522900,0.9
523200,0.9
523500,0.9
523800,0.9
524100,0.9
524400,0.9
524700,0.9
525000,0.9
525300,0.9
525600,0.9
525900,0.9
526200,0.9
526500,0.9
526800,0.9
527100,0.9
527400,0.9
527700,0.9
528000,0.9
528300,0.9
528600,0.9
528900,0.9
529200,0.9
529500,0.9
529800,0.9
530100,0.9
530400,0.9
530700,0.9
531000,0.9
531300,0.9
531600,0.9
531900,0.9
532200,0.9
532500,0.9
532800,0.9
533100,0.9
533400,0.9
533700,0.9
534000,0.9
534300,0.9
534600,0.9
534900,0.9
535200,0.9
535500,0.9
535800,0.9
536100,0.9
536400,0.9
536700,0.9
537000,0.9
537300,0.9
537600,0.9
537900,0.9
538200,0.9
538500,0.9
538800,0.9
539100,0.9
539400,0.9
539700,0.9
540000,0.9
540300,0.9
540600,0.9
540900,0.9
541200,0.9
541500,0.9
541800,0.9
542100,0.9
542400,0.9
542700,0.9
543000,0.9
543300,0.9
543600,0.9
543900,0.9
544200,0.9
544500,0.9
544800,0.9
545100,0.9
545400,0.9
545700,0.9
546000,0.9
546300,0.9
546600,0.9
546900,0.9
547200,0.9
547500,0.9
547800,0.9
548100,0.9
548400,0.9
548700,0.9
549000,0.9
549300,0.9
549600,0.9
549900,0.9
550200,0.9
550500,0.9
550800,0.9
551100,0.9
551400,0.9
551700,0.9
552000,0.9
552300,0.9
552600,0.9
552900,0.9
553200,0.9
553500,0.9
553800,0.9
554100,0.9
554400,0.9
554700,0.9
555000,0.9
555300,0.9
555600,0.9
555900,0.9
556200,0.9
556500,0.9
556800,0.9
557100,0.85
557400,0.85
557700,0.85
558000,0.8
558300,0.8
558600,0.75
558900,0.65
559200,0.65
559500,0.65
559800,0.7
560100,0.7
560400,0.75
560700,0.85
561000,0.85
561300,0.8
561600,0.8
561900,0.8
562200,0.85
562500,0.8
562800,0.7
563100,0.7
563400,0.75
563700,0.8
564000,0.7
564300,0.7
564600,0.6
564900,0.6
565200,0.65
565500,0.7
565800,0.7
566100,0.75
566400,0.75
566700,0.8
567000,0.8
567300,0.8
567600,0.85
567900,0.85
568200,0.85
568500,0.9
568800,0.9
569100,0.9
569400,0.95
569700,0.95
570000,0.95
570300,0.95
570600,0.95
570900,0.95
571200,0.9
571500,0.9
571800,0.9
572100,0.9
572400,0.85
572700,0.75
573000,0.75
573300,0.75
573600,0.75
573900,0.8
574200,0.8
574500,0.9
574800,0.9
575100,0.95
575400,0.9
575700,0.9
576000,0.85
576300,0.85
576600,0.85
576900,0.85
577200,0.85
577500,0.85
577800,0.9
578100,0.85
578400,0.9
578700,0.95
579000,0.95
579300,0.95
579600,0.95
579900,0.95
580200,0.95
580500,0.95
580800,0.95
581100,0.9
581400,0.8
581700,0.75
582000,0.75
582300,0.75
582600,0.75
582900,0.8
583200,0.8
583500,0.8
583800,0.8
584100,0.75
584400,0.7
584700,0.7
585000,0.7
585300,0.65
585600,0.6
585900,0.65
586200,0.6
586500,0.7
586800,0.75
587100,0.75
587400,0.75
587700,0.7
588000,0.75
588300,0.75
588600,0.75
588900,0.7
589200,0.65
589500,0.65
589800,0.55
590100,0.55
590400,0.55
590700,0.5
591000,0.4
591300,0.35
591600,0.35
591900,0.35
592200,0.35
592500,0.35
592800,0.35
593100,0.35
593400,0.35
593700,0.35
594000,0.35
594300,0.35
594600,0.35
594900,0.35
595200,0.4
595500,0.35
595800,0.55
596100,0.55
596400,0.6
596700,0.65
597000,0.65
597300,0.6
597600,0.55
597900,0.65
598200,0.65
598500,0.65
598800,0.65
599100,0.65
599400,0.7
599700,0.8
600000,0.8
600300,0.7
600600,0.7
600900,0.6
601200,0.6
601500,0.6
601800,0.55
602100,0.5
602400,0.45
602700,0.35
603000,0.4
603300,0.35
603600,0.45
603900,0.45
604200,0.5
604500,0.5
604800,0.45
605100,0.4
605400,0.45
605700,0.5
606000,0.55
606300,0.65
606600,0.65
606900,0.65
607200,0.6
607500,0.65
607800,0.4
608100,0.45
608400,0.4
608700,0.45
609000,0.45
609300,0.5
609600,0.55
609900,0.5
610200,0.6
610500,0.6
610800,0.6
611100,0.75
611400,0.7
611700,0.75
612000,0.75
612300,0.75
612600,0.8
612900,0.8
613200,0.8
613500,0.85
613800,0.85
614100,0.85
614400,0.85
614700,0.85
615000,0.8
615300,0.8
615600,0.8
615900,0.9
616200,0.95
616500,0.95
616800,0.95
617100,0.95
617400,0.9
617700,0.9
618000,0.9
618300,0.9
618600,0.9
618900,0.9
619200,0.9
619500,0.85
619800,0.85
620100,0.85
620400,0.9
620700,0.9
621000,0.95
621300,0.95
621600,0.95
621900,0.95
622200,0.95
622500,0.95
622800,0.95
623100,0.95
623400,0.9
623700,0.9
624000,0.9
624300,0.9
624600,0.8
624900,0.75
625200,0.7
625500,0.7
625800,0.7
626100,0.75
626400,0.65
626700,0.7
627000,0.6
627300,0.55
627600,0.5
627900,0.4
628200,0.35
628500,0.3
628800,0.15
629100,0.15
629400,0.25
629700,0.3
630000,0.35
630300,0.45
630600,0.55
630900,0.6
631200,0.6
631500,0.6
631800,0.6
632100,0.65
632400,0.55
632700,0.6
633000,0.5
633300,0.6
633600,0.55
633900,0.7
634200,0.75
634500,0.75
634800,0.8
635100,0.85
635400,0.85
635700,0.85
636000,0.9
636300,0.9
636600,0.9
636900,0.9
637200,0.95
637500,0.9
637800,0.9
638100,0.9
638400,0.9
638700,0.95
639000,0.95
639300,0.85
639600,0.8
639900,0.75
640200,0.75
640500,0.75
640800,0.8
641100,0.75
641400,0.75
641700,0.75
642000,0.75
642300,0.75
642600,0.75
642900,0.8
643200,0.8
643500,0.8
643800,0.85
644100,0.75
644400,0.75
644700,0.7
645000,0.7
645300,0.7
645600,0.7
645900,0.75
646200,0.8
646500,0.85
646800,0.85
647100,0.85
647400,0.85
647700,0.8
648000,0.85
648300,0.8
648600,0.8
648900,0.7
649200,0.55
649500,0.5
649800,0.45
650100,0.45
650400,0.4
650700,0.4
651000,0.35
651300,0.25
651600,0.3
651900,0.25
652200,0.1
652500,0.15
652800,0.15
653100,0.3
653400,0.3
653700,0.35
654000,0.35
654300,0.35
654600,0.45
654900,0.5
655200,0.55
655500,0.7
655800,0.75
656100,0.8
656400,0.9
656700,0.9
657000,0.9
657300,0.85
657600,0.8
657900,0.8
658200,0.8
658500,0.8
658800,0.8
659100,0.8
659400,0.8
659700,0.75
660000,0.75
660300,0.75
660600,0.75
660900,0.8
661200,0.75
661500,0.75
661800,0.75
662100,0.75
662400,0.8
662700,0.8
663000,0.8
663300,0.8
663600,0.75
663900,0.8
664200,0.8
664500,0.75
664800,0.75
665100,0.75
665400,0.7
665700,0.8
666000,0.8
666300,0.85
666600,0.85
666900,0.9
667200,0.85
667500,0.85
667800,0.8
668100,0.8
668400,0.9
668700,0.95
669000,0.95
669300,0.95
669600,0.95
669900,0.9
670200,0.9
670500,0.9
670800,0.95
671100,0.95
671400,0.95
671700,1.0
672000,1.0
672300,0.95
672600,0.9
672900,0.9
673200,0.95
673500,0.95
673800,0.9
674100,0.85
674400,0.85
674700,0.9
675000,0.8
675300,0.85
675600,0.8
675900,0.75
676200,0.7
676500,0.65
676800,0.45
677100,0.5
677400,0.45
677700,0.45
678000,0.4
678300,0.45
678600,0.4
678900,0.35
679200,0.35
679500,0.45
679800,0.55
680100,0.55
680400,0.55
680700,0.55
681000,0.5
681300,0.5
681600,0.6
681900,0.55
682200,0.6
682500,0.55
682800,0.55
683100,0.6
683400,0.75
683700,0.85
684000,0.9
684300,0.9
684600,0.85
684900,0.8
685200,0.75
685500,0.75
685800,0.7
686100,0.75
686400,0.8
686700,0.85
687000,0.85
687300,0.7
687600,0.6
687900,0.65
688200,0.7
688500,0.5
688800,0.4
689100,0.25
689400,0.2
689700,0.15
690000,0.2
690300,0.15
690600,0.3
690900,0.25
691200,0.4
691500,0.4
691800,0.35
692100,0.4
692400,0.3
692700,0.35
693000,0.35
693300,0.35
693600,0.35
693900,0.35
694200,0.45
694500,0.35
694800,0.5
695100,0.55
695400,0.55
695700,0.5
696000,0.65
696300,0.55
696600,0.6
696900,0.65
697200,0.7
697500,0.7
697800,0.75
698100,0.75
698400,0.8
698700,0.75
699000,0.85
699300,0.85
699600,0.8
699900,0.75
700200,0.75
700500,0.75
700800,0.75
701100,0.75
701400,0.75
701700,0.75
702000,0.75
702300,0.85
702600,0.85
702900,0.8
703200,0.8
703500,0.85
703800,0.85
704100,0.8
704400,0.8
704700,0.7
705000,0.7
705300,0.7
705600,0.75
705900,0.75
706200,0.7
706500,0.7
706800,0.65
707100,0.65
707400,0.65
707700,0.65
708000,0.6
708300,0.6
708600,0.6
708900,0.7
709200,0.75
709500,0.75
709800,0.7
710100,0.7
710400,0.7
710700,0.7
711000,0.7
711300,0.7
711600,0.7
711900,0.7
712200,0.65
712500,0.6
712800,0.65
713100,0.55
713400,0.5
713700,0.5
714000,0.4
714300,0.4
714600,0.4
714900,0.25
715200,0.25
715500,0.3
715800,0.35
716100,0.25
716400,0.1
716700,0.1
717000,0.1
717300,0.05
717600,0.1
717900,0.05
718200,0.05
718500,0.1
718800,0.15
719100,0.05
719400,0.15
719700,0.25
720000,0.4
720300,0.5
720600,0.6
720900,0.65
721200,0.65
721500,0.75
721800,0.75
722100,0.8
722400,0.75
722700,0.75
723000,0.75
723300,0.75
723600,0.75
723900,0.75
724200,0.75
724500,0.75
724800,0.75
725100,0.75
725400,0.75
725700,0.75
726000,0.75
726300,0.75
726600,0.75
726900,0.75
727200,0.75
727500,0.75
727800,0.75
728100,0.75
728400,0.75
728700,0.75
729000,0.75
729300,0.75
729600,0.75
729900,0.75
730200,0.75
730500,0.75
730800,0.75
731100,0.75
731400,0.75
731700,0.75
732000,0.75
732300,0.75
732600,0.75
732900,0.75
733200,0.75
733500,0.75
733800,0.75
734100,0.65
734400,0.65
734700,0.55
735000,0.5
735300,0.55
735600,0.6
735900,0.5
736200,0.55
736500,0.5
736800,0.4
737100,0.35
737400,0.35
737700,0.3
738000,0.3
738300,0.4
738600,0.45
738900,0.4
739200,0.55
739500,0.65
739800,0.6
740100,0.6
740400,0.65
740700,0.6
741000,0.65
741300,0.7
741600,0.7
741900,0.8
742200,0.8
742500,0.8
742800,0.8
743100,0.85
743400,0.9
743700,0.95
744000,0.9
744300,0.9
744600,0.9
744900,0.85
745200,0.85
745500,0.75
745800,0.75
746100,0.7
746400,0.7
746700,0.65
747000,0.75
747300,0.7
747600,0.7
747900,0.7
748200,0.75
748500,0.8
748800,0.85
749100,0.8
749400,0.7
749700,0.7
750000,0.65
750300,0.65
750600,0.65
750900,0.65
751200,0.6
751500,0.6
751800,0.65
752100,0.65
752400,0.65
752700,0.65
753000,0.7
753300,0.75
753600,0.8
753900,0.8
754200,0.7
754500,0.7
754800,0.7
755100,0.7
755400,0.7
755700,0.75
756000,0.7
756300,0.65
756600,0.65
756900,0.6
757200,0.6
757500,0.6
757800,0.6
758100,0.65
758400,0.65
758700,0.5
759000,0.6
759300,0.55
759600,0.5
759900,0.55
760200,0.5
760500,0.4
760800,0.5
761100,0.5
761400,0.5
761700,0.5
762000,0.45
762300,0.45
762600,0.5
762900,0.5
763200,0.55
763500,0.55
763800,0.5
764100,0.55
764400,0.5
764700,0.45
765000,0.45
765300,0.45
765600,0.5
765900,0.5
766200,0.5
766500,0.5
766800,0.6
767100,0.7
767400,0.75
767700,0.75
768000,0.75
768300,0.65
768600,0.65
768900,0.65
769200,0.6
769500,0.6
769800,0.55
770100,0.55
770400,0.55
770700,0.6
771000,0.6
771300,0.55
771600,0.6
771900,0.6
772200,0.65
772500,0.6
772800,0.6
773100,0.6
773400,0.6
773700,0.65
774000,0.65
774300,0.6
774600,0.6
774900,0.65
775200,0.65
775500,0.6
775800,0.65
776100,0.6
776400,0.6
776700,0.55
777000,0.55
777300,0.65
777600,0.65
777900,0.55
778200,0.4
778500,0.4
778800,0.35
779100,0.45
779400,0.35
779700,0.35
780000,0.3
780300,0.3
780600,0.25
780900,0.3
781200,0.45
781500,0.4
781800,0.45
782100,0.5
782400,0.55
782700,0.5
783000,0.45
783300,0.35
783600,0.65
783900,0.65
784200,0.65
784500,0.6
784800,0.6
785100,0.6
785400,0.6
785700,0.5
786000,0.55
786300,0.55
786600,0.55
786900,0.6
787200,0.7
787500,0.75
787800,0.8
788100,0.8
788400,0.8
788700,0.8
789000,0.8
789300,0.8
789600,0.85
789900,0.85
790200,0.85
790500,0.85
790800,0.85
791100,0.9
791400,0.85
791700,0.85
792000,0.85
792300,0.85
792600,0.8
792900,0.8
793200,0.85
793500,0.85
793800,0.8
794100,0.8
794400,0.8
794700,0.8
795000,0.8
795300,0.8
795600,0.85
795900,0.85
796200,0.95
796500,0.95
796800,0.95
797100,0.95
797400,0.95
797700,0.95
798000,0.9
798300,0.85
798600,0.8
798900,0.75
799200,0.75
799500,0.7
799800,0.6
800100,0.6
800400,0.5
800700,0.5
801000,0.45
801300,0.45
801600,0.5
801900,0.4
802200,0.4
802500,0.5
802800,0.5
803100,0.5
803400,0.4
803700,0.4
804000,0.4
804300,0.35
804600,0.35
804900,0.35
805200,0.4
805500,0.5
805800,0.5
806100,0.5
806400,0.6
806700,0.6
807000,0.75
807300,0.7
807600,0.8
807900,0.8
808200,0.75
808500,0.75
808800,0.7
809100,0.6
809400,0.6
809700,0.6
810000,0.65
810300,0.6
810600,0.6
810900,0.5
811200,0.5
811500,0.5
811800,0.55
812100,0.5
812400,0.55
812700,0.55
813000,0.65
813300,0.65
813600,0.65
813900,0.75
814200,0.7
814500,0.65
814800,0.65
815100,0.65
815400,0.65
815700,0.65
816000,0.7
816300,0.7
816600,0.7
816900,0.65
817200,0.65
817500,0.75
817800,0.7
818100,0.75
818400,0.75
818700,0.75
819000,0.75
819300,0.75
819600,0.75
819900,0.75
820200,0.7
820500,0.7
820800,0.6
821100,0.55
821400,0.55
821700,0.65
822000,0.65
822300,0.7
822600,0.75
822900,0.7
823200,0.75
823500,0.75
823800,0.7
824100,0.7
824400,0.65
824700,0.6
825000,0.55
825300,0.55
825600,0.45
825900,0.5
826200,0.6
826500,0.6
826800,0.7
827100,0.65
827400,0.55
827700,0.5
828000,0.55
828300,0.55
828600,0.65
828900,0.7
829200,0.55
829500,0.55
829800,0.5
830100,0.55
830400,0.45
830700,0.45
831000,0.45
831300,0.5
831600,0.5
831900,0.5
832200,0.55
832500,0.6
832800,0.6
833100,0.55
833400,0.55
833700,0.45
834000,0.6
834300,0.6
834600,0.65
834900,0.7
835200,0.8
835500,0.8
835800,0.8
836100,0.75
836400,0.8
836700,0.85
837000,0.85
837300,0.8
837600,0.8
837900,0.75
838200,0.75
838500,0.8
838800,0.8
839100,0.8
839400,0.75
839700,0.8
840000,0.8
840300,0.8
840600,0.8
840900,0.8
841200,0.8
841500,0.8
841800,0.75
842100,0.7
842400,0.65
842700,0.7
843000,0.7
843300,0.7
843600,0.7
843900,0.75
844200,0.7
844500,0.7
844800,0.75
845100,0.7
845400,0.7
845700,0.75
846000,0.7
846300,0.65
846600,0.65
846900,0.65
847200,0.6
847500,0.5
847800,0.55
848100,0.55
848400,0.55
848700,0.5
849000,0.5
849300,0.4
849600,0.4
849900,0.45
850200,0.3
850500,0.35
850800,0.3
851100,0.3
851400,0.35
851700,0.4
852000,0.5
852300,0.5
852600,0.5
852900,0.55
853200,0.55
853500,0.6
853800,0.6
854100,0.5
854400,0.45
854700,0.45
855000,0.45
855300,0.5
855600,0.5
855900,0.55
856200,0.65
856500,0.6
856800,0.6
857100,0.6
857400,0.6
857700,0.55
858000,0.55
858300,0.55
858600,0.6
858900,0.6
859200,0.65
859500,0.7
859800,0.75
860100,0.85
860400,0.9
860700,0.85
861000,0.85
861300,0.85
861600,0.85
861900,0.75
862200,0.75
862500,0.65
862800,0.7
863100,0.7
863400,0.7
863700,0.7
864000,0.7
864300,0.65
864600,0.55
864900,0.5
865200,0.45
865500,0.5
865800,0.4
866100,0.4
866400,0.4
866700,0.5
867000,0.45
867300,0.5
867600,0.5
867900,0.45
868200,0.35
868500,0.55
868800,0.5
869100,0.45
869400,0.55
869700,0.55
870000,0.55
870300,0.55
870600,0.6
870900,0.55
871200,0.6
871500,0.6
871800,0.55
872100,0.6
872400,0.7
872700,0.65
873000,0.6
873300,0.6
873600,0.7
873900,0.7
874200,0.75
874500,0.8
874800,0.75
875100,0.75
875400,0.75
875700,0.75
876000,0.75
876300,0.8
876600,0.8
876900,0.8
877200,0.75
877500,0.75
877800,0.75
878100,0.8
878400,0.8
878700,0.75
879000,0.75
879300,0.8
879600,0.8
879900,0.8
880200,0.85
880500,0.9
880800,0.9
881100,0.85
881400,0.9
881700,0.9
882000,0.9
882300,0.85
882600,0.8
882900,0.8
883200,0.75
883500,0.7
883800,0.7
884100,0.65
884400,0.7
884700,0.6
885000,0.55
885300,0.55
885600,0.45
885900,0.5
886200,0.5
886500,0.45
886800,0.5
887100,0.45
887400,0.5
887700,0.45
888000,0.45
888300,0.45
888600,0.5
888900,0.5
889200,0.4
889500,0.3
889800,0.3
890100,0.2
890400,0.2
890700,0.2
891000,0.3
891300,0.35
891600,0.45
891900,0.4
892200,0.35
892500,0.4
892800,0.45
893100,0.5
893400,0.5
893700,0.65
894000,0.65
894300,0.65
894600,0.7
894900,0.75
895200,0.8
895500,0.8
895800,0.8
896100,0.75
896400,0.7
896700,0.75
897000,0.75
897300,0.8
897600,0.75
897900,0.75
898200,0.75
898500,0.8
898800,0.8
899100,0.8
899400,0.8
899700,0.75
900000,0.75
900300,0.75
900600,0.75
900900,0.75
901200,0.75
901500,0.7
901800,0.6
902100,0.6
902400,0.65
902700,0.6
903000,0.55
903300,0.5
903600,0.5
903900,0.65
904200,0.75
904500,0.75
904800,0.8
905100,0.8
905400,0.8
905700,0.85
906000,0.8
906300,0.75
906600,0.75
906900,0.8
907200,0.7
907500,0.7
907800,0.7
908100,0.6
908400,0.55
908700,0.45
909000,0.45
909300,0.45
909600,0.45
909900,0.45
910200,0.45
910500,0.45
910800,0.35
911100,0.4
911400,0.45
911700,0.4
912000,0.4
912300,0.6
912600,0.6
912900,0.6
913200,0.65
913500,0.65
913800,0.65
914100,0.6
914400,0.65
914700,0.7
915000,0.65
915300,0.8
915600,0.8
915900,0.75
916200,0.65
916500,0.65
916800,0.65
917100,0.6
917400,0.6
917700,0.7
918000,0.7
918300,0.7
918600,0.65
918900,0.65
919200,0.6
919500,0.65
919800,0.7
920100,0.7
920400,0.7
920700,0.7
921000,0.75
921300,0.8
921600,0.75
921900,0.8
922200,0.8
922500,0.85
922800,0.85
923100,0.8
923400,0.85
923700,0.85
924000,0.85
924300,0.8
924600,0.8
924900,0.75
925200,0.85
925500,0.85
925800,0.85
926100,0.85
926400,0.8
926700,0.8
927000,0.75
927300,0.75
927600,0.75
927900,0.8
928200,0.8
928500,0.85
928800,0.8
929100,0.85
929400,0.85
929700,0.85
930000,0.8
930300,0.9
930600,0.85
930900,0.85
931200,0.8
931500,0.75
931800,0.7
932100,0.7
932400,0.7
932700,0.7
933000,0.65
933300,0.6
933600,0.55
933900,0.6
934200,0.55
934500,0.5
934800,0.5
935100,0.5
935400,0.6
935700,0.6
936000,0.6
936300,0.5
936600,0.5
936900,0.6
937200,0.55
937500,0.55
937800,0.6
938100,0.6
938400,0.6
938700,0.6
939000,0.65
939300,0.65
939600,0.65
939900,0.75
940200,0.7
940500,0.7
940800,0.8
941100,0.7
941400,0.7
941700,0.5
942000,0.5
942300,0.55
942600,0.55
942900,0.55
943200,0.5
943500,0.5
943800,0.45
944100,0.35
944400,0.4
944700,0.4
945000,0.4
945300,0.4
945600,0.55
945900,0.55
946200,0.55
946500,0.55
946800,0.55
947100,0.65
947400,0.75
947700,0.75
948000,0.8
948300,0.8
948600,0.85
948900,0.85
949200,0.85
949500,0.9
949800,0.9
950100,0.8
950400,0.75
950700,0.65
951000,0.65
951300,0.65
951600,0.6
951900,0.55
952200,0.55
952500,0.55
952800,0.45
953100,0.45
953400,0.45
953700,0.45
954000,0.25
954300,0.25
954600,0.25
954900,0.25
955200,0.4
955500,0.35
955800,0.5
956100,0.55
956400,0.5
956700,0.5
957000,0.45
957300,0.45
957600,0.55
957900,0.55
958200,0.65
958500,0.65
958800,0.75
959100,0.75
959400,0.75
959700,0.75
960000,0.8
960300,0.8
960600,0.8
960900,0.8
961200,0.8
961500,0.8
961800,0.8
962100,0.8
962400,0.8
962700,0.8
963000,0.85
963300,0.85
963600,0.8
963900,0.8
964200,0.8
964500,0.85
964800,0.85
965100,0.9
965400,0.8
965700,0.75
966000,0.75
966300,0.7
966600,0.7
966900,0.65
967200,0.7
967500,0.7
967800,0.65
968100,0.65
968400,0.65
968700,0.65
969000,0.65
969300,0.65
969600,0.65
969900,0.65
970200,0.55
970500,0.6
970800,0.6
971100,0.55
971400,0.5
971700,0.5
972000,0.5
972300,0.45
972600,0.35
972900,0.35
973200,0.3
973500,0.25
973800,0.2
974100,0.4
974400,0.3
974700,0.4
975000,0.4
975300,0.45
975600,0.5
975900,0.45
976200,0.5
976500,0.55
976800,0.6
977100,0.65
977400,0.6
977700,0.7
978000,0.6
978300,0.65
978600,0.7
978900,0.8
979200,0.8
979500,0.85
979800,0.85
980100,0.85
980400,0.9
980700,0.85
981000,0.9
981300,0.9
981600,0.8
981900,0.8
982200,0.8
982500,0.8
982800,0.75
983100,0.8
983400,0.75
983700,0.7
984000,0.65
984300,0.55
984600,0.55
984900,0.55
985200,0.55
985500,0.55
985800,0.6
986100,0.7
986400,0.65
986700,0.6
987000,0.55
987300,0.55
987600,0.5
987900,0.55
988200,0.6
988500,0.6
988800,0.6
989100,0.65
989400,0.6
989700,0.6
990000,0.55
990300,0.5
990600,0.55
990900,0.65
991200,0.65
991500,0.65
991800,0.65
992100,0.65
992400,0.65
992700,0.65
993000,0.6
993300,0.6
993600,0.55
993900,0.65
994200,0.5
994500,0.4
994800,0.4
995100,0.4
995400,0.35
995700,0.3
996000,0.25
996300,0.35
996600,0.25
996900,0.2
997200,0.2
997500,0.25
997800,0.25
998100,0.35
998400,0.25
998700,0.3
999000,0.35
999300,0.5
999600,0.55
999900,0.5
1000200,0.5
1000500,0.55
1000800,0.55
1001100,0.6
1001400,0.65
1001700,0.65
1002000,0.7
1002300,0.7
1002600,0.7
1002900,0.7
1003200,0.7
1003500,0.7
1003800,0.75
1004100,0.75
1004400,0.8
1004700,0.8
1005000,0.75
1005300,0.75
1005600,0.75
1005900,0.75
1006200,0.75
1006500,0.75
1006800,0.75
1007100,0.65
1007400,0.6
1007700,0.6
1008000,0.6
1008300,0.6
1008600,0.7
1008900,0.7
1009200,0.7
1009500,0.75
1009800,0.8
1010100,0.85
1010400,0.8
1010700,0.75
1011000,0.65
1011300,0.65
1011600,0.65
1011900,0.65
1012200,0.65
1012500,0.6
1012800,0.65
1013100,0.65
1013400,0.7
1013700,0.7
1014000,0.75
1014300,0.75
1014600,0.7
1014900,0.75
1015200,0.75
1015500,0.75
1015800,0.75
1016100,0.75
1016400,0.75
1016700,0.8
1017000,0.85
1017300,0.85
1017600,0.85
1017900,0.7
1018200,0.7
1018500,0.55
1018800,0.55
1019100,0.55
1019400,0.55
1019700,0.55
1020000,0.55
1020300,0.55
1020600,0.6
1020900,0.55
1021200,0.5
1021500,0.35
1021800,0.25
1022100,0.25
1022400,0.3
1022700,0.2
1023000,0.15
1023300,0.2
1023600,0.3
1023900,0.25
1024200,0.15
1024500,0.25
1024800,0.3
1025100,0.4
1025400,0.3
1025700,0.4
1026000,0.35
1026300,0.35
1026600,0.35
1026900,0.35
1027200,0.35
1027500,0.35
1027800,0.3
1028100,0.35
1028400,0.35
1028700,0.35
1029000,0.4
1029300,0.45
1029600,0.5
1029900,0.45
1030200,0.55
1030500,0.65
1030800,0.65
1031100,0.65
1031400,0.65
1031700,0.65
1032000,0.65
1032300,0.65
1032600,0.65
1032900,0.65
1033200,0.65
1033500,0.65
1033800,0.65
1034100,0.65
1034400,0.65
1034700,0.65
1035000,0.65
1035300,0.65
1035600,0.65
1035900,0.65
1036200,0.65
1036500,0.65
1036800,0.65
1037100,0.65
1037400,0.65
1037700,0.65
1038000,0.65
1038300,0.65
1038600,0.65
1038900,0.65
1039200,0.65
1039500,0.65
1039800,0.65
1040100,0.65
1040400,0.65
1040700,0.65
1041000,0.65
1041300,0.65
1041600,0.65
1041900,0.65
1042200,0.65
1042500,0.65
1042800,0.65
1043100,0.65
1043400,0.65
1043700,0.65
1044000,0.65
1044300,0.65
1044600,0.65
1044900,0.65
1045200,0.65
1045500,0.65
1045800,0.65
1046100,0.65
1046400,0.65
1046700,0.65
1047000,0.65
1047300,0.65
1047600,0.65
1047900,0.65
1048200,0.65
1048500,0.65
1048800,0.65
1049100,0.65
1049400,0.65
1049700,0.65
1050000,0.65
1050300,0.65
1050600,0.65
1050900,0.65
1051200,0.65
1051500,0.65
1051800,0.65
1052100,0.65
1052400,0.65
1052700,0.65
1053000,0.65
1053300,0.65
1053600,0.65
1053900,0.65
1054200,0.65
1054500,0.65
1054800,0.65
1055100,0.65
1055400,0.65
1055700,0.65
1056000,0.65
1056300,0.65
1056600,0.65
1056900,0.65
1057200,0.65
1057500,0.65
1057800,0.65
1058100,0.65
1058400,0.65
1058700,0.65
1059000,0.65
1059300,0.65
1059600,0.65
1059900,0.65
1060200,0.65
1060500,0.65
1060800,0.65
1061100,0.65
1061400,0.65
1061700,0.65
1062000,0.65
1062300,0.65
1062600,0.65
1062900,0.65
1063200,0.65
1063500,0.65
1063800,0.65
1064100,0.65
1064400,0.65
1064700,0.65
1065000,0.65
1065300,0.65
1065600,0.65
1065900,0.65
1066200,0.65
1066500,0.65
1066800,0.65
1067100,0.65
1067400,0.65
1067700,0.65
1068000,0.65
1068300,0.65
1068600,0.65
1068900,0.65
1069200,0.65
1069500,0.65
1069800,0.65
1070100,0.65
1070400,0.65
1070700,0.65
1071000,0.65
1071300,0.65
1071600,0.65
1071900,0.65
1072200,0.65
1072500,0.65
1072800,0.65
1073100,0.65
1073400,0.65
1073700,0.65
1074000,0.65
1074300,0.65
1074600,0.65
1074900,0.65
1075200,0.65
1075500,0.65
1075800,0.65
1076100,0.65
1076400,0.65
1076700,0.65
1077000,0.65
1077300,0.65
1077600,0.65
1077900,0.65
1078200,0.65
1078500,0.65
1078800,0.65
1079100,0.65
1079400,0.65
1079700,0.65
1080000,0.65
1080300,0.65
1080600,0.65
1080900,0.65
1081200,0.65
1081500,0.65
1081800,0.65
1082100,0.65
1082400,0.65
1082700,0.65
1083000,0.65
1083300,0.65
1083600,0.65
1083900,0.65
1084200,0.65
1084500,0.65
1084800,0.65
1085100,0.65
1085400,0.65
1085700,0.65
1086000,0.65
1086300,0.65
1086600,0.65
1086900,0.65
1087200,0.65
1087500,0.65
1087800,0.65
1088100,0.65
1088400,0.65
1088700,0.65
1089000,0.65
1089300,0.65
1089600,0.65
1089900,0.65
1090200,0.65
1090500,0.65
1090800,0.65
1091100,0.65
1091400,0.65
1091700,0.65
1092000,0.65
1092300,0.65
1092600,0.65
1092900,0.65
1093200,0.65
1093500,0.65
1093800,0.65
1094100,0.65
1094400,0.65
1094700,0.65
1095000,0.65
1095300,0.65
1095600,0.65
1095900,0.65
1096200,0.65
1096500,0.65
1096800,0.65
1097100,0.65
1097400,0.65
1097700,0.65
1098000,0.65
1098300,0.65
1098600,0.65
1098900,0.65
1099200,0.65
1099500,0.65
1099800,0.65
1100100,0.65
1100400,0.65
1100700,0.65
1101000,0.65
1101300,0.65
1101600,0.65
1101900,0.65
1102200,0.65
1102500,0.65
1102800,0.65
1103100,0.65
1103400,0.65
1103700,0.65
1104000,0.65
1104300,0.65
1104600,0.65
1104900,0.65
1105200,0.65
1105500,0.65
1105800,0.65
1106100,0.65
1106400,0.65
1106700,0.65
1107000,0.65
1107300,0.65
1107600,0.65
1107900,0.65
1108200,0.65
1108500,0.65
1108800,0.65
1109100,0.65
1109400,0.65
1109700,0.65
1110000,0.65
1110300,0.65
1110600,0.65
1110900,0.65
1111200,0.65
1111500,0.65
1111800,0.65
1112100,0.65
1112400,0.65
1112700,0.65
1113000,0.65
1113300,0.65
1113600,0.65
1113900,0.65
1114200,0.65
1114500,0.65
1114800,0.65
1115100,0.65
1115400,0.65
1115700,0.65
1116000,0.65
1116300,0.65
1116600,0.65
1116900,0.65
1117200,0.65
1117500,0.6
1117800,0.55
1118100,0.6
1118400,0.5
1118700,0.45
1119000,0.4
1119300,0.55
1119600,0.55
1119900,0.55
1120200,0.55
1120500,0.55
1120800,0.55
1121100,0.55
1121400,0.55
1121700,0.7
1122000,0.7
1122300,0.7
1122600,0.65
1122900,0.7
1123200,0.6
1123500,0.6
1123800,0.6
1124100,0.55
1124400,0.55
1124700,0.45
1125000,0.45
1125300,0.45
1125600,0.4
1125900,0.4
1126200,0.4
1126500,0.6
1126800,0.65
1127100,0.75
1127400,0.75
1127700,0.75
1128000,0.75
1128300,0.75
1128600,0.95
1128900,0.95
1129200,0.9
1129500,0.9
1129800,0.85
1130100,0.85
1130400,0.85
1130700,0.9
1131000,0.9
1131300,0.9
1131600,0.9
1131900,0.85
1132200,0.85
1132500,0.8
1132800,0.8
1133100,0.8
1133400,0.8
1133700,0.8
1134000,0.85
1134300,0.9
1134600,0.9
1134900,0.9
1135200,0.95
1135500,0.9
1135800,0.9
1136100,0.85
1136400,0.8
1136700,0.8
1137000,0.8
1137300,0.75
1137600,0.7
1137900,0.65
1138200,0.6
1138500,0.6
1138800,0.65
1139100,0.7
1139400,0.7
1139700,0.7
1140000,0.7
1140300,0.7
1140600,0.7
1140900,0.65
1141200,0.7
1141500,0.7
1141800,0.7
1142100,0.8
1142400,0.85
1142700,0.8
1143000,0.85
1143300,0.75
1143600,0.7
1143900,0.7
1144200,0.65
1144500,0.65
1144800,0.65
1145100,0.6
1145400,0.6
1145700,0.55
1146000,0.45
1146300,0.4
1146600,0.35
1146900,0.35
1147200,0.4
1147500,0.4
1147800,0.5
1148100,0.5
1148400,0.5
1148700,0.4
1149000,0.4
1149300,0.35
1149600,0.35
1149900,0.45
1150200,0.45
1150500,0.4
1150800,0.5
1151100,0.35
1151400,0.4
1151700,0.4
1152000,0.35
1152300,0.4
1152600,0.65
1152900,0.6
1153200,0.7
1153500,0.7
1153800,0.7
1154100,0.65
1154400,0.75
1154700,0.75
1155000,0.65
1155300,0.65
1155600,0.7
1155900,0.6
1156200,0.65
1156500,0.65
1156800,0.65
1157100,0.65
1157400,0.75
1157700,0.85
1158000,0.9
1158300,0.9
1158600,0.9
1158900,0.9
1159200,0.85
1159500,0.9
1159800,0.9
1160100,0.9
1160400,0.9
1160700,0.85
1161000,0.85
1161300,0.85
1161600,0.9
1161900,0.9
1162200,0.85
1162500,0.9
1162800,0.9
1163100,0.9
1163400,0.9
1163700,0.9
1164000,0.9
1164300,0.9
1164600,0.9
1164900,0.85
1165200,0.8
1165500,0.8
1165800,0.85
1166100,0.85
1166400,0.85
1166700,0.85
1167000,0.75
1167300,0.75
1167600,0.7
1167900,0.7
1168200,0.65
1168500,0.7
1168800,0.65
1169100,0.65
1169400,0.7
1169700,0.7
1170000,0.8
1170300,0.8
1170600,0.7
1170900,0.65
1171200,0.6
1171500,0.6
1171800,0.6
1172100,0.55
1172400,0.5
1172700,0.45
1173000,0.55
1173300,0.6
1173600,0.6
1173900,0.65
1174200,0.65
1174500,0.6
1174800,0.65
1175100,0.7
1175400,0.7
1175700,0.65
1176000,0.6
1176300,0.6
1176600,0.65
1176900,0.65
1177200,0.65
1177500,0.65
1177800,0.65
1178100,0.6
1178400,0.6
1178700,0.7
1179000,0.7
1179300,0.7
1179600,0.7
1179900,0.7
1180200,0.7
1180500,0.75
1180800,0.8
1181100,0.9
1181400,0.9
1181700,0.85
1182000,0.85
1182300,0.85
1182600,0.85
1182900,0.85
1183200,0.8
1183500,0.7
1183800,0.7
1184100,0.65
1184400,0.6
1184700,0.6
1185000,0.5
1185300,0.5
1185600,0.5
1185900,0.5
1186200,0.55
1186500,0.55
1186800,0.6
1187100,0.7
1187400,0.7
1187700,0.85
1188000,0.85
1188300,0.85
1188600,0.8
1188900,0.8
1189200,0.75
1189500,0.75
1189800,0.8
1190100,0.75
1190400,0.55
1190700,0.6
1191000,0.55
1191300,0.55
1191600,0.45
1191900,0.45
1192200,0.4
1192500,0.4
1192800,0.35
1193100,0.35
1193400,0.35
1193700,0.4
1194000,0.25
1194300,0.35
1194600,0.35
1194900,0.35
1195200,0.35
1195500,0.4
1195800,0.35
1196100,0.35
1196400,0.45
1196700,0.65
1197000,0.6
1197300,0.55
1197600,0.65
1197900,0.75
1198200,0.8
1198500,0.8
1198800,0.75
1199100,0.8
1199400,0.8
1199700,0.75
1200000,0.8
1200300,0.8
1200600,0.75
1200900,0.75
1201200,0.75
1201500,0.7
1201800,0.75
1202100,0.6
1202400,0.65
1202700,0.6
1203000,0.6
1203300,0.75
1203600,0.7
1203900,0.65
1204200,0.7
1204500,0.7
1204800,0.7
1205100,0.75
1205400,0.8
1205700,0.8
1206000,0.75
1206300,0.7
1206600,0.7
1206900,0.75
1207200,0.75
1207500,0.7
1207800,0.7
1208100,0.65
1208400,0.65
1208700,0.65
1209000,0.6
1209300,0.5
1209600,0.5
1209900,0.4
1210200,0.35
1210500,0.35
1210800,0.45
1211100,0.5
1211400,0.4
1211700,0.4
1212000,0.4
1212300,0.4
1212600,0.4
1212900,0.55
1213200,0.5
1213500,0.6
1213800,0.7
1214100,0.7
1214400,0.7
1214700,0.7
1215000,0.7
1215300,0.75
1215600,0.75
1215900,0.7
1216200,0.75
1216500,0.75
1216800,0.75
1217100,0.8
1217400,0.8
1217700,0.75
1218000,0.8
1218300,0.85
1218600,0.8
1218900,0.8
1219200,0.8
1219500,0.75
1219800,0.7
1220100,0.7
1220400,0.7
1220700,0.7
1221000,0.7
1221300,0.75
1221600,0.9
1221900,0.9
1222200,0.85
1222500,0.85
1222800,0.85
1223100,0.9
1223400,0.9
1223700,0.85
1224000,0.8
1224300,0.8
1224600,0.75
1224900,0.75
1225200,0.65
1225500,0.6
1225800,0.6
1226100,0.55
1226400,0.55
1226700,0.6
1227000,0.55
1227300,0.45
1227600,0.45
1227900,0.4
1228200,0.4
1228500,0.55
1228800,0.55
1229100,0.6
1229400,0.55
1229700,0.55
1230000,0.5
1230300,0.5
1230600,0.5
1230900,0.6
1231200,0.6
1231500,0.6
1231800,0.7
1232100,0.6
1232400,0.6
1232700,0.5
1233000,0.35
1233300,0.4
1233600,0.3
1233900,0.35
1234200,0.3
1234500,0.3
1234800,0.3
1235100,0.3
1235400,0.25
1235700,0.35
1236000,0.45
1236300,0.4
1236600,0.45
1236900,0.55
1237200,0.6
1237500,0.6
1237800,0.65
1238100,0.6
1238400,0.9
1238700,0.8
1239000,0.8
1239300,0.8
1239600,0.85
1239900,0.85
1240200,0.9
1240500,0.9
1240800,0.9
1241100,0.85
1241400,0.95
1241700,0.95
1242000,0.95
1242300,0.9
1242600,0.9
1242900,0.9
1243200,0.9
1243500,0.9
1243800,0.85
1244100,0.85
1244400,0.85
1244700,0.85
1245000,0.85
1245300,0.85
1245600,0.95
1245900,0.95
1246200,1.0
1246500,0.95
1246800,0.9
1247100,0.9
1247400,0.9
1247700,0.9
1248000,0.9
1248300,0.85
1248600,0.85
1248900,0.8
1249200,0.8
1249500,0.65
1249800,0.7
1250100,0.7
1250400,0.7
1250700,0.7
1251000,0.75
1251300,0.75
1251600,0.75
1251900,0.8
1252200,0.8
1252500,0.85
1252800,0.85
1253100,0.9
1253400,0.85
1253700,0.7
1254000,0.7
1254300,0.6
1254600,0.6
1254900,0.55
1255200,0.5
1255500,0.5
1255800,0.5
1256100,0.45
1256400,0.5
1256700,0.55
1257000,0.65
1257300,0.7
1257600,0.7
1257900,0.75
1258200,0.65
1258500,0.65
1258800,0.6
1259100,0.6
1259400,0.6
1259700,0.55
1260000,0.55
1260300,0.55
1260600,0.55
1260900,0.65
1261200,0.75
1261500,0.75
1261800,0.75
1262100,0.8
1262400,0.85
1262700,0.85
1263000,0.85
1263300,0.8
1263600,0.8
1263900,0.85
1264200,0.85
1264500,0.85
1264800,0.9
1265100,0.8
1265400,0.75
1265700,0.75
1266000,0.55
1266300,0.55
1266600,0.55
1266900,0.55
1267200,0.6
1267500,0.7
1267800,0.75
1268100,0.75
1268400,0.7
1268700,0.75
1269000,0.75
1269300,0.8
1269600,0.85
1269900,0.8
1270200,0.8
1270500,0.7
1270800,0.75
1271100,0.8
1271400,0.85
1271700,0.75
1272000,0.8
1272300,0.85
1272600,0.8
1272900,0.8
1273200,0.8
1273500,0.75
1273800,0.75
1274100,0.8
1274400,0.75
1274700,0.75
1275000,0.8
1275300,0.85
1275600,0.8
1275900,0.75
1276200,0.75
1276500,0.75
1276800,0.75
1277100,0.7
1277400,0.7
1277700,0.7
1278000,0.7
1278300,0.5
1278600,0.5
1278900,0.5
1279200,0.5
1279500,0.5
1279800,0.5
1280100,0.55
1280400,0.5
1280700,0.7
1281000,0.65
1281300,0.7
1281600,0.7
1281900,0.55
1282200,0.6
1282500,0.55
1282800,0.6
1283100,0.55
1283400,0.55
1283700,0.45
1284000,0.5
1284300,0.55
1284600,0.55
1284900,0.55
1285200,0.6
1285500,0.6
1285800,0.6
1286100,0.6
1286400,0.55
1286700,0.55
1287000,0.5
1287300,0.5
1287600,0.5
1287900,0.5
1288200,0.45
1288500,0.5
1288800,0.5
1289100,0.45
1289400,0.5
1289700,0.55
1290000,0.6
1290300,0.65
1290600,0.7
1290900,0.7
1291200,0.7
1291500,0.75
1291800,0.8
1292100,0.85
1292400,0.85
1292700,0.75
1293000,0.8
1293300,0.8
1293600,0.75
1293900,0.75
1294200,0.75
1294500,0.75
1294800,0.8
1295100,0.8
1295400,0.8
1295700,0.7
1296000,0.7
1296300,0.55
1296600,0.55
1296900,0.7
1297200,0.7
1297500,0.45
1297800,0.5
1298100,0.45
1298400,0.4
1298700,0.45
1299000,0.4
1299300,0.45
1299600,0.4
1299900,0.35
1300200,0.35
1300500,0.4
1300800,0.4
1301100,0.35
1301400,0.4
1301700,0.35
1302000,0.4
1302300,0.5
1302600,0.45
1302900,0.45
1303200,0.55
1303500,0.55
1303800,0.55
1304100,0.55
1304400,0.6
1304700,0.65
1305000,0.6
1305300,0.6
1305600,0.65
1305900,0.7
1306200,0.75
1306500,0.7
1306800,0.7
1307100,0.75
1307400,0.8
1307700,0.8
1308000,0.85
1308300,0.85
1308600,0.85
1308900,0.85
1309200,0.8
1309500,0.85
1309800,0.85
1310100,0.85
1310400,0.8
1310700,0.85
1311000,0.85
1311300,0.75
1311600,0.75
1311900,0.75
1312200,0.75
1312500,0.75
1312800,0.75
1313100,0.75
1313400,0.75
1313700,0.75
1314000,0.75
1314300,0.75
1314600,0.7
1314900,0.6
1315200,0.6
1315500,0.6
1315800,0.6
1316100,0.6
1316400,0.55
1316700,0.5
1317000,0.5
1317300,0.45
1317600,0.5
1317900,0.5
1318200,0.45
1318500,0.45
1318800,0.5
1319100,0.5
1319400,0.5
1319700,0.45
1320000,0.55
1320300,0.45
1320600,0.45
1320900,0.3
1321200,0.3
1321500,0.25
1321800,0.2
1322100,0.2
1322400,0.3
1322700,0.2
1323000,0.2
1323300,0.2
1323600,0.15
1323900,0.2
1324200,0.2
1324500,0.35
1324800,0.4
1325100,0.5
1325400,0.6
1325700,0.65
1326000,0.65
1326300,0.6
1326600,0.55
1326900,0.55
1327200,0.55
1327500,0.65
1327800,0.65
1328100,0.65
1328400,0.75
1328700,0.75
1329000,0.65
1329300,0.65
1329600,0.65
1329900,0.55
1330200,0.55
1330500,0.65
1330800,0.7
1331100,0.75
1331400,0.65
1331700,0.55
1332000,0.55
1332300,0.7
1332600,0.7
1332900,0.6
1333200,0.45
1333500,0.5
1333800,0.45
1334100,0.45
1334400,0.45
1334700,0.5
1335000,0.5
1335300,0.5
1335600,0.55
1335900,0.65
1336200,0.75
1336500,0.75
1336800,0.75
1337100,0.75
1337400,0.7
1337700,0.7
1338000,0.7
1338300,0.7
1338600,0.7
1338900,0.7
1339200,0.65
1339500,0.7
1339800,0.7
1340100,0.7
1340400,0.6
1340700,0.6
1341000,0.6
1341300,0.6
1341600,0.6
1341900,0.6
1342200,0.6
1342500,0.5
1342800,0.45
1343100,0.5
1343400,0.55
1343700,0.4
1344000,0.4
1344300,0.45
1344600,0.45
1344900,0.4
1345200,0.45
1345500,0.6
1345800,0.65
1346100,0.65
1346400,0.65
1346700,0.75
1347000,0.75
1347300,0.8
1347600,0.8
1347900,0.7
1348200,0.8
1348500,0.8
1348800,0.8
1349100,0.8
1349400,0.85
1349700,0.85
1350000,0.85
1350300,0.85
1350600,0.8
1350900,0.8
1351200,0.8
1351500,0.8
1351800,0.75
1352100,0.7
1352400,0.8
1352700,0.75
1353000,0.7
1353300,0.7
1353600,0.7
1353900,0.7
1354200,0.65
1354500,0.65
1354800,0.65
1355100,0.65
1355400,0.6
1355700,0.65
1356000,0.7
1356300,0.65
1356600,0.65
1356900,0.7
1357200,0.8
1357500,0.8
1357800,0.8
1358100,0.75
1358400,0.75
1358700,0.8
1359000,0.85
1359300,0.85
1359600,0.8
1359900,0.8
1360200,0.85
1360500,0.8
1360800,0.8
1361100,0.85
1361400,0.8
1361700,0.8
1362000,0.75
1362300,0.75
1362600,0.7
1362900,0.75
1363200,0.6
1363500,0.65
1363800,0.65
1364100,0.7
1364400,0.65
1364700,0.7
1365000,0.65
1365300,0.65
1365600,0.65
1365900,0.6
1366200,0.45
1366500,0.45
1366800,0.45
1367100,0.5
1367400,0.45
1367700,0.5
1368000,0.45
1368300,0.5
1368600,0.5
1368900,0.45
1369200,0.45
1369500,0.45
1369800,0.45
1370100,0.4
1370400,0.35
1370700,0.3
1371000,0.3
1371300,0.25
1371600,0.25
1371900,0.2
1372200,0.25
1372500,0.2
1372800,0.3
1373100,0.3
1373400,0.4
1373700,0.45
1374000,0.45
1374300,0.4
1374600,0.55
1374900,0.55
1375200,0.55
1375500,0.6
1375800,0.6
1376100,0.6
1376400,0.6
1376700,0.65
1377000,0.7
1377300,0.75
1377600,0.8
1377900,0.8
1378200,0.85
1378500,0.85
1378800,0.85
1379100,0.8
1379400,0.8
1379700,0.7
1380000,0.7
1380300,0.75
1380600,0.8
1380900,0.8
1381200,0.75
1381500,0.7
1381800,0.75
1382100,0.75
1382400,0.7
1382700,0.6
1383000,0.5
1383300,0.25
1383600,0.25
1383900,0.25
1384200,0.3
1384500,0.25
1384800,0.4
1385100,0.35
1385400,0.35
1385700,0.5
1386000,0.45
1386300,0.6
1386600,0.45
1386900,0.45
1387200,0.55
1387500,0.6
1387800,0.65
1388100,0.6
1388400,0.65
1388700,0.65
1389000,0.6
1389300,0.6
1389600,0.6
1389900,0.65
1390200,0.65
1390500,0.65
1390800,0.7
1391100,0.65
1391400,0.65
1391700,0.7
1392000,0.65
1392300,0.65
1392600,0.65
1392900,0.65
1393200,0.65
1393500,0.65
1393800,0.65
1394100,0.8
1394400,0.8
1394700,0.8
1395000,0.85
1395300,0.9
1395600,0.9
1395900,0.9
1396200,0.95
1396500,0.95
1396800,0.95
1397100,0.95
1397400,0.95
1397700,0.95
1398000,0.95
1398300,0.95
1398600,0.95
1398900,0.9
1399200,0.9
1399500,0.9
1399800,0.8
1400100,0.8
1400400,0.8
1400700,0.8
1401000,0.75
1401300,0.7
1401600,0.7
1401900,0.7
1402200,0.7
1402500,0.65
1402800,0.7
1403100,0.7
1403400,0.65
1403700,0.65
1404000,0.65
1404300,0.6
1404600,0.6
1404900,0.65
1405200,0.6
1405500,0.6
1405800,0.55
1406100,0.55
1406400,0.5
1406700,0.55
1407000,0.5
1407300,0.5
1407600,0.6
1407900,0.65
1408200,0.65
1408500,0.6
1408800,0.6
1409100,0.5
1409400,0.55
1409700,0.5
1410000,0.7
1410300,0.65
1410600,0.65
1410900,0.65
1411200,0.65
1411500,0.6
1411800,0.6
1412100,0.7
1412400,0.7
1412700,0.8
1413000,0.85
1413300,0.85
1413600,0.85
1413900,0.85
1414200,0.85
1414500,0.85
1414800,0.85
1415100,0.85
1415400,0.8
1415700,0.8
1416000,0.85
1416300,0.75
1416600,0.75
1416900,0.7
1417200,0.75
1417500,0.7
1417800,0.7
1418100,0.7
1418400,0.7
1418700,0.75
1419000,0.75
1419300,0.75
1419600,0.75
1419900,0.6
1420200,0.6
1420500,0.6
1420800,0.6
1421100,0.65
1421400,0.55
1421700,0.5
1422000,0.55
1422300,0.55
1422600,0.55
1422900,0.55
1423200,0.55
1423500,0.45
1423800,0.45
1424100,0.5
1424400,0.5
1424700,0.5
1425000,0.5
1425300,0.55
1425600,0.6
1425900,0.45
1426200,0.45
1426500,0.45
1426800,0.45
1427100,0.4
1427400,0.45
1427700,0.25
1428000,0.3
1428300,0.3
1428600,0.35
1428900,0.45
1429200,0.4
1429500,0.5
1429800,0.55
1430100,0.55
1430400,0.5
1430700,0.55
1431000,0.55
1431300,0.4
1431600,0.4
1431900,0.35
1432200,0.35
1432500,0.45
1432800,0.45
1433100,0.5
1433400,0.4
1433700,0.25
1434000,0.35
1434300,0.25
1434600,0.3
1434900,0.3
1435200,0.35
1435500,0.35
1435800,0.35
1436100,0.4
1436400,0.45
1436700,0.4
1437000,0.4
1437300,0.45
1437600,0.4
1437900,0.45
1438200,0.4
1438500,0.45
1438800,0.45
1439100,0.55
1439400,0.55
1439700,0.45
1440000,0.5
1440300,0.6
1440600,0.6
1440900,0.65
1441200,0.55
1441500,0.55
1441800,0.6
1442100,0.55
1442400,0.65
1442700,0.65
1443000,0.65
1443300,0.65
1443600,0.65
1443900,0.65
1444200,0.65
1444500,0.7
1444800,0.75
1445100,0.75
1445400,0.65
1445700,0.65
1446000,0.7
1446300,0.85
1446600,0.9
1446900,0.9
1447200,0.9
1447500,0.8
1447800,0.8
1448100,0.75
1448400,0.7
1448700,0.7
1449000,0.75
1449300,0.75
1449600,0.75
1449900,0.75
1450200,0.7
1450500,0.65
1450800,0.8
1451100,0.8
1451400,0.8
1451700,0.8
1452000,0.8
1452300,0.8
1452600,0.8
1452900,0.75
1453200,0.75
1453500,0.75
1453800,0.75
1454100,0.7
1454400,0.7
1454700,0.7
1455000,0.7
1455300,0.65
1455600,0.65
1455900,0.65
1456200,0.5
1456500,0.5
1456800,0.4
1457100,0.35
1457400,0.35
1457700,0.35
1458000,0.3
1458300,0.3
1458600,0.3
1458900,0.3
1459200,0.25
1459500,0.45
1459800,0.4
1460100,0.5
1460400,0.55
1460700,0.6
1461000,0.55
1461300,0.6
1461600,0.55
1461900,0.6
1462200,0.6
1462500,0.55
1462800,0.6
1463100,0.6
1463400,0.55
1463700,0.55
1464000,0.7
1464300,0.7
1464600,0.7
1464900,0.7
1465200,0.65
1465500,0.65
1465800,0.7
1466100,0.65
1466400,0.65
1466700,0.7
1467000,0.75
1467300,0.7
1467600,0.75
1467900,0.65
1468200,0.7
1468500,0.7
1468800,0.7
1469100,0.65
1469400,0.55
1469700,0.5
1470000,0.3
1470300,0.3
1470600,0.15
1470900,0.1
1471200,0.1
1471500,0.05
1471800,0.05
1472100,0.05
1472400,0.05
1472700,0.1
1473000,0.1
1473300,0.1
1473600,0.05
1473900,0.25
1474200,0.35
1474500,0.4
1474800,0.35
1475100,0.35
1475400,0.5
1475700,0.55
1476000,0.55
1476300,0.55
1476600,0.55
1476900,0.65
1477200,0.75
1477500,0.75
1477800,0.7
1478100,0.7
1478400,0.7
1478700,0.7
1479000,0.7
1479300,0.7
1479600,0.7
1479900,0.75
1480200,0.75
1480500,0.7
1480800,0.6
1481100,0.55
1481400,0.55
1481700,0.55
1482000,0.55
1482300,0.5
1482600,0.5
1482900,0.5
1483200,0.5
1483500,0.55
1483800,0.55
1484100,0.65
1484400,0.65
1484700,0.6
1485000,0.6
1485300,0.6
1485600,0.6
1485900,0.65
1486200,0.65
1486500,0.7
1486800,0.75
1487100,0.75
1487400,0.75
1487700,0.75
1488000,0.75
1488300,0.75
1488600,0.75
1488900,0.75
1489200,0.75
1489500,0.75
1489800,0.75
1490100,0.75
1490400,0.75
1490700,0.75
1491000,0.75
1491300,0.75
1491600,0.75
1491900,0.75
1492200,0.75
1492500,0.75
1492800,0.75
1493100,0.75
1493400,0.75
1493700,0.75
1494000,0.75
1494300,0.75
1494600,0.75
1494900,0.75
1495200,0.75
1495500,0.75
1495800,0.75
1496100,0.75
1496400,0.75
1496700,0.75
1497000,0.75
1497300,0.75
1497600,0.75
1497900,0.75
1498200,0.75
1498500,0.65
1498800,0.7
1499100,0.7
1499400,0.7
1499700,0.7
1500000,0.75
1500300,0.75
1500600,0.75
1500900,0.7
1501200,0.7
1501500,0.6
1501800,0.6
1502100,0.6
1502400,0.7
1502700,0.7
1503000,0.75
1503300,0.7
1503600,0.7
1503900,0.75
1504200,0.75
1504500,0.7
1504800,0.7
1505100,0.8
1505400,0.85
1505700,0.85
1506000,0.85
1506300,0.85
1506600,0.85
1506900,0.85
1507200,0.85
1507500,0.85
1507800,0.85
1508100,0.85
1508400,0.85
1508700,0.8
1509000,0.8
1509300,0.8
1509600,0.7
1509900,0.7
1510200,0.75
1510500,0.75
1510800,0.75
1511100,0.75
1511400,0.7
1511700,0.75
1512000,0.75
1512300,0.8
1512600,0.8
1512900,0.75
1513200,0.75
1513500,0.7
1513800,0.6
1514100,0.65
1514400,0.65
1514700,0.65
1515000,0.65
1515300,0.35
1515600,0.35
1515900,0.3
1516200,0.35
1516500,0.35
1516800,0.35
1517100,0.4
1517400,0.35
1517700,0.4
1518000,0.25
1518300,0.3
1518600,0.35
1518900,0.3
1519200,0.3
1519500,0.35
1519800,0.35
1520100,0.45
1520400,0.5
1520700,0.55
1521000,0.55
1521300,0.65
1521600,0.6
1521900,0.55
1522200,0.6
1522500,0.55
1522800,0.7
1523100,0.7
1523400,0.7
1523700,0.8
1524000,0.8
1524300,0.8
1524600,0.8
1524900,0.85
1525200,0.85
1525500,0.85
1525800,0.85
1526100,0.9
1526400,0.75
1526700,0.75
1527000,0.75
1527300,0.75
1527600,0.75
1527900,0.75
1528200,0.75
1528500,0.8
1528800,0.8
1529100,0.8
1529400,0.8
1529700,0.8
1530000,0.8
1530300,0.8
1530600,0.75
1530900,0.8
1531200,0.8
1531500,0.85
1531800,0.85
1532100,0.9
1532400,0.9
1532700,0.9
1533000,0.85
1533300,0.75
1533600,0.75
1533900,0.75
1534200,0.7
1534500,0.75
1534800,0.75
1535100,0.65
1535400,0.7
1535700,0.65
1536000,0.7
1536300,0.65
1536600,0.6
1536900,0.6
1537200,0.55
1537500,0.55
1537800,0.55
1538100,0.5
1538400,0.5
1538700,0.55
1539000,0.55
1539300,0.4
1539600,0.45
1539900,0.35
1540200,0.4
1540500,0.25
1540800,0.25
1541100,0.35
1541400,0.3
1541700,0.3
1542000,0.3
1542300,0.25
1542600,0.2
1542900,0.15
1543200,0.2
1543500,0.15
1543800,0.15
1544100,0.1
1544400,0.1
1544700,0.1
1545000,0.25
1545300,0.3
1545600,0.35
1545900,0.35
1546200,0.35
1546500,0.4
1546800,0.4
1547100,0.4
1547400,0.45
1547700,0.45
1548000,0.55
1548300,0.5
1548600,0.45
1548900,0.4
1549200,0.5
1549500,0.55
1549800,0.7
1550100,0.75
1550400,0.75
1550700,0.75
1551000,0.75
1551300,0.65
1551600,0.65
1551900,0.6
1552200,0.5
1552500,0.5
1552800,0.55
1553100,0.55
1553400,0.65
1553700,0.5
1554000,0.5
1554300,0.55
1554600,0.55
1554900,0.45
1555200,0.5
1555500,0.5
1555800,0.4
1556100,0.35
1556400,0.35
1556700,0.3
1557000,0.3
1557300,0.4
1557600,0.55
1557900,0.6
1558200,0.65
1558500,0.7
1558800,0.8
1559100,0.9
1559400,0.9
1559700,0.85
1560000,0.85
1560300,0.9
1560600,0.7
1560900,0.7
1561200,0.7
1561500,0.65
1561800,0.65
1562100,0.65
1562400,0.65
1562700,0.65
1563000,0.65
1563300,0.65
1563600,0.7
1563900,0.7
1564200,0.65
1564500,0.65
1564800,0.65
1565100,0.65
1565400,0.7
1565700,0.75
1566000,0.75
1566300,0.7
1566600,0.65
1566900,0.6
1567200,0.6
1567500,0.6
1567800,0.6
1568100,0.6
1568400,0.6
1568700,0.65
1569000,0.65
1569300,0.65
1569600,0.65
1569900,0.7
1570200,0.75
1570500,0.75
1570800,0.8
1571100,0.8
1571400,0.8
1571700,0.7
1572000,0.7
1572300,0.7
1572600,0.7
1572900,0.7
1573200,0.7
1573500,0.7
1573800,0.7
1574100,0.65
1574400,0.7
1574700,0.7
1575000,0.65
1575300,0.65
1575600,0.65
1575900,0.6
1576200,0.5
1576500,0.5
1576800,0.55
1577100,0.55
1577400,0.55
1577700,0.55
1578000,0.4
1578300,0.4
1578600,0.45
1578900,0.4
1579200,0.4
1579500,0.4
1579800,0.5
1580100,0.5
1580400,0.5
1580700,0.45
1581000,0.45
1581300,0.5
1581600,0.55
1581900,0.45
1582200,0.4
1582500,0.4
1582800,0.5
1583100,0.55
1583400,0.55
1583700,0.6
1584000,0.55
1584300,0.5
1584600,0.5
1584900,0.5
1585200,0.65
1585500,0.65
1585800,0.75
1586100,0.8
1586400,0.8
1586700,0.85
1587000,0.9
1587300,0.8
1587600,0.8
1587900,0.85
1588200,0.85
1588500,0.85
1588800,0.75
1589100,0.7
1589400,0.6
1589700,0.55
1590000,0.7
1590300,0.7
1590600,0.7
1590900,0.7
1591200,0.65
1591500,0.65
1591800,0.65
1592100,0.7
1592400,0.7
1592700,0.75
1593000,0.7
1593300,0.75
1593600,0.75
1593900,0.7
1594200,0.6
1594500,0.6
1594800,0.65
1595100,0.65
1595400,0.65
1595700,0.65
1596000,0.65
1596300,0.55
1596600,0.6
1596900,0.6
1597200,0.6
1597500,0.65
1597800,0.75
1598100,0.75
1598400,0.75
1598700,0.7
1599000,0.7
1599300,0.6
1599600,0.65
1599900,0.6
1600200,0.55
1600500,0.55
1600800,0.45
1601100,0.5
1601400,0.5
1601700,0.5
1602000,0.5
1602300,0.55
1602600,0.5
1602900,0.55
1603200,0.55
1603500,0.5
1603800,0.45
1604100,0.45
1604400,0.45
1604700,0.45
1605000,0.45
1605300,0.5
1605600,0.6
1605900,0.75
1606200,0.75
1606500,0.8
1606800,0.8
1607100,0.8
1607400,0.75
1607700,0.75
1608000,0.7
1608300,0.7
1608600,0.65
1608900,0.65
1609200,0.7
1609500,0.65
1609800,0.65
1610100,0.65
1610400,0.65
1610700,0.65
1611000,0.7
1611300,0.7
1611600,0.75
1611900,0.75
1612200,0.75
1612500,0.7
1612800,0.65
1613100,0.7
1613400,0.8
1613700,0.8
1614000,0.75
1614300,0.75
1614600,0.7
1614900,0.7
1615200,0.75
1615500,0.75
1615800,0.8
1616100,0.8
1616400,0.8
1616700,0.8
1617000,0.95
1617300,0.95
1617600,0.9
1617900,0.8
1618200,0.9
1618500,0.85
1618800,0.85
1619100,0.8
1619400,0.8
1619700,0.8
1620000,0.85
1620300,0.85
1620600,0.85
1620900,0.85
1621200,0.85
1621500,0.9
1621800,0.8
1622100,0.8
1622400,0.8
1622700,0.8
1623000,0.65
1623300,0.65
1623600,0.7
1623900,0.6
1624200,0.5
1624500,0.35
1624800,0.25
1625100,0.3
1625400,0.35
1625700,0.3
1626000,0.3
1626300,0.35
1626600,0.4
1626900,0.5
1627200,0.4
1627500,0.25
1627800,0.3
1628100,0.2
1628400,0.2
1628700,0.2
1629000,0.15
1629300,0.1
1629600,0.15
1629900,0.15
1630200,0.2
1630500,0.4
1630800,0.3
1631100,0.3
1631400,0.3
1631700,0.35
1632000,0.4
1632300,0.45
1632600,0.45
1632900,0.45
1633200,0.4
1633500,0.4
1633800,0.35
1634100,0.3
1634400,0.35
1634700,0.4
1635000,0.45
1635300,0.5
1635600,0.45
1635900,0.5
1636200,0.55
1636500,0.55
1636800,0.6
1637100,0.7
1637400,0.7
1637700,0.75
1638000,0.8
1638300,0.9
1638600,0.75
1638900,0.75
1639200,0.65
1639500,0.65
1639800,0.7
1640100,0.75
1640400,0.75
1640700,0.7
1641000,0.7
1641300,0.7
1641600,0.8
1641900,0.75
1642200,0.65
1642500,0.6
1642800,0.55
1643100,0.55
1643400,0.45
1643700,0.4
1644000,0.35
1644300,0.4
1644600,0.25
1644900,0.25
1645200,0.25
1645500,0.25
1645800,0.25
1646100,0.45
1646400,0.5
1646700,0.55
1647000,0.45
1647300,0.45
1647600,0.5
1647900,0.6
1648200,0.6
1648500,0.6
1648800,0.6
1649100,0.6
1649400,0.6
1649700,0.7
1650000,0.8
1650300,0.85
1650600,0.85
1650900,0.85
1651200,0.85
1651500,0.85
1651800,0.85
1652100,0.8
1652400,0.8
1652700,0.8
1653000,0.85
1653300,0.8
1653600,0.8
1653900,0.8
1654200,0.8
1654500,0.75
1654800,0.7
1655100,0.75
1655400,0.75
1655700,0.75
1656000,0.75
1656300,0.75
1656600,0.75
1656900,0.75
1657200,0.65
1657500,0.7
1657800,0.75
1658100,0.75
1658400,0.8
1658700,0.8
1659000,0.8
1659300,0.85
1659600,0.85
1659900,0.85
1660200,0.85
1660500,0.85
1660800,0.85
1661100,0.85
1661400,0.85
1661700,0.85
1662000,0.9
1662300,0.8
1662600,0.75
1662900,0.8
1663200,0.8
1663500,0.8
1663800,0.7
1664100,0.7
1664400,0.65
1664700,0.6
1665000,0.6
1665300,0.55
1665600,0.6
1665900,0.65
1666200,0.65
1666500,0.65
1666800,0.65
1667100,0.65
1667400,0.65
1667700,0.5
1668000,0.5
1668300,0.5
1668600,0.45
1668900,0.45
1669200,0.6
1669500,0.6
1669800,0.55
1670100,0.5
1670400,0.5
1670700,0.55
1671000,0.5
1671300,0.55
1671600,0.65
1671900,0.65
1672200,0.7
1672500,0.65
1672800,0.75
1673100,0.75
1673400,0.7
1673700,0.7
1674000,0.7
1674300,0.7
1674600,0.85
1674900,0.85
1675200,0.9
1675500,0.85
1675800,0.85
1676100,0.8
1676400,0.8
1676700,0.75
1677000,0.7
1677300,0.6
1677600,0.65
1677900,0.75
1678200,0.75
1678500,0.75
1678800,0.75
1679100,0.75
1679400,0.7
1679700,0.75
1680000,0.75
1680300,0.75
1680600,0.7
1680900,0.7
1681200,0.65
1681500,0.65
1681800,0.75
1682100,0.7
1682400,0.7
1682700,0.6
1683000,0.6
1683300,0.6
1683600,0.7
1683900,0.75
1684200,0.7
1684500,0.65
1684800,0.55
1685100,0.35
1685400,0.25
1685700,0.15
1686000,0.15
1686300,0.1
1686600,0.15
1686900,0.2
1687200,0.3
1687500,0.3
1687800,0.4
1688100,0.3
1688400,0.25
1688700,0.25
1689000,0.3
1689300,0.4
1689600,0.4
1689900,0.4
1690200,0.35
1690500,0.4
1690800,0.4
1691100,0.5
1691400,0.4
1691700,0.55
1692000,0.6
1692300,0.65
1692600,0.7
1692900,0.8
1693200,0.8
1693500,0.85
1693800,0.85
1694100,0.8
1694400,0.8
1694700,0.8
1695000,0.75
1695300,0.8
1695600,0.9
1695900,0.9
1696200,0.9
1696500,0.9
1696800,0.85
1697100,0.8
1697400,0.8
1697700,0.8
1698000,0.8
1698300,0.7
1698600,0.7
1698900,0.7
1699200,0.65
1699500,0.65
1699800,0.65
1700100,0.7
1700400,0.7
1700700,0.65
1701000,0.65
1701300,0.65
1701600,0.6
1701900,0.55
1702200,0.5
1702500,0.55
1702800,0.5
1703100,0.4
1703400,0.5
1703700,0.45
1704000,0.45
1704300,0.45
1704600,0.5
1704900,0.55
1705200,0.55
1705500,0.65
1705800,0.7
1706100,0.75
1706400,0.75
1706700,0.75
1707000,0.75
1707300,0.65
1707600,0.6
1707900,0.6
1708200,0.6
1708500,0.55
1708800,0.55
1709100,0.55
1709400,0.5
1709700,0.5
1710000,0.5
1710300,0.55
1710600,0.4
1710900,0.4
1711200,0.5
1711500,0.5
1711800,0.45
1712100,0.5
1712400,0.6
1712700,0.6
1713000,0.6
1713300,0.55
1713600,0.55
1713900,0.6
1714200,0.55
1714500,0.5
1714800,0.6
1715100,0.6
1715400,0.5
1715700,0.5
1716000,0.45
1716300,0.35
1716600,0.35
1716900,0.3
1717200,0.2
1717500,0.15
1717800,0.1
1718100,0.25
1718400,0.2
1718700,0.3
1719000,0.4
1719300,0.45
1719600,0.55
1719900,0.65
1720200,0.65
1720500,0.5
1720800,0.5
1721100,0.45
1721400,0.55
1721700,0.55
1722000,0.65
1722300,0.45
1722600,0.55
1722900,0.5
1723200,0.5
1723500,0.45
1723800,0.5
1724100,0.55
1724400,0.6
1724700,0.65
1725000,0.7
1725300,0.75
1725600,0.7
1725900,0.65
1726200,0.7
1726500,0.7
1726800,0.7
1727100,0.7
1727400,0.7
1727700,0.65
1728000,0.7
1728300,0.45
1728600,0.5
1728900,0.5
1729200,0.5
1729500,0.55
1729800,0.55
1730100,0.55
1730400,0.55
1730700,0.5
1731000,0.35
1731300,0.45
1731600,0.5
1731900,0.4
1732200,0.4
1732500,0.55
1732800,0.6
1733100,0.55
1733400,0.55
1733700,0.6
1734000,0.6
1734300,0.6
1734600,0.6
1734900,0.65
1735200,0.7
1735500,0.75
1735800,0.75
1736100,0.8
1736400,0.8
1736700,0.8
1737000,0.8
1737300,0.8
1737600,0.85
1737900,0.85
1738200,0.9
1738500,0.9
1738800,0.9
1739100,0.9
1739400,0.9
1739700,0.8
1740000,0.8
1740300,0.8
1740600,0.75
1740900,0.75
1741200,0.75
1741500,0.7
1741800,0.7
1742100,0.7
1742400,0.7
1742700,0.7
1743000,0.75
1743300,0.75
1743600,0.75
1743900,0.7
1744200,0.75
1744500,0.75
1744800,0.75
1745100,0.7
1745400,0.7
1745700,0.7
1746000,0.65
1746300,0.65
1746600,0.6
1746900,0.65
1747200,0.6
1747500,0.65
1747800,0.55
1748100,0.55
1748400,0.55
1748700,0.55
1749000,0.55
1749300,0.55
1749600,0.45
1749900,0.45
1750200,0.45
1750500,0.45
1750800,0.5
1751100,0.5
1751400,0.55
1751700,0.5
1752000,0.6
1752300,0.65
1752600,0.65
1752900,0.6
1753200,0.6
1753500,0.6
1753800,0.65
1754100,0.65
1754400,0.7
1754700,0.7
1755000,0.65
1755300,0.7
1755600,0.75
1755900,0.75
1756200,0.7
1756500,0.65
1756800,0.7
1757100,0.7
1757400,0.75
1757700,0.7
1758000,0.7
1758300,0.7
1758600,0.75
1758900,0.75
1759200,0.8
1759500,0.8
1759800,0.7
1760100,0.7
1760400,0.7
1760700,0.7
1761000,0.7
1761300,0.7
1761600,0.65
1761900,0.7
1762200,0.65
1762500,0.7
1762800,0.7
1763100,0.7
1763400,0.65
1763700,0.65
1764000,0.6
1764300,0.6
1764600,0.55
1764900,0.55
1765200,0.5
1765500,0.5
1765800,0.55
1766100,0.55
1766400,0.65
1766700,0.7
1767000,0.8
1767300,0.8
1767600,0.8
1767900,0.8
1768200,0.8
1768500,0.75
1768800,0.75
1769100,0.75
1769400,0.75
1769700,0.8
1770000,0.85
1770300,0.85
1770600,0.9
1770900,0.9
1771200,0.9
1771500,0.7
1771800,0.75
1772100,0.75
1772400,0.7
1772700,0.65
1773000,0.6
1773300,0.6
1773600,0.5
1773900,0.45
1774200,0.5
1774500,0.5
1774800,0.45
1775100,0.55
1775400,0.55
1775700,0.65
1776000,0.65
1776300,0.6
1776600,0.6
1776900,0.75
1777200,0.8
1777500,0.7
1777800,0.7
1778100,0.6
1778400,0.6
1778700,0.6
1779000,0.65
1779300,0.6
1779600,0.55
1779900,0.55
1780200,0.65
1780500,0.65
1780800,0.7
1781100,0.7
1781400,0.65
1781700,0.7
1782000,0.75
1782300,0.75
1782600,0.75
1782900,0.8
1783200,0.8
1783500,0.8
1783800,0.8
1784100,0.9
1784400,0.85
1784700,0.85
1785000,0.85
1785300,0.85
1785600,0.8
1785900,0.85
1786200,0.9
1786500,0.85
1786800,0.85
1787100,0.9
1787400,0.9
1787700,0.9
1788000,0.85
1788300,0.8
1788600,0.8
1788900,0.8
1789200,0.7
1789500,0.75
1789800,0.8
1790100,0.8
1790400,0.8
1790700,0.75
1791000,0.75
1791300,0.65
1791600,0.65
1791900,0.7
1792200,0.75
1792500,0.75
1792800,0.8
1793100,0.85
1793400,0.85
1793700,0.85
1794000,0.85
1794300,0.85
1794600,0.8
1794900,0.8
1795200,0.75
1795500,0.75
1795800,0.75
1796100,0.9
1796400,0.85
1796700,0.85
1797000,0.75
1797300,0.65
1797600,0.65
1797900,0.65
1798200,0.65
1798500,0.65
1798800,0.65
1799100,0.5
1799400,0.45
1799700,0.4
1800000,0.4
1800300,0.4
1800600,0.4
1800900,0.45
1801200,0.45
1801500,0.4
1801800,0.45
1802100,0.5
1802400,0.45
1802700,0.45
1803000,0.25
1803300,0.2
1803600,0.3
1803900,0.35
1804200,0.3
1804500,0.3
1804800,0.3
1805100,0.35
1805400,0.45
1805700,0.5
1806000,0.55
1806300,0.5
1806600,0.5
1806900,0.55
1807200,0.55
1807500,0.5
1807800,0.6
1808100,0.6
1808400,0.55
1808700,0.45
1809000,0.5
1809300,0.65
1809600,0.65
1809900,0.6
1810200,0.6
1810500,0.55
1810800,0.55
1811100,0.6
1811400,0.7
1811700,0.7
1812000,0.7
1812300,0.65
1812600,0.65
1812900,0.65
1813200,0.6
1813500,0.6
1813800,0.6
1814100,0.6
1814400,0.6
1814700,0.6
1815000,0.6
1815300,0.6
1815600,0.6
1815900,0.6
1816200,0.6
1816500,0.15
1816800,0.15
1817100,0.25
1817400,0.3
1817700,0.35
1818000,0.45
1818300,0.45
1818600,0.45
1818900,0.45
1819200,0.45
1819500,0.55
1819800,0.55
1820100,0.5
1820400,0.55
1820700,0.7
1821000,0.7
1821300,0.7
1821600,0.7
1821900,0.7
1822200,0.85
1822500,0.9
1822800,0.85
1823100,0.85
1823400,0.9
1823700,0.9
1824000,0.9
1824300,0.9
1824600,0.8
1824900,0.8
1825200,0.8
1825500,0.8
1825800,0.8
1826100,0.8
1826400,0.8
1826700,0.8
1827000,0.75
1827300,0.85
1827600,0.9
1827900,0.9
1828200,0.9
1828500,0.9
1828800,0.9
1829100,0.9
1829400,0.9
1829700,0.8
1830000,0.8
1830300,0.8
1830600,0.7
1830900,0.7
1831200,0.65
1831500,0.65
1831800,0.7
1832100,0.7
1832400,0.7
1832700,0.65
1833000,0.6
1833300,0.55
1833600,0.55
1833900,0.5
1834200,0.6
1834500,0.65
1834800,0.6
1835100,0.6
1835400,0.7
1835700,0.7
1836000,0.7
1836300,0.7
1836600,0.65
1836900,0.7
1837200,0.75
1837500,0.7
1837800,0.7
1838100,0.6
1838400,0.65
1838700,0.8
1839000,0.65
1839300,0.65
1839600,0.6
1839900,0.6
1840200,0.6
1840500,0.6
1840800,0.6
1841100,0.65
1841400,0.65
1841700,0.65
1842000,0.65
1842300,0.8
1842600,0.8
1842900,0.7
1843200,0.65
1843500,0.7
1843800,0.7
1844100,0.7
1844400,0.75
1844700,0.7
1845000,0.7
1845300,0.7
1845600,0.7
1845900,0.75
1846200,0.75
1846500,0.75
1846800,0.65
1847100,0.7
1847400,0.7
1847700,0.75
1848000,0.8
1848300,0.85
1848600,0.85
1848900,0.85
1849200,0.85
1849500,0.85
1849800,0.85
1850100,0.85
1850400,0.8
1850700,0.85
1851000,0.85
1851300,0.85
1851600,0.85
1851900,0.85
1852200,0.85
1852500,0.8
1852800,0.75
1853100,0.75
1853400,0.7
1853700,0.65
1854000,0.6
1854300,0.6
1854600,0.6
1854900,0.6
1855200,0.6
1855500,0.6
1855800,0.65
1856100,0.65
1856400,0.6
1856700,0.55
1857000,0.55
1857300,0.55
1857600,0.55
1857900,0.45
1858200,0.45
1858500,0.35
1858800,0.45
1859100,0.4
1859400,0.45
1859700,0.4
1860000,0.3
1860300,0.3
1860600,0.3
1860900,0.25
1861200,0.25
1861500,0.15
1861800,0.3
1862100,0.2
1862400,0.15
1862700,0.15
1863000,0.2
1863300,0.3
1863600,0.35
1863900,0.35
1864200,0.4
1864500,0.5
1864800,0.55
1865100,0.6
1865400,0.7
1865700,0.75
1866000,0.7
1866300,0.7
1866600,0.7
1866900,0.85
1867200,0.85
1867500,0.85
1867800,0.8
1868100,0.85
1868400,0.85
1868700,0.75
1869000,0.65
1869300,0.65
1869600,0.65
1869900,0.6
1870200,0.5
1870500,0.5
1870800,0.55
1871100,0.6
1871400,0.5
1871700,0.5
1872000,0.55
1872300,0.55
1872600,0.65
1872900,0.8
1873200,0.8
1873500,0.9
1873800,0.9
1874100,0.9
1874400,0.9
1874700,0.9
1875000,0.75
1875300,0.75
1875600,0.7
1875900,0.7
1876200,0.75
1876500,0.75
1876800,0.75
1877100,0.8
1877400,0.8
1877700,0.75
1878000,0.8
1878300,0.75
1878600,0.8
1878900,0.8
1879200,0.85
1879500,0.85
1879800,0.8
1880100,0.75
1880400,0.8
1880700,0.75
1881000,0.75
1881300,0.85
1881600,0.85
1881900,0.85
1882200,0.85
1882500,0.85
1882800,0.85
1883100,0.85
1883400,0.85
1883700,0.85
1884000,0.75
1884300,0.75
1884600,0.7
1884900,0.65
1885200,0.6
1885500,0.55
1885800,0.45
1886100,0.35
1886400,0.35
1886700,0.25
1887000,0.2
1887300,0.2
1887600,0.25
1887900,0.25
1888200,0.35
1888500,0.35
1888800,0.45
1889100,0.35
1889400,0.5
1889700,0.5
1890000,0.4
1890300,0.35
1890600,0.4
1890900,0.4
1891200,0.5
1891500,0.45
1891800,0.55
1892100,0.55
1892400,0.6
1892700,0.65
1893000,0.6
1893300,0.6
1893600,0.8
1893900,0.8
1894200,0.85
1894500,0.85
1894800,0.8
1895100,0.8
1895400,0.8
1895700,0.8
1896000,0.8
1896300,0.75
1896600,0.75
1896900,0.75
1897200,0.75
1897500,0.7
1897800,0.65
1898100,0.65
1898400,0.6
1898700,0.6
1899000,0.5
1899300,0.45
1899600,0.55
1899900,0.7
1900200,0.6
1900500,0.55
1900800,0.55
1901100,0.55
1901400,0.55
1901700,0.45
1902000,0.35
1902300,0.3
1902600,0.4
1902900,0.4
1903200,0.3
1903500,0.35
1903800,0.4
1904100,0.45
1904400,0.45
1904700,0.45
1905000,0.4
1905300,0.5
1905600,0.5
1905900,0.4
1906200,0.45
1906500,0.4
1906800,0.4
1907100,0.4
1907400,0.5
1907700,0.55
1908000,0.5
1908300,0.55
1908600,0.65
1908900,0.6
1909200,0.6
1909500,0.6
1909800,0.6
1910100,0.55
1910400,0.5
1910700,0.5
1911000,0.55
1911300,0.5
1911600,0.5
1911900,0.5
1912200,0.45
1912500,0.45
1912800,0.45
1913100,0.5
1913400,0.45
1913700,0.45
1914000,0.4
1914300,0.4
1914600,0.45
1914900,0.5
1915200,0.45
1915500,0.5
1915800,0.5
1916100,0.55
1916400,0.55
1916700,0.55
1917000,0.45
1917300,0.5
1917600,0.5
1917900,0.5
1918200,0.55
1918500,0.55
1918800,0.6
1919100,0.6
1919400,0.6
1919700,0.6
1920000,0.55
1920300,0.6
1920600,0.6
1920900,0.6
1921200,0.55
1921500,0.55
1921800,0.55
1922100,0.55
1922400,0.55
1922700,0.55
1923000,0.55
1923300,0.6
1923600,0.6
1923900,0.65
1924200,0.65
1924500,0.6
1924800,0.6
1925100,0.55
1925400,0.5
1925700,0.45
1926000,0.45
1926300,0.5
1926600,0.5
1926900,0.4
1927200,0.5
1927500,0.45
1927800,0.4
1928100,0.45
1928400,0.55
1928700,0.45
1929000,0.45
1929300,0.5
1929600,0.55
1929900,0.7
1930200,0.75
1930500,0.8
1930800,0.8
1931100,0.8
1931400,0.7
1931700,0.65
1932000,0.7
1932300,0.7
1932600,0.65
1932900,0.55
1933200,0.55
1933500,0.55
1933800,0.65
1934100,0.65
1934400,0.6
1934700,0.55
1935000,0.55
1935300,0.5
1935600,0.5
1935900,0.55
1936200,0.55
1936500,0.6
1936800,0.6
1937100,0.7
1937400,0.65
1937700,0.7
1938000,0.65
1938300,0.65
1938600,0.65
1938900,0.65
1939200,0.7
1939500,0.75
1939800,0.8
1940100,0.8
1940400,0.65
1940700,0.7
1941000,0.7
1941300,0.65
1941600,0.65
1941900,0.65
1942200,0.55
1942500,0.5
1942800,0.6
1943100,0.55
1943400,0.6
1943700,0.6
1944000,0.55
1944300,0.55
1944600,0.55
1944900,0.7
1945200,0.55
1945500,0.6
1945800,0.65
1946100,0.65
1946400,0.7
1946700,0.6
1947000,0.55
1947300,0.6
1947600,0.5
1947900,0.5
1948200,0.4
1948500,0.45
1948800,0.4
1949100,0.35
1949400,0.4
1949700,0.3
1950000,0.2
1950300,0.15
1950600,0.15
1950900,0.15
1951200,0.15
1951500,0.15
1951800,0.25
1952100,0.4
1952400,0.3
1952700,0.2
1953000,0.2
1953300,0.3
1953600,0.3
1953900,0.25
1954200,0.4
1954500,0.35
1954800,0.35
1955100,0.45
1955400,0.45
1955700,0.45
1956000,0.45
1956300,0.45
1956600,0.45
1956900,0.45
1957200,0.4
1957500,0.35
1957800,0.4
1958100,0.45
1958400,0.7
1958700,0.7
1959000,0.65
1959300,0.6
1959600,0.6
1959900,0.75
1960200,0.7
1960500,0.75
1960800,0.7
1961100,0.65
1961400,0.6
1961700,0.65
1962000,0.65
1962300,0.6
1962600,0.6
1962900,0.5
1963200,0.7
1963500,0.65
1963800,0.65
1964100,0.7
1964400,0.7
1964700,0.8
1965000,0.8
1965300,0.85
1965600,0.9
1965900,0.9
1966200,0.9
1966500,0.9
1966800,0.9
1967100,0.85
1967400,0.8
1967700,0.75
1968000,0.75
1968300,0.75
1968600,0.75
1968900,0.75
1969200,0.75
1969500,0.75
1969800,0.8
1970100,0.75
1970400,0.65
1970700,0.65
1971000,0.65
1971300,0.65
1971600,0.6
1971900,0.6
1972200,0.6
1972500,0.5
1972800,0.55
1973100,0.55
1973400,0.55
1973700,0.6
1974000,0.6
1974300,0.6
1974600,0.6
1974900,0.6
1975200,0.75
1975500,0.6
1975800,0.6
1976100,0.6
1976400,0.55
1976700,0.5
1977000,0.45
1977300,0.5
1977600,0.5
1977900,0.55
1978200,0.6
1978500,0.55
1978800,0.55
1979100,0.55
1979400,0.55
1979700,0.55
1980000,0.5
1980300,0.45
1980600,0.5
1980900,0.5
1981200,0.5
1981500,0.55
1981800,0.6
1982100,0.6
1982400,0.75
1982700,0.75
1983000,0.75
1983300,0.75
1983600,0.75
1983900,0.8
1984200,0.8
1984500,0.8
1984800,0.8
1985100,0.75
1985400,0.75
1985700,0.6
1986000,0.6
1986300,0.65
1986600,0.5
1986900,0.5
1987200,0.4
1987500,0.4
1987800,0.4
1988100,0.35
1988400,0.35
1988700,0.4
1989000,0.4
1989300,0.35
1989600,0.4
1989900,0.45
1990200,0.5
1990500,0.45
1990800,0.55
1991100,0.45
1991400,0.45
1991700,0.4
1992000,0.4
1992300,0.4
1992600,0.4
1992900,0.45
1993200,0.4
1993500,0.35
1993800,0.45
1994100,0.6
1994400,0.6
1994700,0.65
1995000,0.7
1995300,0.7
1995600,0.65
1995900,0.75
1996200,0.7
1996500,0.7
1996800,0.65
1997100,0.65
1997400,0.65
1997700,0.65
1998000,0.7
1998300,0.7
1998600,0.7
1998900,0.7
1999200,0.75
1999500,0.75
1999800,0.75
2000100,0.75
2000400,0.75
2000700,0.75
2001000,0.75
2001300,0.7
2001600,0.7
2001900,0.7
2002200,0.75
2002500,0.75
2002800,0.75
2003100,0.75
2003400,0.75
2003700,0.75
2004000,0.75
2004300,0.75
2004600,0.8
2004900,0.8
2005200,0.8
2005500,0.8
2005800,0.75
2006100,0.8
2006400,0.85
2006700,0.85
2007000,0.9
2007300,0.85
2007600,0.85
2007900,0.85
2008200,0.9
2008500,0.85
2008800,0.8
2009100,0.8
2009400,0.8
2009700,0.75
2010000,0.8
2010300,0.65
2010600,0.65
2010900,0.6
2011200,0.6
2011500,0.6
2011800,0.6
2012100,0.5
2012400,0.5
2012700,0.5
2013000,0.45
2013300,0.5
2013600,0.45
2013900,0.35
2014200,0.35
2014500,0.35
2014800,0.35
2015100,0.4
2015400,0.4
2015700,0.5
2016000,0.6
2016300,0.6
2016600,0.65
2016900,0.65
2017200,0.65
2017500,0.65
2017800,0.65
2018100,0.7
2018400,0.75
2018700,0.75
2019000,0.75
2019300,0.75
2019600,0.75
2019900,0.75
2020200,0.75
2020500,0.75
2020800,0.75
2021100,0.75
2021400,0.75
2021700,0.75
2022000,0.75
2022300,0.75
2022600,0.75
2022900,0.75
2023200,0.75
2023500,0.75
2023800,0.75
2024100,0.75
2024400,0.75
2024700,0.75
2025000,0.75
2025300,0.75
2025600,0.75
2025900,0.75
2026200,0.75
2026500,0.75
2026800,0.75
2027100,0.75
2027400,0.75
2027700,0.75
2028000,0.75
2028300,0.75
2028600,0.75
2028900,0.75
2029200,0.75
2029500,0.75
2029800,0.75
2030100,0.75
2030400,0.75
2030700,0.75
2031000,0.75
2031300,0.75
2031600,0.75
2031900,0.75
2032200,0.75
2032500,0.75
2032800,0.75
2033100,0.75
2033400,0.75
2033700,0.75
2034000,0.75
2034300,0.75
2034600,0.75
2034900,0.75
2035200,0.75
2035500,0.75
2035800,0.75
2036100,0.75
2036400,0.75
2036700,0.75
2037000,0.75
2037300,0.75
2037600,0.75
2037900,0.75
2038200,0.75
2038500,0.75
2038800,0.75
2039100,0.75
2039400,0.75
2039700,0.7
2040000,0.75
2040300,0.75
2040600,0.75
2040900,0.7
2041200,0.7
2041500,0.75
2041800,0.7
2042100,0.75
2042400,0.7
2042700,0.65
2043000,0.6
2043300,0.0
2043600,0.0
2043900,0.6
2044200,0.6
2044500,0.6
2044800,0.6
2045100,0.6
2045400,0.6
2045700,0.6
2046000,0.45
2046300,0.45
2046600,0.4
2046900,0.35
2047200,0.35
2047500,0.35
2047800,0.35
2048100,0.35
2048400,0.35
2048700,0.6
2049000,0.65
2049300,0.65
2049600,0.7
2049900,0.75
2050200,0.75
2050500,0.75
2050800,0.75
2051100,0.7
2051400,0.7
2051700,0.7
2052000,0.7
2052300,0.7
2052600,0.7
2052900,0.65
2053200,0.65
2053500,0.7
2053800,0.7
2054100,0.65
2054400,0.65
2054700,0.6
2055000,0.6
2055300,0.55
2055600,0.6
2055900,0.6
2056200,0.7
2056500,0.65
2056800,0.6
2057100,0.6
2057400,0.5
2057700,0.45
2058000,0.45
2058300,0.25
2058600,0.25
2058900,0.3
2059200,0.3
2059500,0.3
2059800,0.25
2060100,0.25
2060400,0.2
2060700,0.2
2061000,0.25
2061300,0.2
2061600,0.35
2061900,0.3
2062200,0.35
2062500,0.35
2062800,0.35
2063100,0.35
2063400,0.45
2063700,0.45
2064000,0.3
2064300,0.4
2064600,0.45
2064900,0.45
2065200,0.45
2065500,0.45
2065800,0.45
2066100,0.45
2066400,0.55
2066700,0.45
2067000,0.4
2067300,0.45
2067600,0.55
2067900,0.6
2068200,0.6
2068500,0.55
2068800,0.65
2069100,0.65
2069400,0.7
2069700,0.7
2070000,0.75
2070300,0.9
2070600,0.85
2070900,0.8
2071200,0.9
2071500,0.8
2071800,0.75
2072100,0.75
2072400,0.65
2072700,0.65
2073000,0.55
2073300,0.55
2073600,0.55
2073900,0.5
2074200,0.5
2074500,0.5
2074800,0.5
2075100,0.45
2075400,0.55
2075700,0.55
2076000,0.4
2076300,0.4
2076600,0.35
2076900,0.4
2077200,0.5
2077500,0.55
2077800,0.6
2078100,0.5
2078400,0.5
2078700,0.6
2079000,0.65
2079300,0.55
2079600,0.55
2079900,0.55
2080200,0.6
2080500,0.75
2080800,0.75
2081100,0.8
2081400,0.85
2081700,0.85
2082000,0.85
2082300,0.85
2082600,0.9
2082900,0.95
2083200,0.9
2083500,0.9
2083800,0.85
2084100,0.85
2084400,0.85
2084700,0.85
2085000,0.85
2085300,0.85
2085600,0.85
2085900,0.85
2086200,0.8
2086500,0.8
2086800,0.8
2087100,0.8
2087400,0.8
2087700,0.8
2088000,0.85
2088300,0.85
2088600,0.85
2088900,0.8
2089200,0.85
2089500,0.85
2089800,0.85
2090100,0.85
2090400,0.85
2090700,0.85
2091000,0.8
2091300,0.8
2091600,0.8
2091900,0.8
2092200,0.8
2092500,0.8
2092800,0.75
2093100,0.75
2093400,0.75
2093700,0.75
2094000,0.75
2094300,0.7
2094600,0.7
2094900,0.65
2095200,0.7
2095500,0.7
2095800,0.75
2096100,0.7
2096400,0.7
2096700,0.65
2097000,0.6
2097300,0.5
2097600,0.5
2097900,0.5
2098200,0.4
2098500,0.5
2098800,0.4
2099100,0.35
2099400,0.35
2099700,0.35
2100000,0.3
2100300,0.3
2100600,0.4
2100900,0.5
2101200,0.5
2101500,0.45
2101800,0.45
2102100,0.4
2102400,0.55
2102700,0.6
2103000,0.6
2103300,0.55
2103600,0.5
2103900,0.5
2104200,0.5
2104500,0.6
2104800,0.6
2105100,0.65
2105400,0.6
2105700,0.6
2106000,0.6
2106300,0.6
2106600,0.65
2106900,0.7
2107200,0.7
2107500,0.7
2107800,0.7
2108100,0.7
2108400,0.7
2108700,0.7
2109000,0.65
2109300,0.55
2109600,0.55
2109900,0.55
2110200,0.55
2110500,0.6
2110800,0.6
2111100,0.65
2111400,0.7
2111700,0.7
2112000,0.7
2112300,0.75
2112600,0.75
2112900,0.75
2113200,0.7
2113500,0.8
2113800,0.8
2114100,0.9
2114400,0.85
2114700,0.85
2115000,0.85
2115300,0.85
2115600,0.85
2115900,0.8
2116200,0.7
2116500,0.75
2116800,0.75
2117100,0.7
2117400,0.7
2117700,0.65
2118000,0.6
2118300,0.55
2118600,0.5
2118900,0.45
2119200,0.5
2119500,0.5
2119800,0.55
2120100,0.55
2120400,0.5
2120700,0.6
2121000,0.65
2121300,0.6
2121600,0.7
2121900,0.7
2122200,0.65
2122500,0.8
2122800,0.8
2123100,0.75
2123400,0.7
2123700,0.7
2124000,0.7
2124300,0.65
2124600,0.65
2124900,0.65
2125200,0.75
2125500,0.65
2125800,0.6
2126100,0.7
2126400,0.7
2126700,0.7
2127000,0.8
2127300,0.7
2127600,0.7
2127900,0.7
2128200,0.75
2128500,0.8
2128800,0.75
2129100,0.8
2129400,0.8
2129700,0.75
2130000,0.75
2130300,0.75
2130600,0.75
2130900,0.8
2131200,0.75
2131500,0.8
2131800,0.75
2132100,0.75
2132400,0.75
2132700,0.7
2133000,0.65
2133300,0.65
2133600,0.6
2133900,0.6
2134200,0.6
2134500,0.7
2134800,0.75
2135100,0.75
2135400,0.75
2135700,0.65
2136000,0.65
2136300,0.7
2136600,0.65
2136900,0.75
2137200,0.75
2137500,0.75
2137800,0.75
2138100,0.75
2138400,0.75
2138700,0.8
2139000,0.85
2139300,0.8
2139600,0.8
2139900,0.8
2140200,0.85
2140500,0.85
2140800,0.8
2141100,0.8
2141400,0.8
2141700,0.75
2142000,0.7
2142300,0.6
2142600,0.55
2142900,0.4
2143200,0.3
2143500,0.3
2143800,0.3
2144100,0.25
2144400,0.25
2144700,0.2
2145000,0.25
2145300,0.2
2145600,0.3
2145900,0.25
2146200,0.3
2146500,0.25
2146800,0.3
2147100,0.25
2147400,0.2
2147700,0.4
2148000,0.35
2148300,0.25
2148600,0.25
2148900,0.35
2149200,0.45
2149500,0.5
2149800,0.5
2150100,0.6
2150400,0.6
2150700,0.65
2151000,0.7
2151300,0.65
2151600,0.7
2151900,0.7
2152200,0.65
2152500,0.65
2152800,0.65
2153100,0.75
2153400,0.75
2153700,0.65
2154000,0.65
2154300,0.65
2154600,0.65
2154900,0.7
2155200,0.65
2155500,0.65
2155800,0.65
2156100,0.65
2156400,0.65
2156700,0.65
2157000,0.8
2157300,0.8
2157600,0.85
2157900,0.75
2158200,0.65
2158500,0.65
2158800,0.65
2159100,0.65
2159400,0.55
2159700,0.4
2160000,0.3
2160300,0.3
2160600,0.3
2160900,0.2
2161200,0.2
2161500,0.15
2161800,0.15
2162100,0.2
2162400,0.3
2162700,0.35
2163000,0.5
2163300,0.5
2163600,0.55
2163900,0.6
2164200,0.6
2164500,0.6
2164800,0.55
2165100,0.55
2165400,0.65
2165700,0.65
2166000,0.7
2166300,0.7
2166600,0.75
2166900,0.75
2167200,0.65
2167500,0.6
2167800,0.6
2168100,0.65
2168400,0.6
2168700,0.6
2169000,0.65
2169300,0.65
2169600,0.65
2169900,0.7
2170200,0.7
2170500,0.65
2170800,0.65
2171100,0.65
2171400,0.65
2171700,0.65
2172000,0.7
2172300,0.7
2172600,0.8
2172900,0.8
2173200,0.8
2173500,0.75
2173800,0.7
2174100,0.65
2174400,0.65
2174700,0.6
2175000,0.6
2175300,0.6
2175600,0.6
2175900,0.55
2176200,0.6
2176500,0.6
2176800,0.6
2177100,0.6
2177400,0.6
2177700,0.6
2178000,0.6
2178300,0.6
2178600,0.6
2178900,0.6
2179200,0.65
2179500,0.65
2179800,0.65
2180100,0.55
2180400,0.6
2180700,0.6
2181000,0.55
2181300,0.55
2181600,0.6
2181900,0.65
2182200,0.6
2182500,0.65
2182800,0.65
2183100,0.7
2183400,0.8
2183700,0.75
2184000,0.7
2184300,0.7
2184600,0.65
2184900,0.65
2185200,0.65
2185500,0.5
2185800,0.55
2186100,0.55
2186400,0.45
2186700,0.55
2187000,0.5
2187300,0.6
2187600,0.6
2187900,0.55
2188200,0.6
2188500,0.65
2188800,0.65
2189100,0.65
2189400,0.75
2189700,0.8
2190000,0.85
2190300,0.85
2190600,0.85
2190900,0.85
2191200,0.85
2191500,0.9
2191800,0.9
2192100,0.9
2192400,0.9
2192700,0.9
2193000,0.85
2193300,0.85
2193600,0.85
2193900,0.9
2194200,0.9
2194500,0.9
2194800,0.9
2195100,0.9
2195400,0.9
2195700,0.9
2196000,0.85
2196300,0.85
2196600,0.9
2196900,0.85
2197200,0.8
2197500,0.85
2197800,0.85
2198100,0.8
2198400,0.75
2198700,0.75
2199000,0.75
2199300,0.7
2199600,0.7
2199900,0.75
2200200,0.75
2200500,0.75
2200800,0.7
2201100,0.8
2201400,0.8
2201700,0.8
2202000,0.8
2202300,0.75
2202600,0.75
2202900,0.75
2203200,0.8
2203500,0.8
2203800,0.85
2204100,0.85
2204400,0.85
2204700,0.75
2205000,0.65
2205300,0.65
2205600,0.5
2205900,0.45
2206200,0.45
2206500,0.5
2206800,0.4
2207100,0.35
2207400,0.3
2207700,0.3
2208000,0.35
2208300,0.5
2208600,0.45
2208900,0.5
2209200,0.45
2209500,0.5
2209800,0.45
2210100,0.5
2210400,0.5
2210700,0.65
2211000,0.7
2211300,0.75
2211600,0.75
2211900,0.75
2212200,0.75
2212500,0.8
2212800,0.8
2213100,0.8
2213400,0.65
2213700,0.7
2214000,0.65
2214300,0.6
2214600,0.5
2214900,0.5
2215200,0.65
2215500,0.6
2215800,0.7
2216100,0.75
2216400,0.8
2216700,0.8
2217000,0.75
2217300,0.8
2217600,0.8
2217900,0.8
2218200,0.8
2218500,0.8
2218800,0.8
2219100,0.85
2219400,0.8
2219700,0.75
2220000,0.7
2220300,0.7
2220600,0.65
2220900,0.65
2221200,0.6
2221500,0.6
2221800,0.65
2222100,0.7
2222400,0.7
2222700,0.7
2223000,0.75
2223300,0.8
2223600,0.85
2223900,0.85
2224200,0.9
2224500,0.9
2224800,0.9
2225100,0.85
2225400,0.85
2225700,0.9
2226000,0.85
2226300,0.85
2226600,0.85
2226900,0.85
2227200,0.8
2227500,0.8
2227800,0.8
2228100,0.8
2228400,0.75
2228700,0.8
2229000,0.8
2229300,0.75
2229600,0.7
2229900,0.7
2230200,0.0
2230500,0.6
2230800,0.7
2231100,0.7
2231400,0.65
2231700,0.6
2232000,0.55
2232300,0.6
2232600,0.55
2232900,0.55
2233200,0.6
2233500,0.65
2233800,0.65
2234100,0.6
2234400,0.5
2234700,0.5
2235000,0.55
2235300,0.55
2235600,0.55
2235900,0.5
2236200,0.55
2236500,0.5
2236800,0.55
2237100,0.55
2237400,0.6
2237700,0.6
2238000,0.6
2238300,0.65
2238600,0.6
2238900,0.55
2239200,0.55
2239500,0.55
2239800,0.65
2240100,0.55
2240400,0.5
2240700,0.5
2241000,0.5
2241300,0.5
2241600,0.5
2241900,0.5
2242200,0.45
2242500,0.25
2242800,0.2
2243100,0.2
2243400,0.4
2243700,0.35
2244000,0.35
2244300,0.35
2244600,0.35
2244900,0.45
2245200,0.5
2245500,0.45
2245800,0.45
2246100,0.55
2246400,0.5
2246700,0.55
2247000,0.6
2247300,0.55
2247600,0.45
2247900,0.45
2248200,0.5
2248500,0.45
2248800,0.4
2249100,0.35
2249400,0.4
2249700,0.45
2250000,0.4
2250300,0.35
2250600,0.35
2250900,0.45
2251200,0.45
2251500,0.5
2251800,0.45
2252100,0.45
2252400,0.0
2252700,0.0
2253000,0.0
2253300,0.5
2253600,0.5
2253900,0.5
2254200,0.45
2254500,0.5
2254800,0.55
2255100,0.55
2255400,0.6
2255700,0.65
2256000,0.65
2256300,0.65
2256600,0.65
2256900,0.7
2257200,0.7
2257500,0.75
2257800,0.75
2258100,0.8
2258400,0.8
2258700,0.8
2259000,0.75
2259300,0.75
2259600,0.8
2259900,0.75
2260200,0.7
2260500,0.7
2260800,0.7
2261100,0.7
2261400,0.7
2261700,0.7
2262000,0.65
2262300,0.65
2262600,0.65
2262900,0.7
2263200,0.7
2263500,0.65
2263800,0.65
2264100,0.7
2264400,0.7
2264700,0.7
2265000,0.7
2265300,0.85
2265600,0.8
2265900,0.8
2266200,0.75
2266500,0.65
2266800,0.6
2267100,0.6
2267400,0.5
2267700,0.5
2268000,0.55
2268300,0.5
2268600,0.5
2268900,0.45
2269200,0.35
2269500,0.4
2269800,0.45
2270100,0.4
2270400,0.35
2270700,0.25
2271000,0.2
2271300,0.15
2271600,0.15
2271900,0.25
2272200,0.3
2272500,0.4
2272800,0.4
2273100,0.45
2273400,0.45
2273700,0.6
2274000,0.6
2274300,0.55
2274600,0.45
2274900,0.5
2275200,0.5
2275500,0.5
2275800,0.5
2276100,0.55
2276400,0.6
2276700,0.7
2277000,0.75
2277300,0.75
2277600,0.75
2277900,0.8
2278200,0.8
2278500,0.9
2278800,0.95
2279100,0.9
2279400,0.9
2279700,0.9
2280000,0.9
2280300,0.9
2280600,0.85
2280900,0.8
2281200,0.75
2281500,0.75
2281800,0.7
2282100,0.75
2282400,0.75
2282700,0.8
2283000,0.8
2283300,0.8
2283600,0.85
2283900,0.9
2284200,0.9
2284500,0.85
2284800,0.85
2285100,0.85
2285400,0.85
2285700,0.85
2286000,0.9
2286300,0.8
2286600,0.9
2286900,0.9
2287200,0.9
2287500,0.9
2287800,0.9
2288100,0.85
2288400,0.8
2288700,0.8
2289000,0.75
2289300,0.75
2289600,0.75
2289900,0.65
2290200,0.65
2290500,0.6
2290800,0.55
2291100,0.5
2291400,0.6
2291700,0.65
2292000,0.65
2292300,0.7
2292600,0.75
2292900,0.6
2293200,0.65
2293500,0.7
2293800,0.65
2294100,0.7
2294400,0.7
2294700,0.7
2295000,0.65
2295300,0.65
2295600,0.6
2295900,0.65
2296200,0.65
2296500,0.65
2296800,0.7
2297100,0.65
2297400,0.7
2297700,0.75
2298000,0.75
2298300,0.8
2298600,0.7
2298900,0.75
2299200,0.75
2299500,0.75
2299800,0.75
2300100,0.75
2300400,0.75
2300700,0.75
2301000,0.8
2301300,0.8
2301600,0.85
2301900,0.85
2302200,0.9
2302500,0.95
2302800,0.95
2303100,0.9
2303400,0.9
2303700,0.85
2304000,0.9
2304300,0.85
2304600,0.85
2304900,0.85
2305200,0.9
2305500,0.85
2305800,0.85
2306100,0.85
2306400,0.85
2306700,0.85
2307000,0.9
2307300,0.9
2307600,0.9
2307900,0.9
2308200,0.85
2308500,0.95
2308800,0.95
2309100,0.95
2309400,0.95
2309700,0.95
2310000,0.9
2310300,0.9
2310600,0.9
2310900,0.9
2311200,0.95
2311500,0.95
2311800,0.95
2312100,0.95
2312400,0.95
2312700,0.9
2313000,0.9
2313300,0.9
2313600,0.9
2313900,0.8
2314200,0.8
2314500,0.8
2314800,0.8
2315100,0.8
2315400,0.8
2315700,0.8
2316000,0.75
2316300,0.65
2316600,0.6
2316900,0.45
2317200,0.45
2317500,0.45
2317800,0.5
2318100,0.3
2318400,0.3
2318700,0.35
2319000,0.35
2319300,0.3
2319600,0.3
2319900,0.3
2320200,0.35
2320500,0.3
2320800,0.3
2321100,0.4
2321400,0.45
2321700,0.6
2322000,0.5
2322300,0.6
2322600,0.5
2322900,0.5
2323200,0.5
2323500,0.5
2323800,0.45
2324100,0.4
2324400,0.35
2324700,0.2
2325000,0.2
2325300,0.3
2325600,0.35
2325900,0.4
2326200,0.4
2326500,0.45
2326800,0.35
2327100,0.55
2327400,0.55
2327700,0.4
2328000,0.5
2328300,0.5
2328600,0.45
2328900,0.4
2329200,0.4
2329500,0.5
2329800,0.5
2330100,0.5
2330400,0.45
2330700,0.45
2331000,0.55
2331300,0.6
2331600,0.55
2331900,0.55
2332200,0.55
2332500,0.6
2332800,0.65
2333100,0.6
2333400,0.65
2333700,0.6
2334000,0.55
2334300,0.55
2334600,0.55
2334900,0.6
2335200,0.55
2335500,0.55
2335800,0.55
2336100,0.55
2336400,0.6
2336700,0.6
2337000,0.55
2337300,0.6
2337600,0.6
2337900,0.65
2338200,0.6
2338500,0.6
2338800,0.6
2339100,0.75
2339400,0.75
2339700,0.8
2340000,0.8
2340300,0.8
2340600,0.8
2340900,0.85
2341200,0.75
2341500,0.8
2341800,0.8
2342100,0.85
2342400,0.85
2342700,0.85
2343000,0.85
2343300,0.85
2343600,0.85
2343900,0.85
2344200,0.85
2344500,0.85
2344800,0.95
2345100,0.85
2345400,0.85
2345700,0.85
2346000,0.85
2346300,0.85
2346600,0.85
2346900,0.7
2347200,0.7
2347500,0.65
2347800,0.55
2348100,0.55
2348400,0.5
2348700,0.55
2349000,0.55
2349300,0.55
2349600,0.55
2349900,0.65
2350200,0.65
2350500,0.65
2350800,0.65
2351100,0.6
2351400,0.7
2351700,0.75
2352000,0.8
2352300,0.8
2352600,0.8
2352900,0.75
2353200,0.7
2353500,0.7
2353800,0.7
2354100,0.65
2354400,0.65
2354700,0.65
2355000,0.6
2355300,0.55
2355600,0.65
2355900,0.6
2356200,0.6
2356500,0.6
2356800,0.55
2357100,0.55
2357400,0.6
2357700,0.6
2358000,0.6
2358300,0.5
2358600,0.4
2358900,0.45
2359200,0.45
2359500,0.45
2359800,0.5
2360100,0.5
2360400,0.55
2360700,0.5
2361000,0.55
2361300,0.55
2361600,0.55
2361900,0.6
2362200,0.65
2362500,0.7
2362800,0.85
2363100,0.85
2363400,0.8
2363700,0.7
2364000,0.6
2364300,0.55
2364600,0.55
2364900,0.6
2365200,0.65
2365500,0.7
2365800,0.75
2366100,0.7
2366400,0.6
2366700,0.65
2367000,0.75
2367300,0.7
2367600,0.65
2367900,0.65
2368200,0.65
2368500,0.75
2368800,0.8
2369100,0.85
2369400,0.8
2369700,0.85
2370000,0.9
2370300,0.85
2370600,0.9
2370900,0.85
2371200,0.85
2371500,0.8
2371800,0.8
2372100,0.85
2372400,0.8
2372700,0.75
2373000,0.75
2373300,0.75
2373600,0.75
2373900,0.7
2374200,0.75
2374500,0.7
2374800,0.7
2375100,0.7
2375400,0.6
2375700,0.6
2376000,0.55
2376300,0.6
2376600,0.65
2376900,0.6
2377200,0.6
2377500,0.4
2377800,0.4
2378100,0.45
2378400,0.35
2378700,0.35
2379000,0.3
2379300,0.4
2379600,0.4
2379900,0.4
2380200,0.45
2380500,0.6
2380800,0.6
2381100,0.7
2381400,0.7
2381700,0.6
2382000,0.65
2382300,0.6
2382600,0.5
2382900,0.55
2383200,0.55
2383500,0.55
2383800,0.55
2384100,0.6
2384400,0.75
2384700,0.8
2385000,0.85
2385300,0.85
2385600,0.8
2385900,0.9
2386200,0.9
2386500,0.9
2386800,0.9
2387100,0.9
2387400,0.95
2387700,0.9
2388000,0.9
2388300,0.9
2388600,0.9
2388900,0.9
2389200,1.0
2389500,1.0
2389800,1.0
2390100,1.0
2390400,0.95
2390700,0.9
2391000,0.9
2391300,0.85
2391600,0.85
2391900,0.85
2392200,0.85
2392500,0.9
2392800,0.8
2393100,0.8
2393400,0.8
2393700,0.8
2394000,0.8
2394300,0.7
2394600,0.75
2394900,0.75
2395200,0.7
2395500,0.8
2395800,0.8
2396100,0.75
2396400,0.8
2396700,0.75
2397000,0.7
2397300,0.75
2397600,0.85
2397900,0.75
2398200,0.75
2398500,0.75
2398800,0.75
2399100,0.7
2399400,0.7
2399700,0.8
2400000,0.8
2400300,0.8
2400600,0.75
2400900,0.75
2401200,0.75
2401500,0.75
2401800,0.65
2402100,0.65
2402400,0.65
2402700,0.7
2403000,0.7
2403300,0.7
2403600,0.55
2403900,0.55
2404200,0.55
2404500,0.6
2404800,0.6
2405100,0.55
2405400,0.55
2405700,0.55
2406000,0.6
2406300,0.55
2406600,0.3
2406900,0.3
2407200,0.35
2407500,0.55
2407800,0.45
2408100,0.45
2408400,0.45
2408700,0.45
2409000,0.5
2409300,0.5
2409600,0.4
2409900,0.45
2410200,0.4
2410500,0.5
2410800,0.6
2411100,0.5
2411400,0.65
2411700,0.7
2412000,0.7
2412300,0.7
2412600,0.7
2412900,0.75
2413200,0.75
2413500,0.75
2413800,0.75
2414100,0.75
2414400,0.75
2414700,0.7
2415000,0.6
2415300,0.6
2415600,0.5
2415900,0.5
2416200,0.55
2416500,0.55
2416800,0.65
2417100,0.7
2417400,0.6
2417700,0.55
2418000,0.6
2418300,0.6
2418600,0.65
2418900,0.55
2419200,0.55
2419500,0.45
2419800,0.45
2420100,0.4
2420400,0.25
2420700,0.3
2421000,0.3
2421300,0.25
2421600,0.25
2421900,0.25
2422200,0.25
2422500,0.4
2422800,0.3
2423100,0.25
2423400,0.35
2423700,0.5
2424000,0.55
2424300,0.7
2424600,0.75
2424900,0.75
2425200,0.75
2425500,0.8
2425800,0.8
2426100,0.8
2426400,0.8
2426700,0.8
2427000,0.8
2427300,0.85
2427600,0.85
2427900,0.85
2428200,0.85
2428500,0.85
2428800,0.85
2429100,0.85
2429400,0.85
2429700,0.85
2430000,0.85
2430300,0.9
2430600,0.9
2430900,0.9
2431200,0.85
2431500,0.85
2431800,0.85
2432100,0.85
2432400,0.85
2432700,0.8
2433000,0.8
2433300,0.75
2433600,0.8
2433900,0.8
2434200,0.8
2434500,0.75
2434800,0.75
2435100,0.75
2435400,0.75
2435700,0.75
2436000,0.7
2436300,0.7
2436600,0.65
2436900,0.6
2437200,0.6
2437500,0.6
2437800,0.7
2438100,0.55
2438400,0.55
2438700,0.55
2439000,0.5
2439300,0.5
2439600,0.45
2439900,0.45
2440200,0.35
2440500,0.3
2440800,0.45
2441100,0.45
2441400,0.4
2441700,0.4
2442000,0.45
2442300,0.4
2442600,0.4
2442900,0.4
2443200,0.4
2443500,0.45
2443800,0.4
2444100,0.4
2444400,0.35
2444700,0.35
2445000,0.4
2445300,0.4
2445600,0.4
2445900,0.4
2446200,0.4
2446500,0.5
2446800,0.45
2447100,0.45
2447400,0.5
2447700,0.55
2448000,0.55
2448300,0.55
2448600,0.65
2448900,0.75
2449200,0.85
2449500,0.85
2449800,0.95
2450100,0.8
2450400,0.8
2450700,0.85
2451000,0.85
2451300,0.8
2451600,0.9
2451900,0.9
2452200,0.9
2452500,0.85
2452800,0.9
2453100,0.85
2453400,0.85
2453700,0.8
2454000,0.8
2454300,0.75
2454600,0.75
2454900,0.75
2455200,0.75
2455500,0.75
2455800,0.75
2456100,0.75
2456400,0.75
2456700,0.75
2457000,0.75
2457300,0.8
2457600,0.8
2457900,0.9
2458200,0.9
2458500,0.9
2458800,0.9
2459100,0.9
2459400,0.95
2459700,0.9
2460000,0.9
2460300,0.9
2460600,0.9
2460900,0.9
2461200,0.9
2461500,0.9
2461800,0.8
2462100,0.75
2462400,0.8
2462700,0.75
2463000,0.7
2463300,0.7
2463600,0.55
2463900,0.55
2464200,0.5
2464500,0.45
2464800,0.45
2465100,0.4
2465400,0.35
2465700,0.3
2466000,0.3
2466300,0.25
2466600,0.35
2466900,0.5
2467200,0.55
2467500,0.5
2467800,0.45
2468100,0.45
2468400,0.45
2468700,0.5
2469000,0.5
2469300,0.5
2469600,0.55
2469900,0.55
2470200,0.6
2470500,0.6
2470800,0.65
2471100,0.7
2471400,0.7
2471700,0.65
2472000,0.7
2472300,0.75
2472600,0.75
2472900,0.85
2473200,0.85
2473500,0.75
2473800,0.8
2474100,0.75
2474400,0.75
2474700,0.8
2475000,0.8
2475300,0.8
2475600,0.7
2475900,0.8
2476200,0.8
2476500,0.8
2476800,0.85
2477100,0.85
2477400,0.85
2477700,0.8
2478000,0.85
2478300,0.85
2478600,0.85
2478900,0.85
2479200,0.85
2479500,0.85
2479800,0.9
2480100,0.9
2480400,0.9
2480700,0.85
2481000,0.85
2481300,0.9
2481600,0.85
2481900,0.9
2482200,0.85
2482500,0.85
2482800,0.85
2483100,0.85
2483400,0.85
2483700,0.9
2484000,0.9
2484300,0.85
2484600,0.8
2484900,0.85
2485200,0.85
2485500,0.85
2485800,0.85
2486100,0.85
2486400,0.85
2486700,0.85
2487000,0.85
2487300,0.8
2487600,0.8
2487900,0.65
2488200,0.75
2488500,0.75
2488800,0.7
2489100,0.7
2489400,0.7
2489700,0.7
2490000,0.75
2490300,0.7
2490600,0.7
2490900,0.6
2491200,0.6
2491500,0.6
2491800,0.6
2492100,0.6
2492400,0.5
2492700,0.45
2493000,0.45
2493300,0.55
2493600,0.45
2493900,0.6
2494200,0.6
2494500,0.6
2494800,0.5
2495100,0.55
2495400,0.55
2495700,0.55
2496000,0.55
2496300,0.5
2496600,0.6
2496900,0.65
2497200,0.65
2497500,0.6
2497800,0.65
2498100,0.65
2498400,0.65
2498700,0.6
2499000,0.75
2499300,0.75
2499600,0.7
2499900,0.75
2500200,0.7
2500500,0.65
2500800,0.65
2501100,0.65
2501400,0.7
2501700,0.6
2502000,0.6
2502300,0.55
2502600,0.55
2502900,0.7
2503200,0.65
2503500,0.55
2503800,0.5
2504100,0.45
2504400,0.45
2504700,0.4
2505000,0.35
2505300,0.35
