timestamp,89086,89086
0,0.6,0.6
300,0.48,0.48
600,0.44,0.44
900,0.4,0.4
1200,0.4,0.4
1500,0.4,0.4
1800,0.32,0.32
2100,0.28,0.28
2400,0.28,0.28
2700,0.16,0.16
3000,0.24,0.24
3300,0.16,0.16
3600,0.16,0.16
3900,0.08,0.08
4200,0.08,0.08
4500,0.12,0.12
4800,0.16,0.16
5100,0.16,0.16
5400,0.16,0.16
5700,0.32,0.32
6000,0.4,0.4
6300,0.36,0.36
6600,0.44,0.44
6900,0.44,0.44
7200,0.44,0.44
7500,0.48,0.48
7800,0.52,0.52
8100,0.56,0.56
8400,0.56,0.56
8700,0.6,0.6
9000,0.56,0.56
9300,0.56,0.56
9600,0.52,0.52
9900,0.44,0.44
10200,0.48,0.48
10500,0.44,0.44
10800,0.4,0.4
11100,0.44,0.44
11400,0.44,0.44
11700,0.44,0.44
12000,0.56,0.56
12300,0.52,0.52
12600,0.52,0.52
12900,0.52,0.52
13200,0.56,0.56
13500,0.6,0.6
13800,0.64,0.64
14100,0.64,0.64
14400,0.64,0.64
14700,0.64,0.64
15000,0.68,0.68
15300,0.64,0.64
15600,0.64,0.64
15900,0.6,0.6
16200,0.64,0.64
16500,0.56,0.56
16800,0.6,0.6
17100,0.6,0.6
17400,0.6,0.6
17700,0.6,0.6
18000,0.6,0.6
18300,0.6,0.6
18600,0.6,0.6
18900,0.64,0.64
19200,0.64,0.64
19500,0.64,0.64
19800,0.64,0.64
20100,0.64,0.64
20400,0.64,0.64
20700,0.64,0.64
21000,0.56,0.56
21300,0.4,0.4
21600,0.44,0.44
21900,0.44,0.44
22200,0.44,0.44
22500,0.52,0.52
22800,0.52,0.52
23100,0.44,0.44
23400,0.52,0.52
23700,0.52,0.52
24000,0.44,0.44
24300,0.36,0.36
24600,0.4,0.4
24900,0.32,0.32
25200,0.28,0.28
25500,0.24,0.24
25800,0.24,0.24
26100,0.24,0.24
26400,0.32,0.32
26700,0.4,0.4
27000,0.36,0.36
27300,0.32,0.32
27600,0.48,0.48
27900,0.48,0.48
28200,0.48,0.48
28500,0.48,0.48
28800,0.48,0.48
29100,0.48,0.48
29400,0.68,0.68
29700,0.72,0.72
30000,0.76,0.76
30300,0.84,0.84
30600,0.88,0.88
30900,0.88,0.88
31200,0.88,0.88
31500,0.88,0.88
31800,0.84,0.84
32100,0.84,0.84
32400,0.88,0.88
32700,0.88,0.88
33000,0.88,0.88
33300,0.88,0.88
33600,0.84,0.84
33900,0.8,0.8
34200,0.8,0.8
34500,0.8,0.8
34800,0.84,0.84
35100,0.84,0.84
35400,0.84,0.84
35700,0.88,0.88
36000,0.88,0.88
36300,0.92,0.92
36600,0.88,0.88
36900,0.88,0.88
37200,0.84,0.84
37500,0.84,0.84
37800,0.84,0.84
38100,0.88,0.88
38400,0.76,0.76
38700,0.76,0.76
39000,0.72,0.72
39300,0.68,0.68
39600,0.68,0.68
39900,0.68,0.68
40200,0.72,0.72
40500,0.72,0.72
40800,0.72,0.72
41100,0.72,0.72
41400,0.68,0.68
41700,0.72,0.72
42000,0.72,0.72
42300,0.8,0.8
42600,0.84,0.84
42900,0.88,0.88
43200,0.84,0.84
43500,0.84,0.84
43800,0.68,0.68
44100,0.6,0.6
44400,0.52,0.52
44700,0.48,0.48
45000,0.36,0.36
45300,0.32,0.32
45600,0.36,0.36
45900,0.4,0.4
46200,0.28,0.28
46500,0.28,0.28
46800,0.16,0.16
47100,0.36,0.36
47400,0.28,0.28
47700,0.24,0.24
48000,0.24,0.24
48300,0.24,0.24
48600,0.32,0.32
48900,0.32,0.32
49200,0.44,0.44
49500,0.4,0.4
49800,0.44,0.44
50100,0.6,0.6
50400,0.6,0.6
50700,0.6,0.6
51000,0.6,0.6
51300,0.6,0.6
51600,0.6,0.6
51900,0.64,0.64
52200,0.64,0.64
52500,0.68,0.68
52800,0.76,0.76
53100,0.8,0.8
53400,0.76,0.76
53700,0.72,0.72
54000,0.72,0.72
54300,0.72,0.72
54600,0.72,0.72
54900,0.64,0.64
55200,0.56,0.56
55500,0.56,0.56
55800,0.64,0.64
56100,0.64,0.64
56400,0.6,0.6
56700,0.56,0.56
57000,0.56,0.56
57300,0.56,0.56
57600,0.56,0.56
57900,0.6,0.6
58200,0.64,0.64
58500,0.68,0.68
58800,0.56,0.56
59100,0.52,0.52
59400,0.48,0.48
59700,0.56,0.56
60000,0.6,0.6
60300,0.64,0.64
60600,0.72,0.72
60900,0.8,0.8
61200,0.8,0.8
61500,0.72,0.72
61800,0.76,0.76
62100,0.8,0.8
62400,0.8,0.8
62700,0.8,0.8
63000,0.84,0.84
63300,0.84,0.84
63600,0.8,0.8
63900,0.84,0.84
64200,0.8,0.8
64500,0.8,0.8
64800,0.8,0.8
65100,0.8,0.8
65400,0.8,0.8
65700,0.8,0.8
66000,0.8,0.8
66300,0.8,0.8
66600,0.84,0.84
66900,0.8,0.8
67200,0.76,0.76
67500,0.76,0.76
67800,0.8,0.8
68100,0.8,0.8
68400,0.84,0.84
68700,0.84,0.84
69000,0.84,0.84
69300,0.88,0.88
69600,0.88,0.88
69900,0.84,0.84
70200,0.8,0.8
70500,0.76,0.76
70800,0.76,0.76
71100,0.76,0.76
71400,0.76,0.76
71700,0.64,0.64
72000,0.68,0.68
72300,0.64,0.64
72600,0.68,0.68
72900,0.68,0.68
73200,0.68,0.68
73500,0.72,0.72
73800,0.72,0.72
74100,0.72,0.72
74400,0.68,0.68
74700,0.72,0.72
75000,0.72,0.72
75300,0.76,0.76
75600,0.68,0.68
75900,0.76,0.76
76200,0.76,0.76
76500,0.68,0.68
76800,0.68,0.68
77100,0.68,0.68
77400,0.72,0.72
77700,0.76,0.76
78000,0.72,0.72
78300,0.72,0.72
78600,0.76,0.76
78900,0.68,0.68
79200,0.64,0.64
79500,0.64,0.64
79800,0.64,0.64
80100,0.56,0.56
80400,0.56,0.56
80700,0.6,0.6
81000,0.52,0.52
81300,0.48,0.48
81600,0.52,0.52
81900,0.56,0.56
82200,0.56,0.56
82500,0.56,0.56
82800,0.6,0.6
83100,0.6,0.6
83400,0.6,0.6
83700,0.64,0.64
84000,0.6,0.6
84300,0.6,0.6
84600,0.64,0.64
84900,0.68,0.68
85200,0.68,0.68
85500,0.68,0.68
85800,0.64,0.64
86100,0.6,0.6
86400,0.56,0.56
86700,0.48,0.48
87000,0.4,0.4
87300,0.36,0.36
87600,0.24,0.24
87900,0.24,0.24
88200,0.16,0.16
88500,0.2,0.2
88800,0.08,0.08
89100,0.0,0.0
89400,0.0,0.0
89700,0.04,0.04
90000,0.04,0.04
90300,0.2,0.2
90600,0.12,0.12
90900,0.2,0.2
91200,0.12,0.12
91500,0.12,0.12
91800,0.16,0.16
92100,0.16,0.16
92400,0.08,0.08
92700,0.16,0.16
93000,0.2,0.2
93300,0.2,0.2
93600,0.2,0.2
93900,0.2,0.2
94200,0.32,0.32
94500,0.28,0.28
94800,0.36,0.36
95100,0.32,0.32
95400,0.32,0.32
95700,0.32,0.32
96000,0.32,0.32
96300,0.36,0.36
96600,0.36,0.36
96900,0.32,0.32
97200,0.28,0.28
97500,0.28,0.28
97800,0.24,0.24
98100,0.24,0.24
98400,0.36,0.36
98700,0.44,0.44
99000,0.4,0.4
99300,0.4,0.4
99600,0.4,0.4
99900,0.44,0.44
100200,0.44,0.44
100500,0.48,0.48
100800,0.52,0.52
101100,0.56,0.56
101400,0.64,0.64
101700,0.72,0.72
102000,0.72,0.72
102300,0.72,0.72
102600,0.64,0.64
102900,0.6,0.6
103200,0.6,0.6
103500,0.6,0.6
103800,0.6,0.6
104100,0.6,0.6
104400,0.6,0.6
104700,0.6,0.6
105000,0.64,0.64
105300,0.56,0.56
105600,0.6,0.6
105900,0.6,0.6
106200,0.56,0.56
106500,0.56,0.56
106800,0.6,0.6
107100,0.6,0.6
107400,0.56,0.56
107700,0.56,0.56
108000,0.56,0.56
108300,0.52,0.52
108600,0.48,0.48
108900,0.48,0.48
109200,0.48,0.48
109500,0.4,0.4
109800,0.4,0.4
110100,0.4,0.4
110400,0.4,0.4
110700,0.36,0.36
111000,0.4,0.4
111300,0.44,0.44
111600,0.52,0.52
111900,0.52,0.52
112200,0.4,0.4
112500,0.36,0.36
112800,0.32,0.32
113100,0.36,0.36
113400,0.4,0.4
113700,0.36,0.36
114000,0.44,0.44
114300,0.4,0.4
114600,0.36,0.36
114900,0.4,0.4
115200,0.48,0.48
115500,0.52,0.52
115800,0.6,0.6
116100,0.68,0.68
116400,0.72,0.72
116700,0.68,0.68
117000,0.72,0.72
117300,0.76,0.76
117600,0.76,0.76
117900,0.64,0.64
118200,0.64,0.64
118500,0.72,0.72
118800,0.68,0.68
119100,0.64,0.64
119400,0.52,0.52
119700,0.48,0.48
120000,0.44,0.44
120300,0.44,0.44
120600,0.4,0.4
120900,0.44,0.44
121200,0.36,0.36
121500,0.48,0.48
121800,0.48,0.48
122100,0.56,0.56
122400,0.56,0.56
122700,0.56,0.56
123000,0.56,0.56
123300,0.64,0.64
123600,0.72,0.72
123900,0.64,0.64
124200,0.6,0.6
124500,0.56,0.56
124800,0.56,0.56
125100,0.64,0.64
125400,0.64,0.64
125700,0.64,0.64
126000,0.64,0.64
126300,0.68,0.68
126600,0.68,0.68
126900,0.6,0.6
127200,0.64,0.64
127500,0.64,0.64
127800,0.56,0.56
128100,0.56,0.56
128400,0.56,0.56
128700,0.56,0.56
129000,0.56,0.56
129300,0.56,0.56
129600,0.48,0.48
129900,0.48,0.48
130200,0.48,0.48
130500,0.32,0.32
130800,0.32,0.32
131100,0.28,0.28
131400,0.32,0.32
131700,0.4,0.4
132000,0.4,0.4
132300,0.4,0.4
132600,0.36,0.36
132900,0.28,0.28
133200,0.4,0.4
133500,0.48,0.48
133800,0.56,0.56
134100,0.52,0.52
134400,0.44,0.44
134700,0.44,0.44
135000,0.44,0.44
135300,0.48,0.48
135600,0.48,0.48
135900,0.6,0.6
136200,0.48,0.48
136500,0.44,0.44
136800,0.4,0.4
137100,0.4,0.4
137400,0.44,0.44
137700,0.48,0.48
138000,0.48,0.48
138300,0.44,0.44
138600,0.48,0.48
138900,0.52,0.52
139200,0.56,0.56
139500,0.6,0.6
139800,0.52,0.52
140100,0.6,0.6
140400,0.56,0.56
140700,0.6,0.6
141000,0.68,0.68
141300,0.72,0.72
141600,0.76,0.76
141900,0.72,0.72
142200,0.68,0.68
142500,0.68,0.68
142800,0.68,0.68
143100,0.72,0.72
143400,0.64,0.64
143700,0.52,0.52
144000,0.48,0.48
144300,0.52,0.52
144600,0.6,0.6
144900,0.6,0.6
145200,0.56,0.56
145500,0.6,0.6
145800,0.6,0.6
146100,0.56,0.56
146400,0.52,0.52
146700,0.44,0.44
147000,0.4,0.4
147300,0.44,0.44
147600,0.48,0.48
147900,0.52,0.52
148200,0.56,0.56
148500,0.56,0.56
148800,0.52,0.52
149100,0.56,0.56
149400,0.6,0.6
149700,0.6,0.6
150000,0.72,0.72
150300,0.68,0.68
150600,0.72,0.72
150900,0.76,0.76
151200,0.76,0.76
151500,0.76,0.76
151800,0.84,0.84
152100,0.88,0.88
152400,0.88,0.88
152700,0.88,0.88
153000,0.92,0.92
153300,0.92,0.92
153600,0.92,0.92
153900,0.88,0.88
154200,0.88,0.88
154500,0.88,0.88
154800,0.88,0.88
155100,0.88,0.88
155400,0.88,0.88
155700,0.88,0.88
156000,0.84,0.84
156300,0.84,0.84
156600,0.72,0.72
156900,0.72,0.72
157200,0.64,0.64
157500,0.56,0.56
157800,0.56,0.56
158100,0.44,0.44
158400,0.4,0.4
158700,0.44,0.44
159000,0.36,0.36
159300,0.36,0.36
159600,0.36,0.36
159900,0.36,0.36
160200,0.32,0.32
160500,0.32,0.32
160800,0.32,0.32
161100,0.32,0.32
161400,0.44,0.44
161700,0.4,0.4
162000,0.36,0.36
162300,0.4,0.4
162600,0.36,0.36
162900,0.4,0.4
163200,0.44,0.44
163500,0.44,0.44
163800,0.44,0.44
164100,0.52,0.52
164400,0.48,0.48
164700,0.52,0.52
165000,0.52,0.52
165300,0.48,0.48
165600,0.68,0.68
165900,0.72,0.72
166200,0.68,0.68
166500,0.68,0.68
166800,0.64,0.64
167100,0.68,0.68
167400,0.72,0.72
167700,0.72,0.72
168000,0.64,0.64
168300,0.68,0.68
168600,0.68,0.68
168900,0.68,0.68
169200,0.76,0.76
169500,0.72,0.72
169800,0.72,0.72
170100,0.68,0.68
170400,0.72,0.72
170700,0.72,0.72
171000,0.68,0.68
171300,0.64,0.64
171600,0.64,0.64
171900,0.68,0.68
172200,0.68,0.68
172500,0.68,0.68
172800,0.68,0.68
173100,0.64,0.64
173400,0.56,0.56
173700,0.56,0.56
174000,0.48,0.48
174300,0.48,0.48
174600,0.44,0.44
174900,0.4,0.4
175200,0.28,0.28
175500,0.28,0.28
175800,0.24,0.24
176100,0.28,0.28
176400,0.4,0.4
176700,0.44,0.44
177000,0.4,0.4
177300,0.12,0.12
177600,0.12,0.12
177900,0.24,0.24
178200,0.28,0.28
178500,0.2,0.2
178800,0.16,0.16
179100,0.12,0.12
179400,0.12,0.12
179700,0.24,0.24
180000,0.24,0.24
180300,0.24,0.24
180600,0.28,0.28
180900,0.32,0.32
181200,0.28,0.28
181500,0.24,0.24
181800,0.28,0.28
182100,0.24,0.24
182400,0.2,0.2
182700,0.24,0.24
183000,0.16,0.16
183300,0.2,0.2
183600,0.24,0.24
183900,0.28,0.28
184200,0.28,0.28
184500,0.24,0.24
184800,0.28,0.28
185100,0.24,0.24
185400,0.28,0.28
185700,0.36,0.36
186000,0.36,0.36
186300,0.32,0.32
186600,0.36,0.36
186900,0.52,0.52
187200,0.56,0.56
187500,0.6,0.6
187800,0.56,0.56
188100,0.48,0.48
188400,0.52,0.52
188700,0.44,0.44
189000,0.52,0.52
189300,0.48,0.48
189600,0.52,0.52
189900,0.56,0.56
190200,0.52,0.52
190500,0.48,0.48
190800,0.56,0.56
191100,0.52,0.52
191400,0.52,0.52
191700,0.52,0.52
192000,0.52,0.52
192300,0.48,0.48
192600,0.52,0.52
192900,0.52,0.52
193200,0.52,0.52
193500,0.56,0.56
193800,0.52,0.52
194100,0.52,0.52
194400,0.52,0.52
194700,0.52,0.52
195000,0.52,0.52
195300,0.52,0.52
195600,0.52,0.52
195900,0.48,0.48
196200,0.64,0.64
196500,0.68,0.68
196800,0.68,0.68
197100,0.72,0.72
197400,0.68,0.68
197700,0.6,0.6
198000,0.68,0.68
198300,0.68,0.68
198600,0.68,0.68
198900,0.6,0.6
199200,0.52,0.52
199500,0.48,0.48
199800,0.4,0.4
200100,0.4,0.4
200400,0.44,0.44
200700,0.44,0.44
201000,0.48,0.48
201300,0.44,0.44
201600,0.48,0.48
201900,0.6,0.6
202200,0.72,0.72
202500,0.72,0.72
202800,0.8,0.8
203100,0.8,0.8
203400,0.76,0.76
203700,0.72,0.72
204000,0.76,0.76
204300,0.72,0.72
204600,0.72,0.72
204900,0.68,0.68
205200,0.72,0.72
205500,0.72,0.72
205800,0.64,0.64
206100,0.72,0.72
206400,0.72,0.72
206700,0.76,0.76
207000,0.68,0.68
207300,0.68,0.68
207600,0.68,0.68
207900,0.68,0.68
208200,0.72,0.72
208500,0.72,0.72
208800,0.72,0.72
209100,0.8,0.8
209400,0.72,0.72
209700,0.76,0.76
210000,0.72,0.72
210300,0.72,0.72
210600,0.72,0.72
210900,0.76,0.76
211200,0.76,0.76
211500,0.72,0.72
211800,0.64,0.64
212100,0.64,0.64
212400,0.64,0.64
212700,0.68,0.68
213000,0.68,0.68
213300,0.64,0.64
213600,0.64,0.64
213900,0.64,0.64
214200,0.68,0.68
214500,0.68,0.68
214800,0.68,0.68
215100,0.68,0.68
215400,0.68,0.68
215700,0.68,0.68
216000,0.6,0.6
216300,0.64,0.64
216600,0.6,0.6
216900,0.56,0.56
217200,0.52,0.52
217500,0.4,0.4
217800,0.4,0.4
218100,0.48,0.48
218400,0.52,0.52
218700,0.48,0.48
219000,0.48,0.48
219300,0.52,0.52
219600,0.48,0.48
219900,0.44,0.44
220200,0.4,0.4
220500,0.4,0.4
220800,0.4,0.4
221100,0.4,0.4
221400,0.44,0.44
221700,0.52,0.52
222000,0.56,0.56
222300,0.6,0.6
222600,0.68,0.68
222900,0.72,0.72
223200,0.68,0.68
223500,0.68,0.68
223800,0.64,0.64
224100,0.68,0.68
224400,0.64,0.64
224700,0.64,0.64
225000,0.68,0.68
225300,0.68,0.68
225600,0.68,0.68
225900,0.64,0.64
226200,0.68,0.68
226500,0.68,0.68
226800,0.72,0.72
227100,0.68,0.68
227400,0.68,0.68
227700,0.72,0.72
228000,0.72,0.72
228300,0.72,0.72
228600,0.72,0.72
228900,0.72,0.72
229200,0.72,0.72
229500,0.56,0.56
229800,0.56,0.56
230100,0.56,0.56
230400,0.64,0.64
230700,0.64,0.64
231000,0.6,0.6
231300,0.68,0.68
231600,0.64,0.64
231900,0.64,0.64
232200,0.68,0.68
232500,0.68,0.68
232800,0.64,0.64
233100,0.64,0.64
233400,0.68,0.68
233700,0.64,0.64
234000,0.64,0.64
234300,0.64,0.64
234600,0.68,0.68
234900,0.68,0.68
235200,0.76,0.76
235500,0.76,0.76
235800,0.72,0.72
236100,0.72,0.72
236400,0.8,0.8
236700,0.8,0.8
237000,0.8,0.8
237300,0.84,0.84
237600,0.88,0.88
237900,0.84,0.84
238200,0.84,0.84
238500,0.84,0.84
238800,0.88,0.88
239100,0.88,0.88
239400,0.92,0.92
239700,0.92,0.92
240000,0.92,0.92
240300,0.92,0.92
240600,0.88,0.88
240900,0.8,0.8
241200,0.76,0.76
241500,0.72,0.72
241800,0.68,0.68
242100,0.64,0.64
242400,0.56,0.56
242700,0.56,0.56
243000,0.56,0.56
243300,0.52,0.52
243600,0.48,0.48
243900,0.4,0.4
244200,0.44,0.44
244500,0.4,0.4
244800,0.4,0.4
245100,0.36,0.36
245400,0.32,0.32
245700,0.28,0.28
246000,0.24,0.24
246300,0.24,0.24
246600,0.24,0.24
246900,0.32,0.32
247200,0.44,0.44
247500,0.4,0.4
247800,0.36,0.36
248100,0.36,0.36
248400,0.32,0.32
248700,0.28,0.28
249000,0.32,0.32
249300,0.44,0.44
249600,0.48,0.48
249900,0.48,0.48
250200,0.48,0.48
250500,0.48,0.48
250800,0.44,0.44
251100,0.4,0.4
251400,0.4,0.4
251700,0.44,0.44
252000,0.52,0.52
252300,0.44,0.44
252600,0.52,0.52
252900,0.6,0.6
253200,0.64,0.64
253500,0.68,0.68
253800,0.68,0.68
254100,0.72,0.72
254400,0.68,0.68
254700,0.72,0.72
255000,0.56,0.56
255300,0.56,0.56
255600,0.64,0.64
255900,0.64,0.64
256200,0.64,0.64
256500,0.6,0.6
256800,0.64,0.64
257100,0.6,0.6
257400,0.6,0.6
257700,0.6,0.6
258000,0.68,0.68
258300,0.68,0.68
258600,0.68,0.68
258900,0.52,0.52
259200,0.44,0.44
259500,0.24,0.24
259800,0.16,0.16
260100,0.08,0.08
260400,0.08,0.08
260700,0.08,0.08
261000,0.04,0.04
261300,0.08,0.08
261600,0.04,0.04
261900,0.12,0.12
262200,0.04,0.04
262500,0.12,0.12
262800,0.04,0.04
263100,0.12,0.12
263400,0.16,0.16
263700,0.12,0.12
264000,0.2,0.2
264300,0.2,0.2
264600,0.16,0.16
264900,0.24,0.24
265200,0.2,0.2
265500,0.24,0.24
265800,0.16,0.16
266100,0.12,0.12
266400,0.16,0.16
266700,0.16,0.16
267000,0.28,0.28
267300,0.24,0.24
267600,0.24,0.24
267900,0.36,0.36
268200,0.44,0.44
268500,0.48,0.48
268800,0.52,0.52
269100,0.6,0.6
269400,0.6,0.6
269700,0.56,0.56
270000,0.64,0.64
270300,0.64,0.64
270600,0.64,0.64
270900,0.68,0.68
271200,0.68,0.68
271500,0.72,0.72
271800,0.72,0.72
272100,0.76,0.76
272400,0.76,0.76
272700,0.72,0.72
273000,0.72,0.72
273300,0.72,0.72
273600,0.72,0.72
273900,0.76,0.76
274200,0.76,0.76
274500,0.76,0.76
274800,0.72,0.72
275100,0.72,0.72
275400,0.8,0.8
275700,0.84,0.84
276000,0.84,0.84
276300,0.76,0.76
276600,0.72,0.72
276900,0.72,0.72
277200,0.76,0.76
277500,0.64,0.64
277800,0.64,0.64
278100,0.52,0.52
278400,0.56,0.56
278700,0.52,0.52
279000,0.48,0.48
279300,0.44,0.44
279600,0.44,0.44
279900,0.4,0.4
280200,0.4,0.4
280500,0.44,0.44
280800,0.48,0.48
281100,0.48,0.48
281400,0.48,0.48
281700,0.52,0.52
282000,0.48,0.48
282300,0.68,0.68
282600,0.64,0.64
282900,0.64,0.64
283200,0.72,0.72
283500,0.72,0.72
283800,0.72,0.72
284100,0.72,0.72
284400,0.6,0.6
284700,0.52,0.52
285000,0.52,0.52
285300,0.52,0.52
285600,0.52,0.52
285900,0.52,0.52
286200,0.52,0.52
286500,0.64,0.64
286800,0.72,0.72
287100,0.68,0.68
287400,0.64,0.64
287700,0.68,0.68
288000,0.68,0.68
288300,0.76,0.76
288600,0.76,0.76
288900,0.8,0.8
289200,0.8,0.8
289500,0.84,0.84
289800,0.8,0.8
290100,0.76,0.76
290400,0.8,0.8
290700,0.8,0.8
291000,0.84,0.84
291300,0.76,0.76
291600,0.76,0.76
291900,0.76,0.76
292200,0.76,0.76
292500,0.68,0.68
292800,0.68,0.68
293100,0.76,0.76
293400,0.76,0.76
293700,0.76,0.76
294000,0.76,0.76
294300,0.8,0.8
294600,0.72,0.72
294900,0.76,0.76
295200,0.68,0.68
295500,0.72,0.72
295800,0.68,0.68
296100,0.68,0.68
296400,0.68,0.68
296700,0.6,0.6
297000,0.64,0.64
297300,0.72,0.72
297600,0.76,0.76
297900,0.8,0.8
298200,0.84,0.84
298500,0.84,0.84
298800,0.84,0.84
299100,0.76,0.76
299400,0.8,0.8
299700,0.76,0.76
300000,0.76,0.76
300300,0.76,0.76
300600,0.76,0.76
300900,0.72,0.72
301200,0.64,0.64
301500,0.64,0.64
301800,0.68,0.68
302100,0.72,0.72
302400,0.76,0.76
302700,0.72,0.72
303000,0.72,0.72
303300,0.72,0.72
303600,0.56,0.56
303900,0.56,0.56
304200,0.44,0.44
304500,0.44,0.44
304800,0.44,0.44
305100,0.4,0.4
305400,0.4,0.4
305700,0.44,0.44
306000,0.36,0.36
306300,0.44,0.44
306600,0.36,0.36
306900,0.4,0.4
307200,0.28,0.28
307500,0.28,0.28
307800,0.24,0.24
308100,0.28,0.28
308400,0.28,0.28
308700,0.32,0.32
309000,0.36,0.36
309300,0.36,0.36
309600,0.48,0.48
309900,0.52,0.52
310200,0.6,0.6
310500,0.64,0.64
310800,0.64,0.64
311100,0.64,0.64
311400,0.68,0.68
311700,0.68,0.68
312000,0.8,0.8
312300,0.76,0.76
312600,0.76,0.76
312900,0.84,0.84
313200,0.84,0.84
313500,0.76,0.76
313800,0.8,0.8
314100,0.84,0.84
314400,0.8,0.8
314700,0.84,0.84
315000,0.76,0.76
315300,0.76,0.76
315600,0.84,0.84
315900,0.84,0.84
316200,0.84,0.84
316500,0.8,0.8
316800,0.72,0.72
317100,0.76,0.76
317400,0.76,0.76
317700,0.68,0.68
318000,0.68,0.68
318300,0.68,0.68
318600,0.64,0.64
318900,0.64,0.64
319200,0.68,0.68
319500,0.68,0.68
319800,0.84,0.84
320100,0.84,0.84
320400,0.8,0.8
320700,0.76,0.76
321000,0.76,0.76
321300,0.8,0.8
321600,0.88,0.88
321900,0.88,0.88
322200,0.88,0.88
322500,0.84,0.84
322800,0.84,0.84
323100,0.84,0.84
323400,0.88,0.88
323700,0.88,0.88
324000,0.84,0.84
324300,0.88,0.88
324600,0.84,0.84
324900,0.84,0.84
325200,0.84,0.84
325500,0.84,0.84
325800,0.8,0.8
326100,0.8,0.8
326400,0.84,0.84
326700,0.8,0.8
327000,0.8,0.8
327300,0.8,0.8
327600,0.8,0.8
327900,0.8,0.8
328200,0.76,0.76
328500,0.76,0.76
328800,0.72,0.72
329100,0.68,0.68
329400,0.76,0.76
329700,0.72,0.72
330000,0.64,0.64
330300,0.56,0.56
330600,0.52,0.52
330900,0.52,0.52
331200,0.52,0.52
331500,0.48,0.48
331800,0.48,0.48
332100,0.48,0.48
332400,0.44,0.44
332700,0.48,0.48
333000,0.52,0.52
333300,0.52,0.52
333600,0.56,0.56
333900,0.6,0.6
334200,0.56,0.56
334500,0.56,0.56
334800,0.52,0.52
335100,0.6,0.6
335400,0.6,0.6
335700,0.6,0.6
336000,0.6,0.6
336300,0.64,0.64
336600,0.56,0.56
336900,0.52,0.52
337200,0.52,0.52
337500,0.52,0.52
337800,0.48,0.48
338100,0.56,0.56
338400,0.48,0.48
338700,0.52,0.52
339000,0.52,0.52
339300,0.44,0.44
339600,0.44,0.44
339900,0.56,0.56
340200,0.52,0.52
340500,0.56,0.56
340800,0.6,0.6
341100,0.64,0.64
341400,0.64,0.64
341700,0.6,0.6
342000,0.56,0.56
342300,0.52,0.52
342600,0.52,0.52
342900,0.48,0.48
343200,0.48,0.48
343500,0.52,0.52
343800,0.64,0.64
344100,0.64,0.64
344400,0.64,0.64
344700,0.6,0.6
345000,0.68,0.68
345300,0.52,0.52
345600,0.48,0.48
345900,0.56,0.56
346200,0.6,0.6
346500,0.6,0.6
346800,0.56,0.56
347100,0.56,0.56
347400,0.48,0.48
347700,0.48,0.48
348000,0.48,0.48
348300,0.44,0.44
348600,0.48,0.48
348900,0.48,0.48
349200,0.48,0.48
349500,0.48,0.48
349800,0.48,0.48
350100,0.44,0.44
350400,0.4,0.4
350700,0.36,0.36
351000,0.32,0.32
351300,0.32,0.32
351600,0.32,0.32
351900,0.36,0.36
352200,0.36,0.36
352500,0.4,0.4
352800,0.4,0.4
353100,0.4,0.4
353400,0.48,0.48
353700,0.36,0.36
354000,0.36,0.36
354300,0.36,0.36
354600,0.44,0.44
354900,0.44,0.44
355200,0.52,0.52
355500,0.52,0.52
355800,0.48,0.48
356100,0.44,0.44
356400,0.48,0.48
356700,0.4,0.4
357000,0.36,0.36
357300,0.48,0.48
357600,0.52,0.52
357900,0.48,0.48
358200,0.48,0.48
358500,0.44,0.44
358800,0.44,0.44
359100,0.44,0.44
359400,0.44,0.44
359700,0.4,0.4
360000,0.44,0.44
360300,0.44,0.44
360600,0.52,0.52
360900,0.56,0.56
361200,0.56,0.56
361500,0.6,0.6
361800,0.6,0.6
362100,0.6,0.6
362400,0.6,0.6
362700,0.6,0.6
363000,0.52,0.52
363300,0.52,0.52
363600,0.56,0.56
363900,0.48,0.48
364200,0.44,0.44
364500,0.44,0.44
364800,0.36,0.36
365100,0.36,0.36
365400,0.32,0.32
365700,0.32,0.32
366000,0.32,0.32
366300,0.32,0.32
366600,0.32,0.32
366900,0.32,0.32
367200,0.32,0.32
367500,0.32,0.32
367800,0.32,0.32
368100,0.32,0.32
368400,0.32,0.32
368700,0.44,0.44
369000,0.48,0.48
369300,0.6,0.6
369600,0.64,0.64
369900,0.6,0.6
370200,0.6,0.6
370500,0.56,0.56
370800,0.6,0.6
371100,0.56,0.56
371400,0.56,0.56
371700,0.6,0.6
372000,0.56,0.56
372300,0.56,0.56
372600,0.4,0.4
372900,0.48,0.48
373200,0.48,0.48
373500,0.56,0.56
373800,0.72,0.72
374100,0.72,0.72
374400,0.64,0.64
374700,0.72,0.72
375000,0.88,0.88
375300,0.92,0.92
375600,0.92,0.92
375900,0.92,0.92
376200,0.96,0.96
376500,0.96,0.96
376800,0.96,0.96
377100,0.96,0.96
377400,0.96,0.96
377700,0.96,0.96
378000,0.88,0.88
378300,0.88,0.88
378600,0.88,0.88
378900,0.88,0.88
379200,0.92,0.92
379500,0.92,0.92
379800,0.88,0.88
380100,0.88,0.88
380400,0.88,0.88
380700,0.84,0.84
381000,0.84,0.84
381300,0.84,0.84
381600,0.84,0.84
381900,0.88,0.88
382200,0.84,0.84
382500,0.8,0.8
382800,0.8,0.8
383100,0.8,0.8
383400,0.8,0.8
383700,0.8,0.8
384000,0.8,0.8
384300,0.84,0.84
384600,0.84,0.84
384900,0.76,0.76
385200,0.76,0.76
385500,0.8,0.8
385800,0.76,0.76
386100,0.76,0.76
386400,0.84,0.84
386700,0.8,0.8
387000,0.8,0.8
387300,0.8,0.8
387600,0.8,0.8
387900,0.64,0.64
388200,0.72,0.72
388500,0.68,0.68
388800,0.68,0.68
389100,0.64,0.64
389400,0.6,0.6
389700,0.56,0.56
390000,0.4,0.4
390300,0.36,0.36
390600,0.32,0.32
390900,0.32,0.32
391200,0.32,0.32
391500,0.32,0.32
391800,0.32,0.32
392100,0.24,0.24
392400,0.2,0.2
392700,0.24,0.24
393000,0.24,0.24
393300,0.24,0.24
393600,0.28,0.28
393900,0.32,0.32
394200,0.32,0.32
394500,0.24,0.24
394800,0.24,0.24
395100,0.2,0.2
395400,0.32,0.32
395700,0.32,0.32
396000,0.44,0.44
396300,0.4,0.4
396600,0.48,0.48
396900,0.52,0.52
397200,0.52,0.52
397500,0.52,0.52
397800,0.52,0.52
398100,0.56,0.56
398400,0.56,0.56
398700,0.6,0.6
399000,0.6,0.6
399300,0.6,0.6
399600,0.6,0.6
399900,0.68,0.68
400200,0.68,0.68
400500,0.68,0.68
400800,0.68,0.68
401100,0.68,0.68
401400,0.72,0.72
401700,0.72,0.72
402000,0.68,0.68
402300,0.64,0.64
402600,0.68,0.68
402900,0.68,0.68
403200,0.68,0.68
403500,0.64,0.64
403800,0.56,0.56
404100,0.44,0.44
404400,0.44,0.44
404700,0.4,0.4
405000,0.32,0.32
405300,0.36,0.36
405600,0.4,0.4
405900,0.48,0.48
406200,0.6,0.6
406500,0.6,0.6
406800,0.6,0.6
407100,0.6,0.6
407400,0.68,0.68
407700,0.68,0.68
408000,0.72,0.72
408300,0.72,0.72
408600,0.64,0.64
408900,0.64,0.64
409200,0.68,0.68
409500,0.68,0.68
409800,0.6,0.6
410100,0.64,0.64
410400,0.68,0.68
410700,0.72,0.72
411000,0.68,0.68
411300,0.64,0.64
411600,0.6,0.6
411900,0.56,0.56
412200,0.56,0.56
412500,0.56,0.56
412800,0.68,0.68
413100,0.68,0.68
413400,0.76,0.76
413700,0.72,0.72
414000,0.76,0.76
414300,0.72,0.72
414600,0.72,0.72
414900,0.68,0.68
415200,0.64,0.64
415500,0.6,0.6
415800,0.56,0.56
416100,0.6,0.6
416400,0.64,0.64
416700,0.68,0.68
417000,0.72,0.72
417300,0.68,0.68
417600,0.68,0.68
417900,0.64,0.64
418200,0.6,0.6
418500,0.56,0.56
418800,0.48,0.48
419100,0.48,0.48
419400,0.52,0.52
419700,0.48,0.48
420000,0.4,0.4
420300,0.4,0.4
420600,0.44,0.44
420900,0.48,0.48
421200,0.52,0.52
421500,0.52,0.52
421800,0.56,0.56
422100,0.56,0.56
422400,0.56,0.56
422700,0.56,0.56
423000,0.56,0.56
423300,0.6,0.6
423600,0.64,0.64
423900,0.68,0.68
424200,0.68,0.68
424500,0.64,0.64
424800,0.6,0.6
425100,0.52,0.52
425400,0.52,0.52
425700,0.64,0.64
426000,0.64,0.64
426300,0.56,0.56
426600,0.64,0.64
426900,0.64,0.64
427200,0.52,0.52
427500,0.48,0.48
427800,0.52,0.52
428100,0.52,0.52
428400,0.56,0.56
428700,0.52,0.52
429000,0.48,0.48
429300,0.52,0.52
429600,0.6,0.6
429900,0.6,0.6
430200,0.52,0.52
430500,0.56,0.56
430800,0.56,0.56
431100,0.64,0.64
431400,0.52,0.52
431700,0.44,0.44
432000,0.4,0.4
432300,0.44,0.44
432600,0.44,0.44
432900,0.28,0.28
433200,0.24,0.24
433500,0.32,0.32
433800,0.28,0.28
434100,0.24,0.24
434400,0.28,0.28
434700,0.32,0.32
435000,0.32,0.32
435300,0.36,0.36
435600,0.32,0.32
435900,0.32,0.32
436200,0.4,0.4
436500,0.44,0.44
436800,0.44,0.44
437100,0.44,0.44
437400,0.36,0.36
437700,0.36,0.36
438000,0.24,0.24
438300,0.32,0.32
438600,0.36,0.36
438900,0.36,0.36
439200,0.36,0.36
439500,0.48,0.48
439800,0.48,0.48
440100,0.48,0.48
440400,0.52,0.52
440700,0.52,0.52
441000,0.48,0.48
441300,0.48,0.48
441600,0.48,0.48
441900,0.48,0.48
442200,0.48,0.48
442500,0.48,0.48
442800,0.44,0.44
443100,0.48,0.48
443400,0.44,0.44
443700,0.52,0.52
444000,0.52,0.52
444300,0.56,0.56
444600,0.56,0.56
444900,0.56,0.56
445200,0.56,0.56
445500,0.6,0.6
445800,0.6,0.6
446100,0.6,0.6
446400,0.56,0.56
446700,0.56,0.56
447000,0.56,0.56
447300,0.56,0.56
447600,0.6,0.6
447900,0.68,0.68
448200,0.72,0.72
448500,0.72,0.72
448800,0.72,0.72
449100,0.68,0.68
449400,0.64,0.64
449700,0.6,0.6
450000,0.56,0.56
450300,0.6,0.6
450600,0.52,0.52
450900,0.52,0.52
451200,0.52,0.52
451500,0.56,0.56
451800,0.48,0.48
452100,0.48,0.48
452400,0.48,0.48
452700,0.44,0.44
453000,0.4,0.4
453300,0.44,0.44
453600,0.44,0.44
453900,0.44,0.44
454200,0.4,0.4
454500,0.4,0.4
454800,0.4,0.4
455100,0.36,0.36
455400,0.48,0.48
455700,0.52,0.52
456000,0.6,0.6
456300,0.6,0.6
456600,0.6,0.6
456900,0.56,0.56
457200,0.44,0.44
457500,0.48,0.48
457800,0.52,0.52
458100,0.4,0.4
458400,0.44,0.44
458700,0.48,0.48
459000,0.52,0.52
459300,0.6,0.6
459600,0.68,0.68
459900,0.68,0.68
460200,0.6,0.6
460500,0.6,0.6
460800,0.6,0.6
461100,0.64,0.64
461400,0.64,0.64
461700,0.64,0.64
462000,0.8,0.8
462300,0.88,0.88
462600,0.84,0.84
462900,0.88,0.88
463200,0.88,0.88
463500,0.88,0.88
463800,0.92,0.92
464100,0.88,0.88
464400,0.88,0.88
464700,0.84,0.84
465000,0.84,0.84
465300,0.8,0.8
465600,0.84,0.84
465900,0.88,0.88
466200,0.88,0.88
466500,0.88,0.88
466800,0.88,0.88
467100,0.88,0.88
467400,0.8,0.8
467700,0.8,0.8
468000,0.8,0.8
468300,0.76,0.76
468600,0.76,0.76
468900,0.76,0.76
469200,0.76,0.76
469500,0.76,0.76
469800,0.88,0.88
470100,0.8,0.8
470400,0.84,0.84
470700,0.84,0.84
471000,0.84,0.84
471300,0.84,0.84
471600,0.88,0.88
471900,0.92,0.92
472200,0.92,0.92
472500,0.88,0.88
472800,0.8,0.8
473100,0.8,0.8
473400,0.8,0.8
473700,0.84,0.84
474000,0.84,0.84
474300,0.8,0.8
474600,0.8,0.8
474900,0.8,0.8
475200,0.84,0.84
475500,0.8,0.8
475800,0.76,0.76
476100,0.72,0.72
476400,0.68,0.68
476700,0.6,0.6
477000,0.52,0.52
477300,0.36,0.36
477600,0.32,0.32
477900,0.32,0.32
478200,0.2,0.2
478500,0.16,0.16
478800,0.16,0.16
479100,0.24,0.24
479400,0.32,0.32
479700,0.36,0.36
480000,0.4,0.4
480300,0.48,0.48
480600,0.52,0.52
480900,0.56,0.56
481200,0.56,0.56
481500,0.56,0.56
481800,0.48,0.48
482100,0.48,0.48
482400,0.44,0.44
482700,0.44,0.44
483000,0.52,0.52
483300,0.52,0.52
483600,0.56,0.56
483900,0.6,0.6
484200,0.64,0.64
484500,0.6,0.6
484800,0.52,0.52
485100,0.56,0.56
485400,0.56,0.56
485700,0.6,0.6
486000,0.6,0.6
486300,0.6,0.6
486600,0.6,0.6
486900,0.6,0.6
487200,0.6,0.6
487500,0.64,0.64
487800,0.56,0.56
488100,0.56,0.56
488400,0.72,0.72
488700,0.76,0.76
489000,0.72,0.72
489300,0.68,0.68
489600,0.68,0.68
489900,0.64,0.64
490200,0.6,0.6
490500,0.56,0.56
490800,0.48,0.48
491100,0.48,0.48
491400,0.52,0.52
491700,0.56,0.56
492000,0.6,0.6
492300,0.68,0.68
492600,0.68,0.68
492900,0.72,0.72
493200,0.76,0.76
493500,0.8,0.8
493800,0.84,0.84
494100,0.8,0.8
494400,0.8,0.8
494700,0.84,0.84
495000,0.8,0.8
495300,0.8,0.8
495600,0.8,0.8
495900,0.8,0.8
496200,0.8,0.8
496500,0.8,0.8
496800,0.8,0.8
497100,0.8,0.8
497400,0.8,0.8
497700,0.8,0.8
498000,0.8,0.8
498300,0.8,0.8
498600,0.8,0.8
498900,0.8,0.8
499200,0.8,0.8
499500,0.8,0.8
499800,0.8,0.8
500100,0.8,0.8
500400,0.8,0.8
500700,0.8,0.8
501000,0.8,0.8
501300,0.8,0.8
501600,0.8,0.8
501900,0.8,0.8
502200,0.8,0.8
502500,0.8,0.8
502800,0.8,0.8
503100,0.8,0.8
503400,0.8,0.8
503700,0.8,0.8
504000,0.8,0.8
504300,0.8,0.8
504600,0.8,0.8
504900,0.8,0.8
505200,0.8,0.8
505500,0.8,0.8
505800,0.8,0.8
506100,0.8,0.8
506400,0.8,0.8
506700,0.8,0.8
507000,0.8,0.8
507300,0.8,0.8
507600,0.8,0.8
507900,0.8,0.8
508200,0.8,0.8
508500,0.8,0.8
508800,0.8,0.8
509100,0.8,0.8
509400,0.8,0.8
509700,0.8,0.8
510000,0.8,0.8
510300,0.8,0.8
510600,0.8,0.8
510900,0.8,0.8
511200,0.8,0.8
511500,0.8,0.8
511800,0.8,0.8
512100,0.8,0.8
512400,0.8,0.8
512700,0.8,0.8
513000,0.8,0.8
513300,0.8,0.8
513600,0.8,0.8
513900,0.8,0.8
514200,0.8,0.8
514500,0.8,0.8
514800,0.8,0.8
515100,0.8,0.8
515400,0.8,0.8
515700,0.8,0.8
516000,0.8,0.8
516300,0.8,0.8
516600,0.8,0.8
516900,0.8,0.8
517200,0.8,0.8
517500,0.8,0.8
517800,0.8,0.8
518100,0.8,0.8
518400,0.8,0.8
518700,0.8,0.8
519000,0.8,0.8
519300,0.8,0.8
519600,0.8,0.8
519900,0.8,0.8
520200,0.8,0.8
520500,0.8,0.8
520800,0.8,0.8
521100,0.8,0.8
521400,0.8,0.8
521700,0.8,0.8
522000,0.8,0.8
522300,0.8,0.8
522600,0.8,0.8
522900,0.8,0.8
523200,0.8,0.8
523500,0.8,0.8
523800,0.8,0.8
524100,0.8,0.8
524400,0.8,0.8
524700,0.8,0.8
525000,0.8,0.8
525300,0.8,0.8
525600,0.8,0.8
525900,0.8,0.8
526200,0.8,0.8
526500,0.8,0.8
526800,0.8,0.8
527100,0.8,0.8
527400,0.8,0.8
527700,0.8,0.8
528000,0.8,0.8
528300,0.8,0.8
528600,0.8,0.8
528900,0.8,0.8
529200,0.8,0.8
529500,0.8,0.8
529800,0.8,0.8
530100,0.8,0.8
530400,0.8,0.8
530700,0.8,0.8
531000,0.8,0.8
531300,0.8,0.8
531600,0.8,0.8
531900,0.8,0.8
532200,0.8,0.8
532500,0.8,0.8
532800,0.8,0.8
533100,0.8,0.8
533400,0.8,0.8
533700,0.8,0.8
534000,0.8,0.8
534300,0.8,0.8
534600,0.8,0.8
534900,0.8,0.8
535200,0.8,0.8
535500,0.8,0.8
535800,0.8,0.8
536100,0.8,0.8
536400,0.8,0.8
536700,0.8,0.8
537000,0.8,0.8
537300,0.8,0.8
537600,0.8,0.8
537900,0.8,0.8
538200,0.8,0.8
538500,0.8,0.8
538800,0.8,0.8
539100,0.8,0.8
539400,0.8,0.8
539700,0.8,0.8
540000,0.8,0.8
540300,0.8,0.8
540600,0.8,0.8
540900,0.8,0.8
541200,0.8,0.8
541500,0.8,0.8
541800,0.8,0.8
542100,0.8,0.8
542400,0.8,0.8
542700,0.8,0.8
543000,0.8,0.8
543300,0.8,0.8
543600,0.8,0.8
543900,0.8,0.8
544200,0.8,0.8
544500,0.8,0.8
544800,0.8,0.8
545100,0.8,0.8
545400,0.8,0.8
545700,0.8,0.8
546000,0.8,0.8
546300,0.8,0.8
546600,0.8,0.8
546900,0.8,0.8
547200,0.8,0.8
547500,0.8,0.8
547800,0.8,0.8
548100,0.8,0.8
548400,0.8,0.8
548700,0.8,0.8
549000,0.8,0.8
549300,0.8,0.8
549600,0.8,0.8
549900,0.8,0.8
550200,0.8,0.8
550500,0.8,0.8
550800,0.8,0.8
551100,0.8,0.8
551400,0.8,0.8
551700,0.8,0.8
552000,0.8,0.8
552300,0.8,0.8
552600,0.8,0.8
552900,0.8,0.8
553200,0.8,0.8
553500,0.8,0.8
553800,0.8,0.8
554100,0.8,0.8
554400,0.8,0.8
554700,0.8,0.8
555000,0.8,0.8
555300,0.8,0.8
555600,0.8,0.8
555900,0.8,0.8
556200,0.8,0.8
556500,0.8,0.8
556800,0.92,0.92
557100,0.92,0.92
557400,0.88,0.88
557700,0.84,0.84
558000,0.84,0.84
558300,0.76,0.76
558600,0.76,0.76
558900,0.76,0.76
559200,0.72,0.72
559500,0.68,0.68
559800,0.64,0.64
560100,0.6,0.6
560400,0.68,0.68
560700,0.6,0.6
561000,0.56,0.56
561300,0.6,0.6
561600,0.6,0.6
561900,0.52,0.52
562200,0.68,0.68
562500,0.56,0.56
562800,0.44,0.44
563100,0.4,0.4
563400,0.4,0.4
563700,0.44,0.44
564000,0.4,0.4
564300,0.32,0.32
564600,0.24,0.24
564900,0.2,0.2
565200,0.2,0.2
565500,0.08,0.08
565800,0.12,0.12
566100,0.16,0.16
566400,0.12,0.12
566700,0.32,0.32
567000,0.36,0.36
567300,0.28,0.28
567600,0.28,0.28
567900,0.36,0.36
568200,0.28,0.28
568500,0.24,0.24
568800,0.32,0.32
569100,0.32,0.32
569400,0.4,0.4
569700,0.48,0.48
570000,0.48,0.48
570300,0.48,0.48
570600,0.52,0.52
570900,0.56,0.56
571200,0.56,0.56
571500,0.56,0.56
571800,0.56,0.56
572100,0.48,0.48
572400,0.56,0.56
572700,0.56,0.56
573000,0.6,0.6
573300,0.64,0.64
573600,0.64,0.64
573900,0.6,0.6
574200,0.56,0.56
574500,0.64,0.64
574800,0.6,0.6
575100,0.68,0.68
575400,0.72,0.72
575700,0.68,0.68
576000,0.72,0.72
576300,0.72,0.72
576600,0.76,0.76
576900,0.76,0.76
577200,0.76,0.76
577500,0.76,0.76
577800,0.76,0.76
578100,0.76,0.76
578400,0.76,0.76
578700,0.76,0.76
579000,0.72,0.72
579300,0.76,0.76
579600,0.76,0.76
579900,0.76,0.76
580200,0.84,0.84
580500,0.84,0.84
580800,0.88,0.88
581100,0.84,0.84
581400,0.8,0.8
581700,0.76,0.76
582000,0.72,0.72
582300,0.72,0.72
582600,0.68,0.68
582900,0.72,0.72
583200,0.76,0.76
583500,0.8,0.8
583800,0.84,0.84
584100,0.84,0.84
584400,0.88,0.88
584700,0.88,0.88
585000,0.92,0.92
585300,0.92,0.92
585600,0.96,0.96
585900,0.96,0.96
586200,0.92,0.92
586500,0.88,0.88
586800,0.88,0.88
587100,0.8,0.8
587400,0.8,0.8
587700,0.72,0.72
588000,0.76,0.76
588300,0.76,0.76
588600,0.6,0.6
588900,0.6,0.6
589200,0.6,0.6
589500,0.68,0.68
589800,0.6,0.6
590100,0.56,0.56
590400,0.56,0.56
590700,0.52,0.52
591000,0.6,0.6
591300,0.52,0.52
591600,0.52,0.52
591900,0.52,0.52
592200,0.52,0.52
592500,0.52,0.52
592800,0.52,0.52
593100,0.52,0.52
593400,0.52,0.52
593700,0.52,0.52
594000,0.52,0.52
594300,0.52,0.52
594600,0.52,0.52
594900,0.52,0.52
595200,0.48,0.48
595500,0.48,0.48
595800,0.48,0.48
596100,0.52,0.52
596400,0.64,0.64
596700,0.64,0.64
597000,0.64,0.64
597300,0.68,0.68
597600,0.68,0.68
597900,0.68,0.68
598200,0.68,0.68
598500,0.72,0.72
598800,0.68,0.68
599100,0.76,0.76
599400,0.8,0.8
599700,0.84,0.84
600000,0.84,0.84
600300,0.84,0.84
600600,0.8,0.8
600900,0.84,0.84
601200,0.8,0.8
601500,0.76,0.76
601800,0.72,0.72
602100,0.72,0.72
602400,0.68,0.68
602700,0.68,0.68
603000,0.64,0.64
603300,0.6,0.6
603600,0.6,0.6
603900,0.6,0.6
604200,0.52,0.52
604500,0.48,0.48
604800,0.56,0.56
605100,0.44,0.44
605400,0.48,0.48
605700,0.4,0.4
606000,0.32,0.32
606300,0.2,0.2
606600,0.2,0.2
606900,0.16,0.16
607200,0.2,0.2
607500,0.2,0.2
607800,0.2,0.2
608100,0.2,0.2
608400,0.12,0.12
608700,0.16,0.16
609000,0.16,0.16
609300,0.24,0.24
609600,0.2,0.2
609900,0.24,0.24
610200,0.32,0.32
610500,0.32,0.32
610800,0.48,0.48
611100,0.4,0.4
611400,0.44,0.44
611700,0.4,0.4
612000,0.48,0.48
612300,0.4,0.4
612600,0.44,0.44
612900,0.44,0.44
613200,0.4,0.4
613500,0.48,0.48
613800,0.44,0.44
614100,0.52,0.52
614400,0.52,0.52
614700,0.52,0.52
615000,0.52,0.52
615300,0.52,0.52
615600,0.52,0.52
615900,0.52,0.52
616200,0.56,0.56
616500,0.6,0.6
616800,0.56,0.56
617100,0.6,0.6
617400,0.6,0.6
617700,0.6,0.6
618000,0.6,0.6
618300,0.64,0.64
618600,0.6,0.6
618900,0.6,0.6
619200,0.6,0.6
619500,0.6,0.6
619800,0.56,0.56
620100,0.56,0.56
620400,0.56,0.56
620700,0.56,0.56
621000,0.56,0.56
621300,0.56,0.56
621600,0.48,0.48
621900,0.52,0.52
622200,0.52,0.52
622500,0.48,0.48
622800,0.52,0.52
623100,0.52,0.52
623400,0.56,0.56
623700,0.52,0.52
624000,0.44,0.44
624300,0.4,0.4
624600,0.32,0.32
624900,0.32,0.32
625200,0.32,0.32
625500,0.32,0.32
625800,0.32,0.32
626100,0.36,0.36
626400,0.32,0.32
626700,0.28,0.28
627000,0.32,0.32
627300,0.36,0.36
627600,0.4,0.4
627900,0.36,0.36
628200,0.4,0.4
628500,0.4,0.4
628800,0.44,0.44
629100,0.4,0.4
629400,0.36,0.36
629700,0.48,0.48
630000,0.64,0.64
630300,0.6,0.6
630600,0.6,0.6
630900,0.6,0.6
631200,0.6,0.6
631500,0.52,0.52
631800,0.56,0.56
632100,0.6,0.6
632400,0.6,0.6
632700,0.56,0.56
633000,0.56,0.56
633300,0.6,0.6
633600,0.76,0.76
633900,0.68,0.68
634200,0.72,0.72
634500,0.72,0.72
634800,0.76,0.76
635100,0.84,0.84
635400,0.84,0.84
635700,0.8,0.8
636000,0.84,0.84
636300,0.84,0.84
636600,0.8,0.8
636900,0.76,0.76
637200,0.76,0.76
637500,0.76,0.76
637800,0.76,0.76
638100,0.76,0.76
638400,0.76,0.76
638700,0.76,0.76
639000,0.84,0.84
639300,0.84,0.84
639600,0.84,0.84
639900,0.88,0.88
640200,0.88,0.88
640500,0.88,0.88
640800,0.88,0.88
641100,0.96,0.96
641400,0.96,0.96
641700,0.96,0.96
642000,0.92,0.92
642300,0.88,0.88
642600,0.92,0.92
642900,0.92,0.92
643200,0.88,0.88
643500,0.76,0.76
643800,0.68,0.68
644100,0.68,0.68
644400,0.68,0.68
644700,0.72,0.72
645000,0.72,0.72
645300,0.76,0.76
645600,0.76,0.76
645900,0.76,0.76
646200,0.76,0.76
646500,0.8,0.8
646800,0.88,0.88
647100,0.84,0.84
647400,0.84,0.84
647700,0.76,0.76
648000,0.76,0.76
648300,0.68,0.68
648600,0.68,0.68
648900,0.56,0.56
649200,0.48,0.48
649500,0.4,0.4
649800,0.4,0.4
650100,0.44,0.44
650400,0.28,0.28
650700,0.32,0.32
651000,0.32,0.32
651300,0.4,0.4
651600,0.4,0.4
651900,0.36,0.36
652200,0.32,0.32
652500,0.36,0.36
652800,0.44,0.44
653100,0.36,0.36
653400,0.2,0.2
653700,0.16,0.16
654000,0.12,0.12
654300,0.12,0.12
654600,0.12,0.12
654900,0.16,0.16
655200,0.16,0.16
655500,0.32,0.32
655800,0.44,0.44
656100,0.6,0.6
656400,0.68,0.68
656700,0.68,0.68
657000,0.68,0.68
657300,0.72,0.72
657600,0.72,0.72
657900,0.72,0.72
658200,0.72,0.72
658500,0.6,0.6
658800,0.6,0.6
659100,0.64,0.64
659400,0.64,0.64
659700,0.64,0.64
660000,0.64,0.64
660300,0.64,0.64
660600,0.72,0.72
660900,0.72,0.72
661200,0.76,0.76
661500,0.76,0.76
661800,0.72,0.72
662100,0.76,0.76
662400,0.8,0.8
662700,0.84,0.84
663000,0.76,0.76
663300,0.84,0.84
663600,0.8,0.8
663900,0.8,0.8
664200,0.8,0.8
664500,0.8,0.8
664800,0.84,0.84
665100,0.88,0.88
665400,0.84,0.84
665700,0.76,0.76
666000,0.8,0.8
666300,0.76,0.76
666600,0.76,0.76
666900,0.8,0.8
667200,0.8,0.8
667500,0.8,0.8
667800,0.76,0.76
668100,0.8,0.8
668400,0.76,0.76
668700,0.76,0.76
669000,0.72,0.72
669300,0.76,0.76
669600,0.72,0.72
669900,0.72,0.72
670200,0.72,0.72
670500,0.76,0.76
670800,0.84,0.84
671100,0.88,0.88
671400,0.96,0.96
671700,0.92,0.92
672000,0.88,0.88
672300,0.88,0.88
672600,0.92,0.92
672900,0.96,0.96
673200,0.96,0.96
673500,0.92,0.92
673800,0.92,0.92
674100,0.92,0.92
674400,0.92,0.92
674700,0.92,0.92
675000,0.84,0.84
675300,0.8,0.8
675600,0.84,0.84
675900,0.84,0.84
676200,0.84,0.84
676500,0.8,0.8
676800,0.8,0.8
677100,0.8,0.8
677400,0.76,0.76
677700,0.76,0.76
678000,0.64,0.64
678300,0.6,0.6
678600,0.6,0.6
678900,0.6,0.6
679200,0.72,0.72
679500,0.72,0.72
679800,0.68,0.68
680100,0.68,0.68
680400,0.72,0.72
680700,0.72,0.72
681000,0.72,0.72
681300,0.72,0.72
681600,0.8,0.8
681900,0.8,0.8
682200,0.8,0.8
682500,0.76,0.76
682800,0.76,0.76
683100,0.84,0.84
683400,0.84,0.84
683700,0.76,0.76
684000,0.84,0.84
684300,0.84,0.84
684600,0.84,0.84
684900,0.84,0.84
685200,0.92,0.92
685500,0.92,0.92
685800,0.88,0.88
686100,0.84,0.84
686400,0.88,0.88
686700,0.88,0.88
687000,0.88,0.88
687300,0.92,0.92
687600,0.88,0.88
687900,0.92,0.92
688200,0.88,0.88
688500,0.84,0.84
688800,0.84,0.84
689100,0.84,0.84
689400,0.84,0.84
689700,0.8,0.8
690000,0.88,0.88
690300,0.84,0.84
690600,0.76,0.76
690900,0.76,0.76
691200,0.68,0.68
691500,0.6,0.6
691800,0.52,0.52
692100,0.4,0.4
692400,0.28,0.28
692700,0.16,0.16
693000,0.2,0.2
693300,0.08,0.08
693600,0.08,0.08
693900,0.08,0.08
694200,0.12,0.12
694500,0.12,0.12
694800,0.12,0.12
695100,0.16,0.16
695400,0.2,0.2
695700,0.2,0.2
696000,0.24,0.24
696300,0.28,0.28
696600,0.36,0.36
696900,0.4,0.4
697200,0.36,0.36
697500,0.32,0.32
697800,0.52,0.52
698100,0.48,0.48
698400,0.52,0.52
698700,0.44,0.44
699000,0.44,0.44
699300,0.4,0.4
699600,0.48,0.48
699900,0.52,0.52
700200,0.6,0.6
700500,0.64,0.64
700800,0.6,0.6
701100,0.6,0.6
701400,0.6,0.6
701700,0.6,0.6
702000,0.64,0.64
702300,0.64,0.64
702600,0.72,0.72
702900,0.72,0.72
703200,0.68,0.68
703500,0.68,0.68
703800,0.64,0.64
704100,0.64,0.64
704400,0.6,0.6
704700,0.6,0.6
705000,0.6,0.6
705300,0.64,0.64
705600,0.6,0.6
705900,0.52,0.52
706200,0.56,0.56
706500,0.52,0.52
706800,0.48,0.48
707100,0.48,0.48
707400,0.4,0.4
707700,0.4,0.4
708000,0.4,0.4
708300,0.4,0.4
708600,0.44,0.44
708900,0.48,0.48
709200,0.48,0.48
709500,0.44,0.44
709800,0.48,0.48
710100,0.48,0.48
710400,0.48,0.48
710700,0.44,0.44
711000,0.52,0.52
711300,0.48,0.48
711600,0.56,0.56
711900,0.6,0.6
712200,0.6,0.6
712500,0.56,0.56
712800,0.56,0.56
713100,0.56,0.56
713400,0.56,0.56
713700,0.56,0.56
714000,0.48,0.48
714300,0.48,0.48
714600,0.56,0.56
714900,0.52,0.52
715200,0.56,0.56
715500,0.56,0.56
715800,0.44,0.44
716100,0.4,0.4
716400,0.36,0.36
716700,0.48,0.48
717000,0.52,0.52
717300,0.52,0.52
717600,0.44,0.44
717900,0.48,0.48
718200,0.56,0.56
718500,0.56,0.56
718800,0.52,0.52
719100,0.48,0.48
719400,0.48,0.48
719700,0.48,0.48
720000,0.48,0.48
720300,0.44,0.44
720600,0.56,0.56
720900,0.64,0.64
721200,0.6,0.6
721500,0.6,0.6
721800,0.56,0.56
722100,0.6,0.6
722400,0.64,0.64
722700,0.68,0.68
723000,0.68,0.68
723300,0.68,0.68
723600,0.68,0.68
723900,0.68,0.68
724200,0.68,0.68
724500,0.68,0.68
724800,0.68,0.68
725100,0.68,0.68
725400,0.68,0.68
725700,0.68,0.68
726000,0.68,0.68
726300,0.68,0.68
726600,0.68,0.68
726900,0.68,0.68
727200,0.68,0.68
727500,0.68,0.68
727800,0.68,0.68
728100,0.68,0.68
728400,0.68,0.68
728700,0.68,0.68
729000,0.68,0.68
729300,0.68,0.68
729600,0.68,0.68
729900,0.68,0.68
730200,0.68,0.68
730500,0.68,0.68
730800,0.68,0.68
731100,0.68,0.68
731400,0.68,0.68
731700,0.68,0.68
732000,0.68,0.68
732300,0.68,0.68
732600,0.68,0.68
732900,0.68,0.68
733200,0.68,0.68
733500,0.68,0.68
733800,0.0,0.0
734100,0.64,0.64
734400,0.64,0.64
734700,0.68,0.68
735000,0.6,0.6
735300,0.6,0.6
735600,0.6,0.6
735900,0.6,0.6
736200,0.64,0.64
736500,0.6,0.6
736800,0.48,0.48
737100,0.52,0.52
737400,0.48,0.48
737700,0.44,0.44
738000,0.36,0.36
738300,0.32,0.32
738600,0.28,0.28
738900,0.2,0.2
739200,0.28,0.28
739500,0.36,0.36
739800,0.4,0.4
740100,0.44,0.44
740400,0.52,0.52
740700,0.48,0.48
741000,0.44,0.44
741300,0.48,0.48
741600,0.56,0.56
741900,0.56,0.56
742200,0.6,0.6
742500,0.56,0.56
742800,0.52,0.52
743100,0.48,0.48
743400,0.4,0.4
743700,0.44,0.44
744000,0.52,0.52
744300,0.64,0.64
744600,0.6,0.6
744900,0.64,0.64
745200,0.64,0.64
745500,0.68,0.68
745800,0.72,0.72
746100,0.72,0.72
746400,0.72,0.72
746700,0.68,0.68
747000,0.72,0.72
747300,0.64,0.64
747600,0.68,0.68
747900,0.6,0.6
748200,0.56,0.56
748500,0.52,0.52
748800,0.44,0.44
749100,0.48,0.48
749400,0.52,0.52
749700,0.6,0.6
750000,0.6,0.6
750300,0.6,0.6
750600,0.72,0.72
750900,0.76,0.76
751200,0.76,0.76
751500,0.8,0.8
751800,0.8,0.8
752100,0.84,0.84
752400,0.88,0.88
752700,0.8,0.8
753000,0.88,0.88
753300,0.84,0.84
753600,0.88,0.88
753900,0.88,0.88
754200,0.88,0.88
754500,0.88,0.88
754800,0.84,0.84
755100,0.84,0.84
755400,0.88,0.88
755700,0.88,0.88
756000,0.92,0.92
756300,0.92,0.92
756600,0.96,0.96
756900,0.92,0.92
757200,0.92,0.92
757500,0.92,0.92
757800,0.92,0.92
758100,0.88,0.88
758400,0.88,0.88
758700,0.84,0.84
759000,0.84,0.84
759300,0.88,0.88
759600,0.92,0.92
759900,0.92,0.92
760200,0.92,0.92
760500,0.88,0.88
760800,0.88,0.88
761100,0.84,0.84
761400,0.84,0.84
761700,0.72,0.72
762000,0.6,0.6
762300,0.6,0.6
762600,0.6,0.6
762900,0.6,0.6
763200,0.64,0.64
763500,0.64,0.64
763800,0.64,0.64
764100,0.64,0.64
764400,0.64,0.64
764700,0.64,0.64
765000,0.6,0.6
765300,0.64,0.64
765600,0.72,0.72
765900,0.68,0.68
766200,0.6,0.6
766500,0.64,0.64
766800,0.68,0.68
767100,0.72,0.72
767400,0.72,0.72
767700,0.68,0.68
768000,0.68,0.68
768300,0.76,0.76
768600,0.76,0.76
768900,0.8,0.8
769200,0.76,0.76
769500,0.76,0.76
769800,0.72,0.72
770100,0.76,0.76
770400,0.72,0.72
770700,0.68,0.68
771000,0.68,0.68
771300,0.68,0.68
771600,0.72,0.72
771900,0.72,0.72
772200,0.68,0.68
772500,0.64,0.64
772800,0.6,0.6
773100,0.64,0.64
773400,0.6,0.6
773700,0.6,0.6
774000,0.64,0.64
774300,0.64,0.64
774600,0.64,0.64
774900,0.56,0.56
775200,0.6,0.6
775500,0.68,0.68
775800,0.72,0.72
776100,0.68,0.68
776400,0.64,0.64
776700,0.64,0.64
777000,0.64,0.64
777300,0.6,0.6
777600,0.6,0.6
777900,0.52,0.52
778200,0.44,0.44
778500,0.32,0.32
778800,0.32,0.32
779100,0.24,0.24
779400,0.28,0.28
779700,0.2,0.2
780000,0.24,0.24
780300,0.2,0.2
780600,0.2,0.2
780900,0.16,0.16
781200,0.16,0.16
781500,0.08,0.08
781800,0.12,0.12
782100,0.04,0.04
782400,0.12,0.12
782700,0.12,0.12
783000,0.12,0.12
783300,0.16,0.16
783600,0.2,0.2
783900,0.24,0.24
784200,0.24,0.24
784500,0.24,0.24
784800,0.28,0.28
785100,0.24,0.24
785400,0.24,0.24
785700,0.16,0.16
786000,0.2,0.2
786300,0.28,0.28
786600,0.4,0.4
786900,0.44,0.44
787200,0.36,0.36
787500,0.52,0.52
787800,0.52,0.52
788100,0.52,0.52
788400,0.52,0.52
788700,0.52,0.52
789000,0.6,0.6
789300,0.72,0.72
789600,0.72,0.72
789900,0.72,0.72
790200,0.68,0.68
790500,0.68,0.68
790800,0.68,0.68
791100,0.68,0.68
791400,0.68,0.68
791700,0.72,0.72
792000,0.72,0.72
792300,0.68,0.68
792600,0.64,0.64
792900,0.64,0.64
793200,0.68,0.68
793500,0.72,0.72
793800,0.76,0.76
794100,0.76,0.76
794400,0.76,0.76
794700,0.76,0.76
795000,0.76,0.76
795300,0.72,0.72
795600,0.68,0.68
795900,0.68,0.68
796200,0.72,0.72
796500,0.72,0.72
796800,0.68,0.68
797100,0.68,0.68
797400,0.68,0.68
797700,0.68,0.68
798000,0.56,0.56
798300,0.48,0.48
798600,0.48,0.48
798900,0.48,0.48
799200,0.36,0.36
799500,0.36,0.36
799800,0.36,0.36
800100,0.4,0.4
800400,0.4,0.4
800700,0.36,0.36
801000,0.44,0.44
801300,0.4,0.4
801600,0.44,0.44
801900,0.48,0.48
802200,0.52,0.52
802500,0.6,0.6
802800,0.64,0.64
803100,0.6,0.6
803400,0.56,0.56
803700,0.48,0.48
804000,0.48,0.48
804300,0.44,0.44
804600,0.44,0.44
804900,0.36,0.36
805200,0.32,0.32
805500,0.28,0.28
805800,0.28,0.28
806100,0.28,0.28
806400,0.36,0.36
806700,0.36,0.36
807000,0.44,0.44
807300,0.52,0.52
807600,0.52,0.52
807900,0.56,0.56
808200,0.56,0.56
808500,0.6,0.6
808800,0.64,0.64
809100,0.64,0.64
809400,0.64,0.64
809700,0.68,0.68
810000,0.68,0.68
810300,0.56,0.56
810600,0.64,0.64
810900,0.64,0.64
811200,0.72,0.72
811500,0.76,0.76
811800,0.8,0.8
812100,0.84,0.84
812400,0.92,0.92
812700,0.88,0.88
813000,0.84,0.84
813300,0.8,0.8
813600,0.8,0.8
813900,0.84,0.84
814200,0.84,0.84
814500,0.84,0.84
814800,0.8,0.8
815100,0.84,0.84
815400,0.8,0.8
815700,0.8,0.8
816000,0.8,0.8
816300,0.84,0.84
816600,0.8,0.8
816900,0.8,0.8
817200,0.8,0.8
817500,0.8,0.8
817800,0.76,0.76
818100,0.72,0.72
818400,0.72,0.72
818700,0.64,0.64
819000,0.64,0.64
819300,0.64,0.64
819600,0.68,0.68
819900,0.76,0.76
820200,0.72,0.72
820500,0.72,0.72
820800,0.84,0.84
821100,0.8,0.8
821400,0.8,0.8
821700,0.72,0.72
822000,0.72,0.72
822300,0.64,0.64
822600,0.56,0.56
822900,0.52,0.52
823200,0.48,0.48
823500,0.52,0.52
823800,0.52,0.52
824100,0.52,0.52
824400,0.48,0.48
824700,0.44,0.44
825000,0.52,0.52
825300,0.44,0.44
825600,0.4,0.4
825900,0.4,0.4
826200,0.4,0.4
826500,0.4,0.4
826800,0.4,0.4
827100,0.48,0.48
827400,0.6,0.6
827700,0.6,0.6
828000,0.6,0.6
828300,0.64,0.64
828600,0.64,0.64
828900,0.64,0.64
829200,0.56,0.56
829500,0.6,0.6
829800,0.56,0.56
830100,0.48,0.48
830400,0.44,0.44
830700,0.44,0.44
831000,0.48,0.48
831300,0.48,0.48
831600,0.48,0.48
831900,0.52,0.52
832200,0.56,0.56
832500,0.6,0.6
832800,0.48,0.48
833100,0.56,0.56
833400,0.56,0.56
833700,0.64,0.64
834000,0.6,0.6
834300,0.68,0.68
834600,0.64,0.64
834900,0.64,0.64
835200,0.64,0.64
835500,0.64,0.64
835800,0.68,0.68
836100,0.68,0.68
836400,0.64,0.64
836700,0.76,0.76
837000,0.76,0.76
837300,0.8,0.8
837600,0.8,0.8
837900,0.76,0.76
838200,0.76,0.76
838500,0.76,0.76
838800,0.76,0.76
839100,0.76,0.76
839400,0.72,0.72
839700,0.8,0.8
840000,0.84,0.84
840300,0.92,0.92
840600,0.92,0.92
840900,0.88,0.88
841200,0.88,0.88
841500,0.88,0.88
841800,0.88,0.88
842100,0.88,0.88
842400,0.88,0.88
842700,0.88,0.88
843000,0.88,0.88
843300,0.84,0.84
843600,0.88,0.88
843900,0.84,0.84
844200,0.84,0.84
844500,0.84,0.84
844800,0.8,0.8
845100,0.8,0.8
845400,0.8,0.8
845700,0.76,0.76
846000,0.84,0.84
846300,0.8,0.8
846600,0.76,0.76
846900,0.76,0.76
847200,0.72,0.72
847500,0.68,0.68
847800,0.68,0.68
848100,0.68,0.68
848400,0.68,0.68
848700,0.64,0.64
849000,0.64,0.64
849300,0.48,0.48
849600,0.52,0.52
849900,0.56,0.56
850200,0.52,0.52
850500,0.52,0.52
850800,0.56,0.56
851100,0.6,0.6
851400,0.64,0.64
851700,0.64,0.64
852000,0.64,0.64
852300,0.68,0.68
852600,0.64,0.64
852900,0.64,0.64
853200,0.72,0.72
853500,0.72,0.72
853800,0.72,0.72
854100,0.72,0.72
854400,0.76,0.76
854700,0.76,0.76
855000,0.76,0.76
855300,0.76,0.76
855600,0.76,0.76
855900,0.76,0.76
856200,0.76,0.76
856500,0.76,0.76
856800,0.76,0.76
857100,0.8,0.8
857400,0.76,0.76
857700,0.68,0.68
858000,0.68,0.68
858300,0.72,0.72
858600,0.72,0.72
858900,0.6,0.6
859200,0.52,0.52
859500,0.6,0.6
859800,0.56,0.56
860100,0.56,0.56
860400,0.64,0.64
860700,0.56,0.56
861000,0.6,0.6
861300,0.6,0.6
861600,0.6,0.6
861900,0.52,0.52
862200,0.52,0.52
862500,0.56,0.56
862800,0.56,0.56
863100,0.56,0.56
863400,0.52,0.52
863700,0.44,0.44
864000,0.48,0.48
864300,0.44,0.44
864600,0.48,0.48
864900,0.4,0.4
865200,0.4,0.4
865500,0.28,0.28
865800,0.24,0.24
866100,0.16,0.16
866400,0.12,0.12
866700,0.08,0.08
867000,0.08,0.08
867300,0.28,0.28
867600,0.2,0.2
867900,0.16,0.16
868200,0.2,0.2
868500,0.2,0.2
868800,0.2,0.2
869100,0.28,0.28
869400,0.36,0.36
869700,0.36,0.36
870000,0.44,0.44
870300,0.36,0.36
870600,0.24,0.24
870900,0.28,0.28
871200,0.36,0.36
871500,0.36,0.36
871800,0.4,0.4
872100,0.44,0.44
872400,0.24,0.24
872700,0.2,0.2
873000,0.2,0.2
873300,0.2,0.2
873600,0.16,0.16
873900,0.28,0.28
874200,0.36,0.36
874500,0.4,0.4
874800,0.4,0.4
875100,0.48,0.48
875400,0.52,0.52
875700,0.6,0.6
876000,0.6,0.6
876300,0.6,0.6
876600,0.64,0.64
876900,0.64,0.64
877200,0.76,0.76
877500,0.76,0.76
877800,0.76,0.76
878100,0.76,0.76
878400,0.8,0.8
878700,0.76,0.76
879000,0.76,0.76
879300,0.72,0.72
879600,0.64,0.64
879900,0.6,0.6
880200,0.6,0.6
880500,0.6,0.6
880800,0.6,0.6
881100,0.6,0.6
881400,0.6,0.6
881700,0.6,0.6
882000,0.64,0.64
882300,0.6,0.6
882600,0.56,0.56
882900,0.56,0.56
883200,0.6,0.6
883500,0.52,0.52
883800,0.52,0.52
884100,0.44,0.44
884400,0.44,0.44
884700,0.44,0.44
885000,0.44,0.44
885300,0.4,0.4
885600,0.36,0.36
885900,0.36,0.36
886200,0.36,0.36
886500,0.36,0.36
886800,0.44,0.44
887100,0.48,0.48
887400,0.52,0.52
887700,0.56,0.56
888000,0.44,0.44
888300,0.52,0.52
888600,0.44,0.44
888900,0.44,0.44
889200,0.52,0.52
889500,0.52,0.52
889800,0.48,0.48
890100,0.48,0.48
890400,0.4,0.4
890700,0.48,0.48
891000,0.36,0.36
891300,0.32,0.32
891600,0.28,0.28
891900,0.36,0.36
892200,0.28,0.28
892500,0.4,0.4
892800,0.48,0.48
893100,0.52,0.52
893400,0.68,0.68
893700,0.72,0.72
894000,0.72,0.72
894300,0.72,0.72
894600,0.72,0.72
894900,0.8,0.8
895200,0.84,0.84
895500,0.76,0.76
895800,0.76,0.76
896100,0.76,0.76
896400,0.8,0.8
896700,0.76,0.76
897000,0.76,0.76
897300,0.8,0.8
897600,0.8,0.8
897900,0.84,0.84
898200,0.8,0.8
898500,0.84,0.84
898800,0.84,0.84
899100,0.84,0.84
899400,0.84,0.84
899700,0.88,0.88
900000,0.84,0.84
900300,0.8,0.8
900600,0.8,0.8
900900,0.76,0.76
901200,0.72,0.72
901500,0.68,0.68
901800,0.68,0.68
902100,0.68,0.68
902400,0.68,0.68
902700,0.68,0.68
903000,0.68,0.68
903300,0.68,0.68
903600,0.64,0.64
903900,0.6,0.6
904200,0.68,0.68
904500,0.64,0.64
904800,0.68,0.68
905100,0.72,0.72
905400,0.72,0.72
905700,0.72,0.72
906000,0.72,0.72
906300,0.76,0.76
906600,0.72,0.72
906900,0.68,0.68
907200,0.72,0.72
907500,0.76,0.76
907800,0.68,0.68
908100,0.48,0.48
908400,0.4,0.4
908700,0.44,0.44
909000,0.36,0.36
909300,0.36,0.36
909600,0.36,0.36
909900,0.36,0.36
910200,0.24,0.24
910500,0.24,0.24
910800,0.32,0.32
911100,0.32,0.32
911400,0.2,0.2
911700,0.2,0.2
912000,0.2,0.2
912300,0.2,0.2
912600,0.2,0.2
912900,0.28,0.28
913200,0.32,0.32
913500,0.36,0.36
913800,0.36,0.36
914100,0.4,0.4
914400,0.4,0.4
914700,0.4,0.4
915000,0.4,0.4
915300,0.44,0.44
915600,0.44,0.44
915900,0.48,0.48
916200,0.48,0.48
916500,0.44,0.44
916800,0.56,0.56
917100,0.6,0.6
917400,0.6,0.6
917700,0.64,0.64
918000,0.64,0.64
918300,0.68,0.68
918600,0.72,0.72
918900,0.72,0.72
919200,0.76,0.76
919500,0.76,0.76
919800,0.72,0.72
920100,0.72,0.72
920400,0.72,0.72
920700,0.72,0.72
921000,0.72,0.72
921300,0.72,0.72
921600,0.72,0.72
921900,0.72,0.72
922200,0.84,0.84
922500,0.92,0.92
922800,0.88,0.88
923100,0.88,0.88
923400,0.88,0.88
923700,0.88,0.88
924000,0.8,0.8
924300,0.84,0.84
924600,0.84,0.84
924900,0.88,0.88
925200,0.88,0.88
925500,0.88,0.88
925800,0.88,0.88
926100,0.92,0.92
926400,0.96,0.96
926700,1.0,1.0
927000,1.0,1.0
927300,1.0,1.0
927600,1.0,1.0
927900,1.0,1.0
928200,1.0,1.0
928500,1.0,1.0
928800,1.0,1.0
929100,1.0,1.0
929400,1.0,1.0
929700,1.0,1.0
930000,0.96,0.96
930300,0.96,0.96
930600,0.92,0.92
930900,0.88,0.88
931200,0.88,0.88
931500,0.88,0.88
931800,0.88,0.88
932100,0.88,0.88
932400,0.88,0.88
932700,0.88,0.88
933000,0.8,0.8
933300,0.76,0.76
933600,0.76,0.76
933900,0.8,0.8
934200,0.8,0.8
934500,0.76,0.76
934800,0.76,0.76
935100,0.8,0.8
935400,0.8,0.8
935700,0.68,0.68
936000,0.72,0.72
936300,0.68,0.68
936600,0.64,0.64
936900,0.68,0.68
937200,0.68,0.68
937500,0.64,0.64
937800,0.6,0.6
938100,0.6,0.6
938400,0.6,0.6
938700,0.6,0.6
939000,0.64,0.64
939300,0.72,0.72
939600,0.64,0.64
939900,0.72,0.72
940200,0.72,0.72
940500,0.76,0.76
940800,0.76,0.76
941100,0.72,0.72
941400,0.72,0.72
941700,0.6,0.6
942000,0.6,0.6
942300,0.6,0.6
942600,0.64,0.64
942900,0.56,0.56
943200,0.56,0.56
943500,0.6,0.6
943800,0.64,0.64
944100,0.68,0.68
944400,0.64,0.64
944700,0.64,0.64
945000,0.68,0.68
945300,0.68,0.68
945600,0.68,0.68
945900,0.76,0.76
946200,0.72,0.72
946500,0.76,0.76
946800,0.76,0.76
947100,0.72,0.72
947400,0.6,0.6
947700,0.6,0.6
948000,0.56,0.56
948300,0.6,0.6
948600,0.68,0.68
948900,0.68,0.68
949200,0.6,0.6
949500,0.52,0.52
949800,0.48,0.48
950100,0.48,0.48
950400,0.52,0.52
950700,0.28,0.28
951000,0.32,0.32
951300,0.32,0.32
951600,0.2,0.2
951900,0.16,0.16
952200,0.16,0.16
952500,0.16,0.16
952800,0.16,0.16
953100,0.08,0.08
953400,0.08,0.08
953700,0.08,0.08
954000,0.32,0.32
954300,0.32,0.32
954600,0.32,0.32
954900,0.32,0.32
955200,0.28,0.28
955500,0.36,0.36
955800,0.36,0.36
956100,0.36,0.36
956400,0.36,0.36
956700,0.36,0.36
957000,0.36,0.36
957300,0.32,0.32
957600,0.32,0.32
957900,0.32,0.32
958200,0.32,0.32
958500,0.32,0.32
958800,0.32,0.32
959100,0.36,0.36
959400,0.4,0.4
959700,0.4,0.4
960000,0.4,0.4
960300,0.4,0.4
960600,0.52,0.52
960900,0.56,0.56
961200,0.56,0.56
961500,0.56,0.56
961800,0.52,0.52
962100,0.52,0.52
962400,0.56,0.56
962700,0.56,0.56
963000,0.52,0.52
963300,0.52,0.52
963600,0.56,0.56
963900,0.6,0.6
964200,0.56,0.56
964500,0.56,0.56
964800,0.56,0.56
965100,0.56,0.56
965400,0.6,0.6
965700,0.56,0.56
966000,0.56,0.56
966300,0.56,0.56
966600,0.56,0.56
966900,0.56,0.56
967200,0.56,0.56
967500,0.56,0.56
967800,0.6,0.6
968100,0.56,0.56
968400,0.56,0.56
968700,0.64,0.64
969000,0.64,0.64
969300,0.64,0.64
969600,0.56,0.56
969900,0.56,0.56
970200,0.56,0.56
970500,0.52,0.52
970800,0.52,0.52
971100,0.52,0.52
971400,0.52,0.52
971700,0.44,0.44
972000,0.44,0.44
972300,0.48,0.48
972600,0.52,0.52
972900,0.52,0.52
973200,0.52,0.52
973500,0.48,0.48
973800,0.48,0.48
974100,0.56,0.56
974400,0.56,0.56
974700,0.68,0.68
975000,0.68,0.68
975300,0.72,0.72
975600,0.72,0.72
975900,0.64,0.64
976200,0.52,0.52
976500,0.52,0.52
976800,0.52,0.52
977100,0.56,0.56
977400,0.52,0.52
977700,0.56,0.56
978000,0.56,0.56
978300,0.52,0.52
978600,0.48,0.48
978900,0.44,0.44
979200,0.4,0.4
979500,0.44,0.44
979800,0.6,0.6
980100,0.64,0.64
980400,0.64,0.64
980700,0.72,0.72
981000,0.8,0.8
981300,0.84,0.84
981600,0.84,0.84
981900,0.8,0.8
982200,0.8,0.8
982500,0.8,0.8
982800,0.76,0.76
983100,0.76,0.76
983400,0.76,0.76
983700,0.8,0.8
984000,0.8,0.8
984300,0.8,0.8
984600,0.76,0.76
984900,0.76,0.76
985200,0.8,0.8
985500,0.8,0.8
985800,0.76,0.76
986100,0.68,0.68
986400,0.68,0.68
986700,0.68,0.68
987000,0.6,0.6
987300,0.56,0.56
987600,0.56,0.56
987900,0.6,0.6
988200,0.6,0.6
988500,0.56,0.56
988800,0.56,0.56
989100,0.56,0.56
989400,0.56,0.56
989700,0.56,0.56
990000,0.56,0.56
990300,0.68,0.68
990600,0.68,0.68
990900,0.72,0.72
991200,0.72,0.72
991500,0.72,0.72
991800,0.72,0.72
992100,0.72,0.72
992400,0.76,0.76
992700,0.76,0.76
993000,0.76,0.76
993300,0.8,0.8
993600,0.84,0.84
993900,0.72,0.72
994200,0.68,0.68
994500,0.52,0.52
994800,0.48,0.48
995100,0.36,0.36
995400,0.32,0.32
995700,0.24,0.24
996000,0.08,0.08
996300,0.04,0.04
996600,0.08,0.08
996900,0.12,0.12
997200,0.08,0.08
997500,0.04,0.04
997800,0.04,0.04
998100,0.08,0.08
998400,0.04,0.04
998700,0.2,0.2
999000,0.2,0.2
999300,0.12,0.12
999600,0.24,0.24
999900,0.4,0.4
1000200,0.4,0.4
1000500,0.28,0.28
1000800,0.36,0.36
1001100,0.4,0.4
1001400,0.44,0.44
1001700,0.44,0.44
1002000,0.56,0.56
1002300,0.48,0.48
1002600,0.52,0.52
1002900,0.6,0.6
1003200,0.68,0.68
1003500,0.68,0.68
1003800,0.68,0.68
1004100,0.64,0.64
1004400,0.68,0.68
1004700,0.68,0.68
1005000,0.6,0.6
1005300,0.6,0.6
1005600,0.6,0.6
1005900,0.6,0.6
1006200,0.56,0.56
1006500,0.56,0.56
1006800,0.56,0.56
1007100,0.56,0.56
1007400,0.6,0.6
1007700,0.6,0.6
1008000,0.68,0.68
1008300,0.68,0.68
1008600,0.76,0.76
1008900,0.8,0.8
1009200,0.8,0.8
1009500,0.8,0.8
1009800,0.8,0.8
1010100,0.8,0.8
1010400,0.8,0.8
1010700,0.76,0.76
1011000,0.8,0.8
1011300,0.8,0.8
1011600,0.88,0.88
1011900,0.88,0.88
1012200,0.92,0.92
1012500,0.92,0.92
1012800,0.88,0.88
1013100,0.84,0.84
1013400,0.8,0.8
1013700,0.8,0.8
1014000,0.76,0.76
1014300,0.76,0.76
1014600,0.72,0.72
1014900,0.72,0.72
1015200,0.76,0.76
1015500,0.8,0.8
1015800,0.76,0.76
1016100,0.76,0.76
1016400,0.76,0.76
1016700,0.76,0.76
1017000,0.68,0.68
1017300,0.68,0.68
1017600,0.68,0.68
1017900,0.68,0.68
1018200,0.8,0.8
1018500,0.8,0.8
1018800,0.8,0.8
1019100,0.8,0.8
1019400,0.8,0.8
1019700,0.8,0.8
1020000,0.8,0.8
1020300,0.8,0.8
1020600,0.64,0.64
1020900,0.64,0.64
1021200,0.64,0.64
1021500,0.6,0.6
1021800,0.6,0.6
1022100,0.6,0.6
1022400,0.48,0.48
1022700,0.52,0.52
1023000,0.52,0.52
1023300,0.52,0.52
1023600,0.48,0.48
1023900,0.48,0.48
1024200,0.48,0.48
1024500,0.56,0.56
1024800,0.52,0.52
1025100,0.52,0.52
1025400,0.44,0.44
1025700,0.36,0.36
1026000,0.32,0.32
1026300,0.36,0.36
1026600,0.44,0.44
1026900,0.4,0.4
1027200,0.44,0.44
1027500,0.4,0.4
1027800,0.36,0.36
1028100,0.28,0.28
1028400,0.32,0.32
1028700,0.28,0.28
1029000,0.36,0.36
1029300,0.4,0.4
1029600,0.4,0.4
1029900,0.44,0.44
1030200,0.48,0.48
1030500,0.52,0.52
1030800,0.52,0.52
1031100,0.52,0.52
1031400,0.52,0.52
1031700,0.52,0.52
1032000,0.52,0.52
1032300,0.52,0.52
1032600,0.52,0.52
1032900,0.52,0.52
1033200,0.52,0.52
1033500,0.52,0.52
1033800,0.52,0.52
1034100,0.52,0.52
1034400,0.52,0.52
1034700,0.52,0.52
1035000,0.52,0.52
1035300,0.52,0.52
1035600,0.52,0.52
1035900,0.52,0.52
1036200,0.52,0.52
1036500,0.52,0.52
1036800,0.52,0.52
1037100,0.52,0.52
1037400,0.52,0.52
1037700,0.52,0.52
1038000,0.52,0.52
1038300,0.52,0.52
1038600,0.52,0.52
1038900,0.52,0.52
1039200,0.52,0.52
1039500,0.52,0.52
1039800,0.52,0.52
1040100,0.52,0.52
1040400,0.52,0.52
1040700,0.52,0.52
1041000,0.52,0.52
1041300,0.52,0.52
1041600,0.52,0.52
1041900,0.52,0.52
1042200,0.52,0.52
1042500,0.52,0.52
1042800,0.52,0.52
1043100,0.52,0.52
1043400,0.52,0.52
1043700,0.52,0.52
1044000,0.52,0.52
1044300,0.52,0.52
1044600,0.52,0.52
1044900,0.52,0.52
1045200,0.52,0.52
1045500,0.52,0.52
1045800,0.52,0.52
1046100,0.52,0.52
1046400,0.52,0.52
1046700,0.52,0.52
1047000,0.52,0.52
1047300,0.52,0.52
1047600,0.52,0.52
1047900,0.52,0.52
1048200,0.52,0.52
1048500,0.52,0.52
1048800,0.52,0.52
1049100,0.52,0.52
1049400,0.52,0.52
1049700,0.52,0.52
1050000,0.52,0.52
1050300,0.52,0.52
1050600,0.52,0.52
1050900,0.52,0.52
1051200,0.52,0.52
1051500,0.52,0.52
1051800,0.52,0.52
1052100,0.52,0.52
1052400,0.52,0.52
1052700,0.52,0.52
1053000,0.52,0.52
1053300,0.52,0.52
1053600,0.52,0.52
1053900,0.52,0.52
1054200,0.52,0.52
1054500,0.52,0.52
1054800,0.52,0.52
1055100,0.52,0.52
1055400,0.52,0.52
1055700,0.52,0.52
1056000,0.52,0.52
1056300,0.52,0.52
1056600,0.52,0.52
1056900,0.52,0.52
1057200,0.52,0.52
1057500,0.52,0.52
1057800,0.52,0.52
1058100,0.52,0.52
1058400,0.52,0.52
1058700,0.52,0.52
1059000,0.52,0.52
1059300,0.52,0.52
1059600,0.52,0.52
1059900,0.52,0.52
1060200,0.52,0.52
1060500,0.52,0.52
1060800,0.52,0.52
1061100,0.52,0.52
1061400,0.52,0.52
1061700,0.52,0.52
1062000,0.52,0.52
1062300,0.52,0.52
1062600,0.52,0.52
1062900,0.52,0.52
1063200,0.52,0.52
1063500,0.52,0.52
1063800,0.52,0.52
1064100,0.52,0.52
1064400,0.52,0.52
1064700,0.52,0.52
1065000,0.52,0.52
1065300,0.52,0.52
1065600,0.52,0.52
1065900,0.52,0.52
1066200,0.52,0.52
1066500,0.52,0.52
1066800,0.52,0.52
1067100,0.52,0.52
1067400,0.52,0.52
1067700,0.52,0.52
1068000,0.52,0.52
1068300,0.52,0.52
1068600,0.52,0.52
1068900,0.52,0.52
1069200,0.52,0.52
1069500,0.52,0.52
1069800,0.52,0.52
1070100,0.52,0.52
1070400,0.52,0.52
1070700,0.52,0.52
1071000,0.52,0.52
1071300,0.52,0.52
1071600,0.52,0.52
1071900,0.52,0.52
1072200,0.52,0.52
1072500,0.52,0.52
1072800,0.52,0.52
1073100,0.52,0.52
1073400,0.52,0.52
1073700,0.52,0.52
1074000,0.52,0.52
1074300,0.52,0.52
1074600,0.52,0.52
1074900,0.52,0.52
1075200,0.52,0.52
1075500,0.52,0.52
1075800,0.52,0.52
1076100,0.52,0.52
1076400,0.52,0.52
1076700,0.52,0.52
1077000,0.52,0.52
1077300,0.52,0.52
1077600,0.52,0.52
1077900,0.52,0.52
1078200,0.52,0.52
1078500,0.52,0.52
1078800,0.52,0.52
1079100,0.52,0.52
1079400,0.52,0.52
1079700,0.52,0.52
1080000,0.52,0.52
1080300,0.52,0.52
1080600,0.52,0.52
1080900,0.52,0.52
1081200,0.52,0.52
1081500,0.52,0.52
1081800,0.52,0.52
1082100,0.52,0.52
1082400,0.52,0.52
1082700,0.52,0.52
1083000,0.52,0.52
1083300,0.52,0.52
1083600,0.52,0.52
1083900,0.52,0.52
1084200,0.52,0.52
1084500,0.52,0.52
1084800,0.52,0.52
1085100,0.52,0.52
1085400,0.52,0.52
1085700,0.52,0.52
1086000,0.52,0.52
1086300,0.52,0.52
1086600,0.52,0.52
1086900,0.52,0.52
1087200,0.52,0.52
1087500,0.52,0.52
1087800,0.52,0.52
1088100,0.52,0.52
1088400,0.52,0.52
1088700,0.52,0.52
1089000,0.52,0.52
1089300,0.52,0.52
1089600,0.52,0.52
1089900,0.52,0.52
1090200,0.52,0.52
1090500,0.52,0.52
1090800,0.52,0.52
1091100,0.52,0.52
1091400,0.52,0.52
1091700,0.52,0.52
1092000,0.52,0.52
1092300,0.52,0.52
1092600,0.52,0.52
1092900,0.52,0.52
1093200,0.52,0.52
1093500,0.52,0.52
1093800,0.52,0.52
1094100,0.52,0.52
1094400,0.52,0.52
1094700,0.52,0.52
1095000,0.52,0.52
1095300,0.52,0.52
1095600,0.52,0.52
1095900,0.52,0.52
1096200,0.52,0.52
1096500,0.52,0.52
1096800,0.52,0.52
1097100,0.52,0.52
1097400,0.52,0.52
1097700,0.52,0.52
1098000,0.52,0.52
1098300,0.52,0.52
1098600,0.52,0.52
1098900,0.52,0.52
1099200,0.52,0.52
1099500,0.52,0.52
1099800,0.52,0.52
1100100,0.52,0.52
1100400,0.52,0.52
1100700,0.52,0.52
1101000,0.52,0.52
1101300,0.52,0.52
1101600,0.52,0.52
1101900,0.52,0.52
1102200,0.52,0.52
1102500,0.52,0.52
1102800,0.52,0.52
1103100,0.52,0.52
1103400,0.52,0.52
1103700,0.52,0.52
1104000,0.52,0.52
1104300,0.52,0.52
1104600,0.52,0.52
1104900,0.52,0.52
1105200,0.52,0.52
1105500,0.52,0.52
1105800,0.52,0.52
1106100,0.52,0.52
1106400,0.52,0.52
1106700,0.52,0.52
1107000,0.52,0.52
1107300,0.52,0.52
1107600,0.52,0.52
1107900,0.52,0.52
1108200,0.52,0.52
1108500,0.52,0.52
1108800,0.52,0.52
1109100,0.52,0.52
1109400,0.52,0.52
1109700,0.52,0.52
1110000,0.52,0.52
1110300,0.52,0.52
1110600,0.52,0.52
1110900,0.52,0.52
1111200,0.52,0.52
1111500,0.52,0.52
1111800,0.52,0.52
1112100,0.52,0.52
1112400,0.52,0.52
1112700,0.52,0.52
1113000,0.52,0.52
1113300,0.52,0.52
1113600,0.52,0.52
1113900,0.52,0.52
1114200,0.52,0.52
1114500,0.52,0.52
1114800,0.52,0.52
1115100,0.52,0.52
1115400,0.52,0.52
1115700,0.52,0.52
1116000,0.52,0.52
1116300,0.52,0.52
1116600,0.52,0.52
1116900,0.52,0.52
1117200,0.52,0.52
1117500,0.64,0.64
1117800,0.68,0.68
1118100,0.68,0.68
1118400,0.72,0.72
1118700,0.68,0.68
1119000,0.76,0.76
1119300,0.76,0.76
1119600,0.68,0.68
1119900,0.64,0.64
1120200,0.64,0.64
1120500,0.64,0.64
1120800,0.64,0.64
1121100,0.64,0.64
1121400,0.64,0.64
1121700,0.64,0.64
1122000,0.64,0.64
1122300,0.56,0.56
1122600,0.56,0.56
1122900,0.48,0.48
1123200,0.44,0.44
1123500,0.44,0.44
1123800,0.48,0.48
1124100,0.32,0.32
1124400,0.2,0.2
1124700,0.04,0.04
1125000,0.04,0.04
1125300,0.16,0.16
1125600,0.12,0.12
1125900,0.04,0.04
1126200,0.04,0.04
1126500,0.08,0.08
1126800,0.12,0.12
1127100,0.28,0.28
1127400,0.36,0.36
1127700,0.36,0.36
1128000,0.32,0.32
1128300,0.4,0.4
1128600,0.4,0.4
1128900,0.4,0.4
1129200,0.48,0.48
1129500,0.48,0.48
1129800,0.44,0.44
1130100,0.48,0.48
1130400,0.52,0.52
1130700,0.56,0.56
1131000,0.56,0.56
1131300,0.52,0.52
1131600,0.44,0.44
1131900,0.44,0.44
1132200,0.44,0.44
1132500,0.4,0.4
1132800,0.4,0.4
1133100,0.4,0.4
1133400,0.4,0.4
1133700,0.4,0.4
1134000,0.52,0.52
1134300,0.52,0.52
1134600,0.44,0.44
1134900,0.4,0.4
1135200,0.4,0.4
1135500,0.36,0.36
1135800,0.4,0.4
1136100,0.44,0.44
1136400,0.48,0.48
1136700,0.48,0.48
1137000,0.52,0.52
1137300,0.6,0.6
1137600,0.6,0.6
1137900,0.6,0.6
1138200,0.6,0.6
1138500,0.56,0.56
1138800,0.6,0.6
1139100,0.6,0.6
1139400,0.6,0.6
1139700,0.64,0.64
1140000,0.64,0.64
1140300,0.64,0.64
1140600,0.68,0.68
1140900,0.64,0.64
1141200,0.6,0.6
1141500,0.6,0.6
1141800,0.6,0.6
1142100,0.6,0.6
1142400,0.6,0.6
1142700,0.64,0.64
1143000,0.6,0.6
1143300,0.56,0.56
1143600,0.56,0.56
1143900,0.56,0.56
1144200,0.6,0.6
1144500,0.64,0.64
1144800,0.6,0.6
1145100,0.56,0.56
1145400,0.56,0.56
1145700,0.64,0.64
1146000,0.64,0.64
1146300,0.68,0.68
1146600,0.6,0.6
1146900,0.6,0.6
1147200,0.6,0.6
1147500,0.64,0.64
1147800,0.6,0.6
1148100,0.6,0.6
1148400,0.56,0.56
1148700,0.6,0.6
1149000,0.56,0.56
1149300,0.48,0.48
1149600,0.48,0.48
1149900,0.44,0.44
1150200,0.4,0.4
1150500,0.48,0.48
1150800,0.48,0.48
1151100,0.48,0.48
1151400,0.48,0.48
1151700,0.56,0.56
1152000,0.52,0.52
1152300,0.68,0.68
1152600,0.72,0.72
1152900,0.8,0.8
1153200,0.84,0.84
1153500,0.84,0.84
1153800,0.84,0.84
1154100,0.84,0.84
1154400,0.84,0.84
1154700,0.88,0.88
1155000,0.88,0.88
1155300,0.88,0.88
1155600,0.88,0.88
1155900,0.84,0.84
1156200,0.8,0.8
1156500,0.8,0.8
1156800,0.76,0.76
1157100,0.76,0.76
1157400,0.8,0.8
1157700,0.84,0.84
1158000,0.8,0.8
1158300,0.84,0.84
1158600,0.88,0.88
1158900,0.84,0.84
1159200,0.84,0.84
1159500,0.84,0.84
1159800,0.84,0.84
1160100,0.8,0.8
1160400,0.72,0.72
1160700,0.76,0.76
1161000,0.72,0.72
1161300,0.68,0.68
1161600,0.68,0.68
1161900,0.72,0.72
1162200,0.72,0.72
1162500,0.68,0.68
1162800,0.8,0.8
1163100,0.84,0.84
1163400,0.84,0.84
1163700,0.84,0.84
1164000,0.76,0.76
1164300,0.76,0.76
1164600,0.72,0.72
1164900,0.72,0.72
1165200,0.64,0.64
1165500,0.6,0.6
1165800,0.64,0.64
1166100,0.64,0.64
1166400,0.68,0.68
1166700,0.56,0.56
1167000,0.52,0.52
1167300,0.52,0.52
1167600,0.4,0.4
1167900,0.32,0.32
1168200,0.24,0.24
1168500,0.28,0.28
1168800,0.16,0.16
1169100,0.12,0.12
1169400,0.08,0.08
1169700,0.08,0.08
1170000,0.08,0.08
1170300,0.08,0.08
1170600,0.08,0.08
1170900,0.12,0.12
1171200,0.2,0.2
1171500,0.2,0.2
1171800,0.24,0.24
1172100,0.24,0.24
1172400,0.2,0.2
1172700,0.2,0.2
1173000,0.24,0.24
1173300,0.32,0.32
1173600,0.32,0.32
1173900,0.36,0.36
1174200,0.44,0.44
1174500,0.44,0.44
1174800,0.48,0.48
1175100,0.6,0.6
1175400,0.56,0.56
1175700,0.64,0.64
1176000,0.6,0.6
1176300,0.6,0.6
1176600,0.6,0.6
1176900,0.56,0.56
1177200,0.6,0.6
1177500,0.56,0.56
1177800,0.56,0.56
1178100,0.64,0.64
1178400,0.64,0.64
1178700,0.64,0.64
1179000,0.56,0.56
1179300,0.56,0.56
1179600,0.52,0.52
1179900,0.6,0.6
1180200,0.56,0.56
1180500,0.6,0.6
1180800,0.6,0.6
1181100,0.48,0.48
1181400,0.56,0.56
1181700,0.64,0.64
1182000,0.68,0.68
1182300,0.68,0.68
1182600,0.64,0.64
1182900,0.68,0.68
1183200,0.68,0.68
1183500,0.64,0.64
1183800,0.64,0.64
1184100,0.64,0.64
1184400,0.68,0.68
1184700,0.68,0.68
1185000,0.68,0.68
1185300,0.72,0.72
1185600,0.76,0.76
1185900,0.8,0.8
1186200,0.76,0.76
1186500,0.84,0.84
1186800,0.84,0.84
1187100,0.88,0.88
1187400,0.88,0.88
1187700,0.8,0.8
1188000,0.8,0.8
1188300,0.72,0.72
1188600,0.72,0.72
1188900,0.8,0.8
1189200,0.8,0.8
1189500,0.8,0.8
1189800,0.8,0.8
1190100,0.8,0.8
1190400,0.8,0.8
1190700,0.8,0.8
1191000,0.8,0.8
1191300,0.84,0.84
1191600,0.8,0.8
1191900,0.76,0.76
1192200,0.68,0.68
1192500,0.64,0.64
1192800,0.68,0.68
1193100,0.68,0.68
1193400,0.64,0.64
1193700,0.68,0.68
1194000,0.64,0.64
1194300,0.64,0.64
1194600,0.6,0.6
1194900,0.64,0.64
1195200,0.64,0.64
1195500,0.72,0.72
1195800,0.72,0.72
1196100,0.8,0.8
1196400,0.8,0.8
1196700,0.84,0.84
1197000,0.84,0.84
1197300,0.8,0.8
1197600,0.8,0.8
1197900,0.8,0.8
1198200,0.8,0.8
1198500,0.8,0.8
1198800,0.8,0.8
1199100,0.76,0.76
1199400,0.8,0.8
1199700,0.8,0.8
1200000,0.88,0.88
1200300,0.88,0.88
1200600,0.84,0.84
1200900,0.84,0.84
1201200,0.76,0.76
1201500,0.8,0.8
1201800,0.76,0.76
1202100,0.76,0.76
1202400,0.72,0.72
1202700,0.72,0.72
1203000,0.64,0.64
1203300,0.68,0.68
1203600,0.68,0.68
1203900,0.72,0.72
1204200,0.64,0.64
1204500,0.64,0.64
1204800,0.6,0.6
1205100,0.6,0.6
1205400,0.64,0.64
1205700,0.6,0.6
1206000,0.6,0.6
1206300,0.56,0.56
1206600,0.6,0.6
1206900,0.64,0.64
1207200,0.68,0.68
1207500,0.64,0.64
1207800,0.68,0.68
1208100,0.68,0.68
1208400,0.72,0.72
1208700,0.64,0.64
1209000,0.64,0.64
1209300,0.44,0.44
1209600,0.4,0.4
1209900,0.28,0.28
1210200,0.24,0.24
1210500,0.16,0.16
1210800,0.12,0.12
1211100,0.12,0.12
1211400,0.08,0.08
1211700,0.04,0.04
1212000,0.08,0.08
1212300,0.16,0.16
1212600,0.16,0.16
1212900,0.24,0.24
1213200,0.44,0.44
1213500,0.4,0.4
1213800,0.36,0.36
1214100,0.36,0.36
1214400,0.44,0.44
1214700,0.36,0.36
1215000,0.36,0.36
1215300,0.28,0.28
1215600,0.32,0.32
1215900,0.32,0.32
1216200,0.28,0.28
1216500,0.24,0.24
1216800,0.24,0.24
1217100,0.28,0.28
1217400,0.24,0.24
1217700,0.28,0.28
1218000,0.24,0.24
1218300,0.24,0.24
1218600,0.2,0.2
1218900,0.28,0.28
1219200,0.28,0.28
1219500,0.28,0.28
1219800,0.28,0.28
1220100,0.28,0.28
1220400,0.32,0.32
1220700,0.4,0.4
1221000,0.52,0.52
1221300,0.52,0.52
1221600,0.52,0.52
1221900,0.44,0.44
1222200,0.4,0.4
1222500,0.4,0.4
1222800,0.4,0.4
1223100,0.4,0.4
1223400,0.44,0.44
1223700,0.52,0.52
1224000,0.52,0.52
1224300,0.44,0.44
1224600,0.48,0.48
1224900,0.52,0.52
1225200,0.56,0.56
1225500,0.52,0.52
1225800,0.48,0.48
1226100,0.48,0.48
1226400,0.4,0.4
1226700,0.4,0.4
1227000,0.4,0.4
1227300,0.4,0.4
1227600,0.4,0.4
1227900,0.4,0.4
1228200,0.4,0.4
1228500,0.44,0.44
1228800,0.48,0.48
1229100,0.44,0.44
1229400,0.4,0.4
1229700,0.36,0.36
1230000,0.4,0.4
1230300,0.36,0.36
1230600,0.32,0.32
1230900,0.32,0.32
1231200,0.36,0.36
1231500,0.36,0.36
1231800,0.28,0.28
1232100,0.28,0.28
1232400,0.32,0.32
1232700,0.28,0.28
1233000,0.36,0.36
1233300,0.36,0.36
1233600,0.48,0.48
1233900,0.48,0.48
1234200,0.4,0.4
1234500,0.44,0.44
1234800,0.36,0.36
1235100,0.32,0.32
1235400,0.36,0.36
1235700,0.4,0.4
1236000,0.44,0.44
1236300,0.4,0.4
1236600,0.48,0.48
1236900,0.48,0.48
1237200,0.32,0.32
1237500,0.32,0.32
1237800,0.28,0.28
1238100,0.36,0.36
1238400,0.36,0.36
1238700,0.6,0.6
1239000,0.68,0.68
1239300,0.72,0.72
1239600,0.72,0.72
1239900,0.8,0.8
1240200,0.8,0.8
1240500,0.8,0.8
1240800,0.8,0.8
1241100,0.8,0.8
1241400,0.84,0.84
1241700,0.88,0.88
1242000,0.88,0.88
1242300,0.88,0.88
1242600,0.88,0.88
1242900,0.84,0.84
1243200,0.84,0.84
1243500,0.84,0.84
1243800,0.76,0.76
1244100,0.76,0.76
1244400,0.76,0.76
1244700,0.8,0.8
1245000,0.8,0.8
1245300,0.8,0.8
1245600,0.8,0.8
1245900,0.8,0.8
1246200,0.76,0.76
1246500,0.72,0.72
1246800,0.68,0.68
1247100,0.72,0.72
1247400,0.68,0.68
1247700,0.68,0.68
1248000,0.6,0.6
1248300,0.56,0.56
1248600,0.56,0.56
1248900,0.52,0.52
1249200,0.52,0.52
1249500,0.52,0.52
1249800,0.52,0.52
1250100,0.52,0.52
1250400,0.56,0.56
1250700,0.56,0.56
1251000,0.56,0.56
1251300,0.56,0.56
1251600,0.68,0.68
1251900,0.64,0.64
1252200,0.64,0.64
1252500,0.56,0.56
1252800,0.48,0.48
1253100,0.4,0.4
1253400,0.32,0.32
1253700,0.28,0.28
1254000,0.36,0.36
1254300,0.28,0.28
1254600,0.2,0.2
1254900,0.28,0.28
1255200,0.32,0.32
1255500,0.24,0.24
1255800,0.04,0.04
1256100,0.04,0.04
1256400,0.08,0.08
1256700,0.12,0.12
1257000,0.28,0.28
1257300,0.28,0.28
1257600,0.12,0.12
1257900,0.2,0.2
1258200,0.28,0.28
1258500,0.2,0.2
1258800,0.12,0.12
1259100,0.12,0.12
1259400,0.12,0.12
1259700,0.16,0.16
1260000,0.24,0.24
1260300,0.28,0.28
1260600,0.4,0.4
1260900,0.36,0.36
1261200,0.52,0.52
1261500,0.44,0.44
1261800,0.44,0.44
1262100,0.44,0.44
1262400,0.48,0.48
1262700,0.56,0.56
1263000,0.6,0.6
1263300,0.52,0.52
1263600,0.52,0.52
1263900,0.52,0.52
1264200,0.52,0.52
1264500,0.56,0.56
1264800,0.6,0.6
1265100,0.56,0.56
1265400,0.56,0.56
1265700,0.64,0.64
1266000,0.72,0.72
1266300,0.72,0.72
1266600,0.72,0.72
1266900,0.68,0.68
1267200,0.68,0.68
1267500,0.68,0.68
1267800,0.68,0.68
1268100,0.64,0.64
1268400,0.68,0.68
1268700,0.76,0.76
1269000,0.76,0.76
1269300,0.72,0.72
1269600,0.72,0.72
1269900,0.8,0.8
1270200,0.84,0.84
1270500,0.84,0.84
1270800,0.84,0.84
1271100,0.84,0.84
1271400,0.84,0.84
1271700,0.8,0.8
1272000,0.76,0.76
1272300,0.76,0.76
1272600,0.8,0.8
1272900,0.8,0.8
1273200,0.84,0.84
1273500,0.84,0.84
1273800,0.88,0.88
1274100,0.88,0.88
1274400,0.84,0.84
1274700,0.88,0.88
1275000,0.84,0.84
1275300,0.84,0.84
1275600,0.76,0.76
1275900,0.8,0.8
1276200,0.84,0.84
1276500,0.8,0.8
1276800,0.76,0.76
1277100,0.76,0.76
1277400,0.76,0.76
1277700,0.76,0.76
1278000,0.76,0.76
1278300,0.68,0.68
1278600,0.76,0.76
1278900,0.72,0.72
1279200,0.72,0.72
1279500,0.64,0.64
1279800,0.64,0.64
1280100,0.64,0.64
1280400,0.64,0.64
1280700,0.64,0.64
1281000,0.64,0.64
1281300,0.68,0.68
1281600,0.68,0.68
1281900,0.6,0.6
1282200,0.6,0.6
1282500,0.6,0.6
1282800,0.52,0.52
1283100,0.52,0.52
1283400,0.68,0.68
1283700,0.68,0.68
1284000,0.72,0.72
1284300,0.72,0.72
1284600,0.8,0.8
1284900,0.8,0.8
1285200,0.8,0.8
1285500,0.84,0.84
1285800,0.84,0.84
1286100,0.88,0.88
1286400,0.84,0.84
1286700,0.8,0.8
1287000,0.84,0.84
1287300,0.8,0.8
1287600,0.84,0.84
1287900,0.88,0.88
1288200,0.88,0.88
1288500,0.88,0.88
1288800,0.84,0.84
1289100,0.88,0.88
1289400,0.88,0.88
1289700,0.88,0.88
1290000,0.84,0.84
1290300,0.88,0.88
1290600,0.92,0.92
1290900,0.92,0.92
1291200,0.92,0.92
1291500,0.92,0.92
1291800,0.92,0.92
1292100,0.84,0.84
1292400,0.88,0.88
1292700,0.92,0.92
1293000,0.92,0.92
1293300,0.88,0.88
1293600,0.88,0.88
1293900,0.88,0.88
1294200,0.84,0.84
1294500,0.84,0.84
1294800,0.8,0.8
1295100,0.8,0.8
1295400,0.76,0.76
1295700,0.76,0.76
1296000,0.72,0.72
1296300,0.64,0.64
1296600,0.6,0.6
1296900,0.6,0.6
1297200,0.56,0.56
1297500,0.52,0.52
1297800,0.4,0.4
1298100,0.36,0.36
1298400,0.24,0.24
1298700,0.2,0.2
1299000,0.28,0.28
1299300,0.28,0.28
1299600,0.24,0.24
1299900,0.12,0.12
1300200,0.0,0.0
1300500,0.0,0.0
1300800,0.0,0.0
1301100,0.12,0.12
1301400,0.08,0.08
1301700,0.08,0.08
1302000,0.08,0.08
1302300,0.16,0.16
1302600,0.2,0.2
1302900,0.28,0.28
1303200,0.12,0.12
1303500,0.16,0.16
1303800,0.32,0.32
1304100,0.32,0.32
1304400,0.4,0.4
1304700,0.44,0.44
1305000,0.48,0.48
1305300,0.48,0.48
1305600,0.44,0.44
1305900,0.44,0.44
1306200,0.4,0.4
1306500,0.48,0.48
1306800,0.48,0.48
1307100,0.48,0.48
1307400,0.52,0.52
1307700,0.48,0.48
1308000,0.48,0.48
1308300,0.4,0.4
1308600,0.44,0.44
1308900,0.44,0.44
1309200,0.4,0.4
1309500,0.4,0.4
1309800,0.4,0.4
1310100,0.4,0.4
1310400,0.4,0.4
1310700,0.48,0.48
1311000,0.48,0.48
1311300,0.48,0.48
1311600,0.44,0.44
1311900,0.48,0.48
1312200,0.48,0.48
1312500,0.44,0.44
1312800,0.44,0.44
1313100,0.44,0.44
1313400,0.48,0.48
1313700,0.4,0.4
1314000,0.4,0.4
1314300,0.4,0.4
1314600,0.36,0.36
1314900,0.36,0.36
1315200,0.36,0.36
1315500,0.36,0.36
1315800,0.36,0.36
1316100,0.4,0.4
1316400,0.4,0.4
1316700,0.4,0.4
1317000,0.44,0.44
1317300,0.52,0.52
1317600,0.48,0.48
1317900,0.44,0.44
1318200,0.52,0.52
1318500,0.56,0.56
1318800,0.68,0.68
1319100,0.68,0.68
1319400,0.68,0.68
1319700,0.72,0.72
1320000,0.72,0.72
1320300,0.64,0.64
1320600,0.6,0.6
1320900,0.48,0.48
1321200,0.52,0.52
1321500,0.48,0.48
1321800,0.44,0.44
1322100,0.44,0.44
1322400,0.44,0.44
1322700,0.4,0.4
1323000,0.44,0.44
1323300,0.48,0.48
1323600,0.44,0.44
1323900,0.44,0.44
1324200,0.48,0.48
1324500,0.48,0.48
1324800,0.48,0.48
1325100,0.68,0.68
1325400,0.72,0.72
1325700,0.72,0.72
1326000,0.72,0.72
1326300,0.72,0.72
1326600,0.76,0.76
1326900,0.72,0.72
1327200,0.72,0.72
1327500,0.68,0.68
1327800,0.64,0.64
1328100,0.64,0.64
1328400,0.64,0.64
1328700,0.6,0.6
1329000,0.6,0.6
1329300,0.6,0.6
1329600,0.64,0.64
1329900,0.8,0.8
1330200,0.8,0.8
1330500,0.8,0.8
1330800,0.8,0.8
1331100,0.76,0.76
1331400,0.84,0.84
1331700,0.84,0.84
1332000,0.84,0.84
1332300,0.8,0.8
1332600,0.76,0.76
1332900,0.72,0.72
1333200,0.68,0.68
1333500,0.64,0.64
1333800,0.64,0.64
1334100,0.64,0.64
1334400,0.56,0.56
1334700,0.52,0.52
1335000,0.48,0.48
1335300,0.52,0.52
1335600,0.48,0.48
1335900,0.48,0.48
1336200,0.6,0.6
1336500,0.56,0.56
1336800,0.56,0.56
1337100,0.6,0.6
1337400,0.56,0.56
1337700,0.64,0.64
1338000,0.56,0.56
1338300,0.48,0.48
1338600,0.48,0.48
1338900,0.48,0.48
1339200,0.44,0.44
1339500,0.52,0.52
1339800,0.56,0.56
1340100,0.56,0.56
1340400,0.56,0.56
1340700,0.56,0.56
1341000,0.56,0.56
1341300,0.56,0.56
1341600,0.56,0.56
1341900,0.24,0.24
1342200,0.24,0.24
1342500,0.32,0.32
1342800,0.28,0.28
1343100,0.24,0.24
1343400,0.28,0.28
1343700,0.24,0.24
1344000,0.28,0.28
1344300,0.28,0.28
1344600,0.32,0.32
1344900,0.28,0.28
1345200,0.2,0.2
1345500,0.2,0.2
1345800,0.24,0.24
1346100,0.28,0.28
1346400,0.36,0.36
1346700,0.48,0.48
1347000,0.48,0.48
1347300,0.52,0.52
1347600,0.6,0.6
1347900,0.64,0.64
1348200,0.64,0.64
1348500,0.64,0.64
1348800,0.56,0.56
1349100,0.6,0.6
1349400,0.56,0.56
1349700,0.6,0.6
1350000,0.52,0.52
1350300,0.44,0.44
1350600,0.48,0.48
1350900,0.56,0.56
1351200,0.56,0.56
1351500,0.56,0.56
1351800,0.6,0.6
1352100,0.64,0.64
1352400,0.64,0.64
1352700,0.64,0.64
1353000,0.56,0.56
1353300,0.56,0.56
1353600,0.6,0.6
1353900,0.56,0.56
1354200,0.64,0.64
1354500,0.64,0.64
1354800,0.64,0.64
1355100,0.68,0.68
1355400,0.76,0.76
1355700,0.72,0.72
1356000,0.68,0.68
1356300,0.68,0.68
1356600,0.64,0.64
1356900,0.68,0.68
1357200,0.68,0.68
1357500,0.72,0.72
1357800,0.72,0.72
1358100,0.76,0.76
1358400,0.72,0.72
1358700,0.76,0.76
1359000,0.76,0.76
1359300,0.72,0.72
1359600,0.72,0.72
1359900,0.76,0.76
1360200,0.8,0.8
1360500,0.76,0.76
1360800,0.76,0.76
1361100,0.76,0.76
1361400,0.8,0.8
1361700,0.8,0.8
1362000,0.76,0.76
1362300,0.76,0.76
1362600,0.76,0.76
1362900,0.84,0.84
1363200,0.84,0.84
1363500,0.88,0.88
1363800,0.88,0.88
1364100,0.88,0.88
1364400,0.88,0.88
1364700,0.88,0.88
1365000,0.88,0.88
1365300,0.88,0.88
1365600,0.88,0.88
1365900,0.88,0.88
1366200,0.8,0.8
1366500,0.76,0.76
1366800,0.76,0.76
1367100,0.0,0.0
1367400,0.8,0.8
1367700,0.0,0.0
1368000,0.76,0.76
1368300,0.76,0.76
1368600,0.72,0.72
1368900,0.68,0.68
1369200,0.68,0.68
1369500,0.6,0.6
1369800,0.52,0.52
1370100,0.6,0.6
1370400,0.68,0.68
1370700,0.68,0.68
1371000,0.68,0.68
1371300,0.64,0.64
1371600,0.64,0.64
1371900,0.64,0.64
1372200,0.6,0.6
1372500,0.64,0.64
1372800,0.6,0.6
1373100,0.68,0.68
1373400,0.72,0.72
1373700,0.72,0.72
1374000,0.72,0.72
1374300,0.8,0.8
1374600,0.88,0.88
1374900,0.88,0.88
1375200,0.88,0.88
1375500,0.84,0.84
1375800,0.76,0.76
1376100,0.72,0.72
1376400,0.72,0.72
1376700,0.76,0.76
1377000,0.76,0.76
1377300,0.8,0.8
1377600,0.8,0.8
1377900,0.8,0.8
1378200,0.8,0.8
1378500,0.8,0.8
1378800,0.8,0.8
1379100,0.8,0.8
1379400,0.8,0.8
1379700,0.76,0.76
1380000,0.68,0.68
1380300,0.8,0.8
1380600,0.72,0.72
1380900,0.72,0.72
1381200,0.68,0.68
1381500,0.64,0.64
1381800,0.52,0.52
1382100,0.52,0.52
1382400,0.48,0.48
1382700,0.48,0.48
1383000,0.44,0.44
1383300,0.52,0.52
1383600,0.52,0.52
1383900,0.4,0.4
1384200,0.36,0.36
1384500,0.28,0.28
1384800,0.24,0.24
1385100,0.24,0.24
1385400,0.28,0.28
1385700,0.32,0.32
1386000,0.16,0.16
1386300,0.12,0.12
1386600,0.08,0.08
1386900,0.08,0.08
1387200,0.12,0.12
1387500,0.2,0.2
1387800,0.24,0.24
1388100,0.28,0.28
1388400,0.32,0.32
1388700,0.4,0.4
1389000,0.32,0.32
1389300,0.28,0.28
1389600,0.28,0.28
1389900,0.32,0.32
1390200,0.4,0.4
1390500,0.4,0.4
1390800,0.44,0.44
1391100,0.48,0.48
1391400,0.48,0.48
1391700,0.44,0.44
1392000,0.56,0.56
1392300,0.48,0.48
1392600,0.44,0.44
1392900,0.44,0.44
1393200,0.48,0.48
1393500,0.44,0.44
1393800,0.44,0.44
1394100,0.32,0.32
1394400,0.32,0.32
1394700,0.4,0.4
1395000,0.4,0.4
1395300,0.44,0.44
1395600,0.44,0.44
1395900,0.44,0.44
1396200,0.48,0.48
1396500,0.52,0.52
1396800,0.52,0.52
1397100,0.52,0.52
1397400,0.52,0.52
1397700,0.52,0.52
1398000,0.56,0.56
1398300,0.56,0.56
1398600,0.56,0.56
1398900,0.6,0.6
1399200,0.6,0.6
1399500,0.56,0.56
1399800,0.52,0.52
1400100,0.56,0.56
1400400,0.56,0.56
1400700,0.56,0.56
1401000,0.48,0.48
1401300,0.52,0.52
1401600,0.52,0.52
1401900,0.52,0.52
1402200,0.52,0.52
1402500,0.52,0.52
1402800,0.56,0.56
1403100,0.52,0.52
1403400,0.52,0.52
1403700,0.52,0.52
1404000,0.52,0.52
1404300,0.52,0.52
1404600,0.6,0.6
1404900,0.64,0.64
1405200,0.64,0.64
1405500,0.68,0.68
1405800,0.68,0.68
1406100,0.64,0.64
1406400,0.68,0.68
1406700,0.72,0.72
1407000,0.64,0.64
1407300,0.6,0.6
1407600,0.6,0.6
1407900,0.52,0.52
1408200,0.52,0.52
1408500,0.52,0.52
1408800,0.52,0.52
1409100,0.52,0.52
1409400,0.48,0.48
1409700,0.44,0.44
1410000,0.52,0.52
1410300,0.52,0.52
1410600,0.52,0.52
1410900,0.52,0.52
1411200,0.52,0.52
1411500,0.56,0.56
1411800,0.6,0.6
1412100,0.68,0.68
1412400,0.64,0.64
1412700,0.64,0.64
1413000,0.56,0.56
1413300,0.56,0.56
1413600,0.56,0.56
1413900,0.56,0.56
1414200,0.56,0.56
1414500,0.6,0.6
1414800,0.56,0.56
1415100,0.6,0.6
1415400,0.64,0.64
1415700,0.6,0.6
1416000,0.56,0.56
1416300,0.68,0.68
1416600,0.64,0.64
1416900,0.64,0.64
1417200,0.68,0.68
1417500,0.72,0.72
1417800,0.76,0.76
1418100,0.72,0.72
1418400,0.68,0.68
1418700,0.72,0.72
1419000,0.64,0.64
1419300,0.64,0.64
1419600,0.68,0.68
1419900,0.68,0.68
1420200,0.68,0.68
1420500,0.64,0.64
1420800,0.6,0.6
1421100,0.64,0.64
1421400,0.6,0.6
1421700,0.68,0.68
1422000,0.64,0.64
1422300,0.6,0.6
1422600,0.6,0.6
1422900,0.64,0.64
1423200,0.64,0.64
1423500,0.64,0.64
1423800,0.68,0.68
1424100,0.6,0.6
1424400,0.6,0.6
1424700,0.6,0.6
1425000,0.64,0.64
1425300,0.68,0.68
1425600,0.64,0.64
1425900,0.6,0.6
1426200,0.6,0.6
1426500,0.48,0.48
1426800,0.48,0.48
1427100,0.36,0.36
1427400,0.32,0.32
1427700,0.28,0.28
1428000,0.32,0.32
1428300,0.2,0.2
1428600,0.32,0.32
1428900,0.4,0.4
1429200,0.36,0.36
1429500,0.4,0.4
1429800,0.4,0.4
1430100,0.48,0.48
1430400,0.52,0.52
1430700,0.48,0.48
1431000,0.44,0.44
1431300,0.44,0.44
1431600,0.4,0.4
1431900,0.4,0.4
1432200,0.44,0.44
1432500,0.4,0.4
1432800,0.48,0.48
1433100,0.48,0.48
1433400,0.52,0.52
1433700,0.56,0.56
1434000,0.64,0.64
1434300,0.76,0.76
1434600,0.8,0.8
1434900,0.8,0.8
1435200,0.8,0.8
1435500,0.8,0.8
1435800,0.72,0.72
1436100,0.72,0.72
1436400,0.72,0.72
1436700,0.68,0.68
1437000,0.72,0.72
1437300,0.68,0.68
1437600,0.56,0.56
1437900,0.56,0.56
1438200,0.6,0.6
1438500,0.6,0.6
1438800,0.64,0.64
1439100,0.64,0.64
1439400,0.68,0.68
1439700,0.68,0.68
1440000,0.72,0.72
1440300,0.64,0.64
1440600,0.72,0.72
1440900,0.76,0.76
1441200,0.72,0.72
1441500,0.72,0.72
1441800,0.64,0.64
1442100,0.64,0.64
1442400,0.68,0.68
1442700,0.72,0.72
1443000,0.68,0.68
1443300,0.68,0.68
1443600,0.76,0.76
1443900,0.72,0.72
1444200,0.72,0.72
1444500,0.72,0.72
1444800,0.8,0.8
1445100,0.8,0.8
1445400,0.84,0.84
1445700,0.84,0.84
1446000,0.84,0.84
1446300,0.88,0.88
1446600,0.92,0.92
1446900,0.92,0.92
1447200,0.92,0.92
1447500,0.96,0.96
1447800,0.96,0.96
1448100,0.92,0.92
1448400,0.88,0.88
1448700,0.88,0.88
1449000,0.88,0.88
1449300,0.88,0.88
1449600,0.84,0.84
1449900,0.84,0.84
1450200,0.88,0.88
1450500,0.92,0.92
1450800,0.92,0.92
1451100,0.92,0.92
1451400,0.84,0.84
1451700,0.8,0.8
1452000,0.76,0.76
1452300,0.6,0.6
1452600,0.64,0.64
1452900,0.52,0.52
1453200,0.52,0.52
1453500,0.52,0.52
1453800,0.48,0.48
1454100,0.48,0.48
1454400,0.44,0.44
1454700,0.48,0.48
1455000,0.56,0.56
1455300,0.6,0.6
1455600,0.64,0.64
1455900,0.68,0.68
1456200,0.72,0.72
1456500,0.72,0.72
1456800,0.8,0.8
1457100,0.84,0.84
1457400,0.8,0.8
1457700,0.8,0.8
1458000,0.84,0.84
1458300,0.84,0.84
1458600,0.88,0.88
1458900,0.88,0.88
1459200,0.88,0.88
1459500,0.84,0.84
1459800,0.84,0.84
1460100,0.84,0.84
1460400,0.88,0.88
1460700,0.88,0.88
1461000,0.84,0.84
1461300,0.84,0.84
1461600,0.76,0.76
1461900,0.76,0.76
1462200,0.72,0.72
1462500,0.6,0.6
1462800,0.6,0.6
1463100,0.52,0.52
1463400,0.52,0.52
1463700,0.52,0.52
1464000,0.52,0.52
1464300,0.56,0.56
1464600,0.6,0.6
1464900,0.6,0.6
1465200,0.56,0.56
1465500,0.56,0.56
1465800,0.56,0.56
1466100,0.56,0.56
1466400,0.48,0.48
1466700,0.48,0.48
1467000,0.48,0.48
1467300,0.56,0.56
1467600,0.52,0.52
1467900,0.6,0.6
1468200,0.6,0.6
1468500,0.56,0.56
1468800,0.44,0.44
1469100,0.28,0.28
1469400,0.32,0.32
1469700,0.32,0.32
1470000,0.32,0.32
1470300,0.36,0.36
1470600,0.4,0.4
1470900,0.32,0.32
1471200,0.28,0.28
1471500,0.28,0.28
1471800,0.24,0.24
1472100,0.2,0.2
1472400,0.24,0.24
1472700,0.24,0.24
1473000,0.24,0.24
1473300,0.28,0.28
1473600,0.24,0.24
1473900,0.12,0.12
1474200,0.24,0.24
1474500,0.28,0.28
1474800,0.32,0.32
1475100,0.24,0.24
1475400,0.16,0.16
1475700,0.12,0.12
1476000,0.12,0.12
1476300,0.16,0.16
1476600,0.2,0.2
1476900,0.2,0.2
1477200,0.12,0.12
1477500,0.2,0.2
1477800,0.2,0.2
1478100,0.24,0.24
1478400,0.24,0.24
1478700,0.24,0.24
1479000,0.2,0.2
1479300,0.2,0.2
1479600,0.28,0.28
1479900,0.4,0.4
1480200,0.32,0.32
1480500,0.28,0.28
1480800,0.44,0.44
1481100,0.4,0.4
1481400,0.4,0.4
1481700,0.44,0.44
1482000,0.48,0.48
1482300,0.44,0.44
1482600,0.44,0.44
1482900,0.48,0.48
1483200,0.48,0.48
1483500,0.52,0.52
1483800,0.48,0.48
1484100,0.52,0.52
1484400,0.52,0.52
1484700,0.6,0.6
1485000,0.6,0.6
1485300,0.64,0.64
1485600,0.6,0.6
1485900,0.6,0.6
1486200,0.6,0.6
1486500,0.6,0.6
1486800,0.56,0.56
1487100,0.6,0.6
1487400,0.6,0.6
1487700,0.64,0.64
1488000,0.64,0.64
1488300,0.64,0.64
1488600,0.64,0.64
1488900,0.64,0.64
1489200,0.64,0.64
1489500,0.64,0.64
1489800,0.64,0.64
1490100,0.64,0.64
1490400,0.64,0.64
1490700,0.64,0.64
1491000,0.64,0.64
1491300,0.64,0.64
1491600,0.64,0.64
1491900,0.64,0.64
1492200,0.64,0.64
1492500,0.64,0.64
1492800,0.64,0.64
1493100,0.64,0.64
1493400,0.64,0.64
1493700,0.64,0.64
1494000,0.64,0.64
1494300,0.64,0.64
1494600,0.64,0.64
1494900,0.64,0.64
1495200,0.64,0.64
1495500,0.64,0.64
1495800,0.64,0.64
1496100,0.64,0.64
1496400,0.64,0.64
1496700,0.64,0.64
1497000,0.64,0.64
1497300,0.64,0.64
1497600,0.64,0.64
1497900,0.64,0.64
1498200,0.64,0.64
1498500,0.76,0.76
1498800,0.84,0.84
1499100,0.84,0.84
1499400,0.84,0.84
1499700,0.8,0.8
1500000,0.88,0.88
1500300,0.88,0.88
1500600,0.84,0.84
1500900,0.8,0.8
1501200,0.84,0.84
1501500,0.8,0.8
1501800,0.76,0.76
1502100,0.76,0.76
1502400,0.72,0.72
1502700,0.72,0.72
1503000,0.72,0.72
1503300,0.72,0.72
1503600,0.72,0.72
1503900,0.68,0.68
1504200,0.64,0.64
1504500,0.64,0.64
1504800,0.56,0.56
1505100,0.6,0.6
1505400,0.64,0.64
1505700,0.56,0.56
1506000,0.56,0.56
1506300,0.56,0.56
1506600,0.52,0.52
1506900,0.44,0.44
1507200,0.44,0.44
1507500,0.36,0.36
1507800,0.24,0.24
1508100,0.24,0.24
1508400,0.32,0.32
1508700,0.44,0.44
1509000,0.44,0.44
1509300,0.52,0.52
1509600,0.52,0.52
1509900,0.52,0.52
1510200,0.48,0.48
1510500,0.48,0.48
1510800,0.4,0.4
1511100,0.52,0.52
1511400,0.44,0.44
1511700,0.52,0.52
1512000,0.48,0.48
1512300,0.44,0.44
1512600,0.32,0.32
1512900,0.24,0.24
1513200,0.2,0.2
1513500,0.12,0.12
1513800,0.16,0.16
1514100,0.12,0.12
1514400,0.0,0.0
1514700,0.04,0.04
1515000,0.04,0.04
1515300,0.0,0.0
1515600,0.04,0.04
1515900,0.0,0.0
1516200,0.08,0.08
1516500,0.2,0.2
1516800,0.16,0.16
1517100,0.12,0.12
1517400,0.24,0.24
1517700,0.12,0.12
1518000,0.16,0.16
1518300,0.16,0.16
1518600,0.12,0.12
1518900,0.16,0.16
1519200,0.28,0.28
1519500,0.4,0.4
1519800,0.48,0.48
1520100,0.48,0.48
1520400,0.52,0.52
1520700,0.52,0.52
1521000,0.56,0.56
1521300,0.56,0.56
1521600,0.48,0.48
1521900,0.36,0.36
1522200,0.32,0.32
1522500,0.12,0.12
1522800,0.2,0.2
1523100,0.2,0.2
1523400,0.2,0.2
1523700,0.2,0.2
1524000,0.24,0.24
1524300,0.2,0.2
1524600,0.2,0.2
1524900,0.28,0.28
1525200,0.32,0.32
1525500,0.36,0.36
1525800,0.36,0.36
1526100,0.36,0.36
1526400,0.24,0.24
1526700,0.32,0.32
1527000,0.4,0.4
1527300,0.48,0.48
1527600,0.56,0.56
1527900,0.56,0.56
1528200,0.64,0.64
1528500,0.64,0.64
1528800,0.64,0.64
1529100,0.64,0.64
1529400,0.6,0.6
1529700,0.68,0.68
1530000,0.64,0.64
1530300,0.6,0.6
1530600,0.6,0.6
1530900,0.68,0.68
1531200,0.68,0.68
1531500,0.68,0.68
1531800,0.68,0.68
1532100,0.72,0.72
1532400,0.64,0.64
1532700,0.72,0.72
1533000,0.76,0.76
1533300,0.72,0.72
1533600,0.64,0.64
1533900,0.64,0.64
1534200,0.64,0.64
1534500,0.6,0.6
1534800,0.64,0.64
1535100,0.64,0.64
1535400,0.6,0.6
1535700,0.72,0.72
1536000,0.76,0.76
1536300,0.8,0.8
1536600,0.8,0.8
1536900,0.8,0.8
1537200,0.8,0.8
1537500,0.88,0.88
1537800,0.8,0.8
1538100,0.72,0.72
1538400,0.6,0.6
1538700,0.56,0.56
1539000,0.52,0.52
1539300,0.52,0.52
1539600,0.52,0.52
1539900,0.36,0.36
1540200,0.44,0.44
1540500,0.52,0.52
1540800,0.52,0.52
1541100,0.48,0.48
1541400,0.48,0.48
1541700,0.48,0.48
1542000,0.44,0.44
1542300,0.36,0.36
1542600,0.36,0.36
1542900,0.32,0.32
1543200,0.28,0.28
1543500,0.24,0.24
1543800,0.2,0.2
1544100,0.16,0.16
1544400,0.08,0.08
1544700,0.04,0.04
1545000,0.08,0.08
1545300,0.16,0.16
1545600,0.12,0.12
1545900,0.04,0.04
1546200,0.12,0.12
1546500,0.16,0.16
1546800,0.32,0.32
1547100,0.32,0.32
1547400,0.32,0.32
1547700,0.32,0.32
1548000,0.52,0.52
1548300,0.6,0.6
1548600,0.52,0.52
1548900,0.56,0.56
1549200,0.64,0.64
1549500,0.52,0.52
1549800,0.56,0.56
1550100,0.56,0.56
1550400,0.6,0.6
1550700,0.64,0.64
1551000,0.64,0.64
1551300,0.6,0.6
1551600,0.6,0.6
1551900,0.6,0.6
1552200,0.64,0.64
1552500,0.6,0.6
1552800,0.56,0.56
1553100,0.6,0.6
1553400,0.6,0.6
1553700,0.68,0.68
1554000,0.64,0.64
1554300,0.64,0.64
1554600,0.64,0.64
1554900,0.6,0.6
1555200,0.56,0.56
1555500,0.36,0.36
1555800,0.28,0.28
1556100,0.12,0.12
1556400,0.08,0.08
1556700,0.04,0.04
1557000,0.04,0.04
1557300,0.08,0.08
1557600,0.04,0.04
1557900,0.04,0.04
1558200,0.12,0.12
1558500,0.12,0.12
1558800,0.2,0.2
1559100,0.2,0.2
1559400,0.32,0.32
1559700,0.44,0.44
1560000,0.44,0.44
1560300,0.4,0.4
1560600,0.48,0.48
1560900,0.44,0.44
1561200,0.36,0.36
1561500,0.24,0.24
1561800,0.32,0.32
1562100,0.36,0.36
1562400,0.36,0.36
1562700,0.32,0.32
1563000,0.28,0.28
1563300,0.24,0.24
1563600,0.24,0.24
1563900,0.24,0.24
1564200,0.32,0.32
1564500,0.24,0.24
1564800,0.24,0.24
1565100,0.28,0.28
1565400,0.44,0.44
1565700,0.4,0.4
1566000,0.36,0.36
1566300,0.4,0.4
1566600,0.36,0.36
1566900,0.32,0.32
1567200,0.4,0.4
1567500,0.4,0.4
1567800,0.36,0.36
1568100,0.36,0.36
1568400,0.36,0.36
1568700,0.36,0.36
1569000,0.4,0.4
1569300,0.36,0.36
1569600,0.32,0.32
1569900,0.36,0.36
1570200,0.36,0.36
1570500,0.32,0.32
1570800,0.44,0.44
1571100,0.48,0.48
1571400,0.48,0.48
1571700,0.52,0.52
1572000,0.52,0.52
1572300,0.52,0.52
1572600,0.52,0.52
1572900,0.52,0.52
1573200,0.56,0.56
1573500,0.6,0.6
1573800,0.52,0.52
1574100,0.48,0.48
1574400,0.48,0.48
1574700,0.48,0.48
1575000,0.44,0.44
1575300,0.44,0.44
1575600,0.4,0.4
1575900,0.44,0.44
1576200,0.4,0.4
1576500,0.44,0.44
1576800,0.36,0.36
1577100,0.4,0.4
1577400,0.44,0.44
1577700,0.44,0.44
1578000,0.52,0.52
1578300,0.52,0.52
1578600,0.52,0.52
1578900,0.56,0.56
1579200,0.64,0.64
1579500,0.52,0.52
1579800,0.6,0.6
1580100,0.56,0.56
1580400,0.48,0.48
1580700,0.56,0.56
1581000,0.6,0.6
1581300,0.56,0.56
1581600,0.56,0.56
1581900,0.6,0.6
1582200,0.64,0.64
1582500,0.64,0.64
1582800,0.64,0.64
1583100,0.6,0.6
1583400,0.6,0.6
1583700,0.68,0.68
1584000,0.68,0.68
1584300,0.68,0.68
1584600,0.72,0.72
1584900,0.72,0.72
1585200,0.8,0.8
1585500,0.8,0.8
1585800,0.8,0.8
1586100,0.84,0.84
1586400,0.84,0.84
1586700,0.84,0.84
1587000,0.84,0.84
1587300,0.84,0.84
1587600,0.92,0.92
1587900,0.92,0.92
1588200,0.96,0.96
1588500,0.96,0.96
1588800,0.96,0.96
1589100,0.88,0.88
1589400,0.88,0.88
1589700,0.68,0.68
1590000,0.64,0.64
1590300,0.64,0.64
1590600,0.68,0.68
1590900,0.64,0.64
1591200,0.6,0.6
1591500,0.64,0.64
1591800,0.64,0.64
1592100,0.72,0.72
1592400,0.76,0.76
1592700,0.72,0.72
1593000,0.72,0.72
1593300,0.8,0.8
1593600,0.72,0.72
1593900,0.72,0.72
1594200,0.68,0.68
1594500,0.68,0.68
1594800,0.68,0.68
1595100,0.72,0.72
1595400,0.72,0.72
1595700,0.76,0.76
1596000,0.72,0.72
1596300,0.72,0.72
1596600,0.64,0.64
1596900,0.68,0.68
1597200,0.72,0.72
1597500,0.72,0.72
1597800,0.68,0.68
1598100,0.64,0.64
1598400,0.56,0.56
1598700,0.6,0.6
1599000,0.6,0.6
1599300,0.6,0.6
1599600,0.56,0.56
1599900,0.48,0.48
1600200,0.44,0.44
1600500,0.36,0.36
1600800,0.28,0.28
1601100,0.24,0.24
1601400,0.24,0.24
1601700,0.12,0.12
1602000,0.08,0.08
1602300,0.08,0.08
1602600,0.08,0.08
1602900,0.16,0.16
1603200,0.16,0.16
1603500,0.24,0.24
1603800,0.24,0.24
1604100,0.32,0.32
1604400,0.32,0.32
1604700,0.36,0.36
1605000,0.36,0.36
1605300,0.4,0.4
1605600,0.48,0.48
1605900,0.6,0.6
1606200,0.68,0.68
1606500,0.72,0.72
1606800,0.72,0.72
1607100,0.72,0.72
1607400,0.76,0.76
1607700,0.76,0.76
1608000,0.76,0.76
1608300,0.76,0.76
1608600,0.72,0.72
1608900,0.72,0.72
1609200,0.68,0.68
1609500,0.68,0.68
1609800,0.64,0.64
1610100,0.64,0.64
1610400,0.68,0.68
1610700,0.68,0.68
1611000,0.72,0.72
1611300,0.68,0.68
1611600,0.68,0.68
1611900,0.72,0.72
1612200,0.76,0.76
1612500,0.8,0.8
1612800,0.8,0.8
1613100,0.8,0.8
1613400,0.84,0.84
1613700,0.84,0.84
1614000,0.8,0.8
1614300,0.84,0.84
1614600,0.88,0.88
1614900,0.84,0.84
1615200,0.84,0.84
1615500,0.84,0.84
1615800,0.84,0.84
1616100,0.84,0.84
1616400,0.72,0.72
1616700,0.72,0.72
1617000,0.68,0.68
1617300,0.68,0.68
1617600,0.64,0.64
1617900,0.68,0.68
1618200,0.64,0.64
1618500,0.68,0.68
1618800,0.64,0.64
1619100,0.68,0.68
1619400,0.76,0.76
1619700,0.8,0.8
1620000,0.84,0.84
1620300,0.8,0.8
1620600,0.8,0.8
1620900,0.8,0.8
1621200,0.8,0.8
1621500,0.84,0.84
1621800,0.84,0.84
1622100,0.8,0.8
1622400,0.76,0.76
1622700,0.76,0.76
1623000,0.76,0.76
1623300,0.76,0.76
1623600,0.76,0.76
1623900,0.72,0.72
1624200,0.68,0.68
1624500,0.72,0.72
1624800,0.76,0.76
1625100,0.72,0.72
1625400,0.72,0.72
1625700,0.76,0.76
1626000,0.72,0.72
1626300,0.72,0.72
1626600,0.64,0.64
1626900,0.56,0.56
1627200,0.52,0.52
1627500,0.52,0.52
1627800,0.56,0.56
1628100,0.52,0.52
1628400,0.48,0.48
1628700,0.48,0.48
1629000,0.44,0.44
1629300,0.4,0.4
1629600,0.36,0.36
1629900,0.44,0.44
1630200,0.4,0.4
1630500,0.48,0.48
1630800,0.44,0.44
1631100,0.44,0.44
1631400,0.4,0.4
1631700,0.4,0.4
1632000,0.4,0.4
1632300,0.36,0.36
1632600,0.36,0.36
1632900,0.32,0.32
1633200,0.44,0.44
1633500,0.52,0.52
1633800,0.48,0.48
1634100,0.48,0.48
1634400,0.52,0.52
1634700,0.6,0.6
1635000,0.6,0.6
1635300,0.52,0.52
1635600,0.48,0.48
1635900,0.44,0.44
1636200,0.48,0.48
1636500,0.56,0.56
1636800,0.6,0.6
1637100,0.48,0.48
1637400,0.48,0.48
1637700,0.36,0.36
1638000,0.48,0.48
1638300,0.64,0.64
1638600,0.56,0.56
1638900,0.52,0.52
1639200,0.56,0.56
1639500,0.56,0.56
1639800,0.56,0.56
1640100,0.52,0.52
1640400,0.48,0.48
1640700,0.6,0.6
1641000,0.6,0.6
1641300,0.6,0.6
1641600,0.48,0.48
1641900,0.44,0.44
1642200,0.4,0.4
1642500,0.36,0.36
1642800,0.24,0.24
1643100,0.2,0.2
1643400,0.12,0.12
1643700,0.08,0.08
1644000,0.08,0.08
1644300,0.12,0.12
1644600,0.12,0.12
1644900,0.12,0.12
1645200,0.08,0.08
1645500,0.04,0.04
1645800,0.08,0.08
1646100,0.12,0.12
1646400,0.12,0.12
1646700,0.08,0.08
1647000,0.16,0.16
1647300,0.2,0.2
1647600,0.16,0.16
1647900,0.24,0.24
1648200,0.2,0.2
1648500,0.24,0.24
1648800,0.24,0.24
1649100,0.32,0.32
1649400,0.32,0.32
1649700,0.36,0.36
1650000,0.36,0.36
1650300,0.44,0.44
1650600,0.44,0.44
1650900,0.48,0.48
1651200,0.56,0.56
1651500,0.64,0.64
1651800,0.6,0.6
1652100,0.6,0.6
1652400,0.6,0.6
1652700,0.6,0.6
1653000,0.6,0.6
1653300,0.6,0.6
1653600,0.6,0.6
1653900,0.56,0.56
1654200,0.6,0.6
1654500,0.56,0.56
1654800,0.52,0.52
1655100,0.52,0.52
1655400,0.52,0.52
1655700,0.6,0.6
1656000,0.64,0.64
1656300,0.6,0.6
1656600,0.6,0.6
1656900,0.6,0.6
1657200,0.6,0.6
1657500,0.6,0.6
1657800,0.6,0.6
1658100,0.6,0.6
1658400,0.6,0.6
1658700,0.6,0.6
1659000,0.64,0.64
1659300,0.68,0.68
1659600,0.64,0.64
1659900,0.64,0.64
1660200,0.6,0.6
1660500,0.6,0.6
1660800,0.64,0.64
1661100,0.6,0.6
1661400,0.56,0.56
1661700,0.56,0.56
1662000,0.56,0.56
1662300,0.52,0.52
1662600,0.52,0.52
1662900,0.48,0.48
1663200,0.52,0.52
1663500,0.48,0.48
1663800,0.52,0.52
1664100,0.48,0.48
1664400,0.56,0.56
1664700,0.6,0.6
1665000,0.56,0.56
1665300,0.56,0.56
1665600,0.44,0.44
1665900,0.48,0.48
1666200,0.48,0.48
1666500,0.4,0.4
1666800,0.4,0.4
1667100,0.32,0.32
1667400,0.32,0.32
1667700,0.4,0.4
1668000,0.4,0.4
1668300,0.4,0.4
1668600,0.44,0.44
1668900,0.44,0.44
1669200,0.44,0.44
1669500,0.52,0.52
1669800,0.44,0.44
1670100,0.48,0.48
1670400,0.52,0.52
1670700,0.56,0.56
1671000,0.68,0.68
1671300,0.76,0.76
1671600,0.76,0.76
1671900,0.76,0.76
1672200,0.8,0.8
1672500,0.84,0.84
1672800,0.84,0.84
1673100,0.84,0.84
1673400,0.88,0.88
1673700,0.8,0.8
1674000,0.8,0.8
1674300,0.8,0.8
1674600,0.76,0.76
1674900,0.72,0.72
1675200,0.64,0.64
1675500,0.64,0.64
1675800,0.64,0.64
1676100,0.64,0.64
1676400,0.56,0.56
1676700,0.64,0.64
1677000,0.76,0.76
1677300,0.76,0.76
1677600,0.76,0.76
1677900,0.8,0.8
1678200,0.72,0.72
1678500,0.76,0.76
1678800,0.72,0.72
1679100,0.72,0.72
1679400,0.72,0.72
1679700,0.68,0.68
1680000,0.68,0.68
1680300,0.68,0.68
1680600,0.68,0.68
1680900,0.64,0.64
1681200,0.68,0.68
1681500,0.6,0.6
1681800,0.64,0.64
1682100,0.64,0.64
1682400,0.72,0.72
1682700,0.68,0.68
1683000,0.64,0.64
1683300,0.6,0.6
1683600,0.64,0.64
1683900,0.56,0.56
1684200,0.56,0.56
1684500,0.6,0.6
1684800,0.48,0.48
1685100,0.4,0.4
1685400,0.4,0.4
1685700,0.36,0.36
1686000,0.32,0.32
1686300,0.32,0.32
1686600,0.32,0.32
1686900,0.24,0.24
1687200,0.32,0.32
1687500,0.32,0.32
1687800,0.28,0.28
1688100,0.28,0.28
1688400,0.2,0.2
1688700,0.16,0.16
1689000,0.16,0.16
1689300,0.2,0.2
1689600,0.16,0.16
1689900,0.28,0.28
1690200,0.36,0.36
1690500,0.36,0.36
1690800,0.28,0.28
1691100,0.36,0.36
1691400,0.32,0.32
1691700,0.36,0.36
1692000,0.36,0.36
1692300,0.48,0.48
1692600,0.52,0.52
1692900,0.56,0.56
1693200,0.56,0.56
1693500,0.6,0.6
1693800,0.6,0.6
1694100,0.56,0.56
1694400,0.52,0.52
1694700,0.56,0.56
1695000,0.52,0.52
1695300,0.48,0.48
1695600,0.44,0.44
1695900,0.48,0.48
1696200,0.52,0.52
1696500,0.56,0.56
1696800,0.56,0.56
1697100,0.6,0.6
1697400,0.64,0.64
1697700,0.52,0.52
1698000,0.44,0.44
1698300,0.56,0.56
1698600,0.52,0.52
1698900,0.52,0.52
1699200,0.56,0.56
1699500,0.56,0.56
1699800,0.56,0.56
1700100,0.64,0.64
1700400,0.72,0.72
1700700,0.72,0.72
1701000,0.76,0.76
1701300,0.84,0.84
1701600,0.88,0.88
1701900,0.88,0.88
1702200,0.8,0.8
1702500,0.76,0.76
1702800,0.8,0.8
1703100,0.76,0.76
1703400,0.8,0.8
1703700,0.8,0.8
1704000,0.8,0.8
1704300,0.76,0.76
1704600,0.8,0.8
1704900,0.76,0.76
1705200,0.68,0.68
1705500,0.68,0.68
1705800,0.72,0.72
1706100,0.72,0.72
1706400,0.76,0.76
1706700,0.72,0.72
1707000,0.72,0.72
1707300,0.72,0.72
1707600,0.76,0.76
1707900,0.72,0.72
1708200,0.68,0.68
1708500,0.68,0.68
1708800,0.64,0.64
1709100,0.6,0.6
1709400,0.6,0.6
1709700,0.56,0.56
1710000,0.48,0.48
1710300,0.48,0.48
1710600,0.4,0.4
1710900,0.4,0.4
1711200,0.44,0.44
1711500,0.44,0.44
1711800,0.48,0.48
1712100,0.4,0.4
1712400,0.56,0.56
1712700,0.56,0.56
1713000,0.64,0.64
1713300,0.64,0.64
1713600,0.52,0.52
1713900,0.56,0.56
1714200,0.6,0.6
1714500,0.52,0.52
1714800,0.56,0.56
1715100,0.56,0.56
1715400,0.56,0.56
1715700,0.52,0.52
1716000,0.56,0.56
1716300,0.52,0.52
1716600,0.52,0.52
1716900,0.56,0.56
1717200,0.6,0.6
1717500,0.64,0.64
1717800,0.6,0.6
1718100,0.64,0.64
1718400,0.56,0.56
1718700,0.52,0.52
1719000,0.52,0.52
1719300,0.48,0.48
1719600,0.52,0.52
1719900,0.52,0.52
1720200,0.48,0.48
1720500,0.48,0.48
1720800,0.52,0.52
1721100,0.52,0.52
1721400,0.56,0.56
1721700,0.56,0.56
1722000,0.6,0.6
1722300,0.72,0.72
1722600,0.68,0.68
1722900,0.72,0.72
1723200,0.72,0.72
1723500,0.72,0.72
1723800,0.76,0.76
1724100,0.76,0.76
1724400,0.72,0.72
1724700,0.72,0.72
1725000,0.68,0.68
1725300,0.6,0.6
1725600,0.56,0.56
1725900,0.56,0.56
1726200,0.56,0.56
1726500,0.6,0.6
1726800,0.64,0.64
1727100,0.6,0.6
1727400,0.56,0.56
1727700,0.44,0.44
1728000,0.36,0.36
1728300,0.32,0.32
1728600,0.28,0.28
1728900,0.32,0.32
1729200,0.24,0.24
1729500,0.32,0.32
1729800,0.24,0.24
1730100,0.2,0.2
1730400,0.2,0.2
1730700,0.08,0.08
1731000,0.04,0.04
1731300,0.08,0.08
1731600,0.04,0.04
1731900,0.12,0.12
1732200,0.12,0.12
1732500,0.12,0.12
1732800,0.24,0.24
1733100,0.2,0.2
1733400,0.16,0.16
1733700,0.16,0.16
1734000,0.16,0.16
1734300,0.2,0.2
1734600,0.24,0.24
1734900,0.28,0.28
1735200,0.36,0.36
1735500,0.44,0.44
1735800,0.48,0.48
1736100,0.52,0.52
1736400,0.52,0.52
1736700,0.52,0.52
1737000,0.72,0.72
1737300,0.68,0.68
1737600,0.68,0.68
1737900,0.64,0.64
1738200,0.64,0.64
1738500,0.6,0.6
1738800,0.6,0.6
1739100,0.56,0.56
1739400,0.52,0.52
1739700,0.6,0.6
1740000,0.6,0.6
1740300,0.6,0.6
1740600,0.6,0.6
1740900,0.6,0.6
1741200,0.6,0.6
1741500,0.64,0.64
1741800,0.64,0.64
1742100,0.6,0.6
1742400,0.64,0.64
1742700,0.72,0.72
1743000,0.76,0.76
1743300,0.76,0.76
1743600,0.76,0.76
1743900,0.76,0.76
1744200,0.72,0.72
1744500,0.68,0.68
1744800,0.68,0.68
1745100,0.64,0.64
1745400,0.64,0.64
1745700,0.64,0.64
1746000,0.56,0.56
1746300,0.56,0.56
1746600,0.44,0.44
1746900,0.36,0.36
1747200,0.36,0.36
1747500,0.44,0.44
1747800,0.44,0.44
1748100,0.44,0.44
1748400,0.52,0.52
1748700,0.48,0.48
1749000,0.44,0.44
1749300,0.44,0.44
1749600,0.44,0.44
1749900,0.44,0.44
1750200,0.48,0.48
1750500,0.56,0.56
1750800,0.56,0.56
1751100,0.52,0.52
1751400,0.52,0.52
1751700,0.52,0.52
1752000,0.44,0.44
1752300,0.44,0.44
1752600,0.52,0.52
1752900,0.52,0.52
1753200,0.4,0.4
1753500,0.36,0.36
1753800,0.44,0.44
1754100,0.44,0.44
1754400,0.4,0.4
1754700,0.4,0.4
1755000,0.52,0.52
1755300,0.52,0.52
1755600,0.52,0.52
1755900,0.56,0.56
1756200,0.52,0.52
1756500,0.52,0.52
1756800,0.6,0.6
1757100,0.6,0.6
1757400,0.64,0.64
1757700,0.64,0.64
1758000,0.72,0.72
1758300,0.76,0.76
1758600,0.8,0.8
1758900,0.8,0.8
1759200,0.84,0.84
1759500,0.88,0.88
1759800,0.96,0.96
1760100,0.96,0.96
1760400,0.92,0.92
1760700,0.92,0.92
1761000,0.92,0.92
1761300,0.88,0.88
1761600,0.92,0.92
1761900,0.92,0.92
1762200,0.88,0.88
1762500,0.88,0.88
1762800,0.88,0.88
1763100,0.76,0.76
1763400,0.76,0.76
1763700,0.76,0.76
1764000,0.8,0.8
1764300,0.76,0.76
1764600,0.72,0.72
1764900,0.72,0.72
1765200,0.72,0.72
1765500,0.72,0.72
1765800,0.68,0.68
1766100,0.72,0.72
1766400,0.8,0.8
1766700,0.76,0.76
1767000,0.76,0.76
1767300,0.84,0.84
1767600,0.88,0.88
1767900,0.92,0.92
1768200,0.88,0.88
1768500,0.84,0.84
1768800,0.84,0.84
1769100,0.84,0.84
1769400,0.8,0.8
1769700,0.76,0.76
1770000,0.72,0.72
1770300,0.72,0.72
1770600,0.72,0.72
1770900,0.68,0.68
1771200,0.6,0.6
1771500,0.44,0.44
1771800,0.52,0.52
1772100,0.52,0.52
1772400,0.6,0.6
1772700,0.56,0.56
1773000,0.48,0.48
1773300,0.32,0.32
1773600,0.32,0.32
1773900,0.32,0.32
1774200,0.36,0.36
1774500,0.32,0.32
1774800,0.32,0.32
1775100,0.32,0.32
1775400,0.32,0.32
1775700,0.28,0.28
1776000,0.32,0.32
1776300,0.2,0.2
1776600,0.24,0.24
1776900,0.32,0.32
1777200,0.28,0.28
1777500,0.36,0.36
1777800,0.44,0.44
1778100,0.48,0.48
1778400,0.48,0.48
1778700,0.52,0.52
1779000,0.56,0.56
1779300,0.56,0.56
1779600,0.64,0.64
1779900,0.72,0.72
1780200,0.72,0.72
1780500,0.72,0.72
1780800,0.72,0.72
1781100,0.6,0.6
1781400,0.64,0.64
1781700,0.6,0.6
1782000,0.6,0.6
1782300,0.64,0.64
1782600,0.64,0.64
1782900,0.68,0.68
1783200,0.6,0.6
1783500,0.68,0.68
1783800,0.72,0.72
1784100,0.76,0.76
1784400,0.72,0.72
1784700,0.72,0.72
1785000,0.76,0.76
1785300,0.76,0.76
1785600,0.8,0.8
1785900,0.76,0.76
1786200,0.8,0.8
1786500,0.8,0.8
1786800,0.72,0.72
1787100,0.76,0.76
1787400,0.72,0.72
1787700,0.72,0.72
1788000,0.72,0.72
1788300,0.76,0.76
1788600,0.8,0.8
1788900,0.84,0.84
1789200,0.84,0.84
1789500,0.92,0.92
1789800,0.8,0.8
1790100,0.84,0.84
1790400,0.8,0.8
1790700,0.84,0.84
1791000,0.76,0.76
1791300,0.72,0.72
1791600,0.76,0.76
1791900,0.76,0.76
1792200,0.72,0.72
1792500,0.76,0.76
1792800,0.72,0.72
1793100,0.72,0.72
1793400,0.76,0.76
1793700,0.84,0.84
1794000,0.8,0.8
1794300,0.8,0.8
1794600,0.8,0.8
1794900,0.8,0.8
1795200,0.84,0.84
1795500,0.88,0.88
1795800,0.92,0.92
1796100,0.92,0.92
1796400,0.88,0.88
1796700,0.84,0.84
1797000,0.8,0.8
1797300,0.76,0.76
1797600,0.64,0.64
1797900,0.56,0.56
1798200,0.56,0.56
1798500,0.6,0.6
1798800,0.6,0.6
1799100,0.48,0.48
1799400,0.48,0.48
1799700,0.6,0.6
1800000,0.6,0.6
1800300,0.6,0.6
1800600,0.52,0.52
1800900,0.56,0.56
1801200,0.56,0.56
1801500,0.6,0.6
1801800,0.52,0.52
1802100,0.48,0.48
1802400,0.56,0.56
1802700,0.56,0.56
1803000,0.6,0.6
1803300,0.52,0.52
1803600,0.48,0.48
1803900,0.48,0.48
1804200,0.52,0.52
1804500,0.4,0.4
1804800,0.48,0.48
1805100,0.48,0.48
1805400,0.52,0.52
1805700,0.6,0.6
1806000,0.72,0.72
1806300,0.72,0.72
1806600,0.72,0.72
1806900,0.72,0.72
1807200,0.68,0.68
1807500,0.72,0.72
1807800,0.64,0.64
1808100,0.6,0.6
1808400,0.6,0.6
1808700,0.48,0.48
1809000,0.44,0.44
1809300,0.44,0.44
1809600,0.44,0.44
1809900,0.48,0.48
1810200,0.56,0.56
1810500,0.6,0.6
1810800,0.56,0.56
1811100,0.56,0.56
1811400,0.6,0.6
1811700,0.68,0.68
1812000,0.68,0.68
1812300,0.72,0.72
1812600,0.76,0.76
1812900,0.8,0.8
1813200,0.72,0.72
1813500,0.72,0.72
1813800,0.72,0.72
1814100,0.72,0.72
1814400,0.72,0.72
1814700,0.72,0.72
1815000,0.72,0.72
1815300,0.72,0.72
1815600,0.72,0.72
1815900,0.72,0.72
1816200,0.72,0.72
1816500,0.44,0.44
1816800,0.36,0.36
1817100,0.28,0.28
1817400,0.16,0.16
1817700,0.16,0.16
1818000,0.12,0.12
1818300,0.16,0.16
1818600,0.24,0.24
1818900,0.24,0.24
1819200,0.24,0.24
1819500,0.32,0.32
1819800,0.2,0.2
1820100,0.12,0.12
1820400,0.12,0.12
1820700,0.16,0.16
1821000,0.2,0.2
1821300,0.16,0.16
1821600,0.12,0.12
1821900,0.08,0.08
1822200,0.16,0.16
1822500,0.16,0.16
1822800,0.2,0.2
1823100,0.16,0.16
1823400,0.12,0.12
1823700,0.12,0.12
1824000,0.16,0.16
1824300,0.24,0.24
1824600,0.28,0.28
1824900,0.32,0.32
1825200,0.36,0.36
1825500,0.4,0.4
1825800,0.48,0.48
1826100,0.52,0.52
1826400,0.56,0.56
1826700,0.52,0.52
1827000,0.52,0.52
1827300,0.48,0.48
1827600,0.52,0.52
1827900,0.56,0.56
1828200,0.56,0.56
1828500,0.56,0.56
1828800,0.56,0.56
1829100,0.6,0.6
1829400,0.6,0.6
1829700,0.56,0.56
1830000,0.56,0.56
1830300,0.56,0.56
1830600,0.56,0.56
1830900,0.52,0.52
1831200,0.56,0.56
1831500,0.6,0.6
1831800,0.6,0.6
1832100,0.6,0.6
1832400,0.56,0.56
1832700,0.56,0.56
1833000,0.56,0.56
1833300,0.56,0.56
1833600,0.52,0.52
1833900,0.48,0.48
1834200,0.56,0.56
1834500,0.52,0.52
1834800,0.48,0.48
1835100,0.48,0.48
1835400,0.48,0.48
1835700,0.52,0.52
1836000,0.48,0.48
1836300,0.44,0.44
1836600,0.4,0.4
1836900,0.4,0.4
1837200,0.44,0.44
1837500,0.4,0.4
1837800,0.48,0.48
1838100,0.48,0.48
1838400,0.48,0.48
1838700,0.6,0.6
1839000,0.68,0.68
1839300,0.68,0.68
1839600,0.72,0.72
1839900,0.72,0.72
1840200,0.68,0.68
1840500,0.76,0.76
1840800,0.8,0.8
1841100,0.76,0.76
1841400,0.68,0.68
1841700,0.72,0.72
1842000,0.72,0.72
1842300,0.72,0.72
1842600,0.72,0.72
1842900,0.72,0.72
1843200,0.72,0.72
1843500,0.76,0.76
1843800,0.8,0.8
1844100,0.8,0.8
1844400,0.84,0.84
1844700,0.84,0.84
1845000,0.88,0.88
1845300,0.88,0.88
1845600,0.88,0.88
1845900,0.84,0.84
1846200,0.84,0.84
1846500,0.8,0.8
1846800,0.72,0.72
1847100,0.72,0.72
1847400,0.72,0.72
1847700,0.64,0.64
1848000,0.64,0.64
1848300,0.56,0.56
1848600,0.6,0.6
1848900,0.56,0.56
1849200,0.6,0.6
1849500,0.64,0.64
1849800,0.6,0.6
1850100,0.56,0.56
1850400,0.56,0.56
1850700,0.56,0.56
1851000,0.48,0.48
1851300,0.52,0.52
1851600,0.56,0.56
1851900,0.6,0.6
1852200,0.64,0.64
1852500,0.72,0.72
1852800,0.72,0.72
1853100,0.72,0.72
1853400,0.72,0.72
1853700,0.76,0.76
1854000,0.76,0.76
1854300,0.76,0.76
1854600,0.76,0.76
1854900,0.8,0.8
1855200,0.76,0.76
1855500,0.68,0.68
1855800,0.68,0.68
1856100,0.68,0.68
1856400,0.68,0.68
1856700,0.68,0.68
1857000,0.68,0.68
1857300,0.64,0.64
1857600,0.6,0.6
1857900,0.6,0.6
1858200,0.64,0.64
1858500,0.68,0.68
1858800,0.68,0.68
1859100,0.64,0.64
1859400,0.56,0.56
1859700,0.44,0.44
1860000,0.36,0.36
1860300,0.32,0.32
1860600,0.36,0.36
1860900,0.36,0.36
1861200,0.24,0.24
1861500,0.28,0.28
1861800,0.24,0.24
1862100,0.24,0.24
1862400,0.28,0.28
1862700,0.36,0.36
1863000,0.28,0.28
1863300,0.28,0.28
1863600,0.24,0.24
1863900,0.36,0.36
1864200,0.4,0.4
1864500,0.44,0.44
1864800,0.44,0.44
1865100,0.4,0.4
1865400,0.48,0.48
1865700,0.52,0.52
1866000,0.52,0.52
1866300,0.52,0.52
1866600,0.6,0.6
1866900,0.6,0.6
1867200,0.64,0.64
1867500,0.64,0.64
1867800,0.6,0.6
1868100,0.6,0.6
1868400,0.6,0.6
1868700,0.64,0.64
1869000,0.6,0.6
1869300,0.52,0.52
1869600,0.52,0.52
1869900,0.52,0.52
1870200,0.56,0.56
1870500,0.6,0.6
1870800,0.52,0.52
1871100,0.56,0.56
1871400,0.56,0.56
1871700,0.6,0.6
1872000,0.68,0.68
1872300,0.72,0.72
1872600,0.76,0.76
1872900,0.88,0.88
1873200,0.88,0.88
1873500,0.8,0.8
1873800,0.84,0.84
1874100,0.84,0.84
1874400,0.84,0.84
1874700,0.84,0.84
1875000,0.76,0.76
1875300,0.76,0.76
1875600,0.72,0.72
1875900,0.72,0.72
1876200,0.68,0.68
1876500,0.64,0.64
1876800,0.68,0.68
1877100,0.68,0.68
1877400,0.72,0.72
1877700,0.76,0.76
1878000,0.72,0.72
1878300,0.72,0.72
1878600,0.68,0.68
1878900,0.76,0.76
1879200,0.8,0.8
1879500,0.84,0.84
1879800,0.84,0.84
1880100,0.84,0.84
1880400,0.88,0.88
1880700,0.92,0.92
1881000,0.92,0.92
1881300,0.92,0.92
1881600,0.88,0.88
1881900,0.88,0.88
1882200,0.92,0.92
1882500,0.88,0.88
1882800,0.88,0.88
1883100,0.84,0.84
1883400,0.84,0.84
1883700,0.84,0.84
1884000,0.84,0.84
1884300,0.84,0.84
1884600,0.84,0.84
1884900,0.8,0.8
1885200,0.8,0.8
1885500,0.72,0.72
1885800,0.76,0.76
1886100,0.72,0.72
1886400,0.68,0.68
1886700,0.68,0.68
1887000,0.68,0.68
1887300,0.72,0.72
1887600,0.68,0.68
1887900,0.64,0.64
1888200,0.48,0.48
1888500,0.48,0.48
1888800,0.44,0.44
1889100,0.64,0.64
1889400,0.56,0.56
1889700,0.56,0.56
1890000,0.44,0.44
1890300,0.48,0.48
1890600,0.56,0.56
1890900,0.6,0.6
1891200,0.56,0.56
1891500,0.56,0.56
1891800,0.56,0.56
1892100,0.76,0.76
1892400,0.76,0.76
1892700,0.72,0.72
1893000,0.76,0.76
1893300,0.72,0.72
1893600,0.6,0.6
1893900,0.64,0.64
1894200,0.64,0.64
1894500,0.68,0.68
1894800,0.8,0.8
1895100,0.76,0.76
1895400,0.76,0.76
1895700,0.76,0.76
1896000,0.76,0.76
1896300,0.84,0.84
1896600,0.84,0.84
1896900,0.88,0.88
1897200,0.88,0.88
1897500,0.84,0.84
1897800,0.8,0.8
1898100,0.8,0.8
1898400,0.8,0.8
1898700,0.8,0.8
1899000,0.76,0.76
1899300,0.76,0.76
1899600,0.84,0.84
1899900,0.8,0.8
1900200,0.84,0.84
1900500,0.8,0.8
1900800,0.76,0.76
1901100,0.72,0.72
1901400,0.68,0.68
1901700,0.72,0.72
1902000,0.36,0.36
1902300,0.28,0.28
1902600,0.28,0.28
1902900,0.16,0.16
1903200,0.12,0.12
1903500,0.08,0.08
1903800,0.12,0.12
1904100,0.16,0.16
1904400,0.16,0.16
1904700,0.16,0.16
1905000,0.28,0.28
1905300,0.28,0.28
1905600,0.28,0.28
1905900,0.2,0.2
1906200,0.28,0.28
1906500,0.32,0.32
1906800,0.44,0.44
1907100,0.48,0.48
1907400,0.44,0.44
1907700,0.28,0.28
1908000,0.28,0.28
1908300,0.28,0.28
1908600,0.4,0.4
1908900,0.36,0.36
1909200,0.32,0.32
1909500,0.32,0.32
1909800,0.36,0.36
1910100,0.36,0.36
1910400,0.44,0.44
1910700,0.48,0.48
1911000,0.52,0.52
1911300,0.48,0.48
1911600,0.48,0.48
1911900,0.52,0.52
1912200,0.52,0.52
1912500,0.52,0.52
1912800,0.52,0.52
1913100,0.4,0.4
1913400,0.48,0.48
1913700,0.48,0.48
1914000,0.36,0.36
1914300,0.32,0.32
1914600,0.2,0.2
1914900,0.24,0.24
1915200,0.16,0.16
1915500,0.16,0.16
1915800,0.2,0.2
1916100,0.12,0.12
1916400,0.08,0.08
1916700,0.08,0.08
1917000,0.12,0.12
1917300,0.12,0.12
1917600,0.16,0.16
1917900,0.2,0.2
1918200,0.36,0.36
1918500,0.36,0.36
1918800,0.36,0.36
1919100,0.4,0.4
1919400,0.32,0.32
1919700,0.32,0.32
1920000,0.36,0.36
1920300,0.28,0.28
1920600,0.2,0.2
1920900,0.2,0.2
1921200,0.24,0.24
1921500,0.28,0.28
1921800,0.24,0.24
1922100,0.36,0.36
1922400,0.32,0.32
1922700,0.32,0.32
1923000,0.36,0.36
1923300,0.36,0.36
1923600,0.4,0.4
1923900,0.44,0.44
1924200,0.48,0.48
1924500,0.48,0.48
1924800,0.4,0.4
1925100,0.4,0.4
1925400,0.36,0.36
1925700,0.36,0.36
1926000,0.4,0.4
1926300,0.52,0.52
1926600,0.48,0.48
1926900,0.44,0.44
1927200,0.52,0.52
1927500,0.48,0.48
1927800,0.44,0.44
1928100,0.44,0.44
1928400,0.4,0.4
1928700,0.4,0.4
1929000,0.44,0.44
1929300,0.48,0.48
1929600,0.44,0.44
1929900,0.44,0.44
1930200,0.48,0.48
1930500,0.48,0.48
1930800,0.52,0.52
1931100,0.56,0.56
1931400,0.6,0.6
1931700,0.68,0.68
1932000,0.72,0.72
1932300,0.68,0.68
1932600,0.6,0.6
1932900,0.56,0.56
1933200,0.6,0.6
1933500,0.64,0.64
1933800,0.64,0.64
1934100,0.64,0.64
1934400,0.6,0.6
1934700,0.56,0.56
1935000,0.44,0.44
1935300,0.44,0.44
1935600,0.48,0.48
1935900,0.52,0.52
1936200,0.52,0.52
1936500,0.52,0.52
1936800,0.52,0.52
1937100,0.6,0.6
1937400,0.6,0.6
1937700,0.6,0.6
1938000,0.72,0.72
1938300,0.72,0.72
1938600,0.72,0.72
1938900,0.68,0.68
1939200,0.68,0.68
1939500,0.72,0.72
1939800,0.72,0.72
1940100,0.72,0.72
1940400,0.76,0.76
1940700,0.72,0.72
1941000,0.64,0.64
1941300,0.6,0.6
1941600,0.56,0.56
1941900,0.56,0.56
1942200,0.56,0.56
1942500,0.52,0.52
1942800,0.52,0.52
1943100,0.48,0.48
1943400,0.48,0.48
1943700,0.52,0.52
1944000,0.52,0.52
1944300,0.48,0.48
1944600,0.56,0.56
1944900,0.52,0.52
1945200,0.52,0.52
1945500,0.48,0.48
1945800,0.4,0.4
1946100,0.48,0.48
1946400,0.48,0.48
1946700,0.48,0.48
1947000,0.48,0.48
1947300,0.36,0.36
1947600,0.32,0.32
1947900,0.16,0.16
1948200,0.04,0.04
1948500,0.08,0.08
1948800,0.08,0.08
1949100,0.16,0.16
1949400,0.24,0.24
1949700,0.24,0.24
1950000,0.24,0.24
1950300,0.24,0.24
1950600,0.32,0.32
1950900,0.32,0.32
1951200,0.32,0.32
1951500,0.28,0.28
1951800,0.32,0.32
1952100,0.4,0.4
1952400,0.48,0.48
1952700,0.56,0.56
1953000,0.64,0.64
1953300,0.56,0.56
1953600,0.6,0.6
1953900,0.68,0.68
1954200,0.72,0.72
1954500,0.72,0.72
1954800,0.72,0.72
1955100,0.72,0.72
1955400,0.68,0.68
1955700,0.68,0.68
1956000,0.64,0.64
1956300,0.6,0.6
1956600,0.6,0.6
1956900,0.6,0.6
1957200,0.6,0.6
1957500,0.52,0.52
1957800,0.52,0.52
1958100,0.48,0.48
1958400,0.44,0.44
1958700,0.44,0.44
1959000,0.52,0.52
1959300,0.52,0.52
1959600,0.48,0.48
1959900,0.56,0.56
1960200,0.6,0.6
1960500,0.72,0.72
1960800,0.64,0.64
1961100,0.72,0.72
1961400,0.72,0.72
1961700,0.76,0.76
1962000,0.8,0.8
1962300,0.84,0.84
1962600,0.84,0.84
1962900,0.84,0.84
1963200,0.76,0.76
1963500,0.76,0.76
1963800,0.76,0.76
1964100,0.72,0.72
1964400,0.72,0.72
1964700,0.72,0.72
1965000,0.8,0.8
1965300,0.76,0.76
1965600,0.76,0.76
1965900,0.72,0.72
1966200,0.68,0.68
1966500,0.72,0.72
1966800,0.72,0.72
1967100,0.72,0.72
1967400,0.76,0.76
1967700,0.72,0.72
1968000,0.72,0.72
1968300,0.72,0.72
1968600,0.76,0.76
1968900,0.68,0.68
1969200,0.64,0.64
1969500,0.64,0.64
1969800,0.64,0.64
1970100,0.6,0.6
1970400,0.52,0.52
1970700,0.48,0.48
1971000,0.48,0.48
1971300,0.52,0.52
1971600,0.56,0.56
1971900,0.6,0.6
1972200,0.6,0.6
1972500,0.6,0.6
1972800,0.56,0.56
1973100,0.56,0.56
1973400,0.52,0.52
1973700,0.52,0.52
1974000,0.52,0.52
1974300,0.52,0.52
1974600,0.6,0.6
1974900,0.56,0.56
1975200,0.56,0.56
1975500,0.76,0.76
1975800,0.68,0.68
1976100,0.68,0.68
1976400,0.68,0.68
1976700,0.76,0.76
1977000,0.72,0.72
1977300,0.68,0.68
1977600,0.68,0.68
1977900,0.68,0.68
1978200,0.6,0.6
1978500,0.64,0.64
1978800,0.6,0.6
1979100,0.6,0.6
1979400,0.6,0.6
1979700,0.6,0.6
1980000,0.64,0.64
1980300,0.68,0.68
1980600,0.8,0.8
1980900,0.8,0.8
1981200,0.72,0.72
1981500,0.72,0.72
1981800,0.76,0.76
1982100,0.76,0.76
1982400,0.76,0.76
1982700,0.76,0.76
1983000,0.72,0.72
1983300,0.72,0.72
1983600,0.72,0.72
1983900,0.72,0.72
1984200,0.84,0.84
1984500,0.8,0.8
1984800,0.8,0.8
1985100,0.8,0.8
1985400,0.8,0.8
1985700,0.76,0.76
1986000,0.76,0.76
1986300,0.76,0.76
1986600,0.72,0.72
1986900,0.72,0.72
1987200,0.56,0.56
1987500,0.48,0.48
1987800,0.48,0.48
1988100,0.44,0.44
1988400,0.36,0.36
1988700,0.32,0.32
1989000,0.32,0.32
1989300,0.2,0.2
1989600,0.2,0.2
1989900,0.2,0.2
1990200,0.2,0.2
1990500,0.2,0.2
1990800,0.32,0.32
1991100,0.32,0.32
1991400,0.36,0.36
1991700,0.28,0.28
1992000,0.32,0.32
1992300,0.32,0.32
1992600,0.32,0.32
1992900,0.36,0.36
1993200,0.44,0.44
1993500,0.4,0.4
1993800,0.32,0.32
1994100,0.28,0.28
1994400,0.24,0.24
1994700,0.16,0.16
1995000,0.2,0.2
1995300,0.24,0.24
1995600,0.2,0.2
1995900,0.24,0.24
1996200,0.16,0.16
1996500,0.12,0.12
1996800,0.16,0.16
1997100,0.28,0.28
1997400,0.32,0.32
1997700,0.32,0.32
1998000,0.36,0.36
1998300,0.4,0.4
1998600,0.4,0.4
1998900,0.48,0.48
1999200,0.48,0.48
1999500,0.4,0.4
1999800,0.56,0.56
2000100,0.48,0.48
2000400,0.48,0.48
2000700,0.44,0.44
2001000,0.4,0.4
2001300,0.32,0.32
2001600,0.28,0.28
2001900,0.28,0.28
2002200,0.32,0.32
2002500,0.32,0.32
2002800,0.28,0.28
2003100,0.28,0.28
2003400,0.28,0.28
2003700,0.4,0.4
2004000,0.44,0.44
2004300,0.44,0.44
2004600,0.44,0.44
2004900,0.44,0.44
2005200,0.44,0.44
2005500,0.52,0.52
2005800,0.52,0.52
2006100,0.48,0.48
2006400,0.36,0.36
2006700,0.36,0.36
2007000,0.24,0.24
2007300,0.28,0.28
2007600,0.2,0.2
2007900,0.2,0.2
2008200,0.2,0.2
2008500,0.2,0.2
2008800,0.2,0.2
2009100,0.24,0.24
2009400,0.28,0.28
2009700,0.32,0.32
2010000,0.28,0.28
2010300,0.36,0.36
2010600,0.48,0.48
2010900,0.52,0.52
2011200,0.44,0.44
2011500,0.44,0.44
2011800,0.4,0.4
2012100,0.48,0.48
2012400,0.44,0.44
2012700,0.48,0.48
2013000,0.44,0.44
2013300,0.24,0.24
2013600,0.24,0.24
2013900,0.28,0.28
2014200,0.2,0.2
2014500,0.2,0.2
2014800,0.2,0.2
2015100,0.16,0.16
2015400,0.16,0.16
2015700,0.2,0.2
2016000,0.2,0.2
2016300,0.44,0.44
2016600,0.48,0.48
2016900,0.52,0.52
2017200,0.6,0.6
2017500,0.6,0.6
2017800,0.68,0.68
2018100,0.68,0.68
2018400,0.76,0.76
2018700,0.8,0.8
2019000,0.8,0.8
2019300,0.8,0.8
2019600,0.8,0.8
2019900,0.8,0.8
2020200,0.8,0.8
2020500,0.8,0.8
2020800,0.8,0.8
2021100,0.8,0.8
2021400,0.8,0.8
2021700,0.8,0.8
2022000,0.8,0.8
2022300,0.8,0.8
2022600,0.8,0.8
2022900,0.8,0.8
2023200,0.8,0.8
2023500,0.8,0.8
2023800,0.8,0.8
2024100,0.8,0.8
2024400,0.8,0.8
2024700,0.8,0.8
2025000,0.8,0.8
2025300,0.8,0.8
2025600,0.8,0.8
2025900,0.8,0.8
2026200,0.8,0.8
2026500,0.8,0.8
2026800,0.8,0.8
2027100,0.8,0.8
2027400,0.8,0.8
2027700,0.8,0.8
2028000,0.8,0.8
2028300,0.8,0.8
2028600,0.8,0.8
2028900,0.8,0.8
2029200,0.8,0.8
2029500,0.8,0.8
2029800,0.8,0.8
2030100,0.8,0.8
2030400,0.8,0.8
2030700,0.8,0.8
2031000,0.8,0.8
2031300,0.8,0.8
2031600,0.8,0.8
2031900,0.8,0.8
2032200,0.8,0.8
2032500,0.8,0.8
2032800,0.8,0.8
2033100,0.8,0.8
2033400,0.8,0.8
2033700,0.8,0.8
2034000,0.8,0.8
2034300,0.8,0.8
2034600,0.8,0.8
2034900,0.8,0.8
2035200,0.8,0.8
2035500,0.8,0.8
2035800,0.8,0.8
2036100,0.8,0.8
2036400,0.8,0.8
2036700,0.8,0.8
2037000,0.8,0.8
2037300,0.8,0.8
2037600,0.8,0.8
2037900,0.8,0.8
2038200,0.8,0.8
2038500,0.8,0.8
2038800,0.8,0.8
2039100,0.8,0.8
2039400,0.8,0.8
2039700,0.6,0.6
2040000,0.68,0.68
2040300,0.68,0.68
2040600,0.72,0.72
2040900,0.72,0.72
2041200,0.68,0.68
2041500,0.6,0.6
2041800,0.56,0.56
2042100,0.56,0.56
2042400,0.52,0.52
2042700,0.52,0.52
2043000,0.6,0.6
2043300,0.6,0.6
2043600,0.0,0.0
2043900,0.64,0.64
2044200,0.68,0.68
2044500,0.68,0.68
2044800,0.68,0.68
2045100,0.68,0.68
2045400,0.68,0.68
2045700,0.68,0.68
2046000,0.52,0.52
2046300,0.56,0.56
2046600,0.64,0.64
2046900,0.6,0.6
2047200,0.6,0.6
2047500,0.6,0.6
2047800,0.6,0.6
2048100,0.6,0.6
2048400,0.6,0.6
2048700,0.76,0.76
2049000,0.76,0.76
2049300,0.84,0.84
2049600,0.84,0.84
2049900,0.88,0.88
2050200,0.88,0.88
2050500,0.88,0.88
2050800,0.88,0.88
2051100,0.96,0.96
2051400,0.96,0.96
2051700,0.96,0.96
2052000,0.88,0.88
2052300,0.88,0.88
2052600,0.92,0.92
2052900,0.88,0.88
2053200,0.88,0.88
2053500,0.88,0.88
2053800,0.88,0.88
2054100,0.88,0.88
2054400,0.88,0.88
2054700,0.84,0.84
2055000,0.84,0.84
2055300,0.88,0.88
2055600,0.8,0.8
2055900,0.8,0.8
2056200,0.64,0.64
2056500,0.6,0.6
2056800,0.56,0.56
2057100,0.52,0.52
2057400,0.56,0.56
2057700,0.56,0.56
2058000,0.52,0.52
2058300,0.6,0.6
2058600,0.44,0.44
2058900,0.44,0.44
2059200,0.48,0.48
2059500,0.44,0.44
2059800,0.48,0.48
2060100,0.6,0.6
2060400,0.6,0.6
2060700,0.64,0.64
2061000,0.68,0.68
2061300,0.68,0.68
2061600,0.72,0.72
2061900,0.68,0.68
2062200,0.6,0.6
2062500,0.6,0.6
2062800,0.52,0.52
2063100,0.68,0.68
2063400,0.68,0.68
2063700,0.68,0.68
2064000,0.68,0.68
2064300,0.72,0.72
2064600,0.72,0.72
2064900,0.72,0.72
2065200,0.72,0.72
2065500,0.8,0.8
2065800,0.84,0.84
2066100,0.8,0.8
2066400,0.76,0.76
2066700,0.76,0.76
2067000,0.76,0.76
2067300,0.84,0.84
2067600,0.84,0.84
2067900,0.76,0.76
2068200,0.8,0.8
2068500,0.8,0.8
2068800,0.68,0.68
2069100,0.68,0.68
2069400,0.72,0.72
2069700,0.72,0.72
2070000,0.68,0.68
2070300,0.68,0.68
2070600,0.6,0.6
2070900,0.6,0.6
2071200,0.6,0.6
2071500,0.56,0.56
2071800,0.48,0.48
2072100,0.4,0.4
2072400,0.32,0.32
2072700,0.36,0.36
2073000,0.32,0.32
2073300,0.32,0.32
2073600,0.32,0.32
2073900,0.24,0.24
2074200,0.32,0.32
2074500,0.28,0.28
2074800,0.28,0.28
2075100,0.28,0.28
2075400,0.28,0.28
2075700,0.28,0.28
2076000,0.24,0.24
2076300,0.28,0.28
2076600,0.12,0.12
2076900,0.08,0.08
2077200,0.12,0.12
2077500,0.08,0.08
2077800,0.08,0.08
2078100,0.08,0.08
2078400,0.08,0.08
2078700,0.2,0.2
2079000,0.16,0.16
2079300,0.12,0.12
2079600,0.16,0.16
2079900,0.2,0.2
2080200,0.2,0.2
2080500,0.28,0.28
2080800,0.32,0.32
2081100,0.28,0.28
2081400,0.28,0.28
2081700,0.36,0.36
2082000,0.32,0.32
2082300,0.28,0.28
2082600,0.32,0.32
2082900,0.28,0.28
2083200,0.32,0.32
2083500,0.28,0.28
2083800,0.24,0.24
2084100,0.32,0.32
2084400,0.36,0.36
2084700,0.36,0.36
2085000,0.4,0.4
2085300,0.4,0.4
2085600,0.4,0.4
2085900,0.48,0.48
2086200,0.52,0.52
2086500,0.48,0.48
2086800,0.44,0.44
2087100,0.36,0.36
2087400,0.32,0.32
2087700,0.36,0.36
2088000,0.36,0.36
2088300,0.36,0.36
2088600,0.32,0.32
2088900,0.32,0.32
2089200,0.4,0.4
2089500,0.36,0.36
2089800,0.4,0.4
2090100,0.44,0.44
2090400,0.48,0.48
2090700,0.6,0.6
2091000,0.68,0.68
2091300,0.68,0.68
2091600,0.64,0.64
2091900,0.68,0.68
2092200,0.6,0.6
2092500,0.6,0.6
2092800,0.6,0.6
2093100,0.52,0.52
2093400,0.52,0.52
2093700,0.48,0.48
2094000,0.48,0.48
2094300,0.48,0.48
2094600,0.48,0.48
2094900,0.56,0.56
2095200,0.6,0.6
2095500,0.56,0.56
2095800,0.52,0.52
2096100,0.48,0.48
2096400,0.44,0.44
2096700,0.44,0.44
2097000,0.48,0.48
2097300,0.48,0.48
2097600,0.4,0.4
2097900,0.48,0.48
2098200,0.48,0.48
2098500,0.36,0.36
2098800,0.36,0.36
2099100,0.36,0.36
2099400,0.4,0.4
2099700,0.4,0.4
2100000,0.4,0.4
2100300,0.36,0.36
2100600,0.36,0.36
2100900,0.32,0.32
2101200,0.36,0.36
2101500,0.36,0.36
2101800,0.32,0.32
2102100,0.24,0.24
2102400,0.24,0.24
2102700,0.36,0.36
2103000,0.4,0.4
2103300,0.48,0.48
2103600,0.48,0.48
2103900,0.52,0.52
2104200,0.48,0.48
2104500,0.6,0.6
2104800,0.64,0.64
2105100,0.68,0.68
2105400,0.68,0.68
2105700,0.68,0.68
2106000,0.68,0.68
2106300,0.68,0.68
2106600,0.64,0.64
2106900,0.6,0.6
2107200,0.56,0.56
2107500,0.52,0.52
2107800,0.52,0.52
2108100,0.56,0.56
2108400,0.48,0.48
2108700,0.48,0.48
2109000,0.52,0.52
2109300,0.52,0.52
2109600,0.52,0.52
2109900,0.56,0.56
2110200,0.64,0.64
2110500,0.52,0.52
2110800,0.56,0.56
2111100,0.48,0.48
2111400,0.44,0.44
2111700,0.36,0.36
2112000,0.48,0.48
2112300,0.48,0.48
2112600,0.52,0.52
2112900,0.52,0.52
2113200,0.6,0.6
2113500,0.6,0.6
2113800,0.6,0.6
2114100,0.56,0.56
2114400,0.44,0.44
2114700,0.44,0.44
2115000,0.52,0.52
2115300,0.48,0.48
2115600,0.48,0.48
2115900,0.48,0.48
2116200,0.48,0.48
2116500,0.48,0.48
2116800,0.52,0.52
2117100,0.56,0.56
2117400,0.52,0.52
2117700,0.6,0.6
2118000,0.6,0.6
2118300,0.56,0.56
2118600,0.56,0.56
2118900,0.44,0.44
2119200,0.48,0.48
2119500,0.36,0.36
2119800,0.28,0.28
2120100,0.28,0.28
2120400,0.24,0.24
2120700,0.24,0.24
2121000,0.12,0.12
2121300,0.16,0.16
2121600,0.2,0.2
2121900,0.24,0.24
2122200,0.24,0.24
2122500,0.32,0.32
2122800,0.28,0.28
2123100,0.32,0.32
2123400,0.28,0.28
2123700,0.28,0.28
2124000,0.28,0.28
2124300,0.24,0.24
2124600,0.2,0.2
2124900,0.32,0.32
2125200,0.36,0.36
2125500,0.32,0.32
2125800,0.4,0.4
2126100,0.44,0.44
2126400,0.44,0.44
2126700,0.48,0.48
2127000,0.52,0.52
2127300,0.56,0.56
2127600,0.6,0.6
2127900,0.6,0.6
2128200,0.64,0.64
2128500,0.68,0.68
2128800,0.68,0.68
2129100,0.64,0.64
2129400,0.64,0.64
2129700,0.64,0.64
2130000,0.6,0.6
2130300,0.72,0.72
2130600,0.8,0.8
2130900,0.76,0.76
2131200,0.6,0.6
2131500,0.56,0.56
2131800,0.6,0.6
2132100,0.56,0.56
2132400,0.56,0.56
2132700,0.6,0.6
2133000,0.64,0.64
2133300,0.64,0.64
2133600,0.64,0.64
2133900,0.64,0.64
2134200,0.64,0.64
2134500,0.68,0.68
2134800,0.64,0.64
2135100,0.68,0.68
2135400,0.64,0.64
2135700,0.6,0.6
2136000,0.72,0.72
2136300,0.68,0.68
2136600,0.72,0.72
2136900,0.72,0.72
2137200,0.64,0.64
2137500,0.72,0.72
2137800,0.72,0.72
2138100,0.72,0.72
2138400,0.72,0.72
2138700,0.68,0.68
2139000,0.6,0.6
2139300,0.76,0.76
2139600,0.84,0.84
2139900,0.84,0.84
2140200,0.84,0.84
2140500,0.8,0.8
2140800,0.8,0.8
2141100,0.8,0.8
2141400,0.8,0.8
2141700,0.8,0.8
2142000,0.76,0.76
2142300,0.76,0.76
2142600,0.72,0.72
2142900,0.72,0.72
2143200,0.72,0.72
2143500,0.68,0.68
2143800,0.6,0.6
2144100,0.56,0.56
2144400,0.64,0.64
2144700,0.6,0.6
2145000,0.56,0.56
2145300,0.56,0.56
2145600,0.6,0.6
2145900,0.56,0.56
2146200,0.6,0.6
2146500,0.6,0.6
2146800,0.64,0.64
2147100,0.6,0.6
2147400,0.6,0.6
2147700,0.6,0.6
2148000,0.64,0.64
2148300,0.56,0.56
2148600,0.56,0.56
2148900,0.56,0.56
2149200,0.56,0.56
2149500,0.56,0.56
2149800,0.52,0.52
2150100,0.56,0.56
2150400,0.56,0.56
2150700,0.64,0.64
2151000,0.64,0.64
2151300,0.72,0.72
2151600,0.76,0.76
2151900,0.8,0.8
2152200,0.76,0.76
2152500,0.72,0.72
2152800,0.72,0.72
2153100,0.68,0.68
2153400,0.68,0.68
2153700,0.76,0.76
2154000,0.8,0.8
2154300,0.8,0.8
2154600,0.76,0.76
2154900,0.76,0.76
2155200,0.76,0.76
2155500,0.88,0.88
2155800,0.92,0.92
2156100,0.84,0.84
2156400,0.84,0.84
2156700,0.8,0.8
2157000,0.76,0.76
2157300,0.64,0.64
2157600,0.6,0.6
2157900,0.48,0.48
2158200,0.48,0.48
2158500,0.48,0.48
2158800,0.52,0.52
2159100,0.48,0.48
2159400,0.52,0.52
2159700,0.44,0.44
2160000,0.44,0.44
2160300,0.28,0.28
2160600,0.32,0.32
2160900,0.2,0.2
2161200,0.24,0.24
2161500,0.16,0.16
2161800,0.12,0.12
2162100,0.08,0.08
2162400,0.16,0.16
2162700,0.16,0.16
2163000,0.16,0.16
2163300,0.16,0.16
2163600,0.2,0.2
2163900,0.12,0.12
2164200,0.08,0.08
2164500,0.08,0.08
2164800,0.16,0.16
2165100,0.16,0.16
2165400,0.12,0.12
2165700,0.2,0.2
2166000,0.2,0.2
2166300,0.2,0.2
2166600,0.2,0.2
2166900,0.2,0.2
2167200,0.2,0.2
2167500,0.36,0.36
2167800,0.36,0.36
2168100,0.32,0.32
2168400,0.32,0.32
2168700,0.32,0.32
2169000,0.36,0.36
2169300,0.44,0.44
2169600,0.4,0.4
2169900,0.56,0.56
2170200,0.48,0.48
2170500,0.44,0.44
2170800,0.44,0.44
2171100,0.4,0.4
2171400,0.4,0.4
2171700,0.44,0.44
2172000,0.44,0.44
2172300,0.32,0.32
2172600,0.28,0.28
2172900,0.44,0.44
2173200,0.4,0.4
2173500,0.4,0.4
2173800,0.44,0.44
2174100,0.48,0.48
2174400,0.52,0.52
2174700,0.52,0.52
2175000,0.52,0.52
2175300,0.56,0.56
2175600,0.64,0.64
2175900,0.64,0.64
2176200,0.6,0.6
2176500,0.64,0.64
2176800,0.72,0.72
2177100,0.76,0.76
2177400,0.72,0.72
2177700,0.72,0.72
2178000,0.72,0.72
2178300,0.72,0.72
2178600,0.64,0.64
2178900,0.64,0.64
2179200,0.6,0.6
2179500,0.64,0.64
2179800,0.6,0.6
2180100,0.56,0.56
2180400,0.6,0.6
2180700,0.6,0.6
2181000,0.56,0.56
2181300,0.56,0.56
2181600,0.64,0.64
2181900,0.64,0.64
2182200,0.64,0.64
2182500,0.52,0.52
2182800,0.56,0.56
2183100,0.56,0.56
2183400,0.52,0.52
2183700,0.44,0.44
2184000,0.44,0.44
2184300,0.48,0.48
2184600,0.48,0.48
2184900,0.44,0.44
2185200,0.36,0.36
2185500,0.32,0.32
2185800,0.32,0.32
2186100,0.32,0.32
2186400,0.44,0.44
2186700,0.52,0.52
2187000,0.52,0.52
2187300,0.52,0.52
2187600,0.56,0.56
2187900,0.56,0.56
2188200,0.6,0.6
2188500,0.6,0.6
2188800,0.68,0.68
2189100,0.72,0.72
2189400,0.72,0.72
2189700,0.8,0.8
2190000,0.84,0.84
2190300,0.76,0.76
2190600,0.96,0.96
2190900,0.96,0.96
2191200,0.92,0.92
2191500,0.92,0.92
2191800,0.92,0.92
2192100,0.92,0.92
2192400,0.92,0.92
2192700,0.92,0.92
2193000,0.92,0.92
2193300,0.92,0.92
2193600,0.92,0.92
2193900,0.88,0.88
2194200,0.88,0.88
2194500,0.84,0.84
2194800,0.76,0.76
2195100,0.76,0.76
2195400,0.76,0.76
2195700,0.72,0.72
2196000,0.84,0.84
2196300,0.8,0.8
2196600,0.72,0.72
2196900,0.72,0.72
2197200,0.68,0.68
2197500,0.68,0.68
2197800,0.68,0.68
2198100,0.68,0.68
2198400,0.64,0.64
2198700,0.72,0.72
2199000,0.72,0.72
2199300,0.72,0.72
2199600,0.72,0.72
2199900,0.8,0.8
2200200,0.8,0.8
2200500,0.76,0.76
2200800,0.76,0.76
2201100,0.8,0.8
2201400,0.84,0.84
2201700,0.8,0.8
2202000,0.8,0.8
2202300,0.76,0.76
2202600,0.76,0.76
2202900,0.8,0.8
2203200,0.72,0.72
2203500,0.68,0.68
2203800,0.56,0.56
2204100,0.56,0.56
2204400,0.52,0.52
2204700,0.52,0.52
2205000,0.4,0.4
2205300,0.4,0.4
2205600,0.36,0.36
2205900,0.32,0.32
2206200,0.12,0.12
2206500,0.28,0.28
2206800,0.36,0.36
2207100,0.28,0.28
2207400,0.28,0.28
2207700,0.4,0.4
2208000,0.4,0.4
2208300,0.4,0.4
2208600,0.4,0.4
2208900,0.32,0.32
2209200,0.28,0.28
2209500,0.36,0.36
2209800,0.28,0.28
2210100,0.32,0.32
2210400,0.28,0.28
2210700,0.36,0.36
2211000,0.4,0.4
2211300,0.52,0.52
2211600,0.52,0.52
2211900,0.52,0.52
2212200,0.56,0.56
2212500,0.6,0.6
2212800,0.6,0.6
2213100,0.64,0.64
2213400,0.68,0.68
2213700,0.72,0.72
2214000,0.64,0.64
2214300,0.64,0.64
2214600,0.6,0.6
2214900,0.64,0.64
2215200,0.64,0.64
2215500,0.64,0.64
2215800,0.8,0.8
2216100,0.76,0.76
2216400,0.8,0.8
2216700,0.8,0.8
2217000,0.8,0.8
2217300,0.8,0.8
2217600,0.8,0.8
2217900,0.8,0.8
2218200,0.8,0.8
2218500,0.84,0.84
2218800,0.84,0.84
2219100,0.84,0.84
2219400,0.88,0.88
2219700,0.84,0.84
2220000,0.84,0.84
2220300,0.84,0.84
2220600,0.8,0.8
2220900,0.8,0.8
2221200,0.8,0.8
2221500,0.76,0.76
2221800,0.64,0.64
2222100,0.68,0.68
2222400,0.72,0.72
2222700,0.64,0.64
2223000,0.6,0.6
2223300,0.64,0.64
2223600,0.64,0.64
2223900,0.64,0.64
2224200,0.72,0.72
2224500,0.72,0.72
2224800,0.72,0.72
2225100,0.68,0.68
2225400,0.68,0.68
2225700,0.6,0.6
2226000,0.64,0.64
2226300,0.72,0.72
2226600,0.68,0.68
2226900,0.72,0.72
2227200,0.72,0.72
2227500,0.72,0.72
2227800,0.76,0.76
2228100,0.8,0.8
2228400,0.84,0.84
2228700,0.84,0.84
2229000,0.8,0.8
2229300,0.84,0.84
2229600,0.84,0.84
2229900,0.84,0.84
2230200,0.88,0.88
2230500,0.0,0.0
2230800,0.84,0.84
2231100,0.88,0.88
2231400,0.88,0.88
2231700,0.84,0.84
2232000,0.8,0.8
2232300,0.8,0.8
2232600,0.8,0.8
2232900,0.8,0.8
2233200,0.84,0.84
2233500,0.84,0.84
2233800,0.8,0.8
2234100,0.8,0.8
2234400,0.8,0.8
2234700,0.76,0.76
2235000,0.68,0.68
2235300,0.64,0.64
2235600,0.56,0.56
2235900,0.52,0.52
2236200,0.56,0.56
2236500,0.6,0.6
2236800,0.56,0.56
2237100,0.64,0.64
2237400,0.56,0.56
2237700,0.56,0.56
2238000,0.48,0.48
2238300,0.52,0.52
2238600,0.52,0.52
2238900,0.48,0.48
2239200,0.6,0.6
2239500,0.6,0.6
2239800,0.56,0.56
2240100,0.6,0.6
2240400,0.48,0.48
2240700,0.52,0.52
2241000,0.52,0.52
2241300,0.52,0.52
2241600,0.52,0.52
2241900,0.48,0.48
2242200,0.44,0.44
2242500,0.44,0.44
2242800,0.4,0.4
2243100,0.4,0.4
2243400,0.56,0.56
2243700,0.6,0.6
2244000,0.64,0.64
2244300,0.68,0.68
2244600,0.6,0.6
2244900,0.56,0.56
2245200,0.64,0.64
2245500,0.68,0.68
2245800,0.64,0.64
2246100,0.64,0.64
2246400,0.64,0.64
2246700,0.6,0.6
2247000,0.56,0.56
2247300,0.48,0.48
2247600,0.52,0.52
2247900,0.52,0.52
2248200,0.44,0.44
2248500,0.36,0.36
2248800,0.36,0.36
2249100,0.36,0.36
2249400,0.4,0.4
2249700,0.32,0.32
2250000,0.2,0.2
2250300,0.2,0.2
2250600,0.24,0.24
2250900,0.28,0.28
2251200,0.28,0.28
2251500,0.24,0.24
2251800,0.32,0.32
2252100,0.4,0.4
2252400,0.44,0.44
2252700,0.44,0.44
2253000,0.4,0.4
2253300,0.44,0.44
2253600,0.36,0.36
2253900,0.44,0.44
2254200,0.48,0.48
2254500,0.48,0.48
2254800,0.48,0.48
2255100,0.48,0.48
2255400,0.44,0.44
2255700,0.44,0.44
2256000,0.4,0.4
2256300,0.4,0.4
2256600,0.4,0.4
2256900,0.36,0.36
2257200,0.28,0.28
2257500,0.32,0.32
2257800,0.36,0.36
2258100,0.4,0.4
2258400,0.44,0.44
2258700,0.48,0.48
2259000,0.48,0.48
2259300,0.52,0.52
2259600,0.48,0.48
2259900,0.52,0.52
2260200,0.52,0.52
2260500,0.56,0.56
2260800,0.56,0.56
2261100,0.56,0.56
2261400,0.56,0.56
2261700,0.56,0.56
2262000,0.56,0.56
2262300,0.52,0.52
2262600,0.48,0.48
2262900,0.52,0.52
2263200,0.44,0.44
2263500,0.4,0.4
2263800,0.44,0.44
2264100,0.48,0.48
2264400,0.48,0.48
2264700,0.56,0.56
2265000,0.48,0.48
2265300,0.52,0.52
2265600,0.52,0.52
2265900,0.52,0.52
2266200,0.52,0.52
2266500,0.56,0.56
2266800,0.6,0.6
2267100,0.6,0.6
2267400,0.56,0.56
2267700,0.56,0.56
2268000,0.6,0.6
2268300,0.56,0.56
2268600,0.6,0.6
2268900,0.52,0.52
2269200,0.52,0.52
2269500,0.52,0.52
2269800,0.48,0.48
2270100,0.48,0.48
2270400,0.36,0.36
2270700,0.44,0.44
2271000,0.48,0.48
2271300,0.52,0.52
2271600,0.52,0.52
2271900,0.52,0.52
2272200,0.56,0.56
2272500,0.6,0.6
2272800,0.6,0.6
2273100,0.52,0.52
2273400,0.52,0.52
2273700,0.48,0.48
2274000,0.6,0.6
2274300,0.56,0.56
2274600,0.48,0.48
2274900,0.48,0.48
2275200,0.56,0.56
2275500,0.56,0.56
2275800,0.56,0.56
2276100,0.72,0.72
2276400,0.72,0.72
2276700,0.84,0.84
2277000,0.84,0.84
2277300,0.88,0.88
2277600,0.84,0.84
2277900,0.84,0.84
2278200,0.8,0.8
2278500,0.8,0.8
2278800,0.8,0.8
2279100,0.72,0.72
2279400,0.68,0.68
2279700,0.64,0.64
2280000,0.64,0.64
2280300,0.64,0.64
2280600,0.64,0.64
2280900,0.68,0.68
2281200,0.6,0.6
2281500,0.52,0.52
2281800,0.44,0.44
2282100,0.44,0.44
2282400,0.48,0.48
2282700,0.48,0.48
2283000,0.44,0.44
2283300,0.44,0.44
2283600,0.48,0.48
2283900,0.6,0.6
2284200,0.64,0.64
2284500,0.64,0.64
2284800,0.64,0.64
2285100,0.6,0.6
2285400,0.6,0.6
2285700,0.6,0.6
2286000,0.6,0.6
2286300,0.6,0.6
2286600,0.68,0.68
2286900,0.72,0.72
2287200,0.72,0.72
2287500,0.72,0.72
2287800,0.72,0.72
2288100,0.68,0.68
2288400,0.68,0.68
2288700,0.68,0.68
2289000,0.68,0.68
2289300,0.72,0.72
2289600,0.64,0.64
2289900,0.48,0.48
2290200,0.48,0.48
2290500,0.36,0.36
2290800,0.28,0.28
2291100,0.24,0.24
2291400,0.2,0.2
2291700,0.12,0.12
2292000,0.12,0.12
2292300,0.12,0.12
2292600,0.12,0.12
2292900,0.2,0.2
2293200,0.24,0.24
2293500,0.32,0.32
2293800,0.32,0.32
2294100,0.2,0.2
2294400,0.28,0.28
2294700,0.28,0.28
2295000,0.2,0.2
2295300,0.4,0.4
2295600,0.24,0.24
2295900,0.2,0.2
2296200,0.2,0.2
2296500,0.28,0.28
2296800,0.28,0.28
2297100,0.44,0.44
2297400,0.44,0.44
2297700,0.44,0.44
2298000,0.52,0.52
2298300,0.52,0.52
2298600,0.48,0.48
2298900,0.52,0.52
2299200,0.56,0.56
2299500,0.56,0.56
2299800,0.56,0.56
2300100,0.56,0.56
2300400,0.72,0.72
2300700,0.72,0.72
2301000,0.6,0.6
2301300,0.64,0.64
2301600,0.72,0.72
2301900,0.76,0.76
2302200,0.76,0.76
2302500,0.76,0.76
2302800,0.84,0.84
2303100,0.8,0.8
2303400,0.8,0.8
2303700,0.76,0.76
2304000,0.76,0.76
2304300,0.76,0.76
2304600,0.76,0.76
2304900,0.76,0.76
2305200,0.76,0.76
2305500,0.8,0.8
2305800,0.8,0.8
2306100,0.76,0.76
2306400,0.76,0.76
2306700,0.68,0.68
2307000,0.68,0.68
2307300,0.72,0.72
2307600,0.76,0.76
2307900,0.8,0.8
2308200,0.76,0.76
2308500,0.72,0.72
2308800,0.8,0.8
2309100,0.8,0.8
2309400,0.8,0.8
2309700,0.8,0.8
2310000,0.88,0.88
2310300,0.88,0.88
2310600,0.8,0.8
2310900,0.8,0.8
2311200,0.8,0.8
2311500,0.76,0.76
2311800,0.68,0.68
2312100,0.68,0.68
2312400,0.72,0.72
2312700,0.68,0.68
2313000,0.8,0.8
2313300,0.8,0.8
2313600,0.84,0.84
2313900,0.84,0.84
2314200,0.84,0.84
2314500,0.84,0.84
2314800,0.88,0.88
2315100,0.92,0.92
2315400,0.92,0.92
2315700,0.84,0.84
2316000,0.8,0.8
2316300,0.76,0.76
2316600,0.76,0.76
2316900,0.72,0.72
2317200,0.68,0.68
2317500,0.68,0.68
2317800,0.68,0.68
2318100,0.64,0.64
2318400,0.6,0.6
2318700,0.52,0.52
2319000,0.48,0.48
2319300,0.48,0.48
2319600,0.52,0.52
2319900,0.44,0.44
2320200,0.4,0.4
2320500,0.44,0.44
2320800,0.52,0.52
2321100,0.6,0.6
2321400,0.56,0.56
2321700,0.68,0.68
2322000,0.68,0.68
2322300,0.68,0.68
2322600,0.76,0.76
2322900,0.68,0.68
2323200,0.68,0.68
2323500,0.72,0.72
2323800,0.72,0.72
2324100,0.64,0.64
2324400,0.64,0.64
2324700,0.64,0.64
2325000,0.6,0.6
2325300,0.64,0.64
2325600,0.64,0.64
2325900,0.64,0.64
2326200,0.64,0.64
2326500,0.72,0.72
2326800,0.68,0.68
2327100,0.68,0.68
2327400,0.6,0.6
2327700,0.56,0.56
2328000,0.44,0.44
2328300,0.44,0.44
2328600,0.4,0.4
2328900,0.36,0.36
2329200,0.36,0.36
2329500,0.4,0.4
2329800,0.48,0.48
2330100,0.52,0.52
2330400,0.48,0.48
2330700,0.48,0.48
2331000,0.56,0.56
2331300,0.6,0.6
2331600,0.6,0.6
2331900,0.6,0.6
2332200,0.52,0.52
2332500,0.4,0.4
2332800,0.4,0.4
2333100,0.32,0.32
2333400,0.04,0.04
2333700,0.0,0.0
2334000,0.04,0.04
2334300,0.04,0.04
2334600,0.0,0.0
2334900,0.04,0.04
2335200,0.04,0.04
2335500,0.08,0.08
2335800,0.08,0.08
2336100,0.08,0.08
2336400,0.08,0.08
2336700,0.2,0.2
2337000,0.12,0.12
2337300,0.12,0.12
2337600,0.16,0.16
2337900,0.16,0.16
2338200,0.32,0.32
2338500,0.32,0.32
2338800,0.32,0.32
2339100,0.36,0.36
2339400,0.4,0.4
2339700,0.44,0.44
2340000,0.52,0.52
2340300,0.52,0.52
2340600,0.44,0.44
2340900,0.48,0.48
2341200,0.52,0.52
2341500,0.52,0.52
2341800,0.56,0.56
2342100,0.6,0.6
2342400,0.6,0.6
2342700,0.48,0.48
2343000,0.48,0.48
2343300,0.48,0.48
2343600,0.44,0.44
2343900,0.4,0.4
2344200,0.32,0.32
2344500,0.28,0.28
2344800,0.28,0.28
2345100,0.28,0.28
2345400,0.24,0.24
2345700,0.28,0.28
2346000,0.28,0.28
2346300,0.24,0.24
2346600,0.24,0.24
2346900,0.2,0.2
2347200,0.32,0.32
2347500,0.36,0.36
2347800,0.32,0.32
2348100,0.36,0.36
2348400,0.36,0.36
2348700,0.4,0.4
2349000,0.36,0.36
2349300,0.48,0.48
2349600,0.48,0.48
2349900,0.48,0.48
2350200,0.4,0.4
2350500,0.44,0.44
2350800,0.4,0.4
2351100,0.44,0.44
2351400,0.4,0.4
2351700,0.36,0.36
2352000,0.36,0.36
2352300,0.28,0.28
2352600,0.28,0.28
2352900,0.28,0.28
2353200,0.36,0.36
2353500,0.32,0.32
2353800,0.32,0.32
2354100,0.32,0.32
2354400,0.36,0.36
2354700,0.36,0.36
2355000,0.36,0.36
2355300,0.4,0.4
2355600,0.32,0.32
2355900,0.28,0.28
2356200,0.4,0.4
2356500,0.4,0.4
2356800,0.4,0.4
2357100,0.44,0.44
2357400,0.48,0.48
2357700,0.56,0.56
2358000,0.48,0.48
2358300,0.44,0.44
2358600,0.36,0.36
2358900,0.4,0.4
2359200,0.44,0.44
2359500,0.44,0.44
2359800,0.52,0.52
2360100,0.48,0.48
2360400,0.48,0.48
2360700,0.56,0.56
2361000,0.68,0.68
2361300,0.68,0.68
2361600,0.64,0.64
2361900,0.72,0.72
2362200,0.8,0.8
2362500,0.84,0.84
2362800,0.84,0.84
2363100,0.84,0.84
2363400,0.88,0.88
2363700,0.8,0.8
2364000,0.8,0.8
2364300,0.8,0.8
2364600,0.8,0.8
2364900,0.8,0.8
2365200,0.8,0.8
2365500,0.84,0.84
2365800,0.84,0.84
2366100,0.76,0.76
2366400,0.76,0.76
2366700,0.76,0.76
2367000,0.76,0.76
2367300,0.72,0.72
2367600,0.76,0.76
2367900,0.72,0.72
2368200,0.68,0.68
2368500,0.68,0.68
2368800,0.76,0.76
2369100,0.76,0.76
2369400,0.8,0.8
2369700,0.84,0.84
2370000,0.8,0.8
2370300,0.8,0.8
2370600,0.76,0.76
2370900,0.8,0.8
2371200,0.8,0.8
2371500,0.8,0.8
2371800,0.8,0.8
2372100,0.8,0.8
2372400,0.84,0.84
2372700,0.88,0.88
2373000,0.88,0.88
2373300,0.88,0.88
2373600,0.88,0.88
2373900,0.8,0.8
2374200,0.84,0.84
2374500,0.84,0.84
2374800,0.76,0.76
2375100,0.76,0.76
2375400,0.72,0.72
2375700,0.68,0.68
2376000,0.68,0.68
2376300,0.72,0.72
2376600,0.56,0.56
2376900,0.48,0.48
2377200,0.36,0.36
2377500,0.36,0.36
2377800,0.32,0.32
2378100,0.28,0.28
2378400,0.24,0.24
2378700,0.16,0.16
2379000,0.2,0.2
2379300,0.24,0.24
2379600,0.24,0.24
2379900,0.2,0.2
2380200,0.32,0.32
2380500,0.36,0.36
2380800,0.36,0.36
2381100,0.4,0.4
2381400,0.44,0.44
2381700,0.48,0.48
2382000,0.56,0.56
2382300,0.48,0.48
2382600,0.44,0.44
2382900,0.44,0.44
2383200,0.36,0.36
2383500,0.32,0.32
2383800,0.4,0.4
2384100,0.44,0.44
2384400,0.44,0.44
2384700,0.48,0.48
2385000,0.44,0.44
2385300,0.44,0.44
2385600,0.56,0.56
2385900,0.48,0.48
2386200,0.52,0.52
2386500,0.56,0.56
2386800,0.52,0.52
2387100,0.48,0.48
2387400,0.56,0.56
2387700,0.56,0.56
2388000,0.56,0.56
2388300,0.68,0.68
2388600,0.8,0.8
2388900,0.8,0.8
2389200,0.92,0.92
2389500,0.92,0.92
2389800,0.92,0.92
2390100,0.92,0.92
2390400,0.92,0.92
2390700,0.92,0.92
2391000,0.92,0.92
2391300,0.92,0.92
2391600,0.92,0.92
2391900,0.88,0.88
2392200,0.88,0.88
2392500,0.88,0.88
2392800,0.92,0.92
2393100,0.92,0.92
2393400,0.84,0.84
2393700,0.88,0.88
2394000,0.88,0.88
2394300,0.88,0.88
2394600,0.84,0.84
2394900,0.8,0.8
2395200,0.76,0.76
2395500,0.8,0.8
2395800,0.76,0.76
2396100,0.8,0.8
2396400,0.8,0.8
2396700,0.76,0.76
2397000,0.76,0.76
2397300,0.72,0.72
2397600,0.72,0.72
2397900,0.68,0.68
2398200,0.76,0.76
2398500,0.76,0.76
2398800,0.8,0.8
2399100,0.76,0.76
2399400,0.76,0.76
2399700,0.72,0.72
2400000,0.76,0.76
2400300,0.76,0.76
2400600,0.76,0.76
2400900,0.76,0.76
2401200,0.8,0.8
2401500,0.8,0.8
2401800,0.84,0.84
2402100,0.84,0.84
2402400,0.84,0.84
2402700,0.8,0.8
2403000,0.64,0.64
2403300,0.56,0.56
2403600,0.52,0.52
2403900,0.52,0.52
2404200,0.52,0.52
2404500,0.56,0.56
2404800,0.56,0.56
2405100,0.52,0.52
2405400,0.52,0.52
2405700,0.56,0.56
2406000,0.4,0.4
2406300,0.36,0.36
2406600,0.24,0.24
2406900,0.28,0.28
2407200,0.28,0.28
2407500,0.44,0.44
2407800,0.44,0.44
2408100,0.44,0.44
2408400,0.56,0.56
2408700,0.56,0.56
2409000,0.52,0.52
2409300,0.4,0.4
2409600,0.44,0.44
2409900,0.44,0.44
2410200,0.52,0.52
2410500,0.52,0.52
2410800,0.56,0.56
2411100,0.56,0.56
2411400,0.56,0.56
2411700,0.52,0.52
2412000,0.48,0.48
2412300,0.48,0.48
2412600,0.56,0.56
2412900,0.56,0.56
2413200,0.64,0.64
2413500,0.68,0.68
2413800,0.76,0.76
2414100,0.84,0.84
2414400,0.8,0.8
2414700,0.76,0.76
2415000,0.8,0.8
2415300,0.8,0.8
2415600,0.8,0.8
2415900,0.8,0.8
2416200,0.8,0.8
2416500,0.8,0.8
2416800,0.8,0.8
2417100,0.68,0.68
2417400,0.68,0.68
2417700,0.64,0.64
2418000,0.6,0.6
2418300,0.6,0.6
2418600,0.6,0.6
2418900,0.44,0.44
2419200,0.44,0.44
2419500,0.32,0.32
2419800,0.32,0.32
2420100,0.36,0.36
2420400,0.32,0.32
2420700,0.28,0.28
2421000,0.28,0.28
2421300,0.16,0.16
2421600,0.16,0.16
2421900,0.16,0.16
2422200,0.12,0.12
2422500,0.12,0.12
2422800,0.2,0.2
2423100,0.16,0.16
2423400,0.2,0.2
2423700,0.2,0.2
2424000,0.2,0.2
2424300,0.32,0.32
2424600,0.28,0.28
2424900,0.36,0.36
2425200,0.4,0.4
2425500,0.56,0.56
2425800,0.72,0.72
2426100,0.76,0.76
2426400,0.72,0.72
2426700,0.68,0.68
2427000,0.68,0.68
2427300,0.6,0.6
2427600,0.6,0.6
2427900,0.6,0.6
2428200,0.52,0.52
2428500,0.6,0.6
2428800,0.56,0.56
2429100,0.6,0.6
2429400,0.56,0.56
2429700,0.6,0.6
2430000,0.56,0.56
2430300,0.56,0.56
2430600,0.6,0.6
2430900,0.52,0.52
2431200,0.52,0.52
2431500,0.56,0.56
2431800,0.52,0.52
2432100,0.52,0.52
2432400,0.52,0.52
2432700,0.52,0.52
2433000,0.4,0.4
2433300,0.4,0.4
2433600,0.36,0.36
2433900,0.36,0.36
2434200,0.32,0.32
2434500,0.32,0.32
2434800,0.36,0.36
2435100,0.36,0.36
2435400,0.4,0.4
2435700,0.4,0.4
2436000,0.48,0.48
2436300,0.52,0.52
2436600,0.4,0.4
2436900,0.52,0.52
2437200,0.6,0.6
2437500,0.56,0.56
2437800,0.56,0.56
2438100,0.52,0.52
2438400,0.52,0.52
2438700,0.48,0.48
2439000,0.48,0.48
2439300,0.48,0.48
2439600,0.44,0.44
2439900,0.44,0.44
2440200,0.44,0.44
2440500,0.44,0.44
2440800,0.44,0.44
2441100,0.4,0.4
2441400,0.4,0.4
2441700,0.4,0.4
2442000,0.44,0.44
2442300,0.4,0.4
2442600,0.44,0.44
2442900,0.48,0.48
2443200,0.48,0.48
2443500,0.44,0.44
2443800,0.4,0.4
2444100,0.4,0.4
2444400,0.4,0.4
2444700,0.32,0.32
2445000,0.32,0.32
2445300,0.36,0.36
2445600,0.32,0.32
2445900,0.32,0.32
2446200,0.36,0.36
2446500,0.4,0.4
2446800,0.4,0.4
2447100,0.48,0.48
2447400,0.52,0.52
2447700,0.48,0.48
2448000,0.48,0.48
2448300,0.56,0.56
2448600,0.64,0.64
2448900,0.72,0.72
2449200,0.76,0.76
2449500,0.88,0.88
2449800,0.88,0.88
2450100,0.88,0.88
2450400,0.84,0.84
2450700,0.84,0.84
2451000,0.84,0.84
2451300,0.8,0.8
2451600,0.72,0.72
2451900,0.72,0.72
2452200,0.72,0.72
2452500,0.64,0.64
2452800,0.64,0.64
2453100,0.64,0.64
2453400,0.68,0.68
2453700,0.64,0.64
2454000,0.6,0.6
2454300,0.64,0.64
2454600,0.68,0.68
2454900,0.64,0.64
2455200,0.64,0.64
2455500,0.72,0.72
2455800,0.8,0.8
2456100,0.84,0.84
2456400,0.84,0.84
2456700,0.76,0.76
2457000,0.76,0.76
2457300,0.68,0.68
2457600,0.68,0.68
2457900,0.68,0.68
2458200,0.76,0.76
2458500,0.8,0.8
2458800,0.88,0.88
2459100,0.92,0.92
2459400,0.88,0.88
2459700,0.88,0.88
2460000,0.88,0.88
2460300,0.84,0.84
2460600,0.84,0.84
2460900,0.84,0.84
2461200,0.8,0.8
2461500,0.8,0.8
2461800,0.76,0.76
2462100,0.68,0.68
2462400,0.64,0.64
2462700,0.6,0.6
2463000,0.52,0.52
2463300,0.52,0.52
2463600,0.44,0.44
2463900,0.4,0.4
2464200,0.28,0.28
2464500,0.28,0.28
2464800,0.24,0.24
2465100,0.28,0.28
2465400,0.28,0.28
2465700,0.32,0.32
2466000,0.36,0.36
2466300,0.36,0.36
2466600,0.32,0.32
2466900,0.28,0.28
2467200,0.2,0.2
2467500,0.16,0.16
2467800,0.2,0.2
2468100,0.36,0.36
2468400,0.48,0.48
2468700,0.48,0.48
2469000,0.52,0.52
2469300,0.6,0.6
2469600,0.56,0.56
2469900,0.56,0.56
2470200,0.56,0.56
2470500,0.64,0.64
2470800,0.56,0.56
2471100,0.52,0.52
2471400,0.52,0.52
2471700,0.48,0.48
2472000,0.48,0.48
2472300,0.52,0.52
2472600,0.52,0.52
2472900,0.52,0.52
2473200,0.48,0.48
2473500,0.48,0.48
2473800,0.56,0.56
2474100,0.56,0.56
2474400,0.56,0.56
2474700,0.6,0.6
2475000,0.6,0.6
2475300,0.68,0.68
2475600,0.76,0.76
2475900,0.72,0.72
2476200,0.64,0.64
2476500,0.68,0.68
2476800,0.72,0.72
2477100,0.64,0.64
2477400,0.64,0.64
2477700,0.76,0.76
2478000,0.8,0.8
2478300,0.76,0.76
2478600,0.76,0.76
2478900,0.76,0.76
2479200,0.76,0.76
2479500,0.76,0.76
2479800,0.76,0.76
2480100,0.8,0.8
2480400,0.76,0.76
2480700,0.72,0.72
2481000,0.72,0.72
2481300,0.72,0.72
2481600,0.68,0.68
2481900,0.64,0.64
2482200,0.64,0.64
2482500,0.64,0.64
2482800,0.72,0.72
2483100,0.72,0.72
2483400,0.68,0.68
2483700,0.72,0.72
2484000,0.76,0.76
2484300,0.84,0.84
2484600,0.8,0.8
2484900,0.8,0.8
2485200,0.8,0.8
2485500,0.84,0.84
2485800,0.84,0.84
2486100,0.88,0.88
2486400,0.88,0.88
2486700,0.84,0.84
2487000,0.84,0.84
2487300,0.84,0.84
2487600,0.72,0.72
2487900,0.64,0.64
2488200,0.6,0.6
2488500,0.56,0.56
2488800,0.56,0.56
2489100,0.56,0.56
2489400,0.52,0.52
2489700,0.48,0.48
2490000,0.44,0.44
2490300,0.36,0.36
2490600,0.4,0.4
2490900,0.44,0.44
2491200,0.36,0.36
2491500,0.28,0.28
2491800,0.32,0.32
2492100,0.32,0.32
2492400,0.2,0.2
2492700,0.24,0.24
2493000,0.28,0.28
2493300,0.28,0.28
2493600,0.4,0.4
2493900,0.48,0.48
2494200,0.56,0.56
2494500,0.56,0.56
2494800,0.52,0.52
2495100,0.6,0.6
2495400,0.64,0.64
2495700,0.68,0.68
2496000,0.68,0.68
2496300,0.68,0.68
2496600,0.68,0.68
2496900,0.72,0.72
2497200,0.72,0.72
2497500,0.68,0.68
2497800,0.68,0.68
2498100,0.68,0.68
2498400,0.6,0.6
2498700,0.48,0.48
2499000,0.48,0.48
2499300,0.48,0.48
2499600,0.52,0.52
2499900,0.56,0.56
2500200,0.64,0.64
2500500,0.56,0.56
2500800,0.56,0.56
2501100,0.56,0.56
2501400,0.6,0.6
2501700,0.56,0.56
2502000,0.52,0.52
2502300,0.52,0.52
2502600,0.56,0.56
2502900,0.6,0.6
2503200,0.6,0.6
2503500,0.56,0.56
2503800,0.64,0.64
2504100,0.6,0.6
2504400,0.48,0.48
2504700,0.4,0.4
2505000,0.44,0.44
2505300,0.44,0.44
