timestamp,89451
0,0.5517241379310345
300,0.4827586206896552
600,0.5172413793103449
900,0.4482758620689655
1200,0.41379310344827586
1500,0.41379310344827586
1800,0.27586206896551724
2100,0.20689655172413793
2400,0.3103448275862069
2700,0.27586206896551724
3000,0.2413793103448276
3300,0.2413793103448276
3600,0.2413793103448276
3900,0.3793103448275862
4200,0.4482758620689655
4500,0.4827586206896552
4800,0.4827586206896552
5100,0.41379310344827586
5400,0.41379310344827586
5700,0.4482758620689655
6000,0.41379310344827586
6300,0.41379310344827586
6600,0.3793103448275862
6900,0.41379310344827586
7200,0.41379310344827586
7500,0.41379310344827586
7800,0.4827586206896552
8100,0.4827586206896552
8400,0.5862068965517241
8700,0.6206896551724138
9000,0.6551724137931034
9300,0.6551724137931034
9600,0.6206896551724138
9900,0.6206896551724138
10200,0.6551724137931034
10500,0.6551724137931034
10800,0.5862068965517241
11100,0.5862068965517241
11400,0.5172413793103449
11700,0.5172413793103449
12000,0.5517241379310345
12300,0.6206896551724138
12600,0.6896551724137931
12900,0.6551724137931034
13200,0.6896551724137931
13500,0.6551724137931034
13800,0.6551724137931034
14100,0.6551724137931034
14400,0.6551724137931034
14700,0.6551724137931034
15000,0.6206896551724138
15300,0.6551724137931034
15600,0.6551724137931034
15900,0.6206896551724138
16200,0.5517241379310345
16500,0.6206896551724138
16800,0.6206896551724138
17100,0.6206896551724138
17400,0.6551724137931034
17700,0.7241379310344828
18000,0.8620689655172413
18300,0.8620689655172413
18600,0.8620689655172413
18900,0.8275862068965517
19200,0.7931034482758621
19500,0.7241379310344828
19800,0.6896551724137931
20100,0.6551724137931034
20400,0.6206896551724138
20700,0.6206896551724138
21000,0.6551724137931034
21300,0.6551724137931034
21600,0.6206896551724138
21900,0.5862068965517241
22200,0.5862068965517241
22500,0.5862068965517241
22800,0.5862068965517241
23100,0.5517241379310345
23400,0.4827586206896552
23700,0.5172413793103449
24000,0.5172413793103449
24300,0.5172413793103449
24600,0.5517241379310345
24900,0.6206896551724138
25200,0.6206896551724138
25500,0.6896551724137931
25800,0.7241379310344828
26100,0.7586206896551724
26400,0.7931034482758621
26700,0.7586206896551724
27000,0.7586206896551724
27300,0.7586206896551724
27600,0.7586206896551724
27900,0.7586206896551724
28200,0.7931034482758621
28500,0.7586206896551724
28800,0.7586206896551724
29100,0.7931034482758621
29400,0.896551724137931
29700,0.9310344827586207
30000,0.9310344827586207
30300,0.9310344827586207
30600,0.9655172413793104
30900,0.9655172413793104
31200,0.9655172413793104
31500,0.9655172413793104
31800,0.9655172413793104
32100,0.9655172413793104
32400,1.0
32700,1.0
33000,1.0
33300,1.0
33600,1.0
33900,1.0
34200,1.0
34500,0.9655172413793104
34800,0.9655172413793104
35100,0.9310344827586207
35400,0.9310344827586207
35700,0.9310344827586207
36000,0.9310344827586207
36300,0.9310344827586207
36600,0.9310344827586207
36900,0.896551724137931
37200,0.896551724137931
37500,0.896551724137931
37800,0.896551724137931
38100,0.9310344827586207
38400,0.9310344827586207
38700,0.9310344827586207
39000,0.9655172413793104
39300,0.9655172413793104
39600,0.9655172413793104
39900,0.9655172413793104
40200,0.9655172413793104
40500,0.9310344827586207
40800,0.9310344827586207
41100,0.9310344827586207
41400,0.9310344827586207
41700,0.9310344827586207
42000,0.9655172413793104
42300,0.9655172413793104
42600,0.9655172413793104
42900,0.896551724137931
43200,0.8275862068965517
43500,0.7931034482758621
43800,0.7586206896551724
44100,0.7931034482758621
44400,0.7241379310344828
44700,0.7241379310344828
45000,0.7241379310344828
45300,0.7241379310344828
45600,0.7241379310344828
45900,0.7931034482758621
46200,0.7586206896551724
46500,0.8620689655172413
46800,0.8620689655172413
47100,0.8620689655172413
47400,0.8620689655172413
47700,0.8620689655172413
48000,0.896551724137931
48300,0.8620689655172413
48600,0.9310344827586207
48900,0.9310344827586207
49200,0.9310344827586207
49500,0.9310344827586207
49800,0.896551724137931
50100,0.896551724137931
50400,0.9310344827586207
50700,0.9310344827586207
51000,0.9655172413793104
51300,0.9310344827586207
51600,0.9310344827586207
51900,0.896551724137931
52200,0.896551724137931
52500,0.896551724137931
52800,0.896551724137931
53100,0.9655172413793104
53400,0.9655172413793104
53700,0.9655172413793104
54000,1.0
54300,1.0
54600,0.9655172413793104
54900,0.9655172413793104
55200,0.9310344827586207
55500,0.9655172413793104
55800,0.9655172413793104
56100,0.9655172413793104
56400,0.9655172413793104
56700,0.9655172413793104
57000,0.9655172413793104
57300,0.9310344827586207
57600,0.9310344827586207
57900,0.9655172413793104
58200,0.9655172413793104
58500,0.9655172413793104
58800,1.0
59100,1.0
59400,0.9655172413793104
59700,1.0
60000,1.0
60300,0.9655172413793104
60600,0.9655172413793104
60900,0.9655172413793104
61200,0.9655172413793104
61500,1.0
61800,1.0
62100,1.0
62400,1.0
62700,0.9655172413793104
63000,0.9310344827586207
63300,0.9310344827586207
63600,0.896551724137931
63900,0.896551724137931
64200,0.9310344827586207
64500,0.9310344827586207
64800,0.9310344827586207
65100,0.9310344827586207
65400,0.9310344827586207
65700,1.0
66000,1.0
66300,1.0
66600,1.0
66900,1.0
67200,1.0
67500,1.0
67800,1.0
68100,1.0
68400,1.0
68700,1.0
69000,1.0
69300,1.0
69600,1.0
69900,0.9655172413793104
70200,0.9655172413793104
70500,0.9655172413793104
70800,0.9655172413793104
71100,0.9310344827586207
71400,0.896551724137931
71700,0.896551724137931
72000,0.9655172413793104
72300,0.9655172413793104
72600,0.9655172413793104
72900,0.9655172413793104
73200,1.0
73500,1.0
73800,0.9655172413793104
74100,0.9655172413793104
74400,0.9310344827586207
74700,0.896551724137931
75000,0.896551724137931
75300,0.896551724137931
75600,0.896551724137931
75900,0.896551724137931
76200,0.9310344827586207
76500,0.896551724137931
76800,0.896551724137931
77100,0.896551724137931
77400,0.896551724137931
77700,0.9310344827586207
78000,0.9310344827586207
78300,0.9310344827586207
78600,0.8620689655172413
78900,0.8620689655172413
79200,0.8620689655172413
79500,0.8275862068965517
79800,0.8275862068965517
80100,0.8275862068965517
80400,0.7586206896551724
80700,0.8275862068965517
81000,0.8275862068965517
81300,0.8275862068965517
81600,0.8275862068965517
81900,0.8275862068965517
82200,0.896551724137931
82500,0.896551724137931
82800,0.896551724137931
83100,0.896551724137931
83400,0.8620689655172413
83700,0.8275862068965517
84000,0.8620689655172413
84300,0.8620689655172413
84600,0.7931034482758621
84900,0.7931034482758621
85200,0.7931034482758621
85500,0.7241379310344828
85800,0.6896551724137931
86100,0.6551724137931034
86400,0.6551724137931034
86700,0.6206896551724138
87000,0.5517241379310345
87300,0.4827586206896552
87600,0.5172413793103449
87900,0.5517241379310345
88200,0.4827586206896552
88500,0.4482758620689655
88800,0.4827586206896552
89100,0.3793103448275862
89400,0.3793103448275862
89700,0.3448275862068966
90000,0.3793103448275862
90300,0.4482758620689655
90600,0.41379310344827586
90900,0.41379310344827586
91200,0.27586206896551724
91500,0.2413793103448276
91800,0.2413793103448276
92100,0.3103448275862069
92400,0.27586206896551724
92700,0.27586206896551724
93000,0.3103448275862069
93300,0.2413793103448276
93600,0.27586206896551724
93900,0.27586206896551724
94200,0.3448275862068966
94500,0.3103448275862069
94800,0.27586206896551724
95100,0.3103448275862069
95400,0.3448275862068966
95700,0.27586206896551724
96000,0.27586206896551724
96300,0.3448275862068966
96600,0.3103448275862069
96900,0.3103448275862069
97200,0.3448275862068966
97500,0.41379310344827586
97800,0.41379310344827586
98100,0.5172413793103449
98400,0.5862068965517241
98700,0.5172413793103449
99000,0.5862068965517241
99300,0.6206896551724138
99600,0.4827586206896552
99900,0.5172413793103449
100200,0.5517241379310345
100500,0.5517241379310345
100800,0.6206896551724138
101100,0.6206896551724138
101400,0.6551724137931034
101700,0.6551724137931034
102000,0.6551724137931034
102300,0.6896551724137931
102600,0.6896551724137931
102900,0.7241379310344828
103200,0.7241379310344828
103500,0.7241379310344828
103800,0.7241379310344828
104100,0.7586206896551724
104400,0.7586206896551724
104700,0.7931034482758621
105000,0.7241379310344828
105300,0.6896551724137931
105600,0.6551724137931034
105900,0.6551724137931034
106200,0.6551724137931034
106500,0.6206896551724138
106800,0.6206896551724138
107100,0.6551724137931034
107400,0.6551724137931034
107700,0.6896551724137931
108000,0.7241379310344828
108300,0.7241379310344828
108600,0.7586206896551724
108900,0.6896551724137931
109200,0.6896551724137931
109500,0.6206896551724138
109800,0.6206896551724138
110100,0.6206896551724138
110400,0.6551724137931034
110700,0.6896551724137931
111000,0.6551724137931034
111300,0.6551724137931034
111600,0.6896551724137931
111900,0.6551724137931034
112200,0.6896551724137931
112500,0.6551724137931034
112800,0.6896551724137931
113100,0.6206896551724138
113400,0.6206896551724138
113700,0.6206896551724138
114000,0.6551724137931034
114300,0.6551724137931034
114600,0.6896551724137931
114900,0.6551724137931034
115200,0.7241379310344828
115500,0.7586206896551724
115800,0.7931034482758621
116100,0.8275862068965517
116400,0.8275862068965517
116700,0.9310344827586207
117000,0.8620689655172413
117300,0.8620689655172413
117600,0.896551724137931
117900,0.896551724137931
118200,0.896551724137931
118500,0.8620689655172413
118800,0.8620689655172413
119100,0.8620689655172413
119400,0.8620689655172413
119700,0.8620689655172413
120000,0.8620689655172413
120300,0.8620689655172413
120600,0.896551724137931
120900,0.896551724137931
121200,0.9310344827586207
121500,0.9310344827586207
121800,0.9310344827586207
122100,0.9310344827586207
122400,0.9310344827586207
122700,0.9310344827586207
123000,0.9310344827586207
123300,0.9310344827586207
123600,0.9310344827586207
123900,0.9310344827586207
124200,0.9310344827586207
124500,0.9310344827586207
124800,0.9310344827586207
125100,0.9310344827586207
125400,0.9310344827586207
125700,0.9310344827586207
126000,0.9310344827586207
126300,0.9310344827586207
126600,0.896551724137931
126900,0.896551724137931
127200,0.896551724137931
127500,0.896551724137931
127800,0.896551724137931
128100,0.9310344827586207
128400,0.896551724137931
128700,0.896551724137931
129000,0.896551724137931
129300,0.9310344827586207
129600,0.9310344827586207
129900,0.9310344827586207
130200,0.8620689655172413
130500,0.8620689655172413
130800,0.8620689655172413
131100,0.8620689655172413
131400,0.8620689655172413
131700,0.8620689655172413
132000,0.7931034482758621
132300,0.7931034482758621
132600,0.7586206896551724
132900,0.7586206896551724
133200,0.7931034482758621
133500,0.7931034482758621
133800,0.7586206896551724
134100,0.7241379310344828
134400,0.7241379310344828
134700,0.7241379310344828
135000,0.6551724137931034
135300,0.6896551724137931
135600,0.7241379310344828
135900,0.7241379310344828
136200,0.7241379310344828
136500,0.7586206896551724
136800,0.7241379310344828
137100,0.7241379310344828
137400,0.6896551724137931
137700,0.6896551724137931
138000,0.6896551724137931
138300,0.6896551724137931
138600,0.7586206896551724
138900,0.7931034482758621
139200,0.7931034482758621
139500,0.8275862068965517
139800,0.8620689655172413
140100,0.8620689655172413
140400,0.8620689655172413
140700,0.9655172413793104
141000,0.9655172413793104
141300,0.9655172413793104
141600,0.9655172413793104
141900,0.9655172413793104
142200,0.9655172413793104
142500,0.9655172413793104
142800,0.9655172413793104
143100,0.9655172413793104
143400,0.9310344827586207
143700,0.9310344827586207
144000,0.9310344827586207
144300,0.9310344827586207
144600,0.896551724137931
144900,0.896551724137931
145200,0.896551724137931
145500,0.896551724137931
145800,0.896551724137931
146100,0.896551724137931
146400,0.9655172413793104
146700,0.9655172413793104
147000,0.9655172413793104
147300,0.9310344827586207
147600,0.9310344827586207
147900,0.9310344827586207
148200,0.9310344827586207
148500,0.9310344827586207
148800,0.9310344827586207
149100,0.9310344827586207
149400,0.9310344827586207
149700,0.9310344827586207
150000,0.9310344827586207
150300,0.9310344827586207
150600,0.9310344827586207
150900,0.896551724137931
151200,0.896551724137931
151500,0.896551724137931
151800,0.9310344827586207
152100,0.9310344827586207
152400,0.9310344827586207
152700,0.9310344827586207
153000,0.9655172413793104
153300,0.9310344827586207
153600,0.9310344827586207
153900,0.9310344827586207
154200,0.9310344827586207
154500,0.896551724137931
154800,0.896551724137931
155100,0.8620689655172413
155400,0.8620689655172413
155700,0.8620689655172413
156000,0.896551724137931
156300,0.896551724137931
156600,0.8275862068965517
156900,0.7931034482758621
157200,0.7931034482758621
157500,0.7931034482758621
157800,0.8275862068965517
158100,0.8620689655172413
158400,0.7931034482758621
158700,0.7586206896551724
159000,0.7931034482758621
159300,0.7931034482758621
159600,0.8620689655172413
159900,0.8275862068965517
160200,0.8275862068965517
160500,0.8620689655172413
160800,0.8620689655172413
161100,0.896551724137931
161400,0.896551724137931
161700,0.896551724137931
162000,0.896551724137931
162300,0.896551724137931
162600,0.896551724137931
162900,0.896551724137931
163200,0.896551724137931
163500,0.896551724137931
163800,0.896551724137931
164100,0.896551724137931
164400,0.896551724137931
164700,0.896551724137931
165000,0.9310344827586207
165300,0.896551724137931
165600,0.896551724137931
165900,0.896551724137931
166200,0.8620689655172413
166500,0.8275862068965517
166800,0.8275862068965517
167100,0.8275862068965517
167400,0.8275862068965517
167700,0.896551724137931
168000,0.896551724137931
168300,0.8620689655172413
168600,0.8620689655172413
168900,0.8620689655172413
169200,0.896551724137931
169500,0.8275862068965517
169800,0.7931034482758621
170100,0.7931034482758621
170400,0.6896551724137931
170700,0.5862068965517241
171000,0.5517241379310345
171300,0.5172413793103449
171600,0.4827586206896552
171900,0.5862068965517241
172200,0.6551724137931034
172500,0.6206896551724138
172800,0.6206896551724138
173100,0.5862068965517241
173400,0.41379310344827586
173700,0.3448275862068966
174000,0.3793103448275862
174300,0.3793103448275862
174600,0.3448275862068966
174900,0.3103448275862069
175200,0.3103448275862069
175500,0.1724137931034483
175800,0.2413793103448276
176100,0.20689655172413793
176400,0.2413793103448276
176700,0.3103448275862069
177000,0.2413793103448276
177300,0.2413793103448276
177600,0.2413793103448276
177900,0.20689655172413793
178200,0.2413793103448276
178500,0.3103448275862069
178800,0.3793103448275862
179100,0.3793103448275862
179400,0.3793103448275862
179700,0.3448275862068966
180000,0.3793103448275862
180300,0.3793103448275862
180600,0.41379310344827586
180900,0.4827586206896552
181200,0.4827586206896552
181500,0.5172413793103449
181800,0.5517241379310345
182100,0.6206896551724138
182400,0.6896551724137931
182700,0.6551724137931034
183000,0.6551724137931034
183300,0.6206896551724138
183600,0.6206896551724138
183900,0.6551724137931034
184200,0.6896551724137931
184500,0.6896551724137931
184800,0.6896551724137931
185100,0.7241379310344828
185400,0.7241379310344828
185700,0.6551724137931034
186000,0.5862068965517241
186300,0.6206896551724138
186600,0.6551724137931034
186900,0.6206896551724138
187200,0.6551724137931034
187500,0.6896551724137931
187800,0.5862068965517241
188100,0.5517241379310345
188400,0.5517241379310345
188700,0.5517241379310345
189000,0.6896551724137931
189300,0.6896551724137931
189600,0.6551724137931034
189900,0.6206896551724138
190200,0.6206896551724138
190500,0.6206896551724138
190800,0.5517241379310345
191100,0.5517241379310345
191400,0.5517241379310345
191700,0.4827586206896552
192000,0.4827586206896552
192300,0.5172413793103449
192600,0.5517241379310345
192900,0.5517241379310345
193200,0.5862068965517241
193500,0.6206896551724138
193800,0.7241379310344828
194100,0.6896551724137931
194400,0.6551724137931034
194700,0.6206896551724138
195000,0.6206896551724138
195300,0.5862068965517241
195600,0.5517241379310345
195900,0.6206896551724138
196200,0.5172413793103449
196500,0.4827586206896552
196800,0.4827586206896552
197100,0.4827586206896552
197400,0.5517241379310345
197700,0.5172413793103449
198000,0.5517241379310345
198300,0.5517241379310345
198600,0.6206896551724138
198900,0.6206896551724138
199200,0.6206896551724138
199500,0.6206896551724138
199800,0.6551724137931034
200100,0.6551724137931034
200400,0.6896551724137931
200700,0.6896551724137931
201000,0.7586206896551724
201300,0.7586206896551724
201600,0.7586206896551724
201900,0.7586206896551724
202200,0.7931034482758621
202500,0.8275862068965517
202800,0.8275862068965517
203100,0.7931034482758621
203400,0.7931034482758621
203700,0.7931034482758621
204000,0.8620689655172413
204300,0.8275862068965517
204600,0.8275862068965517
204900,0.8275862068965517
205200,0.8275862068965517
205500,0.7931034482758621
205800,0.7931034482758621
206100,0.8620689655172413
206400,0.8275862068965517
206700,0.8620689655172413
207000,0.8275862068965517
207300,0.8275862068965517
207600,0.8275862068965517
207900,0.8275862068965517
208200,0.8275862068965517
208500,0.8275862068965517
208800,0.896551724137931
209100,0.8275862068965517
209400,0.8275862068965517
209700,0.7931034482758621
210000,0.7931034482758621
210300,0.7931034482758621
210600,0.7586206896551724
210900,0.6896551724137931
211200,0.7586206896551724
211500,0.7241379310344828
211800,0.7586206896551724
212100,0.7586206896551724
212400,0.7931034482758621
212700,0.7931034482758621
213000,0.8275862068965517
213300,0.8275862068965517
213600,0.8620689655172413
213900,0.8620689655172413
214200,0.8620689655172413
214500,0.8620689655172413
214800,0.8620689655172413
215100,0.8620689655172413
215400,0.8275862068965517
215700,0.8275862068965517
216000,0.8275862068965517
216300,0.8275862068965517
216600,0.7586206896551724
216900,0.7586206896551724
217200,0.7586206896551724
217500,0.7586206896551724
217800,0.7586206896551724
218100,0.7241379310344828
218400,0.7241379310344828
218700,0.7241379310344828
219000,0.7241379310344828
219300,0.6896551724137931
219600,0.6551724137931034
219900,0.6896551724137931
220200,0.6896551724137931
220500,0.7241379310344828
220800,0.7241379310344828
221100,0.6551724137931034
221400,0.6551724137931034
221700,0.6896551724137931
222000,0.6551724137931034
222300,0.6551724137931034
222600,0.6551724137931034
222900,0.6551724137931034
223200,0.7586206896551724
223500,0.7586206896551724
223800,0.7931034482758621
224100,0.7931034482758621
224400,0.7931034482758621
224700,0.7931034482758621
225000,0.7931034482758621
225300,0.7931034482758621
225600,0.8275862068965517
225900,0.8275862068965517
226200,0.8275862068965517
226500,0.8620689655172413
226800,0.8620689655172413
227100,0.8620689655172413
227400,0.8620689655172413
227700,0.8620689655172413
228000,0.896551724137931
228300,0.896551724137931
228600,0.896551724137931
228900,0.896551724137931
229200,0.896551724137931
229500,0.8620689655172413
229800,0.8620689655172413
230100,0.8620689655172413
230400,0.8620689655172413
230700,0.8620689655172413
231000,0.8620689655172413
231300,0.8620689655172413
231600,0.8620689655172413
231900,0.8275862068965517
232200,0.8620689655172413
232500,0.8620689655172413
232800,0.8620689655172413
233100,0.8620689655172413
233400,0.8620689655172413
233700,0.8620689655172413
234000,0.8620689655172413
234300,0.896551724137931
234600,0.896551724137931
234900,0.896551724137931
235200,0.896551724137931
235500,0.896551724137931
235800,0.8275862068965517
236100,0.8275862068965517
236400,0.8275862068965517
236700,0.8275862068965517
237000,0.8275862068965517
237300,0.8275862068965517
237600,0.8275862068965517
237900,0.8620689655172413
238200,0.8620689655172413
238500,0.8620689655172413
238800,0.8275862068965517
239100,0.8275862068965517
239400,0.8620689655172413
239700,0.8620689655172413
240000,0.8620689655172413
240300,0.8620689655172413
240600,0.8620689655172413
240900,0.8620689655172413
241200,0.8620689655172413
241500,0.8620689655172413
241800,0.8620689655172413
242100,0.8275862068965517
242400,0.8275862068965517
242700,0.7931034482758621
243000,0.8275862068965517
243300,0.7931034482758621
243600,0.7586206896551724
243900,0.7241379310344828
244200,0.7241379310344828
244500,0.7931034482758621
244800,0.7586206896551724
245100,0.7586206896551724
245400,0.7241379310344828
245700,0.6551724137931034
246000,0.6206896551724138
246300,0.6551724137931034
246600,0.6896551724137931
246900,0.6896551724137931
247200,0.6896551724137931
247500,0.7241379310344828
247800,0.7241379310344828
248100,0.7931034482758621
248400,0.7931034482758621
248700,0.7586206896551724
249000,0.7931034482758621
249300,0.7586206896551724
249600,0.8275862068965517
249900,0.7586206896551724
250200,0.7931034482758621
250500,0.7241379310344828
250800,0.7586206896551724
251100,0.7241379310344828
251400,0.7241379310344828
251700,0.6896551724137931
252000,0.6551724137931034
252300,0.6551724137931034
252600,0.5862068965517241
252900,0.5517241379310345
253200,0.5862068965517241
253500,0.6206896551724138
253800,0.5517241379310345
254100,0.5517241379310345
254400,0.5517241379310345
254700,0.6896551724137931
255000,0.6551724137931034
255300,0.6551724137931034
255600,0.6551724137931034
255900,0.6896551724137931
256200,0.7586206896551724
256500,0.7586206896551724
256800,0.7241379310344828
257100,0.7586206896551724
257400,0.7586206896551724
257700,0.7586206896551724
258000,0.7241379310344828
258300,0.7241379310344828
258600,0.7586206896551724
258900,0.7241379310344828
259200,0.6896551724137931
259500,0.5862068965517241
259800,0.4482758620689655
260100,0.4482758620689655
260400,0.3793103448275862
260700,0.27586206896551724
261000,0.13793103448275862
261300,0.10344827586206896
261600,0.06896551724137931
261900,0.06896551724137931
262200,0.06896551724137931
262500,0.06896551724137931
262800,0.06896551724137931
263100,0.13793103448275862
263400,0.1724137931034483
263700,0.27586206896551724
264000,0.3103448275862069
264300,0.3793103448275862
264600,0.3793103448275862
264900,0.3448275862068966
265200,0.4482758620689655
265500,0.41379310344827586
265800,0.3793103448275862
266100,0.5172413793103449
266400,0.4827586206896552
266700,0.5172413793103449
267000,0.4482758620689655
267300,0.5172413793103449
267600,0.5172413793103449
267900,0.5517241379310345
268200,0.5172413793103449
268500,0.5517241379310345
268800,0.6206896551724138
269100,0.5862068965517241
269400,0.6206896551724138
269700,0.6206896551724138
270000,0.6206896551724138
270300,0.5862068965517241
270600,0.5172413793103449
270900,0.5172413793103449
271200,0.6206896551724138
271500,0.5862068965517241
271800,0.5862068965517241
272100,0.6206896551724138
272400,0.6206896551724138
272700,0.6206896551724138
273000,0.6206896551724138
273300,0.6206896551724138
273600,0.6551724137931034
273900,0.6896551724137931
274200,0.6551724137931034
274500,0.6551724137931034
274800,0.6551724137931034
275100,0.6896551724137931
275400,0.7241379310344828
275700,0.6896551724137931
276000,0.6206896551724138
276300,0.6551724137931034
276600,0.6206896551724138
276900,0.6551724137931034
277200,0.6551724137931034
277500,0.6551724137931034
277800,0.7241379310344828
278100,0.6896551724137931
278400,0.6896551724137931
278700,0.6551724137931034
279000,0.5517241379310345
279300,0.5517241379310345
279600,0.4482758620689655
279900,0.4482758620689655
280200,0.4827586206896552
280500,0.4482758620689655
280800,0.4482758620689655
281100,0.5172413793103449
281400,0.5172413793103449
281700,0.4827586206896552
282000,0.4482758620689655
282300,0.41379310344827586
282600,0.3793103448275862
282900,0.41379310344827586
283200,0.4482758620689655
283500,0.5862068965517241
283800,0.5862068965517241
284100,0.5862068965517241
284400,0.6206896551724138
284700,0.7241379310344828
285000,0.6896551724137931
285300,0.6896551724137931
285600,0.6551724137931034
285900,0.5862068965517241
286200,0.6206896551724138
286500,0.6206896551724138
286800,0.6551724137931034
287100,0.6206896551724138
287400,0.6206896551724138
287700,0.6206896551724138
288000,0.6206896551724138
288300,0.7931034482758621
288600,0.7586206896551724
288900,0.7586206896551724
289200,0.8275862068965517
289500,0.7931034482758621
289800,0.7586206896551724
290100,0.7586206896551724
290400,0.7586206896551724
290700,0.7586206896551724
291000,0.7586206896551724
291300,0.7586206896551724
291600,0.7586206896551724
291900,0.7931034482758621
292200,0.7931034482758621
292500,0.7931034482758621
292800,0.7931034482758621
293100,0.7931034482758621
293400,0.7931034482758621
293700,0.7586206896551724
294000,0.7586206896551724
294300,0.7586206896551724
294600,0.7586206896551724
294900,0.8620689655172413
295200,0.8620689655172413
295500,0.8620689655172413
295800,0.8620689655172413
296100,0.8620689655172413
296400,0.896551724137931
296700,0.896551724137931
297000,0.896551724137931
297300,0.896551724137931
297600,0.896551724137931
297900,0.896551724137931
298200,0.896551724137931
298500,0.896551724137931
298800,0.896551724137931
299100,0.896551724137931
299400,0.896551724137931
299700,0.896551724137931
300000,0.896551724137931
300300,0.896551724137931
300600,0.896551724137931
300900,0.896551724137931
301200,0.8620689655172413
301500,0.8620689655172413
301800,0.8620689655172413
302100,0.896551724137931
302400,0.896551724137931
302700,0.896551724137931
303000,0.8620689655172413
303300,0.8620689655172413
303600,0.8275862068965517
303900,0.7931034482758621
304200,0.7931034482758621
304500,0.7931034482758621
304800,0.7586206896551724
305100,0.7586206896551724
305400,0.7241379310344828
305700,0.7241379310344828
306000,0.6896551724137931
306300,0.6896551724137931
306600,0.6896551724137931
306900,0.6551724137931034
307200,0.6896551724137931
307500,0.6896551724137931
307800,0.6896551724137931
308100,0.6551724137931034
308400,0.6206896551724138
308700,0.5862068965517241
309000,0.5862068965517241
309300,0.6896551724137931
309600,0.7586206896551724
309900,0.7586206896551724
310200,0.8275862068965517
310500,0.8620689655172413
310800,0.8620689655172413
311100,0.8620689655172413
311400,0.8620689655172413
311700,0.8620689655172413
312000,0.8620689655172413
312300,0.896551724137931
312600,0.8620689655172413
312900,0.8620689655172413
313200,0.8620689655172413
313500,0.8620689655172413
313800,0.8620689655172413
314100,0.8620689655172413
314400,0.8620689655172413
314700,0.8620689655172413
315000,0.8620689655172413
315300,0.8620689655172413
315600,0.8620689655172413
315900,0.8620689655172413
316200,0.8620689655172413
316500,0.9310344827586207
316800,0.9310344827586207
317100,0.896551724137931
317400,0.896551724137931
317700,0.8620689655172413
318000,0.8620689655172413
318300,0.8620689655172413
318600,0.8620689655172413
318900,0.8620689655172413
319200,0.9310344827586207
319500,0.9310344827586207
319800,0.9310344827586207
320100,0.9310344827586207
320400,0.896551724137931
320700,0.896551724137931
321000,0.896551724137931
321300,0.896551724137931
321600,0.9655172413793104
321900,0.9655172413793104
322200,0.9310344827586207
322500,0.9310344827586207
322800,0.9655172413793104
323100,0.9655172413793104
323400,0.9655172413793104
323700,0.9655172413793104
324000,0.9655172413793104
324300,0.9655172413793104
324600,0.9655172413793104
324900,0.9655172413793104
325200,0.9655172413793104
325500,0.9655172413793104
325800,0.9655172413793104
326100,0.9655172413793104
326400,0.896551724137931
326700,0.896551724137931
327000,0.896551724137931
327300,0.896551724137931
327600,0.896551724137931
327900,0.896551724137931
328200,0.9310344827586207
328500,0.9310344827586207
328800,0.9310344827586207
329100,0.9310344827586207
329400,0.9310344827586207
329700,0.9310344827586207
330000,0.9310344827586207
330300,0.9310344827586207
330600,0.8620689655172413
330900,0.8620689655172413
331200,0.7931034482758621
331500,0.7931034482758621
331800,0.8275862068965517
332100,0.8275862068965517
332400,0.7931034482758621
332700,0.8620689655172413
333000,0.8620689655172413
333300,0.8620689655172413
333600,0.7931034482758621
333900,0.8275862068965517
334200,0.8275862068965517
334500,0.8275862068965517
334800,0.8620689655172413
335100,0.8620689655172413
335400,0.8620689655172413
335700,0.896551724137931
336000,0.896551724137931
336300,0.8275862068965517
336600,0.8275862068965517
336900,0.8620689655172413
337200,0.8620689655172413
337500,0.7931034482758621
337800,0.7931034482758621
338100,0.7586206896551724
338400,0.7586206896551724
338700,0.7241379310344828
339000,0.7241379310344828
339300,0.7931034482758621
339600,0.7931034482758621
339900,0.7586206896551724
340200,0.7241379310344828
340500,0.7931034482758621
340800,0.7586206896551724
341100,0.7241379310344828
341400,0.7241379310344828
341700,0.7241379310344828
342000,0.7241379310344828
342300,0.6896551724137931
342600,0.7586206896551724
342900,0.7241379310344828
343200,0.7931034482758621
343500,0.7931034482758621
343800,0.7931034482758621
344100,0.8275862068965517
344400,0.8275862068965517
344700,0.8620689655172413
345000,0.7931034482758621
345300,0.6551724137931034
345600,0.6206896551724138
345900,0.5172413793103449
346200,0.41379310344827586
346500,0.3793103448275862
346800,0.2413793103448276
347100,0.2413793103448276
347400,0.20689655172413793
347700,0.3103448275862069
348000,0.3103448275862069
348300,0.3103448275862069
348600,0.3103448275862069
348900,0.3793103448275862
349200,0.3103448275862069
349500,0.3793103448275862
349800,0.3448275862068966
350100,0.3103448275862069
350400,0.3448275862068966
350700,0.27586206896551724
351000,0.3448275862068966
351300,0.4482758620689655
351600,0.4482758620689655
351900,0.4827586206896552
352200,0.5517241379310345
352500,0.6551724137931034
352800,0.6206896551724138
353100,0.6206896551724138
353400,0.6206896551724138
353700,0.5862068965517241
354000,0.6206896551724138
354300,0.6206896551724138
354600,0.6206896551724138
354900,0.5862068965517241
355200,0.5862068965517241
355500,0.5862068965517241
355800,0.6206896551724138
356100,0.6206896551724138
356400,0.6551724137931034
356700,0.7931034482758621
357000,0.7931034482758621
357300,0.8275862068965517
357600,0.8275862068965517
357900,0.8275862068965517
358200,0.8275862068965517
358500,0.8275862068965517
358800,0.6896551724137931
359100,0.6551724137931034
359400,0.6206896551724138
359700,0.5862068965517241
360000,0.4827586206896552
360300,0.5862068965517241
360600,0.5862068965517241
360900,0.6206896551724138
361200,0.6206896551724138
361500,0.6206896551724138
361800,0.6206896551724138
362100,0.6206896551724138
362400,0.6551724137931034
362700,0.6551724137931034
363000,0.7241379310344828
363300,0.7241379310344828
363600,0.7241379310344828
363900,0.6896551724137931
364200,0.6896551724137931
364500,0.6551724137931034
364800,0.6896551724137931
365100,0.6551724137931034
365400,0.6206896551724138
365700,0.6206896551724138
366000,0.6896551724137931
366300,0.6206896551724138
366600,0.6206896551724138
366900,0.6551724137931034
367200,0.5862068965517241
367500,0.5862068965517241
367800,0.5517241379310345
368100,0.5862068965517241
368400,0.5862068965517241
368700,0.5517241379310345
369000,0.5172413793103449
369300,0.4827586206896552
369600,0.4482758620689655
369900,0.4827586206896552
370200,0.5862068965517241
370500,0.5862068965517241
370800,0.5862068965517241
371100,0.6551724137931034
371400,0.6896551724137931
371700,0.6551724137931034
372000,0.6551724137931034
372300,0.6896551724137931
372600,0.6551724137931034
372900,0.6551724137931034
373200,0.6896551724137931
373500,0.7241379310344828
373800,0.7241379310344828
374100,0.7931034482758621
374400,0.7931034482758621
374700,0.8275862068965517
375000,0.8620689655172413
375300,0.8620689655172413
375600,0.7931034482758621
375900,0.7931034482758621
376200,0.7931034482758621
376500,0.8275862068965517
376800,0.8275862068965517
377100,0.8275862068965517
377400,0.8620689655172413
377700,0.8620689655172413
378000,0.8620689655172413
378300,0.8620689655172413
378600,0.8620689655172413
378900,0.8620689655172413
379200,0.8620689655172413
379500,0.8620689655172413
379800,0.8620689655172413
380100,0.8620689655172413
380400,0.8620689655172413
380700,0.8620689655172413
381000,0.8620689655172413
381300,0.8620689655172413
381600,0.8620689655172413
381900,0.8620689655172413
382200,0.8620689655172413
382500,0.8275862068965517
382800,0.8275862068965517
383100,0.8275862068965517
383400,0.8275862068965517
383700,0.8275862068965517
384000,0.7931034482758621
384300,0.7931034482758621
384600,0.7931034482758621
384900,0.7931034482758621
385200,0.8620689655172413
385500,0.8620689655172413
385800,0.8620689655172413
386100,0.8620689655172413
386400,0.8620689655172413
386700,0.8275862068965517
387000,0.8275862068965517
387300,0.8620689655172413
387600,0.8275862068965517
387900,0.7586206896551724
388200,0.7586206896551724
388500,0.7586206896551724
388800,0.7586206896551724
389100,0.7586206896551724
389400,0.7586206896551724
389700,0.7241379310344828
390000,0.6896551724137931
390300,0.6896551724137931
390600,0.6896551724137931
390900,0.6551724137931034
391200,0.6551724137931034
391500,0.6551724137931034
391800,0.6206896551724138
392100,0.6551724137931034
392400,0.6551724137931034
392700,0.6896551724137931
393000,0.6896551724137931
393300,0.6896551724137931
393600,0.7241379310344828
393900,0.7241379310344828
394200,0.7586206896551724
394500,0.7586206896551724
394800,0.7931034482758621
395100,0.7931034482758621
395400,0.7931034482758621
395700,0.7931034482758621
396000,0.8275862068965517
396300,0.8275862068965517
396600,0.8620689655172413
396900,0.8620689655172413
397200,0.8620689655172413
397500,0.8620689655172413
397800,0.896551724137931
398100,0.896551724137931
398400,0.8620689655172413
398700,0.8620689655172413
399000,0.8620689655172413
399300,0.8620689655172413
399600,0.8620689655172413
399900,0.896551724137931
400200,0.896551724137931
400500,0.896551724137931
400800,0.896551724137931
401100,0.9310344827586207
401400,0.896551724137931
401700,0.896551724137931
402000,0.8620689655172413
402300,0.8620689655172413
402600,0.8620689655172413
402900,0.8620689655172413
403200,0.8620689655172413
403500,0.896551724137931
403800,0.896551724137931
404100,0.896551724137931
404400,0.9655172413793104
404700,0.9655172413793104
405000,0.9655172413793104
405300,0.9655172413793104
405600,0.9655172413793104
405900,0.9655172413793104
406200,0.9655172413793104
406500,0.9655172413793104
406800,0.9310344827586207
407100,0.9310344827586207
407400,0.9310344827586207
407700,0.9310344827586207
408000,0.9310344827586207
408300,0.9310344827586207
408600,0.9655172413793104
408900,0.9655172413793104
409200,0.9655172413793104
409500,0.9655172413793104
409800,0.9655172413793104
410100,0.9655172413793104
410400,0.9655172413793104
410700,0.9655172413793104
411000,0.9655172413793104
411300,0.9655172413793104
411600,0.9655172413793104
411900,0.9655172413793104
412200,0.9655172413793104
412500,0.9655172413793104
412800,0.9655172413793104
413100,0.9655172413793104
413400,0.9310344827586207
413700,0.9310344827586207
414000,0.9655172413793104
414300,0.9655172413793104
414600,0.9655172413793104
414900,0.9655172413793104
415200,0.9655172413793104
415500,0.9655172413793104
415800,0.9655172413793104
416100,0.9655172413793104
416400,0.9655172413793104
416700,0.9655172413793104
417000,0.9655172413793104
417300,0.9655172413793104
417600,0.9655172413793104
417900,0.9655172413793104
418200,0.8620689655172413
418500,0.8275862068965517
418800,0.7931034482758621
419100,0.7586206896551724
419400,0.7241379310344828
419700,0.6896551724137931
420000,0.6551724137931034
420300,0.6206896551724138
420600,0.5517241379310345
420900,0.6206896551724138
421200,0.7586206896551724
421500,0.7931034482758621
421800,0.8275862068965517
422100,0.7931034482758621
422400,0.7931034482758621
422700,0.7931034482758621
423000,0.7586206896551724
423300,0.7241379310344828
423600,0.7586206896551724
423900,0.7931034482758621
424200,0.7241379310344828
424500,0.7241379310344828
424800,0.7586206896551724
425100,0.7241379310344828
425400,0.7931034482758621
425700,0.8275862068965517
426000,0.7931034482758621
426300,0.7931034482758621
426600,0.8275862068965517
426900,0.8620689655172413
427200,0.8275862068965517
427500,0.896551724137931
427800,0.896551724137931
428100,0.8620689655172413
428400,0.8620689655172413
428700,0.9310344827586207
429000,0.8275862068965517
429300,0.8275862068965517
429600,0.8275862068965517
429900,0.7931034482758621
430200,0.7586206896551724
430500,0.7931034482758621
430800,0.8275862068965517
431100,0.7931034482758621
431400,0.6551724137931034
431700,0.5862068965517241
432000,0.5172413793103449
432300,0.3448275862068966
432600,0.3103448275862069
432900,0.27586206896551724
433200,0.27586206896551724
433500,0.20689655172413793
433800,0.20689655172413793
434100,0.1724137931034483
434400,0.20689655172413793
434700,0.20689655172413793
435000,0.27586206896551724
435300,0.3103448275862069
435600,0.3448275862068966
435900,0.27586206896551724
436200,0.2413793103448276
436500,0.27586206896551724
436800,0.20689655172413793
437100,0.27586206896551724
437400,0.27586206896551724
437700,0.20689655172413793
438000,0.13793103448275862
438300,0.06896551724137931
438600,0.06896551724137931
438900,0.13793103448275862
439200,0.13793103448275862
439500,0.20689655172413793
439800,0.3103448275862069
440100,0.41379310344827586
440400,0.5172413793103449
440700,0.5172413793103449
441000,0.5517241379310345
441300,0.6551724137931034
441600,0.6206896551724138
441900,0.5862068965517241
442200,0.6206896551724138
442500,0.5862068965517241
442800,0.5862068965517241
443100,0.6206896551724138
443400,0.6206896551724138
443700,0.6551724137931034
444000,0.6551724137931034
444300,0.7241379310344828
444600,0.6896551724137931
444900,0.6206896551724138
445200,0.6206896551724138
445500,0.6206896551724138
445800,0.5862068965517241
446100,0.5862068965517241
446400,0.5172413793103449
446700,0.4827586206896552
447000,0.4827586206896552
447300,0.4482758620689655
447600,0.5172413793103449
447900,0.5172413793103449
448200,0.4482758620689655
448500,0.4827586206896552
448800,0.4827586206896552
449100,0.41379310344827586
449400,0.3793103448275862
449700,0.4482758620689655
450000,0.4482758620689655
450300,0.4482758620689655
450600,0.4827586206896552
450900,0.4827586206896552
451200,0.5517241379310345
451500,0.5172413793103449
451800,0.4827586206896552
452100,0.4827586206896552
452400,0.5517241379310345
452700,0.6206896551724138
453000,0.5862068965517241
453300,0.5862068965517241
453600,0.5862068965517241
453900,0.6551724137931034
454200,0.5862068965517241
454500,0.5517241379310345
454800,0.5172413793103449
455100,0.4482758620689655
455400,0.3793103448275862
455700,0.3793103448275862
456000,0.41379310344827586
456300,0.4482758620689655
456600,0.5172413793103449
456900,0.4827586206896552
457200,0.4827586206896552
457500,0.5517241379310345
457800,0.6551724137931034
458100,0.6551724137931034
458400,0.6896551724137931
458700,0.6896551724137931
459000,0.7241379310344828
459300,0.6896551724137931
459600,0.6896551724137931
459900,0.7931034482758621
460200,0.7931034482758621
460500,0.7931034482758621
460800,0.7931034482758621
461100,0.7586206896551724
461400,0.7931034482758621
461700,0.7931034482758621
462000,0.8275862068965517
462300,0.8620689655172413
462600,0.8275862068965517
462900,0.8275862068965517
463200,0.7931034482758621
463500,0.7931034482758621
463800,0.7931034482758621
464100,0.7931034482758621
464400,0.7931034482758621
464700,0.8275862068965517
465000,0.896551724137931
465300,0.896551724137931
465600,0.896551724137931
465900,0.896551724137931
466200,0.896551724137931
466500,0.896551724137931
466800,0.896551724137931
467100,0.8620689655172413
467400,0.7931034482758621
467700,0.7931034482758621
468000,0.7586206896551724
468300,0.7586206896551724
468600,0.7586206896551724
468900,0.7586206896551724
469200,0.7586206896551724
469500,0.7931034482758621
469800,0.8275862068965517
470100,0.7931034482758621
470400,0.7931034482758621
470700,0.8275862068965517
471000,0.8275862068965517
471300,0.8275862068965517
471600,0.8620689655172413
471900,0.8620689655172413
472200,0.7931034482758621
472500,0.8620689655172413
472800,0.8275862068965517
473100,0.8275862068965517
473400,0.8275862068965517
473700,0.8275862068965517
474000,0.8275862068965517
474300,0.8275862068965517
474600,0.8275862068965517
474900,0.8275862068965517
475200,0.7931034482758621
475500,0.7586206896551724
475800,0.7241379310344828
476100,0.6551724137931034
476400,0.6206896551724138
476700,0.6206896551724138
477000,0.4827586206896552
477300,0.4482758620689655
477600,0.4827586206896552
477900,0.5172413793103449
478200,0.4827586206896552
478500,0.41379310344827586
478800,0.4827586206896552
479100,0.5172413793103449
479400,0.5517241379310345
479700,0.6551724137931034
480000,0.5862068965517241
480300,0.6551724137931034
480600,0.6206896551724138
480900,0.6206896551724138
481200,0.6896551724137931
481500,0.7241379310344828
481800,0.7241379310344828
482100,0.7241379310344828
482400,0.7931034482758621
482700,0.7931034482758621
483000,0.8275862068965517
483300,0.8275862068965517
483600,0.8275862068965517
483900,0.8275862068965517
484200,0.7931034482758621
484500,0.8275862068965517
484800,0.7931034482758621
485100,0.7931034482758621
485400,0.7586206896551724
485700,0.7931034482758621
486000,0.7931034482758621
486300,0.7931034482758621
486600,0.7931034482758621
486900,0.8275862068965517
487200,0.7586206896551724
487500,0.896551724137931
487800,0.8275862068965517
488100,0.8620689655172413
488400,0.8275862068965517
488700,0.8275862068965517
489000,0.8275862068965517
489300,0.8275862068965517
489600,0.896551724137931
489900,0.896551724137931
490200,0.9310344827586207
490500,0.9310344827586207
490800,0.8275862068965517
491100,0.896551724137931
491400,0.896551724137931
491700,0.896551724137931
492000,0.896551724137931
492300,0.896551724137931
492600,0.896551724137931
492900,0.9310344827586207
493200,0.9310344827586207
493500,0.9310344827586207
493800,0.896551724137931
494100,0.896551724137931
494400,0.896551724137931
494700,0.9310344827586207
495000,0.9310344827586207
495300,0.9655172413793104
495600,0.9655172413793104
495900,0.9655172413793104
496200,0.9655172413793104
496500,0.9655172413793104
496800,0.9655172413793104
497100,0.9655172413793104
497400,0.9655172413793104
497700,0.9655172413793104
498000,0.9655172413793104
498300,0.9655172413793104
498600,0.9655172413793104
498900,0.9655172413793104
499200,0.9655172413793104
499500,0.9655172413793104
499800,0.9655172413793104
500100,0.9655172413793104
500400,0.9655172413793104
500700,0.9655172413793104
501000,0.9655172413793104
501300,0.9655172413793104
501600,0.9655172413793104
501900,0.9655172413793104
502200,0.9655172413793104
502500,0.9655172413793104
502800,0.9655172413793104
503100,0.9655172413793104
503400,0.9655172413793104
503700,0.9655172413793104
504000,0.9655172413793104
504300,0.9655172413793104
504600,0.9655172413793104
504900,0.9655172413793104
505200,0.9655172413793104
505500,0.9655172413793104
505800,0.9655172413793104
506100,0.9655172413793104
506400,0.9655172413793104
506700,0.9655172413793104
507000,0.9655172413793104
507300,0.9655172413793104
507600,0.9655172413793104
507900,0.9655172413793104
508200,0.9655172413793104
508500,0.9655172413793104
508800,0.9655172413793104
509100,0.9655172413793104
509400,0.9655172413793104
509700,0.9655172413793104
510000,0.9655172413793104
510300,0.9655172413793104
510600,0.9655172413793104
510900,0.9655172413793104
511200,0.9655172413793104
511500,0.9655172413793104
511800,0.9655172413793104
512100,0.9655172413793104
512400,0.9655172413793104
512700,0.9655172413793104
513000,0.9655172413793104
513300,0.9655172413793104
513600,0.9655172413793104
513900,0.9655172413793104
514200,0.9655172413793104
514500,0.9655172413793104
514800,0.9655172413793104
515100,0.9655172413793104
515400,0.9655172413793104
515700,0.9655172413793104
516000,0.9655172413793104
516300,0.9655172413793104
516600,0.9655172413793104
516900,0.9655172413793104
517200,0.9655172413793104
517500,0.9655172413793104
517800,0.9655172413793104
518100,0.9655172413793104
518400,0.9655172413793104
518700,0.9655172413793104
519000,0.9655172413793104
519300,0.9655172413793104
519600,0.9655172413793104
519900,0.9655172413793104
520200,0.9655172413793104
520500,0.9655172413793104
520800,0.9655172413793104
521100,0.9655172413793104
521400,0.9655172413793104
521700,0.9655172413793104
522000,0.9655172413793104
522300,0.9655172413793104
522600,0.9655172413793104
522900,0.9655172413793104
523200,0.9655172413793104
523500,0.9655172413793104
523800,0.9655172413793104
524100,0.9655172413793104
524400,0.9655172413793104
524700,0.9655172413793104
525000,0.9655172413793104
525300,0.9655172413793104
525600,0.9655172413793104
525900,0.9655172413793104
526200,0.9655172413793104
526500,0.9655172413793104
526800,0.9655172413793104
527100,0.9655172413793104
527400,0.9655172413793104
527700,0.9655172413793104
528000,0.9655172413793104
528300,0.9655172413793104
528600,0.9655172413793104
528900,0.9655172413793104
529200,0.9655172413793104
529500,0.9655172413793104
529800,0.9655172413793104
530100,0.9655172413793104
530400,0.9655172413793104
530700,0.9655172413793104
531000,0.9655172413793104
531300,0.9655172413793104
531600,0.9655172413793104
531900,0.9655172413793104
532200,0.9655172413793104
532500,0.9655172413793104
532800,0.9655172413793104
533100,0.9655172413793104
533400,0.9655172413793104
533700,0.9655172413793104
534000,0.9655172413793104
534300,0.9655172413793104
534600,0.9655172413793104
534900,0.9655172413793104
535200,0.9655172413793104
535500,0.9655172413793104
535800,0.9655172413793104
536100,0.9655172413793104
536400,0.9655172413793104
536700,0.9655172413793104
537000,0.9655172413793104
537300,0.9655172413793104
537600,0.9655172413793104
537900,0.9655172413793104
538200,0.9655172413793104
538500,0.9655172413793104
538800,0.9655172413793104
539100,0.9655172413793104
539400,0.9655172413793104
539700,0.9655172413793104
540000,0.9655172413793104
540300,0.9655172413793104
540600,0.9655172413793104
540900,0.9655172413793104
541200,0.9655172413793104
541500,0.9655172413793104
541800,0.9655172413793104
542100,0.9655172413793104
542400,0.9655172413793104
542700,0.9655172413793104
543000,0.9655172413793104
543300,0.9655172413793104
543600,0.9655172413793104
543900,0.9655172413793104
544200,0.9655172413793104
544500,0.9655172413793104
544800,0.9655172413793104
545100,0.9655172413793104
545400,0.9655172413793104
545700,0.9655172413793104
546000,0.9655172413793104
546300,0.9655172413793104
546600,0.9655172413793104
546900,0.9655172413793104
547200,0.9655172413793104
547500,0.9655172413793104
547800,0.9655172413793104
548100,0.9655172413793104
548400,0.9655172413793104
548700,0.9655172413793104
549000,0.9655172413793104
549300,0.9655172413793104
549600,0.9655172413793104
549900,0.9655172413793104
550200,0.9655172413793104
550500,0.9655172413793104
550800,0.9655172413793104
551100,0.9655172413793104
551400,0.9655172413793104
551700,0.9655172413793104
552000,0.9655172413793104
552300,0.9655172413793104
552600,0.9655172413793104
552900,0.9655172413793104
553200,0.9655172413793104
553500,0.9655172413793104
553800,0.9655172413793104
554100,0.9655172413793104
554400,0.9655172413793104
554700,0.9655172413793104
555000,0.9655172413793104
555300,0.9655172413793104
555600,0.9655172413793104
555900,0.9655172413793104
556200,0.9655172413793104
556500,0.9655172413793104
556800,0.9655172413793104
557100,0.9655172413793104
557400,0.9655172413793104
557700,0.9655172413793104
558000,0.9655172413793104
558300,0.9655172413793104
558600,0.9655172413793104
558900,0.9655172413793104
559200,0.9655172413793104
559500,0.9655172413793104
559800,0.9655172413793104
560100,0.9655172413793104
560400,0.9655172413793104
560700,0.896551724137931
561000,0.8620689655172413
561300,0.8620689655172413
561600,0.8620689655172413
561900,0.7586206896551724
562200,0.7586206896551724
562500,0.7241379310344828
562800,0.6896551724137931
563100,0.6551724137931034
563400,0.6206896551724138
563700,0.6551724137931034
564000,0.5862068965517241
564300,0.5862068965517241
564600,0.6551724137931034
564900,0.5862068965517241
565200,0.5862068965517241
565500,0.5517241379310345
565800,0.6551724137931034
566100,0.5862068965517241
566400,0.5517241379310345
566700,0.6551724137931034
567000,0.6206896551724138
567300,0.6896551724137931
567600,0.7241379310344828
567900,0.7241379310344828
568200,0.7241379310344828
568500,0.7586206896551724
568800,0.7241379310344828
569100,0.7241379310344828
569400,0.7241379310344828
569700,0.6896551724137931
570000,0.6896551724137931
570300,0.7586206896551724
570600,0.7586206896551724
570900,0.7586206896551724
571200,0.7586206896551724
571500,0.7241379310344828
571800,0.7241379310344828
572100,0.8275862068965517
572400,0.8620689655172413
572700,0.8620689655172413
573000,0.8620689655172413
573300,0.8620689655172413
573600,0.896551724137931
573900,0.896551724137931
574200,0.896551724137931
574500,0.9310344827586207
574800,0.9310344827586207
575100,0.896551724137931
575400,0.8620689655172413
575700,0.8620689655172413
576000,0.8620689655172413
576300,0.8275862068965517
576600,0.7931034482758621
576900,0.7931034482758621
577200,0.7931034482758621
577500,0.8275862068965517
577800,0.8275862068965517
578100,0.8620689655172413
578400,0.8620689655172413
578700,0.8620689655172413
579000,0.8620689655172413
579300,0.8620689655172413
579600,0.8620689655172413
579900,0.8275862068965517
580200,0.7586206896551724
580500,0.7931034482758621
580800,0.8275862068965517
581100,0.8275862068965517
581400,0.8620689655172413
581700,0.8620689655172413
582000,0.8620689655172413
582300,0.8620689655172413
582600,0.8620689655172413
582900,0.896551724137931
583200,0.8620689655172413
583500,0.8620689655172413
583800,0.8620689655172413
584100,0.8620689655172413
584400,0.8620689655172413
584700,0.8620689655172413
585000,0.8620689655172413
585300,0.896551724137931
585600,0.896551724137931
585900,0.896551724137931
586200,0.896551724137931
586500,0.896551724137931
586800,0.896551724137931
587100,0.896551724137931
587400,0.896551724137931
587700,0.8620689655172413
588000,0.896551724137931
588300,0.8620689655172413
588600,0.8275862068965517
588900,0.7586206896551724
589200,0.7931034482758621
589500,0.7931034482758621
589800,0.7241379310344828
590100,0.6896551724137931
590400,0.6551724137931034
590700,0.6551724137931034
591000,0.7241379310344828
591300,0.7586206896551724
591600,0.7586206896551724
591900,0.7586206896551724
592200,0.7586206896551724
592500,0.7586206896551724
592800,0.7586206896551724
593100,0.7586206896551724
593400,0.7586206896551724
593700,0.7586206896551724
594000,0.7586206896551724
594300,0.7586206896551724
594600,0.7586206896551724
594900,0.7586206896551724
595200,0.896551724137931
595500,0.896551724137931
595800,0.8620689655172413
596100,0.7931034482758621
596400,0.7931034482758621
596700,0.7931034482758621
597000,0.8275862068965517
597300,0.8620689655172413
597600,0.896551724137931
597900,0.8275862068965517
598200,0.8275862068965517
598500,0.8275862068965517
598800,0.896551724137931
599100,0.8620689655172413
599400,0.7931034482758621
599700,0.7586206896551724
600000,0.7931034482758621
600300,0.7931034482758621
600600,0.7931034482758621
600900,0.7931034482758621
601200,0.7931034482758621
601500,0.8275862068965517
601800,0.8275862068965517
602100,0.8620689655172413
602400,0.8620689655172413
602700,0.8275862068965517
603000,0.7586206896551724
603300,0.7931034482758621
603600,0.7931034482758621
603900,0.7586206896551724
604200,0.7241379310344828
604500,0.7241379310344828
604800,0.6896551724137931
605100,0.6551724137931034
605400,0.6896551724137931
605700,0.5172413793103449
606000,0.5517241379310345
606300,0.3793103448275862
606600,0.3793103448275862
606900,0.41379310344827586
607200,0.4482758620689655
607500,0.4827586206896552
607800,0.41379310344827586
608100,0.3448275862068966
608400,0.3103448275862069
608700,0.27586206896551724
609000,0.27586206896551724
609300,0.3448275862068966
609600,0.3448275862068966
609900,0.3448275862068966
610200,0.3793103448275862
610500,0.4482758620689655
610800,0.5172413793103449
611100,0.3793103448275862
611400,0.3448275862068966
611700,0.41379310344827586
612000,0.4482758620689655
612300,0.4482758620689655
612600,0.5517241379310345
612900,0.5172413793103449
613200,0.5862068965517241
613500,0.5517241379310345
613800,0.4827586206896552
614100,0.5862068965517241
614400,0.5862068965517241
614700,0.6551724137931034
615000,0.6206896551724138
615300,0.6896551724137931
615600,0.6551724137931034
615900,0.6206896551724138
616200,0.6206896551724138
616500,0.6896551724137931
616800,0.6896551724137931
617100,0.7241379310344828
617400,0.7586206896551724
617700,0.7931034482758621
618000,0.7931034482758621
618300,0.7931034482758621
618600,0.7586206896551724
618900,0.7931034482758621
619200,0.7931034482758621
619500,0.7931034482758621
619800,0.7931034482758621
620100,0.7931034482758621
620400,0.7931034482758621
620700,0.7931034482758621
621000,0.7931034482758621
621300,0.7241379310344828
621600,0.7241379310344828
621900,0.7586206896551724
622200,0.7586206896551724
622500,0.7586206896551724
622800,0.7586206896551724
623100,0.7586206896551724
623400,0.7586206896551724
623700,0.7931034482758621
624000,0.8620689655172413
624300,0.8275862068965517
624600,0.8275862068965517
624900,0.7586206896551724
625200,0.7931034482758621
625500,0.7586206896551724
625800,0.7586206896551724
626100,0.7586206896551724
626400,0.6551724137931034
626700,0.6896551724137931
627000,0.7241379310344828
627300,0.7241379310344828
627600,0.7241379310344828
627900,0.5172413793103449
628200,0.4827586206896552
628500,0.41379310344827586
628800,0.4482758620689655
629100,0.4482758620689655
629400,0.3793103448275862
629700,0.3448275862068966
630000,0.4827586206896552
630300,0.5862068965517241
630600,0.7241379310344828
630900,0.7586206896551724
631200,0.7586206896551724
631500,0.7586206896551724
631800,0.7931034482758621
632100,0.8275862068965517
632400,0.896551724137931
632700,0.9655172413793104
633000,0.9655172413793104
633300,0.896551724137931
633600,0.896551724137931
633900,0.8620689655172413
634200,0.896551724137931
634500,0.896551724137931
634800,0.8620689655172413
635100,0.8620689655172413
635400,0.8620689655172413
635700,0.8275862068965517
636000,0.8620689655172413
636300,0.8620689655172413
636600,0.9310344827586207
636900,0.9655172413793104
637200,0.9655172413793104
637500,0.9655172413793104
637800,0.9655172413793104
638100,0.9310344827586207
638400,0.9310344827586207
638700,0.9310344827586207
639000,0.9310344827586207
639300,0.9655172413793104
639600,0.896551724137931
639900,0.896551724137931
640200,0.896551724137931
640500,0.896551724137931
640800,0.896551724137931
641100,0.896551724137931
641400,0.896551724137931
641700,0.9310344827586207
642000,0.9310344827586207
642300,0.9655172413793104
642600,0.9310344827586207
642900,0.9310344827586207
643200,0.9310344827586207
643500,0.9310344827586207
643800,0.9310344827586207
644100,0.9310344827586207
644400,0.9310344827586207
644700,0.896551724137931
645000,0.896551724137931
645300,0.8275862068965517
645600,0.7931034482758621
645900,0.7931034482758621
646200,0.8275862068965517
646500,0.7931034482758621
646800,0.8275862068965517
647100,0.8275862068965517
647400,0.8620689655172413
647700,0.896551724137931
648000,0.8620689655172413
648300,0.7931034482758621
648600,0.7931034482758621
648900,0.7586206896551724
649200,0.7586206896551724
649500,0.5862068965517241
649800,0.5862068965517241
650100,0.5172413793103449
650400,0.4482758620689655
650700,0.4482758620689655
651000,0.4482758620689655
651300,0.4482758620689655
651600,0.5517241379310345
651900,0.5172413793103449
652200,0.4482758620689655
652500,0.4827586206896552
652800,0.4482758620689655
653100,0.41379310344827586
653400,0.4827586206896552
653700,0.5862068965517241
654000,0.6551724137931034
654300,0.6896551724137931
654600,0.7241379310344828
654900,0.6896551724137931
655200,0.8620689655172413
655500,0.8620689655172413
655800,0.9310344827586207
656100,0.896551724137931
656400,0.9310344827586207
656700,0.9310344827586207
657000,0.9655172413793104
657300,0.9655172413793104
657600,0.9655172413793104
657900,0.9655172413793104
658200,0.9655172413793104
658500,0.9655172413793104
658800,0.9655172413793104
659100,0.9655172413793104
659400,0.9655172413793104
659700,0.9655172413793104
660000,0.9310344827586207
660300,0.9310344827586207
660600,0.9310344827586207
660900,0.9310344827586207
661200,0.9655172413793104
661500,1.0
661800,1.0
662100,0.9655172413793104
662400,0.9655172413793104
662700,0.9655172413793104
663000,0.9310344827586207
663300,0.9310344827586207
663600,0.9310344827586207
663900,0.896551724137931
664200,0.8620689655172413
664500,0.8620689655172413
664800,0.8620689655172413
665100,0.896551724137931
665400,0.9310344827586207
665700,0.9310344827586207
666000,0.9310344827586207
666300,0.9655172413793104
666600,0.9655172413793104
666900,1.0
667200,1.0
667500,1.0
667800,1.0
668100,1.0
668400,1.0
668700,1.0
669000,1.0
669300,0.9655172413793104
669600,0.9655172413793104
669900,0.9655172413793104
670200,0.9655172413793104
670500,0.9655172413793104
670800,1.0
671100,1.0
671400,0.9655172413793104
671700,0.896551724137931
672000,0.896551724137931
672300,0.896551724137931
672600,0.896551724137931
672900,0.8620689655172413
673200,0.8620689655172413
673500,0.8620689655172413
673800,0.8620689655172413
674100,0.8275862068965517
674400,0.8275862068965517
674700,0.8275862068965517
675000,0.8275862068965517
675300,0.8275862068965517
675600,0.8275862068965517
675900,0.8620689655172413
676200,0.896551724137931
676500,0.896551724137931
676800,0.8620689655172413
677100,0.8275862068965517
677400,0.8275862068965517
677700,0.8275862068965517
678000,0.7586206896551724
678300,0.7241379310344828
678600,0.7241379310344828
678900,0.6896551724137931
679200,0.7586206896551724
679500,0.6896551724137931
679800,0.7241379310344828
680100,0.7241379310344828
680400,0.7241379310344828
680700,0.6896551724137931
681000,0.6551724137931034
681300,0.6551724137931034
681600,0.6551724137931034
681900,0.6206896551724138
682200,0.6206896551724138
682500,0.6551724137931034
682800,0.6551724137931034
683100,0.7586206896551724
683400,0.7586206896551724
683700,0.8275862068965517
684000,0.8620689655172413
684300,0.8620689655172413
684600,0.896551724137931
684900,0.896551724137931
685200,0.9310344827586207
685500,0.9310344827586207
685800,0.9310344827586207
686100,0.8620689655172413
686400,0.8275862068965517
686700,0.8275862068965517
687000,0.8620689655172413
687300,0.8620689655172413
687600,0.8620689655172413
687900,0.896551724137931
688200,0.9310344827586207
688500,0.9310344827586207
688800,0.9310344827586207
689100,0.9310344827586207
689400,0.9310344827586207
689700,0.9310344827586207
690000,0.8275862068965517
690300,0.8275862068965517
690600,0.7931034482758621
690900,0.7931034482758621
691200,0.6896551724137931
691500,0.6896551724137931
691800,0.6206896551724138
692100,0.4827586206896552
692400,0.3448275862068966
692700,0.1724137931034483
693000,0.1724137931034483
693300,0.13793103448275862
693600,0.10344827586206896
693900,0.06896551724137931
694200,0.06896551724137931
694500,0.034482758620689655
694800,0.10344827586206896
695100,0.10344827586206896
695400,0.10344827586206896
695700,0.10344827586206896
696000,0.27586206896551724
696300,0.2413793103448276
696600,0.3103448275862069
696900,0.27586206896551724
697200,0.3103448275862069
697500,0.27586206896551724
697800,0.2413793103448276
698100,0.3448275862068966
698400,0.41379310344827586
698700,0.41379310344827586
699000,0.4482758620689655
699300,0.4482758620689655
699600,0.4482758620689655
699900,0.4482758620689655
700200,0.41379310344827586
700500,0.4482758620689655
700800,0.5172413793103449
701100,0.5517241379310345
701400,0.5862068965517241
701700,0.6206896551724138
702000,0.6551724137931034
702300,0.6206896551724138
702600,0.6206896551724138
702900,0.5862068965517241
703200,0.6206896551724138
703500,0.6206896551724138
703800,0.5517241379310345
704100,0.5517241379310345
704400,0.5862068965517241
704700,0.5172413793103449
705000,0.5517241379310345
705300,0.6206896551724138
705600,0.6551724137931034
705900,0.6896551724137931
706200,0.6551724137931034
706500,0.6896551724137931
706800,0.6551724137931034
707100,0.6551724137931034
707400,0.6206896551724138
707700,0.6206896551724138
708000,0.5862068965517241
708300,0.5517241379310345
708600,0.5517241379310345
708900,0.5517241379310345
709200,0.5172413793103449
709500,0.4827586206896552
709800,0.5172413793103449
710100,0.6206896551724138
710400,0.5517241379310345
710700,0.5862068965517241
711000,0.6206896551724138
711300,0.6206896551724138
711600,0.7586206896551724
711900,0.7586206896551724
712200,0.7586206896551724
712500,0.7241379310344828
712800,0.7586206896551724
713100,0.7931034482758621
713400,0.7586206896551724
713700,0.7241379310344828
714000,0.7586206896551724
714300,0.7586206896551724
714600,0.7586206896551724
714900,0.7241379310344828
715200,0.7241379310344828
715500,0.7241379310344828
715800,0.6206896551724138
716100,0.6206896551724138
716400,0.5517241379310345
716700,0.6206896551724138
717000,0.5862068965517241
717300,0.5862068965517241
717600,0.5517241379310345
717900,0.5517241379310345
718200,0.5517241379310345
718500,0.5172413793103449
718800,0.5862068965517241
719100,0.6206896551724138
719400,0.6551724137931034
719700,0.6551724137931034
720000,0.6551724137931034
720300,0.6551724137931034
720600,0.6896551724137931
720900,0.6896551724137931
721200,0.6896551724137931
721500,0.7586206896551724
721800,0.7586206896551724
722100,0.7586206896551724
722400,0.7931034482758621
722700,0.8620689655172413
723000,0.8620689655172413
723300,0.8620689655172413
723600,0.8620689655172413
723900,0.8620689655172413
724200,0.8620689655172413
724500,0.8620689655172413
724800,0.8620689655172413
725100,0.8620689655172413
725400,0.8620689655172413
725700,0.8620689655172413
726000,0.8620689655172413
726300,0.8620689655172413
726600,0.8620689655172413
726900,0.8620689655172413
727200,0.8620689655172413
727500,0.8620689655172413
727800,0.8620689655172413
728100,0.8620689655172413
728400,0.8620689655172413
728700,0.8620689655172413
729000,0.8620689655172413
729300,0.8620689655172413
729600,0.8620689655172413
729900,0.8620689655172413
730200,0.8620689655172413
730500,0.8620689655172413
730800,0.8620689655172413
731100,0.8620689655172413
731400,0.8620689655172413
731700,0.8620689655172413
732000,0.8620689655172413
732300,0.8620689655172413
732600,0.8620689655172413
732900,0.8620689655172413
733200,0.8620689655172413
733500,0.8620689655172413
733800,0.0
734100,0.7931034482758621
734400,0.8275862068965517
734700,0.8620689655172413
735000,0.8275862068965517
735300,0.7931034482758621
735600,0.7241379310344828
735900,0.7241379310344828
736200,0.7241379310344828
736500,0.6896551724137931
736800,0.6551724137931034
737100,0.6551724137931034
737400,0.6551724137931034
737700,0.6551724137931034
738000,0.6551724137931034
738300,0.5862068965517241
738600,0.5517241379310345
738900,0.5172413793103449
739200,0.4827586206896552
739500,0.4482758620689655
739800,0.3448275862068966
740100,0.27586206896551724
740400,0.3448275862068966
740700,0.3793103448275862
741000,0.4482758620689655
741300,0.4827586206896552
741600,0.4827586206896552
741900,0.4482758620689655
742200,0.5862068965517241
742500,0.5862068965517241
742800,0.6551724137931034
743100,0.6896551724137931
743400,0.7241379310344828
743700,0.7586206896551724
744000,0.8275862068965517
744300,0.7931034482758621
744600,0.8275862068965517
744900,0.8275862068965517
745200,0.8275862068965517
745500,0.8620689655172413
745800,0.8620689655172413
746100,0.8275862068965517
746400,0.8275862068965517
746700,0.8275862068965517
747000,0.7586206896551724
747300,0.7586206896551724
747600,0.7241379310344828
747900,0.7586206896551724
748200,0.7586206896551724
748500,0.7586206896551724
748800,0.7931034482758621
749100,0.7931034482758621
749400,0.8275862068965517
749700,0.8275862068965517
750000,0.7931034482758621
750300,0.7241379310344828
750600,0.6896551724137931
750900,0.7241379310344828
751200,0.7241379310344828
751500,0.7241379310344828
751800,0.7241379310344828
752100,0.7586206896551724
752400,0.8275862068965517
752700,0.8275862068965517
753000,0.7931034482758621
753300,0.7586206896551724
753600,0.7586206896551724
753900,0.7586206896551724
754200,0.7931034482758621
754500,0.7931034482758621
754800,0.7931034482758621
755100,0.7931034482758621
755400,0.7931034482758621
755700,0.7931034482758621
756000,0.7586206896551724
756300,0.7586206896551724
756600,0.7586206896551724
756900,0.8275862068965517
757200,0.7931034482758621
757500,0.8275862068965517
757800,0.8275862068965517
758100,0.8275862068965517
758400,0.8275862068965517
758700,0.8275862068965517
759000,0.8275862068965517
759300,0.8275862068965517
759600,0.8275862068965517
759900,0.8275862068965517
760200,0.7931034482758621
760500,0.8275862068965517
760800,0.8275862068965517
761100,0.8275862068965517
761400,0.8275862068965517
761700,0.8275862068965517
762000,0.8275862068965517
762300,0.8620689655172413
762600,0.8275862068965517
762900,0.6551724137931034
763200,0.6206896551724138
763500,0.6206896551724138
763800,0.6206896551724138
764100,0.5517241379310345
764400,0.5517241379310345
764700,0.5862068965517241
765000,0.6206896551724138
765300,0.6206896551724138
765600,0.6206896551724138
765900,0.5862068965517241
766200,0.6206896551724138
766500,0.7241379310344828
766800,0.7241379310344828
767100,0.7241379310344828
767400,0.6551724137931034
767700,0.6896551724137931
768000,0.6551724137931034
768300,0.6896551724137931
768600,0.7241379310344828
768900,0.7931034482758621
769200,0.7586206896551724
769500,0.7241379310344828
769800,0.7241379310344828
770100,0.7586206896551724
770400,0.7931034482758621
770700,0.7931034482758621
771000,0.7931034482758621
771300,0.7931034482758621
771600,0.7586206896551724
771900,0.7586206896551724
772200,0.7241379310344828
772500,0.7241379310344828
772800,0.6896551724137931
773100,0.6896551724137931
773400,0.7586206896551724
773700,0.7586206896551724
774000,0.7931034482758621
774300,0.7241379310344828
774600,0.7586206896551724
774900,0.7586206896551724
775200,0.7241379310344828
775500,0.6551724137931034
775800,0.7241379310344828
776100,0.6551724137931034
776400,0.6551724137931034
776700,0.5862068965517241
777000,0.5862068965517241
777300,0.5172413793103449
777600,0.5172413793103449
777900,0.41379310344827586
778200,0.3448275862068966
778500,0.3103448275862069
778800,0.2413793103448276
779100,0.2413793103448276
779400,0.27586206896551724
779700,0.20689655172413793
780000,0.13793103448275862
780300,0.1724137931034483
780600,0.034482758620689655
780900,0.13793103448275862
781200,0.2413793103448276
781500,0.27586206896551724
781800,0.3103448275862069
782100,0.2413793103448276
782400,0.27586206896551724
782700,0.20689655172413793
783000,0.3448275862068966
783300,0.4827586206896552
783600,0.5172413793103449
783900,0.5172413793103449
784200,0.4827586206896552
784500,0.4827586206896552
784800,0.4482758620689655
785100,0.41379310344827586
785400,0.4482758620689655
785700,0.4482758620689655
786000,0.4827586206896552
786300,0.5517241379310345
786600,0.5172413793103449
786900,0.4827586206896552
787200,0.5172413793103449
787500,0.5517241379310345
787800,0.5862068965517241
788100,0.6551724137931034
788400,0.7241379310344828
788700,0.6551724137931034
789000,0.6551724137931034
789300,0.6551724137931034
789600,0.6206896551724138
789900,0.6206896551724138
790200,0.5862068965517241
790500,0.5862068965517241
790800,0.5862068965517241
791100,0.5517241379310345
791400,0.5862068965517241
791700,0.5172413793103449
792000,0.5172413793103449
792300,0.4827586206896552
792600,0.4482758620689655
792900,0.4827586206896552
793200,0.4827586206896552
793500,0.4482758620689655
793800,0.4482758620689655
794100,0.4482758620689655
794400,0.4827586206896552
794700,0.4827586206896552
795000,0.6206896551724138
795300,0.6206896551724138
795600,0.6206896551724138
795900,0.5862068965517241
796200,0.6206896551724138
796500,0.6206896551724138
796800,0.6206896551724138
797100,0.6206896551724138
797400,0.6551724137931034
797700,0.5862068965517241
798000,0.5862068965517241
798300,0.6551724137931034
798600,0.6551724137931034
798900,0.6896551724137931
799200,0.6551724137931034
799500,0.7241379310344828
799800,0.7586206896551724
800100,0.7586206896551724
800400,0.7586206896551724
800700,0.7586206896551724
801000,0.7586206896551724
801300,0.7241379310344828
801600,0.7586206896551724
801900,0.7241379310344828
802200,0.6551724137931034
802500,0.6206896551724138
802800,0.5862068965517241
803100,0.5862068965517241
803400,0.5172413793103449
803700,0.5172413793103449
804000,0.5172413793103449
804300,0.5172413793103449
804600,0.5172413793103449
804900,0.5172413793103449
805200,0.5172413793103449
805500,0.4827586206896552
805800,0.5172413793103449
806100,0.6206896551724138
806400,0.6551724137931034
806700,0.6896551724137931
807000,0.7931034482758621
807300,0.7931034482758621
807600,0.8275862068965517
807900,0.8275862068965517
808200,0.8275862068965517
808500,0.8275862068965517
808800,0.7931034482758621
809100,0.8275862068965517
809400,0.8275862068965517
809700,0.8275862068965517
810000,0.896551724137931
810300,0.896551724137931
810600,0.8620689655172413
810900,0.8620689655172413
811200,0.8620689655172413
811500,0.8620689655172413
811800,0.8620689655172413
812100,0.896551724137931
812400,0.896551724137931
812700,0.896551724137931
813000,0.896551724137931
813300,0.896551724137931
813600,0.8620689655172413
813900,0.8620689655172413
814200,0.8620689655172413
814500,0.8620689655172413
814800,0.8620689655172413
815100,0.8620689655172413
815400,0.8620689655172413
815700,0.9310344827586207
816000,0.9655172413793104
816300,0.9655172413793104
816600,0.9655172413793104
816900,0.9655172413793104
817200,0.9310344827586207
817500,0.9310344827586207
817800,0.896551724137931
818100,0.8620689655172413
818400,0.8620689655172413
818700,0.896551724137931
819000,0.896551724137931
819300,0.8620689655172413
819600,0.896551724137931
819900,0.8620689655172413
820200,0.8275862068965517
820500,0.7931034482758621
820800,0.7586206896551724
821100,0.7586206896551724
821400,0.7586206896551724
821700,0.7241379310344828
822000,0.7586206896551724
822300,0.7586206896551724
822600,0.7241379310344828
822900,0.7241379310344828
823200,0.7586206896551724
823500,0.7931034482758621
823800,0.7586206896551724
824100,0.7586206896551724
824400,0.6551724137931034
824700,0.5862068965517241
825000,0.6206896551724138
825300,0.5862068965517241
825600,0.5862068965517241
825900,0.5862068965517241
826200,0.6206896551724138
826500,0.7241379310344828
826800,0.6896551724137931
827100,0.6896551724137931
827400,0.7586206896551724
827700,0.7931034482758621
828000,0.7931034482758621
828300,0.7586206896551724
828600,0.7586206896551724
828900,0.7586206896551724
829200,0.7586206896551724
829500,0.7586206896551724
829800,0.7931034482758621
830100,0.8275862068965517
830400,0.8275862068965517
830700,1.0
831000,1.0
831300,1.0
831600,1.0
831900,1.0
832200,1.0
832500,0.8620689655172413
832800,0.8620689655172413
833100,0.8620689655172413
833400,0.8620689655172413
833700,0.8620689655172413
834000,0.8620689655172413
834300,0.8620689655172413
834600,0.896551724137931
834900,0.896551724137931
835200,0.896551724137931
835500,0.9310344827586207
835800,0.9310344827586207
836100,0.9655172413793104
836400,0.9655172413793104
836700,0.896551724137931
837000,0.896551724137931
837300,0.896551724137931
837600,0.896551724137931
837900,0.896551724137931
838200,0.9310344827586207
838500,0.9310344827586207
838800,0.9310344827586207
839100,0.9655172413793104
839400,0.9655172413793104
839700,0.9655172413793104
840000,0.9655172413793104
840300,0.9655172413793104
840600,0.9655172413793104
840900,0.9655172413793104
841200,0.896551724137931
841500,0.896551724137931
841800,0.896551724137931
842100,0.9310344827586207
842400,0.9655172413793104
842700,0.9655172413793104
843000,0.9310344827586207
843300,0.9310344827586207
843600,0.9310344827586207
843900,0.9655172413793104
844200,0.9655172413793104
844500,0.9655172413793104
844800,0.9310344827586207
845100,0.9310344827586207
845400,0.9310344827586207
845700,0.9310344827586207
846000,0.9310344827586207
846300,0.9310344827586207
846600,0.8275862068965517
846900,0.8275862068965517
847200,0.8620689655172413
847500,0.8620689655172413
847800,0.8275862068965517
848100,0.8275862068965517
848400,0.8275862068965517
848700,0.8275862068965517
849000,0.8275862068965517
849300,0.7931034482758621
849600,0.8275862068965517
849900,0.7586206896551724
850200,0.7586206896551724
850500,0.8620689655172413
850800,0.7931034482758621
851100,0.7931034482758621
851400,0.7931034482758621
851700,0.7931034482758621
852000,0.7931034482758621
852300,0.8275862068965517
852600,0.8275862068965517
852900,0.8620689655172413
853200,0.7931034482758621
853500,0.7931034482758621
853800,0.7931034482758621
854100,0.8275862068965517
854400,0.8275862068965517
854700,0.8620689655172413
855000,0.8620689655172413
855300,0.9310344827586207
855600,0.9310344827586207
855900,0.8620689655172413
856200,0.7931034482758621
856500,0.7586206896551724
856800,0.7586206896551724
857100,0.7931034482758621
857400,0.7931034482758621
857700,0.7931034482758621
858000,0.7931034482758621
858300,0.8275862068965517
858600,0.8275862068965517
858900,0.896551724137931
859200,0.896551724137931
859500,0.9655172413793104
859800,0.9310344827586207
860100,0.8620689655172413
860400,0.7931034482758621
860700,0.7586206896551724
861000,0.7586206896551724
861300,0.7241379310344828
861600,0.6896551724137931
861900,0.6896551724137931
862200,0.6206896551724138
862500,0.5862068965517241
862800,0.5862068965517241
863100,0.6206896551724138
863400,0.6551724137931034
863700,0.6896551724137931
864000,0.6206896551724138
864300,0.5172413793103449
864600,0.5517241379310345
864900,0.5517241379310345
865200,0.5172413793103449
865500,0.5172413793103449
865800,0.4827586206896552
866100,0.4482758620689655
866400,0.4482758620689655
866700,0.41379310344827586
867000,0.27586206896551724
867300,0.27586206896551724
867600,0.27586206896551724
867900,0.3448275862068966
868200,0.27586206896551724
868500,0.27586206896551724
868800,0.2413793103448276
869100,0.3448275862068966
869400,0.41379310344827586
869700,0.41379310344827586
870000,0.41379310344827586
870300,0.5517241379310345
870600,0.6206896551724138
870900,0.6206896551724138
871200,0.6551724137931034
871500,0.6206896551724138
871800,0.5862068965517241
872100,0.5517241379310345
872400,0.5517241379310345
872700,0.5517241379310345
873000,0.5172413793103449
873300,0.5172413793103449
873600,0.6206896551724138
873900,0.6896551724137931
874200,0.6896551724137931
874500,0.5862068965517241
874800,0.5517241379310345
875100,0.5862068965517241
875400,0.5862068965517241
875700,0.6206896551724138
876000,0.6206896551724138
876300,0.6551724137931034
876600,0.6896551724137931
876900,0.6896551724137931
877200,0.6896551724137931
877500,0.7931034482758621
877800,0.8275862068965517
878100,0.8275862068965517
878400,0.8275862068965517
878700,0.8275862068965517
879000,0.8275862068965517
879300,0.8275862068965517
879600,0.7586206896551724
879900,0.7241379310344828
880200,0.6896551724137931
880500,0.6896551724137931
880800,0.6896551724137931
881100,0.6896551724137931
881400,0.6551724137931034
881700,0.6551724137931034
882000,0.6206896551724138
882300,0.6551724137931034
882600,0.6206896551724138
882900,0.5862068965517241
883200,0.6206896551724138
883500,0.7241379310344828
883800,0.7241379310344828
884100,0.7241379310344828
884400,0.6551724137931034
884700,0.6551724137931034
885000,0.6896551724137931
885300,0.7931034482758621
885600,0.7931034482758621
885900,0.7241379310344828
886200,0.6896551724137931
886500,0.7241379310344828
886800,0.7586206896551724
887100,0.7241379310344828
887400,0.6206896551724138
887700,0.6206896551724138
888000,0.6896551724137931
888300,0.6551724137931034
888600,0.6551724137931034
888900,0.6551724137931034
889200,0.6896551724137931
889500,0.6551724137931034
889800,0.6896551724137931
890100,0.6896551724137931
890400,0.6206896551724138
890700,0.6551724137931034
891000,0.6551724137931034
891300,0.7586206896551724
891600,0.7931034482758621
891900,0.7931034482758621
892200,0.7931034482758621
892500,0.7931034482758621
892800,0.7931034482758621
893100,0.8275862068965517
893400,0.896551724137931
893700,0.8620689655172413
894000,0.896551724137931
894300,0.896551724137931
894600,0.896551724137931
894900,0.8620689655172413
895200,0.8620689655172413
895500,0.896551724137931
895800,0.8620689655172413
896100,0.8620689655172413
896400,0.8275862068965517
896700,0.7931034482758621
897000,0.7931034482758621
897300,0.7931034482758621
897600,0.7931034482758621
897900,0.8275862068965517
898200,0.8275862068965517
898500,0.8275862068965517
898800,0.8275862068965517
899100,0.8275862068965517
899400,0.8275862068965517
899700,0.8275862068965517
900000,0.8275862068965517
900300,0.7931034482758621
900600,0.7586206896551724
900900,0.7931034482758621
901200,0.8275862068965517
901500,0.8275862068965517
901800,0.8275862068965517
902100,0.8275862068965517
902400,0.7931034482758621
902700,0.7931034482758621
903000,0.8275862068965517
903300,0.8275862068965517
903600,0.8275862068965517
903900,0.8620689655172413
904200,0.8620689655172413
904500,0.8620689655172413
904800,0.8620689655172413
905100,0.8620689655172413
905400,0.896551724137931
905700,0.8620689655172413
906000,0.8620689655172413
906300,0.8275862068965517
906600,0.8275862068965517
906900,0.7586206896551724
907200,0.7586206896551724
907500,0.7241379310344828
907800,0.5862068965517241
908100,0.5517241379310345
908400,0.5517241379310345
908700,0.5517241379310345
909000,0.5172413793103449
909300,0.5172413793103449
909600,0.5172413793103449
909900,0.5172413793103449
910200,0.5172413793103449
910500,0.4827586206896552
910800,0.5172413793103449
911100,0.5172413793103449
911400,0.4827586206896552
911700,0.41379310344827586
912000,0.41379310344827586
912300,0.41379310344827586
912600,0.4482758620689655
912900,0.3793103448275862
913200,0.3793103448275862
913500,0.4827586206896552
913800,0.4827586206896552
914100,0.4827586206896552
914400,0.6206896551724138
914700,0.6896551724137931
915000,0.7931034482758621
915300,0.7931034482758621
915600,0.7931034482758621
915900,0.8275862068965517
916200,0.8275862068965517
916500,0.8275862068965517
916800,0.7931034482758621
917100,0.8275862068965517
917400,0.8275862068965517
917700,0.8275862068965517
918000,0.8620689655172413
918300,0.896551724137931
918600,0.9655172413793104
918900,0.9310344827586207
919200,0.9310344827586207
919500,0.9310344827586207
919800,0.9655172413793104
920100,0.9655172413793104
920400,0.9655172413793104
920700,0.9655172413793104
921000,0.9655172413793104
921300,1.0
921600,1.0
921900,1.0
922200,1.0
922500,0.9310344827586207
922800,0.9310344827586207
923100,0.9310344827586207
923400,0.9310344827586207
923700,0.9310344827586207
924000,1.0
924300,1.0
924600,1.0
924900,1.0
925200,0.9655172413793104
925500,0.9655172413793104
925800,0.9310344827586207
926100,0.9310344827586207
926400,0.9310344827586207
926700,0.9655172413793104
927000,0.9655172413793104
927300,0.9655172413793104
927600,0.9655172413793104
927900,0.9655172413793104
928200,0.9655172413793104
928500,0.9655172413793104
928800,0.9655172413793104
929100,0.9655172413793104
929400,0.9655172413793104
929700,1.0
930000,1.0
930300,1.0
930600,1.0
930900,1.0
931200,1.0
931500,1.0
931800,0.9655172413793104
932100,0.9655172413793104
932400,0.9310344827586207
932700,0.9310344827586207
933000,0.9310344827586207
933300,0.9310344827586207
933600,0.9310344827586207
933900,0.9310344827586207
934200,0.9655172413793104
934500,0.9655172413793104
934800,0.9310344827586207
935100,0.9310344827586207
935400,0.9310344827586207
935700,0.9310344827586207
936000,0.9310344827586207
936300,0.8620689655172413
936600,0.896551724137931
936900,0.8620689655172413
937200,0.8620689655172413
937500,0.896551724137931
937800,0.8620689655172413
938100,0.8620689655172413
938400,0.8620689655172413
938700,0.8620689655172413
939000,0.8620689655172413
939300,0.8620689655172413
939600,0.8620689655172413
939900,0.8275862068965517
940200,0.8275862068965517
940500,0.8275862068965517
940800,0.8620689655172413
941100,0.8620689655172413
941400,0.8275862068965517
941700,0.8620689655172413
942000,0.8620689655172413
942300,0.8275862068965517
942600,0.7586206896551724
942900,0.7586206896551724
943200,0.7931034482758621
943500,0.7931034482758621
943800,0.7931034482758621
944100,0.7586206896551724
944400,0.7586206896551724
944700,0.6551724137931034
945000,0.6551724137931034
945300,0.6551724137931034
945600,0.6551724137931034
945900,0.7586206896551724
946200,0.7586206896551724
946500,0.7241379310344828
946800,0.7586206896551724
947100,0.7931034482758621
947400,0.6551724137931034
947700,0.7241379310344828
948000,0.6896551724137931
948300,0.5862068965517241
948600,0.6206896551724138
948900,0.6206896551724138
949200,0.5862068965517241
949500,0.4482758620689655
949800,0.4482758620689655
950100,0.4827586206896552
950400,0.5517241379310345
950700,0.3448275862068966
951000,0.27586206896551724
951300,0.27586206896551724
951600,0.2413793103448276
951900,0.2413793103448276
952200,0.2413793103448276
952500,0.2413793103448276
952800,0.20689655172413793
953100,0.20689655172413793
953400,0.20689655172413793
953700,0.20689655172413793
954000,0.27586206896551724
954300,0.27586206896551724
954600,0.27586206896551724
954900,0.27586206896551724
955200,0.3448275862068966
955500,0.3448275862068966
955800,0.3448275862068966
956100,0.3448275862068966
956400,0.3448275862068966
956700,0.2413793103448276
957000,0.2413793103448276
957300,0.3448275862068966
957600,0.3793103448275862
957900,0.3793103448275862
958200,0.41379310344827586
958500,0.3793103448275862
958800,0.4482758620689655
959100,0.4482758620689655
959400,0.41379310344827586
959700,0.4482758620689655
960000,0.4482758620689655
960300,0.5172413793103449
960600,0.6206896551724138
960900,0.5517241379310345
961200,0.5517241379310345
961500,0.5517241379310345
961800,0.5517241379310345
962100,0.6551724137931034
962400,0.6551724137931034
962700,0.6896551724137931
963000,0.7586206896551724
963300,0.7241379310344828
963600,0.7241379310344828
963900,0.7241379310344828
964200,0.6896551724137931
964500,0.7241379310344828
964800,0.7241379310344828
965100,0.7241379310344828
965400,0.7241379310344828
965700,0.7586206896551724
966000,0.7586206896551724
966300,0.7586206896551724
966600,0.7586206896551724
966900,0.7586206896551724
967200,0.7931034482758621
967500,0.8275862068965517
967800,0.8275862068965517
968100,0.8275862068965517
968400,0.8275862068965517
968700,0.8275862068965517
969000,0.8620689655172413
969300,0.8620689655172413
969600,0.8275862068965517
969900,0.8620689655172413
970200,0.8620689655172413
970500,0.8620689655172413
970800,0.8275862068965517
971100,0.7931034482758621
971400,0.7931034482758621
971700,0.7931034482758621
972000,0.8275862068965517
972300,0.7931034482758621
972600,0.7586206896551724
972900,0.7241379310344828
973200,0.7241379310344828
973500,0.6896551724137931
973800,0.6896551724137931
974100,0.6206896551724138
974400,0.6206896551724138
974700,0.5862068965517241
975000,0.5862068965517241
975300,0.5517241379310345
975600,0.6551724137931034
975900,0.7241379310344828
976200,0.7586206896551724
976500,0.7931034482758621
976800,0.7586206896551724
977100,0.7931034482758621
977400,0.7931034482758621
977700,0.8620689655172413
978000,0.8275862068965517
978300,0.8620689655172413
978600,0.8275862068965517
978900,0.7931034482758621
979200,0.8620689655172413
979500,0.8620689655172413
979800,0.9310344827586207
980100,0.9310344827586207
980400,0.9310344827586207
980700,0.9310344827586207
981000,0.896551724137931
981300,0.896551724137931
981600,0.896551724137931
981900,0.8620689655172413
982200,0.8275862068965517
982500,0.8275862068965517
982800,0.896551724137931
983100,0.896551724137931
983400,0.896551724137931
983700,0.896551724137931
984000,0.896551724137931
984300,0.896551724137931
984600,0.896551724137931
984900,0.896551724137931
985200,0.896551724137931
985500,0.896551724137931
985800,0.896551724137931
986100,0.9310344827586207
986400,0.9310344827586207
986700,0.9310344827586207
987000,0.9310344827586207
987300,0.9310344827586207
987600,0.9310344827586207
987900,0.9310344827586207
988200,0.9310344827586207
988500,0.9310344827586207
988800,0.9310344827586207
989100,0.896551724137931
989400,0.8620689655172413
989700,0.8620689655172413
990000,0.896551724137931
990300,0.896551724137931
990600,0.896551724137931
990900,0.896551724137931
991200,0.896551724137931
991500,0.896551724137931
991800,0.896551724137931
992100,0.8275862068965517
992400,0.8275862068965517
992700,0.8275862068965517
993000,0.896551724137931
993300,0.896551724137931
993600,0.8620689655172413
993900,0.7931034482758621
994200,0.7586206896551724
994500,0.6206896551724138
994800,0.6206896551724138
995100,0.4827586206896552
995400,0.4482758620689655
995700,0.3793103448275862
996000,0.3103448275862069
996300,0.1724137931034483
996600,0.10344827586206896
996900,0.06896551724137931
997200,0.10344827586206896
997500,0.06896551724137931
997800,0.06896551724137931
998100,0.06896551724137931
998400,0.10344827586206896
998700,0.20689655172413793
999000,0.1724137931034483
999300,0.20689655172413793
999600,0.27586206896551724
999900,0.3448275862068966
1000200,0.3448275862068966
1000500,0.4482758620689655
1000800,0.6551724137931034
1001100,0.7241379310344828
1001400,0.7586206896551724
1001700,0.8275862068965517
1002000,0.8275862068965517
1002300,0.8620689655172413
1002600,0.8620689655172413
1002900,0.8620689655172413
1003200,0.8275862068965517
1003500,0.8275862068965517
1003800,0.7586206896551724
1004100,0.7241379310344828
1004400,0.6896551724137931
1004700,0.7586206896551724
1005000,0.7586206896551724
1005300,0.7586206896551724
1005600,0.7586206896551724
1005900,0.7586206896551724
1006200,0.7586206896551724
1006500,0.7586206896551724
1006800,0.7586206896551724
1007100,0.8620689655172413
1007400,0.8620689655172413
1007700,0.8620689655172413
1008000,0.8620689655172413
1008300,0.8620689655172413
1008600,0.9310344827586207
1008900,0.9310344827586207
1009200,0.896551724137931
1009500,0.8620689655172413
1009800,0.896551724137931
1010100,0.9310344827586207
1010400,0.896551724137931
1010700,0.896551724137931
1011000,0.8275862068965517
1011300,0.8620689655172413
1011600,0.8620689655172413
1011900,0.8620689655172413
1012200,0.8620689655172413
1012500,0.8620689655172413
1012800,0.8620689655172413
1013100,0.8620689655172413
1013400,0.8620689655172413
1013700,0.896551724137931
1014000,0.9310344827586207
1014300,0.9310344827586207
1014600,0.9310344827586207
1014900,0.9310344827586207
1015200,0.9310344827586207
1015500,0.9310344827586207
1015800,0.9310344827586207
1016100,0.9655172413793104
1016400,0.9655172413793104
1016700,1.0
1017000,1.0
1017300,1.0
1017600,1.0
1017900,0.9655172413793104
1018200,0.9655172413793104
1018500,0.9655172413793104
1018800,0.9655172413793104
1019100,0.9655172413793104
1019400,0.9655172413793104
1019700,0.9655172413793104
1020000,0.9655172413793104
1020300,0.9655172413793104
1020600,0.9655172413793104
1020900,0.9655172413793104
1021200,0.9655172413793104
1021500,0.9655172413793104
1021800,0.9655172413793104
1022100,0.896551724137931
1022400,0.8620689655172413
1022700,0.896551724137931
1023000,0.896551724137931
1023300,0.896551724137931
1023600,0.8620689655172413
1023900,0.8275862068965517
1024200,0.7931034482758621
1024500,0.7241379310344828
1024800,0.7586206896551724
1025100,0.7241379310344828
1025400,0.7241379310344828
1025700,0.7586206896551724
1026000,0.7241379310344828
1026300,0.7586206896551724
1026600,0.7586206896551724
1026900,0.7241379310344828
1027200,0.7931034482758621
1027500,0.8275862068965517
1027800,0.7931034482758621
1028100,0.7931034482758621
1028400,0.7931034482758621
1028700,0.7586206896551724
1029000,0.7241379310344828
1029300,0.7241379310344828
1029600,0.7241379310344828
1029900,0.7241379310344828
1030200,0.6896551724137931
1030500,0.6896551724137931
1030800,0.6896551724137931
1031100,0.6896551724137931
1031400,0.6896551724137931
1031700,0.6896551724137931
1032000,0.6896551724137931
1032300,0.6896551724137931
1032600,0.6896551724137931
1032900,0.6896551724137931
1033200,0.6896551724137931
1033500,0.6896551724137931
1033800,0.6896551724137931
1034100,0.6896551724137931
1034400,0.6896551724137931
1034700,0.6896551724137931
1035000,0.6896551724137931
1035300,0.6896551724137931
1035600,0.6896551724137931
1035900,0.6896551724137931
1036200,0.6896551724137931
1036500,0.6896551724137931
1036800,0.6896551724137931
1037100,0.6896551724137931
1037400,0.6896551724137931
1037700,0.6896551724137931
1038000,0.6896551724137931
1038300,0.6896551724137931
1038600,0.6896551724137931
1038900,0.6896551724137931
1039200,0.6896551724137931
1039500,0.6896551724137931
1039800,0.6896551724137931
1040100,0.6896551724137931
1040400,0.6896551724137931
1040700,0.6896551724137931
1041000,0.6896551724137931
1041300,0.6896551724137931
1041600,0.6896551724137931
1041900,0.6896551724137931
1042200,0.6896551724137931
1042500,0.6896551724137931
1042800,0.6896551724137931
1043100,0.6896551724137931
1043400,0.6896551724137931
1043700,0.6896551724137931
1044000,0.6896551724137931
1044300,0.6896551724137931
1044600,0.6896551724137931
1044900,0.6896551724137931
1045200,0.6896551724137931
1045500,0.6896551724137931
1045800,0.6896551724137931
1046100,0.6896551724137931
1046400,0.6896551724137931
1046700,0.6896551724137931
1047000,0.6896551724137931
1047300,0.6896551724137931
1047600,0.6896551724137931
1047900,0.6896551724137931
1048200,0.6896551724137931
1048500,0.6896551724137931
1048800,0.6896551724137931
1049100,0.6896551724137931
1049400,0.6896551724137931
1049700,0.6896551724137931
1050000,0.6896551724137931
1050300,0.6896551724137931
1050600,0.6896551724137931
1050900,0.6896551724137931
1051200,0.6896551724137931
1051500,0.6896551724137931
1051800,0.6896551724137931
1052100,0.6896551724137931
1052400,0.6896551724137931
1052700,0.6896551724137931
1053000,0.6896551724137931
1053300,0.6896551724137931
1053600,0.6896551724137931
1053900,0.6896551724137931
1054200,0.6896551724137931
1054500,0.6896551724137931
1054800,0.6896551724137931
1055100,0.6896551724137931
1055400,0.6896551724137931
1055700,0.6896551724137931
1056000,0.6896551724137931
1056300,0.6896551724137931
1056600,0.6896551724137931
1056900,0.6896551724137931
1057200,0.6896551724137931
1057500,0.6896551724137931
1057800,0.6896551724137931
1058100,0.6896551724137931
1058400,0.6896551724137931
1058700,0.6896551724137931
1059000,0.6896551724137931
1059300,0.6896551724137931
1059600,0.6896551724137931
1059900,0.6896551724137931
1060200,0.6896551724137931
1060500,0.6896551724137931
1060800,0.6896551724137931
1061100,0.6896551724137931
1061400,0.6896551724137931
1061700,0.6896551724137931
1062000,0.6896551724137931
1062300,0.6896551724137931
1062600,0.6896551724137931
1062900,0.6896551724137931
1063200,0.6896551724137931
1063500,0.6896551724137931
1063800,0.6896551724137931
1064100,0.6896551724137931
1064400,0.6896551724137931
1064700,0.6896551724137931
1065000,0.6896551724137931
1065300,0.6896551724137931
1065600,0.6896551724137931
1065900,0.6896551724137931
1066200,0.6896551724137931
1066500,0.6896551724137931
1066800,0.6896551724137931
1067100,0.6896551724137931
1067400,0.6896551724137931
1067700,0.6896551724137931
1068000,0.6896551724137931
1068300,0.6896551724137931
1068600,0.6896551724137931
1068900,0.6896551724137931
1069200,0.6896551724137931
1069500,0.6896551724137931
1069800,0.6896551724137931
1070100,0.6896551724137931
1070400,0.6896551724137931
1070700,0.6896551724137931
1071000,0.6896551724137931
1071300,0.6896551724137931
1071600,0.6896551724137931
1071900,0.6896551724137931
1072200,0.6896551724137931
1072500,0.6896551724137931
1072800,0.6896551724137931
1073100,0.6896551724137931
1073400,0.6896551724137931
1073700,0.6896551724137931
1074000,0.6896551724137931
1074300,0.6896551724137931
1074600,0.6896551724137931
1074900,0.6896551724137931
1075200,0.6896551724137931
1075500,0.6896551724137931
1075800,0.6896551724137931
1076100,0.6896551724137931
1076400,0.6896551724137931
1076700,0.6896551724137931
1077000,0.6896551724137931
1077300,0.6896551724137931
1077600,0.6896551724137931
1077900,0.6896551724137931
1078200,0.6896551724137931
1078500,0.6896551724137931
1078800,0.6896551724137931
1079100,0.6896551724137931
1079400,0.6896551724137931
1079700,0.6896551724137931
1080000,0.6896551724137931
1080300,0.6896551724137931
1080600,0.6896551724137931
1080900,0.6896551724137931
1081200,0.6896551724137931
1081500,0.6896551724137931
1081800,0.6896551724137931
1082100,0.6896551724137931
1082400,0.6896551724137931
1082700,0.6896551724137931
1083000,0.6896551724137931
1083300,0.6896551724137931
1083600,0.6896551724137931
1083900,0.6896551724137931
1084200,0.6896551724137931
1084500,0.6896551724137931
1084800,0.6896551724137931
1085100,0.6896551724137931
1085400,0.6896551724137931
1085700,0.6896551724137931
1086000,0.6896551724137931
1086300,0.6896551724137931
1086600,0.6896551724137931
1086900,0.6896551724137931
1087200,0.6896551724137931
1087500,0.6896551724137931
1087800,0.6896551724137931
1088100,0.6896551724137931
1088400,0.6896551724137931
1088700,0.6896551724137931
1089000,0.6896551724137931
1089300,0.6896551724137931
1089600,0.6896551724137931
1089900,0.6896551724137931
1090200,0.6896551724137931
1090500,0.6896551724137931
1090800,0.6896551724137931
1091100,0.6896551724137931
1091400,0.6896551724137931
1091700,0.6896551724137931
1092000,0.6896551724137931
1092300,0.6896551724137931
1092600,0.6896551724137931
1092900,0.6896551724137931
1093200,0.6896551724137931
1093500,0.6896551724137931
1093800,0.6896551724137931
1094100,0.6896551724137931
1094400,0.6896551724137931
1094700,0.6896551724137931
1095000,0.6896551724137931
1095300,0.6896551724137931
1095600,0.6896551724137931
1095900,0.6896551724137931
1096200,0.6896551724137931
1096500,0.6896551724137931
1096800,0.6896551724137931
1097100,0.6896551724137931
1097400,0.6896551724137931
1097700,0.6896551724137931
1098000,0.6896551724137931
1098300,0.6896551724137931
1098600,0.6896551724137931
1098900,0.6896551724137931
1099200,0.6896551724137931
1099500,0.6896551724137931
1099800,0.6896551724137931
1100100,0.6896551724137931
1100400,0.6896551724137931
1100700,0.6896551724137931
1101000,0.6896551724137931
1101300,0.6896551724137931
1101600,0.6896551724137931
1101900,0.6896551724137931
1102200,0.6896551724137931
1102500,0.6896551724137931
1102800,0.6896551724137931
1103100,0.6896551724137931
1103400,0.6896551724137931
1103700,0.6896551724137931
1104000,0.6896551724137931
1104300,0.6896551724137931
1104600,0.6896551724137931
1104900,0.6896551724137931
1105200,0.6896551724137931
1105500,0.6896551724137931
1105800,0.6896551724137931
1106100,0.6896551724137931
1106400,0.6896551724137931
1106700,0.6896551724137931
1107000,0.6896551724137931
1107300,0.6896551724137931
1107600,0.6896551724137931
1107900,0.6896551724137931
1108200,0.6896551724137931
1108500,0.6896551724137931
1108800,0.6896551724137931
1109100,0.6896551724137931
1109400,0.6896551724137931
1109700,0.6896551724137931
1110000,0.6896551724137931
1110300,0.6896551724137931
1110600,0.6896551724137931
1110900,0.6896551724137931
1111200,0.6896551724137931
1111500,0.6896551724137931
1111800,0.6896551724137931
1112100,0.6896551724137931
1112400,0.6896551724137931
1112700,0.6896551724137931
1113000,0.6896551724137931
1113300,0.6896551724137931
1113600,0.6896551724137931
1113900,0.6896551724137931
1114200,0.6896551724137931
1114500,0.6896551724137931
1114800,0.6896551724137931
1115100,0.6896551724137931
1115400,0.6896551724137931
1115700,0.6896551724137931
1116000,0.6896551724137931
1116300,0.6896551724137931
1116600,0.6896551724137931
1116900,0.6896551724137931
1117200,0.6896551724137931
1117500,0.8275862068965517
1117800,0.7241379310344828
1118100,0.6896551724137931
1118400,0.6896551724137931
1118700,0.6896551724137931
1119000,0.6896551724137931
1119300,0.6896551724137931
1119600,0.7241379310344828
1119900,0.7241379310344828
1120200,0.7241379310344828
1120500,0.7241379310344828
1120800,0.7241379310344828
1121100,0.7241379310344828
1121400,0.7241379310344828
1121700,0.7241379310344828
1122000,0.7241379310344828
1122300,0.6896551724137931
1122600,0.6896551724137931
1122900,0.7586206896551724
1123200,0.7586206896551724
1123500,0.6206896551724138
1123800,0.5172413793103449
1124100,0.5172413793103449
1124400,0.5517241379310345
1124700,0.4827586206896552
1125000,0.4482758620689655
1125300,0.41379310344827586
1125600,0.41379310344827586
1125900,0.3103448275862069
1126200,0.3448275862068966
1126500,0.27586206896551724
1126800,0.27586206896551724
1127100,0.41379310344827586
1127400,0.3793103448275862
1127700,0.3448275862068966
1128000,0.3793103448275862
1128300,0.3793103448275862
1128600,0.3793103448275862
1128900,0.5172413793103449
1129200,0.5172413793103449
1129500,0.5172413793103449
1129800,0.5172413793103449
1130100,0.5172413793103449
1130400,0.5517241379310345
1130700,0.6551724137931034
1131000,0.6551724137931034
1131300,0.7931034482758621
1131600,0.7586206896551724
1131900,0.7931034482758621
1132200,0.6896551724137931
1132500,0.6896551724137931
1132800,0.6551724137931034
1133100,0.6206896551724138
1133400,0.5517241379310345
1133700,0.5517241379310345
1134000,0.6551724137931034
1134300,0.6551724137931034
1134600,0.5862068965517241
1134900,0.7241379310344828
1135200,0.6896551724137931
1135500,0.6896551724137931
1135800,0.6551724137931034
1136100,0.7586206896551724
1136400,0.7241379310344828
1136700,0.8620689655172413
1137000,0.8620689655172413
1137300,0.8620689655172413
1137600,0.8620689655172413
1137900,0.8620689655172413
1138200,0.8620689655172413
1138500,0.7931034482758621
1138800,0.7931034482758621
1139100,0.7586206896551724
1139400,0.7931034482758621
1139700,0.7931034482758621
1140000,0.8620689655172413
1140300,0.8620689655172413
1140600,0.896551724137931
1140900,0.8620689655172413
1141200,0.8275862068965517
1141500,0.7931034482758621
1141800,0.7931034482758621
1142100,0.7931034482758621
1142400,0.7931034482758621
1142700,0.7586206896551724
1143000,0.7241379310344828
1143300,0.6551724137931034
1143600,0.6896551724137931
1143900,0.7241379310344828
1144200,0.7241379310344828
1144500,0.7241379310344828
1144800,0.7241379310344828
1145100,0.7241379310344828
1145400,0.6896551724137931
1145700,0.6551724137931034
1146000,0.6551724137931034
1146300,0.6206896551724138
1146600,0.6551724137931034
1146900,0.6551724137931034
1147200,0.6896551724137931
1147500,0.6896551724137931
1147800,0.6551724137931034
1148100,0.6896551724137931
1148400,0.6896551724137931
1148700,0.7241379310344828
1149000,0.7241379310344828
1149300,0.7586206896551724
1149600,0.6551724137931034
1149900,0.6896551724137931
1150200,0.6551724137931034
1150500,0.6896551724137931
1150800,0.6551724137931034
1151100,0.6896551724137931
1151400,0.6896551724137931
1151700,0.6896551724137931
1152000,0.7241379310344828
1152300,0.7931034482758621
1152600,0.8620689655172413
1152900,0.896551724137931
1153200,0.9310344827586207
1153500,0.896551724137931
1153800,0.896551724137931
1154100,0.896551724137931
1154400,0.9310344827586207
1154700,0.9310344827586207
1155000,0.9310344827586207
1155300,0.9310344827586207
1155600,0.896551724137931
1155900,0.896551724137931
1156200,0.896551724137931
1156500,0.896551724137931
1156800,0.896551724137931
1157100,0.9310344827586207
1157400,0.9310344827586207
1157700,0.9310344827586207
1158000,0.896551724137931
1158300,0.896551724137931
1158600,0.896551724137931
1158900,0.896551724137931
1159200,0.896551724137931
1159500,0.896551724137931
1159800,0.9310344827586207
1160100,0.9310344827586207
1160400,0.9310344827586207
1160700,0.896551724137931
1161000,0.9310344827586207
1161300,0.9310344827586207
1161600,0.9310344827586207
1161900,0.9310344827586207
1162200,0.9310344827586207
1162500,0.9310344827586207
1162800,0.9310344827586207
1163100,0.9310344827586207
1163400,0.9310344827586207
1163700,0.9310344827586207
1164000,0.9310344827586207
1164300,0.896551724137931
1164600,0.896551724137931
1164900,0.896551724137931
1165200,0.896551724137931
1165500,0.896551724137931
1165800,0.896551724137931
1166100,0.896551724137931
1166400,0.9310344827586207
1166700,0.8620689655172413
1167000,0.7241379310344828
1167300,0.7586206896551724
1167600,0.6551724137931034
1167900,0.5862068965517241
1168200,0.4827586206896552
1168500,0.4827586206896552
1168800,0.3793103448275862
1169100,0.3103448275862069
1169400,0.3103448275862069
1169700,0.41379310344827586
1170000,0.3793103448275862
1170300,0.3448275862068966
1170600,0.27586206896551724
1170900,0.2413793103448276
1171200,0.13793103448275862
1171500,0.10344827586206896
1171800,0.10344827586206896
1172100,0.10344827586206896
1172400,0.1724137931034483
1172700,0.20689655172413793
1173000,0.3103448275862069
1173300,0.41379310344827586
1173600,0.5172413793103449
1173900,0.6551724137931034
1174200,0.6206896551724138
1174500,0.6896551724137931
1174800,0.6551724137931034
1175100,0.6896551724137931
1175400,0.6896551724137931
1175700,0.7241379310344828
1176000,0.6896551724137931
1176300,0.6896551724137931
1176600,0.6896551724137931
1176900,0.7241379310344828
1177200,0.7931034482758621
1177500,0.7931034482758621
1177800,0.7931034482758621
1178100,0.8620689655172413
1178400,0.8620689655172413
1178700,0.9310344827586207
1179000,0.9310344827586207
1179300,0.9310344827586207
1179600,0.896551724137931
1179900,0.896551724137931
1180200,0.9310344827586207
1180500,0.9310344827586207
1180800,0.896551724137931
1181100,0.896551724137931
1181400,0.896551724137931
1181700,0.896551724137931
1182000,0.896551724137931
1182300,0.896551724137931
1182600,0.8620689655172413
1182900,0.8620689655172413
1183200,0.896551724137931
1183500,0.896551724137931
1183800,0.9310344827586207
1184100,0.9310344827586207
1184400,0.9655172413793104
1184700,0.9655172413793104
1185000,0.9655172413793104
1185300,0.9655172413793104
1185600,0.9655172413793104
1185900,0.9655172413793104
1186200,0.9655172413793104
1186500,1.0
1186800,1.0
1187100,1.0
1187400,1.0
1187700,1.0
1188000,1.0
1188300,1.0
1188600,1.0
1188900,1.0
1189200,1.0
1189500,1.0
1189800,0.9655172413793104
1190100,0.9655172413793104
1190400,0.9655172413793104
1190700,0.9655172413793104
1191000,0.9655172413793104
1191300,1.0
1191600,0.9655172413793104
1191900,0.9310344827586207
1192200,0.896551724137931
1192500,0.896551724137931
1192800,0.8620689655172413
1193100,0.8275862068965517
1193400,0.7931034482758621
1193700,0.7931034482758621
1194000,0.7241379310344828
1194300,0.6551724137931034
1194600,0.6551724137931034
1194900,0.6551724137931034
1195200,0.6896551724137931
1195500,0.6896551724137931
1195800,0.7931034482758621
1196100,0.7931034482758621
1196400,0.8275862068965517
1196700,0.7931034482758621
1197000,0.7586206896551724
1197300,0.7586206896551724
1197600,0.7586206896551724
1197900,0.7241379310344828
1198200,0.7931034482758621
1198500,0.8275862068965517
1198800,0.8275862068965517
1199100,0.7931034482758621
1199400,0.8275862068965517
1199700,0.7931034482758621
1200000,0.7241379310344828
1200300,0.6896551724137931
1200600,0.7241379310344828
1200900,0.7241379310344828
1201200,0.7586206896551724
1201500,0.7586206896551724
1201800,0.7931034482758621
1202100,0.7586206896551724
1202400,0.7586206896551724
1202700,0.7586206896551724
1203000,0.8275862068965517
1203300,0.8275862068965517
1203600,0.8620689655172413
1203900,0.8275862068965517
1204200,0.7586206896551724
1204500,0.7241379310344828
1204800,0.6896551724137931
1205100,0.7241379310344828
1205400,0.6896551724137931
1205700,0.6896551724137931
1206000,0.6551724137931034
1206300,0.6551724137931034
1206600,0.6206896551724138
1206900,0.7241379310344828
1207200,0.7241379310344828
1207500,0.7241379310344828
1207800,0.6206896551724138
1208100,0.6206896551724138
1208400,0.5172413793103449
1208700,0.4482758620689655
1209000,0.41379310344827586
1209300,0.41379310344827586
1209600,0.3793103448275862
1209900,0.4482758620689655
1210200,0.4482758620689655
1210500,0.3448275862068966
1210800,0.3448275862068966
1211100,0.3103448275862069
1211400,0.3103448275862069
1211700,0.3103448275862069
1212000,0.27586206896551724
1212300,0.3103448275862069
1212600,0.3793103448275862
1212900,0.4482758620689655
1213200,0.5172413793103449
1213500,0.5517241379310345
1213800,0.4827586206896552
1214100,0.5172413793103449
1214400,0.41379310344827586
1214700,0.4482758620689655
1215000,0.4827586206896552
1215300,0.5517241379310345
1215600,0.5517241379310345
1215900,0.4827586206896552
1216200,0.5517241379310345
1216500,0.4827586206896552
1216800,0.5172413793103449
1217100,0.5172413793103449
1217400,0.4827586206896552
1217700,0.4827586206896552
1218000,0.5172413793103449
1218300,0.5517241379310345
1218600,0.6206896551724138
1218900,0.6206896551724138
1219200,0.6206896551724138
1219500,0.6206896551724138
1219800,0.5862068965517241
1220100,0.6206896551724138
1220400,0.5517241379310345
1220700,0.5862068965517241
1221000,0.6551724137931034
1221300,0.6206896551724138
1221600,0.6551724137931034
1221900,0.6551724137931034
1222200,0.6896551724137931
1222500,0.6896551724137931
1222800,0.6896551724137931
1223100,0.6551724137931034
1223400,0.6206896551724138
1223700,0.5862068965517241
1224000,0.6206896551724138
1224300,0.5862068965517241
1224600,0.6206896551724138
1224900,0.6551724137931034
1225200,0.6551724137931034
1225500,0.6551724137931034
1225800,0.6551724137931034
1226100,0.6551724137931034
1226400,0.6551724137931034
1226700,0.7241379310344828
1227000,0.7241379310344828
1227300,0.7586206896551724
1227600,0.8275862068965517
1227900,0.7931034482758621
1228200,0.7931034482758621
1228500,0.7586206896551724
1228800,0.7586206896551724
1229100,0.7241379310344828
1229400,0.7241379310344828
1229700,0.6551724137931034
1230000,0.6551724137931034
1230300,0.6896551724137931
1230600,0.7241379310344828
1230900,0.7241379310344828
1231200,0.7586206896551724
1231500,0.7241379310344828
1231800,0.7586206896551724
1232100,0.7241379310344828
1232400,0.7241379310344828
1232700,0.6896551724137931
1233000,0.7241379310344828
1233300,0.6896551724137931
1233600,0.6896551724137931
1233900,0.6896551724137931
1234200,0.7241379310344828
1234500,0.6896551724137931
1234800,0.7586206896551724
1235100,0.7241379310344828
1235400,0.7241379310344828
1235700,0.7241379310344828
1236000,0.7241379310344828
1236300,0.7241379310344828
1236600,0.7241379310344828
1236900,0.7241379310344828
1237200,0.8275862068965517
1237500,0.7931034482758621
1237800,0.896551724137931
1238100,0.896551724137931
1238400,0.896551724137931
1238700,0.9310344827586207
1239000,0.9310344827586207
1239300,0.9310344827586207
1239600,0.896551724137931
1239900,0.8620689655172413
1240200,0.8620689655172413
1240500,0.8620689655172413
1240800,0.896551724137931
1241100,0.896551724137931
1241400,0.9655172413793104
1241700,0.9655172413793104
1242000,0.9655172413793104
1242300,0.9655172413793104
1242600,0.9655172413793104
1242900,0.9310344827586207
1243200,0.9310344827586207
1243500,0.9310344827586207
1243800,0.896551724137931
1244100,0.896551724137931
1244400,0.9310344827586207
1244700,0.896551724137931
1245000,0.896551724137931
1245300,0.896551724137931
1245600,0.896551724137931
1245900,0.896551724137931
1246200,0.8620689655172413
1246500,0.8275862068965517
1246800,0.8620689655172413
1247100,0.8275862068965517
1247400,0.8275862068965517
1247700,0.8275862068965517
1248000,0.8275862068965517
1248300,0.8275862068965517
1248600,0.8275862068965517
1248900,0.8275862068965517
1249200,0.8275862068965517
1249500,0.8275862068965517
1249800,0.8275862068965517
1250100,0.8275862068965517
1250400,0.896551724137931
1250700,0.896551724137931
1251000,0.8620689655172413
1251300,0.8620689655172413
1251600,0.8620689655172413
1251900,0.8620689655172413
1252200,0.8620689655172413
1252500,0.7931034482758621
1252800,0.6896551724137931
1253100,0.6896551724137931
1253400,0.6551724137931034
1253700,0.6896551724137931
1254000,0.6551724137931034
1254300,0.5172413793103449
1254600,0.4827586206896552
1254900,0.41379310344827586
1255200,0.3103448275862069
1255500,0.3103448275862069
1255800,0.1724137931034483
1256100,0.2413793103448276
1256400,0.20689655172413793
1256700,0.20689655172413793
1257000,0.27586206896551724
1257300,0.27586206896551724
1257600,0.3448275862068966
1257900,0.27586206896551724
1258200,0.27586206896551724
1258500,0.3448275862068966
1258800,0.3103448275862069
1259100,0.3448275862068966
1259400,0.41379310344827586
1259700,0.4482758620689655
1260000,0.5517241379310345
1260300,0.6206896551724138
1260600,0.6551724137931034
1260900,0.6551724137931034
1261200,0.7586206896551724
1261500,0.7931034482758621
1261800,0.896551724137931
1262100,0.8275862068965517
1262400,0.8275862068965517
1262700,0.896551724137931
1263000,0.896551724137931
1263300,0.896551724137931
1263600,0.896551724137931
1263900,0.896551724137931
1264200,0.896551724137931
1264500,0.896551724137931
1264800,0.896551724137931
1265100,0.896551724137931
1265400,0.896551724137931
1265700,0.8275862068965517
1266000,0.7586206896551724
1266300,0.7586206896551724
1266600,0.7586206896551724
1266900,0.8275862068965517
1267200,0.8275862068965517
1267500,0.896551724137931
1267800,0.896551724137931
1268100,0.8275862068965517
1268400,0.8275862068965517
1268700,0.8620689655172413
1269000,0.8620689655172413
1269300,0.8620689655172413
1269600,0.8620689655172413
1269900,0.8620689655172413
1270200,0.8620689655172413
1270500,0.9310344827586207
1270800,0.9310344827586207
1271100,0.9655172413793104
1271400,0.9655172413793104
1271700,0.9655172413793104
1272000,0.9655172413793104
1272300,0.9655172413793104
1272600,0.9310344827586207
1272900,0.896551724137931
1273200,0.896551724137931
1273500,0.896551724137931
1273800,0.896551724137931
1274100,0.896551724137931
1274400,0.896551724137931
1274700,0.896551724137931
1275000,0.8620689655172413
1275300,0.8275862068965517
1275600,0.896551724137931
1275900,0.896551724137931
1276200,0.896551724137931
1276500,0.896551724137931
1276800,0.896551724137931
1277100,0.896551724137931
1277400,0.896551724137931
1277700,0.8620689655172413
1278000,0.8620689655172413
1278300,0.8275862068965517
1278600,0.8275862068965517
1278900,0.8620689655172413
1279200,0.8275862068965517
1279500,0.896551724137931
1279800,0.8275862068965517
1280100,0.8275862068965517
1280400,0.8275862068965517
1280700,0.8620689655172413
1281000,0.8275862068965517
1281300,0.8275862068965517
1281600,0.8275862068965517
1281900,0.8275862068965517
1282200,0.8275862068965517
1282500,0.8275862068965517
1282800,0.8275862068965517
1283100,0.8275862068965517
1283400,0.8620689655172413
1283700,0.8620689655172413
1284000,0.896551724137931
1284300,0.8620689655172413
1284600,0.7586206896551724
1284900,0.7931034482758621
1285200,0.7586206896551724
1285500,0.7586206896551724
1285800,0.7586206896551724
1286100,0.7931034482758621
1286400,0.7586206896551724
1286700,0.6896551724137931
1287000,0.7241379310344828
1287300,0.7586206896551724
1287600,0.7586206896551724
1287900,0.7241379310344828
1288200,0.7586206896551724
1288500,0.7586206896551724
1288800,0.7586206896551724
1289100,0.7586206896551724
1289400,0.7931034482758621
1289700,0.7931034482758621
1290000,0.7586206896551724
1290300,0.7931034482758621
1290600,0.7931034482758621
1290900,0.7931034482758621
1291200,0.7586206896551724
1291500,0.7586206896551724
1291800,0.7931034482758621
1292100,0.7931034482758621
1292400,0.8620689655172413
1292700,0.896551724137931
1293000,0.8620689655172413
1293300,0.8620689655172413
1293600,0.7931034482758621
1293900,0.7931034482758621
1294200,0.6896551724137931
1294500,0.6551724137931034
1294800,0.6206896551724138
1295100,0.5862068965517241
1295400,0.5862068965517241
1295700,0.6206896551724138
1296000,0.6206896551724138
1296300,0.5862068965517241
1296600,0.5517241379310345
1296900,0.4827586206896552
1297200,0.41379310344827586
1297500,0.2413793103448276
1297800,0.3103448275862069
1298100,0.3103448275862069
1298400,0.3793103448275862
1298700,0.3448275862068966
1299000,0.27586206896551724
1299300,0.1724137931034483
1299600,0.20689655172413793
1299900,0.13793103448275862
1300200,0.06896551724137931
1300500,0.06896551724137931
1300800,0.034482758620689655
1301100,0.10344827586206896
1301400,0.2413793103448276
1301700,0.27586206896551724
1302000,0.3103448275862069
1302300,0.3448275862068966
1302600,0.3793103448275862
1302900,0.3103448275862069
1303200,0.27586206896551724
1303500,0.2413793103448276
1303800,0.2413793103448276
1304100,0.13793103448275862
1304400,0.13793103448275862
1304700,0.3103448275862069
1305000,0.2413793103448276
1305300,0.27586206896551724
1305600,0.3103448275862069
1305900,0.3103448275862069
1306200,0.3448275862068966
1306500,0.2413793103448276
1306800,0.27586206896551724
1307100,0.27586206896551724
1307400,0.3103448275862069
1307700,0.3103448275862069
1308000,0.3448275862068966
1308300,0.3793103448275862
1308600,0.3448275862068966
1308900,0.3448275862068966
1309200,0.27586206896551724
1309500,0.2413793103448276
1309800,0.3103448275862069
1310100,0.3448275862068966
1310400,0.41379310344827586
1310700,0.3448275862068966
1311000,0.3448275862068966
1311300,0.41379310344827586
1311600,0.41379310344827586
1311900,0.5172413793103449
1312200,0.5517241379310345
1312500,0.6551724137931034
1312800,0.6896551724137931
1313100,0.7241379310344828
1313400,0.7241379310344828
1313700,0.6551724137931034
1314000,0.6206896551724138
1314300,0.5172413793103449
1314600,0.5517241379310345
1314900,0.5862068965517241
1315200,0.5517241379310345
1315500,0.5172413793103449
1315800,0.4827586206896552
1316100,0.4827586206896552
1316400,0.5517241379310345
1316700,0.5172413793103449
1317000,0.5172413793103449
1317300,0.5517241379310345
1317600,0.6896551724137931
1317900,0.6551724137931034
1318200,0.5862068965517241
1318500,0.6206896551724138
1318800,0.5172413793103449
1319100,0.4482758620689655
1319400,0.5517241379310345
1319700,0.5862068965517241
1320000,0.6206896551724138
1320300,0.5862068965517241
1320600,0.5172413793103449
1320900,0.5172413793103449
1321200,0.4827586206896552
1321500,0.4827586206896552
1321800,0.5172413793103449
1322100,0.5862068965517241
1322400,0.5862068965517241
1322700,0.5862068965517241
1323000,0.5862068965517241
1323300,0.5862068965517241
1323600,0.6206896551724138
1323900,0.7241379310344828
1324200,0.6896551724137931
1324500,0.6896551724137931
1324800,0.7586206896551724
1325100,0.6896551724137931
1325400,0.7241379310344828
1325700,0.7241379310344828
1326000,0.7241379310344828
1326300,0.7241379310344828
1326600,0.7586206896551724
1326900,0.8275862068965517
1327200,0.8275862068965517
1327500,0.8275862068965517
1327800,0.8620689655172413
1328100,0.8275862068965517
1328400,0.8275862068965517
1328700,0.8275862068965517
1329000,0.7931034482758621
1329300,0.7586206896551724
1329600,0.7586206896551724
1329900,0.7586206896551724
1330200,0.7586206896551724
1330500,0.7586206896551724
1330800,0.7931034482758621
1331100,0.7931034482758621
1331400,0.7931034482758621
1331700,0.8275862068965517
1332000,0.8275862068965517
1332300,0.8620689655172413
1332600,0.8620689655172413
1332900,0.8620689655172413
1333200,0.8620689655172413
1333500,0.8620689655172413
1333800,0.8620689655172413
1334100,0.8620689655172413
1334400,0.8620689655172413
1334700,0.8620689655172413
1335000,0.8620689655172413
1335300,0.8275862068965517
1335600,0.8275862068965517
1335900,0.8275862068965517
1336200,0.8275862068965517
1336500,0.8275862068965517
1336800,0.8620689655172413
1337100,0.8620689655172413
1337400,0.8620689655172413
1337700,0.8275862068965517
1338000,0.8620689655172413
1338300,0.8275862068965517
1338600,0.8275862068965517
1338900,0.8275862068965517
1339200,0.8620689655172413
1339500,0.7931034482758621
1339800,0.7931034482758621
1340100,0.8275862068965517
1340400,0.8275862068965517
1340700,0.8275862068965517
1341000,0.8275862068965517
1341300,0.6896551724137931
1341600,0.6896551724137931
1341900,0.7241379310344828
1342200,0.7241379310344828
1342500,0.7241379310344828
1342800,0.6551724137931034
1343100,0.6206896551724138
1343400,0.5172413793103449
1343700,0.4827586206896552
1344000,0.5517241379310345
1344300,0.6206896551724138
1344600,0.5517241379310345
1344900,0.5172413793103449
1345200,0.5172413793103449
1345500,0.4827586206896552
1345800,0.4827586206896552
1346100,0.5172413793103449
1346400,0.5862068965517241
1346700,0.7931034482758621
1347000,0.8275862068965517
1347300,0.7931034482758621
1347600,0.7931034482758621
1347900,0.7931034482758621
1348200,0.8275862068965517
1348500,0.7931034482758621
1348800,0.8620689655172413
1349100,0.8620689655172413
1349400,0.896551724137931
1349700,0.9310344827586207
1350000,0.9310344827586207
1350300,0.9310344827586207
1350600,0.896551724137931
1350900,0.8620689655172413
1351200,0.8275862068965517
1351500,0.7586206896551724
1351800,0.7241379310344828
1352100,0.7241379310344828
1352400,0.7241379310344828
1352700,0.7241379310344828
1353000,0.7241379310344828
1353300,0.7931034482758621
1353600,0.7931034482758621
1353900,0.7586206896551724
1354200,0.7586206896551724
1354500,0.7586206896551724
1354800,0.7931034482758621
1355100,0.8275862068965517
1355400,0.8620689655172413
1355700,0.8620689655172413
1356000,0.8620689655172413
1356300,0.8275862068965517
1356600,0.8620689655172413
1356900,0.8620689655172413
1357200,0.8275862068965517
1357500,0.8275862068965517
1357800,0.8275862068965517
1358100,0.8275862068965517
1358400,0.8620689655172413
1358700,0.896551724137931
1359000,0.896551724137931
1359300,0.896551724137931
1359600,0.896551724137931
1359900,0.896551724137931
1360200,0.896551724137931
1360500,0.9310344827586207
1360800,0.9310344827586207
1361100,0.9310344827586207
1361400,0.9310344827586207
1361700,0.896551724137931
1362000,0.8620689655172413
1362300,0.8620689655172413
1362600,0.8620689655172413
1362900,0.8620689655172413
1363200,0.8620689655172413
1363500,0.8620689655172413
1363800,0.896551724137931
1364100,0.9310344827586207
1364400,0.9310344827586207
1364700,0.9310344827586207
1365000,0.8620689655172413
1365300,0.8275862068965517
1365600,0.7931034482758621
1365900,0.7586206896551724
1366200,0.7241379310344828
1366500,0.41379310344827586
1366800,0.5862068965517241
1367100,0.4482758620689655
1367400,0.7241379310344828
1367700,0.5517241379310345
1368000,0.6896551724137931
1368300,0.7586206896551724
1368600,0.6896551724137931
1368900,0.6206896551724138
1369200,0.5517241379310345
1369500,0.5172413793103449
1369800,0.5172413793103449
1370100,0.5172413793103449
1370400,0.5517241379310345
1370700,0.5517241379310345
1371000,0.5172413793103449
1371300,0.5862068965517241
1371600,0.6896551724137931
1371900,0.6896551724137931
1372200,0.6896551724137931
1372500,0.7586206896551724
1372800,0.7931034482758621
1373100,0.8275862068965517
1373400,0.7931034482758621
1373700,0.7931034482758621
1374000,0.7931034482758621
1374300,0.7931034482758621
1374600,0.896551724137931
1374900,0.896551724137931
1375200,0.8275862068965517
1375500,0.7241379310344828
1375800,0.7586206896551724
1376100,0.7586206896551724
1376400,0.7586206896551724
1376700,0.7931034482758621
1377000,0.7241379310344828
1377300,0.7586206896551724
1377600,0.7586206896551724
1377900,0.8620689655172413
1378200,0.8620689655172413
1378500,0.8620689655172413
1378800,0.896551724137931
1379100,0.7931034482758621
1379400,0.7931034482758621
1379700,0.7931034482758621
1380000,0.7931034482758621
1380300,0.7931034482758621
1380600,0.6896551724137931
1380900,0.6896551724137931
1381200,0.6551724137931034
1381500,0.7241379310344828
1381800,0.7241379310344828
1382100,0.7586206896551724
1382400,0.7931034482758621
1382700,0.6206896551724138
1383000,0.5517241379310345
1383300,0.4827586206896552
1383600,0.4827586206896552
1383900,0.4482758620689655
1384200,0.4482758620689655
1384500,0.3793103448275862
1384800,0.13793103448275862
1385100,0.13793103448275862
1385400,0.1724137931034483
1385700,0.20689655172413793
1386000,0.1724137931034483
1386300,0.13793103448275862
1386600,0.06896551724137931
1386900,0.10344827586206896
1387200,0.10344827586206896
1387500,0.20689655172413793
1387800,0.3103448275862069
1388100,0.20689655172413793
1388400,0.20689655172413793
1388700,0.2413793103448276
1389000,0.3448275862068966
1389300,0.41379310344827586
1389600,0.3793103448275862
1389900,0.3793103448275862
1390200,0.3448275862068966
1390500,0.3793103448275862
1390800,0.3448275862068966
1391100,0.41379310344827586
1391400,0.4482758620689655
1391700,0.4827586206896552
1392000,0.5517241379310345
1392300,0.5862068965517241
1392600,0.5862068965517241
1392900,0.6206896551724138
1393200,0.7241379310344828
1393500,0.7931034482758621
1393800,0.7931034482758621
1394100,0.8275862068965517
1394400,0.8275862068965517
1394700,0.8275862068965517
1395000,0.8275862068965517
1395300,0.8275862068965517
1395600,0.7931034482758621
1395900,0.7931034482758621
1396200,0.7586206896551724
1396500,0.7586206896551724
1396800,0.6896551724137931
1397100,0.7586206896551724
1397400,0.7241379310344828
1397700,0.7586206896551724
1398000,0.7586206896551724
1398300,0.7586206896551724
1398600,0.7586206896551724
1398900,0.6896551724137931
1399200,0.6896551724137931
1399500,0.6896551724137931
1399800,0.7241379310344828
1400100,0.7241379310344828
1400400,0.6896551724137931
1400700,0.7241379310344828
1401000,0.7241379310344828
1401300,0.7931034482758621
1401600,0.8275862068965517
1401900,0.8275862068965517
1402200,0.7931034482758621
1402500,0.7586206896551724
1402800,0.7931034482758621
1403100,0.7931034482758621
1403400,0.7586206896551724
1403700,0.7931034482758621
1404000,0.8275862068965517
1404300,0.7931034482758621
1404600,0.7931034482758621
1404900,0.7931034482758621
1405200,0.7931034482758621
1405500,0.8275862068965517
1405800,0.8620689655172413
1406100,0.8275862068965517
1406400,0.8275862068965517
1406700,0.7241379310344828
1407000,0.7241379310344828
1407300,0.7586206896551724
1407600,0.7931034482758621
1407900,0.7931034482758621
1408200,0.7931034482758621
1408500,0.8620689655172413
1408800,0.8620689655172413
1409100,0.896551724137931
1409400,0.896551724137931
1409700,0.896551724137931
1410000,0.8620689655172413
1410300,0.896551724137931
1410600,0.896551724137931
1410900,0.896551724137931
1411200,0.896551724137931
1411500,0.896551724137931
1411800,0.896551724137931
1412100,0.896551724137931
1412400,0.9655172413793104
1412700,0.9655172413793104
1413000,0.9655172413793104
1413300,1.0
1413600,0.9655172413793104
1413900,0.896551724137931
1414200,0.896551724137931
1414500,0.896551724137931
1414800,0.896551724137931
1415100,0.896551724137931
1415400,0.7931034482758621
1415700,0.7931034482758621
1416000,0.7931034482758621
1416300,0.7586206896551724
1416600,0.8275862068965517
1416900,0.7931034482758621
1417200,0.7931034482758621
1417500,0.7931034482758621
1417800,0.7586206896551724
1418100,0.7931034482758621
1418400,0.8275862068965517
1418700,0.8620689655172413
1419000,0.896551724137931
1419300,0.896551724137931
1419600,0.896551724137931
1419900,0.9310344827586207
1420200,0.9310344827586207
1420500,0.9310344827586207
1420800,0.9310344827586207
1421100,0.9310344827586207
1421400,0.9310344827586207
1421700,0.896551724137931
1422000,0.896551724137931
1422300,0.8620689655172413
1422600,0.8620689655172413
1422900,0.8275862068965517
1423200,0.8620689655172413
1423500,0.8620689655172413
1423800,0.8620689655172413
1424100,0.8275862068965517
1424400,0.8620689655172413
1424700,0.8620689655172413
1425000,0.896551724137931
1425300,0.896551724137931
1425600,0.896551724137931
1425900,0.896551724137931
1426200,0.896551724137931
1426500,0.896551724137931
1426800,0.8275862068965517
1427100,0.8275862068965517
1427400,0.7241379310344828
1427700,0.6896551724137931
1428000,0.6551724137931034
1428300,0.6896551724137931
1428600,0.6551724137931034
1428900,0.6206896551724138
1429200,0.6551724137931034
1429500,0.6551724137931034
1429800,0.6896551724137931
1430100,0.6896551724137931
1430400,0.6551724137931034
1430700,0.6206896551724138
1431000,0.6206896551724138
1431300,0.5862068965517241
1431600,0.5517241379310345
1431900,0.6206896551724138
1432200,0.6551724137931034
1432500,0.6896551724137931
1432800,0.6551724137931034
1433100,0.6896551724137931
1433400,0.7241379310344828
1433700,0.7586206896551724
1434000,0.7586206896551724
1434300,0.7931034482758621
1434600,0.7931034482758621
1434900,0.8275862068965517
1435200,0.8275862068965517
1435500,0.8275862068965517
1435800,0.7931034482758621
1436100,0.7931034482758621
1436400,0.7931034482758621
1436700,0.8275862068965517
1437000,0.8275862068965517
1437300,0.7931034482758621
1437600,0.7931034482758621
1437900,0.7931034482758621
1438200,0.7931034482758621
1438500,0.7931034482758621
1438800,0.7931034482758621
1439100,0.7586206896551724
1439400,0.7586206896551724
1439700,0.7586206896551724
1440000,0.7931034482758621
1440300,0.7931034482758621
1440600,0.8620689655172413
1440900,0.8620689655172413
1441200,0.8620689655172413
1441500,0.8620689655172413
1441800,0.8275862068965517
1442100,0.8275862068965517
1442400,0.8275862068965517
1442700,0.8275862068965517
1443000,0.8275862068965517
1443300,0.8275862068965517
1443600,0.8275862068965517
1443900,0.8275862068965517
1444200,0.7931034482758621
1444500,0.7931034482758621
1444800,0.8275862068965517
1445100,0.7931034482758621
1445400,0.7586206896551724
1445700,0.7931034482758621
1446000,0.7931034482758621
1446300,0.7586206896551724
1446600,0.7586206896551724
1446900,0.7586206896551724
1447200,0.7586206896551724
1447500,0.7586206896551724
1447800,0.7586206896551724
1448100,0.7241379310344828
1448400,0.7241379310344828
1448700,0.6896551724137931
1449000,0.7241379310344828
1449300,0.7241379310344828
1449600,0.7241379310344828
1449900,0.7241379310344828
1450200,0.6896551724137931
1450500,0.7241379310344828
1450800,0.7241379310344828
1451100,0.6896551724137931
1451400,0.6896551724137931
1451700,0.6551724137931034
1452000,0.5517241379310345
1452300,0.5517241379310345
1452600,0.5517241379310345
1452900,0.4827586206896552
1453200,0.4827586206896552
1453500,0.4827586206896552
1453800,0.5517241379310345
1454100,0.5517241379310345
1454400,0.5517241379310345
1454700,0.5172413793103449
1455000,0.5862068965517241
1455300,0.5862068965517241
1455600,0.6551724137931034
1455900,0.6896551724137931
1456200,0.6896551724137931
1456500,0.7586206896551724
1456800,0.7586206896551724
1457100,0.7586206896551724
1457400,0.7586206896551724
1457700,0.7241379310344828
1458000,0.6551724137931034
1458300,0.6206896551724138
1458600,0.6206896551724138
1458900,0.5862068965517241
1459200,0.5517241379310345
1459500,0.5517241379310345
1459800,0.5862068965517241
1460100,0.5517241379310345
1460400,0.5517241379310345
1460700,0.5172413793103449
1461000,0.5172413793103449
1461300,0.4827586206896552
1461600,0.5862068965517241
1461900,0.5172413793103449
1462200,0.4827586206896552
1462500,0.5172413793103449
1462800,0.5172413793103449
1463100,0.5172413793103449
1463400,0.5172413793103449
1463700,0.4827586206896552
1464000,0.5517241379310345
1464300,0.5862068965517241
1464600,0.5517241379310345
1464900,0.5517241379310345
1465200,0.4482758620689655
1465500,0.3793103448275862
1465800,0.4482758620689655
1466100,0.4827586206896552
1466400,0.4827586206896552
1466700,0.4827586206896552
1467000,0.41379310344827586
1467300,0.3793103448275862
1467600,0.3448275862068966
1467900,0.3448275862068966
1468200,0.20689655172413793
1468500,0.27586206896551724
1468800,0.1724137931034483
1469100,0.10344827586206896
1469400,0.10344827586206896
1469700,0.10344827586206896
1470000,0.06896551724137931
1470300,0.06896551724137931
1470600,0.06896551724137931
1470900,0.10344827586206896
1471200,0.06896551724137931
1471500,0.034482758620689655
1471800,0.06896551724137931
1472100,0.06896551724137931
1472400,0.06896551724137931
1472700,0.13793103448275862
1473000,0.13793103448275862
1473300,0.13793103448275862
1473600,0.1724137931034483
1473900,0.13793103448275862
1474200,0.27586206896551724
1474500,0.3448275862068966
1474800,0.3103448275862069
1475100,0.3448275862068966
1475400,0.3103448275862069
1475700,0.2413793103448276
1476000,0.27586206896551724
1476300,0.3793103448275862
1476600,0.3448275862068966
1476900,0.3793103448275862
1477200,0.41379310344827586
1477500,0.4482758620689655
1477800,0.4482758620689655
1478100,0.5517241379310345
1478400,0.4827586206896552
1478700,0.5172413793103449
1479000,0.4827586206896552
1479300,0.4827586206896552
1479600,0.4827586206896552
1479900,0.5862068965517241
1480200,0.5862068965517241
1480500,0.6206896551724138
1480800,0.6206896551724138
1481100,0.5862068965517241
1481400,0.5517241379310345
1481700,0.5862068965517241
1482000,0.5862068965517241
1482300,0.5172413793103449
1482600,0.5172413793103449
1482900,0.5172413793103449
1483200,0.5172413793103449
1483500,0.6206896551724138
1483800,0.6551724137931034
1484100,0.6551724137931034
1484400,0.6551724137931034
1484700,0.6896551724137931
1485000,0.6551724137931034
1485300,0.6206896551724138
1485600,0.5862068965517241
1485900,0.5172413793103449
1486200,0.5517241379310345
1486500,0.5172413793103449
1486800,0.5517241379310345
1487100,0.5862068965517241
1487400,0.6071428571428571
1487700,0.5714285714285714
1488000,0.5714285714285714
1488300,0.5714285714285714
1488600,0.5714285714285714
1488900,0.5714285714285714
1489200,0.5714285714285714
1489500,0.5714285714285714
1489800,0.5714285714285714
1490100,0.5714285714285714
1490400,0.5714285714285714
1490700,0.5714285714285714
1491000,0.5714285714285714
1491300,0.5714285714285714
1491600,0.5714285714285714
1491900,0.5714285714285714
1492200,0.5714285714285714
1492500,0.5714285714285714
1492800,0.5714285714285714
1493100,0.5714285714285714
1493400,0.5714285714285714
1493700,0.5714285714285714
1494000,0.5714285714285714
1494300,0.5714285714285714
1494600,0.5714285714285714
1494900,0.5714285714285714
1495200,0.5714285714285714
1495500,0.5714285714285714
1495800,0.5714285714285714
1496100,0.5714285714285714
1496400,0.5714285714285714
1496700,0.5714285714285714
1497000,0.5714285714285714
1497300,0.5714285714285714
1497600,0.5714285714285714
1497900,0.5714285714285714
1498200,0.5714285714285714
1498500,0.7142857142857143
1498800,0.7142857142857143
1499100,0.7142857142857143
1499400,0.7142857142857143
1499700,0.7142857142857143
1500000,0.7142857142857143
1500300,0.7142857142857143
1500600,0.7142857142857143
1500900,0.75
1501200,0.7142857142857143
1501500,0.7142857142857143
1501800,0.7142857142857143
1502100,0.7142857142857143
1502400,0.75
1502700,0.75
1503000,0.75
1503300,0.75
1503600,0.7857142857142857
1503900,0.7857142857142857
1504200,0.7857142857142857
1504500,0.75
1504800,0.7142857142857143
1505100,0.7142857142857143
1505400,0.6785714285714286
1505700,0.6428571428571429
1506000,0.6071428571428571
1506300,0.6428571428571429
1506600,0.6785714285714286
1506900,0.7142857142857143
1507200,0.75
1507500,0.75
1507800,0.7142857142857143
1508100,0.7142857142857143
1508400,0.7142857142857143
1508700,0.7142857142857143
1509000,0.7142857142857143
1509300,0.6785714285714286
1509600,0.7142857142857143
1509900,0.7142857142857143
1510200,0.7857142857142857
1510500,0.75
1510800,0.75
1511100,0.6428571428571429
1511400,0.75
1511700,0.7142857142857143
1512000,0.6071428571428571
1512300,0.5
1512600,0.42857142857142855
1512900,0.42857142857142855
1513200,0.32142857142857145
1513500,0.35714285714285715
1513800,0.2857142857142857
1514100,0.17857142857142858
1514400,0.14285714285714285
1514700,0.14285714285714285
1515000,0.10714285714285714
1515300,0.07142857142857142
1515600,0.10714285714285714
1515900,0.14285714285714285
1516200,0.14285714285714285
1516500,0.21428571428571427
1516800,0.25
1517100,0.32142857142857145
1517400,0.35714285714285715
1517700,0.32142857142857145
1518000,0.35714285714285715
1518300,0.35714285714285715
1518600,0.42857142857142855
1518900,0.4642857142857143
1519200,0.42857142857142855
1519500,0.5357142857142857
1519800,0.6428571428571429
1520100,0.6785714285714286
1520400,0.7142857142857143
1520700,0.75
1521000,0.7857142857142857
1521300,0.75
1521600,0.75
1521900,0.75
1522200,0.7142857142857143
1522500,0.7142857142857143
1522800,0.7142857142857143
1523100,0.75
1523400,0.7857142857142857
1523700,0.75
1524000,0.75
1524300,0.7142857142857143
1524600,0.75
1524900,0.75
1525200,0.7857142857142857
1525500,0.75
1525800,0.75
1526100,0.75
1526400,0.75
1526700,0.7857142857142857
1527000,0.7857142857142857
1527300,0.75
1527600,0.75
1527900,0.75
1528200,0.75
1528500,0.7857142857142857
1528800,0.75
1529100,0.7857142857142857
1529400,0.7857142857142857
1529700,0.7857142857142857
1530000,0.7857142857142857
1530300,0.75
1530600,0.7142857142857143
1530900,0.75
1531200,0.7857142857142857
1531500,0.8214285714285714
1531800,0.8214285714285714
1532100,0.7857142857142857
1532400,0.7857142857142857
1532700,0.7857142857142857
1533000,0.8214285714285714
1533300,0.7857142857142857
1533600,0.75
1533900,0.75
1534200,0.75
1534500,0.75
1534800,0.75
1535100,0.75
1535400,0.7142857142857143
1535700,0.7142857142857143
1536000,0.7142857142857143
1536300,0.6428571428571429
1536600,0.6785714285714286
1536900,0.7142857142857143
1537200,0.7142857142857143
1537500,0.7142857142857143
1537800,0.75
1538100,0.75
1538400,0.75
1538700,0.75
1539000,0.75
1539300,0.7857142857142857
1539600,0.7857142857142857
1539900,0.75
1540200,0.75
1540500,0.75
1540800,0.75
1541100,0.7142857142857143
1541400,0.7142857142857143
1541700,0.6785714285714286
1542000,0.6071428571428571
1542300,0.5714285714285714
1542600,0.5714285714285714
1542900,0.5357142857142857
1543200,0.5
1543500,0.4642857142857143
1543800,0.5
1544100,0.5714285714285714
1544400,0.5714285714285714
1544700,0.5357142857142857
1545000,0.5714285714285714
1545300,0.5357142857142857
1545600,0.4642857142857143
1545900,0.4642857142857143
1546200,0.42857142857142855
1546500,0.39285714285714285
1546800,0.35714285714285715
1547100,0.35714285714285715
1547400,0.42857142857142855
1547700,0.35714285714285715
1548000,0.39285714285714285
1548300,0.39285714285714285
1548600,0.39285714285714285
1548900,0.42857142857142855
1549200,0.42857142857142855
1549500,0.5
1549800,0.5357142857142857
1550100,0.5714285714285714
1550400,0.6071428571428571
1550700,0.6071428571428571
1551000,0.6071428571428571
1551300,0.5357142857142857
1551600,0.5357142857142857
1551900,0.42857142857142855
1552200,0.39285714285714285
1552500,0.4642857142857143
1552800,0.4642857142857143
1553100,0.5
1553400,0.42857142857142855
1553700,0.39285714285714285
1554000,0.4642857142857143
1554300,0.39285714285714285
1554600,0.35714285714285715
1554900,0.21428571428571427
1555200,0.17857142857142858
1555500,0.17857142857142858
1555800,0.03571428571428571
1556100,0.03571428571428571
1556400,0.03571428571428571
1556700,0.03571428571428571
1557000,0.0
1557300,0.14285714285714285
1557600,0.25
1557900,0.2857142857142857
1558200,0.2857142857142857
1558500,0.21428571428571427
1558800,0.21428571428571427
1559100,0.17857142857142858
1559400,0.10714285714285714
1559700,0.14285714285714285
1560000,0.17857142857142858
1560300,0.14285714285714285
1560600,0.17857142857142858
1560900,0.21428571428571427
1561200,0.14285714285714285
1561500,0.14285714285714285
1561800,0.07142857142857142
1562100,0.07142857142857142
1562400,0.21428571428571427
1562700,0.21428571428571427
1563000,0.35714285714285715
1563300,0.35714285714285715
1563600,0.32142857142857145
1563900,0.35714285714285715
1564200,0.39285714285714285
1564500,0.39285714285714285
1564800,0.39285714285714285
1565100,0.42857142857142855
1565400,0.42857142857142855
1565700,0.39285714285714285
1566000,0.39285714285714285
1566300,0.42857142857142855
1566600,0.4642857142857143
1566900,0.5
1567200,0.42857142857142855
1567500,0.39285714285714285
1567800,0.4642857142857143
1568100,0.4642857142857143
1568400,0.42857142857142855
1568700,0.4642857142857143
1569000,0.4642857142857143
1569300,0.5
1569600,0.5
1569900,0.5
1570200,0.5357142857142857
1570500,0.5357142857142857
1570800,0.5
1571100,0.5714285714285714
1571400,0.5357142857142857
1571700,0.5357142857142857
1572000,0.5357142857142857
1572300,0.5714285714285714
1572600,0.5714285714285714
1572900,0.5357142857142857
1573200,0.5357142857142857
1573500,0.5357142857142857
1573800,0.5357142857142857
1574100,0.5357142857142857
1574400,0.4642857142857143
1574700,0.5357142857142857
1575000,0.5357142857142857
1575300,0.6071428571428571
1575600,0.5357142857142857
1575900,0.5714285714285714
1576200,0.6071428571428571
1576500,0.6071428571428571
1576800,0.6071428571428571
1577100,0.6071428571428571
1577400,0.5714285714285714
1577700,0.5357142857142857
1578000,0.5
1578300,0.42857142857142855
1578600,0.35714285714285715
1578900,0.32142857142857145
1579200,0.32142857142857145
1579500,0.25
1579800,0.21428571428571427
1580100,0.25
1580400,0.2857142857142857
1580700,0.39285714285714285
1581000,0.39285714285714285
1581300,0.4642857142857143
1581600,0.42857142857142855
1581900,0.5357142857142857
1582200,0.5714285714285714
1582500,0.6071428571428571
1582800,0.6071428571428571
1583100,0.6071428571428571
1583400,0.6071428571428571
1583700,0.6071428571428571
1584000,0.6071428571428571
1584300,0.6428571428571429
1584600,0.6785714285714286
1584900,0.6785714285714286
1585200,0.6785714285714286
1585500,0.7142857142857143
1585800,0.7142857142857143
1586100,0.7142857142857143
1586400,0.7142857142857143
1586700,0.75
1587000,0.75
1587300,0.75
1587600,0.7142857142857143
1587900,0.75
1588200,0.7142857142857143
1588500,0.75
1588800,0.75
1589100,0.75
1589400,0.75
1589700,0.75
1590000,0.7142857142857143
1590300,0.75
1590600,0.7142857142857143
1590900,0.7142857142857143
1591200,0.7142857142857143
1591500,0.7142857142857143
1591800,0.6785714285714286
1592100,0.6785714285714286
1592400,0.7142857142857143
1592700,0.7142857142857143
1593000,0.7142857142857143
1593300,0.7142857142857143
1593600,0.7142857142857143
1593900,0.75
1594200,0.7142857142857143
1594500,0.75
1594800,0.75
1595100,0.7142857142857143
1595400,0.7142857142857143
1595700,0.6785714285714286
1596000,0.6785714285714286
1596300,0.6785714285714286
1596600,0.7142857142857143
1596900,0.7142857142857143
1597200,0.7857142857142857
1597500,0.7857142857142857
1597800,0.75
1598100,0.6071428571428571
1598400,0.6071428571428571
1598700,0.5714285714285714
1599000,0.5
1599300,0.42857142857142855
1599600,0.35714285714285715
1599900,0.35714285714285715
1600200,0.2857142857142857
1600500,0.2857142857142857
1600800,0.25
1601100,0.25
1601400,0.25
1601700,0.21428571428571427
1602000,0.14285714285714285
1602300,0.21428571428571427
1602600,0.21428571428571427
1602900,0.14285714285714285
1603200,0.10714285714285714
1603500,0.10714285714285714
1603800,0.10714285714285714
1604100,0.10714285714285714
1604400,0.14285714285714285
1604700,0.14285714285714285
1605000,0.32142857142857145
1605300,0.39285714285714285
1605600,0.5
1605900,0.6071428571428571
1606200,0.6785714285714286
1606500,0.75
1606800,0.75
1607100,0.7142857142857143
1607400,0.75
1607700,0.75
1608000,0.6428571428571429
1608300,0.6428571428571429
1608600,0.6428571428571429
1608900,0.6428571428571429
1609200,0.6428571428571429
1609500,0.6785714285714286
1609800,0.6785714285714286
1610100,0.6785714285714286
1610400,0.6785714285714286
1610700,0.6785714285714286
1611000,0.7142857142857143
1611300,0.75
1611600,0.75
1611900,0.7142857142857143
1612200,0.7142857142857143
1612500,0.75
1612800,0.75
1613100,0.7142857142857143
1613400,0.7142857142857143
1613700,0.7142857142857143
1614000,0.7142857142857143
1614300,0.6785714285714286
1614600,0.6785714285714286
1614900,0.6785714285714286
1615200,0.6785714285714286
1615500,0.6785714285714286
1615800,0.6785714285714286
1616100,0.6785714285714286
1616400,0.7142857142857143
1616700,0.6428571428571429
1617000,0.6071428571428571
1617300,0.6428571428571429
1617600,0.6785714285714286
1617900,0.6071428571428571
1618200,0.6071428571428571
1618500,0.6428571428571429
1618800,0.6428571428571429
1619100,0.6428571428571429
1619400,0.6071428571428571
1619700,0.6071428571428571
1620000,0.6071428571428571
1620300,0.6071428571428571
1620600,0.5714285714285714
1620900,0.5714285714285714
1621200,0.6071428571428571
1621500,0.6428571428571429
1621800,0.6785714285714286
1622100,0.6428571428571429
1622400,0.6428571428571429
1622700,0.6071428571428571
1623000,0.6428571428571429
1623300,0.6428571428571429
1623600,0.6428571428571429
1623900,0.5357142857142857
1624200,0.5357142857142857
1624500,0.5
1624800,0.5357142857142857
1625100,0.5357142857142857
1625400,0.5714285714285714
1625700,0.5714285714285714
1626000,0.5357142857142857
1626300,0.5714285714285714
1626600,0.6428571428571429
1626900,0.6428571428571429
1627200,0.7142857142857143
1627500,0.6428571428571429
1627800,0.6785714285714286
1628100,0.6428571428571429
1628400,0.6428571428571429
1628700,0.6071428571428571
1629000,0.6071428571428571
1629300,0.5714285714285714
1629600,0.5357142857142857
1629900,0.5
1630200,0.39285714285714285
1630500,0.39285714285714285
1630800,0.42857142857142855
1631100,0.42857142857142855
1631400,0.42857142857142855
1631700,0.35714285714285715
1632000,0.35714285714285715
1632300,0.39285714285714285
1632600,0.32142857142857145
1632900,0.35714285714285715
1633200,0.32142857142857145
1633500,0.35714285714285715
1633800,0.32142857142857145
1634100,0.32142857142857145
1634400,0.35714285714285715
1634700,0.39285714285714285
1635000,0.39285714285714285
1635300,0.35714285714285715
1635600,0.35714285714285715
1635900,0.42857142857142855
1636200,0.42857142857142855
1636500,0.42857142857142855
1636800,0.42857142857142855
1637100,0.5714285714285714
1637400,0.5
1637700,0.5
1638000,0.5714285714285714
1638300,0.5
1638600,0.5
1638900,0.4642857142857143
1639200,0.42857142857142855
1639500,0.35714285714285715
1639800,0.32142857142857145
1640100,0.32142857142857145
1640400,0.32142857142857145
1640700,0.21428571428571427
1641000,0.21428571428571427
1641300,0.21428571428571427
1641600,0.17857142857142858
1641900,0.07142857142857142
1642200,0.03571428571428571
1642500,0.0
1642800,0.0
1643100,0.07142857142857142
1643400,0.03571428571428571
1643700,0.0
1644000,0.03571428571428571
1644300,0.07142857142857142
1644600,0.21428571428571427
1644900,0.21428571428571427
1645200,0.14285714285714285
1645500,0.25
1645800,0.2857142857142857
1646100,0.2857142857142857
1646400,0.32142857142857145
1646700,0.32142857142857145
1647000,0.35714285714285715
1647300,0.39285714285714285
1647600,0.42857142857142855
1647900,0.39285714285714285
1648200,0.42857142857142855
1648500,0.5
1648800,0.5357142857142857
1649100,0.5
1649400,0.42857142857142855
1649700,0.4642857142857143
1650000,0.5714285714285714
1650300,0.5714285714285714
1650600,0.5714285714285714
1650900,0.5357142857142857
1651200,0.5714285714285714
1651500,0.6071428571428571
1651800,0.6428571428571429
1652100,0.6071428571428571
1652400,0.6071428571428571
1652700,0.6071428571428571
1653000,0.6428571428571429
1653300,0.6785714285714286
1653600,0.7142857142857143
1653900,0.75
1654200,0.75
1654500,0.6785714285714286
1654800,0.6785714285714286
1655100,0.6785714285714286
1655400,0.6785714285714286
1655700,0.6785714285714286
1656000,0.6785714285714286
1656300,0.6785714285714286
1656600,0.75
1656900,0.75
1657200,0.8214285714285714
1657500,0.7857142857142857
1657800,0.7857142857142857
1658100,0.75
1658400,0.6785714285714286
1658700,0.6428571428571429
1659000,0.6785714285714286
1659300,0.6785714285714286
1659600,0.6428571428571429
1659900,0.6428571428571429
1660200,0.6785714285714286
1660500,0.6428571428571429
1660800,0.5714285714285714
1661100,0.6071428571428571
1661400,0.5
1661700,0.4642857142857143
1662000,0.5
1662300,0.5
1662600,0.5
1662900,0.5
1663200,0.5
1663500,0.5
1663800,0.4642857142857143
1664100,0.42857142857142855
1664400,0.42857142857142855
1664700,0.5
1665000,0.42857142857142855
1665300,0.42857142857142855
1665600,0.35714285714285715
1665900,0.35714285714285715
1666200,0.42857142857142855
1666500,0.42857142857142855
1666800,0.4642857142857143
1667100,0.5357142857142857
1667400,0.6071428571428571
1667700,0.6071428571428571
1668000,0.6785714285714286
1668300,0.6428571428571429
1668600,0.6785714285714286
1668900,0.7857142857142857
1669200,0.7857142857142857
1669500,0.7857142857142857
1669800,0.75
1670100,0.75
1670400,0.7142857142857143
1670700,0.6785714285714286
1671000,0.7142857142857143
1671300,0.7142857142857143
1671600,0.6785714285714286
1671900,0.6428571428571429
1672200,0.6428571428571429
1672500,0.6428571428571429
1672800,0.6428571428571429
1673100,0.6785714285714286
1673400,0.6785714285714286
1673700,0.7142857142857143
1674000,0.75
1674300,0.75
1674600,0.7857142857142857
1674900,0.7857142857142857
1675200,0.7857142857142857
1675500,0.7857142857142857
1675800,0.7857142857142857
1676100,0.7857142857142857
1676400,0.75
1676700,0.75
1677000,0.75
1677300,0.7142857142857143
1677600,0.7142857142857143
1677900,0.5714285714285714
1678200,0.5714285714285714
1678500,0.5714285714285714
1678800,0.5357142857142857
1679100,0.5
1679400,0.5
1679700,0.5
1680000,0.5
1680300,0.5
1680600,0.5357142857142857
1680900,0.5357142857142857
1681200,0.5357142857142857
1681500,0.5714285714285714
1681800,0.5357142857142857
1682100,0.5357142857142857
1682400,0.5357142857142857
1682700,0.5714285714285714
1683000,0.6428571428571429
1683300,0.5714285714285714
1683600,0.42857142857142855
1683900,0.39285714285714285
1684200,0.39285714285714285
1684500,0.35714285714285715
1684800,0.35714285714285715
1685100,0.2857142857142857
1685400,0.17857142857142858
1685700,0.2857142857142857
1686000,0.21428571428571427
1686300,0.17857142857142858
1686600,0.14285714285714285
1686900,0.10714285714285714
1687200,0.14285714285714285
1687500,0.14285714285714285
1687800,0.10714285714285714
1688100,0.07142857142857142
1688400,0.07142857142857142
1688700,0.07142857142857142
1689000,0.03571428571428571
1689300,0.21428571428571427
1689600,0.17857142857142858
1689900,0.07142857142857142
1690200,0.0
1690500,0.07142857142857142
1690800,0.10714285714285714
1691100,0.14285714285714285
1691400,0.17857142857142858
1691700,0.17857142857142858
1692000,0.17857142857142858
1692300,0.21428571428571427
1692600,0.25
1692900,0.35714285714285715
1693200,0.39285714285714285
1693500,0.42857142857142855
1693800,0.4642857142857143
1694100,0.4642857142857143
1694400,0.5357142857142857
1694700,0.5357142857142857
1695000,0.5357142857142857
1695300,0.5357142857142857
1695600,0.5357142857142857
1695900,0.5714285714285714
1696200,0.5714285714285714
1696500,0.5714285714285714
1696800,0.5714285714285714
1697100,0.5357142857142857
1697400,0.5357142857142857
1697700,0.5357142857142857
1698000,0.5357142857142857
1698300,0.5357142857142857
1698600,0.5357142857142857
1698900,0.5357142857142857
1699200,0.7142857142857143
1699500,0.6785714285714286
1699800,0.6785714285714286
1700100,0.7142857142857143
1700400,0.7142857142857143
1700700,0.75
1701000,0.75
1701300,0.75
1701600,0.7857142857142857
1701900,0.7857142857142857
1702200,0.8214285714285714
1702500,0.7857142857142857
1702800,0.7857142857142857
1703100,0.7857142857142857
1703400,0.7857142857142857
1703700,0.7857142857142857
1704000,0.75
1704300,0.7857142857142857
1704600,0.8214285714285714
1704900,0.8214285714285714
1705200,0.8214285714285714
1705500,0.7857142857142857
1705800,0.7857142857142857
1706100,0.7857142857142857
1706400,0.7857142857142857
1706700,0.7857142857142857
1707000,0.7857142857142857
1707300,0.7857142857142857
1707600,0.8214285714285714
1707900,0.8214285714285714
1708200,0.8571428571428571
1708500,0.8571428571428571
1708800,0.8571428571428571
1709100,0.8214285714285714
1709400,0.7857142857142857
1709700,0.7857142857142857
1710000,0.75
1710300,0.7142857142857143
1710600,0.6785714285714286
1710900,0.6785714285714286
1711200,0.6785714285714286
1711500,0.6428571428571429
1711800,0.6071428571428571
1712100,0.6428571428571429
1712400,0.6428571428571429
1712700,0.6428571428571429
1713000,0.7857142857142857
1713300,0.75
1713600,0.75
1713900,0.6785714285714286
1714200,0.6428571428571429
1714500,0.6428571428571429
1714800,0.6071428571428571
1715100,0.5357142857142857
1715400,0.5
1715700,0.5357142857142857
1716000,0.5714285714285714
1716300,0.5714285714285714
1716600,0.6071428571428571
1716900,0.6071428571428571
1717200,0.5714285714285714
1717500,0.5714285714285714
1717800,0.5714285714285714
1718100,0.5714285714285714
1718400,0.6071428571428571
1718700,0.5357142857142857
1719000,0.5357142857142857
1719300,0.5357142857142857
1719600,0.5357142857142857
1719900,0.6071428571428571
1720200,0.5357142857142857
1720500,0.5714285714285714
1720800,0.5714285714285714
1721100,0.6071428571428571
1721400,0.6071428571428571
1721700,0.6071428571428571
1722000,0.5714285714285714
1722300,0.6428571428571429
1722600,0.6071428571428571
1722900,0.5714285714285714
1723200,0.5357142857142857
1723500,0.5714285714285714
1723800,0.5714285714285714
1724100,0.5
1724400,0.5714285714285714
1724700,0.4642857142857143
1725000,0.4642857142857143
1725300,0.4642857142857143
1725600,0.4642857142857143
1725900,0.42857142857142855
1726200,0.5
1726500,0.4642857142857143
1726800,0.42857142857142855
1727100,0.5357142857142857
1727400,0.4642857142857143
1727700,0.39285714285714285
1728000,0.32142857142857145
1728300,0.2857142857142857
1728600,0.32142857142857145
1728900,0.2857142857142857
1729200,0.32142857142857145
1729500,0.2857142857142857
1729800,0.2857142857142857
1730100,0.2857142857142857
1730400,0.25
1730700,0.35714285714285715
1731000,0.35714285714285715
1731300,0.39285714285714285
1731600,0.42857142857142855
1731900,0.39285714285714285
1732200,0.5357142857142857
1732500,0.5714285714285714
1732800,0.4642857142857143
1733100,0.42857142857142855
1733400,0.42857142857142855
1733700,0.5
1734000,0.5
1734300,0.4642857142857143
1734600,0.39285714285714285
1734900,0.39285714285714285
1735200,0.39285714285714285
1735500,0.35714285714285715
1735800,0.42857142857142855
1736100,0.42857142857142855
1736400,0.35714285714285715
1736700,0.42857142857142855
1737000,0.42857142857142855
1737300,0.42857142857142855
1737600,0.4642857142857143
1737900,0.5714285714285714
1738200,0.5357142857142857
1738500,0.5714285714285714
1738800,0.6071428571428571
1739100,0.6071428571428571
1739400,0.5714285714285714
1739700,0.6071428571428571
1740000,0.6428571428571429
1740300,0.6071428571428571
1740600,0.6071428571428571
1740900,0.6428571428571429
1741200,0.6071428571428571
1741500,0.5714285714285714
1741800,0.5
1742100,0.5
1742400,0.5
1742700,0.4642857142857143
1743000,0.4642857142857143
1743300,0.4642857142857143
1743600,0.5
1743900,0.5714285714285714
1744200,0.5357142857142857
1744500,0.5714285714285714
1744800,0.6071428571428571
1745100,0.6071428571428571
1745400,0.6071428571428571
1745700,0.7142857142857143
1746000,0.75
1746300,0.6785714285714286
1746600,0.6785714285714286
1746900,0.6785714285714286
1747200,0.7142857142857143
1747500,0.7142857142857143
1747800,0.6785714285714286
1748100,0.6071428571428571
1748400,0.6071428571428571
1748700,0.6071428571428571
1749000,0.6428571428571429
1749300,0.6428571428571429
1749600,0.6785714285714286
1749900,0.6428571428571429
1750200,0.6071428571428571
1750500,0.5
1750800,0.4642857142857143
1751100,0.39285714285714285
1751400,0.42857142857142855
1751700,0.39285714285714285
1752000,0.42857142857142855
1752300,0.39285714285714285
1752600,0.42857142857142855
1752900,0.4642857142857143
1753200,0.5
1753500,0.5357142857142857
1753800,0.6428571428571429
1754100,0.7142857142857143
1754400,0.6785714285714286
1754700,0.7142857142857143
1755000,0.7142857142857143
1755300,0.6428571428571429
1755600,0.6428571428571429
1755900,0.6785714285714286
1756200,0.6785714285714286
1756500,0.6785714285714286
1756800,0.7142857142857143
1757100,0.75
1757400,0.7142857142857143
1757700,0.7142857142857143
1758000,0.7142857142857143
1758300,0.7142857142857143
1758600,0.6428571428571429
1758900,0.6428571428571429
1759200,0.6785714285714286
1759500,0.7142857142857143
1759800,0.7857142857142857
1760100,0.7857142857142857
1760400,0.8214285714285714
1760700,0.8214285714285714
1761000,0.8214285714285714
1761300,0.8214285714285714
1761600,0.8214285714285714
1761900,0.8571428571428571
1762200,0.8214285714285714
1762500,0.8214285714285714
1762800,0.8214285714285714
1763100,0.7857142857142857
1763400,0.7857142857142857
1763700,0.7857142857142857
1764000,0.75
1764300,0.75
1764600,0.75
1764900,0.75
1765200,0.75
1765500,0.7857142857142857
1765800,0.75
1766100,0.75
1766400,0.75
1766700,0.75
1767000,0.75
1767300,0.7857142857142857
1767600,0.7857142857142857
1767900,0.7857142857142857
1768200,0.8214285714285714
1768500,0.8214285714285714
1768800,0.8571428571428571
1769100,0.8571428571428571
1769400,0.8571428571428571
1769700,0.8571428571428571
1770000,0.8214285714285714
1770300,0.8214285714285714
1770600,0.8214285714285714
1770900,0.8214285714285714
1771200,0.7857142857142857
1771500,0.6428571428571429
1771800,0.6071428571428571
1772100,0.6071428571428571
1772400,0.4642857142857143
1772700,0.35714285714285715
1773000,0.2857142857142857
1773300,0.21428571428571427
1773600,0.25
1773900,0.25
1774200,0.25
1774500,0.25
1774800,0.25
1775100,0.25
1775400,0.25
1775700,0.14285714285714285
1776000,0.10714285714285714
1776300,0.17857142857142858
1776600,0.25
1776900,0.25
1777200,0.2857142857142857
1777500,0.39285714285714285
1777800,0.39285714285714285
1778100,0.39285714285714285
1778400,0.39285714285714285
1778700,0.4642857142857143
1779000,0.5357142857142857
1779300,0.5714285714285714
1779600,0.6071428571428571
1779900,0.75
1780200,0.7857142857142857
1780500,0.7857142857142857
1780800,0.7857142857142857
1781100,0.7857142857142857
1781400,0.7857142857142857
1781700,0.7857142857142857
1782000,0.75
1782300,0.7857142857142857
1782600,0.7857142857142857
1782900,0.7857142857142857
1783200,0.7857142857142857
1783500,0.7142857142857143
1783800,0.7142857142857143
1784100,0.7142857142857143
1784400,0.7142857142857143
1784700,0.7142857142857143
1785000,0.7142857142857143
1785300,0.7142857142857143
1785600,0.8214285714285714
1785900,0.7142857142857143
1786200,0.7142857142857143
1786500,0.7142857142857143
1786800,0.7142857142857143
1787100,0.6785714285714286
1787400,0.75
1787700,0.7142857142857143
1788000,0.75
1788300,0.75
1788600,0.75
1788900,0.75
1789200,0.75
1789500,0.8571428571428571
1789800,0.8571428571428571
1790100,0.8571428571428571
1790400,0.8571428571428571
1790700,0.8571428571428571
1791000,0.8571428571428571
1791300,0.8571428571428571
1791600,0.8571428571428571
1791900,0.8571428571428571
1792200,0.8571428571428571
1792500,0.8571428571428571
1792800,0.8571428571428571
1793100,0.8571428571428571
1793400,0.8571428571428571
1793700,0.8571428571428571
1794000,0.8571428571428571
1794300,0.8571428571428571
1794600,0.8571428571428571
1794900,0.8571428571428571
1795200,0.8571428571428571
1795500,0.8571428571428571
1795800,0.8571428571428571
1796100,0.8571428571428571
1796400,0.8214285714285714
1796700,0.8214285714285714
1797000,0.75
1797300,0.75
1797600,0.7142857142857143
1797900,0.7142857142857143
1798200,0.6785714285714286
1798500,0.6428571428571429
1798800,0.6428571428571429
1799100,0.6785714285714286
1799400,0.75
1799700,0.7142857142857143
1800000,0.7142857142857143
1800300,0.7142857142857143
1800600,0.7142857142857143
1800900,0.7142857142857143
1801200,0.6785714285714286
1801500,0.6071428571428571
1801800,0.6071428571428571
1802100,0.6428571428571429
1802400,0.6071428571428571
1802700,0.5714285714285714
1803000,0.5
1803300,0.4642857142857143
1803600,0.42857142857142855
1803900,0.4642857142857143
1804200,0.6071428571428571
1804500,0.6071428571428571
1804800,0.5357142857142857
1805100,0.6071428571428571
1805400,0.6071428571428571
1805700,0.7142857142857143
1806000,0.75
1806300,0.7857142857142857
1806600,0.7857142857142857
1806900,0.7857142857142857
1807200,0.75
1807500,0.7142857142857143
1807800,0.6785714285714286
1808100,0.6071428571428571
1808400,0.5714285714285714
1808700,0.5357142857142857
1809000,0.5714285714285714
1809300,0.5357142857142857
1809600,0.6071428571428571
1809900,0.6071428571428571
1810200,0.6071428571428571
1810500,0.6785714285714286
1810800,0.7142857142857143
1811100,0.6785714285714286
1811400,0.7142857142857143
1811700,0.6785714285714286
1812000,0.6785714285714286
1812300,0.6071428571428571
1812600,0.6071428571428571
1812900,0.5714285714285714
1813200,0.5
1813500,0.5
1813800,0.5
1814100,0.5
1814400,0.5
1814700,0.5
1815000,0.5
1815300,0.5
1815600,0.5
1815900,0.5
1816200,0.5
1816500,0.5
1816800,0.10714285714285714
1817100,0.14285714285714285
1817400,0.03571428571428571
1817700,0.14285714285714285
1818000,0.17857142857142858
1818300,0.25
1818600,0.14285714285714285
1818900,0.14285714285714285
1819200,0.14285714285714285
1819500,0.17857142857142858
1819800,0.14285714285714285
1820100,0.17857142857142858
1820400,0.17857142857142858
1820700,0.14285714285714285
1821000,0.17857142857142858
1821300,0.25
1821600,0.2857142857142857
1821900,0.32142857142857145
1822200,0.25
1822500,0.2857142857142857
1822800,0.2857142857142857
1823100,0.32142857142857145
1823400,0.35714285714285715
1823700,0.35714285714285715
1824000,0.2857142857142857
1824300,0.35714285714285715
1824600,0.42857142857142855
1824900,0.4642857142857143
1825200,0.4642857142857143
1825500,0.5357142857142857
1825800,0.5357142857142857
1826100,0.5
1826400,0.5
1826700,0.5
1827000,0.5714285714285714
1827300,0.6071428571428571
1827600,0.5714285714285714
1827900,0.4642857142857143
1828200,0.5
1828500,0.5
1828800,0.6071428571428571
1829100,0.5714285714285714
1829400,0.5357142857142857
1829700,0.5357142857142857
1830000,0.5714285714285714
1830300,0.5714285714285714
1830600,0.6071428571428571
1830900,0.6071428571428571
1831200,0.5714285714285714
1831500,0.5714285714285714
1831800,0.6071428571428571
1832100,0.6428571428571429
1832400,0.6428571428571429
1832700,0.6428571428571429
1833000,0.6428571428571429
1833300,0.6785714285714286
1833600,0.6428571428571429
1833900,0.5714285714285714
1834200,0.5714285714285714
1834500,0.5357142857142857
1834800,0.5357142857142857
1835100,0.5357142857142857
1835400,0.5357142857142857
1835700,0.5357142857142857
1836000,0.5
1836300,0.4642857142857143
1836600,0.42857142857142855
1836900,0.32142857142857145
1837200,0.2857142857142857
1837500,0.25
1837800,0.25
1838100,0.2857142857142857
1838400,0.2857142857142857
1838700,0.25
1839000,0.2857142857142857
1839300,0.2857142857142857
1839600,0.35714285714285715
1839900,0.39285714285714285
1840200,0.5
1840500,0.5357142857142857
1840800,0.5
1841100,0.5
1841400,0.6071428571428571
1841700,0.6071428571428571
1842000,0.6785714285714286
1842300,0.6785714285714286
1842600,0.6071428571428571
1842900,0.6428571428571429
1843200,0.6428571428571429
1843500,0.75
1843800,0.75
1844100,0.6785714285714286
1844400,0.75
1844700,0.75
1845000,0.7142857142857143
1845300,0.7142857142857143
1845600,0.7142857142857143
1845900,0.7142857142857143
1846200,0.7142857142857143
1846500,0.7142857142857143
1846800,0.75
1847100,0.7857142857142857
1847400,0.8214285714285714
1847700,0.7857142857142857
1848000,0.7857142857142857
1848300,0.7857142857142857
1848600,0.7857142857142857
1848900,0.7857142857142857
1849200,0.7857142857142857
1849500,0.7857142857142857
1849800,0.75
1850100,0.7857142857142857
1850400,0.7857142857142857
1850700,0.75
1851000,0.75
1851300,0.75
1851600,0.7142857142857143
1851900,0.7142857142857143
1852200,0.7857142857142857
1852500,0.75
1852800,0.7857142857142857
1853100,0.8214285714285714
1853400,0.75
1853700,0.75
1854000,0.75
1854300,0.75
1854600,0.75
1854900,0.7857142857142857
1855200,0.75
1855500,0.75
1855800,0.75
1856100,0.7142857142857143
1856400,0.7857142857142857
1856700,0.7142857142857143
1857000,0.7142857142857143
1857300,0.7142857142857143
1857600,0.6428571428571429
1857900,0.4642857142857143
1858200,0.35714285714285715
1858500,0.32142857142857145
1858800,0.21428571428571427
1859100,0.14285714285714285
1859400,0.10714285714285714
1859700,0.14285714285714285
1860000,0.07142857142857142
1860300,0.14285714285714285
1860600,0.10714285714285714
1860900,0.17857142857142858
1861200,0.25
1861500,0.25
1861800,0.32142857142857145
1862100,0.32142857142857145
1862400,0.32142857142857145
1862700,0.25
1863000,0.21428571428571427
1863300,0.21428571428571427
1863600,0.17857142857142858
1863900,0.32142857142857145
1864200,0.32142857142857145
1864500,0.35714285714285715
1864800,0.42857142857142855
1865100,0.5
1865400,0.5714285714285714
1865700,0.5714285714285714
1866000,0.6071428571428571
1866300,0.6428571428571429
1866600,0.6428571428571429
1866900,0.6785714285714286
1867200,0.6785714285714286
1867500,0.75
1867800,0.75
1868100,0.75
1868400,0.7142857142857143
1868700,0.75
1869000,0.7142857142857143
1869300,0.7142857142857143
1869600,0.7857142857142857
1869900,0.6785714285714286
1870200,0.6785714285714286
1870500,0.6785714285714286
1870800,0.6428571428571429
1871100,0.6428571428571429
1871400,0.7857142857142857
1871700,0.7857142857142857
1872000,0.7857142857142857
1872300,0.8214285714285714
1872600,0.8214285714285714
1872900,0.8214285714285714
1873200,0.8214285714285714
1873500,0.8214285714285714
1873800,0.8214285714285714
1874100,0.8214285714285714
1874400,0.8214285714285714
1874700,0.8214285714285714
1875000,0.8571428571428571
1875300,0.8571428571428571
1875600,0.8214285714285714
1875900,0.8214285714285714
1876200,0.8214285714285714
1876500,0.8214285714285714
1876800,0.8214285714285714
1877100,0.7857142857142857
1877400,0.8214285714285714
1877700,0.7857142857142857
1878000,0.7857142857142857
1878300,0.7857142857142857
1878600,0.8214285714285714
1878900,0.8214285714285714
1879200,0.8214285714285714
1879500,0.8571428571428571
1879800,0.8571428571428571
1880100,0.8571428571428571
1880400,0.8928571428571429
1880700,0.8928571428571429
1881000,0.8928571428571429
1881300,0.8928571428571429
1881600,0.8214285714285714
1881900,0.8214285714285714
1882200,0.8214285714285714
1882500,0.8214285714285714
1882800,0.8214285714285714
1883100,0.8214285714285714
1883400,0.8571428571428571
1883700,0.8571428571428571
1884000,0.8571428571428571
1884300,0.8571428571428571
1884600,0.8571428571428571
1884900,0.8928571428571429
1885200,0.8571428571428571
1885500,0.8571428571428571
1885800,0.8571428571428571
1886100,0.8571428571428571
1886400,0.8571428571428571
1886700,0.8214285714285714
1887000,0.7857142857142857
1887300,0.75
1887600,0.6785714285714286
1887900,0.7142857142857143
1888200,0.7142857142857143
1888500,0.6785714285714286
1888800,0.75
1889100,0.75
1889400,0.75
1889700,0.75
1890000,0.7857142857142857
1890300,0.7857142857142857
1890600,0.7142857142857143
1890900,0.6071428571428571
1891200,0.5714285714285714
1891500,0.5357142857142857
1891800,0.5357142857142857
1892100,0.5714285714285714
1892400,0.5357142857142857
1892700,0.5714285714285714
1893000,0.5357142857142857
1893300,0.5714285714285714
1893600,0.6785714285714286
1893900,0.6785714285714286
1894200,0.7142857142857143
1894500,0.7142857142857143
1894800,0.7142857142857143
1895100,0.7857142857142857
1895400,0.7857142857142857
1895700,0.7857142857142857
1896000,0.7857142857142857
1896300,0.7857142857142857
1896600,0.7857142857142857
1896900,0.7857142857142857
1897200,0.8214285714285714
1897500,0.7857142857142857
1897800,0.7857142857142857
1898100,0.7142857142857143
1898400,0.7142857142857143
1898700,0.7142857142857143
1899000,0.7142857142857143
1899300,0.7142857142857143
1899600,0.6428571428571429
1899900,0.6785714285714286
1900200,0.7142857142857143
1900500,0.7142857142857143
1900800,0.7142857142857143
1901100,0.6071428571428571
1901400,0.5714285714285714
1901700,0.5714285714285714
1902000,0.4642857142857143
1902300,0.4642857142857143
1902600,0.42857142857142855
1902900,0.35714285714285715
1903200,0.35714285714285715
1903500,0.39285714285714285
1903800,0.32142857142857145
1904100,0.35714285714285715
1904400,0.35714285714285715
1904700,0.32142857142857145
1905000,0.32142857142857145
1905300,0.2857142857142857
1905600,0.32142857142857145
1905900,0.35714285714285715
1906200,0.2857142857142857
1906500,0.32142857142857145
1906800,0.32142857142857145
1907100,0.32142857142857145
1907400,0.32142857142857145
1907700,0.42857142857142855
1908000,0.32142857142857145
1908300,0.35714285714285715
1908600,0.35714285714285715
1908900,0.32142857142857145
1909200,0.2857142857142857
1909500,0.21428571428571427
1909800,0.10714285714285714
1910100,0.17857142857142858
1910400,0.14285714285714285
1910700,0.21428571428571427
1911000,0.17857142857142858
1911300,0.10714285714285714
1911600,0.14285714285714285
1911900,0.17857142857142858
1912200,0.25
1912500,0.25
1912800,0.25
1913100,0.32142857142857145
1913400,0.32142857142857145
1913700,0.2857142857142857
1914000,0.32142857142857145
1914300,0.2857142857142857
1914600,0.2857142857142857
1914900,0.32142857142857145
1915200,0.35714285714285715
1915500,0.32142857142857145
1915800,0.2857142857142857
1916100,0.2857142857142857
1916400,0.2857142857142857
1916700,0.21428571428571427
1917000,0.17857142857142858
1917300,0.14285714285714285
1917600,0.03571428571428571
1917900,0.03571428571428571
1918200,0.14285714285714285
1918500,0.14285714285714285
1918800,0.17857142857142858
1919100,0.21428571428571427
1919400,0.2857142857142857
1919700,0.2857142857142857
1920000,0.25
1920300,0.25
1920600,0.21428571428571427
1920900,0.25
1921200,0.25
1921500,0.2857142857142857
1921800,0.32142857142857145
1922100,0.32142857142857145
1922400,0.25
1922700,0.2857142857142857
1923000,0.25
1923300,0.21428571428571427
1923600,0.21428571428571427
1923900,0.25
1924200,0.21428571428571427
1924500,0.17857142857142858
1924800,0.25
1925100,0.14285714285714285
1925400,0.21428571428571427
1925700,0.21428571428571427
1926000,0.2857142857142857
1926300,0.21428571428571427
1926600,0.25
1926900,0.21428571428571427
1927200,0.25
1927500,0.2857142857142857
1927800,0.39285714285714285
1928100,0.42857142857142855
1928400,0.42857142857142855
1928700,0.42857142857142855
1929000,0.39285714285714285
1929300,0.39285714285714285
1929600,0.42857142857142855
1929900,0.42857142857142855
1930200,0.4642857142857143
1930500,0.42857142857142855
1930800,0.42857142857142855
1931100,0.39285714285714285
1931400,0.42857142857142855
1931700,0.4642857142857143
1932000,0.4642857142857143
1932300,0.4642857142857143
1932600,0.5
1932900,0.5
1933200,0.4642857142857143
1933500,0.4642857142857143
1933800,0.5
1934100,0.5
1934400,0.5
1934700,0.42857142857142855
1935000,0.4642857142857143
1935300,0.5
1935600,0.5
1935900,0.4642857142857143
1936200,0.4642857142857143
1936500,0.5
1936800,0.4642857142857143
1937100,0.4642857142857143
1937400,0.5357142857142857
1937700,0.5714285714285714
1938000,0.5714285714285714
1938300,0.5714285714285714
1938600,0.5714285714285714
1938900,0.5357142857142857
1939200,0.5357142857142857
1939500,0.5714285714285714
1939800,0.5714285714285714
1940100,0.5714285714285714
1940400,0.6071428571428571
1940700,0.6428571428571429
1941000,0.6428571428571429
1941300,0.6071428571428571
1941600,0.6428571428571429
1941900,0.6428571428571429
1942200,0.6071428571428571
1942500,0.6071428571428571
1942800,0.6071428571428571
1943100,0.6428571428571429
1943400,0.6071428571428571
1943700,0.6071428571428571
1944000,0.6071428571428571
1944300,0.6071428571428571
1944600,0.5357142857142857
1944900,0.5357142857142857
1945200,0.5
1945500,0.5
1945800,0.4642857142857143
1946100,0.4642857142857143
1946400,0.5
1946700,0.5
1947000,0.5
1947300,0.5
1947600,0.4642857142857143
1947900,0.4642857142857143
1948200,0.4642857142857143
1948500,0.5357142857142857
1948800,0.4642857142857143
1949100,0.42857142857142855
1949400,0.35714285714285715
1949700,0.39285714285714285
1950000,0.35714285714285715
1950300,0.32142857142857145
1950600,0.35714285714285715
1950900,0.39285714285714285
1951200,0.35714285714285715
1951500,0.2857142857142857
1951800,0.2857142857142857
1952100,0.35714285714285715
1952400,0.39285714285714285
1952700,0.5
1953000,0.5714285714285714
1953300,0.5714285714285714
1953600,0.5714285714285714
1953900,0.5357142857142857
1954200,0.5714285714285714
1954500,0.6071428571428571
1954800,0.6428571428571429
1955100,0.6071428571428571
1955400,0.5714285714285714
1955700,0.5714285714285714
1956000,0.5714285714285714
1956300,0.5714285714285714
1956600,0.6071428571428571
1956900,0.6785714285714286
1957200,0.6071428571428571
1957500,0.6071428571428571
1957800,0.6428571428571429
1958100,0.6428571428571429
1958400,0.6785714285714286
1958700,0.6785714285714286
1959000,0.6071428571428571
1959300,0.6071428571428571
1959600,0.6071428571428571
1959900,0.6071428571428571
1960200,0.6428571428571429
1960500,0.6428571428571429
1960800,0.6428571428571429
1961100,0.6428571428571429
1961400,0.6428571428571429
1961700,0.6428571428571429
1962000,0.6428571428571429
1962300,0.6428571428571429
1962600,0.6785714285714286
1962900,0.6785714285714286
1963200,0.6785714285714286
1963500,0.7142857142857143
1963800,0.7142857142857143
1964100,0.7142857142857143
1964400,0.7142857142857143
1964700,0.7142857142857143
1965000,0.7142857142857143
1965300,0.7142857142857143
1965600,0.7142857142857143
1965900,0.7142857142857143
1966200,0.7142857142857143
1966500,0.7142857142857143
1966800,0.7142857142857143
1967100,0.7142857142857143
1967400,0.6785714285714286
1967700,0.6428571428571429
1968000,0.6428571428571429
1968300,0.6428571428571429
1968600,0.6428571428571429
1968900,0.6071428571428571
1969200,0.6071428571428571
1969500,0.6071428571428571
1969800,0.6071428571428571
1970100,0.6071428571428571
1970400,0.6071428571428571
1970700,0.6071428571428571
1971000,0.5357142857142857
1971300,0.5
1971600,0.5
1971900,0.5
1972200,0.4642857142857143
1972500,0.4642857142857143
1972800,0.4642857142857143
1973100,0.4642857142857143
1973400,0.4642857142857143
1973700,0.42857142857142855
1974000,0.42857142857142855
1974300,0.42857142857142855
1974600,0.4642857142857143
1974900,0.5
1975200,0.5
1975500,0.5714285714285714
1975800,0.5
1976100,0.5
1976400,0.4642857142857143
1976700,0.4642857142857143
1977000,0.4642857142857143
1977300,0.5
1977600,0.5
1977900,0.5
1978200,0.42857142857142855
1978500,0.4642857142857143
1978800,0.42857142857142855
1979100,0.4642857142857143
1979400,0.4642857142857143
1979700,0.5
1980000,0.5
1980300,0.5
1980600,0.5357142857142857
1980900,0.5357142857142857
1981200,0.5357142857142857
1981500,0.6071428571428571
1981800,0.5714285714285714
1982100,0.5714285714285714
1982400,0.4642857142857143
1982700,0.5
1983000,0.4642857142857143
1983300,0.5
1983600,0.4642857142857143
1983900,0.39285714285714285
1984200,0.32142857142857145
1984500,0.42857142857142855
1984800,0.42857142857142855
1985100,0.4642857142857143
1985400,0.4642857142857143
1985700,0.4642857142857143
1986000,0.5357142857142857
1986300,0.5357142857142857
1986600,0.4642857142857143
1986900,0.42857142857142855
1987200,0.42857142857142855
1987500,0.35714285714285715
1987800,0.35714285714285715
1988100,0.25
1988400,0.14285714285714285
1988700,0.10714285714285714
1989000,0.03571428571428571
1989300,0.07142857142857142
1989600,0.03571428571428571
1989900,0.03571428571428571
1990200,0.07142857142857142
1990500,0.14285714285714285
1990800,0.14285714285714285
1991100,0.03571428571428571
1991400,0.14285714285714285
1991700,0.10714285714285714
1992000,0.03571428571428571
1992300,0.10714285714285714
1992600,0.03571428571428571
1992900,0.03571428571428571
1993200,0.10714285714285714
1993500,0.10714285714285714
1993800,0.17857142857142858
1994100,0.21428571428571427
1994400,0.14285714285714285
1994700,0.14285714285714285
1995000,0.17857142857142858
1995300,0.21428571428571427
1995600,0.21428571428571427
1995900,0.21428571428571427
1996200,0.21428571428571427
1996500,0.17857142857142858
1996800,0.2857142857142857
1997100,0.25
1997400,0.25
1997700,0.32142857142857145
1998000,0.25
1998300,0.25
1998600,0.21428571428571427
1998900,0.17857142857142858
1999200,0.25
1999500,0.32142857142857145
1999800,0.32142857142857145
2000100,0.39285714285714285
2000400,0.42857142857142855
2000700,0.39285714285714285
2001000,0.32142857142857145
2001300,0.35714285714285715
2001600,0.39285714285714285
2001900,0.2857142857142857
2002200,0.35714285714285715
2002500,0.35714285714285715
2002800,0.32142857142857145
2003100,0.39285714285714285
2003400,0.39285714285714285
2003700,0.42857142857142855
2004000,0.42857142857142855
2004300,0.42857142857142855
2004600,0.42857142857142855
2004900,0.4642857142857143
2005200,0.5357142857142857
2005500,0.5357142857142857
2005800,0.5
2006100,0.4642857142857143
2006400,0.5
2006700,0.5
2007000,0.5357142857142857
2007300,0.5357142857142857
2007600,0.5714285714285714
2007900,0.5714285714285714
2008200,0.6428571428571429
2008500,0.6428571428571429
2008800,0.6071428571428571
2009100,0.6071428571428571
2009400,0.6071428571428571
2009700,0.6071428571428571
2010000,0.5714285714285714
2010300,0.5714285714285714
2010600,0.5714285714285714
2010900,0.5714285714285714
2011200,0.5357142857142857
2011500,0.5
2011800,0.4642857142857143
2012100,0.39285714285714285
2012400,0.35714285714285715
2012700,0.32142857142857145
2013000,0.35714285714285715
2013300,0.2857142857142857
2013600,0.32142857142857145
2013900,0.35714285714285715
2014200,0.35714285714285715
2014500,0.35714285714285715
2014800,0.35714285714285715
2015100,0.39285714285714285
2015400,0.42857142857142855
2015700,0.39285714285714285
2016000,0.42857142857142855
2016300,0.4642857142857143
2016600,0.4642857142857143
2016900,0.4642857142857143
2017200,0.4642857142857143
2017500,0.5
2017800,0.5357142857142857
2018100,0.5357142857142857
2018400,0.4642857142857143
2018700,0.4642857142857143
2019000,0.4642857142857143
2019300,0.4642857142857143
2019600,0.4642857142857143
2019900,0.4642857142857143
2020200,0.4642857142857143
2020500,0.4642857142857143
2020800,0.4642857142857143
2021100,0.4642857142857143
2021400,0.4642857142857143
2021700,0.4642857142857143
2022000,0.4642857142857143
2022300,0.4642857142857143
2022600,0.4642857142857143
2022900,0.4642857142857143
2023200,0.4642857142857143
2023500,0.4642857142857143
2023800,0.4642857142857143
2024100,0.4642857142857143
2024400,0.4642857142857143
2024700,0.4642857142857143
2025000,0.4642857142857143
2025300,0.4642857142857143
2025600,0.4642857142857143
2025900,0.4642857142857143
2026200,0.4642857142857143
2026500,0.4642857142857143
2026800,0.4642857142857143
2027100,0.4642857142857143
2027400,0.4642857142857143
2027700,0.4642857142857143
2028000,0.4642857142857143
2028300,0.4642857142857143
2028600,0.4642857142857143
2028900,0.4642857142857143
2029200,0.4642857142857143
2029500,0.4642857142857143
2029800,0.4642857142857143
2030100,0.4642857142857143
2030400,0.4642857142857143
2030700,0.4642857142857143
2031000,0.4642857142857143
2031300,0.4642857142857143
2031600,0.4642857142857143
2031900,0.4642857142857143
2032200,0.4642857142857143
2032500,0.4642857142857143
2032800,0.4642857142857143
2033100,0.4642857142857143
2033400,0.4642857142857143
2033700,0.4642857142857143
2034000,0.4642857142857143
2034300,0.4642857142857143
2034600,0.4642857142857143
2034900,0.4642857142857143
2035200,0.4642857142857143
2035500,0.4642857142857143
2035800,0.4642857142857143
2036100,0.4642857142857143
2036400,0.4642857142857143
2036700,0.4642857142857143
2037000,0.4642857142857143
2037300,0.4642857142857143
2037600,0.4642857142857143
2037900,0.4642857142857143
2038200,0.4642857142857143
2038500,0.4642857142857143
2038800,0.4642857142857143
2039100,0.4642857142857143
2039400,0.4642857142857143
2039700,0.5714285714285714
2040000,0.5714285714285714
2040300,0.5714285714285714
2040600,0.5714285714285714
2040900,0.6071428571428571
2041200,0.6071428571428571
2041500,0.6428571428571429
2041800,0.7142857142857143
2042100,0.7142857142857143
2042400,0.7142857142857143
2042700,0.7142857142857143
2043000,0.7142857142857143
2043300,0.14285714285714285
2043600,0.35714285714285715
2043900,0.6785714285714286
2044200,0.6785714285714286
2044500,0.6785714285714286
2044800,0.6785714285714286
2045100,0.6785714285714286
2045400,0.6785714285714286
2045700,0.6785714285714286
2046000,0.6785714285714286
2046300,0.6785714285714286
2046600,0.6785714285714286
2046900,0.6785714285714286
2047200,0.6785714285714286
2047500,0.6785714285714286
2047800,0.6785714285714286
2048100,0.6785714285714286
2048400,0.6785714285714286
2048700,0.6428571428571429
2049000,0.6428571428571429
2049300,0.6428571428571429
2049600,0.6428571428571429
2049900,0.6428571428571429
2050200,0.6428571428571429
2050500,0.6428571428571429
2050800,0.6428571428571429
2051100,0.6785714285714286
2051400,0.6785714285714286
2051700,0.6785714285714286
2052000,0.6785714285714286
2052300,0.6785714285714286
2052600,0.6785714285714286
2052900,0.6428571428571429
2053200,0.6428571428571429
2053500,0.6428571428571429
2053800,0.6428571428571429
2054100,0.6428571428571429
2054400,0.6428571428571429
2054700,0.6071428571428571
2055000,0.6071428571428571
2055300,0.5714285714285714
2055600,0.5714285714285714
2055900,0.5357142857142857
2056200,0.5
2056500,0.42857142857142855
2056800,0.35714285714285715
2057100,0.32142857142857145
2057400,0.2857142857142857
2057700,0.2857142857142857
2058000,0.32142857142857145
2058300,0.32142857142857145
2058600,0.32142857142857145
2058900,0.32142857142857145
2059200,0.39285714285714285
2059500,0.4642857142857143
2059800,0.39285714285714285
2060100,0.4642857142857143
2060400,0.5
2060700,0.4642857142857143
2061000,0.39285714285714285
2061300,0.42857142857142855
2061600,0.39285714285714285
2061900,0.35714285714285715
2062200,0.39285714285714285
2062500,0.42857142857142855
2062800,0.42857142857142855
2063100,0.4642857142857143
2063400,0.4642857142857143
2063700,0.4642857142857143
2064000,0.4642857142857143
2064300,0.4642857142857143
2064600,0.4642857142857143
2064900,0.42857142857142855
2065200,0.4642857142857143
2065500,0.5
2065800,0.5357142857142857
2066100,0.5357142857142857
2066400,0.5
2066700,0.5714285714285714
2067000,0.6071428571428571
2067300,0.6071428571428571
2067600,0.5714285714285714
2067900,0.5714285714285714
2068200,0.5714285714285714
2068500,0.5714285714285714
2068800,0.5
2069100,0.5
2069400,0.42857142857142855
2069700,0.4642857142857143
2070000,0.4642857142857143
2070300,0.4642857142857143
2070600,0.35714285714285715
2070900,0.39285714285714285
2071200,0.35714285714285715
2071500,0.39285714285714285
2071800,0.39285714285714285
2072100,0.42857142857142855
2072400,0.42857142857142855
2072700,0.39285714285714285
2073000,0.39285714285714285
2073300,0.2857142857142857
2073600,0.21428571428571427
2073900,0.17857142857142858
2074200,0.17857142857142858
2074500,0.17857142857142858
2074800,0.14285714285714285
2075100,0.14285714285714285
2075400,0.10714285714285714
2075700,0.03571428571428571
2076000,0.07142857142857142
2076300,0.0
2076600,0.07142857142857142
2076900,0.03571428571428571
2077200,0.0
2077500,0.0
2077800,0.14285714285714285
2078100,0.07142857142857142
2078400,0.10714285714285714
2078700,0.17857142857142858
2079000,0.17857142857142858
2079300,0.25
2079600,0.2857142857142857
2079900,0.32142857142857145
2080200,0.39285714285714285
2080500,0.39285714285714285
2080800,0.35714285714285715
2081100,0.32142857142857145
2081400,0.2857142857142857
2081700,0.35714285714285715
2082000,0.2857142857142857
2082300,0.2857142857142857
2082600,0.35714285714285715
2082900,0.32142857142857145
2083200,0.2857142857142857
2083500,0.2857142857142857
2083800,0.21428571428571427
2084100,0.17857142857142858
2084400,0.25
2084700,0.2857142857142857
2085000,0.32142857142857145
2085300,0.32142857142857145
2085600,0.32142857142857145
2085900,0.25
2086200,0.32142857142857145
2086500,0.25
2086800,0.2857142857142857
2087100,0.32142857142857145
2087400,0.4642857142857143
2087700,0.4642857142857143
2088000,0.5
2088300,0.42857142857142855
2088600,0.42857142857142855
2088900,0.5
2089200,0.5714285714285714
2089500,0.5357142857142857
2089800,0.5357142857142857
2090100,0.4642857142857143
2090400,0.5357142857142857
2090700,0.5357142857142857
2091000,0.5
2091300,0.5
2091600,0.5
2091900,0.5
2092200,0.4642857142857143
2092500,0.39285714285714285
2092800,0.39285714285714285
2093100,0.39285714285714285
2093400,0.35714285714285715
2093700,0.39285714285714285
2094000,0.2857142857142857
2094300,0.32142857142857145
2094600,0.35714285714285715
2094900,0.32142857142857145
2095200,0.35714285714285715
2095500,0.35714285714285715
2095800,0.5
2096100,0.5
2096400,0.5
2096700,0.42857142857142855
2097000,0.4642857142857143
2097300,0.4642857142857143
2097600,0.5
2097900,0.5357142857142857
2098200,0.4642857142857143
2098500,0.5
2098800,0.39285714285714285
2099100,0.39285714285714285
2099400,0.39285714285714285
2099700,0.39285714285714285
2100000,0.42857142857142855
2100300,0.4642857142857143
2100600,0.42857142857142855
2100900,0.42857142857142855
2101200,0.42857142857142855
2101500,0.4642857142857143
2101800,0.5
2102100,0.5357142857142857
2102400,0.6071428571428571
2102700,0.6428571428571429
2103000,0.6428571428571429
2103300,0.6428571428571429
2103600,0.6428571428571429
2103900,0.6428571428571429
2104200,0.6785714285714286
2104500,0.6785714285714286
2104800,0.6428571428571429
2105100,0.6428571428571429
2105400,0.6428571428571429
2105700,0.6428571428571429
2106000,0.6428571428571429
2106300,0.6071428571428571
2106600,0.6071428571428571
2106900,0.6071428571428571
2107200,0.6071428571428571
2107500,0.6071428571428571
2107800,0.6071428571428571
2108100,0.6071428571428571
2108400,0.6071428571428571
2108700,0.7142857142857143
2109000,0.7142857142857143
2109300,0.6785714285714286
2109600,0.6785714285714286
2109900,0.7142857142857143
2110200,0.7142857142857143
2110500,0.7142857142857143
2110800,0.7142857142857143
2111100,0.7142857142857143
2111400,0.7142857142857143
2111700,0.6785714285714286
2112000,0.6785714285714286
2112300,0.6428571428571429
2112600,0.6428571428571429
2112900,0.6071428571428571
2113200,0.5714285714285714
2113500,0.5714285714285714
2113800,0.5714285714285714
2114100,0.6071428571428571
2114400,0.6071428571428571
2114700,0.6071428571428571
2115000,0.6785714285714286
2115300,0.6785714285714286
2115600,0.6785714285714286
2115900,0.6785714285714286
2116200,0.6785714285714286
2116500,0.6785714285714286
2116800,0.6785714285714286
2117100,0.6785714285714286
2117400,0.6785714285714286
2117700,0.6071428571428571
2118000,0.6071428571428571
2118300,0.5714285714285714
2118600,0.5714285714285714
2118900,0.5714285714285714
2119200,0.5
2119500,0.5714285714285714
2119800,0.6071428571428571
2120100,0.6071428571428571
2120400,0.5714285714285714
2120700,0.5
2121000,0.5357142857142857
2121300,0.5357142857142857
2121600,0.5357142857142857
2121900,0.5357142857142857
2122200,0.5357142857142857
2122500,0.5357142857142857
2122800,0.5357142857142857
2123100,0.5714285714285714
2123400,0.6071428571428571
2123700,0.5714285714285714
2124000,0.5714285714285714
2124300,0.5714285714285714
2124600,0.5714285714285714
2124900,0.6071428571428571
2125200,0.6071428571428571
2125500,0.5714285714285714
2125800,0.5714285714285714
2126100,0.5714285714285714
2126400,0.5714285714285714
2126700,0.5357142857142857
2127000,0.4642857142857143
2127300,0.5
2127600,0.5357142857142857
2127900,0.5357142857142857
2128200,0.5714285714285714
2128500,0.5357142857142857
2128800,0.5714285714285714
2129100,0.6071428571428571
2129400,0.6785714285714286
2129700,0.7142857142857143
2130000,0.7142857142857143
2130300,0.7142857142857143
2130600,0.7142857142857143
2130900,0.7142857142857143
2131200,0.7142857142857143
2131500,0.6785714285714286
2131800,0.6428571428571429
2132100,0.6428571428571429
2132400,0.6071428571428571
2132700,0.5714285714285714
2133000,0.5714285714285714
2133300,0.5714285714285714
2133600,0.5357142857142857
2133900,0.5714285714285714
2134200,0.5714285714285714
2134500,0.5714285714285714
2134800,0.5714285714285714
2135100,0.5714285714285714
2135400,0.6071428571428571
2135700,0.6071428571428571
2136000,0.6071428571428571
2136300,0.7142857142857143
2136600,0.7142857142857143
2136900,0.7142857142857143
2137200,0.7142857142857143
2137500,0.7142857142857143
2137800,0.7142857142857143
2138100,0.7142857142857143
2138400,0.7142857142857143
2138700,0.7142857142857143
2139000,0.75
2139300,0.75
2139600,0.75
2139900,0.75
2140200,0.75
2140500,0.7142857142857143
2140800,0.7142857142857143
2141100,0.6785714285714286
2141400,0.6785714285714286
2141700,0.7142857142857143
2142000,0.7142857142857143
2142300,0.7142857142857143
2142600,0.6785714285714286
2142900,0.6428571428571429
2143200,0.6428571428571429
2143500,0.6785714285714286
2143800,0.6428571428571429
2144100,0.5714285714285714
2144400,0.6071428571428571
2144700,0.5714285714285714
2145000,0.5
2145300,0.5
2145600,0.5357142857142857
2145900,0.5
2146200,0.5
2146500,0.5
2146800,0.5
2147100,0.4642857142857143
2147400,0.4642857142857143
2147700,0.5714285714285714
2148000,0.5714285714285714
2148300,0.5357142857142857
2148600,0.5714285714285714
2148900,0.5714285714285714
2149200,0.5714285714285714
2149500,0.5357142857142857
2149800,0.5357142857142857
2150100,0.5357142857142857
2150400,0.4642857142857143
2150700,0.42857142857142855
2151000,0.39285714285714285
2151300,0.35714285714285715
2151600,0.32142857142857145
2151900,0.35714285714285715
2152200,0.4642857142857143
2152500,0.35714285714285715
2152800,0.39285714285714285
2153100,0.32142857142857145
2153400,0.35714285714285715
2153700,0.42857142857142855
2154000,0.39285714285714285
2154300,0.39285714285714285
2154600,0.39285714285714285
2154900,0.39285714285714285
2155200,0.39285714285714285
2155500,0.32142857142857145
2155800,0.32142857142857145
2156100,0.32142857142857145
2156400,0.32142857142857145
2156700,0.2857142857142857
2157000,0.2857142857142857
2157300,0.32142857142857145
2157600,0.32142857142857145
2157900,0.17857142857142858
2158200,0.21428571428571427
2158500,0.25
2158800,0.25
2159100,0.21428571428571427
2159400,0.25
2159700,0.4642857142857143
2160000,0.4642857142857143
2160300,0.39285714285714285
2160600,0.2857142857142857
2160900,0.10714285714285714
2161200,0.07142857142857142
2161500,0.07142857142857142
2161800,0.03571428571428571
2162100,0.07142857142857142
2162400,0.03571428571428571
2162700,0.10714285714285714
2163000,0.14285714285714285
2163300,0.21428571428571427
2163600,0.21428571428571427
2163900,0.2857142857142857
2164200,0.32142857142857145
2164500,0.35714285714285715
2164800,0.39285714285714285
2165100,0.39285714285714285
2165400,0.4642857142857143
2165700,0.4642857142857143
2166000,0.39285714285714285
2166300,0.32142857142857145
2166600,0.32142857142857145
2166900,0.39285714285714285
2167200,0.25
2167500,0.21428571428571427
2167800,0.17857142857142858
2168100,0.21428571428571427
2168400,0.25
2168700,0.2857142857142857
2169000,0.21428571428571427
2169300,0.21428571428571427
2169600,0.2857142857142857
2169900,0.32142857142857145
2170200,0.2857142857142857
2170500,0.2857142857142857
2170800,0.21428571428571427
2171100,0.32142857142857145
2171400,0.2857142857142857
2171700,0.32142857142857145
2172000,0.32142857142857145
2172300,0.32142857142857145
2172600,0.32142857142857145
2172900,0.35714285714285715
2173200,0.39285714285714285
2173500,0.35714285714285715
2173800,0.39285714285714285
2174100,0.42857142857142855
2174400,0.4642857142857143
2174700,0.4642857142857143
2175000,0.39285714285714285
2175300,0.39285714285714285
2175600,0.35714285714285715
2175900,0.35714285714285715
2176200,0.39285714285714285
2176500,0.42857142857142855
2176800,0.5
2177100,0.5357142857142857
2177400,0.4642857142857143
2177700,0.5
2178000,0.5
2178300,0.4642857142857143
2178600,0.4642857142857143
2178900,0.42857142857142855
2179200,0.39285714285714285
2179500,0.35714285714285715
2179800,0.35714285714285715
2180100,0.25
2180400,0.32142857142857145
2180700,0.25
2181000,0.32142857142857145
2181300,0.25
2181600,0.25
2181900,0.21428571428571427
2182200,0.21428571428571427
2182500,0.21428571428571427
2182800,0.21428571428571427
2183100,0.17857142857142858
2183400,0.21428571428571427
2183700,0.21428571428571427
2184000,0.25
2184300,0.39285714285714285
2184600,0.35714285714285715
2184900,0.39285714285714285
2185200,0.32142857142857145
2185500,0.35714285714285715
2185800,0.42857142857142855
2186100,0.5
2186400,0.5
2186700,0.5
2187000,0.4642857142857143
2187300,0.4642857142857143
2187600,0.4642857142857143
2187900,0.5
2188200,0.5357142857142857
2188500,0.5714285714285714
2188800,0.5714285714285714
2189100,0.6428571428571429
2189400,0.6785714285714286
2189700,0.6428571428571429
2190000,0.6428571428571429
2190300,0.6428571428571429
2190600,0.6428571428571429
2190900,0.6428571428571429
2191200,0.6785714285714286
2191500,0.6071428571428571
2191800,0.6071428571428571
2192100,0.6071428571428571
2192400,0.5714285714285714
2192700,0.5714285714285714
2193000,0.6071428571428571
2193300,0.6071428571428571
2193600,0.6428571428571429
2193900,0.6428571428571429
2194200,0.6428571428571429
2194500,0.6785714285714286
2194800,0.7142857142857143
2195100,0.7142857142857143
2195400,0.7142857142857143
2195700,0.7142857142857143
2196000,0.7142857142857143
2196300,0.7142857142857143
2196600,0.7142857142857143
2196900,0.75
2197200,0.75
2197500,0.75
2197800,0.6785714285714286
2198100,0.6428571428571429
2198400,0.6428571428571429
2198700,0.5357142857142857
2199000,0.5357142857142857
2199300,0.5357142857142857
2199600,0.5714285714285714
2199900,0.5
2200200,0.6071428571428571
2200500,0.6071428571428571
2200800,0.5357142857142857
2201100,0.5714285714285714
2201400,0.5714285714285714
2201700,0.5357142857142857
2202000,0.5714285714285714
2202300,0.5714285714285714
2202600,0.5714285714285714
2202900,0.4642857142857143
2203200,0.42857142857142855
2203500,0.35714285714285715
2203800,0.35714285714285715
2204100,0.35714285714285715
2204400,0.25
2204700,0.25
2205000,0.21428571428571427
2205300,0.17857142857142858
2205600,0.17857142857142858
2205900,0.17857142857142858
2206200,0.17857142857142858
2206500,0.10714285714285714
2206800,0.10714285714285714
2207100,0.14285714285714285
2207400,0.21428571428571427
2207700,0.21428571428571427
2208000,0.17857142857142858
2208300,0.14285714285714285
2208600,0.17857142857142858
2208900,0.2857142857142857
2209200,0.39285714285714285
2209500,0.42857142857142855
2209800,0.5357142857142857
2210100,0.6428571428571429
2210400,0.6428571428571429
2210700,0.6785714285714286
2211000,0.6785714285714286
2211300,0.6785714285714286
2211600,0.7142857142857143
2211900,0.6785714285714286
2212200,0.6785714285714286
2212500,0.7142857142857143
2212800,0.7142857142857143
2213100,0.75
2213400,0.7857142857142857
2213700,0.7857142857142857
2214000,0.75
2214300,0.75
2214600,0.7142857142857143
2214900,0.6785714285714286
2215200,0.7142857142857143
2215500,0.7142857142857143
2215800,0.75
2216100,0.7857142857142857
2216400,0.7857142857142857
2216700,0.7857142857142857
2217000,0.7857142857142857
2217300,0.75
2217600,0.7857142857142857
2217900,0.7857142857142857
2218200,0.75
2218500,0.75
2218800,0.7857142857142857
2219100,0.8214285714285714
2219400,0.8214285714285714
2219700,0.8214285714285714
2220000,0.8214285714285714
2220300,0.8214285714285714
2220600,0.7857142857142857
2220900,0.7857142857142857
2221200,0.8214285714285714
2221500,0.8214285714285714
2221800,0.7857142857142857
2222100,0.75
2222400,0.75
2222700,0.75
2223000,0.75
2223300,0.7857142857142857
2223600,0.7857142857142857
2223900,0.7857142857142857
2224200,0.8571428571428571
2224500,0.8214285714285714
2224800,0.8214285714285714
2225100,0.8214285714285714
2225400,0.8214285714285714
2225700,0.8214285714285714
2226000,0.8214285714285714
2226300,0.8571428571428571
2226600,0.8571428571428571
2226900,0.8571428571428571
2227200,0.7857142857142857
2227500,0.7857142857142857
2227800,0.7857142857142857
2228100,0.7857142857142857
2228400,0.8214285714285714
2228700,0.8214285714285714
2229000,0.7857142857142857
2229300,0.8214285714285714
2229600,0.7142857142857143
2229900,0.7142857142857143
2230200,0.6785714285714286
2230500,0.39285714285714285
2230800,0.5714285714285714
2231100,0.5714285714285714
2231400,0.5714285714285714
2231700,0.6071428571428571
2232000,0.42857142857142855
2232300,0.39285714285714285
2232600,0.42857142857142855
2232900,0.4642857142857143
2233200,0.5357142857142857
2233500,0.5
2233800,0.5
2234100,0.5357142857142857
2234400,0.5
2234700,0.5714285714285714
2235000,0.6428571428571429
2235300,0.6785714285714286
2235600,0.6785714285714286
2235900,0.7857142857142857
2236200,0.75
2236500,0.7142857142857143
2236800,0.6428571428571429
2237100,0.6428571428571429
2237400,0.6428571428571429
2237700,0.6428571428571429
2238000,0.6785714285714286
2238300,0.6071428571428571
2238600,0.6071428571428571
2238900,0.6428571428571429
2239200,0.5357142857142857
2239500,0.5357142857142857
2239800,0.5714285714285714
2240100,0.5714285714285714
2240400,0.5357142857142857
2240700,0.4642857142857143
2241000,0.42857142857142855
2241300,0.32142857142857145
2241600,0.32142857142857145
2241900,0.39285714285714285
2242200,0.5357142857142857
2242500,0.5357142857142857
2242800,0.6428571428571429
2243100,0.6428571428571429
2243400,0.7142857142857143
2243700,0.6785714285714286
2244000,0.6785714285714286
2244300,0.75
2244600,0.6785714285714286
2244900,0.5714285714285714
2245200,0.5357142857142857
2245500,0.5
2245800,0.5
2246100,0.5
2246400,0.5357142857142857
2246700,0.39285714285714285
2247000,0.35714285714285715
2247300,0.25
2247600,0.2857142857142857
2247900,0.25
2248200,0.2857142857142857
2248500,0.21428571428571427
2248800,0.21428571428571427
2249100,0.21428571428571427
2249400,0.25
2249700,0.21428571428571427
2250000,0.10714285714285714
2250300,0.07142857142857142
2250600,0.10714285714285714
2250900,0.17857142857142858
2251200,0.14285714285714285
2251500,0.2857142857142857
2251800,0.35714285714285715
2252100,0.32142857142857145
2252400,0.2857142857142857
2252700,0.25
2253000,0.32142857142857145
2253300,0.35714285714285715
2253600,0.39285714285714285
2253900,0.35714285714285715
2254200,0.42857142857142855
2254500,0.35714285714285715
2254800,0.35714285714285715
2255100,0.39285714285714285
2255400,0.39285714285714285
2255700,0.35714285714285715
2256000,0.39285714285714285
2256300,0.35714285714285715
2256600,0.35714285714285715
2256900,0.39285714285714285
2257200,0.39285714285714285
2257500,0.5
2257800,0.5357142857142857
2258100,0.5357142857142857
2258400,0.4642857142857143
2258700,0.5
2259000,0.5
2259300,0.5714285714285714
2259600,0.5714285714285714
2259900,0.6071428571428571
2260200,0.6071428571428571
2260500,0.5357142857142857
2260800,0.5357142857142857
2261100,0.5357142857142857
2261400,0.5714285714285714
2261700,0.5714285714285714
2262000,0.4642857142857143
2262300,0.4642857142857143
2262600,0.5357142857142857
2262900,0.4642857142857143
2263200,0.5357142857142857
2263500,0.5
2263800,0.5
2264100,0.4642857142857143
2264400,0.5
2264700,0.6071428571428571
2265000,0.6666666666666666
2265300,0.625
2265600,0.5833333333333334
2265900,0.5833333333333334
2266200,0.5416666666666666
2266500,0.4583333333333333
2266800,0.4583333333333333
2267100,0.4583333333333333
2267400,0.4583333333333333
2267700,0.4166666666666667
2268000,0.375
2268300,0.375
2268600,0.375
2268900,0.3333333333333333
2269200,0.2916666666666667
2269500,0.375
2269800,0.375
2270100,0.2916666666666667
2270400,0.25
2270700,0.2916666666666667
2271000,0.4583333333333333
2271300,0.5
2271600,0.5
2271900,0.625
2272200,0.7083333333333334
2272500,0.7083333333333334
2272800,0.7083333333333334
2273100,0.7083333333333334
2273400,0.625
2273700,0.625
2274000,0.7083333333333334
2274300,0.7083333333333334
2274600,0.75
2274900,0.8333333333333334
2275200,0.8333333333333334
2275500,0.875
2275800,0.875
2276100,0.875
2276400,0.875
2276700,0.875
2277000,0.875
2277300,0.9166666666666666
2277600,0.9583333333333334
2277900,0.9583333333333334
2278200,0.9583333333333334
2278500,0.9583333333333334
2278800,0.9583333333333334
2279100,0.9583333333333334
2279400,0.9166666666666666
2279700,0.9166666666666666
2280000,0.9166666666666666
2280300,0.9166666666666666
2280600,0.875
2280900,0.875
2281200,0.875
2281500,0.875
2281800,0.875
2282100,0.875
2282400,0.875
2282700,0.9166666666666666
2283000,0.9583333333333334
2283300,0.875
2283600,0.8333333333333334
2283900,0.8333333333333334
2284200,0.8333333333333334
2284500,0.8333333333333334
2284800,0.9166666666666666
2285100,0.9166666666666666
2285400,0.9166666666666666
2285700,0.9166666666666666
2286000,0.875
2286300,0.875
2286600,0.9166666666666666
2286900,0.9166666666666666
2287200,0.9166666666666666
2287500,0.9166666666666666
2287800,0.875
2288100,0.8333333333333334
2288400,0.8333333333333334
2288700,0.8333333333333334
2289000,0.875
2289300,0.875
2289600,0.8333333333333334
2289900,0.8333333333333334
2290200,0.875
2290500,0.875
2290800,0.8333333333333334
2291100,0.7916666666666666
2291400,0.75
2291700,0.7083333333333334
2292000,0.7083333333333334
2292300,0.7083333333333334
2292600,0.6666666666666666
2292900,0.6666666666666666
2293200,0.625
2293500,0.5
2293800,0.375
2294100,0.4166666666666667
2294400,0.4166666666666667
2294700,0.4166666666666667
2295000,0.4166666666666667
2295300,0.4166666666666667
2295600,0.4583333333333333
2295900,0.4583333333333333
2296200,0.5
2296500,0.5
2296800,0.5416666666666666
2297100,0.625
2297400,0.6666666666666666
2297700,0.75
2298000,0.7916666666666666
2298300,0.7916666666666666
2298600,0.7916666666666666
2298900,0.8333333333333334
2299200,0.8333333333333334
2299500,0.875
2299800,0.875
2300100,0.875
2300400,0.9166666666666666
2300700,0.9166666666666666
2301000,0.875
2301300,0.875
2301600,0.875
2301900,0.7916666666666666
2302200,0.7916666666666666
2302500,0.75
2302800,0.7083333333333334
2303100,0.6666666666666666
2303400,0.625
2303700,0.5833333333333334
2304000,0.5833333333333334
2304300,0.625
2304600,0.625
2304900,0.7083333333333334
2305200,0.625
2305500,0.5833333333333334
2305800,0.5416666666666666
2306100,0.5416666666666666
2306400,0.5416666666666666
2306700,0.5833333333333334
2307000,0.625
2307300,0.625
2307600,0.625
2307900,0.7083333333333334
2308200,0.7083333333333334
2308500,0.7083333333333334
2308800,0.875
2309100,0.875
2309400,0.875
2309700,0.875
2310000,0.875
2310300,0.875
2310600,0.875
2310900,0.875
2311200,0.875
2311500,0.875
2311800,0.875
2312100,0.875
2312400,0.875
2312700,0.8333333333333334
2313000,0.8333333333333334
2313300,0.8333333333333334
2313600,0.75
2313900,0.75
2314200,0.75
2314500,0.7916666666666666
2314800,0.7916666666666666
2315100,0.75
2315400,0.75
2315700,0.625
2316000,0.625
2316300,0.5416666666666666
2316600,0.5416666666666666
2316900,0.5416666666666666
2317200,0.5416666666666666
2317500,0.5833333333333334
2317800,0.5833333333333334
2318100,0.5833333333333334
2318400,0.625
2318700,0.5833333333333334
2319000,0.5833333333333334
2319300,0.5833333333333334
2319600,0.625
2319900,0.625
2320200,0.625
2320500,0.7083333333333334
2320800,0.625
2321100,0.625
2321400,0.6666666666666666
2321700,0.6666666666666666
2322000,0.625
2322300,0.6666666666666666
2322600,0.75
2322900,0.7083333333333334
2323200,0.6666666666666666
2323500,0.625
2323800,0.625
2324100,0.5833333333333334
2324400,0.5833333333333334
2324700,0.6666666666666666
2325000,0.625
2325300,0.625
2325600,0.5833333333333334
2325900,0.5833333333333334
2326200,0.5833333333333334
2326500,0.625
2326800,0.6666666666666666
2327100,0.7916666666666666
2327400,0.75
2327700,0.75
2328000,0.75
2328300,0.75
2328600,0.625
2328900,0.6666666666666666
2329200,0.6666666666666666
2329500,0.6666666666666666
2329800,0.6666666666666666
2330100,0.6666666666666666
2330400,0.7083333333333334
2330700,0.5
2331000,0.375
2331300,0.3333333333333333
2331600,0.25
2331900,0.25
2332200,0.16666666666666666
2332500,0.20833333333333334
2332800,0.2916666666666667
2333100,0.375
2333400,0.2916666666666667
2333700,0.20833333333333334
2334000,0.25
2334300,0.2916666666666667
2334600,0.2916666666666667
2334900,0.20833333333333334
2335200,0.25
2335500,0.20833333333333334
2335800,0.20833333333333334
2336100,0.125
2336400,0.125
2336700,0.20833333333333334
2337000,0.20833333333333334
2337300,0.125
2337600,0.08333333333333333
2337900,0.08333333333333333
2338200,0.041666666666666664
2338500,0.041666666666666664
2338800,0.041666666666666664
2339100,0.0
2339400,0.0
2339700,0.0
2340000,0.0
2340300,0.125
2340600,0.375
2340900,0.375
2341200,0.375
2341500,0.5
2341800,0.4583333333333333
2342100,0.5416666666666666
2342400,0.4166666666666667
2342700,0.4583333333333333
2343000,0.4583333333333333
2343300,0.5833333333333334
2343600,0.5833333333333334
2343900,0.4583333333333333
2344200,0.4583333333333333
2344500,0.4583333333333333
2344800,0.4583333333333333
2345100,0.4583333333333333
2345400,0.5833333333333334
2345700,0.5833333333333334
2346000,0.5833333333333334
2346300,0.5833333333333334
2346600,0.625
2346900,0.6666666666666666
2347200,0.6666666666666666
2347500,0.7083333333333334
2347800,0.6666666666666666
2348100,0.75
2348400,0.75
2348700,0.75
2349000,0.6666666666666666
2349300,0.6666666666666666
2349600,0.625
2349900,0.6666666666666666
2350200,0.75
2350500,0.6666666666666666
2350800,0.625
2351100,0.7083333333333334
2351400,0.75
2351700,0.6666666666666666
2352000,0.6666666666666666
2352300,0.5416666666666666
2352600,0.5833333333333334
2352900,0.5416666666666666
2353200,0.5416666666666666
2353500,0.4583333333333333
2353800,0.375
2354100,0.375
2354400,0.4166666666666667
2354700,0.5
2355000,0.5
2355300,0.5416666666666666
2355600,0.5416666666666666
2355900,0.4583333333333333
2356200,0.4583333333333333
2356500,0.4166666666666667
2356800,0.4583333333333333
2357100,0.5
2357400,0.5
2357700,0.5416666666666666
2358000,0.4583333333333333
2358300,0.5833333333333334
2358600,0.625
2358900,0.5833333333333334
2359200,0.5416666666666666
2359500,0.5416666666666666
2359800,0.5416666666666666
2360100,0.5416666666666666
2360400,0.5833333333333334
2360700,0.625
2361000,0.75
2361300,0.8333333333333334
2361600,0.7916666666666666
2361900,0.7916666666666666
2362200,0.7916666666666666
2362500,0.875
2362800,0.875
2363100,0.875
2363400,0.9166666666666666
2363700,0.9166666666666666
2364000,0.9166666666666666
2364300,0.9166666666666666
2364600,0.9166666666666666
2364900,0.8333333333333334
2365200,0.875
2365500,0.875
2365800,0.9166666666666666
2366100,0.9166666666666666
2366400,0.9166666666666666
2366700,0.9166666666666666
2367000,0.9166666666666666
2367300,0.9166666666666666
2367600,0.875
2367900,0.8333333333333334
2368200,0.8333333333333334
2368500,0.8333333333333334
2368800,0.875
2369100,0.875
2369400,0.875
2369700,0.8333333333333334
2370000,0.7916666666666666
2370300,0.8333333333333334
2370600,0.75
2370900,0.75
2371200,0.7916666666666666
2371500,0.8333333333333334
2371800,0.8333333333333334
2372100,0.8333333333333334
2372400,0.8333333333333334
2372700,0.9166666666666666
2373000,0.9166666666666666
2373300,0.9583333333333334
2373600,0.9166666666666666
2373900,0.9166666666666666
2374200,0.9166666666666666
2374500,0.9583333333333334
2374800,0.9583333333333334
2375100,0.9583333333333334
2375400,0.875
2375700,0.8333333333333334
2376000,0.7916666666666666
2376300,0.7083333333333334
2376600,0.5833333333333334
2376900,0.5416666666666666
2377200,0.375
2377500,0.375
2377800,0.25
2378100,0.25
2378400,0.2916666666666667
2378700,0.4166666666666667
2379000,0.375
2379300,0.2916666666666667
2379600,0.3333333333333333
2379900,0.375
2380200,0.3333333333333333
2380500,0.3333333333333333
2380800,0.375
2381100,0.5416666666666666
2381400,0.4583333333333333
2381700,0.4583333333333333
2382000,0.5
2382300,0.5
2382600,0.5833333333333334
2382900,0.625
2383200,0.7083333333333334
2383500,0.7916666666666666
2383800,0.8333333333333334
2384100,0.875
2384400,0.875
2384700,0.9583333333333334
2385000,0.9583333333333334
2385300,0.9583333333333334
2385600,0.9583333333333334
2385900,0.9583333333333334
2386200,1.0
2386500,1.0
2386800,1.0
2387100,1.0
2387400,1.0
2387700,0.9583333333333334
2388000,0.875
2388300,0.875
2388600,0.8333333333333334
2388900,0.8333333333333334
2389200,0.7916666666666666
2389500,0.7916666666666666
2389800,0.7916666666666666
2390100,0.9166666666666666
2390400,0.9166666666666666
2390700,0.875
2391000,0.7916666666666666
2391300,0.8333333333333334
2391600,0.8333333333333334
2391900,0.875
2392200,0.875
2392500,0.875
2392800,0.9166666666666666
2393100,0.9166666666666666
2393400,0.9166666666666666
2393700,0.9166666666666666
2394000,0.875
2394300,0.875
2394600,0.875
2394900,0.875
2395200,0.9166666666666666
2395500,0.9166666666666666
2395800,0.875
2396100,0.9166666666666666
2396400,0.875
2396700,0.875
2397000,0.875
2397300,0.9166666666666666
2397600,0.9166666666666666
2397900,0.9583333333333334
2398200,0.9583333333333334
2398500,0.9583333333333334
2398800,0.9583333333333334
2399100,0.9583333333333334
2399400,0.9583333333333334
2399700,0.9583333333333334
2400000,0.9583333333333334
2400300,0.9583333333333334
2400600,0.9583333333333334
2400900,1.0
2401200,1.0
2401500,1.0
2401800,0.9166666666666666
2402100,0.9166666666666666
2402400,0.9166666666666666
2402700,0.9166666666666666
2403000,0.9166666666666666
2403300,0.875
2403600,0.875
2403900,0.875
2404200,0.9166666666666666
2404500,0.875
2404800,0.75
2405100,0.7083333333333334
2405400,0.6666666666666666
2405700,0.625
2406000,0.5416666666666666
2406300,0.5833333333333334
2406600,0.5416666666666666
2406900,0.5
2407200,0.4583333333333333
2407500,0.5833333333333334
2407800,0.625
2408100,0.5416666666666666
2408400,0.4583333333333333
2408700,0.5
2409000,0.5416666666666666
2409300,0.5416666666666666
2409600,0.5833333333333334
2409900,0.5416666666666666
2410200,0.5416666666666666
2410500,0.4166666666666667
2410800,0.375
2411100,0.4583333333333333
2411400,0.4583333333333333
2411700,0.4583333333333333
2412000,0.4166666666666667
2412300,0.4166666666666667
2412600,0.375
2412900,0.4166666666666667
2413200,0.3333333333333333
2413500,0.3333333333333333
2413800,0.4166666666666667
2414100,0.4583333333333333
2414400,0.5
2414700,0.5416666666666666
2415000,0.5833333333333334
2415300,0.5416666666666666
2415600,0.5416666666666666
2415900,0.5416666666666666
2416200,0.625
2416500,0.625
2416800,0.6666666666666666
2417100,0.5416666666666666
2417400,0.5416666666666666
2417700,0.5
2418000,0.4166666666666667
2418300,0.25
2418600,0.20833333333333334
2418900,0.25
2419200,0.20833333333333334
2419500,0.2916666666666667
2419800,0.25
2420100,0.041666666666666664
2420400,0.16666666666666666
2420700,0.125
2421000,0.125
2421300,0.08333333333333333
2421600,0.08333333333333333
2421900,0.041666666666666664
2422200,0.041666666666666664
2422500,0.08333333333333333
2422800,0.08333333333333333
2423100,0.041666666666666664
2423400,0.125
2423700,0.3333333333333333
2424000,0.4583333333333333
2424300,0.4166666666666667
2424600,0.4166666666666667
2424900,0.5416666666666666
2425200,0.5833333333333334
2425500,0.625
2425800,0.5
2426100,0.5
2426400,0.5
2426700,0.4583333333333333
2427000,0.4583333333333333
2427300,0.4166666666666667
2427600,0.4166666666666667
2427900,0.4166666666666667
2428200,0.2916666666666667
2428500,0.25
2428800,0.125
2429100,0.16666666666666666
2429400,0.16666666666666666
2429700,0.125
2430000,0.125
2430300,0.16666666666666666
2430600,0.25
2430900,0.16666666666666666
2431200,0.20833333333333334
2431500,0.2916666666666667
2431800,0.25
2432100,0.3333333333333333
2432400,0.3333333333333333
2432700,0.3333333333333333
2433000,0.375
2433300,0.4583333333333333
2433600,0.5416666666666666
2433900,0.4583333333333333
2434200,0.4583333333333333
2434500,0.4583333333333333
2434800,0.5
2435100,0.5
2435400,0.5416666666666666
2435700,0.5416666666666666
2436000,0.5833333333333334
2436300,0.5833333333333334
2436600,0.5416666666666666
2436900,0.4583333333333333
2437200,0.4583333333333333
2437500,0.5416666666666666
2437800,0.5833333333333334
2438100,0.625
2438400,0.625
2438700,0.5833333333333334
2439000,0.5833333333333334
2439300,0.5416666666666666
2439600,0.4583333333333333
2439900,0.4583333333333333
2440200,0.375
2440500,0.3333333333333333
2440800,0.25
2441100,0.4166666666666667
2441400,0.375
2441700,0.3333333333333333
2442000,0.2916666666666667
2442300,0.2916666666666667
2442600,0.2916666666666667
2442900,0.25
2443200,0.2916666666666667
2443500,0.3333333333333333
2443800,0.25
2444100,0.25
2444400,0.375
2444700,0.4583333333333333
2445000,0.4583333333333333
2445300,0.4583333333333333
2445600,0.5416666666666666
2445900,0.5833333333333334
2446200,0.5416666666666666
2446500,0.6666666666666666
2446800,0.7083333333333334
2447100,0.7083333333333334
2447400,0.6666666666666666
2447700,0.6666666666666666
2448000,0.6666666666666666
2448300,0.625
2448600,0.7083333333333334
2448900,0.75
2449200,0.75
2449500,0.75
2449800,0.7083333333333334
2450100,0.7083333333333334
2450400,0.75
2450700,0.7916666666666666
2451000,0.7916666666666666
2451300,0.7916666666666666
2451600,0.8333333333333334
2451900,0.7916666666666666
2452200,0.875
2452500,0.8333333333333334
2452800,0.8333333333333334
2453100,0.8333333333333334
2453400,0.8333333333333334
2453700,0.8333333333333334
2454000,0.8333333333333334
2454300,0.8333333333333334
2454600,0.875
2454900,0.875
2455200,0.9166666666666666
2455500,0.9166666666666666
2455800,0.9166666666666666
2456100,0.9166666666666666
2456400,0.9166666666666666
2456700,0.9583333333333334
2457000,0.9583333333333334
2457300,0.9166666666666666
2457600,0.9166666666666666
2457900,0.9166666666666666
2458200,0.9166666666666666
2458500,0.9166666666666666
2458800,0.8333333333333334
2459100,0.8333333333333334
2459400,0.8333333333333334
2459700,0.8333333333333334
2460000,0.8333333333333334
2460300,0.875
2460600,0.875
2460900,0.875
2461200,0.8333333333333334
2461500,0.8333333333333334
2461800,0.75
2462100,0.7083333333333334
2462400,0.625
2462700,0.625
2463000,0.5416666666666666
2463300,0.5
2463600,0.20833333333333334
2463900,0.20833333333333334
2464200,0.16666666666666666
2464500,0.16666666666666666
2464800,0.125
2465100,0.2916666666666667
2465400,0.20833333333333334
2465700,0.16666666666666666
2466000,0.16666666666666666
2466300,0.041666666666666664
2466600,0.20833333333333334
2466900,0.20833333333333334
2467200,0.20833333333333334
2467500,0.4166666666666667
2467800,0.5
2468100,0.5416666666666666
2468400,0.6666666666666666
2468700,0.7083333333333334
2469000,0.6666666666666666
2469300,0.6666666666666666
2469600,0.5416666666666666
2469900,0.5833333333333334
2470200,0.5833333333333334
2470500,0.75
2470800,0.75
2471100,0.75
2471400,0.875
2471700,0.9166666666666666
2472000,0.875
2472300,0.9166666666666666
2472600,0.9166666666666666
2472900,0.875
2473200,0.8333333333333334
2473500,0.8333333333333334
2473800,0.7916666666666666
2474100,0.7916666666666666
2474400,0.75
2474700,0.75
2475000,0.7916666666666666
2475300,0.75
2475600,0.75
2475900,0.75
2476200,0.75
2476500,0.6666666666666666
2476800,0.6666666666666666
2477100,0.6666666666666666
2477400,0.6666666666666666
2477700,0.5416666666666666
2478000,0.625
2478300,0.6666666666666666
2478600,0.7083333333333334
2478900,0.7083333333333334
2479200,0.7083333333333334
2479500,0.7916666666666666
2479800,0.7916666666666666
2480100,0.7916666666666666
2480400,0.8333333333333334
2480700,0.8333333333333334
2481000,0.875
2481300,0.7916666666666666
2481600,0.7916666666666666
2481900,0.8333333333333334
2482200,0.9166666666666666
2482500,0.875
2482800,0.9166666666666666
2483100,0.9166666666666666
2483400,0.9166666666666666
2483700,0.9166666666666666
2484000,0.9166666666666666
2484300,0.9166666666666666
2484600,0.9166666666666666
2484900,0.9166666666666666
2485200,0.9166666666666666
2485500,0.9583333333333334
2485800,0.9166666666666666
2486100,0.9166666666666666
2486400,0.9166666666666666
2486700,0.9166666666666666
2487000,0.9166666666666666
2487300,0.9166666666666666
2487600,0.9583333333333334
2487900,0.9583333333333334
2488200,0.9166666666666666
2488500,0.9583333333333334
2488800,0.9583333333333334
2489100,0.9166666666666666
2489400,0.9166666666666666
2489700,0.7916666666666666
2490000,0.75
2490300,0.75
2490600,0.75
2490900,0.75
2491200,0.7916666666666666
2491500,0.7916666666666666
2491800,0.7916666666666666
2492100,0.75
2492400,0.7916666666666666
2492700,0.7916666666666666
2493000,0.6666666666666666
2493300,0.5833333333333334
2493600,0.5416666666666666
2493900,0.5
2494200,0.5
2494500,0.5416666666666666
2494800,0.5416666666666666
2495100,0.5833333333333334
2495400,0.625
2495700,0.75
2496000,0.7916666666666666
2496300,0.75
2496600,0.7083333333333334
2496900,0.7916666666666666
2497200,0.7083333333333334
2497500,0.6666666666666666
2497800,0.625
2498100,0.5833333333333334
2498400,0.5833333333333334
2498700,0.5833333333333334
2499000,0.4583333333333333
2499300,0.4583333333333333
2499600,0.4166666666666667
2499900,0.5
2500200,0.5
2500500,0.75
2500800,0.6666666666666666
2501100,0.6666666666666666
2501400,0.75
2501700,0.75
2502000,0.75
2502300,0.75
2502600,0.75
2502900,0.7083333333333334
2503200,0.7083333333333334
2503500,0.6666666666666666
2503800,0.5833333333333334
2504100,0.4166666666666667
2504400,0.4166666666666667
2504700,0.375
2505000,0.4166666666666667
2505300,0.4583333333333333
